"p_val","avg_log2FC","pct.1","pct.2","p_val_adj","gene"
0,6.97350633235584,0.953,0.011,0,"MS4A1"
6.7360102318349e-264,7.05123021548457,0.903,0.079,1.50354484384787e-259,"LTB"
4.44880347463341e-231,6.16175945016522,0.955,0.259,9.93017423572923e-227,"HLA-DPB1"
8.95289362420072e-230,6.75359956269948,0.81,0.066,1.99837538585784e-225,"BANK1"
4.36762595797886e-226,6.26492537207085,0.998,0.478,9.7489779008046e-222,"HLA-DRA"
7.25753772854335e-224,5.52939408415626,0.955,0.284,1.61995499638816e-219,"CD52"
9.24215899845513e-216,5.82629887961925,0.903,0.203,2.06294231004517e-211,"HLA-DQA1"
3.28059862556671e-214,6.45144010172468,0.729,0.034,7.32262419212745e-210,"HLA-DMB"
5.8853956090014e-208,3.93305285056116,0.998,0.948,1.3136791538852e-203,"TMSB4X"
2.12854669414689e-206,3.01890065148572,0.998,0.97,4.75112907600528e-202,"CD74"
1.54973919020933e-205,5.07093058333946,0.959,0.423,3.45917284646625e-201,"CD37"
1.81544405260538e-202,5.59904958739864,0.905,0.258,4.05225266982046e-198,"HLA-DQB1"
7.41594736424264e-200,4.72872967985385,0.971,0.571,1.6553136111726e-195,"HLA-DPA1"
1.66840674145053e-199,-4.70072461026678,0.144,0.983,3.72405068759173e-195,"MZB1"
1.67038563943925e-197,-4.73300259813194,0.165,0.978,3.72846778579234e-193,"XBP1"
2.41872698060784e-193,-3.39551402759462,0.664,0.979,5.39884049341475e-189,"SSR4"
5.54619433833547e-192,2.41836617151615,0.993,0.978,1.23796603825986e-187,"EEF1A1"
3.72995911709366e-191,2.81680363957904,0.989,0.942,8.32564174526475e-187,"RPL13A"
5.44263151752552e-191,2.6609902976032,0.986,0.963,1.21484978102687e-186,"RPL11"
1.02665713483429e-189,5.31958503991705,0.932,0.402,2.29160139066361e-185,"HLA-DRB1"
1.75009058811545e-188,2.43092818562387,0.998,0.97,3.9063772017325e-184,"RPS18"
3.54574526767258e-188,3.04008704454976,0.986,0.957,7.91445801197196e-184,"RPS27"
1.16012064425771e-187,2.32068486326833,0.995,0.948,2.58950529004764e-183,"PTMA"
7.89626801882335e-187,2.78146084988572,0.991,0.94,1.76252598448156e-182,"RPL32"
1.15330524402193e-186,2.84514913891151,0.991,0.94,2.57429263518136e-182,"TMSB10"
2.39181174981686e-185,2.62684852563108,0.977,0.94,5.33876300676622e-181,"RPLP2"
5.23398683610683e-185,5.65918953221742,0.666,0.037,1.16827820168741e-180,"RIPOR2"
6.20081198466103e-185,2.42497199839243,0.986,0.979,1.38408324309619e-180,"RPL28"
2.2888273626626e-184,6.8623651664256,0.609,0.013,5.10889155619918e-180,"MARCH1"
4.38508633905125e-184,3.46528481610161,0.977,0.836,9.7879512173963e-180,"ACTB"
1.52458545109548e-183,2.60662701755153,0.986,0.956,3.40302718539022e-179,"RPS27A"
4.10303402426086e-183,2.81625141745817,0.977,0.938,9.15838224555267e-179,"RPS23"
7.07920212491209e-183,2.65207633541583,0.982,0.936,1.58014870630163e-178,"RPL19"
1.78611815077467e-182,2.31437509074574,0.982,0.94,3.98679432434415e-178,"RPL36"
1.9718173142565e-182,4.91371548377938,0.874,0.276,4.40129342715194e-178,"LAPTM5"
3.07469979876876e-182,2.67647857638599,0.982,0.943,6.86303742083175e-178,"RPL39"
6.22055269128592e-182,2.49029219775319,0.982,0.969,1.38848956622193e-177,"RPS2"
1.15336055147736e-181,2.99327954827035,0.98,0.947,2.57441608695261e-177,"RPL30"
1.68348761419401e-181,2.79649496776871,0.984,0.929,3.75771270364245e-177,"RPS12"
4.40278104740464e-181,2.26783585704719,0.984,0.938,9.82744757591189e-177,"RPS24"
3.51340935155139e-180,2.44043309977447,0.984,0.953,7.84228101359785e-176,"RPL34"
7.65590433159795e-180,2.68562806229765,0.975,0.923,1.70887440585598e-175,"RPL23A"
1.10065618428213e-179,2.56287355356147,0.973,0.911,2.45677466893615e-175,"RPS25"
2.40368376230596e-179,2.25188275535049,0.982,0.944,5.36526252584314e-175,"RPS15"
3.88024906370689e-179,2.74350795287889,0.973,0.899,8.66110393510015e-175,"RPL12"
4.38236503747264e-179,2.29373460415247,0.991,0.979,9.78187700014267e-175,"RPL13"
3.28864261344449e-178,2.16900409191218,0.993,0.983,7.34057917746944e-174,"RPL41"
8.86156805109094e-178,2.6039804295271,0.982,0.925,1.97799060468401e-173,"RPS3"
1.47329085558484e-176,2.59196655878541,0.975,0.922,3.28853251875093e-172,"RPL26"
2.11733811119664e-175,2.68218996545969,0.973,0.913,4.72611039800203e-171,"RPL21"
2.37585060918324e-175,2.30939680667843,0.982,0.949,5.30313614475791e-171,"RPL37"
3.21411569954793e-175,2.52680229970874,0.971,0.899,7.17422765296094e-171,"RPL38"
5.84530105791175e-175,2.19092554155799,0.982,0.949,1.30472964913648e-170,"RPS8"
1.32076878062835e-174,2.28488234846661,0.984,0.942,2.94808799524055e-170,"RPS14"
1.49630490936903e-174,2.71985543728352,0.968,0.921,3.33990218820262e-170,"RPL9"
1.65891938918625e-174,2.5234702803464,0.973,0.942,3.70287396860262e-170,"RPS6"
5.44413700371895e-174,2.52473216037999,0.973,0.888,1.21518582060011e-169,"RPS21"
5.98236439277231e-174,2.69465686851573,0.964,0.896,1.33532355611071e-169,"UBA52"
9.96963569109751e-174,2.30023980808464,0.98,0.956,2.22532238260988e-169,"RPL18A"
5.15672954830311e-173,-3.48104881678421,0.388,0.972,1.15103360247674e-168,"HSP90B1"
6.61790002723756e-173,2.65911139924542,0.966,0.89,1.47718146507969e-168,"RPS13"
3.56613762497486e-172,3.71419091519687,0.959,0.681,7.95997579270638e-168,"BTG1"
5.62390212218365e-172,2.29407876940419,0.977,0.938,1.25531119269261e-167,"RPS16"
1.23909661741623e-171,2.08426296093926,0.977,0.936,2.76578755973477e-167,"FAU"
3.50903896327611e-171,2.75698571361899,0.966,0.908,7.83252586992861e-167,"RPS3A"
4.95602354160002e-170,2.44133812845838,0.977,0.948,1.10623401472054e-165,"RPS29"
5.07450149941574e-170,2.20597777998615,0.973,0.936,1.13267947968459e-165,"RPL29"
8.79460094569601e-170,2.91520615144454,0.955,0.845,1.96304287708881e-165,"RPS20"
1.06765978014955e-169,2.35304603912094,0.968,0.918,2.38312339527182e-165,"RPS7"
1.25655883031055e-169,2.47213539392272,0.968,0.942,2.80476496513619e-165,"RPL27A"
1.81299877778483e-169,2.05770224574909,0.982,0.971,4.04679457189352e-165,"RPS19"
3.76510765362394e-169,2.67657600151976,0.959,0.882,8.404096793654e-165,"RPL10A"
4.27194630494604e-169,2.29859396347964,0.973,0.932,9.53541134727005e-165,"RPS15A"
4.66985597253973e-169,2.89560889808956,0.955,0.883,1.04235855163059e-164,"RPSA"
5.93945697288036e-169,2.38609909122724,0.971,0.924,1.32574619091662e-164,"RPL14"
3.1702283745548e-168,2.11425842845161,0.986,0.95,7.07626675484376e-164,"RPS28"
1.26997088899959e-167,2.27976269493003,0.971,0.938,2.834702021336e-163,"RPL15"
6.18542529556015e-167,-4.31305445247063,0.104,0.909,1.38064878022198e-162,"FKBP11"
8.79755369419402e-167,2.19376337094878,0.971,0.925,1.96370196008105e-162,"RPL35A"
7.37563645558868e-166,1.97732132310403,0.975,0.938,1.64631581325195e-161,"RPL35"
1.08908102973776e-165,2.53250081531841,0.957,0.868,2.43093776647766e-161,"RPL27"
1.04849546883891e-164,6.4517636651524,0.612,0.038,2.34034673599534e-160,"REL"
7.55610359139263e-164,2.11728664236416,0.973,0.949,1.68659788263475e-159,"RPL18"
1.29557835892338e-163,1.96224978602425,0.973,0.947,2.89186045495287e-159,"RPL37A"
2.98382415396977e-162,2.33369004887263,0.955,0.884,6.66019389407593e-158,"RPL22"
4.0503681884318e-162,6.27790975821603,0.555,0.015,9.04082683339863e-158,"HVCN1"
4.51686482695983e-161,2.26702376221644,0.966,0.944,1.0082093980257e-156,"RPS11"
2.05094458865536e-160,2.08039063044388,0.968,0.945,4.57791341633764e-156,"RPS9"
2.55161334343439e-160,2.40200966103723,0.962,0.871,5.69545614387991e-156,"RPL7"
4.74471770275316e-160,2.04290284672969,0.964,0.9,1.05906843843153e-155,"NACA"
4.76090650777023e-160,1.95233918788671,0.982,0.969,1.06268194159939e-155,"RPL8"
8.90509241725798e-160,2.71474929362054,0.946,0.867,1.98770567845615e-155,"RPS10"
1.94752215272806e-158,5.81679602806221,0.718,0.122,4.34706419710431e-154,"CD69"
3.03230957239757e-158,-4.36097570078039,0.045,0.89,6.76841819654861e-154,"RRBP1"
8.22223945202501e-158,1.88136897304243,0.989,0.944,1.8352860680865e-153,"RPL7A"
1.05008394207949e-156,6.32846644086216,0.634,0.064,2.34389236711563e-152,"SELL"
1.27358870571512e-156,2.20225984161543,0.966,0.883,2.84277735002672e-152,"H3F3A"
6.15173042692122e-156,1.96826765665411,0.98,0.962,1.37312774859308e-151,"RPL3"
3.88002603071864e-155,2.18749448659509,0.959,0.902,8.66060610316709e-151,"RPL5"
1.18971755604282e-154,-6.70378852469389,0.465,0.958,2.65556855684317e-150,"IGHG4"
3.90560729423813e-154,1.8858834209392,0.968,0.917,8.71770604146893e-150,"RPL24"
1.31813188164383e-153,1.84321255934886,0.98,0.964,2.94220217301719e-149,"RPS4X"
2.14428114778452e-153,3.71310340073381,0.916,0.461,4.78624994996982e-149,"KLF2"
1.63635247935516e-152,1.97251770547297,0.977,0.975,3.65250236916865e-148,"RPL10"
3.63966179737321e-152,4.14904368556886,0.851,0.372,8.12408909791675e-148,"CD48"
4.10024546946874e-152,-4.20668823850093,0.088,0.89,9.15215791240118e-148,"DERL3"
1.55824871481546e-151,6.69032203172933,0.51,0.01,3.4781669563396e-147,"LINC00926"
3.7982564269139e-151,6.37594491139238,0.494,0.004,8.47808817051452e-147,"SPIB"
6.197407581082e-151,4.74245072769463,0.544,0.021,1.38332334617331e-146,"IRF8"
1.04247074947583e-149,9.31347408126044,0.485,0.003,2.326898959905e-145,"GAPT"
7.39073318391904e-149,4.44285218976225,0.878,0.444,1.64968555398257e-144,"CXCR4"
5.11837939936525e-148,2.17569032322034,0.946,0.91,1.14247346573232e-143,"RACK1"
1.09718592993095e-146,2.0857412186165,0.957,0.946,2.44902871419886e-142,"FTH1"
2.9069290883151e-146,-3.60456236951258,0.135,0.9,6.48855641802812e-142,"ITM2C"
1.22424047500348e-144,1.60462149482963,0.989,0.989,2.73262716425528e-140,"RPLP1"
1.84675134390752e-144,-3.77651736435687,0.129,0.865,4.12213367473598e-140,"PRDX4"
6.85433861013024e-144,1.77660789176115,0.964,0.926,1.52995692116717e-139,"RPL6"
7.74004290850278e-144,-5.04305409842027,0.278,0.918,1.7276549776069e-139,"JCHAIN"
2.85463279588892e-143,1.49074197739354,0.995,0.978,6.37182586370366e-139,"TPT1"
1.05970786274411e-141,4.09068441084304,0.808,0.301,2.36537392043113e-137,"CORO1A"
2.381331291404e-141,-6.51409607069621,0.58,0.956,5.31536957554288e-137,"IGHG1"
5.16515022366411e-141,-2.8316505389755,0.246,0.931,1.15291318142407e-136,"FKBP2"
1.46056361481367e-140,6.98551809395738,0.485,0.011,3.2601240446256e-136,"CD22"
1.50682658246148e-140,7.35049944486962,0.485,0.012,3.36338761471227e-136,"LY86"
1.85700155299258e-140,2.21637678865132,0.935,0.899,4.14501316643475e-136,"RPS5"
2.03921735276147e-138,2.20924703105796,0.926,0.851,4.55173705309887e-134,"PFDN5"
3.31936287498674e-138,-3.13345494299787,0.05,0.85,7.4091498732579e-134,"SLAMF7"
3.05373950111203e-137,3.70153454011341,0.842,0.44,6.81625194043216e-133,"ARHGDIB"
2.52965185832322e-136,-3.07718315265486,0.151,0.896,5.64643591296326e-132,"SELENOS"
4.22009933300756e-136,2.39185194146346,0.923,0.861,9.41968372120617e-132,"RPL23"
5.12685843422594e-136,2.69910629448926,0.907,0.777,1.14436607110357e-131,"RPL31"
2.89594688029858e-133,2.68517307010221,0.903,0.732,6.46404303151446e-129,"ARPC3"
1.02280194457181e-130,3.46038849396759,0.865,0.584,2.28299622047873e-126,"MYL12A"
1.61997239661057e-130,-2.68124998688929,0.316,0.904,3.61594038647446e-126,"SEC11C"
2.06114172052521e-127,1.90049436317966,0.937,0.872,4.60067443438433e-123,"RPL4"
2.81063286607655e-127,2.10804697018371,0.928,0.875,6.27361362036946e-123,"EEF1B2"
9.76731831061449e-127,1.79756049838316,0.946,0.926,2.18016312011226e-122,"HLA-E"
3.96911369140022e-124,5.79270430301749,0.54,0.059,8.85945867057444e-120,"SWAP70"
6.05364126040611e-124,9.64641331617161,0.409,0.002,1.35123326573525e-119,"SCIMP"
4.82343004199325e-122,3.03401775471506,0.887,0.715,1.07663781967331e-117,"ACTG1"
6.43523821825087e-122,-3.53670842494555,0.047,0.78,1.43640952269578e-117,"NUCB2"
3.27231010384536e-120,-3.01799013415795,0.074,0.821,7.30412338279322e-116,"CD38"
3.4146885978481e-120,-2.8162393699915,0.111,0.864,7.62192641925675e-116,"SEL1L"
7.72547059873687e-119,6.03361831656922,0.467,0.029,1.72440229234406e-114,"FCMR"
5.87351074305158e-117,1.07729434518498,1,0.998,1.31102633295654e-112,"B2M"
8.45966898368699e-117,3.57544305423369,0.824,0.526,1.88828271384877e-112,"CD79B"
2.55261997643348e-116,6.7765628927558,0.467,0.033,5.69770304939717e-112,"CD83"
7.65541999054293e-116,3.51808316139085,0.77,0.334,1.70876629608909e-111,"LIMD2"
1.85452292279879e-113,2.45572279829487,0.874,0.714,4.13948061597918e-109,"NOP53"
2.14234420121087e-113,2.37154437267941,0.876,0.76,4.78192649152278e-109,"BTF3"
4.32040170568766e-113,2.68020894564707,0.862,0.712,9.64356864726543e-109,"CFL1"
4.59662870367148e-113,3.4593403482066,0.797,0.434,1.02601349294651e-108,"PTPRC"
1.01559158942079e-112,-3.37603666561063,0.068,0.785,2.26690198674614e-108,"PDK1"
3.22510065933904e-110,3.67110775744932,0.779,0.432,7.19874718171068e-106,"HLA-DMA"
6.71307921437827e-110,2.37330108705295,0.878,0.738,1.49842641144137e-105,"HNRNPA1"
2.13164659265969e-109,1.57764495558071,0.955,0.879,4.75804835947569e-105,"CD79A"
6.07140120937494e-109,2.13160187942085,0.898,0.803,1.35519746394458e-104,"PABPC1"
6.8019536086905e-109,-2.66633630668187,0.138,0.836,1.51826406499581e-104,"SDF2L1"
7.33586149854615e-108,2.36422221078989,0.865,0.779,1.63743764509049e-103,"RPL36A"
1.38090923949764e-107,-5.09818924931583,0.018,0.679,3.08232751348269e-103,"JSRP1"
1.93061163293373e-107,3.90109269832065,0.691,0.239,4.30931822587138e-103,"TNFRSF13C"
4.96336188536717e-107,-2.16980247200633,0.298,0.898,1.10787200643281e-102,"SSR3"
7.77637523595187e-107,1.50514790923037,0.926,0.902,1.73576471641682e-102,"OAZ1"
2.99503250484976e-106,-2.62682347963716,0.228,0.891,6.68521205407514e-102,"HSPA5"
6.65271337585349e-105,1.87166777485133,0.948,0.905,1.48495215262426e-100,"JUND"
6.73249890442713e-105,2.45421271846232,0.851,0.751,1.50276108045718e-100,"TOMM7"
1.42021512337031e-104,4.57993183846046,0.616,0.16,3.17006217687486e-100,"COTL1"
1.94234060168809e-104,-4.27857191690515,0.018,0.674,4.33549845702799e-100,"FNDC3B"
4.44085342247796e-103,3.00264948600226,0.822,0.63,9.91242892431305e-99,"SH3BGRL3"
6.08106513146919e-102,4.51863136471495,0.526,0.087,1.35735454799524e-97,"DEK"
1.37286921185774e-101,-2.66840385737463,0.135,0.811,3.06438136778766e-97,"MANF"
5.36995264659779e-101,-5.97752885137776,0.005,0.635,1.19862713024709e-96,"SDC1"
8.49961222123988e-101,5.35438214330161,0.4,0.021,1.89719844390295e-96,"BLK"
2.41195589913474e-100,5.12256777678383,0.526,0.092,5.38372676245865e-96,"PLAC8"
4.41496771389871e-100,1.39340179513228,0.971,0.971,9.8546494341933e-96,"HLA-A"
5.95607743519691e-100,6.04835764146162,0.391,0.02,1.3294560443103e-95,"LYSMD2"
2.29038258904801e-99,4.61089164943636,0.587,0.144,5.11236297701407e-95,"VPREB3"
1.61821629348141e-98,1.65428002098196,0.926,0.909,3.61202058867987e-94,"DDX5"
3.84255288321835e-98,2.93110941828489,0.81,0.606,8.57696229063168e-94,"PFN1"
4.37667790152785e-97,1.71475984758156,0.907,0.861,9.76918274400031e-93,"HNRNPA2B1"
4.57812059808707e-97,-3.07013931461259,0.05,0.7,1.02188229869901e-92,"MAN1A1"
1.01689136360697e-96,2.17320468516226,0.856,0.768,2.26980321270711e-92,"NPM1"
2.54433244967856e-96,4.55802609093551,0.506,0.084,5.67920446092752e-92,"TRIM22"
2.94316382889501e-96,6.49711559875518,0.361,0.014,6.56943598247654e-92,"BCL11A"
4.0213703009608e-96,-2.06027464487935,0.199,0.873,8.97610064877459e-92,"LMAN1"
4.25302140563911e-96,5.60676833721664,0.479,0.071,9.49316907952706e-92,"PKIG"
8.32614810255279e-96,5.73307442101514,0.402,0.029,1.85847951797081e-91,"BCAS4"
8.43869716944059e-96,1.03186637810112,0.991,0.984,1.88360159519083e-91,"HLA-B"
1.04626765158649e-95,-6.13133697712456,0.605,0.949,2.33537402510621e-91,"IGHG3"
1.79608010921104e-95,-3.42612548838337,0.038,0.673,4.00903041176997e-91,"PRDM1"
3.94893299940175e-95,4.7475593325585,0.488,0.075,8.81441334796465e-91,"CD82"
3.7789416212085e-94,-2.23500663153016,0.176,0.834,8.43497559269949e-90,"ERLEC1"
5.70335448792326e-94,-1.98078199010572,0.104,0.775,1.27304575524935e-89,"PDIA4"
6.73474978553473e-94,1.28700951190202,0.953,0.931,1.50326349962921e-89,"RPLP0"
1.31307427635348e-93,1.91112179933112,0.86,0.805,2.9309130922486e-89,"COX4I1"
3.482464279843e-93,1.75374332958976,0.885,0.862,7.77320851903755e-89,"RPS17"
2.98321861520043e-92,7.43412618535529,0.332,0.008,6.65884227098887e-88,"HHEX"
5.28779089631544e-92,1.52428537646836,0.912,0.915,1.18028780596657e-87,"EEF1D"
2.3255535479677e-91,3.30821582449852,0.756,0.486,5.1908680744187e-87,"CD53"
3.20471575289001e-90,4.3909072694075,0.521,0.107,7.15324603202579e-86,"CD24"
3.43834767847785e-90,3.22101004139565,0.763,0.533,7.67473585313042e-86,"COMMD6"
6.45445920341508e-90,3.71437611879719,0.675,0.294,1.44069983879428e-85,"STK17A"
2.67630104613929e-89,4.58863510171564,0.594,0.183,5.9737715650875e-85,"SMIM14"
4.06195114703685e-89,0.867748807521524,0.998,0.99,9.06668115530096e-85,"MALAT1"
5.23493843545066e-89,2.4619886912806,0.815,0.716,1.16849060817694e-84,"ARPC2"
9.79572385984298e-89,4.39119939455159,0.54,0.125,2.18650352275555e-84,"SLC2A3"
5.34919750230335e-88,2.1778394594439,0.837,0.759,1.19399437448913e-83,"PPIA"
8.00149270543848e-88,5.29545787485347,0.418,0.048,1.78601318678092e-83,"TLR10"
1.36993221305139e-87,4.33452133757522,0.361,0.022,3.05782569275201e-83,"RASGRP2"
2.10597169229403e-87,4.03563618766705,0.609,0.207,4.7007394143695e-83,"PTPN6"
1.02801923785012e-86,1.35425864328703,0.914,0.892,2.29464174080524e-82,"ATP5E"
1.67276053519505e-86,2.25562018139354,0.849,0.6,3.73376879060887e-82,"KLF6"
2.22981261109761e-86,3.60339956566789,0.702,0.328,4.97716472923096e-82,"ZFP36L1"
9.68994109432499e-86,5.53597158206659,0.341,0.017,2.16289175166428e-81,"CIITA"
1.05445192886026e-85,-2.46531663152447,0.099,0.724,2.35364215040898e-81,"TNFRSF17"
1.23904143126086e-85,4.7599283701033,0.503,0.109,2.76566437871735e-81,"SYPL1"
4.74198278285635e-85,1.17099408365451,0.946,0.954,1.05845797696136e-80,"EIF1"
5.90329793971748e-85,-2.12955477024177,0.138,0.79,1.31767513312434e-80,"HM13"
1.03892515985277e-84,1.71921058190412,0.851,0.819,2.31898484930737e-80,"COX7C"
1.55795687060739e-84,4.84740941986952,0.359,0.025,3.47751553088275e-80,"DCK"
2.61256343654563e-84,2.9155623411003,0.761,0.567,5.8315028467135e-80,"MYL12B"
3.06909271744882e-84,-2.18942991568598,0.194,0.814,6.85052185461751e-80,"MYDGF"
4.6504365870394e-84,-2.86636433841246,0.05,0.65,1.03802395059307e-79,"SIL1"
4.40532374600488e-83,4.76364858650398,0.422,0.058,9.8331231334575e-79,"LBH"
4.68395138020303e-83,-2.44290673483262,0.095,0.714,1.04550478757512e-78,"TXNDC11"
5.95468798335384e-83,2.6886399695483,0.772,0.569,1.32914590476441e-78,"YWHAZ"
6.40828881940053e-83,-2.11731092667283,0.117,0.754,1.43039414737839e-78,"HDLBP"
2.80490509975172e-82,5.04022775838127,0.445,0.074,6.26082867315582e-78,"LYL1"
5.45592664705148e-82,-2.52982109361851,0.052,0.641,1.21781738688836e-77,"ELL2"
9.10388118017426e-82,5.24732335196183,0.384,0.041,2.0320773182267e-77,"BCL2A1"
3.79375771937758e-81,-2.3502779288667,0.05,0.637,8.4680466054227e-77,"CREB3L2"
5.21787642973318e-81,2.32465461892572,0.799,0.651,1.16468219788074e-76,"CCNI"
6.55173281108867e-81,-1.63255236301028,0.318,0.897,1.4624122807631e-76,"SPCS3"
1.0311344027518e-80,-1.90985174234191,0.106,0.733,2.30159510038228e-76,"DNAJC1"
1.98223099986854e-80,5.86338119285719,0.325,0.017,4.42453781480657e-76,"PAX5"
3.96589456290923e-80,1.98955075721347,0.847,0.792,8.8522732538697e-76,"HSP90AB1"
9.02724460615658e-80,-4.41636515290335,0.023,0.571,2.01497126854021e-75,"ERN1"
1.26146459375637e-79,2.61643059060514,0.752,0.496,2.81571511972358e-75,"SF1"
1.38659205677766e-79,-5.03752384449978,0.009,0.548,3.09501212993341e-75,"SPAG4"
2.06728941293492e-79,6.68656958921212,0.309,0.014,4.61439669861202e-75,"ARHGAP24"
3.57832602002279e-79,6.08585070210781,0.316,0.016,7.98718150929287e-75,"CCR6"
6.95074806730181e-79,-3.15821468012163,0.043,0.608,1.55147647610244e-74,"TRIB1"
3.52997403484102e-78,-2.41849912819285,0.147,0.753,7.87925504316863e-74,"PIM2"
3.55385944356167e-78,-5.39718337492702,0.007,0.538,7.932569663974e-74,"TXNDC5"
5.21297535981027e-78,3.02204469760545,0.709,0.434,1.16358823006325e-73,"ARL6IP5"
3.57676016275475e-77,3.15624586794924,0.7,0.425,7.98368635928487e-73,"TPM3"
1.43968782747428e-76,-1.66117932940023,0.363,0.886,3.21352719970534e-72,"SELENOK"
2.19206779732031e-76,7.55860652757349,0.278,0.006,4.89291453039867e-72,"CCR7"
4.40342281364632e-76,2.67445024103708,0.752,0.565,9.82888006233994e-72,"RAC2"
4.49340657307634e-76,7.4775649493931,0.269,0.004,1.00297328117637e-71,"GPR18"
5.57278960955268e-76,2.39932740446053,0.792,0.552,1.24390236874825e-71,"TSC22D3"
8.55436773670479e-76,-1.95848574777311,0.117,0.73,1.90942042250988e-71,"DNAJB9"
1.00264501434612e-75,3.91550578982179,0.589,0.226,2.23800393652197e-71,"LCP1"
1.06058772752841e-75,3.74559616585715,0.549,0.173,2.36733786661616e-71,"EVL"
3.45197244363991e-75,-2.26079874373002,0.122,0.72,7.70514769144865e-71,"CRELD2"
4.62357917841152e-75,-2.12191261682803,0.158,0.766,1.03202910841323e-70,"CPEB4"
8.36031423220613e-74,1.57685721327737,0.842,0.828,1.86610573977073e-69,"SRP14"
2.66181662945259e-73,1.68235693736884,0.858,0.813,5.94144089860112e-69,"PNISR"
5.33327889403961e-73,-1.77538359891518,0.106,0.704,1.19044118193858e-68,"TXNDC15"
6.7506934917206e-73,7.33872655642687,0.253,0.002,1.50682229428696e-68,"LINC01857"
4.01856278618491e-72,3.28219242770063,0.637,0.31,8.96983399504333e-68,"TNFAIP8"
3.98843582948704e-71,4.06750471702747,0.485,0.126,8.90258761499803e-67,"PRKCB"
1.18286204783479e-70,-1.83992198901734,0.104,0.685,2.64026637697204e-66,"SEC61A1"
2.45540584146629e-70,2.7430756780565,0.716,0.497,5.48071137873691e-66,"SEPT7"
3.10135946506601e-70,-1.3566371670475,0.221,0.853,6.92254446197385e-66,"FAM46C"
3.14150350758994e-70,4.01199358610719,0.413,0.075,7.01214997929151e-66,"FCRLA"
3.32889874382074e-70,4.57313955870586,0.415,0.078,7.43043488608228e-66,"LINC02397"
5.84303367488359e-70,3.02631252896537,0.655,0.351,1.30422354657077e-65,"SP110"
8.68560413206869e-70,-2.52850550309967,0.043,0.57,1.93871369831905e-65,"ARSA"
1.08948495126099e-69,3.67517315064444,0.607,0.286,2.43183935970965e-65,"MTPN"
1.99449411824938e-69,1.65613761251646,0.878,0.808,4.45191032134445e-65,"TXNIP"
3.86855538817407e-69,1.85532807579159,0.797,0.748,8.63500248194333e-65,"YBX1"
5.93813879613716e-69,-3.16746415960206,0.014,0.507,1.32545196068578e-64,"CHPF"
7.5631483560062e-69,-3.40281135857169,0.023,0.523,1.68817034454414e-64,"MANEA"
2.64744147135255e-68,-1.51211242807439,0.167,0.775,5.90935410820603e-64,"KDELR1"
1.27032805478541e-67,2.16662725257603,0.774,0.708,2.83549925108651e-63,"CLIC1"
2.18220776179387e-67,3.06760462419554,0.704,0.505,4.87090594510009e-63,"BASP1"
2.60091796940451e-67,1.30752336121858,0.896,0.911,5.8055089995078e-63,"HMGB1"
7.32457106472424e-67,4.9675858310042,0.354,0.048,1.6349175073571e-62,"ID3"
1.12557583351523e-66,6.93402325682829,0.264,0.012,2.51239781798935e-62,"SNX22"
1.33257997324065e-66,1.21698146294196,0.944,0.912,2.97445175827046e-62,"H3F3B"
1.87062847062039e-66,-1.7655218664985,0.104,0.662,4.17542980927177e-62,"ADA2"
5.3556620111639e-66,-1.64406532008023,0.129,0.707,1.19543731751189e-61,"SEC14L1"
5.52419494197565e-66,-1.51755194062521,0.124,0.702,1.23305555299838e-61,"RPN1"
5.87883287058122e-66,-1.68342401660727,0.104,0.666,1.31221428504243e-61,"DNAJC3"
9.08728919612952e-66,5.25313736696633,0.255,0.01,2.02837382146807e-61,"CD72"
1.0184230275155e-65,1.96580499412415,0.779,0.65,2.27322203971735e-61,"SRSF7"
1.16556478919899e-65,1.82475321954125,0.799,0.762,2.60165716597106e-61,"HINT1"
1.731291800798e-65,3.34407153021731,0.637,0.359,3.86441642856122e-61,"ARPC1B"
2.06490114565989e-65,-2.71632760222049,0.029,0.523,4.60906584722743e-61,"HSPA13"
2.30357861300755e-65,2.99608218803036,0.67,0.425,5.14181782209415e-61,"ACTR3"
1.46678451617547e-64,5.99718873860032,0.282,0.021,3.27400971855527e-60,"SESN3"
4.91063290299135e-64,2.37207346972683,0.745,0.673,1.0961023702767e-59,"EIF3E"
5.19630655627561e-64,-0.902135808972136,0.178,0.793,1.15986758642628e-59,"FCRL5"
7.27910945926472e-64,-2.88034122485211,0.027,0.508,1.62477002240248e-59,"CCR2"
1.06030721021683e-63,4.13968324584663,0.472,0.139,2.36671172392499e-59,"LAT2"
1.34854168613661e-63,1.91848159140751,0.781,0.743,3.01007989762554e-59,"CALM1"
3.11048574035786e-63,2.0631328930396,0.756,0.702,6.94291522105278e-59,"SUMO2"
4.07558565962572e-63,4.63632202607162,0.372,0.066,9.09711475085056e-59,"CYB561A3"
4.54680457945633e-63,4.64657007790994,0.314,0.035,1.01489225018045e-58,"TRAF5"
5.34585730698631e-63,1.63632094937571,0.808,0.798,1.19324880949241e-58,"UQCRB"
7.24384956722705e-63,7.77308355829561,0.226,0.004,1.61689966190075e-58,"KYNU"
8.55546940194857e-63,1.74532077300699,0.801,0.791,1.90966632520894e-58,"SLC25A6"
1.1726390352328e-62,1.40549737671505,0.858,0.862,2.61744759054314e-58,"EEF2"
2.35309034348011e-62,2.31125189310835,0.725,0.526,5.25233295568196e-58,"FUS"
2.79433496288572e-62,-2.08945310693487,0.106,0.638,6.23723507065722e-58,"ANKRD28"
2.8110523369217e-62,2.33519841380045,0.242,0.009,6.27454992124292e-58,"IGHD"
4.10709537115498e-62,-1.55110309698347,0.153,0.703,9.16744757795502e-58,"H1FX"
5.30074299079539e-62,-1.53644404586777,0.205,0.783,1.18317884297544e-57,"KDELR2"
5.37646748438984e-62,3.23518398404687,0.6,0.302,1.20008130719066e-57,"IFITM2"
6.78315131451391e-62,-1.55153955163781,0.102,0.646,1.51406720491265e-57,"SRPRB"
7.27886869406346e-62,-1.51116227893725,0.201,0.79,1.6247162812019e-57,"P4HB"
1.10780199094817e-61,-1.43081874333787,0.49,0.909,2.47272482399541e-57,"PPIB"
1.48107599143746e-61,4.01018361280187,0.549,0.226,3.30590972048755e-57,"GPR183"
1.60448348260777e-61,-1.16054357326115,0.58,0.954,3.5813675815288e-57,"HERPUD1"
1.60783225002513e-61,4.77432429567442,0.339,0.049,3.58884236528109e-57,"FOXP1"
5.81157779448578e-61,3.297650573163,0.609,0.329,1.29720227950717e-56,"GPSM3"
6.18939593681837e-61,-1.40710324829299,0.126,0.686,1.38153506705723e-56,"CCPG1"
1.13473228823214e-60,2.19156275556006,0.731,0.635,2.53283594056297e-56,"ATP6V1G1"
1.19509166220466e-60,2.89362421340793,0.623,0.338,2.66756409920703e-56,"TAGLN2"
3.81971104833755e-60,-5.74752103538236,0.214,0.752,8.52597703099425e-56,"IGHG2"
4.47144687898955e-60,8.35313851888607,0.217,0.004,9.98071657859258e-56,"AFF3"
6.07007467236626e-60,4.31464827361958,0.361,0.064,1.35490136761887e-55,"TUBA1A"
1.55729128890776e-59,0.85234419393567,0.962,0.949,3.47602988597101e-55,"FTL"
1.76491548184053e-59,-3.46110741912946,0.014,0.457,3.93946784701625e-55,"CAV1"
7.03002266617292e-59,1.21337615943072,0.867,0.87,1.56917135931646e-54,"MYL6"
1.26329263611143e-58,-1.45184197291705,0.106,0.639,2.81979549306433e-54,"ALG5"
2.75335861946412e-58,-2.13563716272763,0.043,0.509,6.14577177450585e-54,"SLC44A1"
3.26714984796399e-58,2.47577879540578,0.711,0.599,7.29260517564043e-54,"CDC42"
3.76743513323062e-58,-4.68657393973401,0.007,0.435,8.40929196088407e-54,"KCNN3"
5.22053996362022e-58,5.12299285727213,0.264,0.021,1.16527672527967e-53,"MTSS1"
5.93124320465671e-58,-2.54723472983169,0.025,0.473,1.32391279571142e-53,"CKAP4"
8.39128797301292e-58,-1.50946979728547,0.117,0.648,1.87301938845621e-53,"SPATS2"
1.00939536782847e-57,-1.20768415747835,0.53,0.888,2.25307140052993e-53,"SEC61B"
1.10606357452227e-57,-1.45335735271691,0.106,0.627,2.46884450469116e-53,"FNDC3A"
1.11096863667645e-57,6.65912821710363,0.228,0.01,2.47979309392552e-53,"NCR3"
1.13777315425138e-57,-4.01643959863786,0.018,0.455,2.5396234576045e-53,"GAS6"
1.87077712300802e-57,3.5468030294783,0.521,0.21,4.17576161626621e-53,"TRIM38"
2.21540758641757e-57,-1.56947693161317,0.095,0.605,4.94501127364266e-53,"CD59"
7.56203877109448e-57,2.27600626700087,0.731,0.631,1.687922674096e-52,"PNRC1"
1.04782373759752e-56,2.23292298180415,0.736,0.678,2.33884736469142e-52,"PSMB9"
3.08397906603203e-56,4.45182937963488,0.253,0.019,6.88374967329009e-52,"TTN"
3.33784994031921e-56,5.97025262028874,0.255,0.021,7.4504148517865e-52,"CDKN2D"
3.75568090349916e-56,3.90225471179889,0.413,0.109,8.38305534470047e-52,"MBP"
4.22811204663475e-56,1.87930634833509,0.763,0.747,9.43756889929342e-52,"EIF4A2"
5.50391611787714e-56,2.38889961597138,0.716,0.631,1.22852911667136e-51,"CALM2"
1.09474865184241e-55,-1.09335289099385,0.58,0.918,2.44358846577744e-51,"SPCS2"
1.53373087906986e-55,2.9151443057388,0.609,0.356,3.42344069517183e-51,"UBXN1"
1.60486309079567e-55,-3.66781233306442,0.009,0.426,3.58221490496502e-51,"AC012236.1"
2.37763167045378e-55,-1.18074569929477,0.239,0.811,5.30711165161989e-51,"TRAM1"
2.85619687883858e-55,2.02611195411465,0.734,0.686,6.3753170532556e-51,"ATP6V0E1"
6.63593077594299e-55,-1.34473502935418,0.251,0.806,1.48120610849824e-50,"RPN2"
7.25964906353344e-55,-3.03634182826695,0.027,0.458,1.6204262674713e-50,"PECAM1"
1.13787105894316e-54,5.72110654631401,0.194,0.002,2.53984199066703e-50,"TCL1A"
1.33026775794332e-54,3.44387350738932,0.515,0.211,2.96929066250529e-50,"STX7"
1.62166529353362e-54,1.90865124416266,0.752,0.692,3.61971910169639e-50,"STK4"
2.41353670972578e-54,-1.56640982681955,0.086,0.574,5.38725528977891e-50,"NANS"
3.06831386198689e-54,3.98349935828952,0.37,0.083,6.84878337134094e-50,"UVRAG"
3.11435384321017e-54,1.33848062747392,0.801,0.844,6.95154921342942e-50,"TMA7"
3.17574030595007e-54,2.63037408239624,0.664,0.477,7.08856993691116e-50,"NAP1L1"
3.39625251000206e-54,4.07374490444765,0.28,0.033,7.58077522757561e-50,"ZEB2"
8.04751286359951e-54,-1.33217816554949,0.093,0.585,1.79628534628405e-49,"DSTN"
1.05237830846462e-53,-1.25170375342412,0.124,0.643,2.34901362232388e-49,"MLEC"
2.07390941460282e-53,3.64129303142646,0.519,0.233,4.62917320433496e-49,"SNX2"
2.44925726325182e-53,-1.32538572433518,0.192,0.741,5.46698713730439e-49,"CLPTM1L"
2.83326699132728e-53,6.192372618524,0.223,0.013,6.32413525134163e-49,"FCRL1"
3.75605982099155e-53,-2.71460325480704,0.018,0.431,8.38390112643525e-49,"P2RX1"
4.17693251139859e-53,7.7887854517984,0.185,0.002,9.3233310586928e-49,"RUBCNL"
5.761168740798e-53,-2.56770199468114,0.036,0.466,1.28595047463352e-48,"UAP1"
1.26030162789437e-52,5.03451837332833,0.248,0.022,2.81311926362302e-48,"HLA-DOA"
1.89406071424611e-52,-1.34013798884076,0.108,0.605,4.22773292026874e-48,"ARFGAP3"
2.03143908819276e-52,3.73499204103107,0.447,0.149,4.53437518875505e-48,"TMEM154"
3.02051378122872e-52,8.3046124242409,0.185,0.002,6.74208881108062e-48,"CXCR5"
1.03604852604068e-51,9.31654187094749,0.174,0,2.3125639149754e-47,"CNR2"
1.33291714128885e-51,2.62250713688976,0.65,0.442,2.97520435107085e-47,"POU2F2"
2.11264464200879e-51,3.98560814673691,0.415,0.125,4.71563410542781e-47,"LYN"
2.24849759896806e-51,4.16308825918762,0.418,0.129,5.0188714906566e-47,"CYBB"
2.94705002577839e-51,2.41097191631949,0.679,0.511,6.57811036253995e-47,"RALGPS2"
4.61783688986721e-51,2.75432769261959,0.632,0.422,1.03074737218726e-46,"EZR"
5.92736995456999e-51,3.83097694347771,0.352,0.078,1.32304824755957e-46,"TRBC2"
7.18354245767743e-51,2.42634629001298,0.625,0.363,1.60343851197818e-46,"BIRC3"
1.56410273776214e-50,2.12378187512838,0.704,0.621,3.49123372095886e-46,"YWHAB"
1.78474512427616e-50,4.81204387411803,0.264,0.032,3.98372959189683e-46,"PARP15"
2.03332381356445e-50,-2.42575078634983,0.045,0.469,4.5385820842572e-46,"GMPPB"
2.19245518186599e-50,2.30127949610623,0.679,0.528,4.89377921144307e-46,"IFI16"
7.30196503543407e-50,3.63033230383535,0.492,0.214,1.62987161555924e-45,"CD40"
7.32351804995788e-50,-1.02519991814649,0.172,0.701,1.6346824639311e-45,"ZBP1"
8.13466076062122e-50,1.67361669160042,0.752,0.758,1.81573762837826e-45,"ATP5G2"
1.03085812868409e-49,-2.01889884693604,0.045,0.469,2.30097842903576e-45,"MEI1"
1.76985964311224e-49,4.11623109769019,0.359,0.088,3.95050370939083e-45,"CLECL1"
1.95246689002889e-49,-1.18144053599315,0.104,0.583,4.35810134523349e-45,"IFNAR2"
3.09118665988737e-49,-2.26163077005696,0.047,0.466,6.89983774353461e-45,"TRAM2"
4.77873214101022e-49,-1.1277996356593,0.363,0.862,1.06666080119489e-44,"RABAC1"
5.03035515506422e-49,2.1781576027548,0.7,0.637,1.12282557416189e-44,"TRIR"
7.24488672368726e-49,-1.13496439415613,0.079,0.534,1.61713116559423e-44,"CALU"
7.89196053801442e-49,-1.46994857889605,0.086,0.54,1.7615645116902e-44,"TPST2"
8.4096935306534e-49,2.21555506946927,0.684,0.586,1.87712769297715e-44,"RPL17"
1.13405067201119e-48,2.51121387498282,0.641,0.451,2.53131450499618e-44,"STK17B"
1.36275949095678e-48,4.03512586334183,0.454,0.172,3.04181545976463e-44,"HLA-DQA2"
1.43904489046105e-48,-1.25959661394754,0.104,0.579,3.2120920999981e-44,"PDXK"
1.49820404855811e-48,6.13687242085518,0.203,0.011,3.34414125678655e-44,"MPEG1"
4.48203778564939e-48,2.44576392352873,0.657,0.539,1.0004356541348e-43,"SNX3"
1.29962427397233e-47,2.85647820649631,0.587,0.361,2.90089134193363e-43,"ACAP1"
1.32038282083861e-47,3.08974804094405,0.533,0.272,2.94722649439387e-43,"LRRFIP1"
1.32500188146742e-47,-1.06797353641042,0.352,0.854,2.95753669962343e-43,"CD63"
2.16133815632868e-47,1.49126499193092,0.788,0.787,4.82432289874124e-43,"VIM"
5.1276972636016e-47,4.48170566354453,0.178,0.005,1.14455330620851e-42,"FAM129C"
5.52115539133984e-47,2.28924921577839,0.664,0.541,1.23237709490097e-42,"EIF3F"
7.98162988780147e-47,-1.59414229958488,0.117,0.569,1.78157960725617e-42,"IRF4"
8.67592717657986e-47,1.96568572785008,0.691,0.62,1.93655370508439e-42,"SKP1"
1.1104600751907e-46,5.11269025331331,0.255,0.034,2.47865793383317e-42,"EBF1"
1.40603351101863e-46,1.9479654595526,0.713,0.67,3.13840739994468e-42,"HNRNPK"
1.54301301648043e-46,-0.958089645765977,0.185,0.709,3.44415935408596e-42,"TMEM208"
1.55271851848872e-46,-1.28974547686323,0.081,0.515,3.46582300511868e-42,"CYTOR"
1.69993817008024e-46,2.17165246999465,0.657,0.493,3.7944319894361e-42,"SCAF11"
1.7209817878401e-46,-0.966288157717996,0.316,0.864,3.84140344863788e-42,"PSAP"
1.86022220746284e-46,4.78350690610433,0.239,0.027,4.1522019892778e-42,"SNX10"
3.1507561089866e-46,0.737630117200388,0.941,0.929,7.032802710869e-42,"SERF2"
3.34681656959919e-46,3.66074011595029,0.384,0.114,7.47042926500236e-42,"MAP4K4"
5.75670269402823e-46,-2.64236644663308,0.047,0.444,1.28495360833404e-41,"SEC24D"
6.35564871338307e-46,2.43324244148561,0.65,0.495,1.41864434931424e-41,"SP100"
6.42481768822982e-46,2.51838068315691,0.623,0.442,1.43408355618978e-41,"ACTR2"
8.76108367678967e-46,5.31651397645538,0.219,0.02,1.95556148749622e-41,"CRYBG1"
9.38223363495215e-46,-1.0236541753142,0.375,0.859,2.09420836965767e-41,"GSTP1"
1.43657265106727e-45,-4.28291269180682,0.023,0.39,3.20657381444726e-41,"HIST1H2BG"
1.85159218780004e-45,3.34112861793594,0.526,0.28,4.13293892238846e-41,"UCP2"
1.92884977103291e-45,-5.86435888608152,0.002,0.351,4.30538557392255e-41,"LINC02362"
3.88699569317595e-45,3.39244520121423,0.44,0.17,8.67616308673803e-41,"CSK"
4.45102618658066e-45,3.72532875624583,0.427,0.158,9.93513555106669e-41,"CAPG"
5.61352972301363e-45,2.93491014720714,0.591,0.405,1.25299596947387e-40,"CIB1"
1.37534365325098e-44,3.83683650834108,0.377,0.114,3.06990456842151e-40,"PLEKHF2"
3.24664633239971e-44,-0.919806853330566,0.257,0.796,7.2468392785494e-40,"TMED10"
4.64392713421859e-44,-1.85600933604046,0.052,0.446,1.03657097562893e-39,"LARP1B"
4.93837882559128e-44,3.12192305217782,0.474,0.21,1.10229553766023e-39,"SKAP2"
5.65115680591918e-44,3.28123914406093,0.433,0.164,1.26139471064922e-39,"INPP5D"
6.39035589666453e-44,-3.66034487045265,0.016,0.37,1.42639133969449e-39,"AQP3"
6.5943605957349e-44,2.18852082181874,0.67,0.587,1.47192722857399e-39,"EVI2B"
7.38993668704465e-44,1.74403219098097,0.725,0.673,1.64950776791524e-39,"SRSF5"
1.17699912038105e-43,3.82472543527865,0.314,0.071,2.62717973660255e-39,"ALOX5AP"
1.34442373159001e-43,-1.91636152280493,0.052,0.441,3.00088821128206e-39,"NXPE3"
1.46498757148847e-43,1.91689966036706,0.761,0.663,3.26999875831941e-39,"DUSP1"
1.92344916062589e-43,3.03710354855885,0.515,0.27,4.29333087143304e-39,"MSN"
2.33637802627387e-43,1.80941094739006,0.713,0.642,5.2150293924459e-39,"HNRNPU"
2.38406342049289e-43,3.09377772487004,0.528,0.291,5.32146796088218e-39,"CMTM6"
3.18242536496613e-43,-2.22711198088458,0.113,0.519,7.1034916571409e-39,"CITED2"
3.68625182097185e-43,2.46815143792716,0.621,0.481,8.22808268959126e-39,"SH3BGRL"
4.85834577184287e-43,-3.47802633108993,0.009,0.35,1.08443135973305e-38,"CADM1"
6.40625026877251e-43,-1.08497149375608,0.09,0.516,1.42993912249271e-38,"DNAJB11"
6.93213691562778e-43,3.78381526585715,0.4,0.138,1.54732228093728e-38,"RAB11FIP1"
8.09389153793173e-43,-0.745134431057325,0.135,0.607,1.80663753018174e-38,"SAR1B"
9.86309362467926e-43,1.90623824780318,0.74,0.625,2.20154112796466e-38,"JUNB"
1.77610507013821e-42,5.98758813619147,0.19,0.014,3.9644441270555e-38,"MNDA"
1.95135450208488e-42,3.60051460998531,0.381,0.125,4.35561838410367e-38,"PPP1R18"
2.79824108835464e-42,3.22280380541932,0.429,0.166,6.24595393331638e-38,"VASP"
2.96555453279923e-42,3.78691584094042,0.391,0.135,6.61941427266116e-38,"AIM2"
3.3536242345525e-42,-0.989611102030334,0.255,0.778,7.48562465394463e-38,"TMED9"
4.43297562708265e-42,-1.70297892837837,0.043,0.415,9.89484489721119e-38,"SEC24A"
5.10761906089076e-42,-3.25638870629256,0.016,0.358,1.14007165058143e-37,"CEP128"
6.75759522657844e-42,3.65458393537418,0.375,0.117,1.50836283052457e-37,"IFI44L"
7.57252340562896e-42,-0.907014938187087,0.126,0.581,1.69026294937044e-37,"CISD2"
8.2172214612876e-42,2.63671890758498,0.571,0.369,1.83416600237401e-37,"DAZAP2"
1.02856679105969e-41,2.41937853014326,0.632,0.515,2.29586393432433e-37,"GNAI2"
1.79613859973982e-41,-1.18742587347171,0.079,0.483,4.00916096847925e-37,"LAX1"
2.72558707239862e-41,-0.36969599962995,0.239,0.775,6.08378290430096e-37,"PLPP5"
2.9613705318741e-41,-1.03534953041341,0.535,0.863,6.61007516419618e-37,"SPCS1"
4.19113437853731e-41,2.723920698432,0.582,0.403,9.35503104633312e-37,"FAM107B"
1.13100685929207e-40,-0.720543285972529,0.09,0.505,2.52452041062583e-36,"LAMP2"
1.18688571660141e-40,3.35501348969012,0.348,0.099,2.64924760802602e-36,"PHACTR1"
1.90983955640406e-40,1.95779625356653,0.675,0.641,4.26295287384949e-36,"CD81"
2.44952290160224e-40,-1.35007808707833,0.054,0.431,5.46758006866637e-36,"TAPBPL"
2.76002622921852e-40,-0.886304126697938,0.149,0.608,6.16065454623865e-36,"MRPS31"
2.97040458832744e-40,-1.24901363124927,0.063,0.443,6.63024008160568e-36,"CSNK1E"
3.49546087678637e-40,-2.22829943526471,0.027,0.371,7.80221822307485e-36,"QPRT"
4.66169734824611e-40,-1.37180440571239,0.079,0.476,1.04053746510201e-35,"SURF4"
4.74883393681599e-40,2.99502652934705,0.533,0.322,1.0599872230367e-35,"PLEKHO1"
4.94525922166611e-40,2.01061391763887,0.661,0.581,1.10383131086809e-35,"RNASET2"
5.83044260099566e-40,3.55916660971914,0.284,0.061,1.30141309296824e-35,"WDFY4"
6.29713930316096e-40,-1.14770671901304,0.074,0.465,1.40558446385856e-35,"PLD3"
6.81442512881531e-40,-1.31694185749875,0.059,0.433,1.52104783300286e-35,"SCARB2"
7.16655079158471e-40,3.26120195261672,0.451,0.201,1.59964580218962e-35,"CLEC2D"
9.28744461695885e-40,2.44095411930001,0.506,0.255,2.07305051295139e-35,"IER5"
9.4329989075869e-40,1.48841185333096,0.731,0.749,2.10553968616247e-35,"ERP29"
1.09457783991404e-39,-0.774575175830618,0.212,0.722,2.44320719647212e-35,"TMED2"
1.12884993867026e-39,-0.833284763875308,0.135,0.575,2.51970594810588e-35,"GLCCI1"
1.14228187064931e-39,-1.11021008789022,0.077,0.473,2.54968736347632e-35,"SLC35B1"
1.48758215682756e-39,6.64852979877769,0.163,0.008,3.32043213225481e-35,"LMO2"
1.54883745639001e-39,-1.00823024296552,0.095,0.503,3.45716008640815e-35,"SLC38A10"
1.60836602688225e-39,2.18234798056543,0.659,0.577,3.59003380860386e-35,"HMGN2"
2.11246604749271e-39,2.76943959027791,0.567,0.386,4.71523546460849e-35,"SYNGR2"
2.37714469017215e-39,-0.737066277792477,0.167,0.636,5.30602466293326e-35,"ERGIC3"
3.00789553496475e-39,1.87904561941364,0.677,0.614,6.71392362359481e-35,"HLA-F"
3.65403175431238e-39,3.48836949087865,0.368,0.122,8.15616427880067e-35,"ETS1"
4.56622656513173e-39,-0.980891600480402,0.108,0.528,1.01922743160305e-34,"ST6GALNAC4"
4.61032862939448e-39,3.81345270689284,0.393,0.15,1.02907145336714e-34,"RGS19"
5.22275637669857e-39,-1.34900613028177,0.065,0.442,1.16577145084289e-34,"FBXO18"
6.72756926098021e-39,1.09015885042691,0.786,0.803,1.50166073474339e-34,"CHCHD2"
8.43508369451499e-39,4.28838132456177,0.316,0.085,1.88279503145269e-34,"NFKBID"
1.20344522199229e-38,-0.721136174004418,0.314,0.815,2.68621008000899e-34,"UBE2J1"
1.26395372816628e-38,1.87129091914217,0.693,0.697,2.82127111663994e-34,"HMGN1"
1.3448887764066e-38,-0.591486280063724,0.151,0.612,3.00192623781717e-34,"ICAM2"
2.03653052406749e-38,3.55715045476766,0.289,0.066,4.54573978277105e-34,"RASGEF1B"
3.40824096612475e-38,-0.908546656817455,0.321,0.826,7.60753466048706e-34,"LMAN2"
5.59831536611183e-38,1.07564854119294,0.799,0.841,1.24959997286982e-33,"ATP5L"
5.83276932485268e-38,3.3236775789003,0.454,0.222,1.30193244100037e-33,"DBNL"
7.39822962222964e-38,3.11059870890835,0.517,0.319,1.65135883397788e-33,"PRR13"
8.36363170476369e-38,2.79424400580939,0.508,0.284,1.8668462328203e-33,"ATP2B1"
9.67362087084866e-38,4.12557945585583,0.228,0.036,2.15924891458213e-33,"TSPAN33"
9.75132273119407e-38,-0.777739390524631,0.262,0.771,2.17659274682983e-33,"CANX"
1.11009312323901e-37,2.82304884535387,0.549,0.367,2.47783886038179e-33,"SMAP2"
1.60608595315727e-37,4.35082648905165,0.244,0.044,3.58494445604234e-33,"RILPL2"
1.79028371268773e-37,-1.80317853260409,0.025,0.349,3.99609227509028e-33,"AAK1"
1.90507429685757e-37,4.5368961293785,0.235,0.04,4.25231633801579e-33,"PIK3AP1"
2.6533980054072e-37,8.36159002222936,0.129,0.001,5.92264968786941e-33,"CR1"
5.17018805532711e-37,-1.01191030460137,0.176,0.618,1.15403767582956e-32,"TP53INP1"
5.78312924375872e-37,-2.60382372248829,0.018,0.33,1.29085227849938e-32,"WIPI1"
6.53344246424544e-37,-1.05287283260424,0.086,0.468,1.45832969244422e-32,"LRRC59"
7.58172523500436e-37,-0.718515009092069,0.219,0.712,1.69231688970532e-32,"TECR"
8.13271402032488e-37,5.83772751061756,0.185,0.019,1.81530309647672e-32,"FCER2"
1.22484653486821e-36,4.70932745273801,0.244,0.046,2.73397995047933e-32,"HOPX"
1.37743654626426e-36,2.06874653773979,0.661,0.613,3.07457611491646e-32,"SET"
4.25239423042096e-36,6.15300298815136,0.194,0.024,9.49176916172263e-32,"CALHM6"
4.3328556713729e-36,3.33682851814626,0.467,0.249,9.67136714407146e-32,"FAM49B"
5.01531467087879e-36,2.04152099629434,0.655,0.627,1.11946838768685e-31,"ANAPC16"
7.68229275825316e-36,2.15371124559734,0.623,0.544,1.71476456656969e-31,"GMFG"
1.05970196177301e-35,2.8628673461578,0.537,0.361,2.36536074887354e-31,"MOB1A"
1.10440675379558e-35,-2.26443560850013,0.027,0.341,2.46514631514712e-31,"PPCDC"
1.11503749951225e-35,7.72081966553409,0.126,0.002,2.4888752026613e-31,"FUT7"
1.34967945263338e-35,-0.816567466003229,0.217,0.697,3.01261950622297e-31,"DERL1"
1.41048629179398e-35,-0.806995807854349,0.257,0.733,3.14834645191335e-31,"PABPC4"
1.97368219668399e-35,-0.570973364270192,0.086,0.461,4.40545603121834e-31,"CHID1"
2.36743689719454e-35,1.85212856399936,0.666,0.662,5.28435589822794e-31,"RHOA"
3.86732579741366e-35,-0.742297515884531,0.084,0.456,8.63225791240703e-31,"MPC1"
4.17547968102509e-35,-1.19431162769846,0.047,0.38,9.32008819601611e-31,"PGM3"
6.22033427362975e-35,-0.859761906083541,0.169,0.604,1.3884408132169e-30,"FBXW7"
6.40248082383328e-35,-1.61111638233941,0.068,0.414,1.42909774468783e-30,"AC007952.4"
6.95829761665225e-35,-1.75420925392331,0.032,0.344,1.55316161101295e-30,"HYOU1"
7.21986636473497e-35,3.96495854937332,0.253,0.055,1.61154637127249e-30,"TMC8"
9.67411418699292e-35,2.26243824488565,0.598,0.498,2.15935902767869e-30,"ANP32B"
1.25582154936344e-34,-0.838518173850181,0.226,0.69,2.80311928033413e-30,"ARF4"
1.41355181061513e-34,-0.622052882806247,0.167,0.607,3.15518899647403e-30,"OS9"
1.44240215069083e-34,-1.10881955964178,0.106,0.485,3.21958584055699e-30,"SLC1A5"
1.63838192194667e-34,-0.662392886070759,0.201,0.661,3.65703228797716e-30,"SRPRA"
2.0112852271201e-34,-2.34329661486205,0.023,0.322,4.48938975545478e-30,"SEMA4A"
2.09137205382874e-34,3.67656207294195,0.327,0.107,4.66815156135113e-30,"ELOVL5"
2.85027746903737e-34,-1.26635835175721,0.095,0.461,6.36210433863831e-30,"CASP10"
2.96391706371888e-34,-4.22788536163806,0.009,0.292,6.61575927792692e-30,"ITGA6"
4.98584892883614e-34,-5.78582862043371,0.7,0.959,1.11289133940552e-29,"IGLC2"
5.43340113147075e-34,4.69427593732175,0.23,0.044,1.21278946655559e-29,"ARL4A"
5.49059116397493e-34,1.26888988371808,0.756,0.794,1.22555485371084e-29,"UQCRH"
5.87983079694111e-34,-2.3958069750567,0.027,0.329,1.31243703218523e-29,"SLC1A4"
6.02498507506025e-34,3.19473666568914,0.359,0.132,1.3448369186042e-29,"PDE7A"
6.54550592062951e-34,-1.4247431696266,0.045,0.366,1.46102237654371e-29,"STT3A"
9.27643703608384e-34,-1.0787435307178,0.081,0.437,2.07059351082427e-29,"CASP3"
9.67153222194139e-34,5.2736711210332,0.138,0.006,2.15878270725954e-29,"MCOLN2"
1.48304719292311e-33,-1.79126899330419,0.038,0.35,3.31030963932368e-29,"MAGED1"
1.51904819917596e-33,2.58397905659018,0.546,0.387,3.39066748538067e-29,"EIF2S3"
2.25786231742763e-33,-0.613251220499894,0.156,0.571,5.03977447873021e-29,"GNL3"
2.78331973696938e-33,-1.46016544876275,0.047,0.366,6.21264798488935e-29,"MCEE"
3.2738784251165e-33,-1.4154336298879,0.054,0.379,7.30762403270255e-29,"SLC33A1"
4.43746339519526e-33,-0.719981524086847,0.113,0.493,9.90486204441535e-29,"LGALS3"
6.12435081841499e-33,5.84058357858915,0.167,0.017,1.36701634617841e-28,"C10orf128"
7.20188622022308e-33,-0.86959247206336,0.081,0.434,1.60753302321599e-28,"C11orf24"
7.43604258615219e-33,3.96701644930752,0.248,0.056,1.65979906565503e-28,"BIN1"
8.92177320354028e-33,2.35506707972338,0.571,0.444,1.99142899676223e-28,"ARF6"
9.11091408403932e-33,1.20574856925304,0.79,0.854,2.03364713269842e-28,"GAPDH"
1.05986606945693e-32,-2.29876096317268,0.025,0.315,2.36572705363481e-28,"SLC38A5"
1.15251412889564e-32,5.19570710148582,0.163,0.016,2.57252678710796e-28,"C1orf162"
1.17121574094614e-32,2.85461252634558,0.438,0.223,2.61427065536587e-28,"MYH9"
1.39379460666337e-32,3.03457185604294,0.393,0.172,3.11108894153331e-28,"APBB1IP"
1.65221188116358e-32,-0.735910939758026,0.169,0.596,3.68790213994524e-28,"LY96"
1.78891198467535e-32,2.05376011627739,0.628,0.56,3.99303044099385e-28,"NSA2"
2.13167250360169e-32,-2.77176490450809,0.014,0.29,4.75810619528933e-28,"HSD17B8"
2.20879826965963e-32,-1.22148281388143,0.054,0.374,4.93025861770726e-28,"COPG1"
2.78047097941793e-32,3.82705788196631,0.305,0.098,6.20628927315875e-28,"QRSL1"
2.94229756673823e-32,-5.89539413167107,0.002,0.264,6.5675023987164e-28,"ITGA8"
3.4457815947779e-32,-1.59588355725762,0.047,0.357,7.69132909770374e-28,"IL6ST"
3.92100960848159e-32,2.96261019799072,0.442,0.238,8.75208554709177e-28,"ARPC4"
4.07933042411332e-32,-0.90719041611698,0.072,0.409,9.10547343966334e-28,"WDR45"
4.34483351126662e-32,-0.71912507054018,0.095,0.455,9.69810288049823e-28,"ADI1"
4.46710643601481e-32,-0.900666913893267,0.508,0.86,9.97102827582865e-28,"TMEM258"
4.95624363239172e-32,2.9745784225201,0.442,0.234,1.10628314118616e-27,"CNPY3"
5.12016711386894e-32,-0.757867262808949,0.115,0.489,1.14287250148669e-27,"C12orf45"
5.37326854653e-32,-0.561784141988226,0.199,0.647,1.19936727227096e-27,"SRP54"
6.01857952693614e-32,-2.35990813616622,0.027,0.315,1.34340713620742e-27,"NUGGC"
6.05604337954077e-32,-1.4354035934849,0.056,0.375,1.35176944274729e-27,"ISOC2"
6.26540929773118e-32,4.82249759851744,0.126,0.005,1.39850200934658e-27,"BACH2"
6.60647538539635e-32,-2.27188021463023,0.009,0.277,1.47463137077432e-27,"NT5DC2"
8.64788646566598e-32,2.52068074114285,0.555,0.416,1.9302947380013e-27,"JAK1"
9.98037688269083e-32,-4.73925615314346,0.002,0.261,2.22771992398542e-27,"DPEP1"
1.1818660674322e-31,-0.605082575773156,0.129,0.513,2.63804324911542e-27,"USO1"
1.18217347589511e-31,-0.79071807032666,0.296,0.767,2.63872941554548e-27,"KRTCAP2"
1.24946564637128e-31,-1.27469823473127,0.041,0.342,2.78893226926532e-27,"GALNT2"
1.32683195900962e-31,-0.809730773204536,0.366,0.836,2.96162161570538e-27,"PDIA6"
1.47058780636703e-31,2.34916270588757,0.596,0.532,3.28249904259185e-27,"EIF3H"
2.19869097732751e-31,3.94569963381915,0.262,0.068,4.90769813049274e-27,"TGFBR2"
2.65858536152095e-31,-0.680097349318427,0.194,0.616,5.93422838545092e-27,"SLC38A2"
2.88216622063226e-31,2.43740894490362,0.558,0.425,6.43328322107326e-27,"FXYD5"
3.48743343417455e-31,2.89335183948385,0.454,0.252,7.78430016842101e-27,"C6orf48"
4.6753128936918e-31,-0.688641110608842,0.144,0.536,1.04357659100095e-26,"MSI2"
6.83032756184354e-31,2.77403465459264,0.436,0.228,1.5245974150791e-26,"TBC1D10C"
7.1325845182973e-31,-2.69341940734737,0.018,0.288,1.59206419032914e-26,"HYI"
8.02913945746348e-31,1.91309823979631,0.628,0.612,1.79218421830042e-26,"SELENOH"
1.08064500049283e-30,-0.65248702991815,0.086,0.427,2.41210770560004e-26,"IKBIP"
1.25386651335826e-30,-0.581910266414534,0.09,0.433,2.79875544446698e-26,"MBNL2"
1.26214749506481e-30,-2.30850266827443,0.016,0.283,2.81723942373417e-26,"IFI27L1"
1.27948058698616e-30,5.69375937793759,0.124,0.006,2.85592861821181e-26,"SIGLEC10"
1.57491045917167e-30,1.57577665594324,0.686,0.672,3.51535763591709e-26,"RSRP1"
1.60952331986505e-30,3.29015708486363,0.379,0.169,3.59261700227079e-26,"CNN2"
1.68378292829034e-30,3.99219021332378,0.144,0.012,3.75837187423687e-26,"LFNG"
1.72420009110561e-30,-1.46071107106954,0.074,0.396,3.84858702335683e-26,"ODF3B"
1.81180399160238e-30,1.98138661687328,0.639,0.606,4.04412768965568e-26,"SEPT6"
2.35073148012985e-30,-0.584203286455122,0.151,0.554,5.24706773679783e-26,"TMEM205"
2.39835173984445e-30,-0.866757242341587,0.106,0.454,5.35336091850679e-26,"AC243960.1"
3.18364206478303e-30,-6.15762830945114,0,0.245,7.1062074528022e-26,"SCNN1B"
3.36932061010662e-30,6.46225741923086,0.144,0.013,7.52066053381898e-26,"MGAT5"
5.48460669259994e-30,-0.592094757128254,0.242,0.699,1.22421905985523e-25,"KLF13"
5.59943452422584e-30,-0.736914747257516,0.086,0.42,1.24984978015245e-25,"GORASP2"
5.99278725798213e-30,2.37374340585187,0.571,0.483,1.33765004385419e-25,"UBE2I"
6.5135612811547e-30,-0.948881939467309,0.059,0.365,1.45389201356654e-25,"SEC23B"
7.45735978075109e-30,3.43997646510391,0.377,0.165,1.66455727666145e-25,"NR4A2"
7.71845318790394e-30,2.62729359496754,0.174,0.024,1.72283593607204e-25,"PLD4"
7.94039927472132e-30,2.72250201116294,0.501,0.346,1.77237652211054e-25,"CAPZB"
8.05122360076431e-30,1.88695557571517,0.612,0.519,1.7971136199266e-25,"PNN"
9.16109176242922e-30,3.37624128163509,0.37,0.166,2.04484729229183e-25,"PLEK"
9.7850029634051e-30,2.92584988340884,0.379,0.17,2.18411051146165e-25,"CDC42SE1"
1.10115903956539e-29,1.47233060443026,0.661,0.539,2.45789709221391e-25,"ZFP36L2"
1.11764514561369e-29,-0.690159893427339,0.203,0.628,2.49469572952432e-25,"SELENOM"
1.20210587665187e-29,2.07673392257547,0.569,0.438,2.68322052727463e-25,"MBNL1"
1.33521046594468e-29,4.47583604378605,0.203,0.039,2.98032328103512e-25,"ITPR1"
1.38959457938183e-29,0.537512008010705,0.957,0.969,3.10171406063818e-25,"CYBA"
1.46305722314935e-29,5.42947949032415,0.169,0.023,3.26569002779166e-25,"EGR3"
1.5790293528894e-29,-0.55921177058103,0.106,0.46,3.52455141858443e-25,"DPM3"
1.76440750959127e-29,1.58603214835094,0.749,0.726,3.93833400215867e-25,"SAT1"
1.82915517202981e-29,-0.756968593729507,0.059,0.363,4.08285725948774e-25,"NMRK1"
1.86066583715346e-29,3.42196163113948,0.305,0.106,4.15319221511024e-25,"SIPA1"
1.88215276380368e-29,-0.734340939140711,0.28,0.698,4.20115318408619e-25,"IFI6"
2.04607805624532e-29,3.95108911471784,0.192,0.033,4.56705082934517e-25,"PDLIM2"
2.31340615886053e-29,1.06660147433876,0.77,0.83,5.16375388719258e-25,"DDX17"
2.73865481632536e-29,-1.11417467244543,0.068,0.379,6.11295141551984e-25,"B4GALT3"
2.96805827624637e-29,3.25085178138389,0.395,0.195,6.62500287840952e-25,"HLA-DOB"
2.99373342575883e-29,-2.6388469617238,0.011,0.263,6.68231237963628e-25,"PINK1"
3.90383788594322e-29,1.81838031322639,0.641,0.625,8.71375654521386e-25,"HNRNPC"
4.03196560579149e-29,-0.633086852837654,0.142,0.518,8.99975042868718e-25,"MGAT1"
4.05942862005544e-29,-1.1085729982041,0.05,0.341,9.06105062282574e-25,"INPP4A"
5.41447837369075e-29,-0.658436308324084,0.23,0.668,1.20856571779151e-24,"SSR1"
6.69390489877296e-29,1.15193322087887,0.786,0.824,1.49414651245511e-24,"MEF2C"
6.88026793777223e-29,-0.400917599102057,0.088,0.419,1.53574460639014e-24,"FCGRT"
7.17155166316837e-29,-3.34685723153848,0.007,0.25,1.60076204673581e-24,"SMPDL3B"
7.54436536307599e-29,2.43705489689242,0.56,0.46,1.68397779269219e-24,"ARPC5"
8.65690967557533e-29,3.83035066898072,0.167,0.023,1.93230880868517e-24,"ARHGAP17"
8.90214032076408e-29,5.16543554089065,0.133,0.01,1.98704674099775e-24,"LTA"
1.25348024360102e-28,-4.30281732718378,0.002,0.238,2.79789325174184e-24,"PYCR1"
1.27947583603981e-28,-0.858116874569873,0.065,0.37,2.85591801362446e-24,"C1GALT1C1"
1.28009295467063e-28,-1.48954210816556,0.052,0.34,2.85729548412032e-24,"CCDC88A"
1.29745053674397e-28,-0.929896526705925,0.133,0.486,2.89603934306622e-24,"HIST1H2AC"
1.35589610975205e-28,4.39842750590188,0.144,0.014,3.02649570657755e-24,"LRRK2"
1.47794130331854e-28,1.95168699822837,0.605,0.527,3.29891278313732e-24,"AKAP13"
2.13775719870072e-28,-1.45404034446715,0.056,0.346,4.77168784321987e-24,"CHST15"
2.45624975918158e-28,-0.649840490369385,0.21,0.627,5.48259508746921e-24,"SRM"
2.47448162112564e-28,-0.488794870435366,0.14,0.515,5.52329042651453e-24,"NME1"
2.88175664502219e-28,-1.12945311832582,0.045,0.326,6.43236900735402e-24,"TMEM263"
2.92308629478975e-28,-1.85688986229882,0.02,0.275,6.5246209186002e-24,"LMF1"
3.00357018530484e-28,-1.0418280371683,0.061,0.358,6.70426901061892e-24,"GFPT1"
4.08638228023839e-28,-0.973058087706486,0.065,0.366,9.12121388772011e-24,"SLC39A7"
4.34813346959583e-28,3.26044008616783,0.199,0.038,9.70546871748486e-24,"ALOX5"
4.72148742272989e-28,-0.61534726001001,0.108,0.448,1.05388320762754e-23,"RTN3"
5.20863794271541e-28,2.03747724312958,0.594,0.551,1.16262007519351e-23,"LSM7"
5.85776778395079e-28,3.3506938524013,0.178,0.029,1.30751234705566e-23,"LPGAT1"
6.24626205613725e-28,5.9750829814935,0.149,0.017,1.3942281535504e-23,"GRAP"
6.24724687517599e-28,-2.27108615336858,0.014,0.258,1.39444797500803e-23,"FICD"
6.54333138472963e-28,2.82890963425074,0.431,0.245,1.4605369983855e-23,"EMB"
6.5935832150396e-28,-2.19727214813128,0.018,0.267,1.47175370942899e-23,"PDIA5"
6.89362225200442e-28,-0.569864163582413,0.077,0.388,1.53872542286991e-23,"GUSB"
7.32110613432209e-28,1.10197823386917,0.745,0.842,1.63414410024203e-23,"SON"
7.62195374323079e-28,-0.416443911909448,0.108,0.452,1.70129629502654e-23,"TMEM238"
8.56218396702324e-28,-2.43787135717385,0.014,0.257,1.91116508327926e-23,"GAB1"
8.84963468389706e-28,3.01306718141096,0.427,0.242,1.97532695779266e-23,"PDLIM1"
1.02919038131336e-27,6.00912268624324,0.14,0.014,2.29725585012954e-23,"FCRL3"
1.09186491748168e-27,-0.712804471512709,0.126,0.476,2.43715168231085e-23,"SEC63"
1.13732652305176e-27,3.69764461583858,0.196,0.039,2.53862653210384e-23,"GRK3"
1.2363311749634e-27,4.39096219689691,0.21,0.047,2.75961481563581e-23,"RASSF2"
1.27082223505099e-27,2.78600609032971,0.422,0.23,2.83660231085731e-23,"NT5C"
1.35095365577119e-27,4.13444087886957,0.16,0.022,3.01546365504687e-23,"ABLIM1"
1.40173735756422e-27,-0.450541541567923,0.106,0.444,3.12881795581909e-23,"ECI1"
1.64256345922409e-27,6.90373240263049,0.102,0.002,3.6663658973341e-23,"LINC01215"
1.66319621977219e-27,2.46522264978588,0.483,0.315,3.7124202821535e-23,"ARID4B"
1.75481694108398e-27,-1.44836200690308,0.045,0.32,3.91692689419355e-23,"BCL2L1"
1.82474898270444e-27,-0.754466566226559,0.084,0.397,4.07302220429457e-23,"EDEM2"
1.86085375600249e-27,-3.89112323103358,0.007,0.239,4.15361166877316e-23,"SELPLG"
1.87132245479719e-27,1.94915470452981,0.603,0.574,4.17697885135281e-23,"CNBP"
2.3097530475306e-27,-0.892211697351645,0.05,0.33,5.15559977739304e-23,"AGA"
2.39534148713234e-27,1.31675388425047,0.698,0.772,5.34664173342809e-23,"CIRBP"
2.53907702470879e-27,-0.573554564408825,0.298,0.75,5.66747382685249e-23,"OSTC"
3.07882988916706e-27,6.35023012022791,0.117,0.007,6.87225619560979e-23,"SHISA8"
4.69982048628389e-27,-0.928022614825051,0.059,0.345,1.04904693074343e-22,"DAP"
4.77675206787251e-27,-0.364446886089379,0.068,0.365,1.06621882906982e-22,"SLC25A4"
5.10958586818136e-27,4.90401318080238,0.106,0.004,1.14051066163676e-22,"CCDC141"
5.7311554002445e-27,2.57889930889037,0.521,0.404,1.27925119688858e-22,"HNRNPF"
6.23675826616275e-27,-0.826213087934021,0.063,0.35,1.39210681259019e-22,"AARS"
7.16525324102328e-27,1.22415633533095,0.695,0.757,1.59935617592881e-22,"COX6C"
8.16548642117271e-27,-0.313257658043748,0.178,0.57,1.82261822406996e-22,"ARMCX3"
1.15624758518953e-26,-1.80227134177196,0.018,0.259,2.58086023490155e-22,"FAM174A"
1.24248601407096e-26,-0.475174841807311,0.185,0.574,2.77335303200779e-22,"ACADVL"
1.38303339173518e-26,3.09664392290813,0.393,0.205,3.0870688336921e-22,"CRIP1"
1.40567220268298e-26,1.20488652232291,0.716,0.795,3.13760092360868e-22,"RBM39"
1.47318788833246e-26,-0.452526753366802,0.133,0.486,3.28830268554689e-22,"DERL2"
1.51766647719747e-26,-3.77173266653709,0.005,0.228,3.38758334375248e-22,"CCR10"
1.53411896595187e-26,-0.681411119877758,0.442,0.89,3.42430694390117e-22,"CALR"
1.63979051847457e-26,-1.17257192388984,0.041,0.303,3.66017641628709e-22,"AL365361.1"
1.86613154312768e-26,2.2297650862125,0.589,0.531,4.16539221741531e-22,"AES"
2.40391209216099e-26,2.82252647357743,0.451,0.279,5.36577218091256e-22,"ARID5B"
2.64168228636939e-26,1.92162159657238,0.603,0.59,5.89649903140512e-22,"RAN"
3.32233208529475e-26,1.44442508466321,0.652,0.697,7.41577744758642e-22,"EIF3K"
3.6988257417971e-26,3.91326921090805,0.214,0.052,8.2561489382653e-22,"STAT6"
3.80524441204478e-26,6.18123578560537,0.097,0.002,8.49368605212516e-22,"CD1C"
3.8062173153743e-26,-0.466746397328523,0.142,0.499,8.49585766964698e-22,"CTSD"
3.85772777755437e-26,-1.46648340191085,0.045,0.308,8.61083417227912e-22,"SLC17A9"
4.59001450194832e-26,3.94688681206937,0.233,0.064,1.02453713697988e-21,"PIK3IP1"
5.0049120262238e-26,2.76266005320211,0.46,0.302,1.11714641337341e-21,"UBE2N"
5.24251029621019e-26,-1.07194992948378,0.052,0.322,1.17018072321708e-21,"PREB"
5.24477323424851e-26,2.03338729685899,0.564,0.471,1.17068583361661e-21,"CD44"
6.4789841727929e-26,0.88945524560212,0.79,0.874,1.4461740572091e-21,"UBB"
6.6493006290237e-26,-0.744873566112834,0.052,0.322,1.48419039340438e-21,"CLCC1"
7.0619387893107e-26,5.34323135483645,0.113,0.007,1.57629535716204e-21,"JAZF1"
7.40250621877952e-26,2.64260444204994,0.465,0.308,1.65231341309378e-21,"PAK2"
7.56466130818682e-26,-0.7250409719768,0.278,0.694,1.68850805060038e-21,"GOLGB1"
7.9403428610067e-26,2.30145183596579,0.553,0.449,1.77236393000531e-21,"PARP14"
8.20439868848967e-26,-5.69044847792273,0.002,0.217,1.83130383125778e-21,"BRSK1"
8.42991538642308e-26,8.09029120584479,0.102,0.004,1.8816414134035e-21,"S1PR1"
9.30082597999031e-26,3.07392401711167,0.352,0.163,2.07603736699364e-21,"ADD3"
1.03462047650839e-25,-1.96200839193363,0.029,0.274,2.30937636561437e-21,"PHGDH"
1.19301890047638e-25,0.423785548176319,0.16,0.536,2.66293748775332e-21,"RGCC"
1.25783045184272e-25,2.2733808431442,0.537,0.443,2.80760335155815e-21,"CAP1"
1.27095896819749e-25,-1.4570903477728,0.041,0.297,2.83690751291362e-21,"SCYL1"
1.60291489435614e-25,-2.47019466702643,0.016,0.245,3.57786633569234e-21,"STARD5"
1.67133877289725e-25,3.27918353939022,0.343,0.153,3.73059527498395e-21,"LY9"
1.7634865976387e-25,-0.392834856255354,0.131,0.473,3.93627843458933e-21,"PSMC3"
1.85516239419087e-25,1.36621475564836,0.695,0.772,4.14090798007344e-21,"CTSS"
2.67067052231869e-25,2.93995108166353,0.359,0.172,5.96120367286755e-21,"RCSD1"
2.67312371019027e-25,1.09690497432838,0.716,0.765,5.9666794335157e-21,"HSPA8"
3.16393594856909e-25,3.59488588495484,0.23,0.065,7.06222143080107e-21,"SIT1"
4.10526728700671e-25,3.23540389772579,0.165,0.028,9.16336711132768e-21,"UBAC2"
4.15666080022147e-25,-0.350539851659387,0.113,0.435,9.27808257217435e-21,"PMM2"
4.44139410549878e-25,-0.947934792216689,0.074,0.357,9.91363578288382e-21,"EIF2AK4"
5.17336919620429e-25,1.2092894541417,0.7,0.751,1.15474773828476e-20,"N4BP2L2"
5.67642933101767e-25,3.55446476444738,0.167,0.029,1.26703579097645e-20,"IFIT2"
5.68383369890215e-25,-0.323181860845791,0.289,0.732,1.26868851993195e-20,"UFM1"
6.54927015397508e-25,-0.277049011192801,0.104,0.416,1.46186259106878e-20,"MARS"
6.73892915112537e-25,-0.674112082939748,0.086,0.38,1.50419637582269e-20,"MOGS"
7.10886988538231e-25,-0.831881485304338,0.054,0.319,1.58677084711619e-20,"METRN"
7.20324020606905e-25,4.52654835877072,0.239,0.073,1.60783524639667e-20,"LINC01781"
7.42707644001913e-25,-0.927544806661663,0.117,0.432,1.65779773217667e-20,"MAPKAPK2"
7.49761262118754e-25,-1.55523928278393,0.02,0.25,1.67354211317527e-20,"ALG14"
7.63616794530219e-25,3.11980462820237,0.239,0.071,1.7044690470709e-20,"PAWR"
7.91124434123244e-25,-0.236419473916692,0.111,0.428,1.76586884940649e-20,"PGRMC2"
8.39783855484835e-25,-1.00794065905815,0.047,0.304,1.8744815438277e-20,"C11orf80"
8.43193008998186e-25,1.76486527437924,0.576,0.485,1.88209111538485e-20,"TAF1D"
9.07891905510352e-25,4.45570071610427,0.165,0.029,2.02650552228966e-20,"GPR65"
9.87365497052817e-25,-0.407735489460587,0.255,0.692,2.20389852597159e-20,"PRDX2"
1.00248292743453e-24,-0.677215137237861,0.061,0.33,2.23764214232661e-20,"CCDC117"
1.12773860371525e-24,-0.343472719564925,0.221,0.631,2.51722533735281e-20,"CNPY2"
1.18050613521578e-24,2.93854617432609,0.336,0.15,2.63500774441514e-20,"FLNA"
1.19601098598225e-24,-2.32420888103423,0.014,0.234,2.66961612181097e-20,"TIMP2"
1.19758665234301e-24,2.10939072726156,0.578,0.539,2.67313316669483e-20,"NCF1"
1.3039419661185e-24,-0.492137578861443,0.214,0.612,2.91052886257311e-20,"IDH2"
1.50380843561355e-24,-0.744186535041089,0.072,0.352,3.356650809133e-20,"UBA5"
1.57324006501519e-24,2.20289831155707,0.526,0.412,3.51162914912041e-20,"KIAA1551"
1.72233679317815e-24,-0.495323887965309,0.099,0.406,3.84442795605295e-20,"MAGED2"
1.99981545043667e-24,-1.00143159266322,0.045,0.298,4.46378806691968e-20,"FUCA2"
2.1375378384344e-24,-0.702609436969777,0.093,0.387,4.77119820916942e-20,"GOLGA2"
2.93576856705572e-24,-0.385962583233472,0.12,0.444,6.55292901852507e-20,"ZNF593"
3.0744897350581e-24,3.71055620453667,0.284,0.109,6.86256853762318e-20,"TRAC"
3.11199532824365e-24,3.13315831459661,0.354,0.175,6.94628477217265e-20,"AP1S2"
3.14754289556123e-24,-3.058288834274,0.005,0.21,7.02563049718222e-20,"B9D1"
3.47396473269867e-24,1.88442725270076,0.571,0.49,7.75423667985669e-20,"IKZF3"
3.61796117427456e-24,-1.17206778261301,0.036,0.277,8.07565113709825e-20,"COMTD1"
3.86054828782496e-24,-0.918302481214536,0.072,0.347,8.6171298332541e-20,"TMEM214"
3.90376976331305e-24,3.52590376157528,0.235,0.071,8.71360448869105e-20,"LGALS9"
3.9842212134822e-24,-1.83154819492198,0.041,0.283,8.89318017061362e-20,"HIST1H2BD"
4.45178226588687e-24,-0.568049561623103,0.072,0.35,9.93682319568607e-20,"MCUR1"
4.680480203266e-24,1.62855859103574,0.616,0.622,1.044729986171e-19,"C11orf58"
4.74532194059847e-24,1.77463827935872,0.632,0.678,1.05920331036098e-19,"SARAF"
5.94723974706507e-24,-0.169912323230729,0.131,0.46,1.32748338394239e-19,"CHST12"
5.99338741427629e-24,2.59516902514402,0.485,0.355,1.33778400474061e-19,"S100A10"
6.00421182643158e-24,-2.94577399495752,0.016,0.232,1.34020012177779e-19,"GPR155"
6.29641517613059e-24,2.91316791487007,0.42,0.257,1.40542283146411e-19,"RHOH"
7.53984923578091e-24,2.19692481741636,0.546,0.451,1.68296974791866e-19,"ARID1B"
8.11978127852615e-24,4.7151112645301,0.124,0.014,1.81241637917982e-19,"LPAR5"
9.20823195076974e-24,-2.44914469711694,0.016,0.231,2.05536945373131e-19,"FKBP14"
9.45767834727648e-24,4.48556103981056,0.14,0.02,2.11104838389558e-19,"TMEM2"
1.11939622276029e-23,-0.284157688179538,0.113,0.423,2.49860430882324e-19,"SEC13"
1.56224503546759e-23,-3.33372362508467,0.005,0.205,3.48708714366722e-19,"TCN2"
1.80329613946018e-23,2.92302257476722,0.413,0.249,4.02513731288906e-19,"CELF2"
1.89886457947459e-23,-2.72750473278715,0.011,0.218,4.23845562784522e-19,"BEX5"
1.9479378925775e-23,0.0188341241367036,0.074,0.349,4.34799217002223e-19,"ALG3"
1.96436181798822e-23,5.66737954731636,0.126,0.015,4.3846520139315e-19,"MACROD2"
2.01540622098206e-23,2.77440867052648,0.436,0.283,4.49858822585406e-19,"DAPP1"
2.16141899514868e-23,2.66235975047552,0.411,0.242,4.82450333907136e-19,"SEPT9"
2.32013518178043e-23,2.25637969589233,0.512,0.419,5.1787737392521e-19,"EIF3D"
2.37390469439898e-23,3.93008905378278,0.144,0.022,5.29879266836796e-19,"LINC01588"
2.61219377007339e-23,-0.315526958607047,0.23,0.633,5.83067771418082e-19,"ZBTB38"
3.24797805946122e-23,-2.94252561393191,0.009,0.212,7.24981182652338e-19,"IGF1"
3.25089356878838e-23,-0.333267151724688,0.129,0.453,7.25631953489255e-19,"YIPF3"
3.30686047917542e-23,4.55803413173814,0.126,0.015,7.38124327556745e-19,"DOPEY2"
3.37658624639383e-23,-1.90943290368909,0.027,0.249,7.53687816057566e-19,"TNFAIP2"
3.46600860837058e-23,-1.61135904642473,0.032,0.26,7.73647781474397e-19,"MPST"
3.827768576515e-23,3.26942968117677,0.237,0.075,8.54396223963913e-19,"PMAIP1"
3.85647840111787e-23,1.76432168487253,0.596,0.562,8.6080454391352e-19,"BOD1L1"
3.93812067652472e-23,-0.269870435255414,0.239,0.651,8.79027916207082e-19,"ATOX1"
4.36933800535297e-23,-3.3713930443661,0.007,0.207,9.75279936174837e-19,"TMEM184B"
4.38542873429802e-23,-0.785197869191304,0.041,0.277,9.78871547782662e-19,"PIM1"
4.3986668196241e-23,-0.631474165151257,0.047,0.29,9.81826420808294e-19,"SFMBT2"
4.50121002630795e-23,1.74823982010766,0.616,0.653,1.0047150899722e-18,"PTGES3"
4.84158081207233e-23,4.07336366007027,0.117,0.012,1.08068925306266e-18,"MS4A7"
4.90747656265904e-23,-0.630495796102569,0.077,0.348,1.09539784355112e-18,"MGAT2"
5.15331103561241e-23,2.67539095502497,0.386,0.214,1.15027055625905e-18,"EML4"
5.38850927654594e-23,-6.22767104997577,0,0.191,1.20276915561782e-18,"KIF19"
5.45359296389481e-23,3.00714803261678,0.293,0.119,1.21729648547096e-18,"NIN"
6.12969493005498e-23,-0.885733906454067,0.043,0.281,1.36820920533757e-18,"CREB3"
8.12673166124973e-23,6.20047210786241,0.124,0.015,1.81396777410755e-18,"EGR2"
8.50725229210583e-23,-0.719363011705203,0.047,0.288,1.89890378412094e-18,"TMEM39A"
1.0477064461491e-22,5.18749683520232,0.102,0.007,2.3385855584494e-18,"L3MBTL3"
1.06355082836486e-22,-0.808937236604345,0.054,0.302,2.37395180399321e-18,"YIPF2"
1.15328332375265e-22,2.88990842344708,0.388,0.224,2.57424370694828e-18,"CD19"
1.19731399109952e-22,-4.72362738679093,0.002,0.193,2.67252455953325e-18,"HID1"
1.22074002007241e-22,3.85802978550617,0.185,0.044,2.72481379880363e-18,"TMEM131L"
1.2986206359987e-22,1.60696533402788,0.612,0.647,2.8986511216127e-18,"TMBIM4"
1.31461597448104e-22,1.86067126803974,0.564,0.495,2.93435431663914e-18,"TNRC6B"
1.3331880332675e-22,5.27678139183154,0.106,0.009,2.97580900905638e-18,"CACNA1A"
1.42878765168462e-22,-0.414221853273835,0.113,0.41,3.18919691732525e-18,"HIPK2"
1.64895470951245e-22,2.66098662206998,0.402,0.236,3.68063180710274e-18,"ANKRD44"
1.81228138533822e-22,-1.63448836219607,0.032,0.253,4.04519328021344e-18,"C15orf39"
1.8520500003283e-22,-0.455065470662749,0.309,0.741,4.13396080573279e-18,"PHPT1"
1.92623870630494e-22,-0.100317575785166,0.129,0.448,4.29955741634326e-18,"HINT2"
2.07810833273684e-22,2.39650922064835,0.42,0.257,4.6385456095019e-18,"OFD1"
2.10749840609316e-22,-2.62209156946526,0.009,0.206,4.70414719224055e-18,"IGLV3-1"
2.33434088731141e-22,-0.236339788135591,0.124,0.438,5.21048229456781e-18,"BET1"
2.34809607987058e-22,3.78098067874291,0.221,0.067,5.24118525987913e-18,"MYC"
2.35104269641162e-22,-0.359664423649522,0.194,0.557,5.24776240266038e-18,"SLC3A2"
2.984930868639e-22,-1.08652509756828,0.05,0.288,6.6626641918891e-18,"GMPPA"
3.04601017026469e-22,-0.334228584792465,0.149,0.477,6.79899930104781e-18,"COPB2"
3.89937662757919e-22,4.79721536838074,0.142,0.024,8.70379857041952e-18,"LST1"
3.90736367812273e-22,2.32295000656182,0.458,0.315,8.72162646593773e-18,"JMJD1C"
3.96219998533967e-22,-4.41725768590831,0.002,0.189,8.84402658727667e-18,"ALDH1L2"
3.98152584782987e-22,3.79643844928133,0.097,0.006,8.88716384494105e-18,"GRASP"
4.15913438084921e-22,2.61575189532139,0.44,0.299,9.28360385149351e-18,"TUBB"
5.24269630103612e-22,-0.636016722304835,0.056,0.301,1.17022224135427e-17,"ITM2A"
5.36429844743792e-22,-1.59187814075411,0.023,0.232,1.19736505645262e-17,"MDK"
5.88227861626819e-22,2.58645484676344,0.447,0.303,1.31298340993722e-17,"IDS"
6.50649047016428e-22,3.2969564759591,0.275,0.11,1.45231373784537e-17,"RAB29"
7.44485558649613e-22,2.33342108235793,0.481,0.348,1.6617662154618e-17,"ZBTB20"
8.49131163723801e-22,4.61436262671597,0.165,0.036,1.8953456705479e-17,"FAM159A"
9.58721694798874e-22,2.88818800839685,0.3,0.13,2.13996269496057e-17,"AKNA"
9.71550305508774e-22,1.55911832860123,0.623,0.635,2.16859743692613e-17,"TCF4"
1.08261492427009e-21,-0.868489641530716,0.043,0.27,2.41650477246326e-17,"RBM47"
1.20615537644758e-21,1.7141672663564,0.598,0.589,2.69225941576865e-17,"MYCBP2"
1.21110894954858e-21,2.43995677709273,0.449,0.311,2.70331628628737e-17,"FMNL1"
1.26489530777717e-21,-0.216954142092074,0.181,0.527,2.82337281648943e-17,"TM9SF3"
1.39618636763838e-21,-0.88220333564594,0.025,0.234,3.11642759120564e-17,"PLA2G16"
1.40776151426293e-21,3.77842272697919,0.185,0.047,3.14226447598628e-17,"MAPRE2"
1.46407708050781e-21,1.565600944664,0.621,0.638,3.26796645140148e-17,"PRRC2C"
1.49113454633301e-21,-0.38821888897749,0.135,0.45,3.32836142086991e-17,"YIF1A"
1.54191860805174e-21,2.30438317295377,0.499,0.4,3.4417165250323e-17,"HCLS1"
1.57322332141659e-21,-1.55916746109185,0.02,0.223,3.51159177573398e-17,"CDKN2C"
1.60675704609705e-21,-0.295647581136777,0.172,0.521,3.58644240259322e-17,"VKORC1"
1.69207189476141e-21,5.03543937773746,0.117,0.014,3.77687367629695e-17,"VAV3"
1.84749625430947e-21,2.64807052796045,0.35,0.18,4.12379638924417e-17,"CNTRL"
1.92895708295137e-21,4.10012423732953,0.153,0.03,4.30562510485574e-17,"DDX60"
2.15813788989027e-21,-1.30559638834982,0.056,0.292,4.81717958402407e-17,"AHI1"
2.31215553212104e-21,3.48349183931853,0.226,0.073,5.16096236324737e-17,"ELMSAN1"
2.62009241929434e-21,1.53038712445457,0.571,0.478,5.84830828910688e-17,"PPP1R15A"
2.69578037469733e-21,2.75599907845156,0.363,0.199,6.0172513743619e-17,"GGA2"
2.82847348383151e-21,2.34991644283726,0.517,0.45,6.31343566326031e-17,"CCDC50"
3.16647699130204e-21,1.20743392118956,0.655,0.593,7.06789329228527e-17,"IER2"
3.18754444267967e-21,1.6628702988326,0.596,0.601,7.1149179505053e-17,"SRSF3"
4.03599979224291e-21,2.00344107642419,0.553,0.494,9.00875513626539e-17,"GPBP1"
4.06940983289948e-21,-0.280151942197829,0.208,0.57,9.08332968801493e-17,"RAB30"
4.23882432263935e-21,2.29208586240627,0.526,0.475,9.46147977056329e-17,"BRK1"
4.32926470889659e-21,0.0951895012945114,0.142,0.461,9.66335175672807e-17,"RAB1A"
4.78864662743211e-21,-0.239696616546814,0.14,0.451,1.06887381370912e-16,"CLIC4"
5.37602318378827e-21,2.7335636976379,0.33,0.162,1.19998213485338e-16,"ARHGAP45"
5.54305628954128e-21,-0.449754563668569,0.228,0.601,1.23726559438851e-16,"SEC31A"
5.78815198937796e-21,-0.930699756895654,0.034,0.248,1.29197340554905e-16,"C2orf88"
6.24167314392152e-21,-0.229815446757265,0.149,0.465,1.39320386245472e-16,"MBTPS1"
6.91743684152536e-21,3.77680204757168,0.282,0.122,1.54404107739687e-16,"GBP4"
7.20950981771631e-21,3.8622470616242,0.151,0.03,1.60923468641246e-16,"RASSF3"
7.80344391737502e-21,1.59294944530875,0.587,0.556,1.74180671679728e-16,"HNRNPDL"
7.9888373392122e-21,4.89442004937766,0.093,0.006,1.78318838248555e-16,"ITGAM"
7.99813432602834e-21,-0.199610213587827,0.138,0.443,1.78526356291279e-16,"MAN1A2"
9.64276192680963e-21,-0.297799926902987,0.113,0.397,2.15236088968318e-16,"MAGT1"
9.71672836664837e-21,-0.706154221639813,0.079,0.33,2.16887093871958e-16,"KCNK6"
9.83370814918727e-21,3.15324183828907,0.221,0.071,2.19498199598009e-16,"IFIT3"
1.00292016031941e-20,-0.728663846311647,0.463,0.801,2.23861808984896e-16,"SEC61G"
1.00522343688251e-20,-0.804554683197304,0.065,0.307,2.24375923346545e-16,"GLT8D1"
1.02219911249276e-20,3.65542332467168,0.302,0.143,2.2816506389951e-16,"BLOC1S2"
1.0386752181815e-20,4.76524514992056,0.099,0.009,2.31842695450294e-16,"PRAG1"
1.08074896835002e-20,-0.346920881583883,0.081,0.338,2.41233977225407e-16,"UFSP2"
1.10600769716445e-20,-0.605146111736283,0.072,0.319,2.46871978084077e-16,"SRP68"
1.14693164670599e-20,-0.255143978259356,0.056,0.289,2.56006612861244e-16,"NCLN"
1.28381895414195e-20,-0.125381860673612,0.174,0.511,2.86561228754025e-16,"TM9SF2"
1.59461509204147e-20,2.96120135840059,0.3,0.137,3.55934034694577e-16,"MYO1G"
1.79450700725003e-20,1.30084412255561,0.661,0.748,4.0055190908828e-16,"EMP3"
1.88226698689607e-20,-0.280413504031937,0.133,0.434,4.20140814145072e-16,"NDUFV3"
1.88662070895176e-20,-0.735570029978876,0.065,0.301,4.21112608445121e-16,"ATXN1"
1.95574731357784e-20,-0.090845855421396,0.135,0.443,4.36542357863711e-16,"NENF"
1.97732757418372e-20,0.112876191552506,0.124,0.422,4.41359287833547e-16,"IFT20"
2.01482091076259e-20,5.13176516245342,0.115,0.015,4.49728175491318e-16,"CR2"
2.23761505611673e-20,6.78706438817708,0.077,0.002,4.99458056675815e-16,"IL7"
2.23761505611673e-20,7.83697391293156,0.077,0.002,4.99458056675815e-16,"COL19A1"
2.35122225326347e-20,3.51762655990417,0.244,0.091,5.24816319150939e-16,"MCUB"
2.49289369475056e-20,-3.55889216214732,0.005,0.18,5.56438801605274e-16,"WNT5B"
2.51932144552204e-20,-0.605955124005769,0.37,0.693,5.62337739854975e-16,"HSPA1A"
2.58191480228286e-20,3.73574447444678,0.228,0.079,5.76309203017558e-16,"ANXA4"
2.75266012738784e-20,-0.218958695230949,0.208,0.569,6.14421267034239e-16,"SVIP"
2.82545613512946e-20,2.82682941601121,0.327,0.164,6.30670063922246e-16,"FGD2"
2.84414177419178e-20,-0.719731168617764,0.043,0.261,6.34840885417346e-16,"RCN1"
2.9316982758193e-20,-0.512855432811472,0.061,0.295,6.54384372145626e-16,"BLVRB"
3.24358585575149e-20,-1.00588260642119,0.077,0.316,7.24000798862291e-16,"ANKRD37"
3.30132993387367e-20,0.110563473043223,0.153,0.478,7.36889854539942e-16,"PSMB5"
3.35589670309235e-20,4.46556601100223,0.133,0.023,7.49069703097244e-16,"ARAP2"
3.95108365559304e-20,2.91734414626049,0.391,0.247,8.81921382764923e-16,"DRAM2"
3.99333665412441e-20,-0.831440898030238,0.074,0.317,8.91352674567109e-16,"FOXO3"
4.07389673113034e-20,3.28712702570787,0.278,0.12,9.09334489355603e-16,"OSBPL10"
4.19851852951066e-20,2.9257691512746,0.242,0.088,9.37151320972074e-16,"FAM102A"
4.61577965726346e-20,0.456713444541593,0.896,0.905,1.03028817729778e-15,"HSP90AA1"
4.73783092737238e-20,2.05849232814363,0.519,0.441,1.05753124129879e-15,"DOCK8"
4.84103319263367e-20,2.64043888681153,0.381,0.23,1.08056701892776e-15,"SH3BP5"
4.92596455018866e-20,-2.58337062863085,0.014,0.197,1.09952454724761e-15,"PSAT1"
4.94103112250233e-20,-0.350308580416484,0.124,0.411,1.10288755685375e-15,"REXO2"
5.09666184597775e-20,2.62571533627619,0.359,0.199,1.13762589064069e-15,"WASHC4"
5.31865561922925e-20,2.62440488035965,0.427,0.292,1.18717712076816e-15,"TAGAP"
5.35536002761052e-20,3.32304450859862,0.284,0.128,1.19536991176294e-15,"RHOG"
5.95989353000466e-20,-1.71581988076514,0.016,0.202,1.33030783483234e-15,"PRADC1"
6.25354342552132e-20,1.57895927512537,0.605,0.637,1.39585342801061e-15,"PCBP2"
6.32344092610505e-20,1.85009639672308,0.571,0.569,1.41145524911591e-15,"LSP1"
6.37538372813002e-20,3.33048847686403,0.228,0.079,1.4230494019559e-15,"PACS1"
6.4187067245799e-20,2.56580530522553,0.368,0.213,1.43271952799348e-15,"PHF20"
6.87976976696614e-20,-0.244843993731739,0.174,0.5,1.53563340968451e-15,"EDEM1"
6.94198035250277e-20,-1.1570104925314,0.016,0.201,1.54951943448214e-15,"KCNA3"
7.24165865987297e-20,3.12238580672709,0.246,0.094,1.61641062947025e-15,"PXK"
7.64700355899817e-20,-0.211805835854198,0.201,0.552,1.70688766440398e-15,"SYVN1"
8.46564451243008e-20,0.00150177417732911,0.122,0.411,1.88961651161952e-15,"PSENEN"
8.59317798867461e-20,2.93621932781372,0.35,0.197,1.91808325885206e-15,"SERPINB1"
8.83624857086495e-20,1.2907748895047,0.659,0.703,1.97233904350277e-15,"HSPE1"
8.87945498968018e-20,1.32178029256863,0.668,0.782,1.98198314824651e-15,"PSME1"
9.20808917367212e-20,2.22770067885929,0.467,0.35,2.05533758445535e-15,"FNBP1"
9.2754267061817e-20,3.9773868958515,0.21,0.069,2.07036799508682e-15,"CD86"
9.61167384193206e-20,-0.955930512959555,0.043,0.254,2.14542171825765e-15,"ZNF275"
9.64629251254003e-20,2.45449623230207,0.467,0.361,2.15314895172406e-15,"IQGAP1"
1.04643185243522e-19,3.84503577872964,0.23,0.084,2.33574053782065e-15,"TFEB"
1.05678303974607e-19,-0.187202770063627,0.3,0.72,2.3588454230172e-15,"TXN"
1.08881358499537e-19,1.51302490049409,0.621,0.658,2.43034080306817e-15,"NCL"
1.11113160106833e-19,4.25265331406504,0.208,0.068,2.48015684674461e-15,"CCND3"
1.11870935139547e-19,1.82733948942341,0.542,0.481,2.49707114324984e-15,"KMT2E"
1.41550167867448e-19,1.45017083211429,0.616,0.672,3.15954129696931e-15,"C4orf3"
1.43788892344879e-19,-1.02443179583241,0.029,0.227,3.20951186603004e-15,"MAGEH1"
1.50637185372011e-19,1.28735819526702,0.609,0.58,3.36237261468866e-15,"DDX3X"
1.63051931512407e-19,4.00210453034254,0.183,0.052,3.63948216328843e-15,"NEK6"
1.64045989954411e-19,2.24777897655589,0.438,0.307,3.66167054177241e-15,"TNFRSF13B"
1.69537082616102e-19,-0.64767332884414,0.052,0.272,3.78423722107402e-15,"R3HCC1"
1.72322501267171e-19,-0.519710529915251,0.144,0.439,3.84641055078453e-15,"FUT8"
1.75564881948761e-19,1.7636998699905,0.549,0.469,3.9187837299783e-15,"ZFP36"
1.8777367385072e-19,-0.100763405618951,0.081,0.33,4.19129617402192e-15,"ABHD14A"
1.88170863463109e-19,-0.131424664430912,0.219,0.589,4.20016184336006e-15,"IFI27L2"
1.9135259950375e-19,-1.96189674958265,0.02,0.207,4.2711813735232e-15,"VEGFA"
2.20009539191203e-19,-1.94435624661433,0.014,0.192,4.91083292428683e-15,"MGLL"
2.27302396816365e-19,-6.68910358147606,0.014,0.185,5.07361679933809e-15,"IGHV3-23"
2.4172174287556e-19,-0.985483839411156,0.045,0.255,5.39547102272537e-15,"APOL1"
2.45730519199214e-19,-0.515288937496847,0.084,0.328,5.48495091904566e-15,"CLPTM1"
2.56189529663079e-19,-0.273631616733807,0.084,0.331,5.71840649160958e-15,"EMC2"
2.67425569917514e-19,1.62630302987101,0.596,0.658,5.96920614612884e-15,"EIF3G"
2.76206759701334e-19,-4.91610477885443,0.002,0.166,6.16521108329348e-15,"MIXL1"
2.8930035818821e-19,3.76604060449196,0.126,0.021,6.45747329511905e-15,"PIK3CD"
2.98657654466595e-19,1.82026136947511,0.553,0.545,6.66633750534887e-15,"SOD1"
3.00520763402723e-19,-0.387922593876685,0.059,0.283,6.70792395991217e-15,"IFT27"
3.13154679303056e-19,5.02103506300535,0.129,0.023,6.9899255967235e-15,"FAM117B"
3.15109253591054e-19,2.19533820723467,0.49,0.409,7.03355364940592e-15,"SNRPB"
3.30981723393462e-19,-1.39695591376166,0.045,0.253,7.38784304786547e-15,"CHPF2"
3.41637553745278e-19,-1.21906685494683,0.05,0.261,7.62569183714836e-15,"CHST2"
3.4311756947746e-19,-5.8167315448273,0,0.16,7.65872726830638e-15,"FAM92B"
3.49289177224064e-19,2.4720879305844,0.418,0.283,7.79648372481834e-15,"TRAF3IP3"
3.54062345750007e-19,-0.194871574692869,0.156,0.464,7.90302561948592e-15,"NUDT22"
3.59542160195992e-19,2.96192595383915,0.233,0.086,8.02534055773474e-15,"LYST"
3.61863722503946e-19,-1.18142093763958,0.02,0.205,8.07716015001057e-15,"AVEN"
3.75417152819339e-19,1.79583209885991,0.553,0.552,8.37968626808048e-15,"UXT"
4.05363915367044e-19,-0.414957972900207,0.345,0.77,9.04812795490778e-15,"ATF4"
4.26433959705579e-19,-1.77033166546083,0.025,0.213,9.51843241458823e-15,"SLC2A5"
4.31515004837627e-19,2.24570644629373,0.488,0.399,9.63184642298066e-15,"DDX21"
4.49368459475142e-19,3.39013228284494,0.235,0.089,1.00303533839446e-14,"SPI1"
4.75972056166879e-19,0.154238960679167,0.106,0.372,1.06241722657009e-14,"CTBS"
5.92256502589354e-19,0.086197542841,0.131,0.415,1.3219757394297e-14,"SEC22B"
6.507905116938e-19,4.91409909571065,0.115,0.017,1.45262950115173e-14,"TTC39C"
6.62145633160644e-19,-3.35845982942427,0.005,0.168,1.47797526777787e-14,"CNKSR1"
6.89218161981921e-19,4.60198564275582,0.131,0.025,1.53840385935984e-14,"LDLRAD4"
7.0306399995705e-19,3.07365323445567,0.321,0.17,1.56930915430413e-14,"OSBPL8"
7.40747135445819e-19,4.59053526632725,0.115,0.017,1.65342168102861e-14,"PLEKHG1"
8.39328731608113e-19,-0.210557351369941,0.122,0.392,1.87346566182247e-14,"GOLGA3"
8.44426339235506e-19,-6.14858029133475,0,0.157,1.88484403180757e-14,"ZNF215"
8.52736998610647e-19,-3.05130525247328,0.009,0.177,1.90339425459882e-14,"EVA1B"
8.8520581821351e-19,1.59028281982471,0.573,0.539,1.97586790683438e-14,"HIST1H4C"
8.89309555193066e-19,2.73346865311528,0.296,0.138,1.98502785814644e-14,"DOCK10"
8.91864495427875e-19,0.152186472042423,0.142,0.442,1.99073074024456e-14,"NDFIP1"
1.09515241799921e-18,2.55947919469364,0.395,0.257,2.44448971221604e-14,"ITSN2"
1.11588204643796e-18,-0.139820707907244,0.07,0.298,2.49076031585418e-14,"EIF2AK3"
1.24717794364715e-18,2.52484244154475,0.456,0.357,2.78382588801481e-14,"EPSTI1"
1.2856938039818e-18,-0.173851940297276,0.251,0.643,2.86979713986778e-14,"ATRAID"
1.34126221552771e-18,3.46083469226375,0.192,0.06,2.9938313912794e-14,"MAPK1"
1.35683142754409e-18,3.0279771204455,0.391,0.243,3.02858342942117e-14,"NR4A1"
1.38819257560766e-18,6.03394939431627,0.079,0.005,3.09858464801386e-14,"NT5E"
1.47806164955098e-18,-1.86447513611404,0.007,0.171,3.29918140796274e-14,"TMEM45A"
1.69090136125396e-18,-0.12151285415257,0.108,0.371,3.77426092845497e-14,"VSIR"
1.92370935858257e-18,0.106321451979449,0.196,0.543,4.29391165929216e-14,"ARL1"
2.20269359917221e-18,-0.17401220368208,0.264,0.662,4.9166323827123e-14,"AKR1A1"
2.21659059234977e-18,-0.209637338405996,0.111,0.373,4.94765186118392e-14,"GOSR2"
2.23625163502237e-18,-0.601797182019562,0.05,0.257,4.99153727453343e-14,"OGFOD3"
2.45062122344247e-18,0.00734469927727488,0.237,0.617,5.47003163284593e-14,"NDUFS8"
2.64935751758767e-18,4.00317135255103,0.102,0.013,5.91363091500745e-14,"FXYD1"
2.7298863327989e-18,3.53306300785294,0.183,0.055,6.09337928344043e-14,"NUP88"
3.09110430750856e-18,-1.02460600425257,0.054,0.261,6.89965392478986e-14,"MTHFD2"
3.32898979971209e-18,0.115395359288842,0.095,0.339,7.43063813193736e-14,"LMNA"
3.44580421461911e-18,-0.419993325743837,0.09,0.33,7.69137958745131e-14,"TMEM107"
3.55699519443454e-18,0.131036998681119,0.138,0.422,7.93956897349734e-14,"CCNC"
3.73859172319996e-18,-0.261938976103359,0.093,0.338,8.34491058535463e-14,"PMEPA1"
4.09284087658521e-18,-0.306918543619963,0.122,0.388,9.13563012062585e-14,"ACSS1"
4.17699241050988e-18,1.91928302340503,0.528,0.509,9.32346475949911e-14,"HIGD2A"
4.22589390125754e-18,1.6951919366537,0.569,0.551,9.43261777699695e-14,"DNAJA1"
4.24280797428449e-18,-0.698446398624514,0.05,0.254,9.47037167940041e-14,"IMPAD1"
4.37226974015039e-18,-0.0378161734920917,0.115,0.381,9.75934328698969e-14,"EMC3"
4.74114298795701e-18,1.88964560221646,0.551,0.556,1.05827052634188e-13,"CTSZ"
5.67572639932149e-18,-1.18229009801051,0.032,0.217,1.26687888959255e-13,"RASSF6"
5.83852712795375e-18,-0.84228364174445,0.056,0.264,1.30321764023056e-13,"GADD45A"
6.3979668031809e-18,-0.516163823644249,0.494,0.842,1.42809017013801e-13,"TMEM59"
6.53245028475608e-18,4.3768860314995,0.102,0.014,1.4581082280604e-13,"ARRDC2"
6.71934735653552e-18,-0.565354668604956,0.063,0.277,1.49982552345229e-13,"EDEM3"
7.22182252731634e-18,2.22798507717937,0.395,0.257,1.61198300632228e-13,"PCM1"
8.39358201478981e-18,-0.11453366348945,0.099,0.347,1.87353144152123e-13,"DNASE2"
8.63857300835105e-18,2.24642737817579,0.476,0.399,1.92821588119404e-13,"SP140"
8.72631363572143e-18,5.37505642718317,0.081,0.006,1.94780046662938e-13,"BTNL9"
8.81516324374492e-18,3.1236961212885,0.242,0.098,1.9676325876363e-13,"SOCS1"
8.96104165006064e-18,2.48799490107697,0.418,0.299,2.00019410671004e-13,"WIPF1"
9.30472792636774e-18,-0.00567173110315999,0.115,0.377,2.07690832044454e-13,"ATP6AP1"
9.5111414581866e-18,-0.0437711568638905,0.095,0.338,2.12298188488183e-13,"DCPS"
1.01971513383108e-17,0.143534367366319,0.181,0.505,2.27610615022435e-13,"DNAJC4"
1.09230366048134e-17,-3.51680382271566,0.005,0.158,2.43813100056039e-13,"HIST1H2AE"
1.15581942350363e-17,-0.348982732715606,0.336,0.747,2.57990453520245e-13,"DDOST"
1.30560506760009e-17,0.116392359373373,0.221,0.57,2.91424107139015e-13,"CLINT1"
1.35307527730276e-17,3.99230241749499,0.144,0.034,3.0201993264675e-13,"IL4R"
1.35847706074387e-17,-0.160591438120063,0.084,0.315,3.0322566472864e-13,"SPTSSA"
1.40073580131061e-17,2.30942094249442,0.512,0.473,3.12658238210542e-13,"CTSH"
1.40446317146005e-17,0.273531603633394,0.072,0.295,3.13490224501597e-13,"ALG2"
1.44804313474144e-17,2.40252891147489,0.46,0.376,3.23217708105637e-13,"EIF1B"
1.45355793549386e-17,-0.408220423411391,0.095,0.331,3.24448666781584e-13,"DENND5B"
1.46577934877947e-17,-5.52008890495142,0.49,0.782,3.27176608441064e-13,"IGLC3"
1.48635023716442e-17,-0.0933745046768832,0.163,0.461,3.3176823643747e-13,"NEU1"
1.56517022811667e-17,-2.48584325275199,0.014,0.176,3.49361646617923e-13,"PTCH2"
1.64769169084641e-17,0.0446481721716196,0.142,0.426,3.67781262313828e-13,"SURF1"
1.856613909038e-17,3.53755472339629,0.153,0.039,4.14414790636371e-13,"TNFRSF1B"
1.87517919128479e-17,-1.51419473352225,0.029,0.208,4.18558747286679e-13,"MYO1D"
1.96027672884823e-17,-1.34110585882911,0.052,0.249,4.37553368646214e-13,"KNTC1"
1.99687238699827e-17,-0.00572886651208337,0.144,0.426,4.45721885501884e-13,"MAP3K13"
2.01646051074519e-17,0.188492605648633,0.158,0.458,4.50094150603433e-13,"TXNDC17"
2.03142898609957e-17,1.52180125108774,0.573,0.603,4.53435263987286e-13,"SLC25A3"
2.03263680596482e-17,-0.873364673382462,0.027,0.204,4.53704861459408e-13,"WNT10A"
2.21468897274679e-17,-0.636218462468291,0.061,0.268,4.94340725606812e-13,"OSBP"
2.23575587381438e-17,2.82651656569478,0.257,0.114,4.99043068594109e-13,"PIKFYVE"
2.78502088524405e-17,-0.207621023317555,0.086,0.315,6.21644511795325e-13,"COQ4"
2.95005520289671e-17,0.00308149146765735,0.165,0.467,6.58481821838575e-13,"MORF4L2"
3.01885572431262e-17,3.50254713278971,0.181,0.056,6.7383878622382e-13,"RELT"
3.25973263138174e-17,-0.385878099462393,0.07,0.284,7.27604920650719e-13,"APOL2"
3.30487732951444e-17,-0.0930226842099033,0.077,0.299,7.37681668720917e-13,"PKHD1L1"
3.54127824527809e-17,2.45682975045431,0.354,0.212,7.90448717128523e-13,"GRK2"
3.72331168258706e-17,0.0657465829363897,0.084,0.311,8.31080400670257e-13,"PDXDC1"
3.88931483694957e-17,5.87316291450573,0.065,0.002,8.68133964755514e-13,"FAM177B"
3.92128077037977e-17,3.89899480558827,0.124,0.025,8.75269080756468e-13,"SORL1"
4.10563142875176e-17,2.98761551952667,0.312,0.171,9.16417991211681e-13,"ACP5"
4.31513051909955e-17,1.85780087865839,0.517,0.488,9.6318028316821e-13,"SNRPD3"
4.96170120760674e-17,2.07555990930923,0.499,0.445,1.1075013265499e-12,"ANXA6"
4.98950333845725e-17,0.52114724964747,0.851,0.935,1.11370704017704e-12,"GNAS"
5.09381386428583e-17,-0.302859306657677,0.029,0.206,1.13699019264724e-12,"HMCES"
5.09867366881838e-17,2.22847298922885,0.481,0.422,1.13807494961695e-12,"EIF3L"
5.15091122725088e-17,-2.32173210000397,0.011,0.168,1.14973489503467e-12,"TK2"
5.35655826917002e-17,-0.271326786756581,0.079,0.3,1.19563737126144e-12,"CCDC112"
5.35928716598239e-17,-1.6304133278497,0.025,0.195,1.19624648831893e-12,"TBXAS1"
5.65685012730473e-17,6.48347689804264,0.068,0.003,1.26266551691569e-12,"IL6"
5.70931315886477e-17,-0.377399779865961,0.372,0.782,1.27437579019021e-12,"NPC2"
5.78842365129566e-17,2.29816824904591,0.449,0.35,1.2920340432057e-12,"PRDM2"
5.88674223938185e-17,2.48681370300904,0.391,0.266,1.31397973525242e-12,"PPP1R12A"
5.91074046471336e-17,0.118646554050802,0.144,0.427,1.31933637912867e-12,"TFG"
5.92120505016363e-17,1.45594429836132,0.612,0.662,1.32167217924702e-12,"LUC7L3"
6.16316179601133e-17,-0.0280594155369973,0.104,0.346,1.37567934448769e-12,"TARS"
6.31327478382137e-17,3.17337110121461,0.255,0.114,1.40918606449677e-12,"SFT2D2"
7.00049686247422e-17,-0.0814651096951153,0.052,0.249,1.56258090467287e-12,"PIGK"
7.18594171249335e-17,-5.25839625609083,0,0.141,1.60397404964564e-12,"LMTK3"
7.51658223276437e-17,3.38182008613883,0.131,0.029,1.67777632017534e-12,"BTLA"
7.5227191802101e-17,3.85889244049598,0.194,0.067,1.6791461482147e-12,"KDM6B"
7.75935480167819e-17,1.9749392379719,0.533,0.523,1.73196558528259e-12,"PARP1"
8.80346722369847e-17,4.18335861442206,0.138,0.033,1.96502191900174e-12,"SAV1"
9.00770207890941e-17,1.95006781401239,0.474,0.382,2.01060918103337e-12,"WSB1"
9.03397497492439e-17,2.12554725089321,0.517,0.483,2.01647355415287e-12,"PPM1K"
9.2025181767838e-17,7.6915672875816,0.054,0,2.05409408223991e-12,"SIGLEC14"
9.23539788824597e-17,-0.0624598906454813,0.226,0.575,2.06143316263538e-12,"COMMD3"
9.28240802533684e-17,2.53455827815844,0.395,0.275,2.07192629533544e-12,"PSIP1"
9.66219055587413e-17,-0.119768301562916,0.237,0.593,2.15669755397666e-12,"BSG"
1.00796450846643e-16,1.94604379885977,0.506,0.465,2.24987757934791e-12,"SYF2"
1.0793056372128e-16,-0.524462987581158,0.063,0.268,2.4091181128227e-12,"ABHD3"
1.09294169839169e-16,-0.0765569199178255,0.063,0.269,2.43955516498009e-12,"HEXB"
1.10299422198997e-16,-1.16026609341653,0.025,0.193,2.46199340290381e-12,"COL9A3"
1.11613971975391e-16,-1.29409050131845,0.034,0.21,2.49133546846271e-12,"SLC7A5"
1.17078835451256e-16,-0.398906450356203,0.052,0.246,2.6133166861075e-12,"NAGLU"
1.19501294880683e-16,-0.597137668393308,0.05,0.242,2.66738840303173e-12,"C19orf38"
1.24982400977235e-16,-0.0987064949527627,0.129,0.387,2.78973217221287e-12,"EIF4G1"
1.2951704129718e-16,2.64924187779351,0.282,0.138,2.89094987879435e-12,"RUNX3"
1.29609759984857e-16,-1.59661933284585,0.045,0.226,2.89301945262198e-12,"ATF5"
1.33679697511481e-16,-1.62963153331586,0.014,0.169,2.98386452815376e-12,"CREG1"
1.44220887954198e-16,0.0462383587438916,0.244,0.608,3.21915444002566e-12,"TMED4"
1.48294612240219e-16,-5.8595870657232,0.036,0.208,3.31008403981393e-12,"IGLL5"
1.63331986531638e-16,-1.05724246223405,0.034,0.208,3.64573327137269e-12,"AL031777.3"
1.63510186141397e-16,1.41855651830524,0.594,0.655,3.64971086486213e-12,"PSMA7"
1.64744852419299e-16,0.969725429018852,0.677,0.775,3.67726985085118e-12,"NDUFA4"
1.7420299292393e-16,-0.501589642149062,0.068,0.273,3.88838500505504e-12,"ATP2A2"
1.81471812011077e-16,4.79740781906693,0.081,0.008,4.05063231589925e-12,"SCML4"
1.82400663438727e-16,4.25604894489252,0.104,0.017,4.07136520861583e-12,"TGIF1"
1.87854026010622e-16,3.73545393804062,0.079,0.007,4.1930897145831e-12,"CLNK"
2.05033244857254e-16,0.327502768664474,0.099,0.336,4.57654705845876e-12,"MKKS"
2.06089908051337e-16,3.83955386666422,0.174,0.055,4.6001328376139e-12,"JADE2"
2.11838039914804e-16,2.9337440028652,0.266,0.128,4.72843688893834e-12,"MORC3"
2.11986851059508e-16,0.120034651802162,0.19,0.5,4.73175850249928e-12,"STT3B"
2.30784411634951e-16,0.0930901023458742,0.199,0.527,5.15133885210375e-12,"MRPL40"
2.32333213372655e-16,-0.118951590039732,0.07,0.279,5.18590965569104e-12,"B4GALT7"
2.49215375268471e-16,2.17036528933272,0.377,0.243,5.56273639136755e-12,"UTRN"
2.52052010495118e-16,-0.842615841273613,0.079,0.289,5.62605292626152e-12,"MLKL"
2.58973830504311e-16,-2.69613561743944,0.005,0.147,5.78055487068672e-12,"SCAMP5"
2.59796728085372e-16,-7.30147115793806,0.005,0.145,5.79892276759359e-12,"IGLV3-25"
2.66329472228131e-16,2.63992556581546,0.354,0.222,5.94474014960411e-12,"PNRC2"
2.75654763225985e-16,-0.50966677552147,0.063,0.263,6.15288996996721e-12,"UGGT1"
2.838591558689e-16,1.53550092602892,0.58,0.625,6.33602021814972e-12,"UBE2D3"
2.93416736817091e-16,1.50300590290355,0.585,0.63,6.54935498249429e-12,"DDX24"
2.94031635066128e-16,0.0335645400277816,0.23,0.566,6.56308012631105e-12,"BHLHE41"
2.94959734657914e-16,1.32142835008788,0.625,0.713,6.58379623729929e-12,"ALDOA"
2.97795001093405e-16,3.19461857717357,0.246,0.11,6.64708221940589e-12,"ORAI1"
2.99499872836621e-16,-1.18641614401769,0.054,0.242,6.68513666158622e-12,"LGALS3BP"
3.02062906261608e-16,-3.83501025239738,0.002,0.141,6.74234613066535e-12,"MESP1"
3.0340207281218e-16,-0.175518194506883,0.086,0.305,6.77223766724067e-12,"NUS1"
3.04185100348105e-16,-3.02786965890209,0.002,0.141,6.78971562487004e-12,"NLRP7"
3.10601518593313e-16,-0.256130685636068,0.038,0.217,6.93293649652133e-12,"GCSH"
3.82859552853188e-16,-2.0152114237618,0.009,0.156,8.54580807923602e-12,"RILP"
3.86572629491523e-16,2.09358708908615,0.49,0.438,8.62868766288028e-12,"CAST"
4.28178766995584e-16,0.180484571093968,0.131,0.389,9.55737825810843e-12,"RPS6KB2"
4.36212605276683e-16,-0.555228213529319,0.095,0.319,9.73670156238085e-12,"BICD1"
4.89596590083558e-16,2.09498646244362,0.465,0.395,1.09282854872551e-11,"CHURC1"
5.20506245301663e-16,-0.228798040245987,0.124,0.363,1.16182199013784e-11,"WARS"
5.66800263197736e-16,3.56757136993116,0.287,0.152,1.26515486748367e-11,"PLEKHA2"
5.68527560885376e-16,-1.62533226449273,0.029,0.195,1.26901036865225e-11,"MIR4435-2HG"
5.71802186074362e-16,0.03563258102252,0.072,0.28,1.27631965953658e-11,"DEF8"
5.9767291694544e-16,1.42418490223804,0.614,0.701,1.33406571791392e-11,"HNRNPA3"
6.06334534394446e-16,-0.0802533006381279,0.086,0.303,1.35339931422184e-11,"GPAA1"
6.23821282007353e-16,0.104487482269965,0.111,0.349,1.39243148356861e-11,"GIGYF2"
6.33529024171441e-16,2.62803682441246,0.3,0.161,1.41410013485307e-11,"ARHGAP30"
6.41899348436413e-16,1.11454684969664,0.639,0.756,1.43278353564492e-11,"COX5B"
7.32282731677957e-16,-1.73672949634647,0.011,0.158,1.63452828537837e-11,"ACP2"
7.42404636487365e-16,2.13167416621062,0.494,0.455,1.65712138910345e-11,"ST13"
7.85008247707484e-16,-0.157362568199419,0.21,0.521,1.75221690970788e-11,"SCFD1"
8.53594886980755e-16,0.159701848874756,0.23,0.577,1.90530914722974e-11,"ERGIC2"
8.61899305424801e-16,1.65783763187747,0.567,0.616,1.9238454396387e-11,"APRT"
9.00181960320668e-16,2.35597746508913,0.431,0.339,2.00929615363176e-11,"KHDRBS1"
9.35628980284186e-16,-1.22527592528492,0.027,0.189,2.08841744689233e-11,"QPCT"
9.44150703654846e-16,-0.799907285213026,0.065,0.26,2.10743878562798e-11,"N4BP2"
1.01120722619253e-15,-0.113785989198495,0.233,0.574,2.25711564958435e-11,"TMEM147"
1.03320562650776e-15,0.120619870165379,0.212,0.531,2.30621827892797e-11,"IFI35"
1.08790242306368e-15,-0.685747900180798,0.047,0.228,2.42830699852043e-11,"DENND6B"
1.12634220257105e-15,5.03063744874571,0.063,0.003,2.51410843035884e-11,"RMI2"
1.13808266737058e-15,-0.773591965483052,0.043,0.219,2.54031432183786e-11,"CEP97"
1.14176947953245e-15,4.34983008667461,0.181,0.063,2.54854365526437e-11,"CHI3L2"
1.16352749492789e-15,3.21827260688748,0.133,0.033,2.59710972142854e-11,"TNFSF12"
1.22602575930046e-15,-4.94659438954658,0,0.131,2.73661209733455e-11,"KDELR3"
1.30130314834948e-15,0.371256283441787,0.359,0.729,2.90463875743089e-11,"RGS1"
1.35232859405578e-15,-0.134515312317235,0.309,0.704,3.01853265479191e-11,"DPP7"
1.36518824781762e-15,1.64829982417536,0.564,0.597,3.0472366879537e-11,"EIF4B"
1.38090886687964e-15,0.243358130743433,0.226,0.569,3.08232668176206e-11,"ALKBH7"
1.39326881352386e-15,2.87645466215948,0.226,0.095,3.10991531866661e-11,"ARL4C"
1.46048182618226e-15,-0.981047059044878,0.02,0.174,3.25994148422141e-11,"WFS1"
1.58712268812265e-15,1.97987111764335,0.472,0.39,3.54261655215857e-11,"VPS13C"
1.65320838870937e-15,0.121804431392317,0.194,0.495,3.69012644443817e-11,"LAP3"
1.7120615035581e-15,3.31949413065949,0.126,0.029,3.82149248209203e-11,"SNN"
1.74421866855065e-15,-0.158804715273155,0.122,0.365,3.8932704900719e-11,"YIPF5"
1.75482768734053e-15,4.04628408931781,0.102,0.017,3.9169508809128e-11,"MIR222HG"
1.783155420162e-15,3.24355483498271,0.172,0.056,3.9801812133436e-11,"RAB4B"
1.79514901730876e-15,0.480387597789234,0.163,0.446,4.00695212153489e-11,"UQCC2"
1.80724070364111e-15,-0.126239296328895,0.361,0.791,4.03394197459733e-11,"SEL1L3"
1.89354611879776e-15,1.80843979046237,0.537,0.552,4.22658429176848e-11,"SNRPD2"
1.90191025371735e-15,3.1067036460339,0.266,0.133,4.2452538773225e-11,"SNAP23"
1.94022550691392e-15,2.20670695297227,0.449,0.37,4.33077735398256e-11,"ADAM28"
1.96138411505363e-15,-0.332524931739482,0.093,0.308,4.3780054832112e-11,"ZNF37A"
2.31277162994284e-15,-2.83964422594191,0.005,0.139,5.16233755519542e-11,"INSR"
2.48314504351716e-15,-0.236948087133363,0.381,0.718,5.54262805163466e-11,"HSPA1B"
2.51174733361736e-15,0.412923733370068,0.052,0.235,5.60647122336732e-11,"BCKDK"
2.535463549579e-15,3.33989092332394,0.199,0.076,5.65940818901529e-11,"NDE1"
2.59417215012253e-15,5.5294442638447,0.079,0.009,5.79045165628851e-11,"SATB1"
2.71551093292682e-15,0.23193043825095,0.142,0.406,6.06129195338595e-11,"NAXE"
2.81661545993968e-15,3.36359665444355,0.129,0.031,6.28696736813136e-11,"ZNF439"
2.85702904654145e-15,3.29119962863736,0.266,0.136,6.37717453478518e-11,"HDAC1"
2.86851541151689e-15,0.0797009287322625,0.163,0.443,6.40281325004685e-11,"A1BG"
2.9409087709881e-15,0.801074021390533,0.7,0.795,6.56440246772255e-11,"UBL5"
2.98002165969585e-15,0.180660226241658,0.23,0.57,6.65170634660711e-11,"IFNAR1"
3.16349671544686e-15,5.63655043490817,0.059,0.002,7.06124101854894e-11,"PIK3R6"
3.53669396466562e-15,-0.274808240190735,0.298,0.666,7.89425459853013e-11,"OGT"
3.63698467089952e-15,0.0849505806777712,0.228,0.549,8.11811348391482e-11,"APOL6"
3.73962826031002e-15,-0.0115860843578471,0.237,0.566,8.34722423983799e-11,"NRDC"
3.85402677617857e-15,0.0153620232011904,0.133,0.382,8.60257316710818e-11,"XRRA1"
3.89672568421594e-15,0.124598165227604,0.156,0.424,8.6978813997384e-11,"CLTC"
3.89701376011873e-15,2.53011761145484,0.359,0.236,8.69852441396101e-11,"SYK"
4.01411857435472e-15,-4.06452645542289,0.002,0.132,8.95991406981718e-11,"NDFIP2"
4.10020069882376e-15,0.509036145174216,0.158,0.434,9.15205797984451e-11,"RDX"
4.17597131297332e-15,2.9073727221556,0.226,0.098,9.32118556768774e-11,"EHD1"
4.23581112825126e-15,-3.57585884720322,0.005,0.137,9.45475401936963e-11,"NOL3"
4.42862868092384e-15,2.18441430309345,0.458,0.407,9.88514207869010e-11,"SUMO1"
4.51156231297159e-15,1.80497958108778,0.519,0.525,1.00702582387839e-10,"LAMTOR5"
4.86073359221913e-15,-0.852765415227299,0.036,0.201,1.08496434511923e-10,"KIF13B"
5.1627779421584e-15,-0.627428883650472,0.032,0.192,1.15238366446918e-10,"SLC39A11"
5.53120655175703e-15,0.179029541607928,0.151,0.418,1.23462061441769e-10,"HAGH"
5.55600010141845e-15,-5.31239250185416,0,0.125,1.24015478263761e-10,"LINC00891"
5.65380818816862e-15,1.00109111831587,0.657,0.79,1.26198652568112e-10,"COX6B1"
5.70840303454224e-15,-0.722214576903627,0.226,0.492,1.27417264134017e-10,"IFI27"
5.71456502623164e-15,-0.360667935428141,0.05,0.226,1.27554805950517e-10,"ASNS"
5.93536563269903e-15,-0.783445260100735,0.045,0.217,1.32483296287475e-10,"C16orf58"
6.19575089575705e-15,2.71630786515187,0.269,0.137,1.38295355744193e-10,"CSNK1G2"
6.34164816963307e-15,-5.84771987347355,0.02,0.163,1.4155192879438e-10,"IGKV4-1"
6.50779578551301e-15,-0.0948505617161324,0.059,0.242,1.45260509728436e-10,"GALK2"
6.51034290600437e-15,-0.218405619462495,0.108,0.332,1.45317364004923e-10,"AP3D1"
6.59216235847954e-15,-0.177208963373333,0.077,0.276,1.47143656003622e-10,"LMF2"
6.74172979378848e-15,0.105970047647139,0.104,0.327,1.50482150727153e-10,"ORMDL3"
6.82824001874182e-15,2.6232643210969,0.273,0.141,1.52413145458336e-10,"SMC6"
7.27662803853323e-15,-1.47783267125776,0.011,0.149,1.624216144481e-10,"ARSG"
7.89790389994968e-15,-1.34704879596988,0.014,0.154,1.76289112950777e-10,"SLC35C1"
8.09391289169852e-15,2.75547735839771,0.242,0.112,1.80664229655603e-10,"CAMK1D"
8.10501123170121e-15,2.76665120657569,0.377,0.272,1.80911955702803e-10,"BAX"
8.1875276228758e-15,-0.517935435308517,0.045,0.217,1.82753804070211e-10,"GOLGA5"
8.63152705952609e-15,-0.308633511487827,0.041,0.208,1.92664315495682e-10,"TBL2"
8.76712464055237e-15,0.380675290778413,0.919,0.948,1.95690989101769e-10,"UBC"
8.77420513115672e-15,-0.0660730940586014,0.104,0.324,1.95849032732549e-10,"SPTY2D1"
9.07085110732486e-15,-0.702706776996337,0.264,0.562,2.02470467566598e-10,"HIST1H1C"
9.150168532732e-15,-0.0302358853673461,0.138,0.388,2.04240911819111e-10,"FAM89B"
9.19422319031414e-15,5.40860990646346,0.068,0.006,2.05224255831002e-10,"TMOD2"
9.2006987966881e-15,-0.73782313155468,0.034,0.194,2.05368797840875e-10,"ATP8B2"
9.26415592981229e-15,-1.34713990327062,0.02,0.168,2.0678522450934e-10,"PCCB"
9.33184191349816e-15,4.7492552763188,0.108,0.022,2.08296043351192e-10,"SMAD3"
9.49579703085815e-15,-0.785807639030806,0.045,0.215,2.11955685525785e-10,"P2RX4"
9.62506115308486e-15,0.0174936962734592,0.246,0.585,2.14840989998007e-10,"CDK2AP2"
9.8949079896151e-15,0.249318312139822,0.106,0.332,2.20864241236199e-10,"ADIPOR1"
1.06409801774817e-14,-0.422724998693796,0.19,0.461,2.37517318541568e-10,"CCND2"
1.07024190289649e-14,1.80167284966739,0.519,0.526,2.38888695145526e-10,"MORF4L1"
1.21359614169017e-14,0.259338289775133,0.142,0.4,2.70886794786663e-10,"MRPL55"
1.25927020706447e-14,0.0796073318526515,0.199,0.497,2.81081702918861e-10,"TMED5"
1.26267452878973e-14,-0.124991531384233,0.088,0.295,2.81841581571155e-10,"TMED7"
1.32790606699426e-14,-0.660317255258716,0.027,0.18,2.96401913213789e-10,"TSHZ2"
1.46645922815461e-14,2.73583562103389,0.072,0.007,3.2732836431639e-10,"PCDH9"
1.50896190762196e-14,-0.430866935186119,0.041,0.205,3.36815387400298e-10,"ELL"
1.55140452983172e-14,3.33235138705616,0.131,0.034,3.46289005103739e-10,"FAM43A"
1.58433595170503e-14,1.86193236046407,0.442,0.353,3.5363962778008e-10,"MGEA5"
1.59614318491862e-14,2.86264142086323,0.233,0.106,3.56275120305685e-10,"SUN2"
1.59966605802751e-14,-0.248645979913838,0.059,0.24,3.5706146081232e-10,"AK3"
1.61242688033767e-14,-2.09172018599526,0.005,0.132,3.59909803960171e-10,"TMEM56"
1.61665104569257e-14,3.80770654060709,0.126,0.032,3.60852679909039e-10,"DYRK2"
1.86806761440689e-14,4.21989250487596,0.088,0.014,4.16971372211763e-10,"IL18BP"
1.89818286008468e-14,2.68172570115881,0.282,0.153,4.23693396199502e-10,"MIDN"
1.92002198896239e-14,-0.159230896338956,0.056,0.235,4.28568108156296e-10,"FAM45A"
1.96129499746445e-14,0.113124730239123,0.185,0.477,4.3778065638404e-10,"IER3IP1"
2.02936002294028e-14,2.66277645690508,0.228,0.102,4.52973450720499e-10,"MX2"
2.03177469931673e-14,2.6041671934234,0.361,0.247,4.53512430634488e-10,"LITAF"
2.05092071321506e-14,-0.404607302245928,0.041,0.204,4.57786012396733e-10,"LINC00467"
2.14817324513932e-14,2.69434036029781,0.318,0.195,4.79493750047548e-10,"CDC40"
2.24605503157308e-14,2.26767429041004,0.359,0.24,5.01341943597426e-10,"BAZ1A"
2.25742731107503e-14,-0.334928324250856,0.054,0.23,5.03880350105056e-10,"YIPF1"
2.26230913510316e-14,-3.57468513853689,0.002,0.125,5.04970022046376e-10,"CYB561"
2.48960282437833e-14,-5.07150372952644,0,0.12,5.55704246429487e-10,"CERCAM"
2.77491959078335e-14,0.232532336100666,0.375,0.789,6.19389801858751e-10,"SRGN"
2.96961812219115e-14,3.56947135216815,0.122,0.03,6.62848461054286e-10,"ABI3"
3.05304237419306e-14,-0.523887400089184,0.063,0.245,6.81469588343634e-10,"GBF1"
3.27827051677921e-14,-0.892479282420298,0.018,0.158,7.31742762050287e-10,"MFSD3"
3.28492511589854e-14,0.32998103264027,0.081,0.28,7.33228135119713e-10,"BOLA3"
3.29997092437209e-14,-0.733135820443906,0.045,0.21,7.36586510029094e-10,"CRACR2B"
3.45293586500539e-14,-0.898425963843857,0.018,0.158,7.70729814427854e-10,"GGH"
3.53329894348085e-14,5.83336314222822,0.077,0.01,7.8866765717436e-10,"HCK"
3.62901447345882e-14,2.17955864435689,0.404,0.306,8.10032320620744e-10,"ROCK1"
3.66816608604435e-14,3.43158623817786,0.138,0.039,8.1877135206596e-10,"ZC3H12D"
3.75506774064894e-14,0.314918805265222,0.174,0.45,8.3816867039025e-10,"SDF4"
4.04459249500802e-14,0.22583485029984,0.21,0.527,9.02793490810741e-10,"EMC7"
4.12335468272609e-14,3.59354176958549,0.165,0.056,9.20373998731292e-10,"DOCK11"
4.28333311938782e-14,2.24605874383825,0.325,0.199,9.56082785578556e-10,"ARHGEF1"
4.2921685149464e-14,3.97160086921933,0.068,0.006,9.58054934221186e-10,"SLC9A7"
4.38156973440065e-14,0.154823816548506,0.097,0.303,9.7801018041557e-10,"DUSP5"
4.56701345930135e-14,3.3201403632301,0.187,0.073,1.01940307425065e-09,"ZNF267"
4.58858234141734e-14,3.82619024982656,0.156,0.051,1.02421746442776e-09,"RAB31"
4.64587689284041e-14,-0.0664586386201402,0.056,0.23,1.03700618125091e-09,"IQGAP2"
5.06127262078623e-14,-1.74591047099117,0.506,0.373,1.12972666168569e-09,"IGHM"
5.36189942278145e-14,0.131660195548325,0.097,0.307,1.19682957015905e-09,"MYL6B"
5.43468554827474e-14,2.344285198152,0.262,0.135,1.21307616123041e-09,"DCP2"
6.00841754850261e-14,-0.764480266905245,0.025,0.169,1.34113888100127e-09,"ATG4A"
6.38112164570148e-14,0.1828137836416,0.077,0.268,1.42433016253703e-09,"PARM1"
6.50468688829344e-14,2.47071350936202,0.341,0.225,1.45191116033598e-09,"ARHGAP15"
6.63425804226892e-14,3.96503890973383,0.129,0.035,1.48083273761485e-09,"NFATC1"
6.75724642281672e-14,2.69638570511566,0.341,0.23,1.50828497403692e-09,"LSM6"
7.11346122405268e-14,-0.838185193430451,0.036,0.19,1.5877956798208e-09,"GOLIM4"
7.61690970364202e-14,0.00288404991168068,0.147,0.391,1.70017041494994e-09,"AZIN1"
7.96767278464531e-14,3.71149844507753,0.117,0.029,1.77846424226068e-09,"BCL7A"
7.99604415162811e-14,5.13166886518351,0.099,0.02,1.78479701508491e-09,"MARC2"
8.00721119909252e-14,2.35681563130179,0.51,0.513,1.78728961174944e-09,"ITGB1"
8.12497355641482e-14,-0.458435759032513,0.072,0.257,1.81357534752735e-09,"NCSTN"
8.56017074139261e-14,-0.230341822862847,0.036,0.191,1.91071571118625e-09,"TM7SF2"
8.64010503729697e-14,2.84986335983896,0.269,0.145,1.92855784537506e-09,"SASH3"
8.92433038473214e-14,0.31589566207994,0.144,0.391,1.99199978517606e-09,"SAR1A"
8.99337896734954e-14,3.78632271839929,0.084,0.013,2.00741211930209e-09,"ITGAX"
9.27321507730593e-14,0.0906260395605163,0.144,0.384,2.06987433740546e-09,"KLHL6"
9.49771687464777e-14,-1.98820143562041,0.007,0.13,2.11998538359013e-09,"DCAF12"
9.52263818767147e-14,1.14916284931969,0.621,0.732,2.12554806987015e-09,"TRMT112"
9.99134897250929e-14,3.89172947144707,0.151,0.049,2.2301690041538e-09,"LPIN2"
1.03804648438092e-13,-0.225824733262083,0.061,0.237,2.31702355778665e-09,"MTX1"
1.0601865756515e-13,-1.67723988674644,0.029,0.175,2.36644245551172e-09,"HIST1H2AG"
1.07497771761322e-13,2.8935601973687,0.226,0.105,2.39945776348448e-09,"RBM38"
1.10327296815631e-13,-5.23863372686499,0,0.114,2.46261559222169e-09,"VDR"
1.12740382373459e-13,-0.482091185792426,0.061,0.234,2.51647807495797e-09,"ATP13A1"
1.13095156463097e-13,2.33583350930777,0.393,0.302,2.52439698741279e-09,"ZFAND6"
1.14221777083024e-13,-0.339107228960654,0.074,0.261,2.54954428627018e-09,"ACOT13"
1.18145022983126e-13,1.51124761152663,0.576,0.658,2.63711505800635e-09,"SERBP1"
1.19675939150419e-13,2.7501798875364,0.217,0.096,2.6712866377765e-09,"MICAL3"
1.24685709634248e-13,-0.172929248125731,0.327,0.693,2.78310972474604e-09,"GOLGA4"
1.25257549873449e-13,-0.183761753994884,0.106,0.316,2.79587377072526e-09,"SLC9A3R1"
1.26695551503298e-13,-0.0733768403800741,0.093,0.292,2.82797140510512e-09,"LCORL"
1.39394652596326e-13,5.27205476424534,0.088,0.015,3.11142804060259e-09,"STAG3"
1.44159202903819e-13,-0.204697355560983,0.104,0.31,3.21777756801613e-09,"GTF2A1"
1.53451434063545e-13,1.58097661363143,0.53,0.566,3.4251894597324e-09,"UBE2D2"
1.56183474024542e-13,4.22211107681856,0.113,0.027,3.4861713237018e-09,"COCH"
1.56361920312134e-13,2.00028237235471,0.472,0.435,3.49015442328714e-09,"TAF7"
1.6409162587826e-13,4.2819552371102,0.095,0.018,3.66268918122864e-09,"GPR132"
1.65335233769879e-13,4.19977258068928,0.063,0.006,3.69044775297748e-09,"NEXN"
1.67688113664146e-13,-0.767754362656927,0.072,0.25,3.74296638509741e-09,"OSBPL3"
1.69542263544536e-13,1.33496812659833,0.576,0.675,3.78435286457759e-09,"SAP18"
1.697412243617e-13,2.89310551507235,0.167,0.06,3.7887938689775e-09,"DENND4B"
1.72148442442622e-13,-5.43225999026688,0.005,0.122,3.84252538376176e-09,"IGLV6-57"
1.80098648209401e-13,-0.267616051269916,0.041,0.195,4.01998192668204e-09,"PIP5K1B"
1.8267324889506e-13,0.469966233445552,0.079,0.268,4.07744958858664e-09,"RPL26L1"
1.93410393733436e-13,-0.601030581733731,0.029,0.173,4.31711339852403e-09,"IL21R"
1.94257365997947e-13,-0.243618064856601,0.045,0.204,4.33601866644017e-09,"GMDS"
1.97010429680293e-13,1.41164318794629,0.564,0.626,4.39746980089381e-09,"EIF4G2"
2.11714184421947e-13,-0.559551699646436,0.038,0.191,4.72567231048228e-09,"PCYOX1"
2.13109581762704e-13,2.43320358420546,0.345,0.235,4.75681897452531e-09,"NCKAP1L"
2.16154758566339e-13,-1.71355856487352,0.014,0.141,4.82479036595925e-09,"CHAC2"
2.24343141073057e-13,2.11925582450978,0.402,0.305,5.0075632518917e-09,"PCSK7"
2.28451144282952e-13,-0.580456732315638,0.029,0.173,5.09925799153978e-09,"SPATC1L"
2.29821337035581e-13,0.153375444531163,0.093,0.292,5.12984206397121e-09,"GOLT1B"
2.31361064539564e-13,-0.857462521228146,0.027,0.168,5.16421032158761e-09,"NFXL1"
2.33532459841346e-13,0.131865983334184,0.068,0.245,5.21267803611869e-09,"BET1L"
2.34016325571028e-13,0.0885411980149047,0.142,0.383,5.22347840307091e-09,"ARCN1"
2.36473966061776e-13,-1.58726182736758,0.018,0.15,5.27833539646491e-09,"HIST2H2BE"
2.49116345858715e-13,5.40114648522745,0.052,0.002,5.56052595591237e-09,"AC004585.1"
2.52560166658686e-13,0.324648665847362,0.194,0.479,5.63739547998852e-09,"MXD4"
2.52998737110564e-13,-0.997418266856676,0.054,0.217,5.6471848110449e-09,"AC245014.3"
2.54034781560265e-13,2.95629708520903,0.242,0.121,5.67031035920668e-09,"CYFIP2"
2.5704692721056e-13,-5.82720249876934,0,0.111,5.73754446226692e-09,"LINC01484"
2.94680763653617e-13,-0.197946790267831,0.065,0.239,6.57756932551239e-09,"RAD9A"
3.05709241554693e-13,-3.19019831294384,0.005,0.121,6.8237359807423e-09,"B4GALT2"
3.13094782855452e-13,2.53446371346213,0.28,0.16,6.98858864811654e-09,"PARVG"
3.13775575593607e-13,-0.231984417975253,0.093,0.288,7.00378462282489e-09,"SUCO"
3.24240871025736e-13,-0.745360477530108,0.047,0.204,7.23738048216545e-09,"ABCA5"
3.47383270687362e-13,2.34070618839695,0.363,0.262,7.7539419850126e-09,"SNX6"
3.53010522643744e-13,0.54826291788158,0.111,0.325,7.87954787593102e-09,"TMEM70"
3.56675564396316e-13,2.4241213638083,0.363,0.26,7.96135527289016e-09,"BBX"
3.68340579312052e-13,3.03999082727793,0.054,0.003,8.22173007082431e-09,"AC119428.2"
3.72521672268099e-13,-0.961198706820033,0.02,0.153,8.31505624669623e-09,"PDIK1L"
3.83510753548353e-13,-0.293634204952329,0.047,0.205,8.56034352995279e-09,"IDE"
3.86454162031555e-13,-0.660744271032462,0.05,0.208,8.62604335070634e-09,"MINDY3"
4.09592341595858e-13,-0.0134904397555298,0.081,0.268,9.14251065676114e-09,"ACAT1"
4.11398948414387e-13,0.211242075923397,0.097,0.296,9.18283592755754e-09,"PDE4DIP"
4.14505360065047e-13,0.0592798235011851,0.106,0.311,9.25217414201191e-09,"IRAK1"
4.29489410356243e-13,3.00937666166451,0.196,0.083,9.5866331285617e-09,"TNIP2"
4.42816600142391e-13,0.0474342232419576,0.257,0.595,9.8841093317783e-09,"LRPAP1"
4.4785966931957e-13,1.7520816417165,0.501,0.483,9.99667567888211e-09,"TUBA1B"
4.65757388210786e-13,-0.674405302096072,0.038,0.187,1.03961706622529e-08,"ABHD12"
4.68221593097032e-13,-0.168797434523893,0.043,0.196,1.04511741795189e-08,"PGPEP1"
4.76746675908979e-13,2.25812197652163,0.402,0.321,1.06414625529643e-08,"NASP"
4.79233233665423e-13,-0.241671623189947,0.144,0.376,1.06969650086459e-08,"ASCC3"
4.84211605147538e-13,1.28658790512327,0.587,0.678,1.08080872384982e-08,"SMDT1"
4.96408637861872e-13,0.178072065234717,0.181,0.434,1.10803372057148e-08,"SYNE2"
5.41583322458679e-13,1.3654243987844,0.58,0.676,1.20886813406002e-08,"CHCHD10"
5.416348873311e-13,1.93542282812631,0.485,0.483,1.20898323201175e-08,"LAMTOR4"
5.63296698259157e-13,5.47300105639099,0.07,0.009,1.25733456018426e-08,"FGR"
5.90383259964467e-13,-1.62835052749918,0.014,0.137,1.31779447456669e-08,"DNAJC25"
6.02848134597924e-13,-1.62210949861396,0.02,0.151,1.34561732123603e-08,"IL6R"
6.0446564095615e-13,0.377775591347557,0.16,0.413,1.34922775717822e-08,"NDUFB6"
6.38836233278929e-13,-0.214085474620472,0.42,0.831,1.4259463563019e-08,"UBXN4"
6.54986197230894e-13,-0.701437932735677,0.061,0.227,1.46199469083908e-08,"MUC1"
6.66826870847659e-13,0.366693418404032,0.081,0.266,1.48842425841906e-08,"CD9"
6.68246468185087e-13,0.325656680167274,0.147,0.384,1.49159294163593e-08,"TRAPPC3"
6.73045421329251e-13,2.87730189320143,0.289,0.172,1.50230468494902e-08,"CHD1"
6.77855455677928e-13,0.307462761159172,0.086,0.275,1.5130411626187e-08,"THAP7"
6.84605775778103e-13,0.114326643821604,0.131,0.353,1.5281085521143e-08,"PUS7L"
7.12992454375573e-13,-0.0368546518056945,0.144,0.376,1.59147045741172e-08,"GANAB"
7.17125832729551e-13,1.47034112142837,0.573,0.671,1.60069657123563e-08,"PCBP1"
7.36060715737144e-13,-1.20104273208515,0.018,0.146,1.64296112359688e-08,"KIF21A"
7.88268638719333e-13,-0.18999616625735,0.348,0.72,1.75949442848542e-08,"UQCRQ"
7.89260182624068e-13,-1.67386715483992,0.009,0.127,1.76170765363518e-08,"SLC39A8"
7.96391192142578e-13,-0.866189272720724,0.023,0.155,1.77762477998145e-08,"PLOD3"
8.02408923446706e-13,-0.397637651388886,0.074,0.249,1.79105695802539e-08,"SAMHD1"
8.25704990457338e-13,-1.48023737777332,0.018,0.145,1.84305610919983e-08,"PARP2"
8.29104924833333e-13,1.9536885738662,0.456,0.419,1.85064510272048e-08,"GDI2"
8.33554689335278e-13,2.10879097763567,0.429,0.362,1.86057742206527e-08,"IKZF1"
8.64210167426268e-13,1.77592870753669,0.506,0.529,1.92900351471217e-08,"SLC25A5"
8.79719579036418e-13,-0.00612425669265315,0.09,0.278,1.96362207236719e-08,"KAT6B"
8.81956858296992e-13,2.96403305170071,0.293,0.178,1.96861590340472e-08,"PTBP3"
9.23878447639572e-13,0.306896017532144,0.063,0.232,2.06218908297629e-08,"MFSD11"
9.25281253793116e-13,0.125151942452396,0.07,0.244,2.06532028659161e-08,"C21orf2"
9.45208982594168e-13,1.32040506723544,0.58,0.622,2.10980097004844e-08,"ATM"
9.70785445524472e-13,-1.49996284913455,0.011,0.131,2.16689019295517e-08,"AC005838.2"
9.94184283997523e-13,-0.252220046764143,0.174,0.423,2.21911874031087e-08,"CDK5RAP3"
9.98218423978378e-13,-0.0505538773610623,0.063,0.23,2.22812334416214e-08,"RAB2B"
1.00134217134998e-12,-1.40117607281881,0.016,0.14,2.23509586067028e-08,"HIST2H2BF"
1.01845618531919e-12,3.11220560514525,0.201,0.089,2.27329605125097e-08,"SERPINB9"
1.03112270539864e-12,3.03530434777788,0.244,0.126,2.3015689907203e-08,"GBP1"
1.06563032115891e-12,-0.0392683892732615,0.07,0.243,2.37859343985879e-08,"CFL2"
1.11349624873245e-12,2.25269595595786,0.248,0.127,2.4854349767957e-08,"B4GALT1"
1.11572301055775e-12,4.20775116664636,0.088,0.017,2.49040533186596e-08,"HLA-DRB5"
1.11988340582046e-12,-4.97205270684392,0,0.106,2.49969175013185e-08,"SIX5"
1.12555506703767e-12,0.272592065257118,0.153,0.399,2.51235146513479e-08,"SSSCA1"
1.14088735757024e-12,1.75839233193768,0.526,0.559,2.54657467083254e-08,"VAMP2"
1.1787239378089e-12,1.94014931194253,0.485,0.483,2.63102970158325e-08,"RAP1B"
1.1907157127253e-12,1.47639515186641,0.56,0.636,2.65779654237413e-08,"PSMB8"
1.19405561540513e-12,-1.55864148475963,0.011,0.13,2.66525153914579e-08,"TBCEL"
1.25260630294183e-12,-3.48466489947452,0.002,0.11,2.79594252879646e-08,"AL391056.1"
1.27286120035011e-12,-0.109247018891122,0.05,0.205,2.84115348530149e-08,"P4HTM"
1.27694007314306e-12,0.587815920939431,0.176,0.442,2.85025793726263e-08,"MRPS33"
1.30785884784401e-12,1.71796652061179,0.528,0.57,2.91927173427261e-08,"SRRM1"
1.31548842795927e-12,2.7705998545485,0.248,0.131,2.93630172004789e-08,"RHOF"
1.38071781720248e-12,-5.22323605014968,0,0.105,3.08190023977766e-08,"PLEKHH3"
1.3812936632803e-12,0.300326758890311,0.251,0.581,3.08318558580797e-08,"COPZ1"
1.43485654332802e-12,1.36576838359264,0.596,0.678,3.20274329036247e-08,"SNHG8"
1.51144502197521e-12,2.60528477344574,0.291,0.177,3.37369643355087e-08,"MOB3A"
1.52657257853808e-12,0.139447453429753,0.221,0.521,3.40746265255485e-08,"AUP1"
1.529816308357e-12,1.73324379499787,0.515,0.511,3.41470298188366e-08,"GCC2"
1.53911935715386e-12,0.0667937707329922,0.074,0.25,3.43546831710314e-08,"CYSTM1"
1.58416080382928e-12,0.269023910587757,0.237,0.558,3.53600533022733e-08,"ANAPC11"
1.60375093405619e-12,2.21556920549638,0.454,0.428,3.57973245990681e-08,"TRAPPC1"
1.62608858829293e-12,-0.105730517437535,0.081,0.26,3.62959233792865e-08,"PRRC1"
1.70193815877031e-12,-4.96636974886341,0,0.104,3.79889616419121e-08,"PGLYRP2"
1.75827148525142e-12,-0.180856565233201,0.038,0.183,3.9246377822297e-08,"SFXN4"
1.78667724756767e-12,0.28213835918017,0.199,0.477,3.9880422842958e-08,"RFC1"
1.81133522471398e-12,-2.01432393186074,0.009,0.124,4.04308135508408e-08,"LTC4S"
1.84964086196426e-12,0.30038708229926,0.138,0.365,4.12858336799042e-08,"NELFE"
1.86246350191684e-12,0.431407649868568,0.104,0.303,4.15720478262857e-08,"ITFG1"
1.96072337480324e-12,0.537020405492293,0.135,0.364,4.37653064489831e-08,"FAM136A"
2.0294029966663e-12,3.71579041859009,0.102,0.024,4.52983042885886e-08,"FMNL3"
2.06374378881543e-12,-1.27265848936065,0.029,0.164,4.60648251101491e-08,"ITPRIPL2"
2.14738585633714e-12,4.04298729115263,0.131,0.041,4.79317996993013e-08,"CD70"
2.20012869883485e-12,-0.0628794711721765,0.079,0.256,4.91090726866928e-08,"TIMM44"
2.2085989580471e-12,-4.81949280093433,0.002,0.108,4.92981373425694e-08,"CADPS2"
2.24345574594313e-12,0.896707372865862,0.698,0.841,5.00761757051967e-08,"ANKRD12"
2.25523177318292e-12,3.22977725391138,0.212,0.101,5.03390284092159e-08,"SLC44A2"
2.26937197090951e-12,2.68928608930369,0.327,0.223,5.06546517626711e-08,"MED28"
2.30176808118668e-12,0.354359863635356,0.217,0.515,5.13777653401679e-08,"POLR2J"
2.39420451166875e-12,2.05611661965459,0.386,0.292,5.34410389049582e-08,"SETX"
2.45652178130254e-12,-0.520984100261255,0.072,0.24,5.48320226804539e-08,"AC092683.1"
2.67691564904248e-12,0.650465804098958,0.153,0.396,5.97514342022773e-08,"TRAPPC2L"
2.78260448655154e-12,0.295171615225967,0.117,0.324,6.2110514744317e-08,"CALCOCO1"
3.01689934649433e-12,-1.59050195943857,0.02,0.145,6.73402103130999e-08,"UGGT2"
3.02217550677066e-12,-0.659413204454731,0.029,0.163,6.74579794866279e-08,"AIG1"
3.07896136773659e-12,0.00748591750901371,0.298,0.648,6.87254966892485e-08,"EIF3J"
3.16869177566874e-12,-0.563487695759941,0.063,0.222,7.0728369124702e-08,"ANKRD36B"
3.22634758924618e-12,2.55228005590062,0.323,0.215,7.20153045395639e-08,"MAP3K1"
3.26387367246026e-12,-0.376474520750443,0.135,0.341,7.28529242429854e-08,"MDM2"
3.29534736754469e-12,0.178274602312908,0.052,0.206,7.3555448590965e-08,"LSR"
3.32241236499672e-12,-0.0384092482712473,0.079,0.255,7.41595663990917e-08,"FAM98A"
3.48777059637127e-12,2.05792374842415,0.391,0.3,7.78505274816031e-08,"SAMD9"
3.51444540164212e-12,-4.0756960427929,0.002,0.106,7.84459358100538e-08,"DENND2C"
3.52249471791555e-12,2.03648876498464,0.436,0.384,7.86256045985931e-08,"ELF1"
3.53020187837379e-12,0.443818620609981,0.093,0.28,7.87976361271814e-08,"BTG3"
3.55543200156434e-12,-0.172210235416141,0.043,0.188,7.93607977069177e-08,"TMEM9"
4.02106565745756e-12,1.08923797773375,0.594,0.622,8.97542065401102e-08,"CCNL1"
4.06085616331453e-12,0.135568213608952,0.246,0.567,9.06423704213436e-08,"SLIRP"
4.13147067516609e-12,0.399585561328402,0.172,0.422,9.22185569403823e-08,"CCDC186"
4.13151008254219e-12,0.392757968864928,0.104,0.299,9.22194365524242e-08,"MCFD2"
4.14279830221616e-12,-1.08136406072488,0.036,0.174,9.24714009037669e-08,"NFE2L3"
4.16428815434089e-12,0.154954362129697,0.106,0.303,9.2951075893043e-08,"SLC52A2"
4.33826195478413e-12,-0.319051494329694,0.059,0.216,9.68343450927365e-08,"LYSMD3"
4.43989419309664e-12,-0.286854708346595,0.061,0.22,9.910287828411e-08,"GALK1"
4.46702218499629e-12,1.33052866924198,0.56,0.649,9.97084021913022e-08,"C19orf53"
4.51629855942701e-12,0.061408630826266,0.079,0.253,1.0080830014497e-07,"PTTG1IP"
4.51639884445448e-12,-9.47385345693945,0.002,0.105,1.00810538607069e-07,"IGLV3-10"
4.57715081653877e-12,0.0550803867842657,0.102,0.291,1.02166583375962e-07,"TRIM27"
4.70089858506579e-12,0.419735438634647,0.192,0.46,1.04928757317253e-07,"MTIF3"
4.76999486581246e-12,3.67929107541855,0.074,0.012,1.064710553998e-07,"DNAH8"
4.77305551204845e-12,-0.123516794841629,0.074,0.243,1.06539372084433e-07,"TMEM41B"
5.19676454389912e-12,2.61919027967543,0.302,0.195,1.15996981384372e-07,"S1PR4"
5.24675034714742e-12,0.232210917480394,0.233,0.537,1.17112714498678e-07,"EPRS"
5.2969827437992e-12,2.27733859609864,0.42,0.376,1.18233951824342e-07,"COX14"
5.42395235556237e-12,2.49918584189583,0.312,0.206,1.21068040528508e-07,"WAS"
5.45040134417198e-12,1.58164418862742,0.549,0.612,1.21658408403263e-07,"TBCA"
5.62249087842567e-12,-3.21551074331741,0.005,0.11,1.25499618897339e-07,"GSTM2"
5.64359575553025e-12,3.88470992381301,0.129,0.041,1.25970700859191e-07,"ZBTB32"
5.82126869507479e-12,5.08249212367049,0.07,0.01,1.29936538542764e-07,"TNFAIP8L2"
5.91964297982639e-12,3.8609284757143,0.095,0.021,1.32132350952705e-07,"ZBTB18"
5.91995729882649e-12,6.36972026182973,0.05,0.003,1.32139366867106e-07,"UGT8"
6.07114578695891e-12,-1.26450445698868,0.014,0.129,1.3551404511071e-07,"IDUA"
6.09936818203768e-12,0.237297577818759,0.081,0.257,1.36143997191263e-07,"UCHL3"
6.12765628702582e-12,1.76739614094417,0.501,0.528,1.36775415982703e-07,"VPS28"
6.19710913488036e-12,0.308531892620862,0.135,0.357,1.38325672999665e-07,"SRA1"
6.36021699936366e-12,-0.508355500924176,0.05,0.197,1.41966403642796e-07,"ERAP1"
6.75684799406725e-12,0.115830377524952,0.099,0.288,1.50819604075575e-07,"RNF149"
6.8449044195751e-12,-0.399912617128825,0.029,0.16,1.52785111549336e-07,"FXN"
6.9258970791774e-12,-9.48929586703784e-05,0.093,0.276,1.54592948704319e-07,"DTWD1"
7.08101933700535e-12,0.0868483028665725,0.095,0.279,1.58055432621296e-07,"ERO1A"
7.66426709142532e-12,2.94214026286529,0.23,0.12,1.71074105747705e-07,"MFSD10"
8.18267119064274e-12,4.10680210831392,0.113,0.032,1.82645403646337e-07,"TTC9"
8.23011426558126e-12,0.22196597307151,0.108,0.303,1.83704380522039e-07,"TMED3"
8.25833217295587e-12,0.0153516179775088,0.122,0.326,1.84334232432548e-07,"USP14"
8.32277131718886e-12,0.211955264435774,0.047,0.194,1.85772578570973e-07,"C15orf61"
8.53773605317553e-12,4.08864813326565,0.086,0.017,1.90570806442931e-07,"SEMA7A"
8.55697545920275e-12,5.6934882104655,0.063,0.008,1.91000249224865e-07,"FCRL4"
8.57064896240665e-12,0.129562662458273,0.16,0.392,1.91305455489879e-07,"RBPJ"
8.63591035009272e-12,4.99622458169296,0.063,0.008,1.9276215492442e-07,"DUSP10"
8.77887847990808e-12,-1.81078261188552,0.005,0.108,1.95953346550028e-07,"YES1"
8.98203663833371e-12,0.321145103912613,0.144,0.369,2.00488039804247e-07,"SDHA"
9.29498613346283e-12,0.242125557200892,0.217,0.502,2.07473385485024e-07,"FAM173A"
9.85995865124879e-12,4.72830418403766,0.056,0.006,2.20084137054524e-07,"BX284668.5"
1.00275376412364e-11,0.268867123372319,0.183,0.44,2.23824667690038e-07,"CCDC167"
1.00856479902892e-11,1.56166103023192,0.395,0.299,2.25121748791245e-07,"AHNAK"
1.0438563998645e-11,-1.04642494855144,0.023,0.145,2.32999187013754e-07,"CSF2RB"
1.05702264037526e-11,2.44069000552185,0.278,0.166,2.35938023558161e-07,"AC245297.3"
1.05801755519548e-11,-1.71344308655243,0.018,0.135,2.36160098495182e-07,"HIST1H2BJ"
1.06106882101707e-11,0.447669331066201,0.025,0.149,2.3684117153922e-07,"SMIM1"
1.07205529362447e-11,1.27516855649582,0.582,0.626,2.39293462089918e-07,"ARGLU1"
1.08818208814938e-11,2.90235696001081,0.307,0.206,2.42893123895823e-07,"SINHCAF"
1.11912257884253e-11,-1.54642915682427,0.011,0.122,2.49799350823442e-07,"ATAD3C"
1.13029810401247e-11,-1.41775827048383,0.014,0.126,2.52293839796623e-07,"RWDD2A"
1.14552814861459e-11,0.174360120239885,0.12,0.322,2.55693338052262e-07,"DPM2"
1.14603987107874e-11,0.185631152347203,0.199,0.468,2.55807559623485e-07,"SAT2"
1.14980276245964e-11,-0.556769728824386,0.637,0.891,2.56647474608616e-07,"BTG2"
1.17023614439369e-11,1.77249468623418,0.501,0.526,2.61208409790116e-07,"LSM8"
1.18299509149165e-11,0.0580807719216052,0.065,0.224,2.64056334371852e-07,"USP18"
1.20211344747318e-11,-0.668955795285881,0.041,0.178,2.68323742610489e-07,"AL360012.1"
1.21858658420347e-11,3.41050216736045,0.131,0.043,2.72000711460058e-07,"ATAD2B"
1.2236679501109e-11,0.493102820339078,0.124,0.331,2.73134923144254e-07,"C1orf122"
1.22533542776848e-11,2.34801429076521,0.381,0.301,2.73507120832201e-07,"WASF2"
1.23956041370218e-11,-0.962859458630507,0.018,0.135,2.76682279942463e-07,"HIST1H4H"
1.26373457928447e-11,0.855284076564788,0.677,0.82,2.82078195442087e-07,"S100A6"
1.34250013252492e-11,-2.51609333438498,0.005,0.106,2.99659454580887e-07,"MACROD1"
1.36228701290835e-11,-6.31514986797152,0,0.096,3.04076084151273e-07,"DNAAF1"
1.39234552994474e-11,2.08591326124547,0.406,0.343,3.10785445738967e-07,"BTK"
1.40707373274557e-11,1.8119840621481,0.445,0.405,3.14072927886139e-07,"TGOLN2"
1.46084820184201e-11,1.78713170434046,0.508,0.546,3.26075927133154e-07,"DBI"
1.5257112907844e-11,1.89847250061911,0.492,0.503,3.40554017215986e-07,"RBMX"
1.5529876916084e-11,4.48989814732251,0.097,0.024,3.4664238264391e-07,"ZCCHC2"
1.5724729436645e-11,0.267596635042885,0.14,0.359,3.50991685755354e-07,"CCDC47"
1.58004768113863e-11,3.34029639217077,0.14,0.049,3.52682442906953e-07,"KIAA1147"
1.58075061675605e-11,-3.17072635354251,0.005,0.106,3.52839345166118e-07,"TAS1R3"
1.58646150603084e-11,0.521389668251045,0.172,0.419,3.54114072761145e-07,"PSMC1"
1.60876804695993e-11,0.175588594666784,0.312,0.609,3.59093115761927e-07,"DNAJB1"
1.6923677108368e-11,2.9264559071556,0.214,0.107,3.77753396735882e-07,"PREX1"
1.72777944847957e-11,2.48716303582066,0.377,0.306,3.85657650695126e-07,"GLIPR1"
1.73020488973749e-11,0.196163572700506,0.063,0.219,3.86199033438304e-07,"SLC30A5"
1.73743612089948e-11,2.71951386708309,0.235,0.125,3.87813116545973e-07,"CAT"
1.74762248899958e-11,0.0848714430984896,0.111,0.298,3.90086815769596e-07,"TNFAIP3"
1.75053659248727e-11,-0.298571058068516,0.043,0.18,3.90737272809083e-07,"HIST1H2BC"
1.77362186217771e-11,0.199128813469028,0.257,0.578,3.95890135856687e-07,"MESD"
1.81341167621028e-11,0.0908491205023707,0.05,0.194,4.04771620246896e-07,"FAM69A"
1.82092895458884e-11,3.00989158339264,0.081,0.016,4.06449551953775e-07,"KMO"
1.89002873370155e-11,0.582613807739193,0.14,0.361,4.21873313649522e-07,"UNC50"
1.95751220289724e-11,-0.367349475098691,0.063,0.217,4.36936298808693e-07,"SLFN11"
1.99973534757661e-11,3.41774403889626,0.106,0.029,4.46360926932574e-07,"PTK2"
2.0129630738409e-11,-0.259041203510988,0.09,0.263,4.49313487712026e-07,"AFF1"
2.01846021014437e-11,3.4443202258369,0.113,0.033,4.50540503506324e-07,"LCK"
2.05083966830412e-11,-4.89853672946096,0.842,0.971,4.57767922362163e-07,"IGKC"
2.05760839518695e-11,3.62599505495067,0.097,0.024,4.59278769889678e-07,"CD84"
2.05989576579121e-11,-4.69959617027651,0,0.095,4.59789333882255e-07,"FBXO16"
2.10150056455225e-11,3.11353175625742,0.126,0.041,4.69075941013707e-07,"KAT2A"
2.13736344880471e-11,0.239293949910409,0.097,0.28,4.770808954077e-07,"MRPS18A"
2.20501639467356e-11,-0.780780582885276,0.036,0.167,4.92181709455085e-07,"ACAP3"
2.24785243107718e-11,1.76237068760155,0.49,0.492,5.01743141140738e-07,"NSD3"
2.26440115298018e-11,0.177182395634158,0.041,0.176,5.05436981356707e-07,"CETN2"
2.27267810864676e-11,4.24411685474277,0.068,0.01,5.07284480631044e-07,"GCNT2"
2.27674789885543e-11,1.83003998583176,0.483,0.494,5.08192898503521e-07,"PPP1CA"
2.35064457261947e-11,-0.497553666370601,0.032,0.159,5.24687375054391e-07,"SLC39A9"
2.37870162656601e-11,-1.74573815579095,0.018,0.132,5.30949990065798e-07,"PRKCI"
2.38828180211511e-11,0.128514075983103,0.041,0.176,5.33088381050113e-07,"VKORC1L1"
2.42603678113139e-11,0.44645352141355,0.126,0.33,5.41515669916337e-07,"FASTK"
2.47691964437038e-11,2.31236565481418,0.305,0.203,5.52873233819912e-07,"TGFB1"
2.49061940695122e-11,1.74142341017723,0.506,0.511,5.55931157825581e-07,"MDM4"
2.49086079436154e-11,-0.0985182941614376,0.368,0.734,5.5598503790944e-07,"PDIA3"
2.53408155507508e-11,1.46439775019009,0.535,0.591,5.65632343908309e-07,"PPDPF"
2.54173790532893e-11,1.95242926036388,0.488,0.505,5.6734131784847e-07,"PPIG"
2.68185514582793e-11,3.13936410409556,0.223,0.118,5.98616887100252e-07,"LYPLAL1"
2.80247765157613e-11,0.390504124915901,0.063,0.217,6.25541036608308e-07,"ELMOD2"
2.83802615762694e-11,-1.40457007112507,0.023,0.14,6.3347581864391e-07,"PTP4A3"
2.86111224130852e-11,0.553779593231933,0.147,0.373,6.38628863382474e-07,"COMMD1"
2.99272406110731e-11,1.1515978836895,0.702,0.845,6.68005937679762e-07,"RPS26"
3.05231033467205e-11,-0.48726175914841,0.041,0.175,6.81306189802148e-07,"COG3"
3.05250322881146e-11,-0.454692460987725,0.023,0.141,6.81349245703005e-07,"AIFM2"
3.14601518142636e-11,0.563510623985539,0.176,0.423,7.02222048646178e-07,"UFL1"
3.20472692811382e-11,0.288362495598335,0.192,0.446,7.15327097624286e-07,"NAP1L4"
3.24744247329445e-11,0.265088496944298,0.12,0.315,7.24861634464054e-07,"FGL2"
3.31946824185951e-11,-0.620635812965824,0.05,0.19,7.40938506265462e-07,"SCRN2"
3.34354514981193e-11,2.56824271832368,0.199,0.094,7.46312712889521e-07,"SLC4A7"
3.34839984602135e-11,0.45247171661364,0.097,0.276,7.47396329630426e-07,"BCL2L11"
3.46255380165293e-11,3.46089122900884,0.183,0.083,7.72876634066951e-07,"GBP2"
3.46572203127308e-11,-1.6020946514589,0.038,0.168,7.73583814600465e-07,"IER3"
3.60011931051515e-11,-0.797656727143993,0.023,0.14,8.03582631300087e-07,"PPOX"
3.61565287753553e-11,5.56143186067923,0.056,0.006,8.07049878794707e-07,"MYO1E"
3.71099487175501e-11,-0.717918324338104,0.02,0.135,8.28331165324435e-07,"ZNF248"
3.87913468320333e-11,-1.28163073861614,0.027,0.148,8.65861652637814e-07,"ZFAT"
3.90834835229469e-11,2.48420866482882,0.343,0.257,8.72382435715699e-07,"DEGS1"
4.0329456224422e-11,-0.0911034456636255,0.05,0.191,9.00193792385323e-07,"GOLPH3L"
4.10375779046044e-11,-0.196040319690523,0.065,0.218,9.15999776408675e-07,"EPN2"
4.1039109333667e-11,-4.33216517699824,0.002,0.097,9.16033959436781e-07,"C3orf70"
4.30103297745835e-11,3.72492874202757,0.124,0.041,9.60033570898479e-07,"HIP1R"
4.48770851026785e-11,0.520361021760157,0.19,0.45,1.00170141657689e-06,"RHEB"
4.53045213130851e-11,0.477093258080072,0.16,0.39,1.01124222022937e-06,"STAU1"
4.57429863471272e-11,3.14945623501772,0.169,0.072,1.02102919825423e-06,"SIPA1L1"
4.60205104784677e-11,3.1544622596823,0.21,0.106,1.02722381438988e-06,"ADK"
4.81931887983843e-11,1.36832670352923,0.528,0.559,1.07572016716874e-06,"SF3B1"
4.94171671576737e-11,1.53356826470216,0.53,0.599,1.10304058812643e-06,"TOMM20"
5.17811660511634e-11,0.141574020999666,0.097,0.272,1.15580740742802e-06,"MON2"
5.18330954805323e-11,0.328660793925258,0.102,0.283,1.15696652422096e-06,"KLHDC2"
5.28588440833834e-11,2.97300880595619,0.271,0.168,1.1798622587852e-06,"AIDA"
5.39366395084452e-11,3.03297446002302,0.203,0.1,1.20391973046801e-06,"RAB8B"
5.48204970324702e-11,-0.303017345833266,0.029,0.152,1.22364831426177e-06,"PDK2"
5.67217125445554e-11,-2.05134627612636,0.005,0.101,1.26608534570702e-06,"KHK"
5.68055560801615e-11,3.20197098641518,0.235,0.131,1.26795681726528e-06,"DENND4A"
5.72754637877289e-11,2.6244679931366,0.264,0.159,1.2784456272059e-06,"TPP1"
5.73125122212637e-11,-0.0103036685749025,0.16,0.384,1.27927258529083e-06,"PSMD14"
5.74214223660344e-11,0.293807770997358,0.208,0.478,1.28170356863225e-06,"SRP19"
6.29918941940959e-11,0.241454482529815,0.097,0.275,1.40604207030641e-06,"PTPMT1"
6.39407767446393e-11,2.78800515200605,0.266,0.164,1.42722207771709e-06,"TBCB"
6.85933335988539e-11,0.0698134859779005,0.079,0.241,1.53107179926002e-06,"HSD17B4"
7.04841673736975e-11,0.255769247498968,0.104,0.283,1.5732770999483e-06,"OSBPL9"
7.18952528059092e-11,3.12957067935983,0.131,0.045,1.6047739378807e-06,"DDX60L"
7.30762818498117e-11,2.89523991269509,0.122,0.04,1.63113568716965e-06,"SERPINB6"
7.50260628664089e-11,1.44972048309282,0.526,0.572,1.67465674924111e-06,"ENO1"
7.52467393973076e-11,-0.0860371043236832,0.068,0.22,1.6795824700873e-06,"CINP"
7.7907885097623e-11,-4.41252003704418,0.009,0.107,1.73898190326404e-06,"IGHV4-39"
7.8019059957283e-11,0.197574549762952,0.14,0.346,1.74146343730651e-06,"OXR1"
8.05792527036458e-11,0.0859688327145243,0.072,0.228,1.79860949959808e-06,"LINC02384"
8.25177516044512e-11,2.81141176959602,0.201,0.099,1.84187873356295e-06,"SSBP4"
8.49951634427024e-11,0.181947947892752,0.07,0.223,1.89717704320456e-06,"NF1"
8.55330201258026e-11,2.48801838760931,0.291,0.19,1.90918254222804e-06,"NUB1"
8.66047530822261e-11,-1.81104601025192,0.016,0.122,1.93310469354837e-06,"GPRIN3"
8.70110502489847e-11,-4.49584484956584,0,0.089,1.94217365260759e-06,"C15orf65"
8.73224923668237e-11,-0.248693859326284,0.047,0.183,1.94912535211987e-06,"COX18"
8.87821116744683e-11,-0.207433532983843,0.041,0.171,1.98170551468581e-06,"C7orf49"
8.92489961760318e-11,-2.35719738902601,0.014,0.118,1.99212684364521e-06,"C10orf10"
8.9388103506565e-11,2.01167515469603,0.467,0.47,1.99523185837004e-06,"CD47"
9.05315544785793e-11,1.42876708556137,0.549,0.6,2.02075482751637e-06,"ATRX"
9.20291211338633e-11,2.80227816010882,0.275,0.174,2.05418201282896e-06,"ARHGAP25"
9.29221444002768e-11,0.627566353849884,0.095,0.27,2.07411518515858e-06,"ANAPC13"
9.29309580598045e-11,-2.01433780047243,0.014,0.118,2.0743119148529e-06,"TTC38"
9.34746057345806e-11,0.0995035974810028,0.077,0.234,2.08644667460157e-06,"KLF10"
9.45564361139475e-11,0.259112244006156,0.156,0.38,2.11059421049942e-06,"UFD1"
9.59337344977235e-11,3.6590798115573,0.074,0.014,2.14133688772369e-06,"EPHB6"
9.77700751755177e-11,1.65127396895751,0.51,0.543,2.18232584799273e-06,"PDCD4"
9.80045289264272e-11,-0.386521119305025,0.056,0.197,2.18755909016678e-06,"XPOT"
1.00379740222427e-10,0.110429014806056,0.061,0.207,2.2405761815048e-06,"HBS1L"
1.0132017529025e-10,1.91077000343635,0.424,0.38,2.26156763265366e-06,"NCOR1"
1.08894795172345e-10,0.612889608190401,0.176,0.418,2.43064072304192e-06,"FAM177A1"
1.1130003265799e-10,-0.924496306977482,0.032,0.152,2.48432802895901e-06,"SLFN13"
1.22287169620979e-10,0.496507132358635,0.163,0.386,2.72957191310986e-06,"SP3"
1.23569034721387e-10,-0.108188499633999,0.061,0.205,2.75818442401607e-06,"YARS"
1.25394165316016e-10,-3.15797592314403,0.005,0.098,2.79892316401879e-06,"ST7"
1.30466157991062e-10,0.465671668343228,0.113,0.3,2.9121351125185e-06,"LAGE3"
1.31563821152396e-10,1.82108241372451,0.479,0.499,2.93663605194262e-06,"GSTK1"
1.35255571415103e-10,2.4587568723209,0.269,0.166,3.01903960955652e-06,"SHOC2"
1.40500050954775e-10,0.391646754197554,0.106,0.287,3.13610163736154e-06,"RAB18"
1.40678674334131e-10,-0.0399461447440732,0.032,0.152,3.14008868981213e-06,"NOMO1"
1.45813235915353e-10,0.58765723890845,0.167,0.4,3.25469723886659e-06,"PQBP1"
1.46985203625698e-10,-2.45728756041759,0.002,0.092,3.28085673012921e-06,"EPHX1"
1.4882069556608e-10,-2.77694141073591,0.009,0.106,3.32182674573048e-06,"ABCB9"
1.50014087265517e-10,1.99792664827258,0.451,0.444,3.3484644418536e-06,"CD99"
1.51173811291947e-10,2.26646460989148,0.474,0.478,3.37435064184755e-06,"S100A4"
1.5133760059809e-10,3.25811229121841,0.178,0.082,3.37800658294997e-06,"CCNG2"
1.66894221416391e-10,0.485873956875237,0.163,0.385,3.72524591623527e-06,"ERGIC1"
1.68965056859821e-10,-0.02939172661344,0.054,0.192,3.77146903416807e-06,"CSRP1"
1.75097884905245e-10,3.4465873764005,0.088,0.021,3.90835988896996e-06,"ENDOD1"
1.75399866831549e-10,-0.0434516910290994,0.034,0.155,3.915100427547e-06,"RAB13"
1.75531702409972e-10,3.09349104577548,0.201,0.102,3.91804312949298e-06,"CYB5R4"
1.77816038868393e-10,2.44314596869577,0.325,0.237,3.96903180358139e-06,"LSM14A"
1.830159049464e-10,0.155728480630545,0.257,0.555,4.0850980143086e-06,"XRN1"
1.84510692107768e-10,0.371901166076809,0.126,0.322,4.11846315853749e-06,"MED8"
1.85501319564242e-10,-2.69515167074347,0.007,0.101,4.14057495399345e-06,"FAM13A"
1.87124120377358e-10,0.444243140743401,0.185,0.423,4.176797490943e-06,"CCDC69"
1.88008186924816e-10,3.3762325449085,0.108,0.033,4.19653074034883e-06,"TFEC"
1.88771401612541e-10,2.76190857139893,0.163,0.069,4.21356645539353e-06,"PRKX"
1.9454010591576e-10,0.33919793444765,0.269,0.583,4.34232970414567e-06,"NAA38"
1.95511045171141e-10,2.15006435288215,0.397,0.346,4.36400203926504e-06,"CCDC12"
1.97176407728787e-10,0.420732112965367,0.16,0.378,4.40117459691425e-06,"SLC50A1"
1.97577775689722e-10,-0.0885599521660172,0.041,0.167,4.41013353117029e-06,"EIF2B3"
2.00055099500201e-10,0.00286251703041684,0.093,0.257,4.465429875944e-06,"BAZ2B"
2.00207343683284e-10,0.479501712795964,0.217,0.49,4.46882811835458e-06,"TMEM179B"
2.18900350468256e-10,0.202770974721343,0.05,0.183,4.88607472280194e-06,"EMC9"
2.20833326059854e-10,0.0819358774431733,0.074,0.226,4.92922067098201e-06,"TMEM57"
2.32024820810937e-10,0.599621803689284,0.142,0.35,5.17902602532093e-06,"BAG1"
2.36265103215856e-10,2.23670185815468,0.377,0.314,5.27367336888113e-06,"ITGB2"
2.37214178415333e-10,2.31808550586437,0.327,0.237,5.29485767640865e-06,"DOCK2"
2.40846088969299e-10,1.76396925682267,0.366,0.28,5.37592555188373e-06,"ATP2B1-AS1"
2.4381644407228e-10,0.0668728568121075,0.163,0.378,5.44222684813737e-06,"STARD7"
2.51520449531794e-10,-0.153238643562052,0.555,0.896,5.61418795399918e-06,"SEC62"
2.53094463322648e-10,0.511333665342832,0.102,0.275,5.64932151582482e-06,"C6orf89"
2.53932777039101e-10,0.0675641069296782,0.124,0.311,5.66803351628977e-06,"ARID3A"
2.62217072855756e-10,0.220511859245764,0.041,0.166,5.85294728321332e-06,"EXOSC4"
2.64302088679033e-10,0.333351081894165,0.167,0.391,5.89948692140469e-06,"NARS"
2.64449014961585e-10,0.133026286018792,0.169,0.389,5.90276646295754e-06,"NORAD"
2.66282201469061e-10,1.87319973716354,0.454,0.441,5.9436850189909e-06,"SRSF10"
2.69154819131436e-10,0.368308809029918,0.079,0.236,6.00780471783279e-06,"CBR1"
2.70408804934463e-10,0.304117005726258,0.041,0.166,6.03579493494214e-06,"AC084033.3"
2.72975168783096e-10,0.572462393376328,0.688,0.855,6.09307874240749e-06,"EDF1"
2.81487459756852e-10,0.19833111493106,0.056,0.193,6.28308158923269e-06,"ALDH18A1"
2.84039136222659e-10,0.100893213238708,0.102,0.272,6.34003755962598e-06,"RHBDD1"
2.84903250687096e-10,2.97428937629172,0.223,0.125,6.35932545858668e-06,"BCL7C"
2.95248005104486e-10,-0.0928512006531212,0.061,0.202,6.59023072193724e-06,"POLDIP2"
2.96847794537498e-10,-5.5504708933461,0,0.084,6.6259396218715e-06,"CHAC1"
2.96847794537498e-10,-8.09021560984278,0,0.084,6.6259396218715e-06,"IGHV7-4-1"
3.00268992449745e-10,0.228799790789184,0.079,0.234,6.70230418047076e-06,"C18orf32"
3.00305761393808e-10,2.54693731468339,0.28,0.183,6.70312490007119e-06,"EPB41L4A-AS1"
3.0521036034064e-10,1.76710548603542,0.476,0.502,6.81260045316342e-06,"VAMP8"
3.06441728381083e-10,2.33227801524614,0.205,0.106,6.84008581919416e-06,"STK10"
3.10257695655386e-10,-0.418092778572916,0.079,0.229,6.92526202472388e-06,"GOLGA8A"
3.10284624908093e-10,0.274890937325828,0.052,0.186,6.92586311257355e-06,"TMEM5"
3.12126713099625e-10,-0.420231337642825,0.068,0.211,6.96698036309673e-06,"SRBD1"
3.13815082886608e-10,2.48550679260514,0.332,0.252,7.00466646511197e-06,"PDCD10"
3.15335915858059e-10,2.33814384287123,0.26,0.158,7.03861297786774e-06,"DIAPH1"
3.16885112318234e-10,0.217074104100651,0.081,0.237,7.07319259205529e-06,"CBX4"
3.26449919194001e-10,3.89374775042104,0.093,0.025,7.28668864632929e-06,"SMAGP"
3.33316284855424e-10,3.8282154976318,0.088,0.022,7.43995279425792e-06,"KLF9"
3.37506119900625e-10,-0.374404620481678,0.074,0.222,7.53347410230186e-06,"ATP6V0A1"
3.38339137620501e-10,0.772437143438186,0.165,0.392,7.55206789082721e-06,"HSD17B10"
3.38799263745638e-10,-0.566499830504282,0.034,0.152,7.56233836606638e-06,"AAAS"
3.53638134810973e-10,2.09540387074201,0.406,0.367,7.89355680711572e-06,"SRI"
3.56368346740828e-10,2.46520873108526,0.309,0.218,7.95449786760202e-06,"RHBDF2"
3.78970307002911e-10,2.8697934137419,0.192,0.095,8.45899622261197e-06,"MCRIP1"
3.82998288293311e-10,0.128919680651071,0.129,0.316,8.548904792995e-06,"HERC2"
4.00955879665158e-10,0.551244105614875,0.156,0.372,8.949736190006e-06,"TIMM17B"
4.05085591666549e-10,0.0761150041348246,0.095,0.26,9.04191549158904e-06,"H2AFJ"
4.09824423184386e-10,-0.167182081108307,0.056,0.191,9.14769094989867e-06,"ASPH"
4.1473861076666e-10,-0.517959471573405,0.025,0.134,9.25738053092261e-06,"QDPR"
4.21223911783447e-10,-1.60289318160868,0.011,0.107,9.40213893491832e-06,"SRD5A3"
4.23951988127695e-10,0.0852732998415412,0.178,0.4,9.46303232699828e-06,"MED13L"
4.2746592403947e-10,-0.063293941973996,0.065,0.208,9.541466890485e-06,"UTP11"
4.3419723160669e-10,-0.743441812635742,0.014,0.112,9.69171640669293e-06,"FAM114A1"
4.45471515979066e-10,0.495036777244894,0.034,0.151,9.94336970816873e-06,"TCEAL9"
4.50428761536347e-10,-0.0273400746667538,0.068,0.21,1.00540203862528e-05,"CDK6"
4.50774871497652e-10,-0.233489166927129,0.036,0.155,1.00617459066991e-05,"ZNF664"
4.63835894521314e-10,0.144102063986294,0.084,0.241,1.03532810016103e-05,"POP7"
4.65248511784808e-10,0.159204488295909,0.3,0.627,1.03848120315487e-05,"ROMO1"
4.67899331406181e-10,2.42934500057232,0.282,0.183,1.04439809763174e-05,"LNPEP"
4.74974728137855e-10,-0.0352494055397239,0.045,0.172,1.06019109067651e-05,"YIF1B"
4.93797839298448e-10,3.97907095744943,0.068,0.013,1.10220615709806e-05,"FAM212A"
4.94611283678767e-10,3.1932508066018,0.167,0.075,1.10402184629938e-05,"PQLC1"
5.17396563237696e-10,-0.327684819887132,0.036,0.154,1.15488086880286e-05,"RNF103"
5.2525655870313e-10,-0.519332727044474,0.023,0.129,1.17242516468126e-05,"HMBS"
5.33217950665085e-10,-0.304288244959928,0.023,0.129,1.19019578767954e-05,"SH3PXD2A"
5.40147101350504e-10,0.501183832808398,0.151,0.362,1.20566234492446e-05,"EMC4"
5.40944282647439e-10,-0.118650629503212,0.059,0.195,1.20744173329735e-05,"ATPAF1"
5.50239724251441e-10,3.97802038136946,0.097,0.028,1.22819008850164e-05,"CD96"
5.66091810592626e-10,0.482634626469019,0.203,0.454,1.2635735304238e-05,"BUD23"
5.80724409343353e-10,-1.55333206863796,0.014,0.11,1.2962349540953e-05,"HIST1H3H"
5.81412558603467e-10,-0.157745586556612,0.065,0.206,1.2977709720588e-05,"SND1-IT1"
5.86043378717476e-10,2.66853490100265,0.343,0.269,1.30810742563528e-05,"STRBP"
5.893620522656e-10,-0.0612121594051969,0.052,0.183,1.31551503686205e-05,"DPAGT1"
5.90398181676113e-10,0.483983232248645,0.12,0.302,1.31782778131925e-05,"HSD17B12"
5.91895208356139e-10,-0.0807681683596235,0.056,0.191,1.32116929457174e-05,"KIFAP3"
6.07765356260132e-10,-3.28799237408581,0.002,0.087,1.35659305170824e-05,"ICAM4"
6.10123274134728e-10,1.49825007620729,0.506,0.544,1.36185616019613e-05,"RBM3"
6.14982131079497e-10,2.87513830454568,0.223,0.126,1.37270161478254e-05,"STK24"
6.27184027364986e-10,0.426852997030868,0.149,0.357,1.39993746748138e-05,"CLPP"
6.49645149844298e-10,0.388714233701619,0.16,0.375,1.45007293896746e-05,"DUS1L"
6.58874606683921e-10,-9.86526290481306,0.002,0.086,1.47067400957918e-05,"IGLV3-27"
6.69086416048703e-10,0.423824687140875,0.217,0.475,1.49346778926231e-05,"TIMM8B"
6.6917420502173e-10,0.316730901411109,0.106,0.277,1.493663743029e-05,"CBWD1"
6.83079696877338e-10,2.94215606616948,0.165,0.074,1.52470219139991e-05,"ADAM8"
7.17515392878287e-10,0.247309798317205,0.065,0.207,1.60156610844362e-05,"SLC39A4"
7.27818563166178e-10,2.64163292652995,0.298,0.209,1.62456381484323e-05,"IDI1"
7.54360680270026e-10,0.47646887802245,0.16,0.375,1.68380847443073e-05,"NDUFV1"
7.71442288769268e-10,-3.11514983384768,0.005,0.091,1.72193633276188e-05,"CABLES1"
7.77846021337036e-10,-0.785130961200549,0.014,0.11,1.7362301042264e-05,"TST"
8.0742459165874e-10,0.304308466746501,0.21,0.458,1.80225243104147e-05,"UBALD2"
8.11470968383005e-10,0.19923351396516,0.088,0.244,1.81128434852771e-05,"CD320"
8.15635032385048e-10,0.707483024226538,0.12,0.302,1.82057895578667e-05,"PRCP"
8.40801247799619e-10,0.221607852525658,0.271,0.571,1.87675246521353e-05,"RALY"
8.41578003884651e-10,0.0722956120050204,0.111,0.279,1.87848626247093e-05,"CST3"
8.47955576083774e-10,-1.00267155442078,0.023,0.126,1.89272164137659e-05,"USP40"
8.56758933872408e-10,0.0124185421422314,0.052,0.181,1.9123716162966e-05,"YKT6"
8.59856716097508e-10,2.67068453520316,0.3,0.211,1.91928617600125e-05,"ARID4A"
8.74753651417065e-10,1.5930340414358,0.508,0.558,1.95253762532803e-05,"PAPOLA"
8.85936998350208e-10,0.439019755956909,0.248,0.542,1.9774999740175e-05,"TMEM167A"
8.91762015174899e-10,0.249375195255129,0.061,0.197,1.99050199407189e-05,"CDKN2A"
9.0242743394462e-10,2.53340628551027,0.271,0.174,2.01430827530779e-05,"LRMP"
9.24067282352434e-10,2.00564435085266,0.35,0.268,2.06261058093887e-05,"MACF1"
9.25595602474055e-10,0.407755408862508,0.099,0.263,2.06602194428234e-05,"RAB30-AS1"
9.26825257456072e-10,2.78323651779755,0.138,0.054,2.0687666571677e-05,"PIK3C2B"
9.28152801053285e-10,5.19820440958813,0.061,0.01,2.07172986723104e-05,"PRKCE"
9.2827406879975e-10,0.196473103701267,0.131,0.318,2.07200054896792e-05,"GARS"
9.32297796533527e-10,2.63877754547842,0.242,0.145,2.08098191164249e-05,"TWF2"
9.40564608240098e-10,-0.0632738312084777,0.043,0.164,2.09943426205272e-05,"AC099343.3"
9.54007467333226e-10,0.551437024521142,0.115,0.294,2.12944006783449e-05,"STX5"
9.66257246524623e-10,-0.448807851860686,0.023,0.126,2.15678279996761e-05,"RAPGEF2"
9.72042986106314e-10,-1.97372201711445,0.009,0.099,2.1696971492879e-05,"LIN52"
9.78876131930016e-10,-0.192644135169471,0.056,0.187,2.18494941408099e-05,"BRCA2"
9.84042001307875e-10,3.47085057570938,0.113,0.038,2.19648015111931e-05,"RRM2B"
9.88674638981274e-10,2.36874868097605,0.296,0.207,2.2068206616701e-05,"PTEN"
1.00489847563028e-09,-0.157837422504624,0.047,0.172,2.24303388745434e-05,"EML2"
1.01818504703007e-09,-1.56428886816781,0.014,0.108,2.27269084347582e-05,"FZD3"
1.02075578508945e-09,3.61938488820915,0.113,0.038,2.27842898789816e-05,"WEE1"
1.0422749492332e-09,1.91002383641506,0.341,0.261,2.32646191418343e-05,"MKNK2"
1.05696091431686e-09,3.33384230771933,0.113,0.038,2.35924245684667e-05,"PYHIN1"
1.07797603800481e-09,0.0390730899919207,0.061,0.196,2.40615031443054e-05,"EIF2B4"
1.10206242735756e-09,4.62754014406696,0.113,0.038,2.4599135441048e-05,"DUSP4"
1.10209054253486e-09,0.679855455291936,0.138,0.334,2.45997629999207e-05,"PSMD12"
1.10625504312309e-09,-2.43123876173173,0.009,0.098,2.46927188175504e-05,"RAB3D"
1.16415328890026e-09,0.0999664316590509,0.07,0.21,2.59850655615427e-05,"PIK3C2A"
1.17531608320498e-09,4.49659569648888,0.059,0.01,2.62342302932183e-05,"AMPD3"
1.17778640533019e-09,0.280475751362078,0.237,0.518,2.62893703533751e-05,"NDUFA6"
1.22259860824167e-09,-0.10993523192713,0.095,0.249,2.72896235345623e-05,"SLC5A3"
1.24218276471815e-09,1.96896103672036,0.388,0.33,2.77267614912738e-05,"RNMT"
1.25097227486553e-09,2.54677063146418,0.341,0.273,2.79229521472736e-05,"OSTF1"
1.29138346076652e-09,-0.000551583134176692,0.056,0.187,2.88249702277695e-05,"TVP23B"
1.33574491814026e-09,1.40777465326534,0.526,0.556,2.98151623178087e-05,"SMCHD1"
1.36628900841929e-09,0.328998360834295,0.041,0.159,3.0496936956927e-05,"RIOK2"
1.41641115778398e-09,0.310097870507547,0.102,0.266,3.16157134528962e-05,"HSCB"
1.42062922372489e-09,-3.01983570142243,0.005,0.088,3.17098649027632e-05,"RHBDD3"
1.42760214403792e-09,0.320283268558634,0.192,0.421,3.18655074570703e-05,"TRIP11"
1.44720727974835e-09,0.504545081313468,0.09,0.247,3.23031136912628e-05,"NDUFAF2"
1.45783314771464e-09,1.58926176880251,0.454,0.439,3.25402936901384e-05,"CLK1"
1.50819137006108e-09,-4.47670673727296,0,0.078,3.36643395711333e-05,"TGFBR3L"
1.51011483529795e-09,2.63643395160843,0.223,0.129,3.37072732386855e-05,"PIP4K2A"
1.5371944208251e-09,-1.4011103359477,0.025,0.128,3.4311716667237e-05,"PYGB"
1.54624357369823e-09,-0.399568836790606,0.032,0.141,3.45137028085181e-05,"SLC7A7"
1.5946903703335e-09,-0.130068606082488,0.038,0.154,3.5595083756214e-05,"CDC34"
1.64155531025489e-09,2.56965766682611,0.296,0.209,3.66411560801994e-05,"PHF11"
1.75209428659596e-09,-0.112860096393214,0.052,0.177,3.91084965711085e-05,"KIAA0930"
1.77448076218135e-09,2.63377059000308,0.269,0.177,3.96081850926499e-05,"IFT57"
1.78465030551062e-09,0.214227949432094,0.047,0.17,3.98351794693027e-05,"PTRH2"
1.80754330344988e-09,-0.128074719471663,0.147,0.333,4.03461740763048e-05,"ENTPD4"
1.84641927326499e-09,-4.75993571570331,0,0.077,4.12139245985477e-05,"AMPD1"
1.93441271564654e-09,0.543734592674754,0.151,0.352,4.31780262259465e-05,"OPTN"
1.9902731058353e-09,1.78154181376453,0.42,0.396,4.44248859953498e-05,"PHB2"
1.9956151524198e-09,0.394980087033127,0.077,0.22,4.45441258171623e-05,"TARSL2"
2.00944510828353e-09,0.182212840423864,0.043,0.161,4.48528242619967e-05,"GDE1"
2.12109820530736e-09,-0.162493789350526,0.027,0.132,4.73450330406656e-05,"ABCC4"
2.14015838700787e-09,-2.12947420904767,0.009,0.096,4.77704753564026e-05,"SYCE1L"
2.16336895234454e-09,-2.46664326511136,0.005,0.087,4.82885583852825e-05,"PLA2G2D"
2.18431395011076e-09,2.41700116567844,0.339,0.268,4.87560716804223e-05,"TANK"
2.18564425594251e-09,2.50426177407001,0.264,0.172,4.87857654368928e-05,"PPP6R1"
2.19920207831931e-09,-0.441539021610309,0.018,0.114,4.90883895901653e-05,"FAM8A1"
2.20506549110307e-09,0.158675411656518,0.056,0.184,4.92192668269116e-05,"EVI5"
2.20587521918852e-09,2.91479004276345,0.196,0.104,4.92373407675068e-05,"GPATCH11"
2.22763733917424e-09,2.6406448654729,0.063,0.012,4.97230930477083e-05,"CCDC28B"
2.23021147957661e-09,-1.23605459637732,0.009,0.096,4.97805504356294e-05,"TVP23C"
2.23161294664173e-09,2.37433836682153,0.253,0.158,4.981183258199e-05,"SPTAN1"
2.26008326777881e-09,-4.40889574055151,0,0.076,5.04473186200908e-05,"CDC6"
2.26992740867401e-09,0.0454048035581964,0.047,0.168,5.06670496890125e-05,"ARFGAP1"
2.27904926261576e-09,-1.04508539127576,0.007,0.091,5.08706585908463e-05,"PDE4A"
2.29944035164384e-09,-5.87296761997208,0.429,0.734,5.13258080890422e-05,"IGHA1"
2.38639294736376e-09,0.324716805404488,0.041,0.156,5.32666769781064e-05,"RPL39L"
2.44304427013198e-09,0.421374152346433,0.23,0.5,5.45311911536159e-05,"PDCD5"
2.4872754478387e-09,-1.52517131651237,0.014,0.105,5.55184752712075e-05,"QPCTL"
2.56025988362091e-09,0.292702996217829,0.043,0.16,5.71475608623024e-05,"SERPINI1"
2.68082858613286e-09,0.932892719230098,0.591,0.732,5.98387748710715e-05,"COX6A1"
2.68115795646177e-09,-0.0180418515690906,0.079,0.222,5.98461267461833e-05,"VARS"
2.74066312931835e-09,-1.99668161041093,0.007,0.091,6.11743417095149e-05,"RPP25"
2.76950775243571e-09,3.73588094112116,0.088,0.025,6.18181825421174e-05,"FLNB"
2.85420754142038e-09,2.89335775047202,0.205,0.113,6.37087665320443e-05,"STAP1"
2.88522001521574e-09,0.350027945058578,0.072,0.211,6.44009959596306e-05,"MAGEF1"
2.89395199866267e-09,-0.0030098852552806,0.35,0.704,6.45959025621494e-05,"NDUFS6"
2.92326216874122e-09,2.69778504888149,0.19,0.098,6.52501348684727e-05,"PTPN18"
2.95557940871257e-09,2.09411428987695,0.418,0.399,6.59714879818734e-05,"MBD4"
2.98613706830465e-09,0.524724401151808,0.151,0.351,6.66535655016281e-05,"MRPL22"
3.05341218416991e-09,-0.0422027070069566,0.034,0.143,6.81552133628566e-05,"DEXI"
3.08424351525315e-09,0.387670807322547,0.201,0.437,6.88433995039656e-05,"PRKCSH"
3.08808606341678e-09,0.552422647748482,0.158,0.366,6.8929169021526e-05,"LSM1"
3.17526431985061e-09,1.17165674791921,0.555,0.682,7.08750748833854e-05,"UQCR10"
3.18478435688216e-09,2.39402788844838,0.302,0.216,7.10875716299666e-05,"ERICH1"
3.21422121045061e-09,0.133485443852568,0.248,0.508,7.17446316384681e-05,"FAM214A"
3.29942962627741e-09,-1.17231295563288,0.009,0.095,7.3646568688138e-05,"RALY-AS1"
3.31622925169534e-09,3.7505170200517,0.104,0.034,7.40215531270917e-05,"GNB4"
3.37301948570144e-09,-0.0433790158008911,0.052,0.175,7.52891679403418e-05,"LLGL2"
3.45410725437704e-09,0.383211241298371,0.088,0.236,7.709912802495e-05,"KRT18"
3.46491395167193e-09,0.462819604778814,0.054,0.18,7.73403443152691e-05,"SEPHS1"
3.4686833002369e-09,-0.444631255272871,0.027,0.129,7.74244799445877e-05,"ANKRD16"
3.50712591021227e-09,-0.694902270356207,0.032,0.137,7.82825574418481e-05,"CIP2A"
3.51822440735144e-09,0.402747257347348,0.086,0.234,7.85302869964914e-05,"DNAJB12"
3.5844698939551e-09,-0.170607571303506,0.043,0.158,8.00089525029717e-05,"BLVRA"
3.60012810676935e-09,0.0803782905750907,0.074,0.213,8.03584594711987e-05,"KIAA0319L"
3.60285259812534e-09,-1.27561636137326,0.014,0.103,8.04192728427558e-05,"RAB40B"
3.67616028286785e-09,-1.95756676947903,0.011,0.098,8.20555736738933e-05,"PLOD1"
3.7812957828443e-09,-2.14494172991447,0.002,0.079,8.44023031688675e-05,"COPZ2"
3.85378149960387e-09,0.53201441175036,0.113,0.28,8.6020256852658e-05,"QTRT1"
3.98707031724035e-09,0.407671579673337,0.808,0.886,8.89953965511219e-05,"RPL36AL"
4.21582367847599e-09,0.455571415826631,0.099,0.255,9.41014003272626e-05,"LARP4"
4.32703949348389e-09,-0.0655733074544034,0.034,0.141,9.65838485340539e-05,"SAP30"
4.36295686610392e-09,0.267132298609073,0.932,0.964,9.73855602083055e-05,"HLA-C"
4.46281009495194e-09,3.92147446008113,0.102,0.033,9.96143841294223e-05,"ARL11"
4.56320236523771e-09,-3.4363382308212,0.002,0.079,0.000101855239994471,"CFAP54"
4.60126285658907e-09,-2.87901235124308,0.002,0.079,0.000102704788221925,"ACSS2"
4.61247283510009e-09,0.493225829146109,0.135,0.322,0.000102955006152269,"PMVK"
4.68962057216316e-09,0.159066310818145,0.099,0.253,0.000104677020791254,"AL627171.1"
4.73638408503398e-09,-0.640453636388627,0.011,0.098,0.000105720829162043,"SLC41A2"
4.86467643225362e-09,0.00324603306271332,0.09,0.236,0.000108584442644333,"PIEZO1"
5.06423903589564e-09,-3.79320983937876,0,0.073,0.000113038879520227,"SMOX"
5.12934702684348e-09,2.84696299274069,0.165,0.079,0.000114492154986173,"KCNN4"
5.16368451692124e-09,2.60359970118338,0.208,0.116,0.000115258602102199,"SSH2"
5.18351644678073e-09,3.60301704383794,0.117,0.044,0.000115701270608593,"MYLIP"
5.2690598606069e-09,0.0552833544260782,0.102,0.257,0.000117610685148607,"ARFGEF2"
5.35643925252093e-09,-0.250183855666296,0.023,0.119,0.00011956108055552,"AC087623.3"
5.42870262571933e-09,0.464514717763639,0.156,0.351,0.000121174071308681,"TIFA"
5.53479691550103e-09,0.360067010466993,0.093,0.243,0.000123542201950898,"TXLNA"
5.54841187405335e-09,2.04269413513193,0.433,0.437,0.000123846101440745,"TMEM243"
5.73297770543541e-09,-2.87961619233753,0.005,0.083,0.000127965795363024,"FN3K"
5.82348923247549e-09,2.1569617360865,0.372,0.325,0.000129986103158085,"APEX1"
5.89098389008093e-09,-0.638904369087938,0.262,0.492,0.000131492651410496,"HSPB1"
5.89981706136973e-09,-0.797922763445834,0.047,0.162,0.000131689816626834,"CLDN4"
6.09939364258525e-09,0.160835884417137,0.072,0.207,0.000136144565496145,"SMAD5"
6.13000031353316e-09,2.89185430670239,0.16,0.075,0.000136827736998374,"GNB5"
6.15582598074484e-09,-0.758821611272165,0.007,0.087,0.000137404191716206,"C1R"
6.22057537447669e-09,0.384364444856445,0.077,0.215,0.000138849462933694,"NBR1"
6.39730256887089e-09,0.250359254657014,0.07,0.204,0.000142794190639767,"TM9SF4"
6.50628337003646e-09,0.33917262856679,0.097,0.25,0.000145226751102584,"PAPSS1"
6.51526022333751e-09,-0.891909608924582,0.077,0.209,0.000145427123445116,"ATF3"
6.5408825091493e-09,0.546634771352517,0.093,0.244,0.000145999038486721,"EBNA1BP2"
6.62740571247865e-09,0.480183943840552,0.113,0.279,0.000147930322908236,"HDDC3"
6.7513712919659e-09,0.381763322358546,0.262,0.556,0.000150697358607971,"TMEM256"
6.79223273093682e-09,-0.147095187326779,0.029,0.131,0.000151609426787241,"CDR2"
6.84887043092825e-09,-0.124705812801095,0.056,0.178,0.000152873636888749,"KIAA0368"
6.95746672139798e-09,2.80753537486357,0.244,0.154,0.000155297614688324,"MARCKSL1"
7.00011157512726e-09,0.503869476958983,0.214,0.451,0.000156249490468416,"METTL7A"
7.00982356258024e-09,-0.365446269061956,0.043,0.155,0.000156466271740354,"CNOT3"
7.09454670474425e-09,-0.618748066092632,0.018,0.11,0.000158357376996596,"BTD"
7.20658959633625e-09,0.262967346708602,0.153,0.346,0.000160858286379821,"SNHG9"
7.34845349860681e-09,-1.37567406482981,0.005,0.082,0.000164024830542403,"AP001058.1"
7.41246205746775e-09,-0.993342190958225,0.009,0.091,0.000165453565584738,"ANKDD1A"
7.45432306877354e-09,-1.03818558846729,0.016,0.105,0.000166387945218094,"HOOK1"
7.57260032801556e-09,-7.7812059163777,0,0.071,0.000169028011921635,"IGKV3-15"
7.72211628449104e-09,0.332777894572136,0.074,0.21,0.000172365357586125,"MFSD12"
7.75351977579273e-09,0.443118052122576,0.102,0.257,0.00017306631491547,"AAMP"
7.78120792987331e-09,2.5023316840671,0.05,0.007,0.000173684342202702,"C1orf228"
7.96514841707443e-09,-0.667791680114981,0.038,0.145,0.000177790077817518,"IGF2R"
7.96992589052502e-09,2.5102063651614,0.097,0.031,0.000177896715802409,"ZSCAN18"
8.05572194704012e-09,0.477315824828906,0.084,0.226,0.000179811769579882,"PRCC"
8.09143702961974e-09,1.49689995818867,0.49,0.518,0.000180608965938142,"SFPQ"
8.2101753406274e-09,0.06806399495126,0.07,0.203,0.000183259323778144,"MRPS22"
8.2153861437759e-09,2.95338526169006,0.174,0.087,0.000183375634115222,"NUDT3"
8.29687236325498e-09,1.94468969065183,0.381,0.334,0.000185194488020214,"TLN1"
8.40604869352131e-09,2.77729081924179,0.187,0.099,0.000187631412888089,"RASAL3"
8.48191235067522e-09,0.705638576236787,0.124,0.297,0.000189324765579422,"LEPROT"
8.55979536582382e-09,-0.645355988035337,0.018,0.109,0.000191063192360553,"NUDT8"
8.5638392137662e-09,0.364851454321849,0.086,0.23,0.000191153455090475,"RARS2"
8.64474620626255e-09,-0.27854780809982,0.047,0.161,0.000192959380069986,"UVSSA"
8.64634495272384e-09,0.745769207839364,0.124,0.297,0.000192995065689749,"SLC25A39"
8.66368081192336e-09,-3.06973765220362,0.005,0.081,0.000193382019402941,"SMPD3"
8.72076777838213e-09,0.227402584446614,0.278,0.576,0.000194656257581268,"TUFM"
8.72540402007135e-09,-0.00499689631433231,0.056,0.178,0.000194759743132013,"ADA"
8.79349425660696e-09,0.182375217080146,0.081,0.222,0.000196279585301724,"GPR108"
8.96385217092344e-09,0.371204712845114,0.086,0.228,0.000200082144307182,"ERO1B"
8.98943671433432e-09,0.276629115367123,0.126,0.299,0.000200653216900656,"GOLPH3"
9.2108176547968e-09,-1.01805101655649,0.009,0.091,0.000205594660872719,"B4GAT1"
9.40411091421145e-09,-1.08270329332221,0.018,0.108,0.000209909159716114,"TUBG1"
9.42273434968538e-09,0.548309425961739,0.205,0.446,0.000210324853419327,"DHRS7"
9.74560264519572e-09,0.176618263116946,0.045,0.158,0.000217531596643414,"FAM114A2"
9.77314144038087e-09,2.60188884939943,0.144,0.064,0.000218146290090741,"GSAP"
9.8544083651173e-09,0.00961649144128618,0.038,0.145,0.000219960249117783,"SLC10A7"
9.93252399242169e-09,2.97174080737313,0.104,0.036,0.000221703868034845,"GCSAM"
9.93983213387822e-09,0.40846840739116,0.133,0.311,0.000221866993060296,"RAB3GAP1"
9.96393582189102e-09,-2.83789948824238,0.007,0.085,0.000222405011480429,"TNFRSF4"
9.99971149378922e-09,-0.314761502763111,0.014,0.099,0.000223203560252869,"FAM210B"
1.00466756890909e-08,0.46482628190876,0.151,0.343,0.000224251848056199,"DESI1"
1.03107463950318e-08,0.451749417180927,0.059,0.181,0.000230146170283505,"AC007384.1"
1.0359070587506e-08,0.126614221047302,0.129,0.292,0.000231224814583722,"SGK1"
1.05148833105816e-08,-0.935532431368396,0.011,0.095,0.000234702710375492,"SLC17A5"
1.05356765169945e-08,0.554373809442767,0.677,0.812,0.000235166835535834,"SRRM2"
1.06297797997897e-08,2.37278859584042,0.302,0.225,0.000237267314911106,"PGLS"
1.0729398228041e-08,3.10470036189272,0.214,0.127,0.000239490897848104,"SYS1"
1.07377137316863e-08,1.26107197340101,0.542,0.662,0.000239676508204971,"NDUFB2"
1.10592766702203e-08,2.60926743496388,0.282,0.202,0.000246854114555988,"RPA2"
1.10660724473313e-08,0.052045268563905,0.027,0.125,0.000247005803096882,"LAMA5"
1.13154790569045e-08,-4.40907987913145,0,0.07,0.000252572808029165,"LINC00877"
1.13154790569045e-08,-4.55983168925879,0,0.07,0.000252572808029165,"TSHR"
1.13674545249889e-08,1.6792629790918,0.53,0.604,0.000253732952452277,"IRF1"
1.13711865576309e-08,0.49727959257563,0.257,0.54,0.000253816255152878,"FDPS"
1.16772856293262e-08,0.267255996095969,0.248,0.507,0.00026064869253219,"ARRDC3"
1.18050855184068e-08,0.751068998007036,0.079,0.217,0.000263501313856359,"C11orf1"
1.18336616493882e-08,3.54950675443853,0.099,0.033,0.000264139161675994,"CARD11"
1.18513343668205e-08,-1.35646851350121,0.018,0.107,0.000264533634401801,"LIN7B"
1.18694177184621e-08,1.91092613293708,0.449,0.461,0.000264937272893792,"NUCKS1"
1.20294057862446e-08,2.34528241272841,0.196,0.106,0.000268508366554766,"AKAP11"
1.20627363660097e-08,3.07386379210509,0.142,0.063,0.000269252338425702,"ZNF83"
1.21465608623065e-08,0.252610933289325,0.289,0.592,0.000271123385007544,"SRP72"
1.22181224564084e-08,0.0511785226233394,0.063,0.187,0.000272720711349492,"AZI2"
1.22635828030229e-08,3.31516254206662,0.151,0.07,0.000273735431746275,"CDCA7L"
1.23353489901385e-08,-3.57868975572329,0.002,0.075,0.000275337324808881,"LINC02334"
1.2402097383206e-08,-0.178225960680872,0.052,0.168,0.000276827215690541,"SLC35F2"
1.24932329923807e-08,0.241758587603008,0.097,0.246,0.00027886145362293,"PTOV1"
1.26379686805653e-08,1.2507039220743,0.54,0.651,0.000282092098918899,"GPX4"
1.28759328091573e-08,2.53960977372274,0.156,0.073,0.000287403696233201,"DPYSL2"
1.28970863410687e-08,0.508766003527241,0.056,0.177,0.000287875864218996,"PTS"
1.29886453286891e-08,2.4923586563629,0.264,0.176,0.000289919552381669,"TCOF1"
1.31122780794426e-08,-2.2796450081625,0.007,0.084,0.000292679159011238,"DST"
1.32115037083183e-08,0.15091680307517,0.047,0.16,0.000294893974273372,"RING1"
1.33474785536998e-08,0.190090724950995,0.068,0.195,0.000297929068797133,"DHDDS"
1.35632532443432e-08,5.04023916648487,0.054,0.01,0.000302745375666984,"PBX3"
1.35828014095189e-08,-0.0505466263157963,0.023,0.115,0.000303181710261871,"B3GALNT2"
1.36232047898655e-08,-0.148432326826702,0.059,0.179,0.000304083554114589,"TOGARAM1"
1.38031751101086e-08,0.571966902952779,0.106,0.264,0.000308100671632733,"RAB9A"
1.38284943296335e-08,-4.00598673449214,0,0.069,0.00030866582193175,"KIAA0513"
1.39100719068364e-08,1.38837658327323,0.51,0.589,0.000310486715032496,"LDHB"
1.40885986134733e-08,-1.23864528597916,0.014,0.098,0.000314471609651337,"EIF4E3"
1.43613312494046e-08,0.537011951904868,0.14,0.324,0.000320559274817961,"SMIM20"
1.51084547957192e-08,3.31233947686563,0.086,0.025,0.000337235819495248,"GCH1"
1.56680282666978e-08,-2.21766842848269,0.009,0.088,0.000349726058940961,"LAG3"
1.57553940817937e-08,0.158160991638991,0.384,0.755,0.000351676151299717,"TOP1"
1.58404568615357e-08,-2.76231550274803,0.005,0.079,0.000353574837606337,"MINDY1"
1.62244689490785e-08,-1.89571986392244,0.005,0.079,0.000362146371412381,"SLC39A14"
1.63023644655855e-08,2.05647519143831,0.388,0.361,0.000363885077236334,"SNRPF"
1.63695635393349e-08,0.309255902040476,0.142,0.323,0.000365385027761494,"CASC4"
1.67224401441191e-08,2.32471539415922,0.352,0.301,0.000373261586456882,"CCNDBP1"
1.72520805754193e-08,-0.393146578519969,0.047,0.158,0.000385083690523933,"MAN2C1"
1.77319168823721e-08,0.88985848932836,0.169,0.374,0.000395794116731427,"UBE2G1"
1.78334061233891e-08,3.76264620184925,0.088,0.027,0.000398059458080167,"ZMAT1"
1.79401786985832e-08,3.17557127920936,0.133,0.057,0.000400442728731076,"CCNB1IP1"
1.80047440725542e-08,0.765752814033935,0.122,0.292,0.000401883892443483,"NDUFA7"
1.82906483234441e-08,1.5782066220114,0.465,0.5,0.000408265561227595,"MINOS1"
1.85965258302673e-08,3.79617633929681,0.126,0.052,0.000415093053057396,"NAAA"
1.87280622295564e-08,0.339507879641088,0.156,0.343,0.000418029077025928,"IQCB1"
1.88472514977063e-08,3.34204602378615,0.133,0.057,0.000420689500680303,"ANXA2R"
1.94185289292276e-08,3.11904626461982,0.226,0.14,0.000433440984229289,"SDCBP"
2.05231390607816e-08,-0.393205663819018,0.047,0.158,0.000458096986975706,"FAM3A"
2.07921059036071e-08,0.105106707498903,0.111,0.264,0.000464100595874415,"SH3GLB2"
2.10783550972772e-08,4.85223223813927,0.05,0.008,0.000470489964126323,"EPHA4"
2.13938320364202e-08,2.7884967068385,0.26,0.179,0.000477531724884935,"POLD4"
2.15483365586023e-08,4.07164419870976,0.05,0.008,0.000480980420324561,"GABBR1"
2.15725535205035e-08,-1.3575982785218,0.016,0.1,0.000481520967131159,"VPS54"
2.16219459418588e-08,1.74550107156542,0.431,0.414,0.000482623455368231,"MIS18BP1"
2.21473422755734e-08,3.07630574523751,0.181,0.096,0.000494350826933075,"C1orf56"
2.25632777228516e-08,1.51691327805622,0.503,0.589,0.000503634922051771,"ATP5O"
2.25868225514239e-08,4.38151673982243,0.059,0.012,0.000504160466170334,"ADAMTS6"
2.28513375739839e-08,-0.374700219671734,0.043,0.149,0.000510064705988894,"ANKS3"
2.30419033488138e-08,-0.663223162005786,0.023,0.113,0.000514318324648873,"ACAD8"
2.31128785122736e-08,-0.583502056842821,0.011,0.091,0.000515902561272459,"SLC31A1"
2.3809610932368e-08,0.229892499775481,0.072,0.201,0.000531454325621387,"C1orf27"
2.38176762793572e-08,1.69158561685754,0.44,0.431,0.000531634352231532,"BPTF"
2.40537500775897e-08,0.456077198807678,0.273,0.573,0.00053690375548188,"PSMA3"
2.40888144178084e-08,0.689506909760724,0.108,0.265,0.000537686426619901,"NUBP2"
2.50144521010944e-08,-0.206192541422358,0.036,0.137,0.000558347585348529,"FOXRED1"
2.50877460214001e-08,0.727715159541263,0.108,0.261,0.000559983578943671,"MEF2D"
2.57411899535993e-08,0.75886271951555,0.718,0.789,0.000574569100954291,"FOS"
2.57493933803954e-08,0.515874021145868,0.07,0.197,0.000574752209643807,"WDR45B"
2.57751888166594e-08,0.491589276724153,0.28,0.571,0.000575327989576655,"ST6GAL1"
2.66907487034537e-08,-0.0516897821938,0.079,0.21,0.00059576420180979,"CARS"
2.68235255773118e-08,2.41650143798271,0.151,0.071,0.000598727914411176,"MGAT4A"
2.71133862692272e-08,2.49521574437065,0.074,0.02,0.000605197894915421,"ZCWPW1"
2.74311338589356e-08,0.504458950515409,0.102,0.251,0.000612290338865301,"INSIG2"
2.75382959971082e-08,0.375426135285438,0.111,0.266,0.000614682304951452,"MRPL23"
2.80583411499532e-08,2.49121261744743,0.282,0.205,0.000626290232808106,"ANKRD13A"
2.84331331709929e-08,0.306080483439612,0.061,0.18,0.000634655965509732,"CERK"
2.87633970017365e-08,-0.0831960621453143,0.041,0.145,0.000642027784475759,"FANCA"
2.93113713137937e-08,-0.0289584089991815,0.065,0.187,0.00065425911909519,"LRRC14"
2.97982121422014e-08,4.09380996787567,0.056,0.011,0.000665125893226078,"CNFN"
2.99091035868945e-08,-0.259654179311256,0.041,0.145,0.000667601101163072,"OGFOD2"
3.0767889172265e-08,1.26937388459613,0.551,0.631,0.000686770054214127,"RNF213"
3.11071847510944e-08,3.13522975236597,0.095,0.032,0.000694343470829177,"TESC"
3.12847675043717e-08,2.09646787578668,0.309,0.236,0.000698307295465081,"CELF1"
3.1628323236868e-08,0.50661294818949,0.084,0.219,0.00070597580297013,"MPZL1"
3.18658885521338e-08,0.63405010376687,0.129,0.298,0.000711278498372178,"PSMC2"
3.18660977914462e-08,0.20790705483919,0.332,0.66,0.00071128316880287,"ATP5G1"
3.22148489469965e-08,-0.149907969958173,0.036,0.137,0.000719067643345909,"STYXL1"
3.26356753127095e-08,4.44680313828417,0.072,0.019,0.000728460908654988,"SESTD1"
3.27322304836635e-08,0.685222738422803,0.147,0.332,0.000730616116625852,"TXNDC12"
3.29645552973114e-08,3.42084628603743,0.117,0.047,0.000735801838791287,"PPP1R16B"
3.2994769263853e-08,0.234559260035061,0.034,0.133,0.000736476244738464,"GPR160"
3.46152812685412e-08,-0.503151528051144,0.011,0.09,0.000772647693195107,"DPY19L3"
3.48427234013148e-08,2.67542117909141,0.262,0.182,0.000777724429040747,"NECAP2"
3.48668183710442e-08,0.109797073317504,0.334,0.647,0.000778262252860078,"TTC3"
3.49137978170941e-08,0.561350678986547,0.122,0.286,0.000779310881075358,"FUOM"
3.55946812263925e-08,-0.223628576044765,0.045,0.152,0.000794508879654306,"SPATS2L"
3.56709945256951e-08,-0.0288318683581674,0.052,0.164,0.00079621226880804,"BNIP3"
3.59481836017042e-08,-1.14256404652827,0.009,0.085,0.00080239940617364,"LINC01358"
3.66286907501976e-08,-0.153813075631334,0.034,0.132,0.000817589006235161,"MIB1"
3.69513579404258e-08,2.69344509130509,0.174,0.091,0.000824791260588244,"FAM13B"
3.76003513230154e-08,-4.19176114894403,0,0.065,0.000839277441881027,"AC104261.1"
3.76996935061962e-08,-0.133971327269362,0.041,0.144,0.000841494858751805,"TMEM175"
3.7798213420694e-08,2.06084333724234,0.388,0.365,0.000843693921763312,"AIP"
3.80903749613874e-08,0.661149175277446,0.149,0.335,0.000850215259513128,"PIGP"
3.85409333475524e-08,2.31507578084077,0.165,0.083,0.000860272173250717,"MYO1F"
3.89476893596157e-08,0.673941497456393,0.158,0.347,0.000869351374195983,"UQCRC1"
3.93146027849344e-08,-0.516278945099651,0.032,0.127,0.00087754124876252,"LDLRAP1"
3.94740475024372e-08,-0.398949433477819,0.018,0.102,0.0008811002143019,"LZTFL1"
3.95374091514949e-08,1.37193463464674,0.521,0.584,0.000882514509670518,"TRA2B"
3.9615665652819e-08,0.371104143834945,0.074,0.203,0.000884261273036573,"DHRS1"
3.97679731432714e-08,0.0587449119507246,0.077,0.204,0.000887660928530962,"C1orf186"
4.02576288054768e-08,0.0727945893605573,0.056,0.171,0.000898590532567048,"KIF22"
4.07506066788946e-08,-0.109195872510908,0.025,0.115,0.000909594291679606,"ALDH3A2"
4.27785646206746e-08,3.48437294720262,0.129,0.056,0.000954860340898077,"FADS3"
4.30063458909277e-08,0.485767914013216,0.077,0.206,0.000959944646631396,"PREPL"
4.37508526584032e-08,3.34290767273537,0.14,0.064,0.000976562782188219,"MAD1L1"
4.38359518760677e-08,2.69387204099314,0.14,0.064,0.000978462281825706,"ZFP14"
4.40390887242905e-08,0.359178618086806,0.147,0.325,0.000982996499414888,"TRIM69"
4.47264724932769e-08,2.96015776059275,0.183,0.1,0.000998339592522435,"RFX5"
4.50941438357432e-08,-0.724371996389746,0.027,0.118,0.00100654638455762,"NPEPL1"
4.60360595078596e-08,0.879606449267285,0.192,0.415,0.00102757088427493,"WASHC3"
4.64589070239889e-08,0.451824060006131,0.296,0.605,0.00103700926368246,"RER1"
4.68976774817076e-08,0.355450746604176,0.043,0.147,0.0010468030590692,"ACOX1"
4.78699968393537e-08,0.239170673897092,0.086,0.221,0.00106850619945121,"CHP1"
4.8476759153825e-08,3.28590284557551,0.115,0.046,0.00108204974107253,"KLHL18"
4.84990000507626e-08,-0.968258800646741,0.02,0.106,0.00108254618013307,"PSEN2"
4.86022921873353e-08,2.26298682000868,0.271,0.192,0.00108485176391351,"MARCH7"
4.88217732030093e-08,3.48712537315099,0.095,0.033,0.00108975079966437,"INPP5F"
4.89305154304373e-08,-0.23081022905407,0.025,0.114,0.00109217803492279,"CDK5"
4.89442975980554e-08,1.43318068371881,0.503,0.6,0.00109248566668619,"NEDD8"
4.91088879598788e-08,0.329524996975603,0.063,0.182,0.00109615948815245,"KIZ"
4.98734539107137e-08,-1.18802777800353,0.011,0.088,0.00111322536474104,"TWSG1"
5.00180048708992e-08,-0.179918902613366,0.011,0.088,0.00111645188672334,"SWT1"
5.01978274147281e-08,0.469391333447518,0.068,0.189,0.00112046570572415,"EHD4"
5.02637889483176e-08,-7.14458200253191,0.005,0.073,0.0011219380331154,"IGHV1-3"
5.07052095652032e-08,0.155694955648607,0.032,0.126,0.0011317909827049,"PLA2G12A"
5.07684121785656e-08,2.98127025691485,0.115,0.046,0.00113320172823776,"SPOPL"
5.08143161961081e-08,-0.0663282225521082,0.052,0.161,0.00113422635181333,"ING5"
5.14058077346212e-08,0.150997893426521,0.059,0.174,0.00114742903444448,"SNAP47"
5.14857417436131e-08,1.18301954160199,0.528,0.634,0.00114921324145919,"COX8A"
5.15213696083317e-08,-2.73162532601344,0.005,0.074,0.00115000849102757,"GFI1"
5.17932743060394e-08,3.87430122857826,0.081,0.025,0.0011560776757851,"SGPP1"
5.18374555793768e-08,-1.72010871080612,0.009,0.083,0.00115706384598727,"ESR1"
5.20250791030256e-08,4.18809585467749,0.059,0.013,0.00116125179065863,"SERPINB8"
5.20406653456388e-08,0.464239163550544,0.153,0.34,0.00116159969118,"EXOSC1"
5.26104789709049e-08,0.0974552297632396,0.047,0.154,0.00117431850110957,"PRKACA"
5.34753046822661e-08,2.9794477931921,0.106,0.04,0.00119362227581286,"SPOCK2"
5.36722270849652e-08,-0.203188803267124,0.056,0.168,0.00119801778076351,"HIST1H2BN"
5.39413359813887e-08,-0.79793283136515,0.018,0.101,0.00120402456044058,"DVL1"
5.45965183861539e-08,-0.681765028761113,0.027,0.118,0.00121864888689734,"UTP14C"
5.47746444470966e-08,0.451402464118298,0.054,0.166,0.00122262483870364,"UROD"
5.49120228255304e-08,0.336879660371226,0.065,0.186,0.00122569126148866,"ECI2"
5.53396075081789e-08,-0.474605184784275,0.036,0.133,0.00123523537919006,"ST3GAL2"
5.60098002979567e-08,2.64753433217214,0.194,0.111,0.00125019475245069,"EGLN2"
5.60353918344451e-08,-4.36372129682283,0,0.064,0.00125076598113665,"IGHGP"
5.6491610779046e-08,0.120642449207734,0.059,0.173,0.00126094924419909,"UBN2"
5.70900394913546e-08,2.82892426145107,0.169,0.088,0.00127430677148653,"DCLRE1C"
5.73173941301786e-08,1.61593283929645,0.46,0.495,0.00127938155437972,"PGK1"
5.77710916922841e-08,0.306588805140289,0.052,0.161,0.00128950853766347,"POLR2D"
5.96755764852042e-08,0.242138969573607,0.065,0.184,0.00133201854272624,"ADGRG5"
6.01589260801145e-08,2.57052404766076,0.257,0.177,0.00134280738903424,"ZCCHC7"
6.01971267872262e-08,0.183679591267683,0.086,0.218,0.00134366006701768,"TBC1D15"
6.02213605972793e-08,0.457285140956209,0.043,0.146,0.00134420098989187,"GNS"
6.16501088714947e-08,-0.096352093484211,0.016,0.096,0.00137609208012063,"VPS26B"
6.19428991733445e-08,2.1032231555374,0.368,0.33,0.00138262745244822,"HNRNPH3"
6.2538723626739e-08,-0.134002702767073,0.415,0.714,0.00139592685007244,"ISG15"
6.2659298636204e-08,2.7685283310828,0.264,0.188,0.00139861820485871,"SH3KBP1"
6.39255202023543e-08,0.821295890031589,0.133,0.303,0.00142688153643675,"AKR1B1"
6.40267962940456e-08,0.371925753906141,0.086,0.22,0.00142914212007939,"NUDT2"
6.4032290723266e-08,0.792275839553998,0.108,0.26,0.00142926476123402,"MRPL17"
6.63020368048666e-08,0.311493996517497,0.102,0.244,0.00147992776352143,"SLC30A7"
6.69828461104439e-08,0.117112800715814,0.027,0.117,0.00149512410803122,"SLC43A2"
6.83902895585432e-08,-4.38585716276811,0,0.063,0.00152653965323624,"BMP6"
6.92934079766232e-08,1.93129678547347,0.381,0.353,0.00154669815944621,"PDCD6"
7.00416771810202e-08,2.78817291447315,0.133,0.06,0.00156340027635755,"RNF44"
7.06176961943931e-08,-0.66805297021411,0.041,0.14,0.00157625759675505,"GNLY"
7.20154472801288e-08,0.831036711333753,0.102,0.248,0.00160745679873975,"TUSC2"
7.30510842979464e-08,-0.906242411752728,0.011,0.087,0.00163057325261446,"MTFR1"
7.35207574890697e-08,0.786100047169399,0.059,0.173,0.00164105682791352,"ARL3"
7.40619530737766e-08,-0.640477238702958,0.025,0.112,0.00165313685455977,"CAMKK2"
7.52356347415686e-08,0.869150511137042,0.596,0.714,0.00167933460306655,"RPL22L1"
7.57918086943888e-08,0.307294966517139,0.029,0.121,0.00169174896186745,"ANG"
7.61450622947467e-08,0.124987772190639,0.07,0.19,0.00169963393548104,"NAT9"
7.72227046052949e-08,-0.337220607023198,0.023,0.108,0.00172368798949479,"GPR89A"
7.82197511986842e-08,2.45523724440052,0.214,0.132,0.00174594306650583,"ELK4"
7.85633421275538e-08,0.224604328272338,0.038,0.137,0.00175361235962913,"ALG1"
7.90598278329532e-08,-1.75724320274791,0.007,0.077,0.00176469441705935,"CCDC189"
8.01550939085787e-08,-1.10485030570525,0.007,0.077,0.00178914185113338,"OAF"
8.06465820355214e-08,-1.06732563557859,0.007,0.077,0.00180011235761487,"TCF19"
8.09722122722955e-08,0.283081731705064,0.077,0.202,0.00180738075012991,"SAMD1"
8.11711865192603e-08,0.583716560992927,0.097,0.236,0.00181182205429641,"CSGALNACT2"
8.11978619769555e-08,3.50990787547514,0.086,0.028,0.00181241747718762,"EHD3"
8.21751081694134e-08,0.588585276485476,0.19,0.404,0.00183423058944948,"MRPS15"
8.3518297998826e-08,-0.169417157168484,0.014,0.091,0.0018642119296318,"CRYBG3"
8.43251570202173e-08,0.296657766143261,0.314,0.63,0.00188222182984827,"ZNHIT1"
8.47367724201623e-08,3.36522168729235,0.131,0.059,0.00189140949719044,"TRAK1"
8.67408955215991e-08,-1.16792571546481,0.011,0.086,0.00193614352893761,"CTTN"
8.72418499202093e-08,-1.31171776648606,0.011,0.086,0.00194732533206899,"TNFRSF18"
8.85314572592747e-08,1.54148499531586,0.494,0.585,0.00197611065748427,"RBX1"
8.87573802577167e-08,1.89841904630392,0.411,0.414,0.00198115348473249,"C1QBP"
8.88250236072036e-08,-0.192814830132399,0.045,0.147,0.00198266335193639,"WRN"
8.97322999954587e-08,0.29344098092856,0.023,0.107,0.00200291466819863,"MSTO1"
8.97977284079988e-08,-0.848191916588601,0.016,0.095,0.00200437509579494,"CNBD2"
9.03255519892568e-08,0.308910530350161,0.314,0.632,0.0020161566459522,"FIS1"
9.27978792023676e-08,-0.256369047764679,0.072,0.191,0.00207134146167605,"DNAJB4"
9.28707375286281e-08,0.265716817844945,0.341,0.678,0.00207296773237651,"NDUFV2"
9.37842002160866e-08,0.0957691441085977,0.099,0.236,0.00209335713302327,"ANKRD36"
9.47146333675391e-08,0.223382240135556,0.072,0.193,0.00211412533139684,"SHC1"
9.63601440177073e-08,-2.25769454710655,0.007,0.076,0.00215085477461925,"CCL25"
9.65342095616678e-08,-0.327392373542439,0.023,0.106,0.00215474009162599,"HIST1H2BF"
9.91823023121303e-08,-0.603249775427903,0.014,0.09,0.00221384816990906,"MIR22HG"
9.93253195960691e-08,0.501674288142492,0.088,0.22,0.00221704045870386,"SEC23A"
9.95909426049414e-08,0.664809967953251,0.05,0.156,0.0022229694298849,"CLIC3"
1.00246115072391e-07,-1.50071133091117,0.018,0.098,0.00223759353453084,"NET1"
1.00444272069333e-07,1.71538104979254,0.422,0.424,0.00224201659685959,"CHMP4A"
1.01497709100678e-07,-0.457333992804761,0.018,0.098,0.00226553036483624,"GPKOW"
1.02590760143625e-07,2.56740979975073,0.226,0.145,0.00228992835716586,"FLOT2"
1.04454924651671e-07,0.557234103692777,0.115,0.267,0.00233153837314995,"UQCC3"
1.05671963802488e-07,0.412233548100164,0.35,0.668,0.00235870390403534,"LMO4"
1.05914044314845e-07,-0.0903340897097396,0.036,0.131,0.00236410738315165,"THAP4"
1.06764500190817e-07,2.89860307011187,0.086,0.028,0.00238309040875923,"KIF21B"
1.11036240255831e-07,-0.596788107592603,0.025,0.11,0.00247843991875041,"SPICE1"
1.11998268593063e-07,-2.28690562701802,0.007,0.075,0.00249991335326576,"CCDC144A"
1.12236450605141e-07,-2.50994103389257,0.002,0.066,0.00250522981395734,"MISP3"
1.15246035019176e-07,0.639094675299275,0.052,0.159,0.00257240674766302,"PNPLA4"
1.16034219230886e-07,2.08757964477098,0.354,0.307,0.00258999980745261,"HMGB2"
1.18918377777079e-07,-0.471126504186154,0.014,0.089,0.00265437711036218,"FBXL8"
1.19066170874089e-07,0.552226066058725,0.129,0.288,0.00265767600008055,"TMEM30A"
1.19601781533778e-07,2.30456088684533,0.291,0.222,0.00266963136561547,"VPS4B"
1.20087644366135e-07,0.325867536899585,0.079,0.203,0.00268047630989649,"NBAS"
1.20189961526763e-07,0.671072277136004,0.163,0.35,0.00268276013123887,"TIMM17A"
1.21362022209095e-07,2.51219632513506,0.151,0.075,0.00270892169772922,"DUS2"
1.23486265242771e-07,-0.521722386899429,0.014,0.089,0.00275633692648389,"METTL1"
1.24218934762819e-07,-3.74537395691245,0,0.06,0.00277269084284088,"PRSS16"
1.25750460716659e-07,-0.296520566092235,0.047,0.149,0.00280687603365654,"IL15RA"
1.27200873913709e-07,0.549472396427995,0.111,0.258,0.0028392507066279,"MRPL12"
1.28759343442073e-07,0.275387260215265,0.307,0.596,0.0028740373049705,"VCP"
1.28876706881239e-07,2.19853106293652,0.293,0.223,0.00287665697429612,"PPP3CA"
1.30722767463185e-07,3.42825669087954,0.178,0.1,0.00291786289254575,"MAP3K8"
1.32273197274249e-07,2.25764253950361,0.375,0.346,0.00295247003635851,"SKIL"
1.33676105118948e-07,3.33435324042329,0.138,0.065,0.00298378434236003,"MAP4K2"
1.33751066202122e-07,-0.661236372693129,0.027,0.114,0.00298545754869757,"ILVBL"
1.34677590133693e-07,0.510967105750181,0.074,0.196,0.00300613848937416,"CRLS1"
1.35074217899406e-07,0.268575098202096,0.038,0.134,0.00301499161773263,"TSEN15"
1.36155728542058e-07,0.644241458433689,0.122,0.276,0.00303913201678727,"MRPS11"
1.37756040771903e-07,-2.2792797187653,0.002,0.065,0.00307485258606964,"SLC16A14"
1.38766172675266e-07,-2.1037916668997,0.007,0.075,0.00309739974028462,"ZNF358"
1.42284092293974e-07,2.76326198944991,0.111,0.044,0.00317592322409379,"SLC2A1"
1.44389959088946e-07,0.764035061604381,0.217,0.454,0.00322292827682436,"UBE2M"
1.46276754234271e-07,-1.70718210772896,0.016,0.092,0.00326504343126317,"LINC00996"
1.51655304899892e-07,0.432935255590846,0.052,0.157,0.00338509806067049,"APMAP"
1.52027266221118e-07,0.126265889051374,0.077,0.198,0.00339340060932156,"MINDY2"
1.5274204222643e-07,3.3369539023419,0.099,0.037,0.00340935512453615,"MARCH3"
1.52961199780517e-07,0.631851353958499,0.093,0.227,0.00341424694030091,"DGCR6L"
1.53628485823616e-07,1.86824197601946,0.393,0.378,0.00342914143206894,"CCT3"
1.55693140203479e-07,2.09252165785554,0.289,0.216,0.00347522658248186,"XPO1"
1.5583879418864e-07,3.06507882905095,0.086,0.029,0.00347847772508464,"SAP25"
1.56946649447931e-07,0.706713969241041,0.183,0.386,0.00350320616232726,"CKLF"
1.57070246586858e-07,0.142113366996948,0.129,0.283,0.00350596497406525,"IL10RA"
1.58638534463992e-07,2.08250535757925,0.339,0.286,0.00354097072777076,"CREBRF"
1.59199809902876e-07,1.60362651000163,0.474,0.535,0.00355349895684209,"XRCC5"
1.60683170606226e-07,-0.256954765541439,0.02,0.101,0.00358660905110158,"EEF2KMT"
1.67343030058895e-07,-0.529220078724857,0.043,0.14,0.0037352637739446,"Z93241.1"
1.68241800248783e-07,0.517676357177742,0.036,0.129,0.00375532522335309,"JMJD4"
1.7238469311663e-07,1.42315099721075,0.497,0.591,0.0038477987350563,"SNRPG"
1.73940691176827e-07,-0.497725704317041,0.054,0.157,0.00388253016775796,"KRT8"
1.74280201108494e-07,-2.09659039099566,0.005,0.069,0.00389010836894269,"CLPB"
1.74801772986083e-07,-0.148102239754582,0.018,0.096,0.00390175037482235,"HOXB2"
1.74998542573067e-07,0.418911794449281,0.081,0.207,0.00390614246877343,"GNPTG"
1.77418034996706e-07,2.33853133021043,0.226,0.145,0.00396014795916147,"ARHGAP4"
1.79109972811858e-07,2.99303041514046,0.165,0.088,0.00399791370313348,"XPO6"
1.79690261683395e-07,0.0856945068830828,0.041,0.137,0.00401086633103507,"GTPBP3"
1.84681522009599e-07,1.70051834362791,0.467,0.535,0.00412227625277626,"MZT2A"
1.84780779570367e-07,-4.27049586486535,0,0.059,0.00412449178079017,"FAM19A5"
1.86686241203164e-07,5.10771632063696,0.061,0.015,0.00416702358989583,"TMCC3"
1.868124195623e-07,-1.18281854855165,0.016,0.091,0.0041698400170501,"AC016745.2"
1.88828118588799e-07,0.436705816703866,0.093,0.226,0.00421483243502058,"PSMD9"
1.89615768382451e-07,2.32396580455541,0.266,0.193,0.0042324135660647,"WDR1"
1.90399915508743e-07,0.428575229442102,0.19,0.387,0.00424991651407066,"CREBZF"
1.90786240208409e-07,-1.20653733706989,0.011,0.083,0.0042585396676919,"LMTK2"
1.90817858596179e-07,0.515693522189639,0.156,0.332,0.00425924542172532,"ZNF280D"
1.91255934369584e-07,-4.69617828897886,0.005,0.068,0.00426902371106349,"IGHV1-24"
1.9141142072543e-07,2.60381826260853,0.233,0.155,0.00427249432201232,"RECQL"
1.93246212867105e-07,-0.032052552979958,0.016,0.091,0.00431344871740665,"TXLNB"
1.95719155178657e-07,0.463123753298455,0.054,0.16,0.0043686472627428,"ARFIP2"
1.96634066394361e-07,0.427132966531058,0.278,0.551,0.00438906899598853,"SEPT2"
1.96666587381198e-07,1.91518510401432,0.361,0.32,0.00438979489693573,"RNPS1"
1.97632026942926e-07,3.17659620597283,0.138,0.066,0.00441134447339306,"ST3GAL1"
1.97815527630329e-07,0.503275563159458,0.063,0.176,0.00441544039223658,"TMED1"
1.97872911355446e-07,3.02006321717098,0.061,0.015,0.00441672125436492,"RIN3"
1.98635379845284e-07,2.30302216272598,0.158,0.082,0.00443374031352658,"MAML2"
2.05056816192151e-07,0.851683815822653,0.133,0.297,0.004577073194225,"CAMTA1"
2.05059237812079e-07,1.70248616970792,0.391,0.365,0.00457712724720341,"USP15"
2.09355755503293e-07,0.66323463062453,0.165,0.353,0.00467302981858901,"MRPL36"
2.11563280420475e-07,-1.79941164277664,0.007,0.073,0.00472230398226543,"GPLD1"
2.1248654472876e-07,0.435607289128576,0.176,0.365,0.00474291216489066,"CYHR1"
2.16648468859636e-07,2.77570504376425,0.208,0.129,0.00483581047341592,"PEA15"
2.16816632478492e-07,0.346297200542571,0.102,0.237,0.00483956405355241,"ERC1"
2.18779069076868e-07,-0.335311872059116,0.014,0.087,0.00488336760086478,"SLC12A4"
2.19631807818545e-07,-2.0490421086258,0.011,0.082,0.00490240158231774,"CDKN1C"
2.24193695336591e-07,2.59882217967938,0.115,0.048,0.00500422747360806,"TOB2"
2.24436321841998e-07,0.77984757813367,0.07,0.187,0.00500964313983523,"FH"
2.25318155180482e-07,-4.26859742331216,0,0.058,0.00502932654178354,"AC025181.2"
2.30770556913651e-07,0.325037824057814,0.038,0.132,0.0051510296008696,"UBE2O"
2.32371253427686e-07,2.3634667765356,0.363,0.331,0.00518675874775938,"CD55"
2.33003310323335e-07,2.17626904652535,0.357,0.319,0.00520086688972717,"TAOK3"
2.3413613366905e-07,0.30484708458344,0.032,0.12,0.00522615263962686,"WWOX"
2.36495882521918e-07,0.43908277975649,0.068,0.181,0.00527882459377174,"AP2A2"
2.38324903703183e-07,1.14730627932165,0.059,0.165,0.00531965017555874,"PIF1"
2.39204246285402e-07,-0.00589220026977166,0.061,0.169,0.00533927798133646,"SDR42E2"
2.40948782875078e-07,0.376880171094283,0.056,0.163,0.00537821778255462,"TOLLIP"
2.41432569995657e-07,-0.0921134128437338,0.023,0.103,0.00538901639487307,"CRYL1"
2.41976155211147e-07,0.492249799755613,0.185,0.384,0.00540114976046801,"HSPB11"
2.47793259385191e-07,0.624887560294314,0.063,0.174,0.00553099334273684,"OCEL1"
2.55439916026691e-07,2.9219976894413,0.12,0.052,0.00570167436563176,"RALB"
2.57005985704628e-07,0.576389872358669,0.086,0.213,0.005736630606913,"ISOC1"
2.59731518369325e-07,0.59106757860529,0.041,0.135,0.0057974672215217,"SLC35A2"
2.59942717868487e-07,-0.975788272674743,0.007,0.072,0.0058021814055425,"DOLK"
2.61790230962912e-07,3.72800877714887,0.068,0.019,0.00584341974532315,"MAP3K7CL"
2.62996880946925e-07,0.995917346071908,0.167,0.355,0.00587035337961632,"DCXR"
2.63099124931157e-07,2.82339163584463,0.223,0.147,0.00587263556758835,"CEPT1"
2.65333711634632e-07,0.326288124488222,0.072,0.187,0.00592251377739662,"DCAF8"
2.66826120614885e-07,0.694288401770138,0.095,0.229,0.00595582583824484,"MED31"
2.67438118460368e-07,-1.55612991359964,0.018,0.094,0.00596948624215388,"ALG9"
2.75578182939032e-07,-8.05645782371685,0.002,0.062,0.00615118062138214,"IGHV3-7"
2.76035010109081e-07,-1.09715231241053,0.018,0.094,0.00616137746064479,"XPO5"
2.77471295304404e-07,-0.0435826957105672,0.038,0.13,0.0061934367824896,"BLZF1"
2.77838111516887e-07,-0.234426318384549,0.74,0.928,0.00620162448716842,"SUB1"
2.83073934913195e-07,0.0110425605798579,0.054,0.157,0.00631849330119743,"HOOK2"
2.87246869052602e-07,0.0362180728428614,0.038,0.13,0.00641163736412313,"GPR180"
2.87942950002059e-07,-0.661914450374421,0.122,0.266,0.00642717458699596,"CCL4"
2.89362730211261e-07,0.296554587340495,0.025,0.106,0.00645886550104556,"CTU2"
2.91032403402107e-07,2.93346675538974,0.14,0.068,0.00649613427633843,"BEX2"
2.93759371865258e-07,1.02547991346751,0.619,0.804,0.00655700293940442,"TAPBP"
2.96200052196328e-07,0.301479135368297,0.043,0.138,0.00661148136507423,"CCDC159"
2.97628321039599e-07,0.0628988438754545,0.348,0.656,0.00664336175392489,"GLRX"
3.01750183619926e-07,0.74920640655055,0.113,0.257,0.00673536584858037,"PAIP1"
3.05225181651253e-07,-1.05672786984358,0.014,0.085,0.00681293127963762,"ACTR3C"
3.10551145580159e-07,-0.56168161393554,0.023,0.102,0.00693181212049473,"FBXO32"
3.13039254266616e-07,2.61395911888588,0.102,0.04,0.00698734919448514,"ZDHHC14"
3.18681588842787e-07,0.710642271603773,0.097,0.23,0.00711329174455984,"BAD"
3.25240334996842e-07,-0.0414603803636262,0.02,0.098,0.00725968951746452,"NADK2"
3.26570975109102e-07,0.0945937564955668,0.043,0.137,0.00728939073541026,"CPTP"
3.30681701277857e-07,2.80734201902184,0.194,0.118,0.00738114625422305,"TTF1"
3.31667483948942e-07,2.77898019834296,0.151,0.078,0.00740314990922434,"PPP2R5A"
3.34333796088821e-07,0.503480005614446,0.068,0.18,0.00746266466249858,"SYNC"
3.34447783962923e-07,0.433145030844479,0.144,0.306,0.0074652089858364,"PHF20L1"
3.34518771004505e-07,0.462867511234909,0.054,0.157,0.00746679348759155,"MRPS2"
3.34880508263265e-07,-4.39688602976516,0,0.056,0.00747486782494435,"SLC6A9"
3.34880508263265e-07,-4.28885056466989,0,0.056,0.00747486782494435,"KCNA2"
3.36675258642496e-07,0.37376531228074,0.343,0.676,0.00751492844815916,"TPD52"
3.37852816841896e-07,1.38139167555398,0.499,0.598,0.00754121272472797,"PSMB3"
3.40743877693355e-07,0.739481595084928,0.102,0.237,0.00760574409399337,"MRPL24"
3.45831152399568e-07,-0.277491694135204,0.016,0.089,0.00771929715271076,"ZNHIT2"
3.48903308361746e-07,0.523049148218418,0.097,0.228,0.00778787074594253,"CUX1"
3.51740037455077e-07,-0.0099174991874289,0.043,0.137,0.00785118937603477,"GBA2"
3.52597720336792e-07,0.299006396102696,0.038,0.129,0.00787033371563752,"CCDC43"
3.53091819732914e-07,-0.206230346388815,0.047,0.145,0.00788136250825838,"ASPHD2"
3.61051388894604e-07,0.343094652592838,0.045,0.141,0.00805902805151645,"PSMG1"
3.62435530874611e-07,0.208306531975141,0.14,0.293,0.0080899234846522,"CCNL2"
3.66825082234171e-07,-3.09567299051464,0.002,0.061,0.00818790266054894,"RAPGEF3"
3.72410047449704e-07,0.245161493084172,0.074,0.19,0.00831256466912485,"EFHC1"
3.72774232906205e-07,3.20950665676195,0.084,0.029,0.0083206936526994,"SNX9"
3.7425129524226e-07,-0.0976239327761954,0.02,0.097,0.00835366316110249,"C5orf42"
3.81361310019163e-07,-0.537199286520537,0.014,0.084,0.00851236580093774,"LINC02486"
3.81590264054253e-07,0.306271112047754,0.054,0.156,0.00851747628395497,"GAMT"
3.81886482609033e-07,-0.478041873056327,0.014,0.084,0.00852408817831622,"ENTPD6"
3.84486852951009e-07,-0.826354519108589,0.023,0.101,0.00858213104471947,"AACS"
3.86113062457936e-07,-0.352909935749389,0.014,0.084,0.00861842966712358,"PLTP"
3.86988826686873e-07,4.37534256071443,0.05,0.01,0.0086379776004777,"CD80"
3.92220275642698e-07,-1.21934754729723,0.016,0.088,0.00875474877262067,"RNF207"
3.93101840372048e-07,0.489238293830311,0.07,0.183,0.00877442617894448,"DCTD"
4.008879190469e-07,0.485324668438431,0.233,0.461,0.00894821924104585,"NGLY1"
4.04628095944809e-07,0.940223206186704,0.097,0.23,0.00903170372958409,"DCTN6"
4.05493086262124e-07,-0.145570744239885,0.034,0.121,0.00905101117845686,"GOLGA1"
4.06039201726344e-07,3.79251474446994,0.05,0.01,0.00906320102173373,"ICA1L"
4.08020024203311e-07,0.399682908012315,0.063,0.171,0.0091074149602421,"LRRC41"
4.08174918950215e-07,-4.30901113636796,0,0.056,0.00911087236588775,"LRRC24"
4.08174918950215e-07,-3.78918835236293,0,0.056,0.00911087236588775,"FAM27C"
4.11946086011511e-07,2.97163395539564,0.151,0.079,0.00919504858586293,"PTDSS1"
4.15069160256045e-07,1.50624408397595,0.474,0.539,0.00926475872607519,"RSL24D1"
4.17588599011374e-07,0.5153316903414,0.05,0.149,0.00932099511853289,"TMEM115"
4.18588599728456e-07,3.97757271045735,0.072,0.022,0.00934331613453886,"GPR82"
4.22491053524907e-07,0.633769344434955,0.158,0.33,0.00943042280572945,"NAPA"
4.24558190186654e-07,2.28399404131375,0.287,0.221,0.00947656336315629,"ZDHHC21"
4.25959267052963e-07,0.667210623467848,0.153,0.324,0.00950783679988918,"SAP30BP"
4.43406133255158e-07,0.614255134180304,0.09,0.216,0.00989726830038838,"ASPSCR1"
4.47754944242877e-07,0.775459510385179,0.115,0.26,0.00999433811044526,"GFER"
4.56110598033007e-07,0.0711990424282276,0.029,0.113,0.0101808446586947,"MRPL53"
4.67423392911479e-07,2.78935538098551,0.165,0.091,0.0104333575531771,"IL27RA"
4.74556161955067e-07,2.67181913377844,0.257,0.188,0.0105925680909991,"P2RY10"
4.82331431859909e-07,0.116956575667169,0.025,0.104,0.010766119890545,"CCSAP"
4.85495804495621e-07,0.32420353832065,0.343,0.624,0.0108367518521468,"LGALS1"
4.86442271130116e-07,0.755755990942354,0.174,0.364,0.0108578779338953,"EBAG9"
4.88384876796792e-07,0.785368111129692,0.09,0.216,0.0109012388349812,"EI24"
4.91067094514791e-07,0.359065170809348,0.05,0.148,0.0109611086166647,"AGPAT1"
4.96143703296109e-07,0.499000955958072,0.054,0.155,0.0110744236012725,"LRWD1"
4.98886500578234e-07,0.208598541227361,0.093,0.218,0.0111356455794068,"TP53I13"
5.0186700643018e-07,0.59549396871231,0.124,0.272,0.011202173450528,"RAD17"
5.01968117234182e-07,2.62652411744451,0.165,0.091,0.0112044303447842,"SERTAD2"
5.08951120779251e-07,-0.28895806327764,0.027,0.108,0.0113602979669137,"NAGA"
5.11723326099117e-07,-0.315890766125141,0.135,0.279,0.0114221763618584,"ANKRD36C"
5.137016000583e-07,0.51692218083066,0.12,0.264,0.0114663334149013,"DHX29"
5.147763437307e-07,2.15462021913381,0.361,0.341,0.0114903227684129,"CCT4"
5.21359591960115e-07,1.8133871128742,0.37,0.341,0.0116372674521417,"SLC38A1"
5.25619019568386e-07,-0.179411974569223,0.029,0.112,0.0117323421357859,"MPV17L2"
5.30840783604155e-07,-0.156009950428629,0.032,0.115,0.0118488971308283,"CENPJ"
5.32765871159424e-07,0.822571946512128,0.097,0.228,0.0118918670101495,"TMEM101"
5.34331623210696e-07,-0.38592663967654,0.018,0.091,0.0119268161616859,"GPT2"
5.35466628172167e-07,-6.56867561813898,0.009,0.072,0.0119521506074309,"IGLV2-14"
5.36557533567722e-07,-0.249681906784325,0.041,0.131,0.0119765007067651,"KEAP1"
5.49709280881971e-07,1.21488038693079,0.542,0.646,0.0122700608585665,"ITM2B"
5.53601140842314e-07,-0.0123019177607002,0.492,0.812,0.0123569310647413,"RPS27L"
5.58985423905404e-07,0.744017222867168,0.086,0.208,0.0124771136469925,"ZNF688"
5.59852861403586e-07,0.0595390705178609,0.032,0.115,0.0124964757193894,"ZDBF2"
5.61709098325106e-07,2.39770463339339,0.068,0.02,0.0125379087837147,"SAMD4A"
5.6286349366929e-07,-4.12379775775799,0.009,0.072,0.0125636760421922,"IGKV3-20"
5.72001505255661e-07,0.137946372273183,0.09,0.212,0.0127676455988116,"SETDB2"
5.72414895005302e-07,-0.095220733001276,0.029,0.111,0.0127768728714133,"KLHDC10"
5.79122294473151e-07,0.753258355333021,0.079,0.197,0.0129265887349352,"ANAPC15"
5.80930441480779e-07,-0.141964207042032,0.032,0.115,0.0129669483842925,"CDIP1"
6.04852625176845e-07,0.344661176860279,0.072,0.183,0.0135009154465724,"ROCK2"
6.0743925980921e-07,2.30837382292761,0.255,0.184,0.0135586517182014,"FNIP1"
6.07989893458994e-07,0.242170775540806,0.054,0.153,0.0135709424118982,"SLC15A2"
6.0834435572387e-07,0.258588630705753,0.043,0.135,0.0135788543641125,"GLA"
6.11731058455571e-07,0.68566565436545,0.104,0.237,0.0136544489557868,"RYBP"
6.12229550855818e-07,0.0873961939886989,0.047,0.142,0.0136655758046527,"RIOX2"
6.14373750855766e-07,0.19464851697944,0.043,0.134,0.0137134364928515,"DSN1"
6.14943494851868e-07,0.576804640144837,0.228,0.455,0.0137261537485885,"SND1"
6.38071814327141e-07,0.907690987357544,0.059,0.162,0.0142424009675961,"PIGH"
6.40913875755923e-07,0.332135600610731,0.117,0.258,0.014305838620748,"DYNC1LI2"
6.62312976554694e-07,-0.268855246796528,0.018,0.091,0.0147834879496773,"PRSS21"
6.65940164520594e-07,2.77861045736705,0.093,0.035,0.0148644504122642,"METRNL"
6.71529999112556e-07,0.70653462666393,0.097,0.226,0.0149892211101914,"MRPL2"
6.72840499248248e-07,-1.75288163712099,0.007,0.068,0.0150184727837202,"SPON2"
6.80372563260506e-07,0.186668117454275,0.047,0.141,0.0151865959845378,"HEMK1"
6.80517178923166e-07,1.09804959717705,0.553,0.685,0.015189823950744,"ISCU"
6.8866897407527e-07,0.203027051142304,0.386,0.721,0.0153717801703341,"CFLAR"
6.92557885425216e-07,0.267690737377878,0.102,0.231,0.0154585845605763,"ARHGAP18"
7.01186714276916e-07,0.51915828307113,0.156,0.322,0.015651188649375,"SNHG25"
7.02219391843884e-07,0.178157506415809,0.111,0.245,0.0156742390453473,"WDR6"
7.08579761758613e-07,1.54396061937222,0.454,0.482,0.015816208862214,"ORAI2"
7.11945565344808e-07,0.64800386147418,0.165,0.339,0.0158913369640615,"UBE3A"
7.13680264516217e-07,0.221280081541977,0.059,0.16,0.0159300571842665,"S100A13"
7.14636791484311e-07,-0.175008648956776,0.023,0.098,0.0159514078227213,"GLMP"
7.38529459701973e-07,-4.09034437233907,0,0.053,0.0164847160700077,"GIPR"
7.45406899857356e-07,-0.148224636228456,0.494,0.82,0.016638227411716,"ZNF706"
7.45817565070238e-07,0.553869851536923,0.271,0.537,0.0166473938699328,"NDUFAF3"
7.55319579539332e-07,0.743479101064776,0.043,0.134,0.0168594883348974,"PTRH1"
7.58883395964532e-07,0.714666898651582,0.203,0.412,0.0169390362813243,"MRPS16"
7.66233556120643e-07,0.0839121292874863,0.043,0.133,0.0171030992061689,"QSER1"
7.70046249292076e-07,1.68520322656428,0.467,0.541,0.0171882023304484,"SSBP1"
7.78032527144669e-07,4.26289721501559,0.061,0.017,0.0173664640383962,"FANCD2"
7.84542631807172e-07,-0.17229704280317,0.02,0.094,0.0175117760845679,"CKB"
7.85417586521244e-07,-0.348381047164582,0.027,0.106,0.0175313059487407,"AKT1S1"
7.85723670235217e-07,0.692257960426656,0.158,0.33,0.0175381380433203,"MRPL32"
7.89294456261417e-07,-1.05929367203862,0.009,0.072,0.0176178415582111,"SFXN5"
7.91612371120983e-07,2.59185289856152,0.181,0.106,0.0176695797357914,"AMFR"
8.06060578689038e-07,-1.92318660579106,0.007,0.068,0.017992078176918,"TMEM8B"
8.20070047097699e-07,-3.00473144226858,0.005,0.063,0.0183047835212677,"AC055713.1"
8.43912665008706e-07,0.0590279467256596,0.032,0.114,0.0188369745956593,"ERLIN2"
8.46570734463857e-07,2.058743758879,0.318,0.266,0.0188963053639678,"HNRNPA0"
8.4990287654465e-07,2.61226353103666,0.205,0.133,0.0189706821073531,"POLR3K"
8.53768143887071e-07,1.82846006911559,0.307,0.237,0.0190569587397033,"HCST"
8.55712681863409e-07,0.39257131356917,0.282,0.557,0.0191003627718732,"RNF181"
8.57666427599284e-07,0.713272416157295,0.212,0.425,0.0191439723304436,"EIF2A"
8.70573737299552e-07,2.94548721384571,0.196,0.124,0.0194320763902633,"ESD"
8.77837113330483e-07,3.01258491119206,0.194,0.121,0.0195942022066497,"DAAM1"
8.80054681170056e-07,2.79773072867228,0.144,0.075,0.0196437005383968,"LINC00324"
8.83850256121546e-07,-0.713717856175399,0.018,0.089,0.019728421566889,"NLRP2"
8.86014015861564e-07,0.899086958026935,0.19,0.388,0.019776718848046,"TMEM19"
8.89189363407312e-07,1.96401739099609,0.293,0.231,0.0198475957806146,"FCRL2"
8.90149938988592e-07,-0.529976502573462,0.011,0.076,0.0198690367881644,"PRDM15"
8.91074128251562e-07,0.319671529676309,0.052,0.149,0.0198896656167031,"REEP3"
8.99697391848127e-07,-6.61547567337644,0,0.052,0.020082145483442,"IGHV3-43"
9.00055325922402e-07,0.170764366833247,0.144,0.295,0.0200901349299139,"HIST1H1E"
9.0266461870235e-07,0.0747343477072446,0.025,0.102,0.0201483769540552,"EEF1AKMT1"
9.02945694575929e-07,0.304646738297455,0.045,0.137,0.0201546508486293,"CYB5R1"
9.06279108040215e-07,0.73999536814527,0.23,0.454,0.0202290559705656,"MIA3"
9.0628984107081e-07,2.45258454537843,0.242,0.171,0.0202292955425416,"FLI1"
9.16366843074365e-07,0.851043629123289,0.223,0.454,0.0204542243042629,"ELOC"
9.17527090405428e-07,2.45098826497172,0.384,0.359,0.0204801221849396,"MT2A"
9.18175106529444e-07,0.936689564651603,0.111,0.248,0.0204945865528437,"COX16"
9.28592607474415e-07,2.77240328668771,0.165,0.093,0.0207271155914364,"TMED8"
9.34134628774034e-07,0.534384965490516,0.273,0.535,0.0208508190488652,"ANAPC5"
9.35203550518211e-07,0.458674558169838,0.052,0.148,0.020874678451117,"PHYH"
9.45377947841848e-07,3.30610226185903,0.099,0.041,0.0211017811737779,"BCL6"
9.46235414856434e-07,1.17272346269694,0.142,0.303,0.0211209206950105,"CRIPT"
9.46835596205179e-07,2.39414560695703,0.203,0.129,0.0211343173428958,"ZNF430"
9.5748021057288e-07,0.732457021833638,0.612,0.776,0.0213719157801972,"ELOB"
9.60069446673426e-07,-0.424254524492194,0.023,0.097,0.0214297101191975,"FKBP5"
9.6064703041571e-07,-0.374457286977572,0.025,0.101,0.0214426023659091,"COG1"
9.63438686151307e-07,-0.884892798666487,0.009,0.071,0.0215049149135833,"MAP4K3"
9.68807349716212e-07,0.245039809066904,0.375,0.73,0.0216247488530156,"NDUFB7"
9.69022582353711e-07,-0.567365602063966,0.009,0.071,0.0216295530607172,"FKBP7"
9.71670565080725e-07,-3.1354120149496,0.002,0.057,0.0216886586831669,"DTX3"
9.78021355366055e-07,-2.99929517303617,0.002,0.057,0.0218304146731257,"KISS1R"
9.81611636664102e-07,0.42026324165867,0.029,0.109,0.0219105533419794,"HIST4H4"
9.85647852417105e-07,0.552503092023236,0.147,0.304,0.0220006457138022,"PBRM1"
9.86016048758053e-07,-2.50601997183622,0.002,0.057,0.0220088642243285,"PAM"
9.86096487598112e-07,-0.285762136835991,0.032,0.113,0.0220106596996774,"CEP57L1"
9.91860805653554e-07,-0.27623410310646,0.014,0.08,0.022139325042993,"CTNNAL1"
1.00394790046766e-06,0.540205655626196,0.041,0.129,0.0224091210863386,"TMEM99"
1.00986692871915e-06,-1.18710750040089,0.007,0.067,0.0225412397159402,"CCDC163"
1.01623485641583e-06,1.77184771174491,0.282,0.217,0.0226833782300578,"MAP4"
1.01893674293474e-06,0.518517390053892,0.065,0.171,0.0227436870390463,"SMUG1"
1.03311742376282e-06,0.675450832169617,0.144,0.306,0.02306021401581,"TCEAL8"
1.03808240619299e-06,0.556586126497965,0.14,0.293,0.0231710373886337,"LTN1"
1.05281334017927e-06,2.89665085244149,0.178,0.106,0.0234998465661414,"TEX9"
1.05675963754552e-06,0.979098615119297,0.088,0.21,0.0235879318696536,"MALSU1"
1.06149496478759e-06,0.642924878756983,0.174,0.353,0.0236936291090238,"ACO2"
1.06373027620986e-06,-1.73711385338029,0.011,0.075,0.0237435234952802,"DNAJC3-AS1"
1.06395387219487e-06,2.31012304902615,0.149,0.079,0.0237485143812617,"RCAN3"
1.06617338137845e-06,1.48031121329786,0.44,0.467,0.0237980560457484,"DDX46"
1.08327550245255e-06,-0.707710181548347,0.02,0.092,0.0241797924902435,"MSLN"
1.09036253989675e-06,0.109193160078007,0.016,0.084,0.0243379822530353,"HSBP1L1"
1.10366317833562e-06,3.67697252056065,0.07,0.022,0.0246348658036293,"RAB37"
1.10396515891472e-06,3.74488257023212,0.063,0.018,0.0246416063121356,"SPATA13"
1.11608933476602e-06,0.355603750182941,0.072,0.181,0.0249122300413123,"JOSD2"
1.16499260121235e-06,-1.94142633642162,0.007,0.066,0.0260037998516609,"PLEKHN1"
1.16797383869493e-06,-3.20717450923205,0.005,0.061,0.0260703440535095,"AP002852.2"
1.17146693736862e-06,1.52839834032447,0.472,0.531,0.0261483135090051,"RSRC2"
1.18982619605704e-06,0.629908307475313,0.084,0.2,0.0265581105221893,"GRAMD1A"
1.20753315458871e-06,2.2098309714566,0.336,0.295,0.0269533475435745,"ATF7IP"
1.21004938190851e-06,0.324867254556478,0.034,0.116,0.0270095122535798,"XPNPEP1"
1.21582920850474e-06,4.01632532704194,0.07,0.022,0.0271385237630344,"TNFSF9"
1.22946708938454e-06,3.15227810168851,0.093,0.037,0.0274429349021523,"PLEKHO2"
1.2385279115774e-06,2.31764991702101,0.183,0.11,0.0276451815143191,"TERF2"
1.23865531913685e-06,0.685563547669576,0.074,0.184,0.0276480253784535,"CD151"
1.24432759017125e-06,0.207023235341915,0.047,0.138,0.0277746361402126,"SPN"
1.25430010555643e-06,0.0410842413483581,0.418,0.757,0.027997232656125,"EIF2S2"
1.2641049085083e-06,1.10687408166738,0.029,0.108,0.0282160856628137,"PRMT5"
1.27446557673665e-06,-2.50226176241884,0.009,0.07,0.0284473461383387,"PIK3R3"
1.27611892996776e-06,0.801279089704064,0.138,0.291,0.0284842506358104,"ZNF428"
1.28165018753215e-06,2.72626426249986,0.133,0.067,0.0286077138359051,"RPS6KA1"
1.2870821226477e-06,0.728288528806603,0.106,0.238,0.0287289600596194,"ERG28"
1.29883986340575e-06,0.433630573525944,0.065,0.169,0.0289914045910797,"RIC1"
1.30221445435781e-06,0.263574127256925,0.321,0.624,0.0290667288357208,"PSMB6"
1.30410303290367e-06,0.239779973488949,0.081,0.191,0.0291088837974428,"CCL3"
1.3227063864597e-06,0.235877839619697,0.131,0.275,0.0295241292521671,"SLC35E2B"
1.33155741529538e-06,0.316063287646267,0.149,0.304,0.0297216930668081,"OTUD5"
1.34385706786216e-06,1.9868684217968,0.327,0.281,0.0299962336117513,"NT5C3A"
1.35284586641158e-06,0.339263194112704,0.251,0.481,0.0301968725841729,"USP48"
1.35418774145145e-06,3.69668185935539,0.065,0.02,0.0302268245769379,"NLRC3"
1.35893275187538e-06,0.548193225637596,0.212,0.419,0.0303327379546104,"SARS"
1.37278694817751e-06,-0.488444366606047,0.02,0.091,0.0306419774702702,"HEXIM2"
1.39425585866156e-06,-2.39453593410841,0.011,0.074,0.0311211850211846,"G0S2"
1.41555941212998e-06,0.786910747011974,0.147,0.304,0.0315967016381534,"CLDND1"
1.43378167577094e-06,0.314446419477292,0.041,0.127,0.0320034407848831,"AUH"
1.44316704471823e-06,0.768303336734882,0.115,0.251,0.0322129316051556,"CAPRIN1"
1.44478728194865e-06,0.467313089342672,0.208,0.405,0.0322490969203758,"LARP1"
1.45613513245585e-06,1.62824813144502,0.413,0.424,0.0325023922915471,"HNRNPR"
1.47177717802147e-06,-1.03718133335246,0.016,0.083,0.0328515383906172,"TET1"
1.47315763483542e-06,0.780864639355333,0.156,0.324,0.0328823515671614,"CLTB"
1.48060808158397e-06,0.518000379380846,0.163,0.33,0.0330486529890359,"DDX1"
1.48147392333014e-06,0.507569906300982,0.027,0.103,0.033067979442652,"MPP5"
1.50105151178122e-06,0.685904174705598,0.106,0.237,0.0335049707944685,"EBP"
1.50182938749092e-06,2.34252183756222,0.33,0.288,0.0335223337581849,"SAMSN1"
1.50624664554117e-06,-2.25944211711428,0.005,0.06,0.0336209313751244,"PSPH"
1.52578398663779e-06,2.9200682378808,0.072,0.024,0.0340570243657422,"TP53I11"
1.53978729436673e-06,0.699872099091216,0.104,0.234,0.0343695921975597,"PCBD1"
1.5450972595868e-06,-0.299684543961768,0.016,0.083,0.034488115931237,"S1PR2"
1.55983899416948e-06,-0.866385371626632,0.034,0.114,0.0348171661888569,"RECQL5"
1.57185314104045e-06,0.614098781393536,0.199,0.398,0.0350853339611638,"STOML2"
1.57301237962484e-06,0.33752155699997,0.099,0.224,0.035111209325606,"PAICS"
1.57988193187276e-06,2.09479827580896,0.255,0.186,0.035264544601332,"SMARCC1"
1.5901281222907e-06,0.611237372294876,0.201,0.402,0.0354932498176507,"VAMP5"
1.5936178570137e-06,0.449329356535297,0.12,0.257,0.0355711441864029,"ATF6"
1.59402299165443e-06,0.219047991390082,0.036,0.118,0.0355801871967186,"NCAPH2"
1.60488397865847e-06,2.71872562291316,0.081,0.029,0.0358226152876357,"PPP1R14A"
1.60822039190482e-06,0.607395872306233,0.065,0.168,0.0358970873677075,"WDR13"
1.61269383399657e-06,2.7353623593631,0.142,0.075,0.0359969390686374,"TRAFD1"
1.62417939415137e-06,2.62105389902011,0.196,0.125,0.0362533082568526,"HTATIP2"
1.63283396811087e-06,0.0562869722254997,0.084,0.196,0.0364464870022027,"UBE4A"
1.6392633696128e-06,0.104592236228791,0.032,0.11,0.0365899976731272,"CLIP4"
1.66194835538498e-06,0.765398851008971,0.12,0.257,0.0370963492405481,"CLSTN1"
1.67939415440864e-06,0.813946176784697,0.079,0.191,0.0374857569205552,"POP4"
1.70322985575939e-06,0.69344623481028,0.07,0.175,0.0380177936104054,"ZMYM5"
1.70780240009015e-06,-0.00468583294569269,0.029,0.106,0.0381198573724122,"ENOSF1"
1.71920291070553e-06,0.641373411726609,0.038,0.122,0.0383743281698582,"FOXK2"
1.73466696506175e-06,0.699186890729625,0.063,0.164,0.0387195013271433,"YTHDF1"
1.74662910749224e-06,2.93492331591475,0.153,0.085,0.0389865083083344,"MYD88"
1.76487582300781e-06,0.97217040272205,0.097,0.222,0.0393937932453573,"CYP20A1"
1.76662133613913e-06,-2.9326497911131,0.002,0.055,0.0394327548439615,"ADM2"
1.7788141447239e-06,0.144806328491772,0.023,0.095,0.0397049105243822,"MDP1"
1.78113408483831e-06,1.98640855450897,0.352,0.321,0.0397566939076759,"DNAJB6"
1.78750073428965e-06,1.52788409281297,0.483,0.577,0.0398988038900793,"NOP10"
1.79866831106288e-06,0.218597955662737,0.045,0.133,0.0401480753712345,"DCTN4"
1.81961887651432e-06,2.9881945821991,0.124,0.06,0.0406157129426762,"GALNT10"
1.87183848693147e-06,0.2756996668462,0.093,0.21,0.0417813068667973,"NSF"
1.87532508257892e-06,-0.0710707049567536,0.07,0.172,0.0418591311682441,"DPH7"
1.88009232112214e-06,-0.0738297687942793,0.034,0.114,0.0419655406997674,"CARMIL1"
1.90558188053884e-06,1.76682563530149,0.431,0.462,0.0425344931555075,"STAT3"
1.91958866142545e-06,0.762274338533913,0.09,0.21,0.0428471385116776,"WDR61"
1.95617986898483e-06,0.622990390095782,0.108,0.237,0.0436638908556105,"GPANK1"
1.96363868935725e-06,0.810539618780566,0.113,0.247,0.0438303791851433,"COMMD4"
1.97147326900049e-06,0.457019716064911,0.02,0.09,0.0440052548373599,"LCN2"
1.97697194168862e-06,1.07495570940782,0.151,0.313,0.0441279907104316,"RNF114"
1.98037117393152e-06,2.11438089541268,0.302,0.255,0.0442038649733254,"HMGA1"
1.98461776110914e-06,2.23099831638341,0.264,0.199,0.0442986530457171,"ABI1"
2.00148815000175e-06,0.570272181557005,0.036,0.118,0.044675216996189,"TGDS"
2.00215441889959e-06,1.7077112436346,0.372,0.35,0.0446900887842577,"NEMF"
2.0102477792092e-06,2.69278991947115,0.156,0.087,0.0448707406797286,"CCDC115"
2.01550538544811e-06,-1.58753768216706,0.018,0.085,0.0449880957085872,"LDLR"
2.02259319817562e-06,0.653137123268977,0.072,0.179,0.045146302776478,"NME4"
2.0294985626387e-06,-1.02181610864144,0.014,0.077,0.0453004374166584,"EPB41L4A"
2.06802376569337e-06,0.512792841162064,0.242,0.474,0.0461603584740418,"TXNL4A"
2.06820820526342e-06,0.594197637169668,0.072,0.179,0.0461644753496849,"DPH3"
2.06941662451171e-06,0.00709191340832493,0.02,0.09,0.0461914484757259,"FBP1"
2.07190829524717e-06,0.481387816625243,0.122,0.259,0.0462470650582121,"PSMD1"
2.1018301257794e-06,0.0497414655193813,0.063,0.162,0.0469149502375219,"FAM122A"
2.11686395425578e-06,0.56980078569527,0.12,0.254,0.0472505203229432,"DDB1"
2.12598097371285e-06,1.00129300917314,0.086,0.202,0.0474540213142444,"C2orf74"
2.14763552742053e-06,0.507849551065704,0.045,0.133,0.0479373726075537,"MAPK13"
2.15326476417954e-06,-2.79289012787635,0.002,0.054,0.0480630228012515,"SLC43A1"
2.16359937173525e-06,1.16533442599693,0.533,0.662,0.0482937015765026,"GRB2"
2.21944304648631e-06,1.56970112178965,0.422,0.434,0.0495401882406209,"TPR"
2.2453456109549e-06,-0.662547452573231,0.005,0.059,0.0501183593821244,"MAL2"
2.26869010929558e-06,-0.116324558645073,0.034,0.113,0.0506394319295866,"SMPD1"
2.28501865151147e-06,0.188324121008846,0.036,0.117,0.0510039013203876,"RABEPK"
2.29861557429813e-06,0.16536503562055,0.052,0.143,0.0513073982339085,"MPHOSPH9"
2.32280431832907e-06,2.55485649811642,0.102,0.044,0.0518473151894231,"ABRAXAS1"
2.33049476480689e-06,1.77163382372208,0.4,0.407,0.0520189736452547,"CCDC85B"
2.33921837577049e-06,-0.0788362829965976,0.011,0.072,0.052213693365573,"AC006453.2"
2.36377237619033e-06,2.00135996623316,0.244,0.176,0.0527617632089443,"RIC3"
2.38357403532254e-06,0.558408028187877,0.036,0.117,0.0532037560424344,"POMC"
2.38380977803599e-06,2.7549146897204,0.142,0.076,0.0532090180555413,"MED30"
2.40992610964644e-06,0.214111749663841,0.12,0.253,0.0537919606934182,"SLC25A36"
2.42199760707351e-06,0.302150783905518,0.084,0.195,0.0540614085874877,"SFXN1"
2.43375508148279e-06,0.382184360750956,0.063,0.162,0.0543238471737773,"WDR18"
2.46085961729101e-06,0.379526615438686,0.348,0.663,0.0549288475175526,"YWHAE"
2.48871369774606e-06,0.410774861744262,0.104,0.228,0.0555505784473899,"INTS11"
2.50418803291791e-06,1.30679185273917,0.526,0.639,0.0558959810827607,"IL2RG"
2.53597820263595e-06,2.06394100379788,0.357,0.342,0.0566055694610371,"BANF1"
2.56305341135269e-06,0.792385725182905,0.063,0.162,0.0572099151948034,"KCTD20"
2.56371952811914e-06,0.758316494086923,0.298,0.581,0.0572247835871473,"FAM3C"
2.58478507149299e-06,0.731309461067368,0.106,0.234,0.057694987580795,"UBE2E3"
2.58492649088481e-06,0.919135463187648,0.093,0.211,0.0576981442030399,"ACYP2"
2.61001381147362e-06,1.80464839177243,0.404,0.418,0.0582581182859026,"THRAP3"
2.63775393859414e-06,0.441954487387048,0.314,0.611,0.0588773056633599,"NDUFC1"
2.67870209644281e-06,-0.427564369871325,0.007,0.063,0.0597913094946999,"MIR181A1HG"
2.68620440227958e-06,-1.83419772115301,0.005,0.058,0.0599587684632824,"ELFN1-AS1"
2.70466124565857e-06,3.53176961134052,0.088,0.035,0.0603707436643449,"ICOSLG"
2.72918850226813e-06,0.561187678208037,0.149,0.304,0.0609182165591269,"PSMD3"
2.73358540049359e-06,3.56920352681625,0.09,0.037,0.0610163597244175,"CDK19"
2.74136671907659e-06,-0.324362371333863,0.05,0.137,0.0611900465365085,"ARHGEF12"
2.76108420061562e-06,-0.533826315100042,0.027,0.1,0.0616301604419413,"GAA"
2.79973014929824e-06,0.952377843979741,0.192,0.38,0.0624927766624861,"MSL3"
2.83015161385235e-06,-0.179490652705356,0.018,0.084,0.0631718141727984,"PTDSS2"
2.88403061240693e-06,0.129594345276438,0.056,0.149,0.064374447299535,"LGMN"
2.95349736978493e-06,2.15006423320944,0.28,0.224,0.0659250147909694,"DDAH2"
2.96124583734446e-06,-0.0113913670567185,0.029,0.104,0.0660979683353657,"B3GALT6"
2.98642569189363e-06,2.45588087195295,0.185,0.115,0.0666600078687577,"NLRC5"
2.98827120388502e-06,3.15292902750577,0.074,0.026,0.0667012015419175,"SH2B3"
3.05159618531115e-06,0.457679074636689,0.043,0.127,0.0681146784523303,"MANBAL"
3.05800937893997e-06,-0.927327931575965,0.009,0.067,0.0682578273473191,"FECH"
3.06740443149861e-06,4.21040764158944,0.052,0.014,0.0684675343154805,"PIGB"
3.08390133680851e-06,0.301719485621961,0.065,0.164,0.0688357617389028,"STK38L"
3.12859260823131e-06,2.59237301793676,0.176,0.107,0.0698333156083311,"MCM5"
3.15814233642863e-06,3.69452521934771,0.052,0.014,0.0704928950914236,"DPEP2"
3.1793941935682e-06,2.70714254000447,0.192,0.123,0.0709672577946358,"IVNS1ABP"
3.18418082909649e-06,0.748184753280717,0.135,0.28,0.0710741002862627,"PGP"
3.20017270517249e-06,0.875043662259754,0.219,0.431,0.0714310549521552,"FDX1"
3.27642938332105e-06,-0.518539385658577,0.018,0.083,0.0731331802651091,"EXT1"
3.28221016926272e-06,0.557229651871465,0.041,0.123,0.0732622131881133,"ENDOG"
3.29617846106229e-06,0.601231664875445,0.077,0.183,0.0735739994293714,"DCUN1D5"
3.31311416062985e-06,-0.0232021648415892,0.047,0.133,0.0739520211794188,"ICAM1"
3.32287586708408e-06,3.22462119177588,0.056,0.016,0.0741699122291837,"LINC02422"
3.33357630305029e-06,0.991121694204605,0.09,0.207,0.0744087566603856,"MSRB2"
3.33733658273346e-06,0.834906345135489,0.106,0.232,0.0744926898631935,"PDHA1"
3.4516595953701e-06,0.803364237479292,0.14,0.285,0.0770444938282561,"GBP5"
3.48098215486772e-06,0.614083429452655,0.266,0.516,0.0776990026788024,"SH3GLB1"
3.50066342107051e-06,0.448462456297862,0.072,0.175,0.0781383082217149,"TBC1D23"
3.5112503033754e-06,0.811232854330758,0.16,0.322,0.0783746180216422,"RAB6A"
3.52688089335726e-06,1.54183777136336,0.442,0.491,0.0787235084206273,"CAPZA1"
3.54903468496391e-06,0.515384699482146,0.219,0.421,0.0792180032030795,"GLG1"
3.58797049210945e-06,0.610452464053018,0.072,0.175,0.0800870893543751,"GCDH"
3.63233944797058e-06,0.430853222971606,0.029,0.103,0.0810774488181514,"ATG10"
3.64235981966412e-06,0.563164455033,0.047,0.133,0.0813011135347228,"GCN1"
3.67095696568307e-06,-0.511815775561784,0.014,0.075,0.0819394304310117,"FAH"
3.67289666431427e-06,3.64949969653317,0.084,0.033,0.0819827264441587,"BCL9L"
3.7175690464148e-06,2.02189875577784,0.368,0.364,0.0829798586850247,"LAMTOR1"
3.7901758287244e-06,1.66550982575695,0.42,0.452,0.0846005146729574,"POLR1D"
3.82862697949357e-06,-1.73998294613157,0.007,0.061,0.0854587828092761,"TSPAN4"
3.83351353573869e-06,-2.96969330912631,0.002,0.052,0.0855678556312233,"GNB3"
3.85939433375229e-06,1.79768959914901,0.429,0.484,0.0861455409236848,"GABARAPL2"
3.86942608452268e-06,-0.634937282870762,0.025,0.095,0.0863694596326307,"ESR2"
3.86970182065816e-06,-0.685144838453966,0.018,0.083,0.0863756143389108,"NOD2"
3.88958813207823e-06,0.811752546709569,0.6,0.793,0.0868194966961183,"MZT2B"
3.89390114036201e-06,0.890793771500085,0.181,0.36,0.0869157673540203,"HEBP2"
3.90681246081891e-06,-0.331627732849481,0.043,0.125,0.0872039609379388,"RNASE1"
3.90711144451408e-06,0.671507869641103,0.153,0.311,0.0872106345529987,"POLR2H"
4.02970495634352e-06,-0.527313357200361,0.027,0.098,0.0899470443305438,"BOLA2B"
4.04306156845302e-06,0.479924049461745,0.061,0.156,0.0902451772694398,"ZC2HC1A"
4.05807827312655e-06,0.48399372496663,0.054,0.145,0.0905803651344578,"MED25"
4.10568565070323e-06,1.63882479704735,0.456,0.535,0.0916430094093467,"SELENOF"
4.12200391078523e-06,-0.110016624731255,0.011,0.07,0.0920072492926371,"C4orf36"
4.15673885172959e-06,0.248017285893217,0.054,0.144,0.0927825679094561,"ATE1"
4.17486314899656e-06,1.10030239056081,0.122,0.258,0.0931871203487521,"TMEM50B"
4.23269062450797e-06,0.470601420248541,0.029,0.102,0.0944778874296423,"LMBRD2"
4.2327329064946e-06,3.64860522802653,0.059,0.017,0.0944788312058659,"AKT3"
4.25531964481037e-06,-0.118591472353366,0.025,0.095,0.0949829897918123,"TARBP2"
4.29337556829385e-06,3.38094249582616,0.122,0.061,0.0958324360598869,"SNX8"
4.31316784357577e-06,0.706516996038057,0.124,0.261,0.0962742194364549,"YIPF6"
4.38315826775372e-06,0.415392927255059,0.131,0.268,0.0978364756945309,"NARF"
4.38839063745309e-06,0.449757083238332,0.061,0.155,0.0979532674185904,"RBFA"
4.39471152813918e-06,2.19576629917834,0.26,0.198,0.0980943560195946,"ZC3HAV1"
4.52088794535175e-06,0.856889027533228,0.571,0.7,0.100910739828196,"HNRNPH1"
4.5242339315444e-06,0.53924148621628,0.047,0.133,0.100985425586003,"PTPA"
4.53586259645424e-06,-0.386287076200702,0.016,0.078,0.101244989015455,"DGCR8"
4.54065103247833e-06,3.05006960947269,0.102,0.045,0.101351871695949,"GMIP"
4.64154153002325e-06,0.5544701110232,0.072,0.173,0.103603848491649,"CDC16"
4.64237309227181e-06,-0.416639625781151,0.016,0.078,0.103622409792599,"NRBP2"
4.66822241913149e-06,-1.55767683153566,0.007,0.06,0.104199392617434,"TPCN2"
4.69299110985315e-06,-2.82645134463495,0.002,0.051,0.104752254563032,"CISH"
4.69938474992646e-06,2.56651240289985,0.233,0.171,0.104894967003108,"ARL2"
4.72622484185136e-06,0.655473199779444,0.113,0.241,0.105494064694964,"UROS"
4.75674067681459e-06,2.88733398650711,0.158,0.093,0.106175208647179,"RNF141"
4.7886830552744e-06,1.80498026137369,0.395,0.403,0.10688819447678,"PPP1R2"
4.81044238489679e-06,0.231556168056491,0.036,0.114,0.107373884473281,"MMGT1"
4.83841348255273e-06,0.465177116646018,0.047,0.133,0.10799822734406,"SLC35F5"
4.91961602926972e-06,-0.625834860668211,0.011,0.069,0.109810749389329,"KANK1"
4.92931854163319e-06,1.53549472958399,0.456,0.498,0.110027319167794,"POLR2J3"
5.00882690218894e-06,0.907799082523431,0.084,0.192,0.111802025283759,"TSEN34"
5.06422629911546e-06,0.693215231519905,0.122,0.253,0.113038595222556,"ARIH2"
5.08501728992363e-06,0.853631834801253,0.122,0.256,0.113502670928385,"B3GAT3"
5.10209124053593e-06,0.39247694035942,0.099,0.215,0.113883778580002,"CAPN7"
5.20038920699275e-06,0.573870729309582,0.059,0.15,0.116077887489285,"MT1E"
5.21158678575871e-06,0.798965220471711,0.203,0.402,0.11632782864492,"NDUFS3"
5.25171703550308e-06,0.631437011660943,0.05,0.136,0.117223575949464,"PRPF19"
5.25351946386404e-06,-0.0335122265963448,0.034,0.109,0.117263807952909,"SELENOI"
5.26048917740889e-06,0.620369810032237,0.047,0.132,0.117419378928944,"PPP2CB"
5.30321405882481e-06,0.17236759611088,0.104,0.22,0.118373041007029,"BTAF1"
5.34581884825133e-06,2.24424114446836,0.296,0.251,0.119324022511818,"CLNS1A"
5.37598057872579e-06,0.544448588379075,0.228,0.438,0.119997262497738,"TOR3A"
5.55387033084497e-06,2.9874095498834,0.068,0.023,0.123967939654791,"TMEM159"
5.59661154223249e-06,1.0238872962595,0.144,0.292,0.124921966234171,"NECAP1"
5.71706755288594e-06,0.0480929476411514,0.079,0.182,0.127610664847967,"MBD1"
5.7259023944858e-06,-3.05584357163102,0.002,0.05,0.127807867347317,"SLC7A11"
5.73655197588492e-06,2.9615454326371,0.077,0.029,0.128045576653727,"VAV2"
5.7494758819247e-06,0.330844667929758,0.016,0.077,0.128334051160441,"CPD"
5.76402019782996e-06,0.869951173085853,0.149,0.3,0.128658694835762,"DCTN2"
5.79103723240699e-06,-1.9823152451528,0.002,0.05,0.129261742064557,"CTHRC1"
5.8157848000301e-06,0.854586917764207,0.056,0.147,0.129814132521472,"EMC8"
5.82808354718223e-06,0.646647013095546,0.12,0.247,0.130088652856654,"EXOC4"
5.88079547510362e-06,-1.40569540144022,0.005,0.055,0.131265235799788,"SH3D21"
5.92389075199248e-06,2.06729783284872,0.318,0.283,0.132227165475224,"RBCK1"
5.92571515240672e-06,0.365734758515615,0.214,0.401,0.13226788791687,"AKAP17A"
5.95411083990053e-06,-1.42732224900702,0.014,0.072,0.13290170805742,"FOCAD"
5.99102345864247e-06,-0.0225037131058654,0.029,0.101,0.133725634620358,"ICMT"
6.01782003629454e-06,0.0864089847762104,0.029,0.101,0.13432376103013,"GOT1"
6.03659086212727e-06,0.523020249697963,0.176,0.344,0.134742744633543,"NUCB1"
6.04277064000323e-06,0.348160467613742,0.068,0.164,0.134880683455512,"AC060780.1"
6.12535964475363e-06,0.162595950201952,0.063,0.156,0.136724152630546,"MARCH8"
6.14935735719858e-06,0.372580522368984,0.052,0.138,0.13725980557003,"TMEM8A"
6.15263271690436e-06,1.62114942242037,0.415,0.445,0.137332914874022,"EIF3M"
6.16596198997654e-06,0.576906471971219,0.12,0.248,0.137630437578266,"KLHL5"
6.17776863162828e-06,0.686145413576907,0.05,0.135,0.137893973626575,"STK16"
6.19532056815125e-06,2.70004528124987,0.165,0.099,0.138285750401704,"USP6NL"
6.34189170430104e-06,-1.1197805715898,0.009,0.064,0.141557364731703,"EXTL2"
6.35479197253328e-06,0.692324824530137,0.282,0.553,0.141845311618915,"MRPL57"
6.42930855467755e-06,3.7036685411452,0.052,0.014,0.143508596248958,"AKAP5"
6.43796603037862e-06,0.491016007904688,0.05,0.134,0.143701839764081,"RUNX1"
6.44214139663666e-06,0.228925455470253,0.056,0.145,0.143795038114327,"PPIF"
6.444137229605e-06,1.93256392788694,0.404,0.431,0.143839587102013,"CXXC5"
6.46928378421146e-06,0.40966988926651,0.063,0.157,0.144400883347384,"ZMPSTE24"
6.51375180744351e-06,0.0989997905939868,0.014,0.072,0.145393454093947,"SGK3"
6.51997802387991e-06,-0.00641628404780814,0.032,0.104,0.145532429471023,"TBC1D10B"
6.52987664555435e-06,0.261331816945969,0.14,0.277,0.145753376605419,"HDAC7"
6.56295773511369e-06,2.57783126275026,0.253,0.185,0.146491779605473,"DUSP2"
6.5646413841876e-06,0.784114705050451,0.093,0.203,0.146529360336451,"UPF1"
6.70031267853198e-06,0.780671189246084,0.068,0.164,0.149557679297512,"GYG1"
6.7235562407974e-06,0.771562524990553,0.192,0.37,0.150076498850839,"PNKP"
6.78596885719729e-06,3.06399308279097,0.176,0.111,0.151469610861501,"IFNGR1"
6.79220388158158e-06,2.39331720446308,0.291,0.248,0.151608782840782,"C9orf78"
6.79603175026007e-06,0.691823363510375,0.167,0.326,0.151694224697555,"U62317.5"
6.81827842482511e-06,0.140659479405542,0.052,0.137,0.152190792720521,"ABHD2"
6.82545396319734e-06,2.33261700236661,0.271,0.218,0.152350957912528,"CD180"
6.85472117044911e-06,2.07628542779142,0.302,0.26,0.153004231245595,"CCT6A"
6.87595000550934e-06,4.09155632330398,0.074,0.028,0.153478080072974,"UBXN11"
6.94191291142405e-06,-0.0658999212765661,0.023,0.088,0.154950438095896,"NR2F6"
7.07966126034488e-06,0.600761918900388,0.056,0.145,0.158025118992158,"EEF1AKMT2"
7.0907754301916e-06,-0.178993116051402,0.068,0.161,0.158273198377307,"CLU"
7.09488594717264e-06,0.266581436038677,0.029,0.1,0.158364949226841,"ALDH2"
7.14373235089297e-06,2.97156196198063,0.153,0.09,0.159455249804282,"SVBP"
7.161513642355e-06,-1.32922718697261,0.005,0.054,0.159852146011006,"FAAH2"
7.22116420163972e-06,-0.594266993924506,0.029,0.099,0.1611836061448,"ATG2B"
7.22572475357353e-06,2.45396046826786,0.14,0.076,0.161285402224515,"CMIP"
7.25216902544543e-06,0.875420170701616,0.088,0.198,0.161875664816967,"GGCX"
7.31721108858159e-06,-1.2902026301024,0.014,0.071,0.16332746870823,"LINC01943"
7.34711741248267e-06,0.622023432465775,0.056,0.145,0.163995007764026,"FTSJ1"
7.38952089244627e-06,0.343342789402688,0.038,0.115,0.164941495840293,"GKAP1"
7.45632300257458e-06,0.611924629070497,0.244,0.473,0.166432585740467,"MPG"
7.51604934305192e-06,-0.254725740898608,0.05,0.133,0.167765737386262,"MXD1"
7.72225100130452e-06,1.44651778866464,0.427,0.427,0.172368364600118,"XAF1"
7.84062255561539e-06,-1.03435437802692,0.009,0.063,0.175010536063891,"ARHGEF40"
7.84633210738782e-06,2.3975147692023,0.113,0.055,0.175137978969003,"TLR1"
8.09536074460101e-06,1.09918162838976,0.185,0.365,0.180696547180239,"MRPL43"
8.17602111137878e-06,0.171142811629492,0.081,0.183,0.182496967227086,"RUBCN"
8.19854370776462e-06,0.0777507582583308,0.086,0.189,0.182999694101014,"EDRF1"
8.20222123455005e-06,-0.313943508454091,0.02,0.083,0.183081780176392,"WDR5"
8.31999004091371e-06,2.48527749988912,0.21,0.145,0.185710497703235,"PML"
8.39593465149875e-06,-0.150077137584453,0.045,0.125,0.187405657356104,"CEBPD"
8.39819107924068e-06,-0.989855844353226,0.011,0.067,0.187456023079731,"HCG27"
8.44032018663866e-06,2.31451069519317,0.108,0.052,0.188396386885961,"HK1"
8.46993588119012e-06,2.53801146553388,0.104,0.048,0.189057438804045,"STAT5A"
8.52067023822248e-06,0.77155950062273,0.065,0.159,0.190189880387364,"MTIF2"
8.53552489733805e-06,0.455068293377486,0.113,0.234,0.190521451233483,"RABL6"
8.57202617430974e-06,-0.390049416378989,0.025,0.091,0.191336196236768,"KIAA1586"
8.59645614265321e-06,2.99242912017306,0.133,0.072,0.191881497560162,"RFTN1"
8.63473497027213e-06,3.03862072304759,0.079,0.031,0.192735919271444,"GPM6B"
8.75286758452738e-06,3.94084497270022,0.05,0.014,0.195372757354236,"HIVEP3"
8.75968841896512e-06,2.13918282086409,0.302,0.26,0.19552500519972,"DDX27"
8.76522181579312e-06,1.00156886898672,0.072,0.171,0.195648516150318,"HACD3"
8.86405200603858e-06,0.795220821571136,0.099,0.214,0.197854504826787,"MRPL16"
8.88482229249916e-06,0.801911807576291,0.122,0.253,0.198318118390874,"PEX2"
9.05255369458578e-06,0.796437429402942,0.167,0.331,0.202062051016849,"COA3"
9.10482872085961e-06,2.9907430711135,0.099,0.045,0.203228881878307,"TMEM64"
9.16689751656884e-06,0.760662360131644,0.16,0.319,0.204614319467333,"NAA20"
9.17157844495793e-06,2.51532136148105,0.068,0.024,0.204718802469906,"PSTPIP1"
9.1956243571646e-06,0.819810540440552,0.106,0.226,0.205255531276271,"MCRIP2"
9.23711285928068e-06,0.779684271311471,0.077,0.177,0.206181596132004,"UBL7"
9.56309104883678e-06,0.348415105971106,0.056,0.143,0.213457755301086,"LPCAT4"
9.56568658827906e-06,-0.801435926850237,0.018,0.079,0.213515690336977,"LIN54"
9.64911638448517e-06,0.619619841090697,0.156,0.309,0.215377926818094,"CMC2"
9.66818837908877e-06,2.32855054752334,0.12,0.06,0.21580363280964,"KDM7A"
9.69012540692925e-06,0.368468455626928,0.124,0.249,0.216293289208068,"LIMD1"
9.70300364145507e-06,3.3780774959962,0.07,0.025,0.216580744280919,"BACE2"
9.77282447619603e-06,3.30802358250934,0.09,0.039,0.218139215133172,"ABCG1"
9.82964865867741e-06,-0.53538504643019,0.018,0.079,0.219407587710338,"TECPR2"
9.94210154477374e-06,2.25930888214182,0.19,0.124,0.221917648580895,"KDM4B"
9.95214716540891e-06,0.663917748714743,0.115,0.238,0.222141876879092,"MVP"
9.97302836879909e-06,-0.545457335459407,0.02,0.083,0.222607966219964,"MCOLN1"
9.97384030173418e-06,0.676097766081561,0.106,0.224,0.222626089375009,"UCHL5"
9.98128683004148e-06,0.508880066825139,0.041,0.118,0.222792303333356,"C11orf71"
9.98266209939115e-06,0.613531139106734,0.102,0.216,0.22282300072051,"ZC3H7A"
1.00228160142161e-05,2.37814879066102,0.079,0.031,0.223719276253317,"NOTCH1"
1.00334446859384e-05,0.678552642093697,0.262,0.506,0.223956518834832,"ZBTB8OS"
1.00831030827779e-05,0.603987379621348,0.126,0.257,0.225064943910685,"CTAGE5"
1.0121618023884e-05,2.6924520400856,0.214,0.153,0.225924635911115,"PHF6"
1.02161491810778e-05,0.662463211019645,0.038,0.114,0.228034665870837,"TM2D2"
1.02408275287565e-05,1.50504250358957,0.501,0.605,0.228585511269375,"LY6E"
1.02749583586634e-05,2.82801003906294,0.12,0.061,0.229347345523725,"TRAF4"
1.03170060490385e-05,-0.565238844041533,0.011,0.066,0.230285892020589,"SLC29A1"
1.03318177821246e-05,1.08049367285065,0.05,0.133,0.230616504714803,"TRIP6"
1.034986148243e-05,1.20876764704716,0.524,0.651,0.231019258149319,"MPHOSPH8"
1.04737268094385e-05,1.04518286902246,0.594,0.782,0.233784056113477,"MCL1"
1.0527743881512e-05,0.53863120869227,0.09,0.197,0.234989771179228,"CDC27"
1.05598921711107e-05,0.814696058664485,0.052,0.136,0.235707353151362,"LIG1"
1.05830111822479e-05,0.690642461373577,0.061,0.15,0.236223392598955,"NDEL1"
1.06315938157476e-05,-0.314493525697647,0.005,0.052,0.237307805561303,"LINC01934"
1.06863813416699e-05,0.454854871281842,0.307,0.567,0.238530717927413,"IRF7"
1.06942387685831e-05,0.408090957928546,0.045,0.125,0.238706103553543,"IMPACT"
1.07188731362451e-05,0.845224863846558,0.169,0.333,0.239255967274126,"GABARAP"
1.07765984403439e-05,0.522723086587476,0.262,0.5,0.240544453786916,"ACP1"
1.08391708843373e-05,2.26587948431189,0.305,0.268,0.241941133309294,"DUT"
1.09531390788014e-05,0.973663859232107,0.061,0.151,0.244485017377927,"DHRSX"
1.1031281646724e-05,3.30056485772119,0.072,0.027,0.246229237636527,"BEND5"
1.11099213151519e-05,-0.742279378099385,0.016,0.074,0.247984553675506,"CLN6"
1.11290154766845e-05,0.914601629313942,0.088,0.195,0.248410754455074,"PNPLA2"
1.11453227721949e-05,0.0605403967385456,0.038,0.113,0.248774749598162,"SSFA2"
1.11968811927782e-05,0.589026702450634,0.045,0.125,0.249925585104002,"RUVBL2"
1.13726325296478e-05,0.439206726061807,0.074,0.172,0.253848530694268,"OGDH"
1.14303351238799e-05,0.439899339346618,0.108,0.226,0.255136510300123,"TOMM40"
1.14715090940313e-05,1.96281431693401,0.28,0.23,0.256055554487872,"WNK1"
1.16567029650209e-05,-0.600565323982848,0.009,0.061,0.260189266882231,"APOM"
1.16832066756486e-05,0.0236458309535204,0.036,0.109,0.260780856207153,"TBC1D17"
1.17727673707186e-05,0.0638163558406545,0.402,0.718,0.26277994048181,"COX5A"
1.19111352664544e-05,1.89164103733024,0.293,0.245,0.265868450282528,"TMPO"
1.20483854582688e-05,0.0825411028009642,0.016,0.074,0.268932011814017,"GSTM4"
1.23034786468303e-05,1.82294403745122,0.33,0.295,0.274625946875899,"ADD1"
1.23391010661501e-05,-1.20346610475629,0.007,0.056,0.275421074897537,"HIST3H2BB"
1.24002293856135e-05,2.07295458612519,0.149,0.086,0.276785520116279,"SLC25A37"
1.24825001897999e-05,-1.03387875059369,0.011,0.065,0.278621886736524,"AGAP3"
1.26561071997766e-05,2.01269003356994,0.397,0.419,0.282496968806213,"PTPN1"
1.2729484690094e-05,2.59318855044134,0.172,0.108,0.284134827767587,"CDC42EP3"
1.28965846843726e-05,0.286237282914732,0.086,0.189,0.28786466673988,"TRPT1"
1.29135434455635e-05,0.321479675853173,0.072,0.167,0.288243203248423,"MAP7D1"
1.29407947162795e-05,0.321840340249874,0.052,0.134,0.288851478862074,"JMY"
1.2962922204889e-05,2.21869045179443,0.273,0.222,0.289345386535327,"ACAP2"
1.29754299663872e-05,0.281700949131035,0.034,0.105,0.28962457227973,"SLC48A1"
1.3031753745607e-05,0.792099233717176,0.106,0.223,0.290881775355693,"JKAMP"
1.30895118585796e-05,-5.92128083634376,0.005,0.051,0.292170994195356,"IGKV1-39"
1.32107253005874e-05,2.40596515278498,0.228,0.168,0.294876599434411,"TAF15"
1.32404556819601e-05,0.157972298702499,0.032,0.101,0.295540211277031,"KLHL42"
1.33614087262479e-05,0.269717675205055,0.077,0.173,0.298240004178579,"KLHDC4"
1.34023184824758e-05,0.503117965069296,0.014,0.069,0.299153150847343,"TMEM220"
1.34120121433854e-05,2.66794036328521,0.149,0.087,0.299369523052505,"MTMR14"
1.34361031770494e-05,1.2446510584463,0.088,0.195,0.299907259014921,"SNAP29"
1.34533194761927e-05,0.724909644486079,0.151,0.298,0.300291544028098,"PSMD6"
1.35214830577552e-05,-0.772760373220304,0.018,0.077,0.301813023332153,"ASS1"
1.35389886708002e-05,1.47424596550644,0.427,0.461,0.302203766120931,"CDC42SE2"
1.35779515048378e-05,0.183028807808594,0.014,0.069,0.303073455539485,"CRADD"
1.36262931109608e-05,-0.891664746454797,0.043,0.119,0.304152488529757,"CCL4L2"
1.37011284611447e-05,-0.240995523120879,0.023,0.085,0.305822888381212,"ATAD3A"
1.37490884272224e-05,0.334088850367222,0.034,0.105,0.306893402784032,"FUCA1"
1.37734718050727e-05,1.77908825582828,0.273,0.217,0.307437664161028,"SMG1"
1.37821853544501e-05,2.14709935717245,0.314,0.284,0.307632159296681,"PCNP"
1.38841365612073e-05,0.47201005216035,0.029,0.097,0.309907812182708,"SLC26A2"
1.39336826312021e-05,-0.280958510126054,0.05,0.129,0.311013730011062,"ID2"
1.39466470498317e-05,0.687818610270248,0.041,0.116,0.311303108799292,"PPIL1"
1.40465426898078e-05,0.267020204465884,0.016,0.073,0.3135328793792,"CEP70"
1.40588610678377e-05,-0.697367836915098,0.009,0.06,0.313807837895206,"ITGA3"
1.40822670759736e-05,1.20631446652855,0.494,0.569,0.314330283402807,"HSPD1"
1.41671766881064e-05,0.428000836212553,0.108,0.223,0.316225550855223,"NFE2L1"
1.42331557865704e-05,0.104212079679948,0.061,0.148,0.317698270312038,"INTS3"
1.43423874828984e-05,-0.114682685049098,0.018,0.077,0.320136431005774,"FBXO48"
1.43800385034159e-05,1.00624365114875,0.16,0.316,0.320976839434746,"PIH1D1"
1.44102500086129e-05,1.52891888054021,0.438,0.501,0.321651190442248,"PAIP2"
1.44196281071591e-05,0.836596147705906,0.099,0.212,0.321860518979898,"PSMG3"
1.44718846626926e-05,2.61758602344152,0.126,0.068,0.323026937555962,"FAS"
1.44944597333359e-05,1.85745011825805,0.357,0.347,0.32353083570779,"GNB1"
1.45720204285988e-05,0.643524159890759,0.293,0.562,0.325262067986754,"CHMP2A"
1.46804727180104e-05,0.337230697430893,0.036,0.108,0.32768283153871,"MINPP1"
1.49600762208316e-05,-1.15636915256049,0.007,0.056,0.333923861325181,"DOLPP1"
1.49728512097491e-05,0.0478920802468803,0.061,0.148,0.33420901185281,"ZDHHC18"
1.51995836199137e-05,-0.0950847962637358,0.011,0.064,0.339269905980094,"BIK"
1.53207225147186e-05,0.892722209755246,0.21,0.404,0.341973847251034,"ADRM1"
1.5342207491336e-05,0.528934901032607,0.077,0.173,0.34245341341411,"DNAJC24"
1.53946068675015e-05,0.306584373256388,0.318,0.585,0.343623019889501,"HAX1"
1.54043996614603e-05,-0.180948159968128,0.49,0.787,0.343841604843456,"DAD1"
1.54168242835715e-05,-1.9418754142053,0.005,0.051,0.344118934833599,"LINC01353"
1.56567937948299e-05,0.489711278942622,0.047,0.126,0.349475294294397,"ALDH5A1"
1.5799612937668e-05,0.745670967804786,0.151,0.295,0.352663160381686,"CBWD5"
1.59647595853685e-05,0.279808790226504,0.142,0.272,0.356349398705011,"CXorf21"
1.5973510520183e-05,0.568053530587812,0.047,0.126,0.356544728321005,"GBA"
1.62087369855581e-05,0.650610438232534,0.061,0.148,0.361795218254643,"SLC25A46"
1.62781653495998e-05,0.896731936612871,0.228,0.439,0.363344928768418,"MRPL34"
1.63334171090914e-05,0.346383700091766,0.339,0.636,0.364578203292028,"MRPL52"
1.63491478732996e-05,0.549558243805561,0.063,0.152,0.36492932967992,"MIS12"
1.63858094023102e-05,0.74055655367051,0.196,0.376,0.365747651668966,"PSMC4"
1.64972597962213e-05,1.02787960209344,0.077,0.174,0.368235335911456,"ATMIN"
1.65323354170354e-05,-0.767035766247388,0.009,0.06,0.369018258843647,"OSER1-AS1"
1.65340746222499e-05,0.544798978114266,0.165,0.318,0.369057079643241,"EIF2AK1"
1.66439912295801e-05,0.415157569169944,0.065,0.155,0.371510528235458,"ATG13"
1.66471794708668e-05,2.37092464208518,0.226,0.167,0.371581692969219,"TMOD3"
1.66836913738541e-05,0.422643991341867,0.029,0.096,0.372396675155798,"MOSPD1"
1.68186016929256e-05,0.161574391947283,0.043,0.118,0.375408008387793,"FAM199X"
1.71270972803595e-05,3.50448048670421,0.05,0.014,0.382293938394905,"CHAF1A"
1.71685943032545e-05,0.85267128710967,0.131,0.263,0.383220193442944,"FLOT1"
1.71987214459732e-05,1.92690070663894,0.332,0.304,0.383892661395568,"EBLN3P"
1.72802781541179e-05,1.83327720523051,0.391,0.414,0.385713088678065,"SNRPE"
1.74564040780096e-05,0.5381823110658,0.09,0.195,0.389644395425252,"NAPG"
1.75847294791214e-05,0.289569571836253,0.052,0.133,0.392508746703469,"RNF11"
1.76984992792673e-05,0.278114999042775,0.061,0.147,0.395048202412526,"VPS53"
1.82314535395414e-05,0.394684933222496,0.153,0.295,0.406944274456103,"UBR2"
1.82920437450583e-05,2.23841600630511,0.28,0.234,0.408296708433445,"PHF14"
1.83296934307417e-05,2.84228825329785,0.097,0.045,0.409137087067585,"WDFY2"
1.83369168484306e-05,0.0556427597636526,0.041,0.114,0.40929832097382,"ERCC4"
1.85484807717173e-05,0.780197776064353,0.07,0.162,0.414020639305501,"LIN7C"
1.86383027777916e-05,-0.0873480010685004,0.054,0.135,0.416025556303086,"PAPD7"
1.86444856112479e-05,0.272261374629651,0.032,0.099,0.416163563328664,"ALAD"
1.88731654279516e-05,0.93764357202384,0.163,0.318,0.421267925517309,"MRPL3"
1.90552839971374e-05,0.659388699806897,0.199,0.369,0.425332994100105,"SUPT5H"
1.91310719906576e-05,0.480524422088622,0.142,0.274,0.427024657903468,"PPP6R2"
1.94362666670467e-05,0.613919237458194,0.12,0.241,0.433836908275149,"HDGF"
1.94712132524416e-05,2.25849663758634,0.233,0.174,0.434616951007749,"MTF2"
1.95841678107012e-05,0.639819693512196,0.158,0.304,0.437138209702662,"PTP4A1"
1.95901930852973e-05,0.771383272765481,0.144,0.284,0.437272699856921,"TSTA3"
1.96280989600576e-05,3.22853849517107,0.077,0.031,0.438118796887445,"JUP"
1.96301285735124e-05,2.1218684808804,0.251,0.195,0.43816409988937,"GIT2"
1.96911879923405e-05,0.710370430525616,0.027,0.091,0.439527007177033,"ATG9A"
1.97101516811058e-05,2.20760508569522,0.264,0.215,0.439950295673963,"MITD1"
1.98481737228021e-05,-1.2674904201695,0.009,0.059,0.443031085666666,"KCNK12"
1.98968080511829e-05,0.78586612989732,0.099,0.21,0.444116652510454,"TIPRL"
1.9986707515484e-05,0.477246536083755,0.023,0.083,0.446123298453118,"NUPR1"
2.00272767190926e-05,0.645307580644791,0.077,0.173,0.447028843646865,"ZDHHC4"
2.0070175722283e-05,-0.126175974255985,0.02,0.079,0.447986392297078,"CCNYL1"
2.02187736488297e-05,0.627894377469937,0.072,0.164,0.451303246615528,"TM7SF3"
2.02392142988106e-05,0.150880149253022,0.041,0.114,0.451759502363752,"KDM3A"
2.02610060559882e-05,0.956949640025587,0.047,0.125,0.452245916175712,"ANKRD46"
2.02868467871372e-05,0.0728855277920388,0.018,0.075,0.452822707135689,"OXNAD1"
2.03006140714096e-05,0.926611049327795,0.14,0.278,0.453130006687935,"TIMM9"
2.03092512245289e-05,1.21937449545347,0.476,0.535,0.45332279658271,"NCOA3"
2.03166842822264e-05,1.57638240329758,0.35,0.326,0.453488709863575,"BCL2"
2.03215363033101e-05,-0.212532902674919,0.025,0.087,0.453597011826184,"CHRNB1"
2.03220144339877e-05,0.840373557578904,0.093,0.198,0.453607684181039,"IDH3A"
2.06637342309668e-05,0.304935097362635,0.009,0.059,0.461235211769409,"DPCD"
2.06767474790296e-05,0.340054797492843,0.079,0.174,0.461525680479419,"HELB"
2.06928653207865e-05,1.9902797047805,0.296,0.253,0.461885446825275,"RTN4"
2.08118879588221e-05,0.0193526821472707,0.023,0.083,0.464542151128868,"PXMP4"
2.11868873358196e-05,0.194670866607899,0.047,0.124,0.472912512222829,"RORA"
2.12263003592848e-05,0.806354870161835,0.16,0.306,0.473792250319597,"MAN2A1"
2.13228900178136e-05,0.807981034867528,0.088,0.191,0.475948228087617,"PAOX"
2.15001686508324e-05,0.908747285301775,0.113,0.232,0.47990526445523,"TSPAN31"
2.16862251817444e-05,-0.603853508079601,0.011,0.063,0.484058232281717,"TXNDC16"
2.16949027319335e-05,0.635403751769764,0.167,0.317,0.484251923879488,"SMC4"
2.2225713914701e-05,0.803649094103721,0.181,0.346,0.496100160290041,"METTL26"
2.22596659033846e-05,0.608554277905226,0.059,0.143,0.496858002629448,"ARAF"
2.23107927933678e-05,0.453856324177986,0.065,0.153,0.497999205940762,"NDUFAF6"
2.23348073196912e-05,2.01755999295525,0.16,0.098,0.498535234182827,"NUP107"
2.23432318121526e-05,0.741493132262312,0.21,0.392,0.498723277279057,"COPA"
2.24550814700232e-05,2.50920378201763,0.104,0.051,0.501219873492387,"PFKP"
2.26695304909591e-05,1.82274939941191,0.391,0.42,0.506006590088699,"ATP5F1"
2.27766051498841e-05,-0.883048303026813,0.018,0.075,0.508396603550562,"AL359513.1"
2.28194750580828e-05,0.202740264273653,0.054,0.134,0.509353502771467,"CENPT"
2.29302472978284e-05,0.309220834137717,0.036,0.106,0.511826049934828,"AL133467.1"
2.3076363476552e-05,-0.0458739942481925,0.041,0.113,0.515087509160117,"EEF2K"
2.31645845931242e-05,-0.469499173066759,0.02,0.079,0.517056692703125,"HIST1H2BH"
2.34087750365993e-05,0.51688705586413,0.158,0.3,0.522507267591934,"BTN3A1"
2.34541229591774e-05,0.475879784727497,0.059,0.142,0.5235194785718,"KPNA1"
2.35781021291391e-05,2.79557646809293,0.147,0.087,0.526286817624514,"GNG2"
2.36508513603894e-05,-0.693035659014885,0.018,0.075,0.527910653215253,"GGT1"
2.39106449645446e-05,0.265048801279444,0.047,0.124,0.533709506253601,"UBE4B"
2.39571015470213e-05,0.132901525613943,0.034,0.102,0.534746463631063,"RTL8C"
2.42270609124305e-05,0.504511114813593,0.135,0.264,0.540772226626362,"RAB11B"
2.44592993861472e-05,-0.802522183844488,0.009,0.058,0.545956021598191,"DFFB"
2.45084793033379e-05,0.887763880377763,0.079,0.176,0.547053766529805,"ANKRD39"
2.4509786825414e-05,0.201374997587486,0.034,0.102,0.547082951730066,"TIMM23"
2.46179811162796e-05,0.589002572114612,0.097,0.203,0.549497956496477,"PRKRA"
2.46520852433711e-05,0.213949647393156,0.023,0.083,0.550259194717287,"INO80B"
2.4746779940015e-05,0.791492842724446,0.131,0.261,0.552372875041075,"BID"
2.48388353965292e-05,0.911403158158242,0.059,0.142,0.554427644885929,"COQ8A"
2.48875125996639e-05,0.558000974760776,0.151,0.292,0.555514168737097,"SHMT2"
2.49688209225086e-05,0.0405765713772319,0.038,0.109,0.557329051811315,"PLEKHA8"
2.51292274531286e-05,0.845499029398319,0.217,0.411,0.560909485981283,"EMC6"
2.52452415984389e-05,0.567833702991521,0.271,0.509,0.563499037718755,"PSMD7"
2.53818646926995e-05,1.98966190505389,0.3,0.264,0.566548601805745,"ANXA11"
2.56070552904181e-05,0.919154601954984,0.122,0.245,0.571575081137423,"SMIM15"
2.56397357503281e-05,0.904294462706734,0.546,0.708,0.572304541683074,"GNG5"
2.56641163981676e-05,1.48290674074622,0.178,0.341,0.5728487421235,"CLEC2B"
2.57361276686642e-05,0.0834524143506168,0.029,0.094,0.574456105692253,"STK19"
2.57539907906334e-05,2.80131496967926,0.158,0.098,0.574854828437728,"SMS"
2.58654070988802e-05,0.595472807493998,0.059,0.142,0.577341751854105,"FN3KRP"
2.58949909761973e-05,0.395864157432163,0.032,0.098,0.5780020935797,"MYBBP1A"
2.60852389098105e-05,0.392452927195089,0.09,0.191,0.582248617705881,"RREB1"
2.62411998136837e-05,-1.24893580988037,0.011,0.062,0.585729821041233,"TM9SF1"
2.65906500263535e-05,-1.05365530465879,0.007,0.053,0.593529899238236,"HMMR"
2.66281716352314e-05,-0.246232443822521,0.011,0.062,0.594367419070001,"PKD2"
2.66864426710243e-05,0.334768466306028,0.745,0.847,0.595668086859933,"OST4"
2.67913627564383e-05,2.05812449020024,0.33,0.309,0.59801000808646,"RAD21"
2.68233683310043e-05,1.86154221026583,0.309,0.275,0.598724404516346,"PHKB"
2.75748748784991e-05,0.460794659561803,0.072,0.163,0.615498782162978,"SLC2A4RG"
2.75927473586986e-05,0.352199657383916,0.054,0.134,0.615897713793512,"ABCB8"
2.77041252030296e-05,-0.768951513509854,0.016,0.07,0.618383778656825,"GALE"
2.78794628326149e-05,0.67359823193457,0.047,0.123,0.622297489886798,"TUBGCP3"
2.81675444398312e-05,0.779912746419472,0.074,0.168,0.628727759441472,"NUDT9"
2.81956980943939e-05,0.868085458468558,0.138,0.27,0.629356177164966,"ARL5A"
2.83380145183355e-05,0.350782310137563,0.036,0.105,0.632532822063768,"MUL1"
2.83525324053502e-05,-0.293940774733421,0.02,0.078,0.632856875819823,"CD99L2"
2.85969256426174e-05,0.95518348352722,0.208,0.391,0.638311977268863,"CCS"
2.87188728867049e-05,0.789340710468192,0.16,0.308,0.64103396170414,"VDAC3"
2.87243874539637e-05,0.292023772656523,0.345,0.625,0.641157052359924,"HSH2D"
2.91848332928204e-05,0.258908434632049,0.025,0.086,0.651434663929045,"SMIM13"
2.94875882086351e-05,3.01199944553076,0.088,0.04,0.658192456404943,"ZNF43"
2.94974373404003e-05,0.424785768154162,0.05,0.126,0.658412298875076,"ATN1"
2.95491701677623e-05,-0.480715859017343,0.032,0.097,0.659567027314622,"POLB"
2.96717168303756e-05,2.43798402681268,0.246,0.194,0.662302391370815,"CREB1"
2.9701215160434e-05,-0.429233347239766,0.034,0.1,0.662960823596047,"FBXO46"
3.00235187713448e-05,0.308969979123699,0.034,0.101,0.670154962495187,"PUSL1"
3.00319366057154e-05,3.12269362342884,0.079,0.033,0.670342856976174,"ZNF559"
3.01305403462185e-05,1.64921391925894,0.391,0.4,0.672543791067943,"SLTM"
3.03607297190598e-05,0.830343906014525,0.102,0.21,0.677681848059134,"HMG20B"
3.04935074152515e-05,0.826500791612709,0.095,0.199,0.680645579015829,"ATP6V1A"
3.06212853161994e-05,0.823706640528627,0.133,0.261,0.683497709542887,"BAG6"
3.06703466729167e-05,0.436364772954983,0.079,0.172,0.684592808086175,"PIK3CG"
3.06781486825387e-05,0.943222254056741,0.097,0.204,0.684766956742947,"PARL"
3.08277295564723e-05,2.71313668158222,0.093,0.043,0.688105751430018,"FAM200B"
3.09090832024979e-05,0.804499527402269,0.158,0.301,0.689921646162955,"TTC17"
3.09452429353765e-05,0.35286976311133,0.113,0.226,0.690728767560538,"SOS1"
3.09498425791923e-05,0.798271114912437,0.558,0.723,0.690831436210152,"UQCR11"
3.14039053267218e-05,0.596569000552845,0.12,0.237,0.700966570797757,"RNF113A"
3.15133410319189e-05,0.414625878677737,0.142,0.269,0.703409285173461,"UBR5"
3.16068572093802e-05,0.271335270061765,0.104,0.21,0.705496659770576,"APOE"
3.16273521028647e-05,1.98783091891511,0.269,0.22,0.705954126288043,"KPNA4"
3.16352270393409e-05,0.551503592721962,0.124,0.245,0.706129902745128,"CGAS"
3.21664179178271e-05,-0.742233182268584,0.007,0.052,0.71798661434382,"SLC37A3"
3.27750650895382e-05,0.804782214377554,0.199,0.369,0.731572227863582,"RB1CC1"
3.30730180040433e-05,0.671105326272961,0.086,0.183,0.738222834868251,"TRPC4AP"
3.33964981716978e-05,-0.232246720400378,0.014,0.065,0.745443235690466,"CUL7"
3.35305354680106e-05,1.51494355947373,0.415,0.443,0.748435082181466,"FAM133B"
3.37030617873012e-05,1.88235728888772,0.307,0.274,0.75228604215435,"SMC3"
3.3816020525614e-05,3.11294575516988,0.065,0.025,0.75480739415223,"AL139246.5"
3.38914962213251e-05,-0.0721780251598179,0.025,0.085,0.756492087156197,"IGF2BP3"
3.39668220761536e-05,0.305428075652841,0.077,0.167,0.758173435561825,"IL32"
3.42817533937282e-05,1.80042193159166,0.418,0.476,0.765203017501407,"TSTD1"
3.44808622529012e-05,2.99489046285577,0.131,0.075,0.769647326347008,"KPNA5"
3.47032970633948e-05,0.304246396686975,0.023,0.081,0.774612293752035,"SPSB1"
3.47201471241941e-05,0.785162958942791,0.093,0.193,0.774988403959136,"PPIL2"
3.49155672329293e-05,0.682081191509847,0.084,0.18,0.779350376206215,"AMZ2"
3.49770229194059e-05,3.22962122254526,0.065,0.025,0.780722128584059,"FAM46A"
3.52243205761424e-05,3.05728110490007,0.12,0.065,0.786242059580075,"CERS4"
3.52786372769827e-05,2.47052519083982,0.19,0.129,0.78745446265953,"R3HDM2"
3.54455300759395e-05,0.313014462039924,0.043,0.114,0.791179676825046,"C16orf62"
3.56611254178638e-05,-0.415545250375628,0.034,0.099,0.795991980452137,"FAM193B"
3.61055589993572e-05,0.410979847095992,0.05,0.125,0.805912182424653,"FAHD2A"
3.64037859595284e-05,0.438818459724391,0.059,0.14,0.812568906402634,"CLOCK"
3.65569915629849e-05,0.869433802921607,0.079,0.173,0.815988608677387,"DYRK4"
3.67043250320669e-05,1.05440525452795,0.106,0.218,0.819277239040764,"PEPD"
3.67448215429232e-05,0.66006552306229,0.077,0.169,0.820181161659588,"FBXO25"
3.67689769207179e-05,0.413108414037606,0.063,0.147,0.820720333847345,"CEBPG"
3.67720742523831e-05,0.768495004684367,0.07,0.158,0.820789469387442,"SEC23IP"
3.68415386138153e-05,-1.15876693840542,0.014,0.064,0.822339983398971,"EHBP1"
3.7562015607169e-05,0.925160036018009,0.14,0.272,0.838421750367619,"EBPL"
3.81305561090882e-05,-0.455890153755813,0.011,0.06,0.851112142910958,"PPP1R3B"
3.8514582320989e-05,-1.42479904881305,0.007,0.052,0.859683991986794,"ZNF512B"
3.87497715805764e-05,2.19478842980437,0.246,0.195,0.864933651450047,"CTSA"
3.8903721251194e-05,-1.0321302600847,0.007,0.052,0.868369962047901,"HOXB7"
3.90822084835106e-05,0.33376017368282,0.065,0.15,0.87235397556044,"MAN1B1"
3.91452706594355e-05,1.83071110768317,0.381,0.403,0.87376158638926,"SSB"
3.92904344671458e-05,0.580288232586875,0.104,0.21,0.87700178774116,"TPP2"
3.94962253659268e-05,0.861302232964811,0.158,0.302,0.881595246392852,"VTI1B"
3.96878325438869e-05,0.54766021851215,0.079,0.171,0.885872110212099,"GMDS-AS1"
3.99040883649442e-05,-0.393554874730435,0.023,0.08,0.89069915639392,"TXNRD2"
3.99752635816647e-05,0.600292764674061,0.036,0.103,0.892287858406338,"HS2ST1"
4.00554280961299e-05,0.796118570419747,0.16,0.307,0.894077210533715,"ORMDL2"
4.00779717989798e-05,2.21674341304311,0.212,0.155,0.894580408525028,"MYO9B"
4.01265815385675e-05,0.233789468831034,0.032,0.095,0.895665426522366,"SLC4A2"
4.02100865410832e-05,0.00676419689928842,0.014,0.064,0.897529341683518,"FAM118B"
4.02722286542165e-05,2.51804435341268,0.111,0.057,0.898916415790767,"SH2D3C"
4.02762323370804e-05,1.08891251525105,0.045,0.118,0.899005781995972,"GOT2"
4.04375586538813e-05,0.578371948311079,0.041,0.11,0.902606746713283,"BLMH"
4.05900910717578e-05,0.395912200719063,0.023,0.08,0.906011422812705,"MFGE8"
4.06273905849798e-05,0.473382446493264,0.054,0.132,0.906843985247334,"MTMR12"
4.06343181768869e-05,0.995870300084902,0.167,0.319,0.906998616026292,"NDUFA9"
4.09603016598565e-05,0.435975790331668,0.043,0.114,0.914274893349657,"MMAB"
4.10808658675228e-05,3.31096769210384,0.059,0.021,0.916966007028976,"PLAGL1"
4.11694542256569e-05,0.133042292410021,0.02,0.076,0.918943387770887,"SULT1A1"
4.12108041966911e-05,0.410058257295682,0.059,0.139,0.919866360474342,"PPFIA1"
4.12930371300794e-05,-0.0515200192060616,0.018,0.072,0.921701881780502,"PERP"
4.16952507818139e-05,0.0201124548044107,0.041,0.11,0.930679692700868,"SUPT7L"
4.18460965099252e-05,0.602755097170341,0.02,0.076,0.934046720198039,"BRPF3"
4.1894759709869e-05,1.00856915904898,0.059,0.14,0.935132931483985,"KIAA1191"
4.19216829815208e-05,1.409943656081,0.472,0.571,0.935733885830525,"HNRNPD"
4.22333642634808e-05,-0.976884387380209,0.009,0.056,0.942690923725155,"VWA5A"
4.24475284909641e-05,1.3251589526825,0.036,0.103,0.947471283446809,"DHRS7B"
4.24806225454424e-05,2.66827670878242,0.097,0.047,0.948209975836819,"TNF"
4.2522448128755e-05,1.17406001261313,0.115,0.231,0.949143564681941,"VPS25"
4.32024063886462e-05,0.431188166873352,0.023,0.08,0.964320913000971,"NME2"
4.36726655253413e-05,-0.182470257786381,0.027,0.087,0.974817567191144,"LINC00528"
4.37090718744387e-05,0.489132562817205,0.131,0.252,0.975630193309346,"DGLUCY"
4.3763441515916e-05,0.612238762474826,0.138,0.265,0.976843778076762,"GTF2F1"
4.38425099005557e-05,2.66805222491293,0.196,0.139,0.978608663490303,"TRIM13"
4.48599123256422e-05,-0.377869602997495,0.025,0.083,1,"ALMS1"
4.53487510717231e-05,1.86058303359463,0.339,0.321,1,"RNF19A"
4.61761029102494e-05,-0.0786681301060508,0.032,0.095,1,"UBQLN4"
4.62759805047636e-05,-0.145486135598165,0.011,0.06,1,"RSPH3"
4.64292401838557e-05,2.67722705819463,0.149,0.091,1,"GGPS1"
4.65735921368587e-05,-1.40754408584303,0.007,0.051,1,"PLBD2"
4.66592704960713e-05,0.623400131184793,0.108,0.218,1,"FARSA"
4.69121541574159e-05,-0.200455224544685,0.029,0.091,1,"CLUH"
4.71681717674302e-05,2.55787442465981,0.205,0.149,1,"EXOSC6"
4.73518051058673e-05,1.10035172112211,0.533,0.707,1,"ARL6IP4"
4.74115035733201e-05,-0.291147446412088,0.029,0.091,1,"FAN1"
4.74822134149335e-05,-0.451093288009381,0.014,0.064,1,"MTHFD1L"
4.77503303030513e-05,1.99988470959347,0.334,0.322,1,"GNB2"
4.77583807744436e-05,0.875737403772049,0.097,0.199,1,"CEP63"
4.78703763991422e-05,2.57949222720452,0.183,0.125,1,"P2RX5"
4.82438926955371e-05,0.690788520244507,0.034,0.098,1,"PIGX"
4.83953345236661e-05,-0.0438866150074064,0.014,0.064,1,"DPY19L1"
4.84755252215196e-05,0.697667107646865,0.106,0.214,1,"CCDC124"
4.85779789003543e-05,0.434190765694336,0.045,0.117,1,"NIT1"
4.86141796247231e-05,2.49736685933464,0.257,0.213,1,"MRPL44"
4.87418355443074e-05,0.276906464467942,0.02,0.075,1,"CYFIP1"
4.96826759914834e-05,-1.1862080011694,0.009,0.055,1,"EXD2"
5.00771415734389e-05,2.49432970367179,0.255,0.212,1,"MRPL11"
5.03420754780251e-05,2.14598728113485,0.077,0.033,1,"LAIR1"
5.04403592208942e-05,0.684272027792156,0.106,0.214,1,"TMEM223"
5.04947707717596e-05,1.04781215478204,0.034,0.098,1,"POMGNT1"
5.06606891998762e-05,0.586900016188867,0.056,0.134,1,"TMCO3"
5.11784294569482e-05,0.359778226276007,0.036,0.102,1,"TBL3"
5.11850399182172e-05,1.97309170536707,0.223,0.168,1,"MAX"
5.15099823099385e-05,0.136894917532551,0.404,0.723,1,"NDUFB4"
5.16322390658414e-05,0.623466136731018,0.108,0.216,1,"DNAJB2"
5.18418265086149e-05,0.578222793556616,0.124,0.241,1,"LSM12"
5.23931165613574e-05,0.996405828818783,0.102,0.207,1,"TMEM106B"
5.3201799849767e-05,0.34557458956523,0.036,0.102,1,"RRAS"
5.33125213179381e-05,2.14308026206198,0.181,0.122,1,"RASGRP1"
5.3512065414798e-05,1.27476119989715,0.167,0.318,1,"PRDX3"
5.37939949378314e-05,2.26467329003388,0.23,0.178,1,"YWHAH"
5.40855756004354e-05,0.717237686774597,0.093,0.191,1,"TMEM33"
5.44812729140317e-05,1.01086772374672,0.129,0.251,1,"EIF2B1"
5.45893109040433e-05,0.736527289987304,0.262,0.488,1,"SNRPN"
5.53498659538834e-05,-0.469930261607177,0.014,0.063,1,"WDR27"
5.54117168380061e-05,3.65034120212609,0.056,0.02,1,"AL133342.1"
5.55131664135643e-05,0.304651596936671,0.038,0.105,1,"GALM"
5.57254637453774e-05,-0.130302961389298,0.025,0.083,1,"CCHCR1"
5.58638397348286e-05,0.839718900941027,0.181,0.334,1,"IARS"
5.60316014468213e-05,0.313276045325301,0.059,0.137,1,"HDAC6"
5.61654195054606e-05,1.07649082695879,0.095,0.197,1,"NFU1"
5.61700963624119e-05,2.76863567787469,0.097,0.048,1,"EPB41L2"
5.63232469449026e-05,0.272914079799423,0.056,0.133,1,"BRD8"
5.68417251937306e-05,-0.506890674627538,0.014,0.063,1,"TRAF3IP1"
5.71301693210399e-05,-0.289432170701749,0.014,0.063,1,"CTSF"
5.75900853109978e-05,0.491108835267125,0.366,0.683,1,"GYPC"
5.78295624135451e-05,1.97262664862811,0.278,0.235,1,"ZBTB7A"
5.82242502290347e-05,0.18696433786162,0.014,0.063,1,"LAMC1"
5.85402782242804e-05,0.855637244288243,0.061,0.141,1,"SWI5"
5.85760863320133e-05,3.11646318941372,0.07,0.029,1,"ALPK1"
5.86674126554239e-05,3.23685430732642,0.084,0.038,1,"KATNA1"
5.92445200156461e-05,0.673450499451,0.144,0.272,1,"IFITM3"
5.94905593732048e-05,0.590942719055147,0.095,0.194,1,"POLR3D"
5.95070585482683e-05,0.901864155401751,0.097,0.199,1,"ALG8"
5.96900652867829e-05,0.160983245632936,0.056,0.133,1,"TECPR1"
6.06908157085956e-05,0.579890201338227,0.063,0.145,1,"LRRFIP2"
6.0834541238749e-05,1.00233819408998,0.117,0.231,1,"ASNSD1"
6.09596763861404e-05,2.42513511272848,0.212,0.156,1,"UHMK1"
6.13049571708894e-05,0.407292403117935,0.059,0.137,1,"ZNF587"
6.16648411281275e-05,0.582706564815756,0.124,0.237,1,"DENND1B"
6.25881946851201e-05,0.71015557883239,0.027,0.086,1,"ATP1B1"
6.26368633560462e-05,0.638450807834434,0.093,0.191,1,"FAF2"
6.26522769038967e-05,-0.668682419526605,0.009,0.054,1,"SRGAP3"
6.28359818914874e-05,0.851392235951436,0.201,0.375,1,"NAA10"
6.29647808493512e-05,3.16559121906389,0.072,0.03,1,"MOB3B"
6.31468308146181e-05,0.561422262495263,0.278,0.518,1,"MRPS34"
6.3177084243778e-05,0.557016518617554,0.063,0.144,1,"ABCF3"
6.31895619800738e-05,1.26314465468416,0.485,0.587,1,"TCEA1"
6.32017834775315e-05,0.508738214364712,0.034,0.097,1,"IQCG"
6.37007438054497e-05,0.468300620435597,0.323,0.599,1,"RAB2A"
6.47880615899316e-05,0.842246501671229,0.235,0.435,1,"BRI3"
6.48651164875239e-05,-0.71514640443889,0.011,0.058,1,"MIR210HG"
6.52607280025973e-05,0.742063693153091,0.065,0.148,1,"CDC25B"
6.6000422034938e-05,0.53662718799581,0.323,0.593,1,"TMCO1"
6.64952719270003e-05,-1.12230590423538,0.014,0.062,1,"TRIP10"
6.66815478356501e-05,0.740907290552383,0.14,0.265,1,"IP6K2"
6.71967518061256e-05,-0.0211810877885403,0.011,0.058,1,"LINC01023"
6.73499009261929e-05,2.1859782413,0.244,0.195,1,"ZNF148"
6.74088817249609e-05,1.06667826789482,0.045,0.115,1,"ETFDH"
6.77563801863198e-05,0.658620177959246,0.036,0.1,1,"ABHD11"
6.80017710985248e-05,0.0135422850360127,0.02,0.074,1,"ACADS"
6.89749969443909e-05,0.602723191825064,0.043,0.111,1,"PIP4P2"
6.94949416461863e-05,-0.376282790201022,0.014,0.062,1,"LOH12CR2"
6.97637877049463e-05,0.523221162319762,0.063,0.143,1,"UBR3"
7.03161832541033e-05,1.0429447115276,0.129,0.249,1,"CMC1"
7.08272155170776e-05,0.797363413608768,0.05,0.122,1,"TMEM181"
7.11675422529815e-05,0.362210753342352,0.047,0.118,1,"EPS8L2"
7.13228286290267e-05,0.728412166709549,0.284,0.532,1,"TMEM50A"
7.14080840800375e-05,3.69260896722594,0.052,0.017,1,"SPRY1"
7.18373427973132e-05,2.20765912107224,0.271,0.23,1,"SMARCE1"
7.19233876061439e-05,1.01258158401044,0.492,0.558,1,"NKTR"
7.20254181007247e-05,0.761064044560738,0.12,0.234,1,"RNF167"
7.20585290920073e-05,0.558817436790555,0.063,0.143,1,"MIB2"
7.23610531848045e-05,1.03753629765851,0.19,0.355,1,"MLF2"
7.24984501474634e-05,0.561063166414475,0.041,0.107,1,"ZNF3"
7.27311329159783e-05,0.473210711414795,0.056,0.133,1,"ZMYM4"
7.27729238231003e-05,0.533585520545452,0.095,0.191,1,"STXBP2"
7.2775304469007e-05,0.631864881014593,0.217,0.401,1,"DNPH1"
7.27809177836848e-05,0.259873701879157,0.029,0.089,1,"NLK"
7.28214329773059e-05,0.82970228872337,0.233,0.43,1,"PSMB7"
7.2975523072511e-05,-1.23336208549539,0.009,0.053,1,"OTUD7B"
7.31693702251073e-05,0.608116062016975,0.056,0.133,1,"NQO2"
7.32815890269057e-05,0.23964411469631,0.043,0.11,1,"RINT1"
7.33242177979583e-05,0.650748357902227,0.278,0.509,1,"PSMB2"
7.35279691949559e-05,0.811663979930017,0.047,0.118,1,"NINJ1"
7.3651944830013e-05,0.507304462500921,0.086,0.178,1,"SACM1L"
7.37479278561779e-05,0.976174269357367,0.135,0.256,1,"HERC5"
7.39057417213232e-05,1.26744896348711,0.045,0.114,1,"MCTP2"
7.39886212002529e-05,0.353459691642359,0.068,0.15,1,"XRCC4"
7.44806398066273e-05,2.33755070852475,0.149,0.093,1,"STAMBPL1"
7.46133259957318e-05,0.162036295705075,0.027,0.085,1,"CRELD1"
7.49571622992337e-05,0.599085021764746,0.343,0.637,1,"CSTB"
7.5498307978354e-05,-1.07214310528537,0.009,0.053,1,"AP002360.2"
7.56896760293154e-05,0.926870326677092,0.081,0.172,1,"RNASEH1"
7.6023387516879e-05,3.1976624819386,0.093,0.045,1,"CBLB"
7.62423701359507e-05,1.08010438647981,0.056,0.133,1,"MAD2L2"
7.65384002913862e-05,0.775321863265301,0.086,0.179,1,"STAU2"
7.68626707170687e-05,0.214262015945194,0.061,0.138,1,"CSAD"
7.70782048991531e-05,0.521246300685844,0.07,0.153,1,"BORCS8"
7.71837333457548e-05,0.221874321422104,0.043,0.11,1,"CPT1A"
7.72917901028971e-05,2.15886198431705,0.298,0.273,1,"RAB5C"
7.75688170888716e-05,0.508987980414743,0.084,0.174,1,"MTO1"
7.76659225248125e-05,0.524432470218503,0.095,0.192,1,"TRIM73"
7.85877488470961e-05,1.25599907118925,0.517,0.665,1,"CYTIP"
7.93629531881323e-05,2.21818794953463,0.255,0.214,1,"DMAC1"
7.9485667189561e-05,0.364325407136995,0.038,0.103,1,"INTS13"
7.94945405304498e-05,-0.18311331049977,0.02,0.073,1,"GABARAPL1"
7.95974765035925e-05,1.34962327996052,0.429,0.47,1,"GLS"
8.00428188016576e-05,-0.377703517434834,0.02,0.073,1,"ENO2"
8.07422946997321e-05,0.581285424859296,0.086,0.176,1,"PBX2"
8.09102249955655e-05,0.508839586428318,0.102,0.202,1,"SPAG9"
8.09298609936322e-05,0.761275941296656,0.226,0.414,1,"C5orf56"
8.31954474835862e-05,2.15865391659532,0.194,0.138,1,"R3HDM4"
8.321786817409e-05,0.029362955478895,0.02,0.073,1,"NECAB3"
8.35892850131678e-05,0.646957077714575,0.124,0.239,1,"LIMS1"
8.37693080004857e-05,1.50298086557356,0.447,0.545,1,"RBM8A"
8.64564531315233e-05,0.285675491858191,0.09,0.183,1,"R3HDM1"
8.69622754804979e-05,2.4477248422118,0.246,0.201,1,"TSPYL1"
8.70974855402386e-05,0.426905293367298,0.19,0.345,1,"UBA1"
8.70987057398505e-05,0.324762216329137,0.045,0.114,1,"G6PC3"
8.72130590246607e-05,0.293364652240476,0.027,0.084,1,"ACAD10"
8.72624570270172e-05,0.482616889196895,0.047,0.118,1,"AHCY"
8.73455392628394e-05,0.514399615335022,0.041,0.106,1,"AC016831.1"
8.73820775591169e-05,2.47148601114072,0.169,0.113,1,"LPP"
8.75152227999991e-05,1.16050390382048,0.122,0.236,1,"PTMS"
8.75263380072538e-05,0.229868591521903,0.034,0.095,1,"CEP83"
8.78756811073576e-05,0.186456151630627,0.034,0.095,1,"SMYD2"
8.87064321385861e-05,1.40820241818912,0.458,0.57,1,"RTRAF"
8.92610826832859e-05,0.992266066926473,0.14,0.265,1,"GM2A"
8.94430741260491e-05,0.726450567307457,0.126,0.241,1,"CTBP1"
9.04815859931581e-05,0.567495277901546,0.115,0.221,1,"SCAPER"
9.0583752534471e-05,0.891588633827122,0.074,0.16,1,"B4GALT4"
9.13938528336286e-05,0.316006955016112,0.065,0.145,1,"CYB5D2"
9.19645372948701e-05,0.334931309535508,0.059,0.134,1,"H2AFX"
9.26048806869578e-05,0.181354160390779,0.445,0.774,1,"CDV3"
9.27115135464467e-05,0.802554766957543,0.077,0.163,1,"ARHGAP27"
9.33688616268554e-05,0.448793990252002,0.084,0.172,1,"SMARCA4"
9.339859327671e-05,0.0794289982519475,0.357,0.597,1,"CD27"
9.34197585108158e-05,3.01722159156534,0.095,0.048,1,"BRD3"
9.36815833457011e-05,0.805033248310962,0.16,0.299,1,"EMD"
9.40381128022431e-05,0.995257403923793,0.172,0.319,1,"RAB10"
9.44796637443621e-05,0.678417691004278,0.124,0.236,1,"LUC7L"
9.45901500694749e-05,0.353490057819768,0.023,0.076,1,"CRY2"
9.46391832161251e-05,0.75765289712064,0.054,0.128,1,"SLC25A19"
9.47132658514803e-05,0.440548519050451,0.065,0.145,1,"IPO5"
9.50706674243897e-05,-0.720050759548525,0.011,0.056,1,"MFSD2A"
9.52970366699695e-05,0.127847184333278,0.072,0.154,1,"SEC24C"
9.57796809960727e-05,2.3717168257569,0.192,0.137,1,"SBNO1"
9.60066136426359e-05,0.611132308555418,0.115,0.222,1,"IBTK"
9.62492126068534e-05,0.5757817283112,0.079,0.165,1,"RALGAPA1"
9.64254842675171e-05,0.632548661122102,0.043,0.11,1,"IMMP2L"
9.75694593849922e-05,0.0586263431692302,0.011,0.056,1,"LAMP3"
9.7594367990285e-05,0.35835402964309,0.036,0.098,1,"FLJ20021"
9.80238701083523e-05,0.824625966595785,0.242,0.447,1,"TMEM14C"
9.85634964869411e-05,0.254713289538916,0.034,0.095,1,"TPRA1"
9.89558256056951e-05,0.689595158102078,0.084,0.173,1,"PNPT1"
9.94943626366101e-05,0.494877605898083,0.038,0.102,1,"INTS12"
9.9652027466129e-05,0.878460470377897,0.158,0.298,1,"HIKESHI"
0.000100063217613154,1.70246539084593,0.3,0.266,1,"RICTOR"
0.000100537833124145,0.234776761167366,0.016,0.064,1,"MOXD1"
0.000100733260988837,0.662125998128651,0.077,0.163,1,"SLC35C2"
0.000101147148130725,0.968757831554416,0.142,0.27,1,"ATG3"
0.000101172793324945,0.631396615768867,0.113,0.218,1,"REPIN1"
0.000101198008560502,-0.554066020402602,0.029,0.087,1,"GZMB"
0.000101339598894783,0.178724280838766,0.034,0.095,1,"ACBD4"
0.000102031335748632,1.01143393620992,0.077,0.164,1,"GPX7"
0.000102181602160179,1.05746326450254,0.151,0.284,1,"DDRGK1"
0.000106376187852036,0.523993128870379,0.034,0.095,1,"PRR5"
0.000107262029079745,2.72275671598975,0.102,0.053,1,"LRCH1"
0.000107482843181161,0.742457581023766,0.068,0.148,1,"CSGALNACT1"
0.000107718317495548,-0.0144224627767131,0.023,0.075,1,"AC104024.1"
0.000108344087922903,2.40081051270867,0.246,0.201,1,"TACC1"
0.000109147176946613,1.56263071437855,0.341,0.33,1,"BRD4"
0.000110911330582252,0.749545651616184,0.093,0.187,1,"GEMIN7"
0.000110971916671707,0.146778989919099,0.056,0.129,1,"INTS8"
0.000111407087534798,1.53642966566435,0.44,0.523,1,"UBE2B"
0.000111469815226442,1.09354546779714,0.239,0.445,1,"POLR2I"
0.000112410636355452,0.306070892723076,0.391,0.689,1,"EIF5B"
0.000113208521743943,-0.0807794794261953,0.023,0.075,1,"BRF1"
0.000113535636407976,3.71388905096054,0.052,0.018,1,"TOX"
0.000114176540095225,0.615191733029821,0.178,0.321,1,"ITPR2"
0.000115123676799408,0.428714875633823,0.029,0.087,1,"AMPD2"
0.000115138432085312,0.645605435806372,0.088,0.18,1,"ZCCHC9"
0.000115323296150552,-0.251830450080667,0.122,0.226,1,"LINC01480"
0.000115732405164273,0.12643643821158,0.023,0.075,1,"ELAC1"
0.000115740140135069,1.31110008845854,0.133,0.254,1,"ARPC1A"
0.000115844973617172,0.977813515217864,0.074,0.159,1,"ACTR1A"
0.00011585997563596,0.91053516769693,0.023,0.075,1,"HOXB4"
0.000116468599835315,-0.273632769567653,0.014,0.06,1,"RCBTB2"
0.000116525602149318,-0.0727195441821351,0.011,0.056,1,"KNSTRN"
0.000116587203174007,0.305245020481105,0.034,0.094,1,"FZR1"
0.000116840878056381,0.46116033984959,0.088,0.177,1,"LRRK1"
0.00011691442044958,0.762400981030802,0.192,0.352,1,"CTSC"
0.000117080082218605,-0.35733562000329,0.032,0.09,1,"TACSTD2"
0.000118538270389874,2.44029725567491,0.235,0.19,1,"THUMPD1"
0.000118994540141957,-0.0769379214698684,0.027,0.083,1,"CPT2"
0.000119408771056137,1.63578052642505,0.388,0.424,1,"ENSA"
0.000119466125458129,2.54040444026548,0.172,0.118,1,"CRLF3"
0.000120147373551674,0.027240490716947,0.014,0.06,1,"CH17-340M24.3"
0.000120296779354839,0.294458208639637,0.014,0.06,1,"EXT2"
0.000120672010285977,1.5965031574369,0.321,0.298,1,"ACTN4"
0.00012150683043408,0.267783751730266,0.043,0.108,1,"ABL2"
0.000121537240608164,2.06145616723277,0.151,0.097,1,"BMP2K"
0.000121960795233186,1.40085163996704,0.02,0.071,1,"ABHD8"
0.000122094648969724,0.287849983000585,0.061,0.136,1,"PGGHG"
0.000122415079564958,1.08222961192939,0.061,0.137,1,"DERA"
0.000122941086174258,3.43471708240612,0.065,0.027,1,"ITPKB"
0.00012330978179307,2.04723341068592,0.293,0.268,1,"COX20"
0.000125163396488155,0.234085356645693,0.059,0.133,1,"MTG1"
0.000125240157583893,-0.696191017141617,0.023,0.075,1,"VARS2"
0.000125365477776684,3.36978059704637,0.068,0.029,1,"HMOX1"
0.000126849447175316,0.540044445769897,0.086,0.175,1,"DVL3"
0.000127692798601734,1.32891867911908,0.463,0.557,1,"TPI1"
0.000128674180401128,0.346431222288202,0.025,0.079,1,"ARHGAP12"
0.000130210341138392,2.28734363225209,0.244,0.199,1,"MECP2"
0.00013035264410152,2.18283323999017,0.253,0.21,1,"HIF1A"
0.000130400172948905,0.495429132923803,0.07,0.15,1,"ORC3"
0.000130586214783588,0.710687086142741,0.185,0.338,1,"GSPT1"
0.000131779104635249,2.42926359221722,0.117,0.067,1,"MAP3K14"
0.000131880483335483,0.159168650857612,0.041,0.104,1,"USP5"
0.000132433060629644,0.528207539383055,0.063,0.14,1,"TIMM29"
0.000132475326305488,0.50467030494256,0.16,0.292,1,"FBXW5"
0.000134379071082277,-0.292774886525649,0.029,0.086,1,"ST7L"
0.00013474398788674,2.2804045681697,0.257,0.218,1,"CUL3"
0.000135631998089065,-0.234265912760944,0.02,0.071,1,"APOLD1"
0.000136359169721349,1.07361522442201,0.174,0.322,1,"GLRX5"
0.00013718461109416,0.942867255138793,0.081,0.168,1,"CPSF2"
0.000137655377800323,0.213202627909471,0.043,0.107,1,"HIST1H4E"
0.000138198664233528,0.844352114880329,0.115,0.222,1,"DNPEP"
0.000138232564863539,2.15285358036385,0.314,0.303,1,"LSM2"
0.000138285908607857,2.89848991646774,0.129,0.077,1,"SCRN1"
0.000138737525051364,1.13130609561175,0.144,0.272,1,"TPRKB"
0.000139036666433982,0.294553045683522,0.02,0.071,1,"ATP23"
0.000139193535853634,-0.867487535265221,0.016,0.063,1,"KLHDC7B"
0.000139786817194824,-0.0296107401798196,0.052,0.121,1,"C3"
0.000139913748122058,0.228187172549392,0.038,0.1,1,"ULK1"
0.000140120169431882,0.61707386213458,0.063,0.139,1,"SCYL2"
0.000141012886388731,0.971606391431579,0.138,0.258,1,"SRPK1"
0.000141249211222334,1.10061276367087,0.153,0.288,1,"MRPS14"
0.000141542132240807,0.458804163720242,0.052,0.122,1,"PPARA"
0.000141546091948481,0.804476313303579,0.016,0.063,1,"NF2"
0.000141784794787958,-0.206949029302827,0.014,0.059,1,"AP5S1"
0.000143223369906566,2.49187760859157,0.203,0.153,1,"GTF2H5"
0.000143863884776959,1.71748685738701,0.309,0.284,1,"CHD4"
0.000144091360136544,-0.0125911528465448,0.018,0.067,1,"HMGN4"
0.000144147468396547,0.926224992835568,0.223,0.411,1,"MPC2"
0.000144620275431508,0.780281501133749,0.014,0.059,1,"DHRS13"
0.000145299749316041,0.777181395159124,0.131,0.245,1,"KIAA2013"
0.000147857504559182,0.86698160985405,0.061,0.136,1,"ASMTL"
0.000148985148396199,1.59113023208676,0.4,0.43,1,"ZNF207"
0.000150008411724764,0.55076623151476,0.273,0.485,1,"CDKN1B"
0.000151167850393735,2.30100211323955,0.201,0.149,1,"MARF1"
0.00015291757160002,-0.323390164366724,0.023,0.074,1,"TBC1D2B"
0.000153056487270574,0.642308038028784,0.079,0.163,1,"APEH"
0.000153177079787459,2.98387613105023,0.129,0.078,1,"TP53"
0.000153534007914852,-0.290438732960683,0.047,0.113,1,"ARHGAP21"
0.000154143532690545,0.832563163179146,0.108,0.21,1,"ARF3"
0.000154294427275609,2.20911546352282,0.133,0.081,1,"PARP8"
0.000154991606761238,0.742817624193254,0.239,0.435,1,"TRADD"
0.000156659154167822,-0.826054499220104,0.009,0.05,1,"SFXN2"
0.00015700869847395,0.966629063181144,0.149,0.276,1,"TUBGCP2"
0.000157109285507992,3.65603521468874,0.059,0.023,1,"GBGT1"
0.000157250735331075,1.67773191380714,0.411,0.477,1,"ATP6V1F"
0.000158053856613916,1.58234625906597,0.454,0.566,1,"CD164"
0.000158263461620964,0.447762075162784,0.041,0.103,1,"SLC30A6"
0.00015911424214224,0.611552619807316,0.12,0.226,1,"GPATCH2"
0.000159171781585053,0.723645938949164,0.063,0.139,1,"PSMD10"
0.000160481019184832,0.393851491756413,0.009,0.05,1,"C2"
0.000161255270221879,0.23047694574617,0.411,0.727,1,"CUTA"
0.000163204441365661,2.9805417296984,0.084,0.041,1,"DIAPH2"
0.00016339610969297,3.14725463364868,0.084,0.041,1,"RNF219"
0.000164139584318546,2.09421340500802,0.192,0.139,1,"OSGEP"
0.000164210646542145,0.588794219841567,0.041,0.103,1,"HIRIP3"
0.000166260082577225,1.92443082276777,0.312,0.291,1,"ARID1A"
0.000168527082958885,0.002383793085313,0.018,0.066,1,"C1QB"
0.000168770083946666,2.26431567961887,0.262,0.225,1,"APPL1"
0.000168876369659857,2.17489282781044,0.124,0.072,1,"CNST"
0.000168952882418946,0.991732028652217,0.061,0.135,1,"RUFY2"
0.000169155082708911,1.08907359162889,0.108,0.211,1,"RNF5"
0.000170338872767911,2.4845271710065,0.059,0.023,1,"CCND1"
0.000170874244267294,0.0146796697527982,0.018,0.066,1,"HHLA3"
0.000170879946722566,0.979226722390764,0.144,0.268,1,"CORO1B"
0.000171001515929656,0.812050088272323,0.047,0.114,1,"CDK16"
0.000172095898387969,2.97707646554685,0.059,0.023,1,"CLIP2"
0.000172168346043293,1.00307783979222,0.084,0.171,1,"CLCN3"
0.00017320555236736,0.374158907834397,0.054,0.124,1,"CEP104"
0.000174379205612835,1.53661418498136,0.409,0.451,1,"CSNK1A1"
0.000176421045772293,0.697501163223044,0.056,0.128,1,"FAIM"
0.000178359636935381,2.16568001450012,0.174,0.12,1,"VHL"
0.000178854631018769,2.11200119077838,0.246,0.203,1,"UGCG"
0.000180682772843023,0.801141624855166,0.571,0.77,1,"ATP5D"
0.000182240040305966,1.00095895808296,0.144,0.267,1,"GLO1"
0.000182419132740238,1.06821437968551,0.061,0.135,1,"CCDC127"
0.000182926878823938,0.299661524922554,0.023,0.073,1,"RETSAT"
0.000183362938611012,1.1674051257435,0.068,0.145,1,"OAT"
0.000183792233364154,1.6330808587488,0.366,0.384,1,"RSL1D1"
0.000184032473857597,0.873663535010827,0.063,0.137,1,"CSPP1"
0.000185154625447701,0.674758311673974,0.054,0.123,1,"C12orf4"
0.000186526549300779,0.747128989732693,0.05,0.117,1,"PHKG2"
0.000187089146587829,1.89112537756862,0.325,0.319,1,"RNASEH2B"
0.000187149248398258,0.0811822321214768,0.023,0.073,1,"BOLA2-SMG1P6"
0.0001890594112316,1.02662827658588,0.059,0.13,1,"MAPK6"
0.000189270225521911,2.15696862670598,0.14,0.087,1,"PVT1"
0.000191412821562967,0.744862979214682,0.12,0.226,1,"LTBP3"
0.00019204420651744,0.800695638502207,0.233,0.416,1,"CD46"
0.000193156182394964,1.14066211861183,0.506,0.671,1,"GTF3A"
0.000193339343873832,0.218697610774391,0.027,0.08,1,"LYZ"
0.000194482409958793,1.07090261142111,0.124,0.233,1,"CXCR3"
0.000196231002910653,0.923829135706763,0.054,0.124,1,"GSKIP"
0.00019708665434788,0.533890867600745,0.081,0.165,1,"NPRL2"
0.000197642920566556,0.819646725957847,0.084,0.168,1,"FAR1"
0.00019787381304801,0.676759416470759,0.273,0.497,1,"MRPL54"
0.000197893450239923,0.71998529817165,0.158,0.285,1,"EIF3B"
0.000197911770349962,0.940723094143661,0.02,0.069,1,"TUT1"
0.000198353981471033,-0.122215506887178,0.038,0.098,1,"CKAP5"
0.000199720680419983,0.928687064494137,0.088,0.176,1,"HARS"
0.000200499473343597,1.33184307404801,0.102,0.198,1,"TCTN3"
0.000200825732614764,0.145238500207915,0.032,0.087,1,"PLXNB2"
0.000202056780712758,1.89145118236067,0.302,0.281,1,"STAG2"
0.000202215242417381,2.06722004425821,0.266,0.234,1,"CCT5"
0.000202227233121898,1.40456147924713,0.359,0.356,1,"FNBP4"
0.000202294456480408,0.304475914772094,0.402,0.719,1,"POLR2L"
0.000202920410105185,0.678582619640959,0.038,0.098,1,"CLASP1"
0.000203007393032863,0.688640198431029,0.084,0.168,1,"SEC16A"
0.000203236825596287,2.62967623191557,0.117,0.068,1,"KDM2B"
0.000203287225659939,0.596749845722212,0.142,0.258,1,"THEMIS2"
0.000203566127734081,-0.0909509514564766,0.052,0.118,1,"NKG7"
0.000203593478122973,0.926498493590179,0.065,0.141,1,"MYCBP"
0.000203707253319949,0.34416117294458,0.018,0.065,1,"APOO"
0.000203746746450393,0.320071167067472,0.016,0.061,1,"CTSL"
0.000203988140009737,0.353348243124267,0.016,0.061,1,"DNAL1"
0.000205044903953709,0.53229480088761,0.027,0.08,1,"LRRC8C"
0.000205779214676506,-0.0352706382970434,0.025,0.076,1,"ZNF598"
0.000207210393922533,0.551371648815614,0.014,0.057,1,"CCRL2"
0.000207257345891516,1.0770251284579,0.131,0.246,1,"TIMMDC1"
0.000207492177961603,2.40945919226247,0.178,0.128,1,"SNRNP40"
0.000207578140106702,0.351667937664687,0.192,0.326,1,"SOCS3"
0.000211601556514414,1.14574345167711,0.129,0.242,1,"HDDC2"
0.000211964813843366,3.21929378303517,0.108,0.061,1,"OGG1"
0.00021492802738421,0.100125201594738,0.023,0.072,1,"CFB"
0.000216164926538767,2.36485301924668,0.156,0.104,1,"GNA13"
0.000216961548544255,0.674172482122476,0.086,0.172,1,"NOLC1"
0.000217778846791458,0.885140390508759,0.045,0.109,1,"APOBEC3F"
0.000218345205989796,0.480652427016406,0.129,0.237,1,"YWHAG"
0.000218534936906593,1.02131922159482,0.176,0.318,1,"EMC10"
0.00022196924248336,0.64737916854797,0.113,0.214,1,"PTGES2"
0.000223157542796167,1.71872416620033,0.348,0.357,1,"YWHAQ"
0.000224271535663958,1.69235563576095,0.314,0.291,1,"BDP1"
0.000224595621100383,0.66828751835039,0.117,0.221,1,"TMEM140"
0.000224814035122702,1.60397234474892,0.415,0.483,1,"CASP4"
0.000224936882609096,0.996858152150048,0.113,0.215,1,"MRPL35"
0.000225147791671262,0.30979905791265,0.023,0.072,1,"CBY1"
0.000225599263940802,2.39348345366806,0.131,0.08,1,"DIP2B"
0.000228524142741997,0.400551300257869,0.264,0.462,1,"DUSP22"
0.000230800326788787,0.738536510925644,0.043,0.105,1,"RMDN3"
0.000231985743729303,2.59975864023811,0.201,0.153,1,"CASP1"
0.000232443845958624,2.79669300197709,0.12,0.071,1,"NBPF14"
0.000232566315678003,0.952970459523951,0.032,0.087,1,"DXO"
0.000234539313132858,0.16869985640278,0.027,0.079,1,"APPL2"
0.000235333868405975,-0.295402835736552,0.025,0.075,1,"PIGM"
0.000235626791887555,0.382966104407349,0.059,0.129,1,"TSC2"
0.000236074648472286,0.962618998355152,0.111,0.211,1,"ATG5"
0.00023852699130015,2.87697842542679,0.131,0.081,1,"PHTF2"
0.000239424468514667,2.82430888336402,0.113,0.065,1,"TIAM2"
0.000239965940533964,2.49516533497629,0.181,0.13,1,"C12orf75"
0.000240121727239505,0.270374956864166,0.016,0.06,1,"MTRNR2L8"
0.000240724818840359,0.95025816653614,0.126,0.237,1,"UBE2J2"
0.000241508842259033,2.69825836627123,0.086,0.043,1,"PARP11"
0.000242879896748093,0.94438632344979,0.07,0.147,1,"COASY"
0.000242961384240493,1.33484084269739,0.056,0.126,1,"JMJD8"
0.000244148025645218,0.151288771991933,0.025,0.075,1,"SLC25A22"
0.000244569908532026,0.1788553042017,0.014,0.056,1,"C7orf31"
0.000245268442934442,0.0119412909428966,0.016,0.06,1,"TNFAIP1"
0.000246426124670246,0.0996621025064437,0.016,0.06,1,"ARMCX5"
0.000247770750733036,0.589601565324796,0.077,0.156,1,"METTL2B"
0.0002478899611568,-0.225467574348966,0.036,0.091,1,"HSPA6"
0.000249697693280286,-0.506555717709109,0.029,0.083,1,"FARSB"
0.000250359377697589,0.397247920924613,0.381,0.697,1,"AURKAIP1"
0.000251679221019915,0.203887314437692,0.086,0.17,1,"ESRRA"
0.000253916292442454,0.582013927287394,0.248,0.442,1,"PA2G4"
0.000254480453124554,0.67314637063283,0.052,0.118,1,"PPP5C"
0.000256315533972287,0.736061718478049,0.23,0.411,1,"COPB1"
0.000256400978317286,0.634884160926311,0.111,0.209,1,"HIBCH"
0.000256776742269201,2.70320248853288,0.079,0.038,1,"SLC25A24"
0.000257640714327973,3.47210951833148,0.077,0.037,1,"MEMO1"
0.000258201942073133,-1.89552142947787,0.011,0.052,1,"PPM1N"
0.000258282945993436,0.581716518158021,0.063,0.136,1,"ANAPC7"
0.000258404951626605,1.45888178860253,0.427,0.487,1,"BCLAF1"
0.000258609407740054,0.55654063911923,0.043,0.104,1,"RAB34"
0.000259004357455467,0.0938552823656362,0.023,0.071,1,"AP4B1"
0.000260696583909734,0.952042824309594,0.205,0.367,1,"MAPK1IP1L"
0.000260848202207009,2.6472305339775,0.187,0.137,1,"METTL8"
0.000261505851677563,2.26754469081641,0.185,0.135,1,"DR1"
0.000261608468542583,0.0496342147090187,0.02,0.068,1,"VWA8"
0.000262187524939578,-0.178612188005808,0.02,0.068,1,"HIP1"
0.000263142562009043,2.54404086759235,0.149,0.098,1,"MTMR9"
0.000264405067262864,1.73516610317419,0.334,0.312,1,"OTUD1"
0.000264534671879696,2.83393814071399,0.115,0.068,1,"BATF"
0.000265111950630301,0.578036603500514,0.072,0.149,1,"HMGXB3"
0.000266513185991179,0.725581194580379,0.063,0.136,1,"NDUFAF1"
0.000266571832664677,3.29460425678233,0.07,0.032,1,"ZNF736"
0.000266649110373696,-0.586140121341334,0.018,0.064,1,"F11R"
0.000267307299644384,1.02953423998776,0.205,0.368,1,"FKBP3"
0.000267599547173829,2.30238035459299,0.149,0.098,1,"TMEM60"
0.000268044553637163,-0.145157587494124,0.02,0.068,1,"MGST2"
0.000268500391577543,0.605417099235226,0.054,0.122,1,"SGTA"
0.000268858381219844,2.99555663018957,0.061,0.025,1,"ZNF738"
0.000268933614343487,0.412936596899356,0.02,0.068,1,"ZNF841"
0.000269237043916399,3.43946056089689,0.095,0.051,1,"DOK1"
0.000270350774597701,0.0180763177541943,0.041,0.1,1,"PCED1A"
0.000270720034493727,0.12398873320672,0.02,0.068,1,"ALDH6A1"
0.000271253913905108,0.720786907127435,0.253,0.454,1,"TMEM219"
0.000271603929456429,1.54170185080656,0.436,0.531,1,"PLP2"
0.000271822806120149,1.13246628047619,0.167,0.304,1,"TMEM248"
0.000271945113134028,0.814093701166836,0.115,0.216,1,"RAB5A"
0.000272968686915439,0.123635102943926,0.02,0.068,1,"ECE2"
0.000273119233782306,0.424343689541988,0.02,0.068,1,"KBTBD7"
0.000274760394715087,0.367491167496915,0.05,0.114,1,"TYROBP"
0.000275372371613181,2.11693444880367,0.194,0.146,1,"ARF5"
0.000276835562504547,0.738844472566552,0.038,0.097,1,"TRIM24"
0.000278640685893961,0.877067840528149,0.106,0.203,1,"SMIM27"
0.000279707502339138,0.959639120230689,0.244,0.446,1,"DCTN3"
0.000281255856520055,0.731280386433744,0.183,0.325,1,"NDUFS2"
0.000281820178194925,0.318308127308092,0.032,0.086,1,"OXSM"
0.000281820178194925,0.249764819669413,0.032,0.086,1,"GNPNAT1"
0.000283196431682828,1.86858935260272,0.282,0.254,1,"NFKB2"
0.000287116673493109,0.918059019739459,0.108,0.204,1,"NCOA2"
0.000289222295619833,0.353100402703198,0.047,0.11,1,"SLC11A2"
0.000290768890740504,0.84336745451679,0.183,0.329,1,"MMADHC"
0.000291111520855174,1.25679460574965,0.063,0.136,1,"ANAPC10"
0.000291701106757251,1.07332541830441,0.05,0.114,1,"TPRG1L"
0.000296083017969436,0.783243452661824,0.077,0.156,1,"SIRT2"
0.000296589225666347,-0.191676790646126,0.023,0.071,1,"PEX14"
0.000298822385328478,0.599810883262173,0.041,0.1,1,"GPR89B"
0.000300824155949298,-0.518782696875661,0.02,0.067,1,"NUP35"
0.000308191205876698,0.127012860689875,0.056,0.123,1,"LONP1"
0.000308862696521336,0.672438346222621,0.054,0.121,1,"KMT5A"
0.000308874795833431,1.81181224241238,0.341,0.346,1,"TKT"
0.000308928579469789,0.700862971742068,0.257,0.46,1,"NME3"
0.000309674935533711,2.08351801136594,0.296,0.275,1,"SEPT1"
0.000310883948802438,2.43146156145885,0.172,0.122,1,"HDAC9"
0.000311920131866125,2.87817500671447,0.192,0.145,1,"GCA"
0.000312865799807161,0.152894465950522,0.027,0.078,1,"UPP1"
0.000313422335455727,2.69547416232208,0.113,0.066,1,"SIDT2"
0.000314620092458622,2.13846079620061,0.334,0.344,1,"SMARCB1"
0.000314906014677489,0.896878843979481,0.163,0.294,1,"MRPL27"
0.000315776277427825,2.40787326917958,0.169,0.119,1,"UTP3"
0.000317123719232837,0.812006745008401,0.059,0.128,1,"ZFPM1"
0.000317758310544927,1.20285841981565,0.061,0.132,1,"BCL2L12"
0.000317838066239798,1.20740937706697,0.135,0.251,1,"TAF12"
0.000318037980112541,0.76226286553157,0.314,0.568,1,"GRN"
0.000321719994729732,1.01049783884351,0.102,0.194,1,"MKLN1"
0.000324057672397283,-0.262056340790882,0.018,0.063,1,"KPTN"
0.000324171023239816,0.3720689787861,0.068,0.141,1,"MRS2"
0.000326172475631988,1.01839420787975,0.199,0.357,1,"PNOC"
0.000327175578431845,1.81992710505935,0.192,0.141,1,"DGKD"
0.000327416834917261,2.26737430301929,0.185,0.136,1,"CHMP1B"
0.000332128351230901,2.13350207464786,0.185,0.136,1,"YDJC"
0.000332152174389932,2.08670886113678,0.253,0.219,1,"CAMLG"
0.000332154228662923,0.599878774909192,0.045,0.106,1,"NAA35"
0.000332496364550982,0.550920902182822,0.084,0.165,1,"CYTH2"
0.000334157092413025,1.06459470694735,0.165,0.299,1,"MRPL21"
0.000334224184220119,0.38719944194195,0.025,0.074,1,"DAG1"
0.000335812596291232,1.70162713549542,0.393,0.447,1,"BLOC1S1"
0.000336782725710388,2.21677437910707,0.144,0.095,1,"ATP6V1H"
0.000338531585570622,-0.33518088586642,0.011,0.051,1,"EARS2"
0.000339127661476366,0.931314624443107,0.045,0.106,1,"MPND"
0.000341113710183844,4.02041366227447,0.056,0.023,1,"ZNF85"
0.000341958089727538,1.99311692301868,0.278,0.25,1,"DNAJB14"
0.000345465137992051,0.84812486693099,0.068,0.141,1,"DDX49"
0.000347274513030296,2.46766560055703,0.194,0.147,1,"GLOD4"
0.000347473950238488,1.84444059123551,0.242,0.199,1,"CSNK1G3"
0.000347764443128314,0.32091281296707,0.029,0.081,1,"SAC3D1"
0.000349621301478783,0.482897371065015,0.043,0.102,1,"TAF6"
0.000350127563077086,1.01087861907361,0.129,0.237,1,"TSSC4"
0.00035119483208931,2.12927787756925,0.278,0.252,1,"MEAF6"
0.000351234710692274,1.11587061363052,0.07,0.145,1,"AIFM1"
0.000351625017316682,0.833088420876699,0.065,0.137,1,"RFNG"
0.000352362256609356,0.951972212899628,0.025,0.074,1,"CDC42BPB"
0.000353242191253303,2.28158343950026,0.102,0.056,1,"ZNFX1"
0.00035426204627603,1.03783534685901,0.059,0.127,1,"PSMA6"
0.000354584461291651,0.137285460173723,0.052,0.116,1,"ZBTB40"
0.000355895364507114,2.54770256725935,0.169,0.121,1,"MAP2K3"
0.00035663359721411,1.91979079419609,0.3,0.285,1,"LARP7"
0.000356887885038986,2.08195025523566,0.115,0.068,1,"RIPOR1"
0.000357456057831825,0.906804057290797,0.185,0.33,1,"PFDN6"
0.000358119955309185,0.43059347945482,0.19,0.326,1,"EHMT1"
0.000359518676395085,0.845102617830866,0.126,0.233,1,"NSMCE4A"
0.000359636785358973,0.970984713033682,0.045,0.106,1,"ING2"
0.000361632875896195,0.110916632636114,0.041,0.098,1,"TSC1"
0.000361854572094455,-0.276765406854826,0.027,0.077,1,"THOP1"
0.000363310342712941,1.02711178686199,0.187,0.336,1,"AP3S1"
0.000367294649288721,0.88604912311627,0.084,0.164,1,"UBAP2"
0.000367601307006523,3.483187840866,0.059,0.025,1,"ZNF441"
0.000368213715828292,1.10575972279616,0.131,0.241,1,"BABAM1"
0.000371931440343597,1.94448878374368,0.255,0.218,1,"CHD7"
0.000373635607103053,0.550096053606149,0.063,0.133,1,"TRUB2"
0.000373812930407922,3.02845794085712,0.086,0.044,1,"RASA3"
0.000375697707937619,1.53661991165734,0.072,0.149,1,"MAPK9"
0.000378287290853566,0.572587384536472,0.084,0.164,1,"SLC2A11"
0.000379804752458027,0.184548290898361,0.027,0.077,1,"SLC34A2"
0.000381537622050824,0.308029921773129,0.657,0.736,1,"FOSB"
0.000382850161494202,0.347058642159051,0.02,0.066,1,"TFE3"
0.000383246314424672,0.576066616375844,0.061,0.129,1,"GPSM2"
0.000383774506878559,0.418866924502233,0.032,0.084,1,"PTPRE"
0.000384153366536808,0.778621012025487,0.081,0.16,1,"UNKL"
0.000385108489725858,1.05504977933801,0.079,0.158,1,"IGSF8"
0.00038587033663,0.703580098740419,0.056,0.123,1,"HDHD3"
0.000386974555376406,1.12446017812805,0.034,0.088,1,"RIDA"
0.000387286018089949,1.00114484068637,0.045,0.106,1,"DHRS4"
0.000387888651042599,0.0490744503529985,0.02,0.066,1,"NPM3"
0.000387908686908547,0.696125179709511,0.036,0.091,1,"ALG12"
0.000388057101172663,2.25129504285006,0.185,0.137,1,"NFKB1"
0.000390502049184929,0.572580533215813,0.264,0.465,1,"ACBD3"
0.000392546519768332,0.617331549869771,0.041,0.098,1,"ALKBH3"
0.000392637491007402,0.497167868639762,0.043,0.102,1,"MTMR3"
0.000392859746303027,0.874457592272307,0.158,0.281,1,"CTSB"
0.000394625290036759,0.496990356858863,0.032,0.084,1,"TESK2"
0.000396709840534273,2.32226024921371,0.158,0.109,1,"PAN3"
0.000397249528595258,-0.452744636904371,0.016,0.058,1,"SLC31A2"
0.000403218287380705,0.716986140747383,0.081,0.16,1,"GFM1"
0.00040374743620308,1.26413982176023,0.081,0.162,1,"ISCA1"
0.000403928387157019,0.635389238960523,0.321,0.587,1,"NDUFAB1"
0.000406819514429621,1.76648103210499,0.056,0.023,1,"CALD1"
0.000409896239602047,-0.225306308271482,0.016,0.058,1,"ERCC2"
0.000410724165225118,0.584729968853581,0.095,0.182,1,"SURF6"
0.000410773243839685,1.02569822326104,0.117,0.218,1,"CERS2"
0.000411076376960672,-0.427826987910908,0.011,0.05,1,"DGCR6"
0.000411257994764047,1.18834718342549,0.077,0.153,1,"TOPORS"
0.000411600127625555,1.07586556789337,0.108,0.205,1,"CDK4"
0.000412887644386357,0.489753416481343,0.025,0.073,1,"PIK3CB"
0.000413203930820116,2.61612732924701,0.113,0.067,1,"ANTXR2"
0.000413669200959294,0.3306908740262,0.023,0.069,1,"BCR"
0.000413858168405263,-0.207513388112653,0.041,0.097,1,"ELF3"
0.000413882870737516,0.00400732634797185,0.036,0.091,1,"MTFR1L"
0.000415870651095172,1.02931324356678,0.054,0.119,1,"STARD4"
0.000416090626212621,0.853617034046739,0.047,0.109,1,"ARV1"
0.000416472512158522,0.830317958069701,0.102,0.191,1,"SLC35E1"
0.000416681773557094,0.743770410800092,0.262,0.461,1,"VPS36"
0.00042068096412566,0.714665792102154,0.043,0.102,1,"APOOL"
0.000421069792331891,0.912761459104229,0.169,0.303,1,"IMP4"
0.000423440794736061,3.14874092201659,0.081,0.041,1,"RFX7"
0.000427847012754325,0.743515881684448,0.036,0.091,1,"TBCD"
0.00042882466067066,0.656226971711661,0.054,0.119,1,"SETD3"
0.000428900099302182,1.18689565396506,0.153,0.277,1,"PDHB"
0.000430032120487122,1.29702624252386,0.135,0.249,1,"TMEM141"
0.00043074736645531,0.620462521476147,0.248,0.434,1,"NOP58"
0.000431235924228818,1.94590952235342,0.321,0.322,1,"JPT1"
0.000431921584839196,2.16174733325945,0.167,0.119,1,"ILK"
0.000432018778186535,2.22306275214009,0.113,0.067,1,"WASHC2C"
0.00043350524727503,2.99534001721209,0.09,0.048,1,"NAGPA"
0.000436336569981932,-0.0127960001488145,0.027,0.076,1,"BCAS3"
0.000436497065242975,0.0191165856061759,0.02,0.065,1,"SS18L1"
0.000439120367566203,0.848524396642863,0.126,0.23,1,"DPM1"
0.000442578423483813,0.407422870676057,0.065,0.135,1,"AC096733.2"
0.000444469462239725,1.03349758777528,0.068,0.14,1,"NMRAL1"
0.000447488402934467,-0.644171857595737,0.045,0.103,1,"FAM160B1"
0.000451085387655758,0.760370983527797,0.063,0.133,1,"TOR2A"
0.000452202636487634,0.968585799477306,0.151,0.272,1,"C21orf59"
0.000453881055778557,0.686053216580708,0.02,0.065,1,"NUSAP1"
0.00045592270803428,2.65506223007525,0.115,0.069,1,"SEMA4B"
0.000456057924314257,2.00538838564895,0.223,0.18,1,"LBR"
0.000457609280746815,-0.188675538203348,0.018,0.061,1,"BMF"
0.00045770985036921,0.866057274952899,0.163,0.288,1,"SERINC3"
0.000460303319448595,0.672569404371792,0.063,0.132,1,"SLC4A1AP"
0.000460315837415211,0.663461506664953,0.02,0.065,1,"SPATA33"
0.000466331093313104,2.71821363460968,0.084,0.043,1,"FAM53B"
0.00046823253895448,0.201533704093822,0.045,0.104,1,"LTBP4"
0.000468403505704975,0.356907006898317,0.201,0.343,1,"STAT2"
0.000468617469651134,0.754957382753975,0.054,0.118,1,"TRMT2A"
0.000469529421797558,0.791293489447954,0.032,0.083,1,"AL354707.1"
0.000471543479045096,0.977165030562043,0.093,0.178,1,"FBXO6"
0.00047215032866667,0.125227249088893,0.018,0.061,1,"MOSPD3"
0.000472832415387948,2.54801626232158,0.142,0.095,1,"PIGC"
0.000476283589700708,0.650918457889974,0.074,0.149,1,"TWF1"
0.000477875907784651,1.97240007425374,0.318,0.315,1,"SCPEP1"
0.000481562874177225,0.644806468278727,0.025,0.072,1,"SEC22A"
0.000482585174800309,2.03881117632095,0.275,0.252,1,"DENR"
0.000482747620798083,0.975174825926955,0.054,0.118,1,"COG6"
0.000484650764609346,-0.0527664861932013,0.014,0.053,1,"IQCE"
0.000484668501230846,0.865758021273693,0.036,0.091,1,"SPIN2B"
0.000485813121890562,-0.135765374230047,0.014,0.053,1,"SLC45A4"
0.00048650970250685,3.12583691829503,0.095,0.052,1,"ZNF675"
0.000486695532905106,0.775109730435678,0.14,0.251,1,"PRKCD"
0.000487153884657579,0.236563767650037,0.054,0.118,1,"CUL4B"
0.000498918347636692,0.539351860044759,0.059,0.125,1,"TIMM50"
0.000501647475259633,0.618665133840988,0.056,0.122,1,"DNAAF2"
0.000502935426034344,0.372703196175393,0.023,0.068,1,"GBE1"
0.000502962631055312,0.416104250448996,0.014,0.053,1,"WDR25"
0.000507349452470233,0.77441374491089,0.19,0.334,1,"CALCOCO2"
0.000508989404971348,1.0609060714919,0.223,0.4,1,"MGMT"
0.000509550591201349,0.71124399231278,0.038,0.094,1,"TSTD2"
0.00051204924110252,0.824246334792205,0.056,0.122,1,"COPS7B"
0.000514274569103283,0.843718009221152,0.104,0.195,1,"DDA1"
0.00051447080462839,0.00495248417267069,0.045,0.103,1,"S100A1"
0.000514747038625423,0.345375130822392,0.027,0.075,1,"TBC1D25"
0.000515663366839365,0.849157539156531,0.043,0.101,1,"RNF121"
0.000515764597691503,0.732964412561757,0.115,0.211,1,"RTCA"
0.000516178198868708,-0.261717539807712,0.02,0.064,1,"LRRC8B"
0.000516914009245781,2.15905532124402,0.178,0.129,1,"TBC1D5"
0.000525581901825187,0.443069415333753,0.043,0.1,1,"SLC7A1"
0.000526435241484877,0.732670357926362,0.081,0.159,1,"DBF4"
0.000528469619350465,0.744607047045135,0.237,0.415,1,"ITGB7"
0.000530979231752331,2.80297618949833,0.086,0.045,1,"VCL"
0.000531010467838664,1.57191330351341,0.391,0.448,1,"TALDO1"
0.00053178291653618,2.86676054421346,0.099,0.056,1,"ZNF626"
0.00053309669842343,0.821520113454259,0.086,0.166,1,"CETN3"
0.000534059017494235,2.88097059871584,0.131,0.085,1,"NIP7"
0.00054092626875518,-0.0663148582183233,0.018,0.06,1,"SORBS2"
0.000542052754042268,0.569870673629497,0.093,0.175,1,"MYO1C"
0.000542618323132754,0.652112543999071,0.077,0.152,1,"PPM1A"
0.000544891544777558,0.456714864088017,0.084,0.161,1,"ZFYVE16"
0.000547693242854866,1.12539367709601,0.02,0.064,1,"TCEANC"
0.000548799003312856,0.143555698959397,0.018,0.06,1,"PCBP4"
0.00054946276645723,0.854691688156495,0.02,0.064,1,"C5orf22"
0.000552238971832119,0.918767485902941,0.056,0.121,1,"ARID3B"
0.000556099559327811,3.34972171164687,0.061,0.027,1,"RAB11FIP4"
0.00055671062898137,1.67880674388188,0.391,0.433,1,"KPNB1"
0.000557723886742903,2.45357671808148,0.196,0.154,1,"FDFT1"
0.000558270324812879,0.697543429611672,0.043,0.1,1,"SAP30L"
0.000560027031305684,0.860492745180789,0.194,0.344,1,"PPCS"
0.000565373913954166,0.0784775552613644,0.025,0.071,1,"ZNF561"
0.000568302185560316,1.19661947665185,0.14,0.253,1,"SKA2"
0.000569796682171295,0.00665414139350595,0.016,0.056,1,"C2CD2"
0.000570451071106303,0.122156806928696,0.016,0.056,1,"CXCL16"
0.000572694849217582,0.937021954522973,0.07,0.141,1,"ATG4C"
0.000579062461560646,0.802981884441538,0.029,0.079,1,"ZMAT5"
0.000584313183726844,1.05732288637353,0.167,0.296,1,"UBE2S"
0.000586232063559088,1.14444904780853,0.153,0.275,1,"LEPROTL1"
0.000586256197172681,0.662032460266737,0.298,0.523,1,"IRF3"
0.000589884606149047,2.46411143117023,0.194,0.15,1,"MARCH9"
0.000592067736155162,2.01171496801965,0.187,0.141,1,"DMXL1"
0.0005933431083333,0.60740084819441,0.061,0.127,1,"VAMP1"
0.000594988610497597,2.76731055925452,0.158,0.112,1,"TMEM203"
0.000598778157912529,1.43982949110173,0.436,0.531,1,"HNRNPM"
0.000599626828650897,0.384557054874463,0.014,0.052,1,"FAM227B"
0.000601428021130767,1.87309156237772,0.235,0.192,1,"ADAM19"
0.000601650286272698,0.496748216585598,0.296,0.507,1,"RBBP4"
0.000606705155701477,0.574703105719808,0.325,0.573,1,"PCMTD1"
0.000607550252706596,0.800963395454434,0.219,0.383,1,"TMF1"
0.000609104805942617,1.22771829840073,0.056,0.121,1,"RTP4"
0.000609393785183927,0.282457191826135,0.02,0.064,1,"MOB3C"
0.000610202098816621,-0.310847755317729,0.029,0.078,1,"RUNX2"
0.000615966039206555,3.00484504940486,0.081,0.042,1,"PDE4D"
0.00061612077483861,1.00202052720824,0.045,0.103,1,"CTNNBIP1"
0.000623549167521892,0.595787157154164,0.072,0.145,1,"VAMP4"
0.000628025643567939,1.00683956299843,0.174,0.309,1,"NDUFS4"
0.00063133195009028,2.43044065257714,0.163,0.116,1,"EED"
0.000633007297116825,0.326356436608453,0.156,0.268,1,"AHSA2"
0.000639684985601641,1.53415112147699,0.228,0.185,1,"PAG1"
0.000642205215473286,0.77641526436814,0.079,0.154,1,"MEX3C"
0.00064245523567439,2.81720123733135,0.117,0.072,1,"SPTLC2"
0.000644040585084868,0.704328071456823,0.036,0.089,1,"PCBD2"
0.000645835110786343,-0.232303359693595,0.027,0.074,1,"KRT7"
0.000646430218707419,0.62874855448184,0.339,0.6,1,"MBD2"
0.000653776216416295,1.13102429058012,0.079,0.155,1,"PAK1IP1"
0.000654772108386734,1.55630980807514,0.309,0.292,1,"TMC6"
0.000656028112049522,0.170407152430945,0.025,0.071,1,"MECR"
0.000660621874814647,0.987951427891165,0.106,0.196,1,"MED29"
0.000661787641855686,0.934436730466268,0.056,0.12,1,"NIF3L1"
0.000665276867694445,-0.525678595564803,0.016,0.056,1,"GORASP1"
0.000669705100545534,0.971897490694047,0.068,0.137,1,"NSMCE2"
0.000675276748472531,0.705277893706217,0.045,0.102,1,"BRCC3"
0.000677782149620763,0.735170552053042,0.029,0.078,1,"FXR2"
0.000678166233071162,0.775798827958127,0.052,0.113,1,"CHKB"
0.000679090638428722,0.615668163999974,0.016,0.056,1,"CHI3L1"
0.000691064459173036,0.950207338059557,0.038,0.092,1,"GMNN"
0.000693554758294181,0.611551581653481,0.122,0.218,1,"ZNF580"
0.000693714923891892,-0.182577742723956,0.014,0.052,1,"SCRN3"
0.000694202600090891,1.08134386023728,0.045,0.102,1,"TAF13"
0.000694326126082387,0.887355613272254,0.174,0.3,1,"SLC25A45"
0.000698280036589857,0.897726124770506,0.045,0.102,1,"COQ10A"
0.000700316189665388,-0.421324360255871,0.014,0.052,1,"LRRC45"
0.000705305363603014,-0.046733032275224,0.014,0.052,1,"ZNF546"
0.000709843701345491,1.02492854474985,0.079,0.154,1,"PPP2R2D"
0.000711999062137274,0.732005233017037,0.093,0.174,1,"TRAPPC6B"
0.000713608090686233,0.673327035388731,0.052,0.112,1,"SEPT11"
0.000715634684973293,2.87714837027935,0.104,0.061,1,"SIDT1"
0.000716262681703874,0.716116769969679,0.327,0.597,1,"DNAJC15"
0.000718106231054846,0.0900828746470146,0.034,0.084,1,"TM4SF1"
0.000719990228300793,0.927602192014876,0.212,0.373,1,"TAF9"
0.000720183117691127,3.52300139435027,0.052,0.021,1,"C9orf40"
0.000723911727720552,2.45141018212885,0.201,0.158,1,"RAB3GAP2"
0.000727970759666323,2.0049886873975,0.291,0.28,1,"SNX17"
0.000728893698291575,0.750974405364933,0.036,0.088,1,"VAC14"
0.000730443611467808,0.992897841549191,0.122,0.221,1,"FAM207A"
0.000732691035364889,1.36212763327815,0.084,0.161,1,"NIPSNAP2"
0.000733777686246692,2.18845675642645,0.088,0.048,1,"KBTBD8"
0.000737182674318729,0.797163148127011,0.133,0.237,1,"CIAO1"
0.000738499073128105,0.509876367418368,0.077,0.149,1,"UNK"
0.000740762021119918,-0.0307205570631677,0.029,0.077,1,"SYTL3"
0.000742858804983368,2.38489025465889,0.104,0.061,1,"DENND1C"
0.000743054094603868,0.465044283700596,0.07,0.139,1,"NDRG1"
0.000743900127555304,-0.00250303384551476,0.499,0.824,1,"COPE"
0.000755361222190662,1.04839665544442,0.054,0.116,1,"THG1L"
0.000758611817347802,0.883992512099871,0.043,0.098,1,"MTA3"
0.000758926796370969,0.968252994054582,0.074,0.147,1,"WDR54"
0.000759420507333323,3.23288284002719,0.052,0.021,1,"CPPED1"
0.000760426540462137,1.09287849408207,0.158,0.28,1,"NUDT5"
0.000762147918381432,-0.242259044305522,0.018,0.059,1,"RXRA"
0.000762603232921396,1.21116048338568,0.032,0.081,1,"PELO"
0.000762969563389039,1.37137180106995,0.108,0.2,1,"PIGF"
0.000763294507261234,1.02523047181083,0.163,0.284,1,"SUMF2"
0.000765080153558252,0.419759304314159,0.4,0.691,1,"EAF2"
0.000765909300474757,3.86326274349017,0.063,0.029,1,"VNN2"
0.000771120977846343,0.361476226539475,0.041,0.095,1,"CIC"
0.000771489627170106,0.888947892870135,0.045,0.102,1,"ITPR3"
0.000773790863141944,0.58426863900558,0.086,0.163,1,"SLC35A3"
0.000774633667177281,2.77798542659986,0.169,0.125,1,"CHMP7"
0.000776462182345171,0.390763468273662,0.041,0.095,1,"DIS3L"
0.000777378213925127,-0.0968923867585447,0.016,0.055,1,"KMT5C"
0.000778384262902052,0.677015807585559,0.034,0.084,1,"MAP2K6"
0.00078253502963327,1.61180460162272,0.314,0.302,1,"KDM5A"
0.000784837308805808,2.36587700203811,0.149,0.103,1,"CEP170"
0.000785750400925275,0.644030309138763,0.045,0.102,1,"PRR14"
0.0007866229755688,0.851271378682088,0.122,0.218,1,"SUPT20H"
0.000788075964898223,0.842962794430967,0.09,0.17,1,"NFKBIB"
0.000791477906371491,2.18677084937114,0.21,0.17,1,"DNTTIP2"
0.000797486295523807,1.6149288299456,0.339,0.344,1,"THOC2"
0.000798491051960179,0.37748131312297,0.056,0.118,1,"TSIX"
0.000800446034480695,1.10002098575559,0.099,0.185,1,"RAB27A"
0.00080197363823754,1.07753576665583,0.115,0.208,1,"PRKRIP1"
0.000804796979770559,1.15163219855214,0.135,0.242,1,"VMA21"
0.000809656040834426,2.71258091334758,0.081,0.043,1,"C9orf72"
0.000812605160746523,0.750053354433395,0.097,0.179,1,"ARID2"
0.000813970549035783,2.78176929516211,0.102,0.06,1,"KLF7"
0.000816351210411518,0.367754522684774,0.032,0.08,1,"AC110769.2"
0.000817029610492279,0.429046242601904,0.07,0.138,1,"NNT"
0.000817571313815919,1.96715409027412,0.212,0.172,1,"EFCAB14"
0.000818997497043345,1.08520332331733,0.097,0.181,1,"NSMCE1"
0.000819969757125172,0.00806519841144748,0.016,0.055,1,"ARHGEF19"
0.000825440329697848,0.877138005258284,0.052,0.112,1,"PGD"
0.000829329072943772,-0.200691765771341,0.014,0.051,1,"ROGDI"
0.000831838085834843,1.54988467263694,0.397,0.46,1,"ARPC5L"
0.000833608044093442,0.0988891658031665,0.02,0.062,1,"KIFC2"
0.000835593037943,0.885545777284932,0.153,0.269,1,"CCDC57"
0.000836708125017573,1.00093717760378,0.131,0.234,1,"PIGBOS1"
0.000837354202424473,2.07189086016109,0.321,0.326,1,"MEF2A"
0.000837712782712341,0.988694893803831,0.181,0.315,1,"PSMD2"
0.000839337266798597,0.577197741813648,0.023,0.066,1,"BDH2"
0.000840047671592977,2.30902766379213,0.151,0.106,1,"LRCH3"
0.000844306843024162,1.07642332557198,0.084,0.16,1,"TOR1A"
0.000846339361990542,0.505309245896546,0.027,0.073,1,"EMC1"
0.000846856975887964,2.64568743144627,0.183,0.141,1,"ZNF581"
0.000849356696001198,0.865972936765746,0.138,0.241,1,"NFX1"
0.000849506384226256,0.323926830642449,0.391,0.696,1,"NDUFC2"
0.000853664235620718,0.938191564776446,0.156,0.272,1,"AP3B1"
0.0008568985415879,-0.0976167471272715,0.02,0.062,1,"PLA2G15"
0.000861970440421209,0.739685316530024,0.041,0.094,1,"SH2B1"
0.000862356106062656,0.490663330018086,0.038,0.091,1,"FBXL6"
0.000864476943176363,0.490826312865051,0.111,0.199,1,"AC087239.1"
0.000868448459007463,1.97046430804499,0.287,0.274,1,"PPP4C"
0.000868658434401411,0.416934193888566,0.041,0.094,1,"SETD4"
0.000869575012215644,0.183385396267308,0.065,0.13,1,"SZT2"
0.000869688126560841,0.122970586520134,0.02,0.062,1,"CLMN"
0.000871755840804987,0.644250872358413,0.086,0.162,1,"RAB5B"
0.000872451678739953,0.404385244095351,0.02,0.062,1,"GPR107"
0.000874812185239717,0.920620281525198,0.104,0.19,1,"TBC1D20"
0.000875000476105297,1.11878355987118,0.095,0.176,1,"TMX3"
0.000879936594559207,1.83678671546987,0.3,0.286,1,"IRF9"
0.000880872675293483,0.964518314790284,0.045,0.101,1,"LNPK"
0.000882435883112818,0.759808697989649,0.043,0.098,1,"MSRB1"
0.00088273188957505,0.303192074585808,0.034,0.083,1,"PPME1"
0.000889204698136556,0.33818543703602,0.02,0.062,1,"SCFD2"
0.000889370351650214,1.2136870103044,0.183,0.32,1,"SNRNP27"
0.000889598896563423,0.465029043836542,0.029,0.076,1,"CAMKMT"
0.000890161271692632,0.497811359120694,0.077,0.148,1,"LINC00513"
0.000892483794808168,2.1955097489283,0.257,0.233,1,"IAH1"
0.000894492348568488,0.198518840551922,0.077,0.146,1,"MYO5A"
0.000895496103562748,0.888531022114764,0.065,0.132,1,"ENOPH1"
0.000896488726567367,-0.409059765283332,0.018,0.058,1,"GYS1"
0.000898250720535713,1.04504479400643,0.072,0.142,1,"AC073111.5"
0.00090286883201353,1.0631236449667,0.12,0.215,1,"ZNF622"
0.00091074674854629,0.57796849534996,0.318,0.554,1,"MIF"
0.000912054661348102,1.19087685259459,0.481,0.612,1,"GPX1"
0.00091244705664383,1.0003435433186,0.14,0.247,1,"QKI"
0.000915264549802328,0.002911495630328,0.018,0.058,1,"NOL6"
0.000916263714277282,0.875703639140724,0.16,0.278,1,"N4BP1"
0.000918173473014406,1.13537929556859,0.111,0.202,1,"PSMG4"
0.000920589263632399,0.396710884321326,0.025,0.069,1,"CLUAP1"
0.000922107397052662,0.582672069483608,0.043,0.097,1,"PAN2"
0.000925015743633202,2.09057986070922,0.269,0.248,1,"RAB14"
0.000929985225253758,0.897364436516626,0.108,0.196,1,"CDS2"
0.000930278982416611,2.5287210980746,0.187,0.145,1,"DTX3L"
0.000931121056324701,2.85841221364169,0.115,0.072,1,"RRAS2"
0.000933075124343906,1.1048008375124,0.176,0.305,1,"PIGT"
0.000939502246554995,0.142812737347872,0.018,0.058,1,"MCAT"
0.000946433538465725,0.776932381366972,0.043,0.097,1,"DDHD2"
0.000946945287938028,0.442590510083956,0.093,0.172,1,"MPDU1"
0.00095296766149002,0.878956809299829,0.027,0.072,1,"AAGAB"
0.000957544535295067,-0.0349742680274341,0.016,0.054,1,"TRIM66"
0.000960390744042728,-0.125549714630417,0.027,0.072,1,"POFUT2"
0.000962166966850231,1.30485973294295,0.124,0.222,1,"CYB561D2"
0.000965291885911673,0.540771853803559,0.05,0.107,1,"PGM1"
0.0009691082321261,0.323080161553265,0.05,0.106,1,"OTUD6B"
0.000970636863562251,0.254811284031176,0.041,0.093,1,"ATXN1L"
0.000972532643255514,0.720763476209661,0.111,0.199,1,"TRAPPC12"
0.000973276669718337,1.09163441891027,0.074,0.145,1,"DDX19B"
0.000974009693081048,0.886868522317659,0.199,0.344,1,"PSMD11"
0.000974401893130141,2.03769948348916,0.194,0.152,1,"SPG11"
0.00097514335070009,0.933720560912886,0.108,0.196,1,"TPGS1"
0.000980723701096074,0.795936445119759,0.093,0.172,1,"TXNRD1"
0.000985996005443313,0.289042802853403,0.336,0.568,1,"SNRNP70"
0.000989262976724346,2.34805950788104,0.135,0.091,1,"HTT"
0.000997941956874997,0.129623718868495,0.034,0.083,1,"FASTKD1"
0.00100218083993781,0.279497359281887,0.036,0.086,1,"SLC16A1"
0.001007795826879,0.374882499334003,0.05,0.106,1,"ACTR1B"
0.00100979651218693,0.975100849275388,0.054,0.114,1,"FAM160B2"
0.00101760378690199,0.982534457255846,0.052,0.11,1,"NFIL3"
0.00101820900537909,0.664242138781241,0.605,0.797,1,"DYNLL1"
0.00102540657304808,0.754660611380821,0.038,0.09,1,"MTFP1"
0.00103358450045748,1.00148901986593,0.097,0.18,1,"IMMP1L"
0.00103706919338482,1.02569836165398,0.122,0.217,1,"ICE1"
0.0010371151543675,-0.412322090355669,0.023,0.064,1,"ATAD3B"
0.00103743835751424,0.755305001981667,0.19,0.323,1,"HECTD1"
0.00103918502822755,1.34282023226228,0.079,0.152,1,"GNL2"
0.00103930056717109,0.866798971988437,0.056,0.118,1,"SPRYD3"
0.00103933726780878,0.439750793953413,0.029,0.075,1,"ATRN"
0.00104060406445218,1.23361711794958,0.038,0.09,1,"ZNF780A"
0.00104089604449528,0.602401221584809,0.041,0.093,1,"THAP2"
0.00104370478009033,2.3300255344726,0.133,0.089,1,"SYNJ2BP"
0.00104372087649413,-0.356342922291569,0.018,0.057,1,"MAFF"
0.00105215181063545,0.702310597786105,0.26,0.438,1,"WFDC2"
0.00105424669267708,0.597635179498397,0.041,0.093,1,"MVD"
0.00107012438707307,2.68178528634617,0.072,0.037,1,"CA5B"
0.0010713269326032,1.57693456689826,0.375,0.416,1,"PKM"
0.0010725672685118,0.953578388920983,0.034,0.083,1,"SKAP1"
0.00107313987885767,0.822671426507571,0.02,0.061,1,"CPQ"
0.00107489203336621,3.05850207964894,0.05,0.021,1,"RNF125"
0.00107664408603416,0.31431270324353,0.032,0.079,1,"JDP2"
0.00107704979467253,0.871030368343564,0.124,0.22,1,"BBIP1"
0.00108002744533488,1.0978415585467,0.129,0.229,1,"NDUFS1"
0.00108328755619224,2.17554304076789,0.257,0.234,1,"POLR3GL"
0.00108395867905451,0.684392547744619,0.081,0.153,1,"ATP13A3"
0.00109113975378405,0.661370970029119,0.147,0.254,1,"HIST2H2AC"
0.00109330674684883,3.58829466011488,0.052,0.022,1,"PLEKHG7"
0.00109382213327725,0.506556131701089,0.26,0.439,1,"SYTL1"
0.0011009380278006,0.902870025127,0.147,0.257,1,"ASNA1"
0.00110886867559957,2.6827431552553,0.122,0.079,1,"AL390728.6"
0.00111018267815407,2.12887124123595,0.181,0.137,1,"ZBTB24"
0.00111278760700034,-0.780267515816104,0.016,0.053,1,"ORC5"
0.00111715741798925,2.09295312639028,0.269,0.247,1,"NSMCE3"
0.00112620010977639,0.593878276419376,0.077,0.147,1,"TYK2"
0.00112977578600486,0.670025505031581,0.023,0.064,1,"ALG11"
0.00114113940180492,1.81168929016334,0.339,0.357,1,"FKBP1A"
0.0011484256617867,1.01707807846666,0.142,0.249,1,"NSFL1C"
0.00116630412033749,0.851573091693927,0.226,0.382,1,"CEP350"
0.00117474831557304,0.727776661344513,0.144,0.249,1,"GNPTAB"
0.00118230709215584,0.946296928958018,0.16,0.276,1,"SKIV2L2"
0.00118657889961028,1.12773551033383,0.111,0.199,1,"GPS1"
0.00120082733104828,0.731783824792665,0.034,0.082,1,"SLC35F6"
0.0012038460273253,0.563340238995275,0.074,0.143,1,"CASP7"
0.00120487270624453,1.75584510011385,0.334,0.353,1,"MDH1"
0.00120939645004855,0.914325550320638,0.077,0.147,1,"C8orf82"
0.00121539799430099,-0.320397926497299,0.027,0.071,1,"CD2"
0.00121552276995882,0.830992355321349,0.02,0.06,1,"CREB3L4"
0.00122195389438439,2.18641098049598,0.217,0.18,1,"ANKRD13D"
0.00122364801728572,0.434548922312408,0.029,0.075,1,"RHBDD2"
0.00122649330370694,-0.420620014331573,0.018,0.056,1,"HIST1H1B"
0.00124120086213764,0.784261833914297,0.034,0.082,1,"ASB3"
0.00124350121848773,0.0277051354876257,0.034,0.081,1,"ZNF621"
0.00124655337564237,2.13394912482733,0.056,0.025,1,"TAF1A"
0.00124760293070605,0.879180052321253,0.02,0.06,1,"SFT2D3"
0.00125090878065851,0.558920708625158,0.332,0.582,1,"RPS19BP1"
0.00125825516835489,1.26002906285483,0.492,0.652,1,"EIF1AX"
0.00125988790255997,0.962154090954659,0.21,0.365,1,"FRG1"
0.00126065250629558,1.32273170084757,0.02,0.06,1,"C16orf86"
0.00126533087474021,1.0545029530714,0.099,0.18,1,"JADE1"
0.00126805545652847,0.982280166320194,0.034,0.082,1,"MRPS17"
0.00127775659890763,0.225922039125237,0.018,0.056,1,"XPR1"
0.0012869487661139,0.932848667855725,0.515,0.701,1,"PARK7"
0.00128864630810373,1.78270124606153,0.312,0.312,1,"ANP32E"
0.00129277328263581,-0.568991784433403,0.016,0.052,1,"PLAUR"
0.00129527827349912,0.729600264733201,0.212,0.362,1,"TMA16"
0.0013086746587536,0.193660469482143,0.061,0.121,1,"TUBGCP6"
0.00130877031462993,1.11847076709549,0.135,0.238,1,"C14orf119"
0.00131102092842823,0.247131744914063,0.027,0.071,1,"NEK4"
0.00131490725125023,2.10587162137139,0.262,0.241,1,"VPS35"
0.00132001069651347,0.687831255352495,0.3,0.522,1,"TRABD"
0.00133654975003262,1.00581280520615,0.102,0.184,1,"HDAC2"
0.001342994772475,0.986295227403206,0.129,0.225,1,"MRNIP"
0.00134407001670368,1.02597493925808,0.131,0.23,1,"CCDC174"
0.001347153776219,2.4352185928316,0.192,0.153,1,"ZNF92"
0.00134731540044867,0.966573469074894,0.097,0.176,1,"ETF1"
0.00136106921151161,2.37395470555751,0.163,0.119,1,"ZNF431"
0.00136321974077735,0.888322769957538,0.077,0.146,1,"TMEM218"
0.00136777714790452,2.10322893887695,0.278,0.249,1,"EGR1"
0.00137165948513812,0.886582787148742,0.054,0.112,1,"GTF3C2"
0.00137269418164656,0.801369631417965,0.072,0.139,1,"PAAF1"
0.00137618494533777,3.18850552512674,0.07,0.036,1,"APEX2"
0.001384485445079,0.83902094208864,0.158,0.269,1,"WDR74"
0.00138667108468555,0.879130118827774,0.111,0.196,1,"CBX7"
0.00138763620544914,1.34231202509452,0.131,0.23,1,"FMC1"
0.00139421786248739,1.18132795015921,0.099,0.18,1,"CNP"
0.00139520445902523,0.18017172938486,0.036,0.084,1,"MT1G"
0.00139607407985031,1.11489481827319,0.515,0.679,1,"RBM25"
0.00140459685244402,1.1772901367985,0.084,0.156,1,"FAF1"
0.00140673545868914,0.992413526945812,0.074,0.142,1,"NT5C2"
0.00140696204612043,1.91819441244797,0.343,0.369,1,"FXR1"
0.00140979023588199,2.61246084527316,0.108,0.068,1,"HPRT1"
0.00141267079917906,-0.0104857719294174,0.02,0.06,1,"ERMARD"
0.00141878347277475,1.04186253373683,0.106,0.19,1,"CDIPT"
0.00143125940812959,0.635295988569345,0.149,0.253,1,"ITCH"
0.00143824432701546,2.46249826768162,0.178,0.137,1,"CBX1"
0.00144399610660876,1.00275650493219,0.106,0.191,1,"ZCCHC17"
0.00145394272958926,1.12082225379009,0.07,0.136,1,"SUCLA2"
0.001456445384498,0.285110654166263,0.025,0.067,1,"LRRC23"
0.0014630488572793,0.901766063102456,0.084,0.155,1,"CDK17"
0.0014747243398145,0.854707225933202,0.135,0.234,1,"ALKBH5"
0.00147502972563021,0.595767702095909,0.025,0.067,1,"NARS2"
0.00147758870607425,2.13503399976092,0.237,0.207,1,"PDCD6IP"
0.00147864087682652,0.167704518789515,0.034,0.08,1,"ZMYND19"
0.00148154684623426,0.94832154251056,0.02,0.06,1,"MTFMT"
0.0014832136180191,0.91404759480606,0.106,0.189,1,"SYNE3"
0.00148387125841258,2.18676308438568,0.172,0.129,1,"PLEKHB2"
0.00149694620684942,2.05755282861926,0.208,0.172,1,"BFAR"
0.00150031635545454,0.0312929469045384,0.018,0.056,1,"SMIM22"
0.00150180076934333,1.94184074378409,0.242,0.214,1,"SUPT16H"
0.00150271957325036,0.899388204132275,0.068,0.132,1,"LRRC47"
0.00150354240934596,0.930061382895688,0.151,0.26,1,"AK2"
0.00151231386554121,1.14396207688537,0.194,0.332,1,"ALG13"
0.00152064391316174,0.965496744484104,0.07,0.136,1,"TSFM"
0.00152163698351073,0.959085705410383,0.12,0.21,1,"AKAP8L"
0.00152168738805719,1.05477241379733,0.05,0.105,1,"FAM104B"
0.00152243584900475,1.81510615573726,0.253,0.225,1,"ZNF106"
0.0015260133042291,1.59500461698893,0.397,0.468,1,"TERF2IP"
0.00153570647123044,0.877776718316839,0.052,0.108,1,"TRAP1"
0.0015366936638994,1.26130036293926,0.072,0.139,1,"FKBP4"
0.00153812538893789,0.37288239202003,0.027,0.07,1,"CYP4V2"
0.00153914574827582,0.899463795646449,0.09,0.165,1,"ATF2"
0.0015413466408143,0.514101806795296,0.041,0.091,1,"FHIT"
0.00154358657546053,-0.407638387387072,0.016,0.052,1,"FUT10"
0.00156810747338462,1.21966747970129,0.059,0.118,1,"GAR1"
0.00156896687087599,2.13911998451886,0.115,0.074,1,"SRGAP2"
0.00156939343232895,0.572854493840893,0.124,0.214,1,"RPAP2"
0.00157005222545597,1.19586412499013,0.065,0.129,1,"PRPSAP1"
0.00157656441760663,1.03195093733707,0.032,0.077,1,"EFCAB2"
0.00158184747971632,2.0197619479443,0.257,0.236,1,"FERMT3"
0.00158983173952728,2.24902798848438,0.106,0.066,1,"PTPN12"
0.00160774860410198,1.08688820367592,0.088,0.161,1,"MAP2K7"
0.00160799952021135,3.29443922560179,0.052,0.023,1,"OSGIN2"
0.00160863024612478,3.476567375297,0.054,0.025,1,"CD200R1"
0.00160986133575638,1.54660293141887,0.016,0.052,1,"ARSB"
0.00161206585798914,0.619256560732219,0.102,0.181,1,"FLII"
0.00161209640383271,2.10667113884439,0.21,0.172,1,"ST3GAL5"
0.00161256097651144,2.13725246638966,0.199,0.159,1,"RABEP2"
0.00161358263504176,-0.271620278496387,0.025,0.066,1,"CAPS"
0.00161642212538096,1.35166655168679,0.023,0.063,1,"MED18"
0.00161752805791538,0.902574965889351,0.041,0.091,1,"MXI1"
0.00161877406926074,0.237524950088962,0.016,0.052,1,"PPP2R5B"
0.00162002394617984,0.616714931123372,0.307,0.538,1,"ANXA5"
0.00162957175582592,2.59036300535372,0.065,0.033,1,"RP2"
0.0016397603264301,0.986190824423414,0.034,0.08,1,"TMCC1"
0.00164112442246327,2.00119778187911,0.183,0.141,1,"LCOR"
0.0016423674907444,1.80062836122928,0.339,0.361,1,"MED10"
0.00164562219429258,1.26442288497561,0.104,0.186,1,"CLN5"
0.00166466663748784,0.850620317198282,0.111,0.195,1,"SMG7"
0.00166532122593729,0.955684772228457,0.05,0.104,1,"PI4K2B"
0.00167338668857361,0.564513617764472,0.226,0.37,1,"CEBPB"
0.0016768561450422,2.71200995984532,0.074,0.04,1,"FCHO1"
0.00167913443333271,0.925539471258945,0.025,0.066,1,"AEBP1"
0.00168065480686379,1.99275455592748,0.05,0.021,1,"CDC14A"
0.0016819683225061,2.0341784373412,0.183,0.143,1,"CTNNBL1"
0.00168385514278404,0.445139119729598,0.029,0.073,1,"GS1-124K5.4"
0.00171678702087205,1.97092513346476,0.115,0.074,1,"SH3BP1"
0.00171985239844955,0.800006054847216,0.095,0.171,1,"ZNF281"
0.00172684543803041,1.00410710922849,0.237,0.409,1,"CYC1"
0.00172693325760741,2.29724724914187,0.147,0.105,1,"USP12"
0.00173148762086123,0.679617617046851,0.05,0.103,1,"CAPN10"
0.00173406196629083,1.10489672480619,0.115,0.203,1,"RARS"
0.00173674102485637,-0.424490260573441,0.023,0.062,1,"TPM2"
0.00174419969418806,1.45429284267847,0.129,0.225,1,"MRFAP1L1"
0.00174441807781199,0.697290301402778,0.187,0.312,1,"MARK3"
0.00175100834677433,0.848355671602577,0.203,0.349,1,"MRPL14"
0.00176440867387236,0.163642049740724,0.018,0.055,1,"KLHL21"
0.00176569498091441,1.04578611199989,0.163,0.28,1,"SUCLG1"
0.00177309359258956,0.939895991062327,0.122,0.212,1,"SAMD4B"
0.00177568204113339,0.105192044815764,0.018,0.055,1,"RFLNB"
0.00177876542761557,2.05980253984664,0.156,0.114,1,"FAM208A"
0.00178453069386469,-0.100021902407649,0.027,0.069,1,"SLC25A17"
0.00178647756693267,0.440309151593274,0.032,0.076,1,"HIBADH"
0.00178813717282334,0.946629465945374,0.503,0.664,1,"PEBP1"
0.00178891786707853,0.471974739285809,0.018,0.055,1,"ZW10"
0.00179495171548819,0.696520911020748,0.061,0.12,1,"ATP2B4"
0.00179581802746192,0.316686616700361,0.041,0.09,1,"TPM1"
0.00180351877028496,2.10416217628504,0.19,0.15,1,"SNX29"
0.00181266074814792,1.14762968938913,0.054,0.11,1,"BANP"
0.00183170127254412,1.03223677867714,0.149,0.254,1,"USP7"
0.00183347625818427,0.795796736674251,0.293,0.519,1,"POLR2K"
0.00184637535223933,1.85117875097478,0.341,0.37,1,"ANP32A"
0.00185616602887265,0.174206356985176,0.036,0.083,1,"MYO19"
0.00186009904469921,-0.168621969448144,0.016,0.051,1,"AC137767.1"
0.00186385529886877,0.672154690133914,0.023,0.062,1,"METTL25"
0.00186726813381656,0.957963917152263,0.047,0.1,1,"KTI12"
0.00186829279983303,-0.709017776507471,0.016,0.051,1,"BEX3"
0.00187460159393002,0.945042951821128,0.174,0.292,1,"CLIP1"
0.00187463422070195,0.729288009773215,0.043,0.093,1,"SPNS1"
0.00187734378445753,0.707283265316009,0.09,0.164,1,"DCTN1"
0.00189515203415767,0.243457797762908,0.016,0.051,1,"TAF6L"
0.00189927214985044,0.314161241016297,0.029,0.072,1,"C4orf33"
0.00190167615724764,2.0872712143666,0.287,0.282,1,"CARD16"
0.00190596457736293,0.929512124969184,0.079,0.146,1,"PSME3"
0.00191111020980416,1.31130484120528,0.086,0.158,1,"GLRX2"
0.0019112469542551,0.613759014315859,0.106,0.186,1,"CHFR"
0.0019118537574914,2.40622841036803,0.14,0.098,1,"HECA"
0.00191677922273267,0.449616106113957,0.036,0.083,1,"LINC02256"
0.00192438620230153,1.87369474032889,0.312,0.32,1,"SCP2"
0.00193504619893922,0.787656174181646,0.016,0.051,1,"MIRLET7BHG"
0.00194270115344681,1.27942987976825,0.427,0.519,1,"EID1"
0.0019448831184737,2.25460462691772,0.167,0.125,1,"ZNF506"
0.00195421130098781,1.42791586400887,0.016,0.051,1,"DNAJC18"
0.00195513028371308,0.120210951202501,0.05,0.102,1,"CC2D1A"
0.00195979304546103,0.915717060012183,0.043,0.093,1,"MLST8"
0.00196361277520094,1.367936421315,0.081,0.151,1,"C11orf54"
0.00197247044628765,0.480196402435326,0.025,0.065,1,"EME2"
0.00197536004525491,1.1329472649169,0.178,0.306,1,"MRPS7"
0.00197721127530069,1.03223155667117,0.029,0.072,1,"RWDD2B"
0.00198258660228447,1.31314891911928,0.036,0.083,1,"SH3TC1"
0.00198275441653991,0.289894697829446,0.02,0.058,1,"KDELC2"
0.00198406273649212,0.830266061587348,0.079,0.147,1,"ACTL6A"
0.00198840254165112,1.40594397384524,0.442,0.536,1,"UPF2"
0.00199276215148834,0.844641096264577,0.036,0.083,1,"IKZF5"
0.00199344448636546,0.928561409651001,0.025,0.065,1,"UBE2QL1"
0.00200972193459931,0.7668249603125,0.074,0.139,1,"POLR3E"
0.00200983662251492,0.421384042128173,0.16,0.262,1,"GOLGA8B"
0.00201127361136671,0.587193795316713,0.02,0.058,1,"NSDHL"
0.0020524390945079,1.77106689985958,0.129,0.086,1,"IFI30"
0.00207031589482882,0.206142997448899,0.454,0.763,1,"AKAP9"
0.00208405318006893,0.581772221197099,0.226,0.368,1,"LENG8"
0.00208744580374745,0.567666705543317,0.032,0.075,1,"TP53I3"
0.00209104510641714,2.82664014832932,0.065,0.033,1,"GALNT3"
0.00209115901865091,0.796199428054616,0.032,0.075,1,"TMEM187"
0.00209179931420301,0.5119359485329,0.068,0.129,1,"ESYT2"
0.00209285602710702,0.498742762645181,0.05,0.102,1,"H6PD"
0.00209870422158327,2.44978296744079,0.095,0.057,1,"ARRB2"
0.00210474260073267,2.01457647916082,0.3,0.306,1,"TOMM22"
0.00210785063893458,2.43614475800985,0.095,0.057,1,"MCM3"
0.0021099079020618,1.41546733569465,0.093,0.167,1,"MCCC2"
0.00211016042193204,2.02287101644579,0.199,0.161,1,"TBC1D22A"
0.00211691228969627,0.4725322050384,0.027,0.068,1,"UHRF1BP1"
0.0021268142267189,1.62338272835064,0.208,0.168,1,"MLLT6"
0.00213238611932385,2.28486052799431,0.065,0.033,1,"CALHM2"
0.00214897802495881,0.692189226377386,0.086,0.155,1,"LARP4B"
0.00216053420330374,0.600424419944789,0.318,0.55,1,"FGFR1OP2"
0.00216123271513362,0.000639816093916945,0.041,0.088,1,"IER5L"
0.00216491792513624,2.52688348073709,0.063,0.032,1,"ZBTB37"
0.00216509810812697,0.913893364612289,0.23,0.388,1,"RNASE6"
0.00216762590603917,0.914867315235021,0.242,0.415,1,"MGST3"
0.00217635250652691,0.936514251618729,0.138,0.237,1,"ETFRF1"
0.00217820080109398,1.38903283753935,0.056,0.113,1,"IFRD2"
0.00218570305823616,0.56254168990476,0.045,0.095,1,"DNAJC5"
0.00219362657160271,-0.384813113308859,0.016,0.05,1,"BCL2L2"
0.00220368721337688,0.826307994939828,0.257,0.434,1,"DNAJC10"
0.00220574888307238,1.05571898027588,0.115,0.202,1,"SDHAF3"
0.0022103380661148,0.702126980889465,0.023,0.061,1,"SLC2A8"
0.00221397006663829,0.666128030150801,0.054,0.109,1,"MUT"
0.00222738608267319,-0.0211809756494068,0.016,0.05,1,"TCP11L1"
0.0022336476860218,1.01737441947177,0.235,0.402,1,"C20orf24"
0.00224638299787392,0.657492307093546,0.093,0.165,1,"TLK2"
0.00224695600169229,0.971371062908446,0.05,0.102,1,"MBIP"
0.00225316609821349,1.10274710408294,0.151,0.258,1,"EIF2S1"
0.00225391192165563,2.18553760917741,0.208,0.172,1,"JAK3"
0.00227628286157239,0.752173814899966,0.036,0.082,1,"SLC35B4"
0.00228994926866601,1.07603518425143,0.244,0.419,1,"MRPS36"
0.00231128229963327,1.96561767422167,0.086,0.049,1,"ZBTB10"
0.00231614890929927,2.14411954850405,0.183,0.143,1,"KDM4C"
0.00232025681064177,2.3349879879024,0.16,0.119,1,"ATXN7"
0.00232771410542995,0.979776893829595,0.043,0.092,1,"IFT43"
0.00233518522796624,2.77896062338157,0.061,0.03,1,"DPF3"
0.0023406128743533,0.722439187487338,0.093,0.165,1,"ALCAM"
0.00234123128012477,1.19751275160898,0.095,0.17,1,"ARMC1"
0.00234875121802077,-0.252861486105558,0.027,0.068,1,"SLC39A13"
0.00235740169442742,1.13046854626056,0.05,0.102,1,"MAPK8"
0.00237674166891186,2.05695646147133,0.244,0.218,1,"CHORDC1"
0.00237878611658816,2.36318650342466,0.093,0.056,1,"ZNF254"
0.00238235457364486,1.09308330973647,0.077,0.143,1,"CISD1"
0.00239602473322375,0.97855295023861,0.269,0.465,1,"HSBP1"
0.00241039113851866,2.60073208757569,0.126,0.087,1,"MIOS"
0.00241086336614498,0.549251713886485,0.041,0.088,1,"GFM2"
0.0024281949835518,-0.741228505069961,0.018,0.053,1,"SERPINH1"
0.00243267574031677,1.34145177789249,0.056,0.112,1,"NAA60"
0.00243314244016393,1.18540604634069,0.111,0.195,1,"NXT1"
0.00244386515989797,1.86358252467365,0.23,0.202,1,"WAPL"
0.00245132204933899,0.665920837206586,0.194,0.32,1,"UBE2G2"
0.00245835196221789,1.64862233728219,0.395,0.458,1,"EIF2AK2"
0.00246394613910734,0.181772903916077,0.034,0.078,1,"TIMM21"
0.00246472718783995,0.704742904915212,0.108,0.187,1,"POU2F1"
0.00247175424220757,1.55016984286454,0.289,0.278,1,"CYTH1"
0.00247425558347675,2.69445627146583,0.104,0.066,1,"C10orf76"
0.0024846482560802,1.64743144085538,0.386,0.461,1,"UBE2L3"
0.0024970575980374,2.39271381456529,0.122,0.082,1,"STAT5B"
0.00250296742769524,0.318731152631739,0.018,0.053,1,"ANAPC2"
0.00251082153032882,0.630037572602917,0.018,0.053,1,"MPP1"
0.00252398937178452,0.966747511010019,0.246,0.424,1,"ILF2"
0.00252512975756604,0.941103995280072,0.133,0.226,1,"CXXC1"
0.00252574917791938,2.23663984393704,0.174,0.135,1,"SMAD2"
0.002540440928506,1.25979717793225,0.065,0.125,1,"BOLA1"
0.00254511716654644,0.589715280069146,0.018,0.053,1,"CCDC51"
0.00254806126006744,0.879996442283865,0.533,0.735,1,"ATPIF1"
0.0025718021520994,1.62685624849611,0.384,0.457,1,"LSM10"
0.00257766736155922,1.17466047974529,0.088,0.159,1,"CMSS1"
0.00258017327935038,0.784616639722218,0.079,0.145,1,"SLC35A4"
0.00258548076589504,2.35424222269467,0.07,0.037,1,"PEAK1"
0.00260913495479153,0.289942526299455,0.025,0.064,1,"NEU3"
0.00261240571244287,2.25928706538721,0.237,0.214,1,"LPXN"
0.00262775844896951,1.17784092476239,0.131,0.224,1,"NCK1"
0.00263181814452926,2.6117472294845,0.174,0.137,1,"GINM1"
0.00263202383681486,0.164173859063153,0.041,0.087,1,"REC8"
0.00263497419574171,0.655712860320402,0.239,0.394,1,"KMT2C"
0.00265035556505906,0.387671062075602,0.253,0.402,1,"RHOB"
0.00265054416425354,1.028248217012,0.257,0.443,1,"COPS6"
0.00265615664585083,1.56958540609703,0.35,0.38,1,"UBE2L6"
0.00266531943604549,1.8814272392924,0.183,0.144,1,"NUP62"
0.00268639654777865,1.24829574656312,0.153,0.261,1,"CHCHD5"
0.00269180065068347,1.13215244193651,0.029,0.071,1,"TBC1D14"
0.00271118381383405,0.279890426879273,0.038,0.083,1,"SLFN12L"
0.00271464627898223,2.23329131170166,0.192,0.157,1,"RSBN1"
0.0027203414583718,1.66487644130286,0.332,0.346,1,"RSF1"
0.00272273933781207,1.10069026220755,0.077,0.141,1,"OSTM1"
0.00272694221542859,1.48983431886106,0.418,0.489,1,"YPEL5"
0.00273348545139808,0.710435911952375,0.117,0.199,1,"NPLOC4"
0.00274266436373457,0.723032889085681,0.041,0.087,1,"TMEM41A"
0.0027489791982741,1.01938992559304,0.02,0.056,1,"C22orf34"
0.00275487438420738,0.972153879213981,0.059,0.114,1,"DDX59"
0.00275524106371079,0.998466576741613,0.217,0.364,1,"BLOC1S6"
0.00276174650080442,0.520434946799197,0.054,0.107,1,"SNIP1"
0.0027817023405121,0.858284741787604,0.065,0.124,1,"SMG6"
0.00278635005312976,0.50305737134384,0.05,0.101,1,"PES1"
0.00278641087837312,2.38224813318819,0.09,0.054,1,"TCF7"
0.00279462033285187,3.15045287099496,0.063,0.033,1,"GIMAP2"
0.00279798147260754,2.70298787892613,0.111,0.072,1,"TRIM14"
0.00280294367333568,0.518182748367042,0.041,0.087,1,"METTL13"
0.00281882420647423,1.53211369534152,0.02,0.056,1,"IFT22"
0.00286515763046978,0.701443475553652,0.117,0.202,1,"INTS10"
0.00286567194439667,0.140753176756469,0.023,0.06,1,"ELP1"
0.00287403347967008,0.36355580654336,0.036,0.08,1,"SERPING1"
0.00288903460226479,0.333322735101009,0.045,0.094,1,"HDAC8"
0.00289499480253874,1.65791795690796,0.366,0.417,1,"XRCC6"
0.00289558470030365,0.405620029154108,0.038,0.083,1,"AFDN"
0.00290493721901893,0.273508454956488,0.023,0.06,1,"FAHD2B"
0.00291517230245397,0.90856716238058,0.205,0.342,1,"UBE2H"
0.00291592953616887,2.09797448032644,0.133,0.094,1,"VAV1"
0.0029180894395353,1.04090525989419,0.027,0.067,1,"MFSD6"
0.00292728824694704,1.04972240529937,0.043,0.091,1,"KIF1B"
0.00292992199186279,2.66444560878255,0.063,0.033,1,"NCF2"
0.0029407328849097,0.405551564861016,0.041,0.087,1,"PPP1R16A"
0.00294765330164108,1.27955843413755,0.027,0.067,1,"KIF1BP"
0.00295213681797055,0.876429235533495,0.108,0.186,1,"ACSL4"
0.00295615083320214,1.11116886648501,0.183,0.306,1,"NSRP1"
0.00296107122612273,2.03266247729192,0.253,0.236,1,"SHISA5"
0.00297077807812108,0.947100587609226,0.079,0.144,1,"HDGFL2"
0.00297497668071825,1.42279095475409,0.079,0.044,1,"SACS"
0.00297558091591831,0.8943101757731,0.165,0.277,1,"PIN4"
0.0029887881990139,2.36964841622971,0.226,0.201,1,"UBE2R2"
0.00300227982902367,0.645297199005993,0.047,0.097,1,"BPGM"
0.00300419085604693,0.963031381885504,0.196,0.33,1,"ATP1B3"
0.00300630964546809,2.68510623035636,0.081,0.047,1,"SRGAP2C"
0.00302287856764528,0.498700471127778,0.047,0.097,1,"FBXO4"
0.00303204928485833,2.69481207774051,0.063,0.033,1,"BBS2"
0.00303705374704094,2.34446294497243,0.124,0.085,1,"CASP2"
0.00307993723482727,0.682209974296715,0.029,0.07,1,"PYCR3"
0.00308573601271889,-0.0470174710024787,0.025,0.063,1,"VILL"
0.00308963815344306,0.765295323144913,0.065,0.123,1,"MKNK1"
0.00312099072573621,0.635807950565042,0.068,0.126,1,"CAAP1"
0.00312924471638333,1.90671562248249,0.257,0.241,1,"PLEKHJ1"
0.00313888110562771,1.2925402176284,0.059,0.114,1,"SLC35B3"
0.00315483743946225,1.32898016455839,0.045,0.094,1,"ZDHHC16"
0.00317019089362743,1.18999664629759,0.065,0.124,1,"TATDN3"
0.00317592505412856,1.14662361206591,0.178,0.299,1,"HNRNPL"
0.00321460118225803,3.0651280782527,0.056,0.028,1,"EBI3"
0.00324097494467994,1.04460320842737,0.061,0.117,1,"SLC25A23"
0.00324446252127895,0.620787869319394,0.07,0.129,1,"NCOR2"
0.00324765669168877,1.07488610662424,0.025,0.063,1,"PEMT"
0.00324994297064275,0.407229207491941,0.047,0.096,1,"MZF1"
0.00325919989298493,1.12957553707296,0.05,0.1,1,"GSS"
0.00326317314200062,0.618444974361842,0.041,0.087,1,"PAIP2B"
0.00327619472217744,2.82141602146349,0.102,0.065,1,"OPN3"
0.0032997156756385,2.38399585044139,0.056,0.028,1,"PUS10"
0.00330394430520228,2.51894825473653,0.102,0.064,1,"TMEM65"
0.00330737424940366,0.93475514069147,0.095,0.166,1,"TRIM52"
0.00333596406411554,0.259983447065824,0.023,0.059,1,"FAM219A"
0.0033528711275733,0.509773477816777,0.045,0.093,1,"HCG11"
0.00337001591614999,2.27078847823516,0.072,0.04,1,"TNFRSF10A"
0.00339056819789627,0.6366113536673,0.036,0.079,1,"ZBTB21"
0.00340463120732256,1.47960261248297,0.036,0.079,1,"BAP1"
0.00341076676870229,0.416585359536219,0.023,0.059,1,"GPD2"
0.00341581033971756,1.07978537027227,0.181,0.303,1,"NDUFA8"
0.0034215769039934,0.610347390665611,0.036,0.079,1,"PGAM5"
0.00342257443056608,0.965135688347543,0.106,0.182,1,"SQLE"
0.00343451180252502,2.05030101254921,0.248,0.23,1,"MIER1"
0.00343761789643336,2.14880568048025,0.086,0.051,1,"MAST3"
0.00345168611524206,2.20460935608775,0.054,0.026,1,"PTGER4"
0.0034774513970282,1.00299439948229,0.115,0.198,1,"PQLC3"
0.00349447827662108,1.28914554070904,0.045,0.093,1,"APPBP2"
0.00351400401569588,0.891545771262253,0.023,0.059,1,"KLC4"
0.00351494532405291,1.09973508740301,0.079,0.143,1,"LCMT1"
0.00353277074948023,2.34386563772886,0.102,0.065,1,"PASK"
0.00353326258815191,2.78439447654207,0.068,0.037,1,"NRIP1"
0.00355219692352107,2.58456158251826,0.097,0.061,1,"AREG"
0.00356177919112574,1.46140021545137,0.09,0.16,1,"GBP3"
0.0035683929256234,0.957187080130491,0.023,0.059,1,"BRF2"
0.00357854971032575,1.28675369314779,0.054,0.106,1,"ZNF576"
0.00358278557111213,0.711462309928065,0.052,0.102,1,"DRAM1"
0.00358813604235256,0.980332816366368,0.084,0.149,1,"MRPL58"
0.00359250385286675,1.07166698055037,0.077,0.139,1,"BISPR"
0.00359735396883938,0.587968202132922,0.061,0.115,1,"ACBD5"
0.00362493906779914,1.08081223307529,0.056,0.11,1,"RABL3"
0.00364198319235994,0.823797600833335,0.041,0.086,1,"LIG3"
0.00364464100348389,1.39854083527629,0.079,0.144,1,"NUP37"
0.00365509759633502,1.01442722057761,0.047,0.096,1,"MPI"
0.00369178483491523,1.06972164412846,0.199,0.329,1,"RNF115"
0.00369425387692028,2.74796212703239,0.065,0.035,1,"SCAMP1-AS1"
0.00369804827821684,1.23347736011514,0.129,0.218,1,"BMI1"
0.00370203346922438,2.44798194779642,0.097,0.061,1,"ELP3"
0.00371304097447742,0.299201663846385,0.09,0.157,1,"OSBPL2"
0.00373114910115749,0.901821118085184,0.183,0.302,1,"PITPNB"
0.00373472739045523,0.520552391160317,0.027,0.065,1,"CPEB2"
0.00374635522884658,2.30113923254971,0.239,0.221,1,"RAB11A"
0.00378176204591781,0.840737453429504,0.53,0.728,1,"C14orf2"
0.00379701973458584,0.670919149091828,0.034,0.075,1,"HSPBP1"
0.00381637420377826,2.14481337104111,0.203,0.173,1,"PPP1R11"
0.0038439161824122,1.00249971958481,0.054,0.106,1,"MRPL30"
0.00385104393989477,1.06229911259787,0.09,0.159,1,"IP6K1"
0.00386353992023694,0.728234803728088,0.244,0.399,1,"TCIRG1"
0.00387502607865784,0.674165473550902,0.045,0.092,1,"UBE3B"
0.00387687233304431,1.25000056777694,0.126,0.214,1,"SQOR"
0.00389232329763762,-0.270097875396329,0.018,0.051,1,"BAG3"
0.00389881484905053,1.38383051050025,0.37,0.415,1,"TNFRSF14"
0.00391733478410591,0.936188017967436,0.122,0.204,1,"ADAM10"
0.00394055699084124,0.720342401529553,0.023,0.058,1,"ADAM15"
0.00394256586711988,0.770000558144633,0.077,0.138,1,"SENP2"
0.00394990031798273,0.647780660502028,0.027,0.065,1,"PCCA"
0.0039589266911378,0.825857681997913,0.099,0.171,1,"AKT1"
0.0039882869426052,0.959217048282361,0.212,0.357,1,"POLR2F"
0.00399841084418557,1.11516566687998,0.251,0.425,1,"NUDC"
0.00400146296794847,0.617562932499459,0.138,0.226,1,"MLXIP"
0.00400987450872957,0.547923506260146,0.05,0.098,1,"NOM1"
0.00401068920181028,1.3480277435375,0.429,0.533,1,"YPEL3"
0.00402876426905276,1.89340208732409,0.192,0.156,1,"ANKLE2"
0.00404404999492273,1.3433157323605,0.065,0.122,1,"RHOT1"
0.0040533480394502,0.895009732562265,0.041,0.085,1,"RNF14"
0.00406973994014332,1.22642337399505,0.07,0.129,1,"TFPT"
0.00407207111586502,0.863657894280471,0.05,0.098,1,"KDM5B"
0.00407813863958518,0.541665101308814,0.029,0.068,1,"AFMID"
0.00407969807488815,0.325479622863373,0.018,0.051,1,"AKAP2"
0.00408868464561931,0.932661368757452,0.106,0.181,1,"MCPH1"
0.00410299654941073,2.29037335637506,0.221,0.197,1,"SNRNP25"
0.00411382690107595,0.411108001958753,0.045,0.091,1,"FEM1B"
0.00411657030331906,0.593683801153362,0.054,0.105,1,"TMEM129"
0.00417220065467901,0.768900933947913,0.151,0.248,1,"GPCPD1"
0.0041774598789388,0.272756361642977,0.032,0.071,1,"AP4M1"
0.00418564174281615,1.03619149387596,0.068,0.125,1,"IMPDH1"
0.00419463903124144,0.320178724727777,0.025,0.061,1,"FIZ1"
0.00420240192564378,0.472757435822277,0.025,0.061,1,"WDR7"
0.00420459391935313,1.17871587233812,0.165,0.276,1,"PMF1"
0.00421480429566682,1.20523370049674,0.199,0.333,1,"METTL5"
0.00424522116229424,2.51640039008938,0.09,0.056,1,"RBMS1"
0.00425284497288831,2.53781367460284,0.183,0.151,1,"KRCC1"
0.00426608343455955,3.30322789894505,0.056,0.029,1,"PKIA"
0.00426659208897721,0.671288424703207,0.054,0.105,1,"CHSY1"
0.00428054797635721,1.02774433148252,0.142,0.237,1,"CSNK2A1"
0.00428570284718147,0.973622925505917,0.176,0.287,1,"SUGP2"
0.00429405355707249,2.52174683617714,0.165,0.13,1,"COMMD8"
0.00429831070301701,0.167341272879013,0.02,0.054,1,"SLC20A2"
0.00430377002361341,2.23508929595734,0.056,0.029,1,"ZNF737"
0.00434544888817045,1.82794284149586,0.318,0.335,1,"PPHLN1"
0.00437584705403401,0.874224368106032,0.036,0.078,1,"AGTPBP1"
0.00438655273104436,2.46608627635882,0.115,0.079,1,"SH3YL1"
0.00446583960139427,1.16028653686253,0.081,0.145,1,"MRPL48"
0.00446963528756223,2.37907154126387,0.147,0.11,1,"CASP8AP2"
0.00447218970253475,1.47143775433051,0.388,0.458,1,"SSU72"
0.00447971381468343,1.71751589916502,0.314,0.328,1,"HADHA"
0.00451667381307579,0.415958887767443,0.106,0.178,1,"AP1G1"
0.00451972156585767,0.933618992240042,0.194,0.319,1,"ETNK1"
0.0045309867149871,1.1458825282797,0.196,0.329,1,"MRPS12"
0.00453356940909346,0.995748939862731,0.147,0.244,1,"MRPL47"
0.00453832869002062,1.11241483054048,0.14,0.235,1,"AK6"
0.0045689119038991,1.27926372083916,0.144,0.242,1,"TMX2"
0.00460559926965002,1.12901906324778,0.043,0.088,1,"SLC35A1"
0.00466939504166019,0.687370638380146,0.099,0.17,1,"UBXN2A"
0.00467335999477779,2.66819143775565,0.138,0.102,1,"TSR2"
0.00469222492558213,1.28409593384018,0.072,0.131,1,"CKAP2"
0.00469473105596844,1.87021120520359,0.312,0.328,1,"PRKDC"
0.00470676588391969,1.24723095314549,0.054,0.104,1,"DCAF10"
0.00471003213101385,0.574438584670657,0.029,0.068,1,"WDYHV1"
0.0047299579749397,0.971020308436007,0.023,0.057,1,"MYBL2"
0.00474171588663999,2.05130035330647,0.282,0.283,1,"FBL"
0.00474818970696591,0.443594908404641,0.045,0.091,1,"CRABP2"
0.00475397513139793,0.193738148510179,0.018,0.05,1,"SLC27A3"
0.00477035681989196,0.836356271591941,0.023,0.057,1,"MBTPS2"
0.00477079484932113,1.12041942887584,0.072,0.13,1,"ELP4"
0.00477503440599769,2.12757351342792,0.093,0.058,1,"RAPGEF6"
0.00478059160740334,2.78535334309937,0.102,0.067,1,"B3GALT4"
0.0047926246362519,0.567805392551043,0.12,0.198,1,"TNK2"
0.00479960087606103,1.60169623582945,0.095,0.165,1,"RPP38"
0.00480398318836156,1.4418654449476,0.117,0.199,1,"POLD2"
0.00481421488769708,1.18615437211859,0.088,0.154,1,"COPS4"
0.00482210705419439,2.01837312562394,0.097,0.062,1,"ZNF141"
0.00483691545306447,1.14123482139656,0.041,0.084,1,"ZNF253"
0.00484499809357761,0.825345834902977,0.047,0.094,1,"KLHL9"
0.00485336193408555,-0.478766639166305,0.027,0.064,1,"CD3D"
0.00485742281049072,1.38558625359606,0.056,0.107,1,"E2F3"
0.00486286640172704,0.386779744899922,0.038,0.08,1,"SCRIB"
0.00489544844224243,1.13331827975226,0.054,0.104,1,"METTL2A"
0.00490431143450201,1.30068402595126,0.122,0.206,1,"ACTR10"
0.00490946043048401,0.822426713730757,0.088,0.153,1,"CSTF3"
0.00491030453498499,1.30148306205485,0.029,0.068,1,"ANKMY2"
0.00491262790553218,1.25701759202579,0.084,0.148,1,"COPRS"
0.00492703527735768,0.891042995596234,0.032,0.071,1,"PNPO"
0.00492825377949643,1.07005478856711,0.153,0.253,1,"RNF10"
0.00493313484887801,0.97221864573456,0.14,0.232,1,"FBXL15"
0.00494643247302716,0.891292490632886,0.172,0.282,1,"SUDS3"
0.00495314629495068,1.48132762791767,0.393,0.478,1,"LAPTM4A"
0.00497264245508717,1.01376552487009,0.077,0.137,1,"KPNA2"
0.00497296862373304,2.15724909217757,0.156,0.12,1,"METTL21A"
0.00499411029736614,1.33194062516724,0.025,0.06,1,"INTS7"
0.00499577990441512,0.137582582914022,0.02,0.053,1,"LIMA1"
0.00502417676551302,0.910587385269117,0.07,0.126,1,"MROH1"
0.00502718806600673,1.34856473541063,0.183,0.304,1,"TIMM10"
0.00504051356345937,2.67573715039041,0.097,0.063,1,"PDRG1"
0.00505141780947628,0.805820128835072,0.284,0.484,1,"ERP44"
0.00505758851666596,1.42087386112561,0.111,0.188,1,"SCAMP3"
0.00506933695473464,0.368871593118985,0.02,0.053,1,"TBC1D12"
0.00506978216482736,-0.103924103479271,0.113,0.187,1,"SPP1"
0.00507554938075204,0.778174542562837,0.239,0.387,1,"SREK1"
0.00508024389544424,0.81158992270281,0.061,0.114,1,"PGRMC1"
0.00508344189289982,1.0474454360922,0.12,0.199,1,"PPIP5K2"
0.00511194279308564,3.01643272350797,0.072,0.041,1,"TCTN1"
0.00513150281669006,0.908838378141037,0.061,0.114,1,"ZDHHC20"
0.00514833624152398,0.366535534788723,0.054,0.102,1,"DDX11"
0.00514918010031856,1.34868905448821,0.135,0.227,1,"COPS3"
0.00515748816079149,0.436859609047879,0.411,0.71,1,"PET100"
0.00518167282776612,2.07815079236634,0.199,0.168,1,"ARHGEF2"
0.00520801060747129,0.999646900464358,0.068,0.123,1,"CBWD2"
0.00520846232908126,0.276859913376618,0.041,0.083,1,"XPO7"
0.00521243498365545,0.648347579525893,0.056,0.106,1,"USP53"
0.00522525475707934,-0.108482585708195,0.023,0.056,1,"ABCD2"
0.00523452122307928,2.29715957452227,0.221,0.198,1,"SRPK2"
0.00523855955734195,1.14312137556653,0.038,0.08,1,"ATG4D"
0.00524133478525998,0.907688761318335,0.102,0.172,1,"GTPBP1"
0.00527170216071843,0.938306198396301,0.047,0.094,1,"MYNN"
0.00530018684983472,0.450569538243191,0.068,0.122,1,"TNS3"
0.00531817617694488,1.34725128222173,0.117,0.198,1,"COX11"
0.00533401257417986,0.98888729920758,0.287,0.488,1,"NDUFS7"
0.00534227452080254,0.563713824725265,0.043,0.087,1,"USF1"
0.0053453815219646,1.07444821817663,0.047,0.094,1,"NABP2"
0.00534673274631363,1.05179634706885,0.056,0.106,1,"GSK3B"
0.00534960993064345,0.16172809029569,0.023,0.056,1,"P2RX7"
0.00536347746355858,2.18632991970785,0.149,0.112,1,"CENPM"
0.0053993738656256,1.10088151753994,0.027,0.064,1,"SRP14-AS1"
0.00542063138528125,2.7485763330396,0.061,0.033,1,"IL13RA1"
0.00545040727975184,1.32102242617618,0.093,0.16,1,"PRPF18"
0.00549771819306782,1.22133972778925,0.122,0.204,1,"SART1"
0.00550199593957018,0.947020007460482,0.041,0.083,1,"NFKBIL1"
0.0055075190103451,0.687328717416678,0.023,0.056,1,"GID4"
0.00551347211243378,0.648150279910864,0.065,0.119,1,"CDC37L1"
0.00552238374891364,0.225845621707823,0.025,0.06,1,"C2CD2L"
0.00553337856334634,1.37339463190657,0.023,0.056,1,"NEMP2"
0.00554757751230458,-0.11854623464247,0.025,0.06,1,"OSBPL7"
0.00555445301005416,-0.418362185736797,0.032,0.069,1,"CTSW"
0.00557286940111233,1.8018483492893,0.341,0.379,1,"IRF2"
0.00559201055393513,0.642739608129394,0.05,0.096,1,"ENDOV"
0.00559605297591637,0.948894317681078,0.059,0.11,1,"ANKH"
0.005632685665946,0.423091731056841,0.034,0.073,1,"UGDH"
0.00563342363439324,0.43897192512421,0.061,0.112,1,"WDR60"
0.00564809213100051,0.931556533170758,0.165,0.269,1,"ACAA1"
0.00571702512628327,0.519539839648106,0.038,0.079,1,"ADRB2"
0.00572021968027147,0.696834177713052,0.056,0.106,1,"MUS81"
0.00572082267437538,1.15684755086636,0.269,0.464,1,"SIVA1"
0.00572434751382015,1.4214459497454,0.12,0.201,1,"CENPX"
0.00574890871744306,0.618146041327612,0.045,0.09,1,"CSTF1"
0.00575811067550298,0.402145955078112,0.025,0.06,1,"NKRF"
0.00576334083805411,0.669113714043184,0.034,0.073,1,"E2F6"
0.00577861281790274,1.84549611006421,0.318,0.342,1,"RAP1A"
0.00582420628615991,1.57399992666853,0.415,0.531,1,"DDT"
0.00584254207869441,1.2024084279628,0.099,0.17,1,"SNAPC5"
0.0058441871773862,1.66445585511186,0.298,0.302,1,"ATF6B"
0.00584974035539334,0.0497364175125874,0.027,0.063,1,"GK5"
0.0058533756623641,1.7161169933572,0.081,0.143,1,"UMAD1"
0.00587826990482181,1.0614138813127,0.065,0.119,1,"LSG1"
0.0059210960301796,2.24759656576614,0.059,0.031,1,"CCDC18"
0.00594322639484456,0.303797688226061,0.027,0.063,1,"DNAJC14"
0.00594942232780014,1.5785389017464,0.388,0.472,1,"SRP9"
0.00595482103383246,0.498991143088764,0.038,0.079,1,"RIPK1"
0.00596652625360879,0.647515414682607,0.036,0.076,1,"ACAD9"
0.00599240404553286,0.63021198784901,0.163,0.261,1,"RAF1"
0.00599428227109597,1.33480971940813,0.418,0.527,1,"SF3B6"
0.00602463777034823,-0.138348507835494,0.643,0.87,1,"TMBIM6"
0.00605279087961016,2.47554930309007,0.09,0.057,1,"STK26"
0.0060546746884303,2.08145843180847,0.153,0.118,1,"MAP4K1"
0.00606178979449275,1.07711392438937,0.099,0.17,1,"ARMC10"
0.00607759628286884,1.96503048905399,0.316,0.344,1,"SS18L2"
0.00608804283201072,1.09191609096203,0.07,0.125,1,"IDH1"
0.00610281625260293,1.02208161572556,0.059,0.109,1,"THEM4"
0.00610381952766263,0.585452652191011,0.104,0.172,1,"DCAF5"
0.00611508473285981,0.865536690239043,0.038,0.079,1,"PITRM1"
0.00611627560034943,-0.111427791561266,0.023,0.056,1,"ZNF865"
0.00611996442780171,1.12245076851723,0.081,0.142,1,"FOPNL"
0.00612927302111327,1.13987141467829,0.074,0.133,1,"C1orf123"
0.00613040445085867,1.28898885297789,0.02,0.052,1,"CDADC1"
0.00613040975113552,0.608525554585913,0.043,0.086,1,"TIMM23B"
0.0061363038581578,0.982593982652296,0.02,0.052,1,"BRMS1L"
0.00615346230355429,0.576660899547335,0.043,0.086,1,"CRKL"
0.00616120025988953,1.15038875534517,0.12,0.199,1,"SPG21"
0.0061626166597865,1.76793491238254,0.239,0.218,1,"ENTPD1"
0.00616345725171581,1.10628357673031,0.138,0.226,1,"TRMT10C"
0.0061676723108232,1.4042420323568,0.379,0.426,1,"KMT2A"
0.00619355575838562,2.32320820037043,0.176,0.144,1,"PTPN22"
0.00619685952680415,1.24593551780967,0.086,0.149,1,"TMEM11"
0.00622967913079047,0.824191395728614,0.041,0.083,1,"ZNF444"
0.00623920037179142,0.866998524258126,0.041,0.083,1,"FEM1C"
0.00627208963066586,1.36828818929823,0.111,0.186,1,"MUM1"
0.00631308255033749,0.294703151368405,0.023,0.056,1,"WDR24"
0.00632707878799726,1.39095648844262,0.122,0.203,1,"MRPL19"
0.00636967036340487,0.833309051737363,0.054,0.102,1,"USP42"
0.00639382041212105,0.306000115373663,0.032,0.069,1,"FBXO5"
0.006403530594613,2.18054030681074,0.248,0.238,1,"STMP1"
0.00640744549285854,1.11277350200952,0.029,0.066,1,"BFSP2"
0.00640954347240116,1.87966989390537,0.242,0.224,1,"TNIP1"
0.00643669319993542,1.95509969011266,0.314,0.34,1,"MAGOH"
0.00645114582320754,0.695787625477038,0.065,0.118,1,"PTPN23"
0.00645153500687579,0.322586279427871,0.025,0.059,1,"ZNF761"
0.00646315453936701,2.1425509650544,0.153,0.119,1,"CBFA2T3"
0.00646495853758631,0.922826935576747,0.07,0.125,1,"SPPL3"
0.0064909258047038,0.168280887925623,0.038,0.079,1,"SNHG19"
0.00649904784231346,1.85305397608127,0.203,0.175,1,"PIK3R1"
0.00655943737540443,1.08314715386333,0.074,0.132,1,"DRG1"
0.00660528281107833,1.38719266317739,0.124,0.207,1,"TM2D3"
0.00666754057872378,2.44043151600646,0.115,0.08,1,"OAS3"
0.0066756766689257,0.1884481561504,0.433,0.714,1,"POU2AF1"
0.00668920644317895,0.846574843891396,0.176,0.283,1,"TBC1D9"
0.00669651950580155,0.998912245894224,0.047,0.092,1,"BRAT1"
0.00674832589110437,0.92231834738748,0.09,0.155,1,"MTG2"
0.00676478574033492,1.23443062037151,0.056,0.105,1,"NVL"
0.0067761449672468,2.09156060168296,0.14,0.106,1,"NOB1"
0.00677645963599054,1.33508296707444,0.034,0.072,1,"ALG6"
0.00678204349001913,1.24156798873779,0.061,0.112,1,"THAP3"
0.00678264550586672,1.11741123014977,0.138,0.226,1,"KATNBL1"
0.006794800994164,0.692246338142748,0.131,0.213,1,"USP47"
0.00680306300214603,1.26300402931864,0.025,0.059,1,"PXMP2"
0.00682671677133542,2.34387159640331,0.194,0.167,1,"BCL10"
0.0068272407050093,0.705699311874997,0.079,0.137,1,"HGS"
0.00683696577202978,0.986304997317935,0.034,0.072,1,"MLLT1"
0.00685709040735926,1.95978716816606,0.19,0.159,1,"ASAP1"
0.00686703503720834,1.93014220486828,0.221,0.197,1,"CTNNB1"
0.00687036723750679,1.24846690839659,0.142,0.234,1,"ATG101"
0.00687155089906681,0.0820153973405562,0.02,0.052,1,"LSS"
0.00689513584735765,1.09990946673422,0.025,0.059,1,"ZNF747"
0.00690115910326867,0.300200387899842,0.047,0.091,1,"FAM234A"
0.00692467442759014,1.01641269740037,0.481,0.631,1,"EIF5"
0.00693646810947115,1.52936324328827,0.49,0.635,1,"MARCKS"
0.00702517161837405,0.563325319052669,0.038,0.079,1,"PPP1R37"
0.00703101294917113,1.12584117446557,0.178,0.29,1,"NRBP1"
0.00703980270042921,0.817163089771634,0.063,0.114,1,"CREBL2"
0.00705096717197819,1.2914691249878,0.122,0.203,1,"TXNDC9"
0.00710877326393663,1.07469576591223,0.099,0.168,1,"ARL8B"
0.00712003692394146,0.261483019589207,0.226,0.348,1,"HIST1H1D"
0.00714642343025925,0.879438132477913,0.219,0.356,1,"UBE2K"
0.00716793825348693,1.09724840148108,0.027,0.062,1,"RPUSD2"
0.00717525437396072,0.695993439878551,0.135,0.218,1,"ATP11B"
0.00718500884877465,0.46001079426937,0.034,0.071,1,"HECTD3"
0.00718724087644007,-0.11041923179281,0.025,0.058,1,"PLEKHG2"
0.00719900733849095,0.82774932841293,0.065,0.118,1,"SERTAD3"
0.00723012129600372,0.959853098198148,0.223,0.361,1,"MARCH6"
0.00726875943849814,1.06948659991532,0.086,0.147,1,"MR1"
0.00728579193470627,0.510369003072406,0.023,0.055,1,"MYPOP"
0.00731970591051782,1.04767537399569,0.059,0.108,1,"RFT1"
0.00735754776837814,1.10372001861521,0.133,0.217,1,"IPO7"
0.00735965361617516,0.781164477652115,0.255,0.415,1,"NMT1"
0.00738552385499435,1.03799347289185,0.196,0.321,1,"PPP1R35"
0.00739400086902455,0.57895501182115,0.023,0.055,1,"ZNF579"
0.0073959326772476,1.41419999089362,0.174,0.286,1,"CMTM7"
0.00743877444381419,1.60490526913916,0.381,0.462,1,"COX7A2L"
0.00744329485024889,3.73526153670814,0.065,0.037,1,"TIMM8A"
0.00745779693949296,0.954071991168668,0.061,0.11,1,"VPS16"
0.0074827360140405,1.33204348706329,0.223,0.371,1,"YTHDF2"
0.007487525245673,2.15076114157769,0.251,0.24,1,"STIM2"
0.00748839313761045,0.527148880357147,0.065,0.117,1,"DDX19A"
0.00750322616171924,1.41025792610901,0.113,0.187,1,"UBXN6"
0.00752952592308351,0.285058163768524,0.025,0.058,1,"FCER1G"
0.00757570678118808,0.950391154988219,0.05,0.095,1,"SLC35B2"
0.0075916393036134,0.693766309093649,0.036,0.075,1,"GZF1"
0.00760210023471893,1.22063444465059,0.065,0.118,1,"STAM2"
0.00762474983594393,2.0090647994913,0.284,0.292,1,"MAF1"
0.00764177372901139,0.641714971640642,0.072,0.126,1,"CARM1"
0.00773233886728118,1.64187985488898,0.226,0.203,1,"SETD2"
0.00773459353438472,0.336953307825406,0.05,0.094,1,"HIST3H2A"
0.00775350751788896,0.755101590775114,0.095,0.159,1,"STX17"
0.00776992938012687,2.32500748777139,0.068,0.039,1,"MAP3K3"
0.00782996556615892,2.33408334087541,0.122,0.088,1,"EXOSC9"
0.0078498798914215,0.981451957269945,0.242,0.396,1,"SPINT2"
0.00787952092453464,0.679889740335065,0.038,0.078,1,"VAT1"
0.00789398254727465,1.10925807908644,0.07,0.124,1,"STX18"
0.00790150520822101,0.928011334686428,0.201,0.322,1,"DYNC1H1"
0.00790610159169226,2.208683837093,0.147,0.113,1,"KIAA0355"
0.00791006667499344,0.979885546645905,0.099,0.166,1,"ANKIB1"
0.00796839153474329,-0.556589761251245,0.02,0.051,1,"LINC00539"
0.00797881824720305,1.17657649854873,0.106,0.176,1,"CTNNA1"
0.00800246197182384,1.25766214857519,0.156,0.255,1,"TSR3"
0.00800455718198458,1.25298471784312,0.086,0.147,1,"BORCS5"
0.00803216954256204,1.85748803539179,0.138,0.104,1,"ESYT1"
0.00806807005149317,1.00610252246252,0.065,0.117,1,"RRNAD1"
0.00810579575603605,0.579677249863576,0.038,0.078,1,"NDRG3"
0.00814079164073643,1.24809347644694,0.054,0.101,1,"MIEF1"
0.00815917961861445,1.05229562040877,0.192,0.308,1,"FAM120A"
0.00819110615791808,0.693132054793641,0.165,0.261,1,"CDK14"
0.00819809534604239,1.54925088346081,0.02,0.051,1,"DPY19L4"
0.00820107377956284,0.984502029328008,0.065,0.117,1,"ELAC2"
0.00821856033850536,1.91496196567393,0.117,0.083,1,"TLR7"
0.00823695023797151,0.747901119184405,0.02,0.051,1,"REEP4"
0.00824203650722788,0.89184656104192,0.097,0.16,1,"ABCD4"
0.00824784902598578,0.95444715274316,0.068,0.12,1,"SLC30A9"
0.00825253827867645,0.627643516737519,0.02,0.051,1,"TOM1L2"
0.00827335940787221,0.518679438959917,0.045,0.087,1,"RAB24"
0.00828598070591195,3.08994071151818,0.086,0.055,1,"WDR34"
0.00831309834795751,0.96423339264362,0.081,0.139,1,"GABPA"
0.00834131961467815,1.01104816596762,0.09,0.153,1,"MAEA"
0.00837926197418093,0.214067229195435,0.023,0.054,1,"KCTD10"
0.00840989625308991,0.997276057870753,0.081,0.139,1,"ZC3H14"
0.00845548625956328,1.26994937871815,0.061,0.11,1,"ERI3"
0.00848168151936415,2.10546637649226,0.079,0.048,1,"SKI"
0.00848608070246357,0.956424908358898,0.032,0.068,1,"ABCD3"
0.00848734794939208,2.34060312151447,0.185,0.158,1,"PTRHD1"
0.0084977971953697,0.938834872645414,0.163,0.261,1,"MPHOSPH10"
0.00850391119167286,1.13408745825303,0.102,0.169,1,"RETREG2"
0.0085068672895271,0.589626673123183,0.032,0.068,1,"RRP12"
0.0086092897631823,1.19211218321003,0.043,0.084,1,"CGRRF1"
0.00863050519190735,1.24294444038157,0.104,0.172,1,"ASB8"
0.00863447600652456,1.37863521350006,0.043,0.084,1,"STX2"
0.00864340205155386,0.641168870083308,0.023,0.054,1,"CHKA"
0.00867982232593677,3.20600016237379,0.05,0.025,1,"ABR"
0.00868644770110615,1.25853592182232,0.047,0.091,1,"NUDT16"
0.00872982112110841,0.667759548458495,0.036,0.074,1,"QSOX1"
0.00873043879334735,1.44719491808643,0.023,0.054,1,"COG8"
0.00873876196651068,2.13082463454798,0.135,0.102,1,"CXorf38"
0.00875877920583846,0.761475416860699,0.327,0.558,1,"H2AFV"
0.00876985367525153,0.841194956119126,0.034,0.071,1,"HMGCR"
0.00877232902425701,2.16056059769401,0.244,0.234,1,"HSPA4"
0.00879355245109271,0.75138675287958,0.059,0.106,1,"GTF3C1"
0.00888061815774221,0.568031608784792,0.564,0.763,1,"NDUFB11"
0.00890653048277784,0.602426173819673,0.038,0.077,1,"AP3S2"
0.00900738629130148,0.935696421583646,0.244,0.399,1,"RARRES3"
0.00901467858692379,1.78458760881712,0.296,0.305,1,"RABGAP1L"
0.00908611790908275,1.3847281068191,0.113,0.187,1,"MTX2"
0.00910906286055365,2.2272661791579,0.226,0.209,1,"FNTA"
0.00917476562173629,2.2245859397448,0.163,0.131,1,"CHD8"
0.00917730748979659,1.35201984493019,0.084,0.143,1,"DHRS4L2"
0.00920106840740774,0.653505880899302,0.047,0.09,1,"RPUSD1"
0.00920241312758602,0.860598094025644,0.045,0.087,1,"GORAB"
0.00920768688888592,2.13086791741961,0.167,0.136,1,"RPRD2"
0.0092763770673463,0.809691976671775,0.027,0.06,1,"PIK3R4"
0.00933273939009151,0.558785021730297,0.034,0.07,1,"NPIPB15"
0.00933884964752731,0.969802439301078,0.081,0.138,1,"CCDC84"
0.00936708611522092,1.55815252105477,0.084,0.142,1,"STRN3"
0.00937293638869663,2.32048192232082,0.108,0.075,1,"SP4"
0.00938303843394091,1.41033727959356,0.115,0.19,1,"MPV17"
0.0094161468414117,0.846141498786883,0.293,0.495,1,"MRPL33"
0.00942733491601057,1.07497796382843,0.106,0.175,1,"FRA10AC1"
0.00944767730720556,0.934031610964772,0.07,0.122,1,"RFX1"
0.00947257546041996,1.0545997930192,0.14,0.226,1,"TDG"
0.00948148790138694,1.01244016912843,0.041,0.08,1,"UBE2D4"
0.0095018233958285,0.238198296714093,0.063,0.111,1,"TRRAP"
0.00957477843611218,0.297119283283114,0.036,0.073,1,"PIGN"
0.00958435931639147,2.01837026012568,0.269,0.271,1,"MAT2B"
0.00958719275512297,0.907499138981443,0.041,0.08,1,"RNF185"
0.00959162386639339,1.47000172858215,0.07,0.122,1,"COQ9"
0.00960397638365478,-0.134656012126569,0.023,0.053,1,"TRBC1"
0.00960824572396927,2.1260202864254,0.147,0.114,1,"RPS6KA5"
0.0096651847098744,1.05792928020619,0.205,0.333,1,"MED4"
0.00973143113614445,2.45434259575438,0.093,0.061,1,"B3GNT2"
0.00979234238961834,1.11275371711495,0.102,0.168,1,"SENP5"
0.00979725288961428,0.394978155125782,0.023,0.053,1,"KANSL1L"
0.00988147677367693,0.89739818284433,0.054,0.099,1,"CHAMP1"
0.00989627343746846,1.98567831663642,0.156,0.124,1,"CBL"
0.00990501574883132,0.911755139350788,0.032,0.067,1,"HSDL1"
0.00991546795948117,1.15556971466236,0.072,0.125,1,"ARL5B"
0.00991734714929916,0.6146478363295,0.047,0.089,1,"LRIG2"
0.00997242259387189,1.69856341973765,0.084,0.142,1,"C16orf74"
0.00999941232037603,1.04261691458487,0.047,0.09,1,"RAB39B"
0.010008676807563,2.58837303204588,0.093,0.061,1,"HERC6"
0.0100098019274527,1.15847755044031,0.061,0.109,1,"LETM1"
0.010020075819347,1.26931424907668,0.474,0.648,1,"S100A11"
0.0100571614482887,0.943756704574502,0.257,0.426,1,"UQCRFS1"
0.0101353566107242,0.526946746271253,0.025,0.056,1,"GALC"
0.010279762297124,0.952512717925426,0.278,0.463,1,"CALM3"
0.0102939849688304,0.373779729600845,0.084,0.14,1,"ZFPL1"
0.0103091904293277,1.14469915294614,0.219,0.356,1,"ABCF1"
0.0103121354177382,1.95555674717204,0.271,0.272,1,"WTAP"
0.010313476263712,1.72670908124549,0.07,0.041,1,"ITPK1"
0.010327215411074,1.04987146045462,0.447,0.551,1,"SRSF11"
0.0103803096286027,1.5012462572216,0.354,0.407,1,"ARHGDIA"
0.0103851975805883,1.15375486366608,0.059,0.106,1,"HSDL2"
0.0104120553113687,1.29075470835886,0.054,0.099,1,"FBXO8"
0.010460100859438,0.973628484542816,0.043,0.083,1,"PSMD5"
0.0105161401399931,0.876181912832081,0.061,0.108,1,"KRT19"
0.0105220449108137,0.855334913946256,0.264,0.429,1,"NCF4"
0.0105311809663734,1.02369496284839,0.038,0.076,1,"AIMP2"
0.0105413489063626,0.891889807404643,0.485,0.669,1,"PRELID1"
0.0105654065205277,1.09796547076876,0.117,0.19,1,"FBXO9"
0.0105681162343883,1.79242734389549,0.153,0.122,1,"FAM172A"
0.0105870769329771,2.60233194123971,0.117,0.086,1,"ARL6IP6"
0.0105886935731166,1.08226489563998,0.181,0.286,1,"ZCCHC6"
0.0106131573908898,2.9877681595331,0.054,0.029,1,"AL392172.1"
0.0106501050518811,1.85977117971176,0.095,0.064,1,"KCTD5"
0.0106613359991169,0.959863333906222,0.025,0.056,1,"NUP50-AS1"
0.0107088031860973,0.896624711440358,0.027,0.06,1,"NKIRAS1"
0.0107223764508127,0.902526391712384,0.108,0.176,1,"CLASRP"
0.0107296798977421,2.01536241223877,0.205,0.183,1,"PDS5A"
0.0107313335390219,1.2298583530101,0.158,0.255,1,"SLC25A11"
0.0107505822120532,1.32686557789252,0.063,0.112,1,"CTU1"
0.0107586649237125,1.89270285992446,0.269,0.271,1,"UBE2A"
0.0107885518485766,1.02151361277472,0.047,0.089,1,"ACTR8"
0.0108179272329998,0.34180655112559,0.027,0.06,1,"TRUB1"
0.0108319109049153,1.26830038267082,0.233,0.372,1,"AMD1"
0.0108674311821408,3.48971196797477,0.052,0.028,1,"MCM6"
0.0109004178030216,2.38535007547835,0.072,0.044,1,"ZFP90"
0.0109085340681772,0.772865980021586,0.551,0.767,1,"BST2"
0.0110599772933278,1.2768960321675,0.16,0.259,1,"NUDCD2"
0.0110954383528636,0.779156749186002,0.363,0.623,1,"VOPP1"
0.0111341936999083,1.1454094436732,0.059,0.105,1,"GLI4"
0.0111646609957735,0.994552761316369,0.034,0.069,1,"NUP188"
0.0111856006228513,1.50156254771102,0.068,0.118,1,"DNAJC30"
0.0111936429780183,1.18167698134852,0.072,0.124,1,"AGPAT3"
0.0112491560791895,1.37797812257821,0.12,0.195,1,"RALA"
0.0112521157529532,1.15577730167766,0.187,0.3,1,"TRIM28"
0.011257492889013,1.09273347780948,0.061,0.108,1,"SGSM3"
0.0112996667500188,1.99793354641601,0.102,0.07,1,"PPP1R21"
0.011302831043314,1.3843777618843,0.043,0.083,1,"FEN1"
0.0113356805939179,1.25574707391485,0.183,0.295,1,"ATP6V1E1"
0.0113583504626408,2.00353015465155,0.196,0.172,1,"SHKBP1"
0.0113980901330844,1.02112085274331,0.063,0.111,1,"EIF1AD"
0.0113998252513439,1.04064287243864,0.059,0.105,1,"RTL8A"
0.0114177800921289,1.33266834124205,0.084,0.141,1,"ZFAND2A"
0.0114410473911083,2.08066760378732,0.163,0.132,1,"UTP6"
0.0114537855925483,1.85511245998366,0.196,0.172,1,"RGS10"
0.0114841298037757,0.740573528548032,0.023,0.052,1,"CLSTN3"
0.0115116547831239,1.32024887238613,0.305,0.314,1,"TRIM44"
0.0115429874314986,0.689245796100181,0.074,0.127,1,"DGAT1"
0.0115459115787926,0.622245951654445,0.023,0.052,1,"LIG4"
0.0115459115787926,0.780234283381747,0.023,0.052,1,"SGSM2"
0.0116347694097276,0.892987445864885,0.296,0.499,1,"PRDX6"
0.0116391796933993,1.01492497545263,0.09,0.149,1,"KIAA0141"
0.0116906078453105,0.876755030037439,0.056,0.101,1,"TRMU"
0.0117903156069217,0.571462518231873,0.036,0.072,1,"HINFP"
0.0118040420037293,2.05396063533659,0.09,0.06,1,"CHML"
0.0118122623381032,0.993164382283107,0.181,0.289,1,"GTF2B"
0.0118266074205349,1.10805321864868,0.108,0.176,1,"DCUN1D1"
0.0118316753030796,-0.0599273515740699,0.045,0.084,1,"DDX51"
0.0118789781660847,0.706539682346869,0.079,0.133,1,"RBM12"
0.0118954967915561,1.36848969481777,0.061,0.108,1,"IFT80"
0.0118980833847618,1.02719041080353,0.036,0.072,1,"GEMIN8"
0.0119138850507397,1.06161539214142,0.14,0.224,1,"RRP36"
0.0119592770143042,1.46106489876882,0.074,0.128,1,"HCCS"
0.0119690349284298,1.37055712819328,0.079,0.134,1,"FLYWCH2"
0.012004090097982,1.71893621482783,0.266,0.264,1,"H2AFY"
0.012006938139797,0.947171768912402,0.097,0.16,1,"CCNG1"
0.0120633235719053,0.619179706705369,0.555,0.749,1,"ATP5J"
0.0120802923923357,0.28198849985711,0.451,0.756,1,"ARF1"
0.0120995595611496,1.11151528124512,0.133,0.213,1,"MAGOHB"
0.0121077807672161,1.13910181223077,0.201,0.32,1,"SPOP"
0.0121964023159485,0.709189491933605,0.052,0.095,1,"UMPS"
0.0122025291767599,2.10562304618889,0.138,0.106,1,"HIPK3"
0.0122494755521994,0.827521437100591,0.025,0.056,1,"TRMT10A"
0.0122611382421153,0.890942410382427,0.047,0.088,1,"TYSND1"
0.0122818190682059,1.14160121353145,0.142,0.225,1,"PDS5B"
0.0122912950734521,1.69044668731986,0.21,0.186,1,"TIMP1"
0.0122921438553237,1.20976232128339,0.038,0.075,1,"THTPA"
0.0123092663149134,0.812501276758876,0.072,0.123,1,"SCAF1"
0.0123235369047696,1.06328280405041,0.025,0.056,1,"TMEM63B"
0.0123257655940403,2.66676890092036,0.156,0.126,1,"ISG20L2"
0.0123871790112499,0.554990402858015,0.047,0.087,1,"S100A9"
0.0123993200832613,0.837780653649358,0.217,0.343,1,"NFATC2IP"
0.0124048492857772,0.805315307925702,0.099,0.161,1,"OAZ2"
0.0124509568439549,1.19876637671278,0.445,0.579,1,"PTP4A2"
0.0124723781878625,0.490573627866053,0.12,0.189,1,"SLPI"
0.0124748582741265,0.581473095140267,0.027,0.059,1,"SLC25A20"
0.0125467406197273,1.37599898090168,0.418,0.519,1,"KTN1"
0.012580015465199,0.862072165207845,0.029,0.062,1,"BCKDHB"
0.0126084290759787,2.26199832850828,0.226,0.213,1,"PRKACB"
0.0126180347800632,0.617242412094828,0.032,0.065,1,"ARIH2OS"
0.0126243005650196,1.01105290477995,0.056,0.101,1,"CDC23"
0.0126272610364105,1.18061048466809,0.111,0.18,1,"NFYB"
0.0126502855480872,1.24576731154937,0.23,0.376,1,"MRPL18"
0.0126632379655254,2.60072653729752,0.081,0.052,1,"RNF135"
0.0126642020409166,0.995374146801673,0.061,0.107,1,"PHTF1"
0.0127180117035148,0.990678828513596,0.077,0.129,1,"SESN1"
0.0127406901740178,1.0978340587003,0.072,0.123,1,"MSH3"
0.0127557477492562,0.338975837415915,0.056,0.1,1,"ANXA1"
0.012757272133923,1.37363499793187,0.151,0.244,1,"TMEM126A"
0.0128166075114859,1.31579204336014,0.054,0.098,1,"SPAST"
0.0128300573363877,1.01311141448085,0.072,0.123,1,"DUSP12"
0.0128669670954352,2.44726004343753,0.115,0.084,1,"SLC15A4"
0.012904467527807,2.19978670697487,0.124,0.093,1,"BZW2"
0.0129063025800807,2.17075546743518,0.178,0.152,1,"BECN1"
0.0129298738649343,2.66242876462667,0.072,0.044,1,"SNX11"
0.0129528832343792,0.929882852141615,0.142,0.226,1,"SMAP1"
0.0129830255028021,1.10439421991279,0.036,0.071,1,"TPMT"
0.0130009474428111,1.26651151128846,0.056,0.101,1,"CNOT11"
0.0130049892351885,0.353400034271126,0.065,0.113,1,"METTL3"
0.0130772317853375,1.4177879603415,0.372,0.439,1,"DHX36"
0.0130815332287688,0.872757933268685,0.106,0.169,1,"DHTKD1"
0.0131767657957364,1.03345126838482,0.108,0.174,1,"SLC25A28"
0.0132051443821426,1.87822543674465,0.316,0.346,1,"TMEM123"
0.0132587494465151,1.39411159082666,0.131,0.21,1,"TOR1AIP2"
0.0132722508707596,1.01453706719336,0.253,0.413,1,"PSMD13"
0.0133088270373222,2.19887505605136,0.174,0.146,1,"PGGT1B"
0.013317527359673,1.94830872138922,0.185,0.159,1,"RCC2"
0.0133362781217435,1.84947299523212,0.282,0.293,1,"ATG12"
0.0133758804128701,1.29952769250348,0.172,0.275,1,"EIF4E"
0.013385670218124,1.52056361274528,0.415,0.546,1,"C9orf16"
0.0134094427515729,0.881027590824868,0.047,0.087,1,"NCOA5"
0.0134525015063015,1.37780054554511,0.379,0.438,1,"DDX6"
0.0134708358041809,0.948796103132513,0.106,0.171,1,"CORO1C"
0.0135867608548857,2.39303691609972,0.158,0.129,1,"FAM49A"
0.013601047411032,1.28827004089145,0.093,0.153,1,"RDH11"
0.0136269126242573,1.12399160853272,0.219,0.353,1,"MFF"
0.0136303817689387,1.33049189246549,0.045,0.084,1,"ZNF780B"
0.0136663458062002,1.04975683252804,0.054,0.097,1,"GDAP2"
0.0137367747846013,1.32592408632647,0.05,0.091,1,"ATG2A"
0.0138107069500604,-0.0479229312816085,0.041,0.077,1,"EPCAM"
0.0138338596684479,0.742927016336619,0.027,0.058,1,"AGAP6"
0.0138697519681875,1.16594371700365,0.167,0.261,1,"NUMB"
0.0139838705963155,0.589872871219655,0.027,0.058,1,"HEATR5A"
0.0140199031919101,0.845342145845296,0.041,0.078,1,"RASA1"
0.0140236422818651,0.761190583324222,0.072,0.122,1,"CLASP2"
0.0140756495994603,1.64246770625847,0.23,0.214,1,"MTCH1"
0.014079490042804,1.00800325100081,0.05,0.091,1,"PUS3"
0.0141391229136552,2.03107689377532,0.278,0.292,1,"SUPT4H1"
0.0141745294958886,1.01477114615673,0.079,0.132,1,"MAP3K11"
0.0141825553770159,0.991196826434971,0.065,0.113,1,"IMPA1"
0.0142245788689875,1.1484739804505,0.063,0.11,1,"RAD51C"
0.0142937712755818,0.960676477770614,0.061,0.106,1,"CDKAL1"
0.0143236949988817,0.891915360531174,0.027,0.058,1,"TMEM135"
0.0144387367350262,0.903474385018246,0.056,0.099,1,"ZSWIM8"
0.0144756346075884,1.84324945736141,0.239,0.226,1,"PPP4R3A"
0.0145961529620869,2.20831725031663,0.165,0.138,1,"DCTPP1"
0.0146007294431256,2.60747382782807,0.061,0.036,1,"RHOBTB2"
0.0146030084024085,1.13579564152002,0.034,0.068,1,"PKD1"
0.0146522026550632,1.18835747011914,0.106,0.172,1,"ELOA"
0.0146580942100523,2.08962692772465,0.117,0.087,1,"HPS3"
0.0146914174477307,0.911734820686335,0.032,0.064,1,"TTC33"
0.0147427483595394,2.23114900151508,0.194,0.173,1,"KIF2A"
0.0147432098698066,0.61149649392118,0.059,0.102,1,"USPL1"
0.0147439517775442,1.48761220357935,0.054,0.097,1,"FAM168B"
0.0147555557408899,1.49153943639068,0.108,0.176,1,"RDH14"
0.0147598978588996,0.959734792992598,0.088,0.145,1,"ZFAND2B"
0.0147742837555662,0.984387619620461,0.181,0.282,1,"CAND1"
0.0147925402975027,2.39353548707662,0.054,0.03,1,"TRAF1"
0.0148389433576512,0.635292553979534,0.034,0.068,1,"GTF2IRD2B"
0.0148842917204545,1.13373705908633,0.451,0.609,1,"ERH"
0.0148956891300713,1.34579844323535,0.054,0.097,1,"DLAT"
0.014928563192977,1.11676256012956,0.052,0.094,1,"RNASEH2A"
0.0149317502282671,0.877784936456202,0.029,0.061,1,"PUDP"
0.0149799472004289,2.381090224672,0.079,0.051,1,"NBPF12"
0.0149958219453195,2.07568183073523,0.19,0.167,1,"RELA"
0.0150209514716602,0.956978406949818,0.034,0.068,1,"IPP"
0.0150928721298597,0.908424990240995,0.043,0.08,1,"SLC38A9"
0.0151077110161546,1.16856698765673,0.122,0.195,1,"C8orf33"
0.0151472200353074,1.14461129854703,0.034,0.068,1,"NSUN3"
0.0151643509006259,2.1028800672327,0.079,0.051,1,"FGD3"
0.0151801284096889,2.28375067805074,0.095,0.065,1,"MANBA"
0.0152085381849874,1.12926189758528,0.045,0.083,1,"AARSD1"
0.015255211669379,1.97308715655571,0.153,0.124,1,"TLR6"
0.0153068576097608,1.1446446923172,0.072,0.122,1,"COG5"
0.015341501086037,0.567067244020926,0.07,0.118,1,"VPS37A"
0.0153876427720421,0.844300731374103,0.093,0.15,1,"ATG4B"
0.015520747957741,1.18027232514297,0.079,0.131,1,"DPP9"
0.0155287747968088,1.85542450213934,0.327,0.367,1,"KIF5B"
0.0155300015459599,2.01293082442547,0.21,0.193,1,"CDC123"
0.0155321895786853,0.473032358409818,0.023,0.051,1,"DOCK7"
0.0155383662087414,2.06557660867969,0.217,0.2,1,"PPP3CC"
0.0155395964518,2.76897083607174,0.12,0.09,1,"GLTP"
0.0156656769983713,2.20337648202478,0.074,0.047,1,"NBEAL2"
0.0156748027313967,1.17537124862239,0.102,0.164,1,"GTPBP6"
0.015689595092034,2.33655386400778,0.052,0.029,1,"FAM20B"
0.0157259730581831,2.54492477968109,0.081,0.053,1,"SLC12A2"
0.0157956812967895,0.884686022161461,0.201,0.31,1,"EPM2AIP1"
0.0158443168332855,2.28172199465314,0.093,0.064,1,"FAM122B"
0.0158449815075908,0.895366416431185,0.097,0.156,1,"CUL1"
0.0158596751938816,0.584322355253493,0.104,0.164,1,"WDR70"
0.0158889933066155,0.742127545402163,0.023,0.051,1,"URGCP"
0.0159104278006472,2.02698671442019,0.21,0.194,1,"ABT1"
0.0159916977494465,1.71230589502854,0.318,0.35,1,"RPL7L1"
0.0160039095113873,1.75606740415976,0.251,0.244,1,"AFTPH"
0.0160068504257949,0.508431010476939,0.025,0.054,1,"MXD3"
0.0160186691523209,0.497066293130911,0.047,0.086,1,"OPA3"
0.0160801471925146,1.7524804598856,0.23,0.216,1,"WDR82"
0.0160817760179869,2.26108757646643,0.081,0.053,1,"BLM"
0.0161667061431108,1.60854254214234,0.33,0.376,1,"PHB"
0.0161735245761465,1.17350151860931,0.153,0.242,1,"MRPL4"
0.0163018232221492,0.169342250411832,0.038,0.073,1,"D2HGDH"
0.0163067866285849,0.838700138706466,0.025,0.054,1,"TNFSF13B"
0.0163335812813026,1.91420465835141,0.183,0.156,1,"JOSD1"
0.0163394525351486,1.92330720262335,0.203,0.184,1,"NMI"
0.0163987885284249,0.297543451841123,0.047,0.086,1,"TDP1"
0.0164100607073685,0.983343367781031,0.117,0.187,1,"BMS1"
0.0164713154383825,0.454227112839005,0.032,0.064,1,"BCAM"
0.0165102570357201,0.781118201565844,0.056,0.098,1,"ST6GALNAC6"
0.0165462421645017,1.25468184380824,0.138,0.217,1,"USP11"
0.0165510996442718,0.923899914958732,0.061,0.106,1,"GLB1"
0.0165864146774562,0.979157624974223,0.097,0.156,1,"MAPKAPK5-AS1"
0.0165986956122707,2.36517644811864,0.149,0.121,1,"USP1"
0.0166251751878103,0.89613706735945,0.032,0.064,1,"PIP5K1C"
0.0166528905287955,2.81689502168457,0.056,0.033,1,"STK39"
0.0167346233847298,1.54189931521087,0.323,0.359,1,"APOBEC3C"
0.0167398397685969,1.87198867428175,0.246,0.241,1,"ZNF652"
0.0167558292869187,0.274069550239635,0.038,0.073,1,"TUBGCP5"
0.0168015151813683,0.733122472432212,0.034,0.067,1,"SLC27A5"
0.0168334802119718,2.31883933173898,0.138,0.109,1,"MFNG"
0.0168384878265367,1.09814658036252,0.235,0.377,1,"C4orf48"
0.0169163208417327,0.978948836003022,0.095,0.153,1,"HLTF"
0.0169361300083363,1.4170960267652,0.126,0.2,1,"DHX30"
0.0170137210664502,0.836484243421562,0.052,0.092,1,"EIF5AL1"
0.0170178920851666,1.21149723729749,0.46,0.636,1,"DRAP1"
0.0170346929824047,2.04319241096279,0.135,0.106,1,"PLEKHM2"
0.0170809913997736,1.98775171486089,0.233,0.223,1,"UBA2"
0.0171207550904789,1.27949219536709,0.032,0.064,1,"PEX10"
0.0171449546696363,0.918617520158444,0.07,0.118,1,"WDR36"
0.0171543379306041,1.53187099373846,0.386,0.481,1,"DNAJC8"
0.0171638749329357,1.34162239256107,0.05,0.089,1,"TEX261"
0.0171996115175757,1.96952986516171,0.212,0.194,1,"DDX39B"
0.0172687156450507,0.940357165381623,0.074,0.124,1,"DDX10"
0.0172777354100979,3.21185361772259,0.054,0.031,1,"ZNF836"
0.0172804698302002,1.51450216262531,0.106,0.171,1,"GOLGA7"
0.0172915836375415,1.74823357907717,0.102,0.071,1,"KRI1"
0.0173128378323682,1.73590809691665,0.065,0.112,1,"INO80C"
0.0173714788191651,1.51149354962622,0.068,0.114,1,"RANBP9"
0.0174086460088452,1.28057747990741,0.142,0.225,1,"HMOX2"
0.0174168649432514,2.07919372997319,0.124,0.095,1,"WIPF2"
0.0174414079345102,2.41106427497686,0.079,0.052,1,"HIF1AN"
0.0174461355279029,1.0420501075751,0.034,0.067,1,"FER"
0.0174498194675177,1.81330459062404,0.102,0.071,1,"USP24"
0.017511774996185,1.03637588899797,0.034,0.067,1,"ALKBH4"
0.0175243009850661,0.545923773562879,0.386,0.66,1,"ATP6V0B"
0.0175311185757861,0.988994781136898,0.124,0.195,1,"RNF168"
0.0175915159219863,1.14537007737567,0.036,0.07,1,"POLR3H"
0.0176317015206033,1.06663096262325,0.095,0.153,1,"YY1AP1"
0.0176701937952654,0.873920691831317,0.034,0.067,1,"PANK4"
0.0176945997055837,0.985462876327794,0.093,0.149,1,"RPS6KB1"
0.0177598168769765,1.06854679025689,0.09,0.146,1,"KDM1A"
0.0177855737637219,1.14499794317917,0.447,0.6,1,"ATP5B"
0.0177956057042108,0.88676104814696,0.052,0.092,1,"MTRR"
0.0177989808953051,1.66579480658777,0.036,0.07,1,"TRMO"
0.0178324744670724,0.584385236473204,0.023,0.05,1,"TRAM2-AS1"
0.0179166191623334,1.23223840850752,0.036,0.07,1,"MSANTD3"
0.0179844043842778,1.66383375276046,0.045,0.083,1,"MT1F"
0.01800977782176,0.318007702469179,0.025,0.053,1,"NPIPA1"
0.0181793924570586,1.39545962822215,0.097,0.156,1,"LINS1"
0.0181857323446423,0.988248620450807,0.041,0.076,1,"CDK7"
0.0181959783005039,1.12573382695177,0.104,0.165,1,"C6orf106"
0.0182213407456916,0.834627603035273,0.05,0.088,1,"E4F1"
0.0183167263613662,2.74401806901951,0.061,0.037,1,"STRADB"
0.01833323866387,2.69675490051285,0.072,0.046,1,"GCLM"
0.0184117709016918,0.794513072956936,0.023,0.05,1,"FBXO30"
0.0184185186169737,1.3433943090358,0.397,0.493,1,"CBX3"
0.0184969133414234,0.513628260388637,0.027,0.056,1,"MCM9"
0.0185232003817774,1.13265762351711,0.023,0.05,1,"SAAL1"
0.0185241480390626,1.33760749720982,0.074,0.124,1,"WDR20"
0.0185869289620591,0.865735914974593,0.052,0.091,1,"MTOR"
0.0185906265252806,1.32004507042254,0.063,0.108,1,"EYA3"
0.0186191827885215,1.67068237877973,0.023,0.05,1,"AL512625.1"
0.0186544431074248,0.382200025092286,0.032,0.063,1,"PACS2"
0.0186979621651211,1.79596468446308,0.108,0.173,1,"UBL3"
0.0187763433367602,2.31840210996108,0.108,0.079,1,"ZNF708"
0.0187837350493203,0.651195911404202,0.027,0.056,1,"AREL1"
0.0188543550301732,1.91184442586979,0.093,0.064,1,"SLC2A6"
0.0188651445099472,1.33276382450218,0.09,0.147,1,"ETHE1"
0.0188756965598095,0.899334811823988,0.28,0.459,1,"NDUFAF8"
0.0189026022792385,1.59799399100282,0.061,0.105,1,"WRB"
0.0189218644957399,2.19480018748858,0.054,0.031,1,"ARSD"
0.0189691858988671,0.948596734188931,0.041,0.075,1,"ATP11A"
0.0190355306297503,2.56580264745751,0.052,0.029,1,"PDP1"
0.0190550347478466,1.08008714795811,0.052,0.091,1,"KDM4A"
0.019220045236787,1.03013323625631,0.129,0.2,1,"FAM208B"
0.0192332448900833,1.66316274026454,0.219,0.202,1,"KAT6A"
0.0192828551567189,1.18026735884786,0.088,0.142,1,"PAK1"
0.0193196389161245,1.00447660960325,0.038,0.072,1,"NMT2"
0.0193201324747357,0.600681976408673,0.068,0.113,1,"VPS8"
0.0193402259283717,1.03286200801062,0.043,0.079,1,"CCDC102A"
0.0193639063871454,0.95033629527532,0.208,0.326,1,"UPF3A"
0.0194028912457352,1.04702005042129,0.036,0.069,1,"ZBTB48"
0.0194318387541833,1.67288638487933,0.072,0.121,1,"CISD3"
0.0194629327725686,0.994121719453472,0.027,0.056,1,"DHRS12"
0.0195471992543274,2.289265847611,0.153,0.127,1,"CYB5B"
0.0196786187348009,1.94675841982974,0.269,0.276,1,"ARL6IP1"
0.0197854802581048,1.08280361297959,0.032,0.063,1,"ZNF550"
0.0198097147504116,1.09383753353922,0.056,0.098,1,"ATP2C1"
0.0198344695368801,1.29005846502147,0.165,0.259,1,"SYNGR1"
0.0198526308810437,2.87325882652766,0.079,0.052,1,"STRN"
0.0198944807244528,0.685652039180976,0.108,0.17,1,"MGRN1"
0.0199554659958523,1.49880885291411,0.086,0.14,1,"BORCS6"
0.0201621138869636,1.16325967090668,0.124,0.195,1,"YAF2"
0.0201851252845631,2.30957985309282,0.185,0.164,1,"CHMP2B"
0.0202634591342187,2.42875311506084,0.124,0.096,1,"BRI3BP"
0.0202723527679823,1.50261077082284,0.176,0.15,1,"SPPL2B"
0.0202738070430604,1.29946638584894,0.183,0.288,1,"POP5"
0.02032770515547,2.27541649404165,0.133,0.105,1,"FBXO21"
0.0203832107911215,3.50295217052952,0.05,0.028,1,"FCHSD1"
0.0203912734269318,1.20581317633364,0.047,0.085,1,"GPN2"
0.0204445530612814,0.334164414539837,0.041,0.075,1,"SMPD4"
0.0204663633036924,1.10188585951697,0.084,0.135,1,"ERCC6L2"
0.0205556414360912,0.262945396561386,0.036,0.068,1,"MTPAP"
0.0206943387339844,1.16169614517423,0.061,0.104,1,"SRRD"
0.0207347930818825,0.735656573573425,0.074,0.122,1,"IGFBP2"
0.020736747236773,1.85566858217913,0.223,0.21,1,"EVI2A"
0.0207453689694244,1.29299087215115,0.14,0.218,1,"SDAD1"
0.0209059282179329,0.80676564329207,0.251,0.388,1,"RBM33"
0.0209073148070784,1.35285344988671,0.084,0.136,1,"MVB12A"
0.0209169267353519,1.27562743619447,0.442,0.562,1,"HP1BP3"
0.0212078915872082,0.973107122869226,0.102,0.16,1,"UBN1"
0.0212329321370595,1.39122424859655,0.097,0.156,1,"PCNA"
0.021301671810326,0.517595453849031,0.032,0.062,1,"PICK1"
0.0213122736079036,1.07935260777031,0.065,0.11,1,"ARL17A"
0.0213399968996547,0.682754617580316,0.034,0.065,1,"PCYT2"
0.0213530743926454,0.569448483367223,0.038,0.071,1,"C1QA"
0.0213889356885339,0.863472971519087,0.025,0.052,1,"RIC8B"
0.0213913627299819,0.8964048173885,0.169,0.257,1,"PPP1R15B"
0.0214412640909926,0.628715679557362,0.045,0.081,1,"ATL2"
0.0214531601058158,0.653102585157292,0.027,0.056,1,"GNB1L"
0.0214847453266098,1.01837842043637,0.063,0.106,1,"MGAT4B"
0.0215152433574319,0.612761431706186,0.061,0.102,1,"TOB1"
0.0215467600869993,1.0722057723477,0.056,0.097,1,"KIAA0232"
0.021604064991869,1.89329930610138,0.122,0.093,1,"AP1G2"
0.0216126800959663,1.10848485803032,0.14,0.218,1,"TMX1"
0.0216409830491318,0.819371094161215,0.106,0.166,1,"PSPC1"
0.021658226566425,1.72110270866712,0.065,0.11,1,"FAM98B"
0.0216636529926912,1.8271557865657,0.07,0.117,1,"MRPL39"
0.0216855281928931,2.16643361353167,0.187,0.167,1,"RABEP1"
0.0217056406228162,0.448734581423913,0.034,0.065,1,"DOT1L"
0.0217133039472951,0.610103513236829,0.074,0.122,1,"L3MBTL2"
0.0217396731311977,1.4625081108292,0.102,0.163,1,"COPS8"
0.0217645212298287,1.0987536231,0.074,0.122,1,"APTX"
0.0218584338311947,1.59524742972584,0.28,0.289,1,"C19orf66"
0.0218952781588739,1.17776752401234,0.061,0.103,1,"BOP1"
0.0219235817555797,1.87734556318084,0.084,0.056,1,"ZYX"
0.0219450506885765,2.42114709960228,0.093,0.065,1,"METTL14"
0.0219580153639887,1.74381300552229,0.246,0.243,1,"LARS"
0.0220261585082455,1.06616155370325,0.027,0.056,1,"ACVR1"
0.0220569040709651,1.4606334603242,0.09,0.145,1,"RSU1"
0.0220663401228861,2.3337106483448,0.122,0.094,1,"FOXO1"
0.0221024373775356,2.14402118241997,0.16,0.135,1,"BLCAP"
0.0222274432296325,2.04240116389779,0.117,0.089,1,"C22orf46"
0.0222381984767076,2.55423075930406,0.102,0.074,1,"NOA1"
0.0223199992903015,1.0491513833152,0.043,0.078,1,"TCTA"
0.022363620147249,2.11320120713844,0.14,0.112,1,"NLRP1"
0.0224368269920627,1.26016374565452,0.034,0.065,1,"KANSL3"
0.0224472288957018,1.38740245633806,0.036,0.068,1,"SLC35D1"
0.022461291238847,1.58418890290637,0.316,0.344,1,"PDE4B"
0.0224819733794546,1.80166254086963,0.242,0.234,1,"SSPN"
0.022484817562007,0.683295987819933,0.269,0.416,1,"TMEM259"
0.022529625771987,0.862874303014192,0.239,0.373,1,"XIAP"
0.0225323316032788,1.09278427304967,0.045,0.081,1,"TFB2M"
0.0226063054219378,1.1074065202065,0.072,0.118,1,"DGKZ"
0.0226569580855056,0.939239638337146,0.174,0.268,1,"RBBP7"
0.022685865568962,0.949210787262492,0.054,0.093,1,"PCNX3"
0.0226893570860117,0.527545057417735,0.05,0.087,1,"PIGG"
0.0226903661896032,0.310126470733466,0.061,0.102,1,"NISCH"
0.0226948855469517,-0.474235152586976,0.029,0.058,1,"HSPG2"
0.0227066381404022,2.22350838409057,0.129,0.101,1,"ZNF274"
0.0227923922686632,1.3014625314774,0.138,0.215,1,"STX8"
0.0228251418252135,0.865096187652215,0.282,0.461,1,"TXNL1"
0.0228266317973173,1.40543419822321,0.077,0.125,1,"PHF10"
0.0228698059022744,1.52446209382521,0.129,0.202,1,"COMMD10"
0.0230203656703763,2.53303634147048,0.084,0.057,1,"DCAF15"
0.0231097971414269,2.05498173830934,0.199,0.183,1,"TFAM"
0.0231867043825286,1.33752228841772,0.183,0.287,1,"NBDY"
0.0232612080613808,0.975966544381048,0.088,0.141,1,"LEMD3"
0.0232997138130089,1.02319756284235,0.063,0.106,1,"HCFC2"
0.0233175389075357,1.15142433203955,0.099,0.157,1,"TMEM183A"
0.0233402378751323,2.14701344341577,0.19,0.172,1,"PRPF38A"
0.0234472674244475,1.00122329724482,0.129,0.199,1,"ACSF3"
0.023448756868787,1.38131799400762,0.041,0.075,1,"INTS5"
0.0234936442872798,2.3910207752913,0.113,0.085,1,"GGCT"
0.0235563759886539,1.26354270260197,0.097,0.154,1,"JMJD6"
0.0235602125118296,2.41208467888341,0.124,0.097,1,"SLC39A1"
0.0236036923565497,1.24478885138863,0.097,0.153,1,"TMEM80"
0.0237241119423078,1.29588661567107,0.176,0.273,1,"PCGF5"
0.023851350740242,0.885180679214233,0.287,0.465,1,"MCTS1"
0.0238602044791603,1.42375982472064,0.104,0.164,1,"LAMTOR3"
0.0239130869350396,0.989237196991686,0.181,0.28,1,"IST1"
0.0239579969125164,0.24616772364164,0.029,0.058,1,"CUL9"
0.0239839673267124,0.625635835903708,0.226,0.346,1,"LINC00969"
0.0240461703556647,0.589059028081911,0.034,0.064,1,"ZDHHC8"
0.0240745003123964,1.39085546054753,0.102,0.16,1,"PWWP2A"
0.0240934033947241,0.243389475183061,0.027,0.055,1,"AK1"
0.0241116617895689,1.96325247372318,0.23,0.222,1,"RPAIN"
0.0241519461898848,2.19300979626027,0.117,0.09,1,"ZHX2"
0.0241617480280167,2.30370972086066,0.097,0.07,1,"RRAGC"
0.024291109412838,1.4393032539844,0.183,0.286,1,"TRAPPC6A"
0.0243011407157264,0.909719412136841,0.043,0.077,1,"OASL"
0.0243404216086772,2.0582852414277,0.09,0.064,1,"ACYP1"
0.0245323949514581,2.63248555953843,0.14,0.114,1,"LHPP"
0.0245360800585044,1.30624533012963,0.131,0.203,1,"SHARPIN"
0.0245392959193345,1.61512317340564,0.228,0.215,1,"RAPGEF1"
0.0245525156133568,1.09899152975323,0.176,0.273,1,"NRBF2"
0.02461771459792,1.2333470622714,0.047,0.083,1,"GIPC1"
0.0246375704964418,1.46964243214034,0.081,0.131,1,"NKIRAS2"
0.0246633870038564,0.485435844097561,0.036,0.068,1,"ZNF692"
0.0246643850756022,0.700117968162383,0.032,0.061,1,"HAUS2"
0.0246817812030954,0.824813255524009,0.025,0.052,1,"BX890604.1"
0.0246845003896713,1.19488352867781,0.122,0.191,1,"COA5"
0.0247047284788592,1.07357567594053,0.034,0.064,1,"TNPO2"
0.0247413277401834,2.59484852096875,0.079,0.053,1,"ASH2L"
0.0247802734853497,1.07539765429175,0.156,0.237,1,"S100PBP"
0.0248103191966244,1.94598332060705,0.158,0.132,1,"SETBP1"
0.0248780492063625,0.892952977637264,0.029,0.058,1,"CHUK"
0.02491000919614,1.02534586453615,0.289,0.476,1,"TMEM160"
0.0249536173890871,2.40507174425481,0.07,0.045,1,"ZDHHC23"
0.0249858976665835,0.747547506120938,0.027,0.055,1,"PIAS3"
0.0250543160344408,0.603787180631196,0.032,0.061,1,"ZNF500"
0.025196134238837,1.1666911513375,0.041,0.074,1,"TAOK2"
0.025214431887468,1.43280640514439,0.151,0.234,1,"RNF13"
0.0252418658036576,1.14898115966061,0.032,0.061,1,"MAPK8IP3"
0.0252688351613804,1.83579187431871,0.296,0.319,1,"EPS15"
0.0252786120637671,1.99111785964395,0.19,0.172,1,"PITHD1"
0.0252916712811675,0.971651280467232,0.102,0.159,1,"NOL11"
0.025350974517187,0.922027441880027,0.068,0.111,1,"THADA"
0.0253713618203672,1.1772159980836,0.065,0.109,1,"PPP1R8"
0.025403613877712,1.02683632298436,0.097,0.153,1,"FBXO22"
0.0254129115027135,1.36758844671564,0.196,0.304,1,"DDHD1"
0.0254525157731239,2.55556323287672,0.102,0.075,1,"MTHFD1"
0.0254741856315521,1.07204069928018,0.063,0.105,1,"CLDN3"
0.0254926516465963,1.21178730192075,0.045,0.08,1,"MKRN2"
0.0255048975930106,0.591261262376824,0.309,0.496,1,"PTPN2"
0.0255803877430316,2.26118434670543,0.074,0.049,1,"OGFRL1"
0.0256143698071001,2.59237359846485,0.126,0.1,1,"ZDHHC6"
0.0256396785907166,1.54645219349112,0.032,0.061,1,"CROT"
0.0256424285082563,1.21550145509782,0.038,0.071,1,"STX11"
0.0256555256098439,1.73864822668762,0.223,0.214,1,"BNIP2"
0.0256866824059621,2.29821881462604,0.124,0.097,1,"PPTC7"
0.0257973093936293,2.20530212948992,0.104,0.077,1,"ZNF138"
0.0258155659288465,1.50781462366755,0.156,0.243,1,"ATXN10"
0.025840861141894,1.2644797884902,0.129,0.199,1,"ARMCX6"
0.0259613067980725,1.1562337510162,0.045,0.08,1,"C14orf37"
0.0260392502473679,0.674246104591539,0.045,0.079,1,"USP46"
0.0260605403135344,1.49239616814231,0.054,0.093,1,"FADD"
0.0261088464942609,0.941141130421099,0.063,0.105,1,"AP5Z1"
0.026241928746535,1.01762448435373,0.293,0.479,1,"RAD23A"
0.0262580122806153,1.0766201079347,0.106,0.165,1,"GDI1"
0.0263672821291736,0.195444834532972,0.038,0.07,1,"CTDP1"
0.0263806483426577,0.533744954790421,0.041,0.073,1,"TCEAL3"
0.0263849672827103,1.38806092593316,0.05,0.087,1,"KBTBD3"
0.026406525900931,1.2052312525771,0.095,0.15,1,"FAM104A"
0.0264952936661567,0.884201074929553,0.056,0.095,1,"NPRL3"
0.0265221259800169,1.96483569204618,0.169,0.146,1,"SLC39A10"
0.0265277671995135,2.13271854766023,0.074,0.049,1,"OXSR1"
0.0266042979391192,1.73344412456911,0.194,0.176,1,"ZNF217"
0.0266163697084905,0.827015805333355,0.052,0.089,1,"ZC3H12A"
0.0267455320544704,1.72572744868558,0.305,0.332,1,"CYLD"
0.0267664485880547,0.848755173215608,0.368,0.632,1,"MRPL20"
0.0267998950493843,1.597287565016,0.138,0.11,1,"LPCAT1"
0.0268699634636904,2.02183954741713,0.212,0.199,1,"MKRN1"
0.0270366546211669,0.634354924283737,0.056,0.095,1,"EIF4ENIF1"
0.0270944622130786,1.65992706252828,0.307,0.333,1,"EPC1"
0.0271033233622609,0.275134713364661,0.025,0.051,1,"TRIM65"
0.027115914225825,0.859897201361897,0.072,0.117,1,"ZBTB43"
0.0271244270675265,1.18858572814478,0.074,0.121,1,"PPA2"
0.027134281719345,0.337078673217343,0.603,0.788,1,"COX7A2"
0.0271471856637103,1.58886907207425,0.115,0.088,1,"FABP5"
0.0271660294649474,1.02199847993281,0.056,0.095,1,"CIZ1"
0.0272095424041882,2.35829058732785,0.056,0.034,1,"HAPLN3"
0.0273002877360786,0.822086102739009,0.144,0.218,1,"SYMPK"
0.0273051763590342,0.96726823122082,0.302,0.49,1,"PRMT1"
0.0273405124477019,0.904728070468447,0.115,0.177,1,"KXD1"
0.0273756146071115,2.25656608155993,0.063,0.04,1,"KCTD7"
0.0273868123883539,1.68104095097415,0.255,0.258,1,"M6PR"
0.02741701571056,0.802214253256266,0.041,0.073,1,"ZNF844"
0.0274320415757018,1.04505272855863,0.458,0.624,1,"C8orf59"
0.0274481047692359,1.19729114096087,0.054,0.092,1,"STAM"
0.02758120184846,1.71090989736232,0.172,0.149,1,"EEA1"
0.0275845186809725,1.29410092035123,0.163,0.251,1,"RFXANK"
0.0275985421660877,1.25663666641912,0.052,0.089,1,"SKIV2L"
0.0276378939735681,1.24102831831281,0.07,0.114,1,"ZDHHC5"
0.0276781426520122,0.846544992658471,0.045,0.079,1,"SPATA20"
0.0277882436777723,2.0325003705814,0.111,0.083,1,"ZNF672"
0.027836632743784,1.30492057834292,0.183,0.283,1,"PRPF6"
0.0278448568820435,1.10537004517388,0.038,0.07,1,"WDR83"
0.0278452892523545,1.27762888919265,0.122,0.188,1,"C5orf24"
0.0278576818357864,0.164551519317378,0.027,0.054,1,"PREP"
0.0278981199164749,1.28366461535072,0.054,0.092,1,"STN1"
0.0279387317788773,0.507117343616536,0.036,0.067,1,"MAPKAPK3"
0.0280034792438603,1.06023007048438,0.047,0.083,1,"LRRC28"
0.0281425382357909,0.954430734459816,0.061,0.101,1,"NSUN2"
0.0281555671769356,0.671662841189343,0.036,0.067,1,"CCDC61"
0.0281967097739108,0.841280882600422,0.025,0.051,1,"UAP1L1"
0.0281981211876737,1.12019903514299,0.043,0.076,1,"MCCC1"
0.0282079315633554,1.12953018515894,0.034,0.064,1,"TRAPPC9"
0.0282421353892482,2.86808605616434,0.061,0.038,1,"SLC6A6"
0.0282599121920702,2.05851149480745,0.158,0.134,1,"ATXN3"
0.0283781679010838,1.27451699049401,0.047,0.083,1,"PDZD8"
0.0284016166478363,0.977396310148997,0.025,0.051,1,"SBF2"
0.0284183402005699,2.07870479707924,0.228,0.224,1,"APH1A"
0.0284336358243088,0.970119957114554,0.036,0.067,1,"NCBP1"
0.0284727489338547,2.7244797892863,0.065,0.042,1,"AMN1"
0.028541997721787,1.59792031369122,0.088,0.14,1,"ELP6"
0.0285565422929877,0.622765733760426,0.032,0.06,1,"NDUFAF5"
0.0285735551146094,1.16995534946929,0.036,0.067,1,"AP3M2"
0.0285775893553913,0.874116303956062,0.032,0.06,1,"MIER3"
0.0285839918986133,1.03817235270339,0.041,0.073,1,"FDX2"
0.0285953947832586,1.10730412381234,0.23,0.359,1,"NFE2L2"
0.028651340489328,0.944118612860791,0.027,0.054,1,"ENPP4"
0.028651340489328,0.699983408053904,0.027,0.054,1,"RCCD1"
0.0288147332610866,1.45572281080704,0.041,0.073,1,"CNOT6"
0.0288234093076682,1.36685775270262,0.068,0.111,1,"EIPR1"
0.0289212183723955,1.21435101759775,0.208,0.325,1,"PNKD"
0.0289649716102731,0.470457493628428,0.047,0.082,1,"DAPK3"
0.0289939336001205,1.47065409347247,0.366,0.444,1,"PPP1CC"
0.0290755676147614,1.17700138802983,0.21,0.329,1,"PPP1R7"
0.0290937019766567,1.27739470619576,0.038,0.07,1,"FBXO2"
0.0291172505067272,1.39465469020509,0.025,0.051,1,"PRUNE1"
0.0291762561032414,0.946810419625119,0.223,0.346,1,"NAGK"
0.0291996745007594,1.12186961593617,0.14,0.214,1,"RBM42"
0.0292404058082872,0.74258742873073,0.366,0.622,1,"NDUFB10"
0.0293293613253714,1.49795842015362,0.142,0.218,1,"U2AF1L4"
0.0293810151774274,1.40507901420634,0.341,0.386,1,"TRA2A"
0.0293897789814378,0.986158692666394,0.115,0.176,1,"QARS"
0.0294655110729143,1.24434199286639,0.129,0.199,1,"AASDHPPT"
0.0295788110363268,1.23462313688093,0.086,0.136,1,"GRWD1"
0.0297394914190206,0.875694745010553,0.296,0.474,1,"USP16"
0.0297541291755559,1.62867005590773,0.111,0.173,1,"RANGRF"
0.0298694908442186,1.3379160332684,0.059,0.098,1,"RBM15B"
0.0298712196922372,0.448920610977299,0.4,0.67,1,"PSMD8"
0.0299564355165817,1.75691730074653,0.045,0.079,1,"KLK1"
0.0300567167239849,1.26785109574916,0.126,0.195,1,"EPN1"
0.0300652122216865,1.50254784002791,0.149,0.23,1,"ARL2BP"
0.0300850305941139,0.876553604528687,0.102,0.157,1,"SLC25A42"
0.0301285645629906,1.69936877363368,0.284,0.304,1,"CACYBP"
0.0301344672885157,0.871746388421348,0.131,0.199,1,"PRR4"
0.0301482050835996,0.968011675134281,0.056,0.095,1,"PCGF3"
0.0304202876718869,1.06121008793176,0.061,0.101,1,"GSPT2"
0.0304288858824211,1.35975012327171,0.151,0.234,1,"CUEDC2"
0.0304649241688018,1.54243425962703,0.142,0.22,1,"RELB"
0.0304728578949763,1.47481666825608,0.07,0.114,1,"HMGCL"
0.0305844402088377,1.36078605196048,0.063,0.104,1,"SCAMP1"
0.0305908022091926,0.688806517797109,0.135,0.203,1,"VEZT"
0.0306117922008069,1.4959028016168,0.056,0.095,1,"CES2"
0.0307569336886963,1.46249603157649,0.361,0.432,1,"PRPF40A"
0.0307750846856826,2.24524725812463,0.138,0.114,1,"BCL7B"
0.0308788426271491,1.26033106504837,0.084,0.132,1,"NADK"
0.0308984059504302,2.16419000530056,0.156,0.133,1,"ZBED5"
0.0309421642879804,1.0844043633138,0.081,0.129,1,"C1orf174"
0.0309533516948288,0.969739609627389,0.05,0.085,1,"CDK2AP1"
0.0310022578600893,1.09665447777348,0.447,0.593,1,"DDX18"
0.031013872195445,1.45647771255763,0.061,0.101,1,"GTPBP8"
0.0310360221941301,1.19857451187032,0.115,0.176,1,"CDYL"
0.0310413031980732,1.14768318908799,0.23,0.364,1,"C1orf43"
0.0310593804824404,2.78403867268899,0.072,0.048,1,"ASB1"
0.0311360798007606,1.37710908504991,0.056,0.095,1,"APBA3"
0.0311639611980052,1.28861745806069,0.239,0.38,1,"ZCRB1"
0.0311784225073197,1.20644202133896,0.084,0.133,1,"AP1S1"
0.0311950103972316,0.748410753744008,0.045,0.079,1,"ATP7A"
0.0312121317626233,0.819916233948551,0.113,0.173,1,"ACAA2"
0.0312425648814697,1.16112481162749,0.429,0.57,1,"SELENOT"
0.031476454157562,1.37448069581701,0.368,0.451,1,"PFDN2"
0.0314772811660977,0.380174301164168,0.027,0.053,1,"ABCC10"
0.0315780914708619,2.63500518719913,0.111,0.085,1,"RNF41"
0.0317252925913959,2.12581021113857,0.122,0.095,1,"CAMK2D"
0.0317425481776917,2.0425370471338,0.084,0.058,1,"VPS13D"
0.031770109414543,2.39912532079414,0.063,0.103,1,"CXCL10"
0.0317858564912091,0.827466104315865,0.205,0.309,1,"CCDC88C"
0.0317973805384482,0.932666111032321,0.045,0.079,1,"MFSD5"
0.0318400422889411,1.2159557876121,0.077,0.122,1,"UBAC1"
0.0318831029252185,1.0719025306695,0.176,0.266,1,"SIAH2"
0.0319226267348813,0.718311292741526,0.056,0.094,1,"FBXL17"
0.0319670393741459,1.52488298731907,0.088,0.139,1,"TPD52L2"
0.0319737530546173,1.48532348755052,0.156,0.241,1,"EIF4E2"
0.032000882799998,0.303822865314469,0.025,0.05,1,"POFUT1"
0.0320379767843884,1.61287399317321,0.26,0.265,1,"RBM23"
0.0320413436437677,0.736797209542941,0.027,0.053,1,"TFAP4"
0.0321190083049986,1.47143766395395,0.059,0.098,1,"GSTZ1"
0.0322020568431555,1.13479767684301,0.084,0.131,1,"PLXNC1"
0.0322040096030689,0.754696207737,0.032,0.06,1,"LINC01116"
0.0322796499270297,1.82923003444644,0.278,0.299,1,"NHP2"
0.0323896817091288,1.22079484968809,0.169,0.259,1,"WIPI2"
0.0324879055528698,0.88914218740328,0.025,0.05,1,"DTWD2"
0.0324992948960413,0.950367085352679,0.029,0.056,1,"TRIT1"
0.0324992948960413,0.686662888902867,0.029,0.056,1,"BTRC"
0.0326942133974308,1.47807147340456,0.047,0.082,1,"RBM43"
0.0327451158119519,2.46662119348119,0.056,0.035,1,"APAF1"
0.0329252918660779,1.92368515955539,0.093,0.067,1,"MDN1"
0.0329546617436598,1.12760667357591,0.158,0.239,1,"STAG1"
0.0329812636811927,1.21405308126408,0.025,0.05,1,"AL669831.5"
0.0330246631275732,1.46734010845264,0.363,0.432,1,"TTC14"
0.0331171286540398,1.11622852804382,0.126,0.193,1,"CRNKL1"
0.0331297094908858,1.07256327612714,0.12,0.183,1,"GPI"
0.0333085617735656,2.08352486271977,0.072,0.048,1,"ZNF512"
0.0334228609246569,1.11358529891169,0.144,0.221,1,"C22orf39"
0.0336609640176238,1.25850743555846,0.045,0.078,1,"CCDC146"
0.0338122227879644,2.4191600370203,0.093,0.068,1,"DPH5"
0.0338543949227287,0.912526710107638,0.287,0.46,1,"FKBP8"
0.0338685009255229,0.759074771921956,0.12,0.179,1,"VPS13A"
0.0340536209561624,0.535414329051843,0.072,0.114,1,"ANKRD26"
0.0340900248138236,2.04655415315528,0.248,0.256,1,"MPLKIP"
0.0341877129332475,0.42860503764614,0.041,0.071,1,"ST14"
0.0341907688206471,1.30973353192116,0.131,0.199,1,"EXOC7"
0.0342326055049462,1.32330929632147,0.054,0.091,1,"C1orf109"
0.0342607665691026,1.28301461556393,0.19,0.287,1,"RNGTT"
0.0343625105506738,2.62653787046201,0.07,0.047,1,"SPARC"
0.0344513282485464,1.01508081130195,0.153,0.23,1,"HOOK3"
0.0345134898155629,1.03550049929038,0.309,0.51,1,"REX1BD"
0.0345529695108933,0.639980180782293,0.535,0.748,1,"PSMB1"
0.0345586263793152,1.46782625209277,0.233,0.226,1,"SAFB"
0.0345591137052427,0.73005053823731,0.293,0.453,1,"FCHSD2"
0.0347452007028935,1.23979188161827,0.196,0.303,1,"ACADM"
0.0349713905652406,0.67448570643033,0.074,0.118,1,"DUSP28"
0.035244333930943,0.517485884468869,0.37,0.601,1,"NOL7"
0.0353006492005942,0.913261029896993,0.316,0.519,1,"RNASEH2C"
0.0354412472805632,2.47704608215759,0.074,0.051,1,"SSBP2"
0.0355766126897599,1.28014768810624,0.151,0.231,1,"COPS2"
0.0356537482421924,0.951279827069426,0.097,0.149,1,"SRRT"
0.0357856512103303,2.3073691209844,0.061,0.039,1,"KLF16"
0.0358310530733439,0.955760487384655,0.045,0.078,1,"CCDC9"
0.0358760949897031,0.981428737216602,0.045,0.078,1,"IDNK"
0.0359995766968794,0.959688495483035,0.142,0.214,1,"AKT2"
0.036064743487309,1.82884044668124,0.217,0.207,1,"ARFGAP2"
0.0361282334000109,0.953751876141268,0.065,0.106,1,"ASL"
0.0361950296937927,1.18385388667907,0.242,0.371,1,"TCF3"
0.036220652150522,1.2411409106526,0.041,0.071,1,"TMEM185A"
0.0362494723578448,0.878117260696367,0.201,0.306,1,"PSMF1"
0.0362749921825756,1.74346706143881,0.255,0.26,1,"REST"
0.0363435203724468,0.998221466781073,0.054,0.09,1,"AGPS"
0.0363717668445844,1.20116840547109,0.147,0.223,1,"MRPS10"
0.0363858735774966,2.3061905483172,0.065,0.043,1,"LINC01410"
0.0363900538584909,2.04955992839973,0.219,0.214,1,"WBP11"
0.0364314904220061,1.79063581341671,0.334,0.4,1,"SNRPD1"
0.0364587042913532,0.935359978013984,0.239,0.358,1,"NABP1"
0.0364822054716759,2.17225955416682,0.176,0.159,1,"ABHD14B"
0.0365222786657419,1.29713525011342,0.12,0.183,1,"ZFAND1"
0.0366089967628824,0.577740947083955,0.027,0.052,1,"ANKAR"
0.0366245199595268,1.47303592523078,0.056,0.093,1,"BMPR2"
0.0367926558567164,1.49104106357601,0.041,0.071,1,"WDR12"
0.0368163545398968,2.02890647284063,0.223,0.219,1,"NIPA2"
0.036917857752248,1.50427145075581,0.28,0.29,1,"NIPBL"
0.0369264791480089,1.69272915746483,0.117,0.18,1,"ZSWIM7"
0.037105608852522,0.83105731493999,0.047,0.08,1,"ZC3H7B"
0.037302272994054,1.39946349950428,0.077,0.122,1,"DNTTIP1"
0.0373992731718854,1.05196794409584,0.084,0.13,1,"TEFM"
0.037550505224294,1.94363085812864,0.223,0.216,1,"SPTBN1"
0.0377134882491692,2.56918446868992,0.077,0.053,1,"BPNT1"
0.0377737556728292,0.616248915817359,0.045,0.077,1,"BICRAL"
0.0379336380197579,1.9466868685646,0.131,0.106,1,"NIPAL3"
0.0380356076888759,1.11675097864191,0.043,0.074,1,"MKL2"
0.0380493530909886,2.03526058579484,0.214,0.208,1,"POLR2G"
0.0383135477543122,1.98344706609495,0.181,0.164,1,"ZNF721"
0.0384108776282682,1.24891836771648,0.113,0.172,1,"NCOA4"
0.0384303765793167,2.25004615149825,0.081,0.057,1,"ZNF26"
0.0385399137615057,2.25387843569838,0.102,0.077,1,"UBE2D1"
0.0385488567056409,1.67515983690994,0.138,0.113,1,"YTHDC2"
0.0386874533406045,0.836520598134587,0.291,0.448,1,"RASGRP3"
0.0387775542059479,1.68870267183218,0.318,0.366,1,"SELENOW"
0.0388316795506245,2.79820745262687,0.093,0.068,1,"NUDT1"
0.0389395198623469,2.10129100028768,0.174,0.156,1,"ADNP"
0.038965207619829,2.07290281447682,0.12,0.095,1,"ELOVL1"
0.0389825068539721,0.79844237432917,0.065,0.105,1,"CCZ1B"
0.0390018456418664,1.10236601081234,0.059,0.095,1,"KIF1C"
0.0391295583017006,0.915102332967045,0.065,0.105,1,"UQCC1"
0.0391361632788924,0.367141268386012,0.463,0.767,1,"NDUFA3"
0.0391631648872349,1.51741484469427,0.072,0.114,1,"FASTKD2"
0.0391904519685979,1.22365380255041,0.045,0.077,1,"RCL1"
0.0393252249142107,1.0515562971616,0.212,0.323,1,"NUDT4"
0.0393269080358217,2.21596668572018,0.117,0.093,1,"ING1"
0.0394289810070525,1.07029410454804,0.093,0.142,1,"NUP214"
0.0394812682308588,0.880686731986719,0.133,0.198,1,"PARP10"
0.0394928244645865,1.93529772496603,0.077,0.053,1,"TBL1X"
0.0395312983791216,0.837732216836132,0.059,0.095,1,"PPAT"
0.0395765503928721,0.400029667497765,0.032,0.058,1,"IL17RA"
0.0398548031938245,1.29009998456173,0.19,0.292,1,"VBP1"
0.0398800914104592,1.96344021652,0.108,0.083,1,"ZNF567"
0.0398986348113229,1.10098136715764,0.068,0.108,1,"SMC2"
0.0399229686242467,1.07367020936822,0.156,0.233,1,"SDCCAG8"
0.0399419948219982,0.4219627083323,0.045,0.076,1,"NR2C1"
0.0399434875589159,1.93659660425685,0.043,0.074,1,"POLG"
0.0399710459561846,0.909555398632739,0.14,0.209,1,"ACBD6"
0.0401448013666551,1.42188523207924,0.108,0.165,1,"COMMD5"
0.0401594578508817,1.37645808470677,0.074,0.118,1,"RMND5B"
0.040395363779969,2.37071583933652,0.093,0.068,1,"CCDC71L"
0.0405515193576951,2.02731078208198,0.266,0.284,1,"AHSA1"
0.0405800119948131,1.39937628406014,0.203,0.315,1,"SDHC"
0.0406386008482095,1.17987752388941,0.169,0.256,1,"PYCR2"
0.0407525074176869,0.971282361749322,0.115,0.173,1,"KNOP1"
0.0407564179345229,1.07884947242004,0.041,0.071,1,"SCAP"
0.0407892403018012,1.04011094506475,0.056,0.092,1,"RNF40"
0.0408039104666264,1.12556635381483,0.106,0.161,1,"PMPCA"
0.0408184874595993,0.955455248537072,0.036,0.064,1,"YAE1D1"
0.0408517347887013,1.63365192040357,0.21,0.196,1,"TFRC"
0.0408808764500045,1.55244992457994,0.07,0.111,1,"COQ5"
0.0408815655755581,1.06820727475316,0.063,0.102,1,"SLC35D2"
0.0409618102767219,1.2647136550225,0.077,0.121,1,"C16orf91"
0.041014903005998,1.26680097199801,0.113,0.171,1,"NRAS"
0.0411538191253119,0.253725637988564,0.027,0.052,1,"ODF2"
0.0412352062218762,1.93400543364989,0.142,0.119,1,"ZNF397"
0.0412893057558337,1.18845766286362,0.036,0.064,1,"ZNF426"
0.0413266286464878,1.27009292266634,0.063,0.102,1,"TMEM106C"
0.0413514848071308,2.08722103189637,0.05,0.03,1,"POU5F2"
0.0413952885546306,1.17602326199416,0.065,0.104,1,"GTF3C5"
0.0414183944005598,2.01171569314141,0.208,0.197,1,"ZNF91"
0.0414796919644034,1.2760876078358,0.032,0.058,1,"ZXDC"
0.0414920201686991,0.417294764981085,0.16,0.23,1,"CDKN1A"
0.0414941084720274,1.23741388166387,0.167,0.251,1,"CEP57"
0.0415232535129704,1.21571456815203,0.239,0.376,1,"SNF8"
0.0415309280818454,1.0008268417917,0.072,0.114,1,"ARHGAP1"
0.0416374568636233,0.976390329915007,0.034,0.061,1,"INTS14"
0.0416686362674124,1.23831454075926,0.108,0.164,1,"MICU1"
0.0417456960616512,0.678180908715535,0.027,0.052,1,"GSTCD"
0.0418420928858724,1.12155971787425,0.054,0.089,1,"METTL6"
0.0418712157159958,0.557196234913985,0.027,0.052,1,"COQ8B"
0.0418928187544533,0.986910667889123,0.271,0.43,1,"MDH2"
0.0419834753878315,1.4579679055377,0.106,0.162,1,"CCDC28A"
0.0419902055096809,1.12209569556602,0.115,0.172,1,"P4HA1"
0.0420667452494789,1.6669961046786,0.318,0.369,1,"GSTO1"
0.0420845831307566,2.03250246670196,0.07,0.048,1,"ATAD2"
0.0421310541889941,1.22153093630097,0.032,0.058,1,"NAA30"
0.0422497023490976,1.7480262257844,0.307,0.346,1,"PPP1CB"
0.0422504087533336,0.898282935355426,0.032,0.058,1,"IRGQ"
0.0422860257217593,1.86546769281199,0.111,0.085,1,"GIGYF1"
0.0423091607385456,1.04452361488256,0.029,0.055,1,"RBAK"
0.0423410720810895,1.25875294356788,0.115,0.174,1,"YLPM1"
0.0423496747973923,1.16542521729285,0.05,0.083,1,"RAB35"
0.042430233793135,1.25918288027775,0.172,0.26,1,"ITGAE"
0.0426989031509385,0.575674821481712,0.054,0.088,1,"ZNF544"
0.0427908203666044,1.17607950864563,0.027,0.052,1,"FAM241A"
0.042812809752149,1.00446797346211,0.045,0.076,1,"SPRYD4"
0.0428216918566775,2.50551773545715,0.081,0.058,1,"LRRC75A"
0.0428896332678514,2.62484080150314,0.077,0.054,1,"NR2C2AP"
0.042946712964844,0.941996291268553,0.16,0.241,1,"MRPL50"
0.0429719771077928,1.29770450590039,0.124,0.187,1,"E2F5"
0.0430100340948831,2.16356081374358,0.183,0.168,1,"CTDSP1"
0.0430499873864553,1.1185201220077,0.172,0.256,1,"SLFN5"
0.0431787828090402,0.600898296070229,0.043,0.073,1,"PHKG1"
0.0432102284003824,0.996126322334875,0.045,0.076,1,"MMS19"
0.0432974814589373,1.34026150158523,0.077,0.12,1,"CHTF8"
0.0433664873106566,0.938751008597972,0.05,0.083,1,"ERAL1"
0.0434544043725565,1.83771068033168,0.169,0.15,1,"TRMT13"
0.0435390252146929,0.695788825144915,0.077,0.119,1,"EZH2"
0.0436375732317668,1.29670930438099,0.045,0.076,1,"C6orf47"
0.0438230487796545,1.0786801823475,0.079,0.122,1,"CPSF1"
0.0439538758761939,0.818637500430615,0.097,0.146,1,"UNC13D"
0.0441496762353393,1.03798019036996,0.045,0.076,1,"SLC10A3"
0.0441963933828118,1.07257620248727,0.122,0.183,1,"PSME4"
0.0444159569577419,1.64143296976884,0.203,0.315,1,"SREK1IP1"
0.0444785291169339,2.18175805014876,0.081,0.058,1,"MCM7"
0.0445770733365748,0.929536891485977,0.068,0.106,1,"DIS3L2"
0.0446251700560458,1.52426393959541,0.068,0.107,1,"UBFD1"
0.0446598297941927,1.41700281158212,0.12,0.181,1,"PRELID3B"
0.0446651300240343,0.968943998351144,0.043,0.073,1,"FBXO38"
0.0449599214576105,2.38523802087061,0.074,0.052,1,"LY75"
0.0451549752134136,0.877161372114083,0.099,0.149,1,"UBE3C"
0.045214354921393,1.29038394848649,0.108,0.164,1,"DMAP1"
0.0452812294022273,0.902546241949546,0.3,0.483,1,"STUB1"
0.0454014189667228,1.8537782345088,0.237,0.241,1,"OARD1"
0.0454857231306838,1.43522538186451,0.386,0.488,1,"TAX1BP1"
0.0455213948311906,1.29054124960284,0.192,0.295,1,"SDHB"
0.0455239001900351,1.98662821736898,0.138,0.115,1,"UNC119"
0.0455574966478595,0.963787605978947,0.065,0.103,1,"CDK10"
0.0459684512880316,1.97555539966803,0.149,0.127,1,"IKBKB"
0.0459961754709293,1.47165878283481,0.045,0.076,1,"IFT52"
0.0460630743911451,1.38480085235707,0.068,0.107,1,"COPS7A"
0.0460753953977976,1.54271674615331,0.126,0.191,1,"PITPNA"
0.0461074042356877,1.70624402159789,0.126,0.102,1,"CCDC6"
0.0461848188829765,0.95961715580191,0.097,0.146,1,"EXOC1"
0.0462925558675483,1.50841787710477,0.133,0.2,1,"CCDC25"
0.0463922640027301,1.75898863985462,0.081,0.058,1,"MYO9A"
0.0464629445582688,1.07222851286287,0.104,0.157,1,"PPP6C"
0.0466234989301638,1.40715365224066,0.07,0.11,1,"AGO2"
0.0467081697166648,1.35953384086931,0.375,0.456,1,"PRPF38B"
0.0467260026945419,1.40915071594398,0.088,0.135,1,"CBWD3"
0.0467293679633624,1.26260544834993,0.16,0.239,1,"PPP2R5E"
0.0468266010862408,0.548974027740625,0.074,0.115,1,"PRNP"
0.0468272423467146,1.02585266238118,0.124,0.185,1,"CCDC130"
0.046838785311968,1.29542776731621,0.07,0.11,1,"DMWD"
0.0469073687342422,1.25765244549929,0.079,0.122,1,"SMCO4"
0.0469463099698003,1.64437543192816,0.043,0.073,1,"RFK"
0.0469926604266913,0.974480332134509,0.14,0.209,1,"MLX"
0.0470278285337074,0.98318311209662,0.095,0.143,1,"HPS5"
0.047083956252023,1.0436734584864,0.397,0.496,1,"PPP2R5C"
0.0471218063371544,1.92531019612081,0.208,0.199,1,"SZRD1"
0.0472370986379077,2.37560201370529,0.122,0.098,1,"ZNF331"
0.0472539460021397,0.790009693513423,0.032,0.057,1,"TUBD1"
0.0472555869953329,1.24887491526497,0.21,0.322,1,"CCDC90B"
0.0472802977931125,0.941839684677421,0.077,0.118,1,"LAS1L"
0.0473204579302625,1.14985763966061,0.108,0.162,1,"PCNX4"
0.0474930315401974,1.40742943229068,0.088,0.134,1,"POM121"
0.0475540956789295,1.72589413111512,0.038,0.067,1,"MED27"
0.047593889375166,1.72562701602383,0.275,0.295,1,"XRN2"
0.0476816482929007,0.869698188475013,0.029,0.054,1,"STK3"
0.0476921627308574,1.17419511707456,0.065,0.103,1,"STK40"
0.0478407518108833,2.65565522964778,0.088,0.065,1,"WASHC2A"
0.0478461672930951,1.78396402902036,0.226,0.222,1,"SIRT7"
0.0479640208140454,1.20903911950928,0.097,0.147,1,"PTPN11"
0.0479827442369789,0.707585044326826,0.045,0.075,1,"MAP2K4"
0.0480183862328846,1.2296328162205,0.032,0.057,1,"TIGAR"
0.0481005446709416,0.971630473286495,0.316,0.51,1,"RWDD1"
0.0481448056839087,2.06396669710406,0.269,0.292,1,"EAPP"
0.0481594458413788,1.75474327947766,0.059,0.038,1,"POLR1E"
0.0482195057870101,1.17231409118985,0.032,0.057,1,"NOP2"
0.048253012586256,1.23873051311638,0.027,0.051,1,"HEATR3"
0.0482664465243125,1.22763342150959,0.029,0.054,1,"ZNF174"
0.0482669657803825,0.964369829933684,0.095,0.144,1,"WDR41"
0.0482924628830748,1.30490907352246,0.395,0.464,1,"MX1"
0.0483702691210444,1.89794403403802,0.063,0.042,1,"C3orf58"
0.048386766540341,1.1324906942439,0.077,0.118,1,"PMS1"
0.0484136854030491,1.11451271123969,0.086,0.131,1,"ZCCHC3"
0.0486002214600642,0.774281176222987,0.054,0.087,1,"PLEKHM1"
0.0488204132048438,0.404446908607364,0.054,0.087,1,"NOC4L"
0.0488298381114792,1.41038253947578,0.084,0.129,1,"MRPL37"
0.0488583469358164,1.31423024266939,0.079,0.122,1,"MTHFS"
0.0490081726530394,2.01096629409918,0.142,0.121,1,"FAM126A"
0.0493277168562873,1.44187390462855,0.124,0.187,1,"OXLD1"
0.0494286329436939,1.30771559327105,0.172,0.26,1,"COMT"
0.0495307722047551,2.58605234178142,0.061,0.041,1,"CEP89"
0.049737118458322,1.65528796989388,0.029,0.054,1,"LRR1"
0.0498497773129599,1.44160010940809,0.183,0.277,1,"STRAP"
0.049878447237003,1.3259479626312,0.122,0.183,1,"CNIH4"
0.049893614102772,1.46618649305208,0.117,0.177,1,"C12orf10"
0.0499172237510441,2.22048797262698,0.142,0.122,1,"C5orf15"
0.0500214795693941,1.00528543866166,0.217,0.326,1,"TTC37"
0.0500777648825152,1.10735075165517,0.084,0.128,1,"THAP11"
0.0501694164674084,1.68660437159451,0.104,0.157,1,"ZNF322"
0.0501851949364599,2.15747489736014,0.095,0.071,1,"OSBPL11"
0.0502431456804676,1.22016470592142,0.045,0.075,1,"PMM1"
0.050267207784847,2.88384242394496,0.086,0.064,1,"HACD4"
0.050355395788076,1.40303061005556,0.366,0.431,1,"ZNF292"
0.0504072930975106,1.07717092203718,0.217,0.328,1,"IFITM1"
0.05043871029146,1.48906430698447,0.095,0.144,1,"IFIT5"
0.0505913252610613,2.16735547881779,0.169,0.153,1,"PLSCR1"
0.050750851047623,1.25695828616522,0.088,0.133,1,"NARFL"
0.0510264535650708,2.10274535899916,0.176,0.161,1,"HPS1"
0.0511014806192162,1.62651626120287,0.095,0.071,1,"GMEB1"
0.0511162947270682,1.75050239705746,0.106,0.083,1,"TMBIM1"
0.0511373938753489,1.21735011155504,0.063,0.099,1,"ZMYM6"
0.0512915361968974,1.10822211692544,0.056,0.091,1,"RNF214"
0.0512990179662491,1.21452536352943,0.07,0.109,1,"SLC35E3"
0.0513826299266151,2.03447631934041,0.129,0.106,1,"BHLHE40"
0.0514126445358409,1.01862983848636,0.036,0.063,1,"FHOD1"
0.0514356152466238,1.77435417984317,0.093,0.141,1,"C8orf76"
0.0514633886111608,0.593351667148422,0.061,0.095,1,"AC091271.1"
0.051475139397522,1.59995511097604,0.357,0.445,1,"PYCARD"
0.0515496304892014,1.19154354489165,0.262,0.411,1,"ATP6AP2"
0.0515541440229888,1.90996686723508,0.271,0.294,1,"PSMG2"
0.0519790449585182,1.04153552831314,0.079,0.121,1,"DCAF16"
0.0520588746241889,1.88362618883208,0.045,0.075,1,"CXorf40B"
0.0522773131902454,1.27830528429046,0.397,0.52,1,"SNRPB2"
0.0523222907172091,1.53411811694081,0.097,0.147,1,"ATL3"
0.0523700385470217,0.977831393674848,0.223,0.335,1,"ODF2L"
0.0524938619331808,0.867744651856176,0.061,0.096,1,"C19orf12"
0.0524944749109311,1.87266152164975,0.219,0.218,1,"FIBP"
0.0525831954909534,0.804759397590934,0.032,0.056,1,"CYR61"
0.0526259006252329,1.96536925671424,0.074,0.052,1,"TCP11L2"
0.0526936503864993,1.17227691435877,0.054,0.087,1,"L3HYPDH"
0.0527417807693931,1.22097435738194,0.081,0.124,1,"WWC3"
0.052820173075962,1.27085612815762,0.149,0.221,1,"ATF7IP2"
0.0528589436024667,1.16166009266133,0.061,0.096,1,"IPO8"
0.0532577659849725,0.456924733865378,0.027,0.05,1,"NFYA"
0.0532629283168724,1.30168468497256,0.086,0.131,1,"PDCL3"
0.0533140272551267,1.76851556103518,0.054,0.087,1,"LINC00662"
0.0534868006037909,1.40410045221527,0.09,0.137,1,"RPF2"
0.0536049498769004,1.5854707826238,0.059,0.094,1,"TMEM120A"
0.0536120255428778,1.09209380089869,0.086,0.129,1,"FBXW4"
0.0536417715395554,0.980544440052312,0.034,0.06,1,"ZBTB33"
0.0536669770969076,2.36930152395428,0.217,0.217,1,"POLE4"
0.0536848574072135,0.89839185945407,0.056,0.09,1,"SIGMAR1"
0.0538249662497896,1.63859205368021,0.036,0.063,1,"TEX30"
0.0538577222143247,1.24227325794215,0.034,0.06,1,"P3H1"
0.0539298668509598,1.34264929067184,0.034,0.06,1,"DPH2"
0.0539363592412085,2.11018059648209,0.156,0.137,1,"KIAA1143"
0.0539482380234625,2.13260290708719,0.115,0.093,1,"LYRM7"
0.054041552536389,1.24501459403033,0.027,0.05,1,"RALGAPA2"
0.0541205347341725,0.708326037659404,0.093,0.138,1,"WDR73"
0.0542713350639918,1.16671569088166,0.054,0.087,1,"CEP152"
0.0543281299937321,2.59132458390416,0.147,0.128,1,"NCK2"
0.0544767232589508,0.731702175499244,0.027,0.05,1,"WDR91"
0.0547964201189805,0.862507403248784,0.065,0.102,1,"GTF3C3"
0.0549140399521166,2.235134076115,0.106,0.083,1,"TSC22D2"
0.0550162301906759,2.3859145986118,0.131,0.11,1,"GUCD1"
0.055034800977326,1.12795591600141,0.027,0.05,1,"CLDN7"
0.0550911020185357,1.33463088076575,0.158,0.236,1,"KCMF1"
0.0551302672741756,1.73028522193024,0.163,0.245,1,"NTMT1"
0.0552252374744678,1.28812483945913,0.047,0.078,1,"BNIP1"
0.0556179878810766,-0.0297634675530016,0.034,0.059,1,"ZNF700"
0.0556413294245064,0.955007773842023,0.185,0.275,1,"OXA1L"
0.0557896624321419,1.3179452276954,0.068,0.106,1,"ZMYND11"
0.0558820436502256,1.10408983066822,0.133,0.196,1,"ZMIZ2"
0.0559214051989369,0.920522140598424,0.027,0.05,1,"CXorf40A"
0.0560214568101001,1.25141892512032,0.07,0.108,1,"RRP1"
0.05602147818028,1.07941029657735,0.122,0.18,1,"TAF3"
0.0560699129841582,0.438484891458058,0.036,0.062,1,"FAAP100"
0.0561574371041023,1.26365772404363,0.081,0.124,1,"KIAA0586"
0.0565128009466005,1.23453741063799,0.068,0.105,1,"RMND5A"
0.0565563506624706,2.04866463811485,0.063,0.043,1,"TANGO2"
0.0566727719740287,1.0441362602595,0.054,0.087,1,"NR1D2"
0.0569695065229735,1.24394494054529,0.16,0.24,1,"ZDHHC12"
0.0570916683614222,1.20501015920912,0.061,0.095,1,"NCOA6"
0.0572484243925696,1.90926506922923,0.045,0.075,1,"TBC1D7"
0.0572708007016452,0.791041420728243,0.072,0.11,1,"VAPB"
0.0573556614015594,1.10905088261018,0.07,0.048,1,"APP"
0.0573783031365192,2.94241748553668,0.052,0.033,1,"ZNF317"
0.0573891064987038,2.31428577743305,0.131,0.11,1,"CNOT8"
0.0574227045305107,1.87003882737424,0.052,0.033,1,"MIATNB"
0.0574725204825042,0.973134668679306,0.052,0.083,1,"PDLIM5"
0.0575076954648107,1.09135425990372,0.074,0.114,1,"RAB11FIP2"
0.0577355884229415,0.456139232177391,0.034,0.059,1,"TATDN2"
0.0577624987372303,1.45067212126215,0.187,0.283,1,"TSG101"
0.0578105954093403,1.40152435339345,0.054,0.087,1,"VMAC"
0.0578524318757448,1.3641145912239,0.167,0.249,1,"THAP5"
0.0579509330482198,1.20311302735237,0.081,0.123,1,"NMD3"
0.0579961568937636,0.816179548741719,0.036,0.062,1,"UTP20"
0.0583462528416108,2.40842931061063,0.122,0.101,1,"CHIC2"
0.0586917760677312,1.16411803033931,0.12,0.177,1,"C16orf87"
0.0587771620177388,1.03981086491687,0.156,0.23,1,"TMUB1"
0.0587940233245948,1.79420056568492,0.23,0.231,1,"EPB41"
0.0589445248603631,0.755861643989338,0.032,0.056,1,"AC004951.1"
0.0590090434180507,1.11113012590041,0.047,0.077,1,"ENOX2"
0.0592045411932565,1.27377724143366,0.052,0.083,1,"CARNMT1"
0.0592958368556526,1.2612565338236,0.23,0.352,1,"TIMM13"
0.0593068616455062,0.63100292752656,0.032,0.056,1,"NCAPD3"
0.0594183615446804,1.34801049410377,0.095,0.141,1,"QRICH1"
0.0595523166507832,0.90135000940493,0.106,0.156,1,"TRMT11"
0.0595899553453103,0.538675487849969,0.032,0.056,1,"ZNF623"
0.0598883940279285,1.29746737800279,0.061,0.095,1,"SNX19"
0.0603255609676778,1.35834904305374,0.036,0.062,1,"N4BP3"
0.0603470403223062,1.57363486930049,0.063,0.043,1,"SYNJ2"
0.0604032292711,1.16922300329596,0.036,0.062,1,"GNPDA1"
0.060468527119445,2.28431345616375,0.135,0.116,1,"FBRS"
0.0605508862244745,1.41300508688332,0.059,0.092,1,"TMEM69"
0.0605962459177526,1.20706732583998,0.034,0.059,1,"COG7"
0.0606360714129014,1.08471939122274,0.167,0.247,1,"CHMP4B"
0.0606626688168422,0.236618825765775,0.029,0.052,1,"SNCG"
0.0606716931568494,1.25473346401493,0.113,0.167,1,"TRNAU1AP"
0.0607050251043285,0.834091865079104,0.029,0.052,1,"RFXAP"
0.0607116824273358,1.17826902547785,0.131,0.193,1,"UBE2F"
0.0607497162993454,2.22569826672659,0.111,0.089,1,"VCPKMT"
0.0607964057565095,1.30040395043488,0.034,0.059,1,"GCFC2"
0.0608569099843244,1.54733939150495,0.144,0.215,1,"MRPL15"
0.0609573796840071,1.25309795165399,0.153,0.226,1,"DDX42"
0.0611796397814185,1.09124945128087,0.266,0.413,1,"AP2M1"
0.0612265223819246,1.51695381360924,0.045,0.074,1,"LINC00342"
0.0612986424787297,0.996110647203909,0.045,0.074,1,"PRMT7"
0.0613266707468091,0.994656645054185,0.054,0.086,1,"RPUSD4"
0.0615144617529213,2.02959700745849,0.061,0.041,1,"TCTE3"
0.0615820051820702,1.74792041135941,0.26,0.274,1,"ZNF24"
0.0616190461112944,1.24563658920611,0.063,0.098,1,"NEK1"
0.0616973822411681,1.61548156644203,0.061,0.095,1,"COQ6"
0.0617188951315614,1.08376908645371,0.095,0.141,1,"VPS4A"
0.0617289503233493,1.02651788605291,0.029,0.052,1,"C14orf28"
0.0619083119808843,1.2264063619275,0.14,0.205,1,"CDK11B"
0.0619129744768756,2.45779235975543,0.097,0.075,1,"VRK1"
0.0621788499025258,2.18862472358027,0.084,0.062,1,"WWP2"
0.0622056309950951,1.58909824291907,0.251,0.259,1,"TMEM131"
0.0622897454273515,1.73152871856667,0.063,0.098,1,"ATP6V0A2"
0.0623933195772115,1.71548548336598,0.255,0.266,1,"SP140L"
0.0624194775168371,1.26973416610205,0.029,0.052,1,"ZNF513"
0.0624424362944226,1.42921825815521,0.235,0.364,1,"MRPS18C"
0.0625828120908976,-0.402005982555144,0.792,0.878,1,"JUN"
0.0627386310897308,1.45397244146876,0.108,0.086,1,"RPIA"
0.0627692332902912,1.22956491799882,0.063,0.098,1,"NAA16"
0.0628389281260243,2.33696726439481,0.144,0.127,1,"OSER1"
0.0629601311461873,0.910596620312678,0.072,0.11,1,"MBD6"
0.0629717560830644,1.56465998190901,0.14,0.119,1,"HMBOX1"
0.0629769165446799,1.33641478852081,0.045,0.074,1,"BAG4"
0.0629769165446799,1.82856231933706,0.045,0.074,1,"ORAOV1"
0.0630273023612658,1.08431242163074,0.038,0.064,1,"ZNF609"
0.0631445274636577,2.02838750141812,0.084,0.062,1,"BLOC1S5"
0.0631631939555138,1.28285183387118,0.133,0.197,1,"APOPT1"
0.0633177016674196,1.29259851015859,0.208,0.314,1,"SBDS"
0.0633907044360112,0.90347536480935,0.07,0.106,1,"DHX16"
0.0633910995445148,1.05686365978821,0.133,0.195,1,"APOL3"
0.0634863332903441,0.793784614416242,0.16,0.23,1,"ZKSCAN1"
0.063496850891427,1.23677528182599,0.043,0.071,1,"PDHX"
0.0635114145659267,1.6273290804605,0.099,0.149,1,"ZNF524"
0.0635779108824482,0.785742428547002,0.05,0.079,1,"DGCR2"
0.0635923877438025,1.24726562630254,0.079,0.119,1,"PCMTD2"
0.0637545664275282,1.37277088997561,0.366,0.442,1,"CHD2"
0.0638359520906894,0.785176565548142,0.047,0.076,1,"PAPD5"
0.0639435373469248,1.86076981877639,0.099,0.149,1,"TYW3"
0.0642724962356154,1.41733425341297,0.363,0.454,1,"APOBEC3G"
0.0644233112783257,0.648198082107844,0.065,0.1,1,"FARP2"
0.06455156831388,1.49979593534595,0.054,0.086,1,"CARD19"
0.0648846455368395,1.40229648609402,0.185,0.275,1,"CFDP1"
0.0652410077812389,1.03858576066786,0.056,0.088,1,"PRPF39"
0.0654461010051583,0.680067865358088,0.072,0.109,1,"SBNO2"
0.0654527055837954,1.25470525764311,0.172,0.256,1,"STIP1"
0.0654790744199709,1.50757223321018,0.106,0.157,1,"PNO1"
0.0655130621436424,2.45588214063169,0.183,0.174,1,"CYB5A"
0.0655282923716055,2.24122949887515,0.167,0.153,1,"ZNF830"
0.065554379877525,1.46809730119549,0.244,0.245,1,"LPIN1"
0.0655933396516129,1.33842265342388,0.21,0.317,1,"SPAG7"
0.0656791986476852,1.62370221189883,0.153,0.229,1,"MRPS23"
0.0657280085766297,1.38197765696045,0.185,0.276,1,"NKAP"
0.0659992634457496,1.3230046202851,0.065,0.1,1,"PHRF1"
0.0661121752842185,1.40934285284998,0.172,0.254,1,"HPCAL1"
0.0662782683262004,1.08937834403627,0.043,0.07,1,"MACC1"
0.0662976562483041,1.02964819743039,0.034,0.058,1,"KANTR"
0.0663348880702702,1.21463815329271,0.047,0.076,1,"METTL15"
0.0663823462962657,1.81562852340739,0.208,0.203,1,"WDR11"
0.0664944470004596,1.99349381088464,0.153,0.137,1,"SRFBP1"
0.0667123296865571,0.586121386431278,0.251,0.369,1,"TNFSF10"
0.0669042370067414,1.59014001464715,0.178,0.265,1,"MAPRE1"
0.0669081450522997,1.89290195761893,0.147,0.129,1,"AGFG1"
0.0670282231359254,2.11962002552077,0.133,0.113,1,"EXOC6"
0.0672242086735968,1.38770531431029,0.176,0.261,1,"CPNE3"
0.0673391640549952,2.04742423403541,0.138,0.118,1,"NFKBIE"
0.0673830419688075,1.52346078005803,0.147,0.218,1,"NT5DC1"
0.0675358161022616,1.57161391073925,0.097,0.144,1,"DNAJA3"
0.0676040123434943,1.2752122248853,0.081,0.122,1,"PTPN4"
0.067690874950712,1.49088932768074,0.106,0.157,1,"NDUFAF4"
0.067741362477035,0.955459936282552,0.149,0.216,1,"NEDD9"
0.0679631180851817,0.984411390811701,0.144,0.208,1,"PPWD1"
0.068020159413621,1.72717696303903,0.242,0.251,1,"DNAJA2"
0.0681058347549225,1.41980100946576,0.074,0.113,1,"DTYMK"
0.0682062325964992,0.897447880700632,0.056,0.088,1,"WASL"
0.0682983898173579,0.551830796325455,0.393,0.647,1,"MRPL51"
0.068738203174861,1.78693745576151,0.036,0.061,1,"RITA1"
0.0689436009590571,1.98850568343187,0.104,0.083,1,"DGKA"
0.0690196020155166,1.38454234634884,0.059,0.091,1,"MAP3K12"
0.0694069319776498,1.29905896543818,0.153,0.226,1,"ASXL1"
0.0694386288295959,1.24974786042401,0.054,0.085,1,"TMEM209"
0.069539213980823,1.24454425870346,0.045,0.073,1,"AC022182.2"
0.0695891991973472,1.70168653137893,0.088,0.067,1,"KBTBD2"
0.0697675576353293,2.39137373856467,0.097,0.076,1,"TMEM138"
0.0699879599761993,2.02489842431502,0.117,0.097,1,"MGME1"
0.0700136068746907,1.94316876768612,0.07,0.05,1,"GCLC"
0.0700727866247583,1.17937841348744,0.068,0.103,1,"NADSYN1"
0.0702166980016466,1.15963889002173,0.102,0.149,1,"C1orf52"
0.070218204805868,2.03114544100661,0.156,0.139,1,"FAM111A"
0.0702416980812477,0.997243886240015,0.176,0.259,1,"FAM50A"
0.070249846190921,1.39012048935486,0.041,0.067,1,"RANBP6"
0.0704679413129045,1.2673519520761,0.117,0.172,1,"TRMT1"
0.0704896636020154,0.980324222470653,0.043,0.07,1,"REPS1"
0.0705400005061623,2.90550211126022,0.056,0.038,1,"ZNF701"
0.0706105617647175,1.13851781888129,0.05,0.079,1,"APOC1"
0.0709829422035852,2.44460517420567,0.061,0.042,1,"ZNF100"
0.0710035187998762,1.19745967089116,0.104,0.152,1,"MYSM1"
0.0710393943973626,2.33888869413201,0.056,0.038,1,"ZNF687"
0.0712102202315536,1.50859008267356,0.108,0.16,1,"GID8"
0.0713185914251608,0.587875042365597,0.061,0.093,1,"NSD2"
0.0714855344255617,1.2855105922178,0.194,0.286,1,"MRPS5"
0.0715497079991041,0.536481165867645,0.038,0.064,1,"CCAR2"
0.0715521588840357,0.90706168880482,0.282,0.434,1,"RBM17"
0.0715645304788794,1.51235176344598,0.081,0.122,1,"MTMR6"
0.0716401244089028,1.09670462115842,0.147,0.213,1,"NELFCD"
0.0720492510268299,1.36285349337778,0.158,0.23,1,"PPP4R2"
0.0721681448815666,0.741481200143391,0.038,0.064,1,"AGK"
0.0723956592388577,1.37815208611213,0.131,0.191,1,"PRPSAP2"
0.0724025513426495,1.21460401397247,0.122,0.178,1,"DCAF13"
0.0727029299345231,1.53132862868564,0.33,0.393,1,"IK"
0.0727789037542089,1.47280757762718,0.052,0.082,1,"DEAF1"
0.0728876972694989,1.87833865968314,0.135,0.116,1,"EZH1"
0.0729614812251689,0.812786997018076,0.483,0.652,1,"SRSF2"
0.0729635916337331,2.03303565661545,0.056,0.038,1,"CD247"
0.0730173807002641,1.35979908509857,0.093,0.137,1,"ASXL2"
0.0730720833365321,1.28112902463206,0.072,0.109,1,"MAU2"
0.0735415757648576,0.78644494943916,0.472,0.643,1,"COX7B"
0.0737330945488694,1.28694472474513,0.174,0.257,1,"FUNDC2"
0.073860547701594,1.84427445971878,0.167,0.153,1,"ZNF131"
0.073913146534701,2.04768831692403,0.248,0.264,1,"KRR1"
0.073946366222119,1.22735455569158,0.135,0.197,1,"SIKE1"
0.0740750542093065,1.07501735768188,0.061,0.094,1,"CFAP20"
0.0742833568915802,1.67029953377778,0.334,0.407,1,"FCGR2B"
0.0743857860411484,0.729793003634187,0.034,0.057,1,"RPS6KC1"
0.0744369580263379,1.63132562532943,0.153,0.136,1,"PLEC"
0.074527114057366,1.26101604577664,0.061,0.094,1,"PIGS"
0.0745906721168966,1.38254553245041,0.041,0.067,1,"MAD2L1BP"
0.0746289397647456,1.32305038681345,0.185,0.274,1,"NOSIP"
0.0749760815527905,1.53063376314228,0.135,0.199,1,"TATDN1"
0.07498630145183,1.0985370858334,0.099,0.145,1,"ASCC2"
0.0750169819127565,2.3483230652037,0.142,0.125,1,"TWISTNB"
0.0750193864950733,1.39837221076758,0.061,0.094,1,"CBLL1"
0.075036733391507,1.05638376769325,0.09,0.132,1,"INO80E"
0.0751040527644373,1.39738807538816,0.413,0.56,1,"OCIAD1"
0.0751223801862839,1.73445224087852,0.05,0.079,1,"FTO"
0.0751839161460102,2.03342009533738,0.235,0.243,1,"FOXN3"
0.0753362750655618,1.42263733814504,0.178,0.264,1,"GRHPR"
0.0754207334034658,2.15677289267225,0.185,0.177,1,"ITPA"
0.0756278384076045,1.20371283870651,0.072,0.108,1,"CCDC14"
0.0757259057375611,1.83331760726803,0.104,0.083,1,"RUFY3"
0.0759338741249018,1.27898065294472,0.056,0.087,1,"MLYCD"
0.076094892468022,1.19205579410047,0.065,0.099,1,"FUBP3"
0.0761722989617924,2.29860475281799,0.117,0.098,1,"PRMT9"
0.0761742344815342,1.85185925550722,0.153,0.137,1,"PIP4P1"
0.0762208075794124,1.44946767627157,0.108,0.16,1,"FAM120AOS"
0.0762874125622324,1.50639791912477,0.106,0.156,1,"APIP"
0.0764846701790635,1.05519240915676,0.181,0.261,1,"CWC25"
0.0767164637501284,1.37627607511127,0.099,0.146,1,"GCHFR"
0.0767311130146827,2.15530867528963,0.113,0.093,1,"CCDC137"
0.0769584842933941,1.29053287191188,0.065,0.099,1,"ABI2"
0.0771428039971832,0.982990043449831,0.068,0.102,1,"GLUL"
0.0774209916512582,1.01798181839699,0.041,0.066,1,"HIST1H2BE"
0.0774275413204819,1.62114261679559,0.273,0.298,1,"GGNBP2"
0.077443198643171,1.20803272357218,0.054,0.084,1,"COX15"
0.0775742529800877,1.48124083680015,0.099,0.146,1,"RRP1B"
0.0776124995257329,0.737227493692511,0.528,0.754,1,"SNU13"
0.0779448743325509,1.89028712368469,0.273,0.306,1,"RPA3"
0.0779790437133573,1.54277082958844,0.032,0.054,1,"ADCK5"
0.0780301893587729,1.1681978356925,0.032,0.054,1,"HARS2"
0.0780827376143651,1.35053165485211,0.068,0.102,1,"CNOT10"
0.0781956659909735,2.14889364195561,0.108,0.088,1,"CLCN7"
0.0785759089593107,1.20468476737912,0.07,0.105,1,"SMIM8"
0.0787005663770371,1.61625594214418,0.147,0.214,1,"HAT1"
0.078953321969109,0.801176893866108,0.041,0.066,1,"RRP9"
0.0790867599588987,1.95727015294476,0.149,0.133,1,"STX4"
0.079239992888104,1.62115663361088,0.056,0.087,1,"UBL4A"
0.0792833038311227,0.902052630082564,0.088,0.129,1,"TMEM161B"
0.0793612219989313,1.81337710249322,0.088,0.068,1,"TEP1"
0.079403018401983,1.98945627913342,0.097,0.077,1,"C18orf25"
0.0794547846302007,1.39159415223818,0.266,0.285,1,"ZC3H13"
0.079676017969504,1.85215255428707,0.104,0.083,1,"AEBP2"
0.0797192958272296,1.34183741080635,0.029,0.051,1,"AC004556.1"
0.0797428005247874,2.27532089996208,0.077,0.057,1,"ZNF395"
0.0797659406806523,1.3390887220009,0.104,0.152,1,"MFSD8"
0.0798401393225322,1.00554195773309,0.122,0.176,1,"KDM5C"
0.0800684470297557,1.21981348661735,0.126,0.18,1,"ANKZF1"
0.080130064154779,0.745466645541024,0.047,0.075,1,"ZKSCAN8"
0.0803446856726038,1.26657997464777,0.131,0.19,1,"MAPKAP1"
0.080403677538955,0.811295900161756,0.156,0.222,1,"BSDC1"
0.0804263766112269,1.36981992925975,0.104,0.152,1,"RPP25L"
0.0806906534420475,1.11739760260975,0.038,0.063,1,"PAGR1"
0.0808537867472926,1.10379025900839,0.104,0.15,1,"JARID2"
0.0808598908860754,1.21603437833306,0.287,0.457,1,"TAF10"
0.080986173699801,1.05335682792105,0.056,0.087,1,"TAF4B"
0.0810257323622325,0.761781549798,0.047,0.075,1,"NAT10"
0.0812192006306266,1.06526302525558,0.368,0.44,1,"ZCCHC11"
0.0814072233582656,1.30446205515619,0.4,0.535,1,"CCT8"
0.0814524170997036,2.02588057016572,0.113,0.093,1,"ZNF766"
0.0815055212283983,1.8691637628216,0.029,0.051,1,"MXRA7"
0.0817062341250684,1.45132432714402,0.041,0.066,1,"POLRMT"
0.0818415632984292,1.61262752922715,0.061,0.093,1,"HAUS3"
0.0820701062664545,1.02078842186322,0.458,0.637,1,"CSDE1"
0.0823029967476035,0.898569350883874,0.034,0.056,1,"ZBED4"
0.0823941835408498,2.97326998679223,0.081,0.062,1,"TMEM216"
0.0824230529878529,1.19171258368153,0.19,0.278,1,"VPS51"
0.0824876842622583,1.34992704120445,0.106,0.154,1,"PELI1"
0.0825827546936357,1.746077859579,0.187,0.178,1,"ARHGAP9"
0.0826852911017817,1.30134436140539,0.059,0.09,1,"NOL10"
0.0828285599229008,0.798849804483991,0.043,0.068,1,"CCDC125"
0.0829153966043709,1.08176337212576,0.104,0.149,1,"CEP290"
0.0831778699680091,1.75513415687248,0.036,0.06,1,"SIK1"
0.0832735569926179,1.28572013287532,0.059,0.09,1,"AC099524.1"
0.0833377161544335,1.13492505258183,0.418,0.562,1,"SEC11A"
0.0834040152879499,2.29653659887737,0.072,0.053,1,"LMNB1"
0.083521819606852,1.35896675251679,0.074,0.111,1,"CPSF3"
0.0836171484632676,1.21048646639903,0.034,0.056,1,"PPP1R12B"
0.0836584272465641,1.90140983647821,0.208,0.207,1,"CRBN"
0.0837472782313963,2.4518753490949,0.079,0.06,1,"FAM215B"
0.0838228352195078,1.61000883374714,0.059,0.09,1,"MTRF1L"
0.0842537448196251,0.990174214468309,0.124,0.178,1,"RNF4"
0.0843508845517549,1.08475045579697,0.312,0.501,1,"MRPL41"
0.0845948684630045,1.3909139186616,0.095,0.138,1,"FBXW2"
0.0846059696372883,2.50704651515637,0.106,0.087,1,"RYK"
0.0847464270851678,2.28704526885499,0.072,0.053,1,"FN1"
0.0849759198252192,0.901016217196505,0.061,0.092,1,"MFSD4B"
0.0851753255816444,2.15025229430347,0.097,0.078,1,"UBE2E2"
0.0851971482612116,1.60860465044094,0.14,0.203,1,"FAM117A"
0.0854694795769902,1.15473861441843,0.05,0.077,1,"ZNF445"
0.0855129254164232,1.39740757759701,0.079,0.117,1,"NT5C3B"
0.0857064679879657,1.30358143024457,0.212,0.205,1,"AC020916.1"
0.0857550883018222,1.68694166211172,0.034,0.056,1,"PLAA"
0.0858402955139787,1.4025495134985,0.054,0.083,1,"TMEM161A"
0.0858850903112832,1.48905316662078,0.111,0.161,1,"ZNF330"
0.0859428574434461,1.44973434089841,0.102,0.148,1,"CRK"
0.086045702703656,2.06960509996166,0.061,0.043,1,"AP1S3"
0.0861087988979106,0.806907656524996,0.37,0.608,1,"NDUFA2"
0.086250600791776,2.00326976672696,0.181,0.171,1,"FRYL"
0.0865482396716394,0.953171155474032,0.032,0.053,1,"AP4E1"
0.0865502431961478,1.00750390203025,0.156,0.224,1,"TULP4"
0.0867622498922932,2.00825945808396,0.079,0.06,1,"CRTC2"
0.0867717176555692,1.04100138878472,0.07,0.104,1,"PYM1"
0.0869783321668889,1.22800018470175,0.167,0.242,1,"SPSB3"
0.0870341489923037,1.09225819925754,0.063,0.095,1,"ZFP62"
0.0870602867671472,1.225168402137,0.192,0.283,1,"ERCC1"
0.0871114519065799,1.58916421293143,0.061,0.092,1,"SLC25A16"
0.0871656672831123,1.12305876903646,0.032,0.053,1,"PNPLA6"
0.0872878520991403,1.04938362433781,0.298,0.469,1,"LSM5"
0.0872904923361053,0.903235989002933,0.248,0.365,1,"SECISBP2"
0.0873868126172815,2.14660304759243,0.172,0.161,1,"RBM22"
0.0876712628076741,1.19721504449913,0.079,0.116,1,"EGLN1"
0.0877078163815505,3.07344904218181,0.07,0.052,1,"SENP1"
0.0877239708839683,1.22047454597391,0.099,0.144,1,"DYNLL2"
0.0883747378560667,1.39060114348532,0.192,0.284,1,"MRPS26"
0.0884126284348538,1.57448869946674,0.251,0.265,1,"PUM1"
0.0884715395616545,1.13911723307365,0.052,0.08,1,"CERS6"
0.0884776747630483,1.12532688057748,0.153,0.219,1,"KMT2B"
0.0884918508024188,0.960905637575566,0.081,0.118,1,"HECTD4"
0.0885132464568203,1.12216202315617,0.068,0.101,1,"ZRANB1"
0.0885560536308083,1.85939560643404,0.054,0.083,1,"TACO1"
0.0885560536308083,2.08970688040914,0.09,0.071,1,"STK38"
0.0890424110978583,1.08906708309941,0.235,0.351,1,"HNRNPAB"
0.0891117218109726,1.05858810582578,0.059,0.089,1,"THOC6"
0.0892112291046808,1.77658505746825,0.061,0.043,1,"NBPF15"
0.0896840687082146,1.29013783201788,0.074,0.11,1,"AGTRAP"
0.0897324950642136,1.50685961108569,0.178,0.261,1,"RAD23B"
0.0900748820242352,1.84717071095589,0.032,0.053,1,"XKR8"
0.0903521274850663,0.845394192115422,0.034,0.056,1,"AL021368.2"
0.0904955329056136,1.55346445257358,0.052,0.08,1,"XRCC1"
0.0906706329608379,1.48398513359296,0.169,0.246,1,"SLAMF1"
0.0907696389013342,1.94235083040383,0.09,0.132,1,"NTHL1"
0.0907749660752839,1.91090126028012,0.084,0.064,1,"BABAM2"
0.0907963703100877,0.862992201637901,0.09,0.13,1,"FAM53C"
0.0908771801195144,2.52062557708122,0.09,0.071,1,"ABCF2"
0.0909336175214835,1.24009882775992,0.088,0.129,1,"C18orf21"
0.0910273409863075,1.9343878144994,0.163,0.15,1,"UIMC1"
0.0910352344558964,0.998484038954225,0.077,0.112,1,"MTA1"
0.0913672683225648,1.55354688394709,0.059,0.089,1,"ZNF7"
0.0914589860480576,1.25575678210159,0.192,0.281,1,"MAZ"
0.0915703976555781,1.33933708866638,0.068,0.101,1,"MLH1"
0.0915746567282533,1.2910631892832,0.086,0.125,1,"GALT"
0.0917392778819672,1.3729691942069,0.086,0.125,1,"SNX4"
0.0917448905091516,1.63236001403622,0.242,0.256,1,"UGP2"
0.0918826184732401,2.84188369179921,0.079,0.06,1,"CD58"
0.0919812189729479,1.00841488061307,0.088,0.127,1,"MAFG"
0.0922512840855154,1.18016405705384,0.09,0.13,1,"COG4"
0.0922658416265688,1.07987204909563,0.077,0.112,1,"TAF1"
0.0927176092918524,1.14168498747803,0.368,0.446,1,"TMEM156"
0.0929295374597796,1.10184365519859,0.221,0.33,1,"METTL23"
0.0929295904707948,0.767546512169154,0.034,0.056,1,"ESS2"
0.0932874126498904,1.90568928358264,0.084,0.064,1,"SCAI"
0.0932889767118818,1.38283220402062,0.093,0.134,1,"FAM217B"
0.0933267329945177,1.84350513998803,0.077,0.058,1,"ZNF821"
0.093404204986474,1.44950452704372,0.093,0.134,1,"SMAD4"
0.0934520970316648,0.543319191174724,0.034,0.056,1,"ZMYM3"
0.0936091815593366,2.15573780507851,0.187,0.18,1,"MAT2A"
0.0937718100357651,1.34942294246043,0.108,0.155,1,"PURB"
0.0939109945657189,1.84417642223944,0.242,0.257,1,"BTF3L4"
0.0941029022390965,1.14858853178092,0.113,0.161,1,"BTN3A3"
0.0943868191379048,0.726255008915159,0.034,0.056,1,"HAUS4"
0.0944672083600249,0.959832189855899,0.111,0.159,1,"RNF34"
0.0945021569056142,1.61850817603631,0.359,0.466,1,"EIF3I"
0.0945023999811296,1.47510023180366,0.045,0.071,1,"PINX1"
0.094542002779527,1.69286860954553,0.036,0.059,1,"RBSN"
0.094662550784854,1.45331252141768,0.138,0.199,1,"ZNF511"
0.0947426020952164,1.67078462009383,0.072,0.107,1,"APH1B"
0.0948052882247296,0.941596960508351,0.35,0.566,1,"HMGN3"
0.0949159930609403,2.12959086838853,0.072,0.054,1,"RNF138"
0.0953101013632271,1.17989153780138,0.212,0.314,1,"IDH3G"
0.0955277002177375,1.17175879428133,0.19,0.276,1,"CARHSP1"
0.0956703392851752,1.02184775225812,0.201,0.29,1,"SETD5"
0.0957482784214209,1.76994420099696,0.133,0.116,1,"PSD4"
0.0957704968064698,2.30570085483445,0.174,0.165,1,"RASSF5"
0.0959785459120208,1.26034081591022,0.144,0.206,1,"NPAT"
0.0961832903413514,2.83418586411118,0.14,0.126,1,"CHPT1"
0.0961978592866233,1.16363113182371,0.086,0.125,1,"COL4A4"
0.0964489858156307,2.37998385132769,0.158,0.148,1,"PEX16"
0.0966086285170151,1.2175907673065,0.09,0.13,1,"ANKHD1"
0.0967289970807616,1.913386936903,0.111,0.092,1,"DENND2D"
0.0967605095720373,1.07304745029265,0.032,0.052,1,"DNAJC27"
0.0969262540033346,0.656027079204331,0.036,0.058,1,"FOSL2"
0.09708939401078,1.18228832602828,0.09,0.13,1,"SH2B2"
0.0972505786696037,1.68374326654569,0.135,0.118,1,"SREBF2"
0.0973152549710212,1.18069003244492,0.059,0.088,1,"SLC25A12"
0.0974468860924741,0.471840287263209,0.038,0.061,1,"MNT"
0.0976548553351954,1.40904936714141,0.061,0.091,1,"MTHFD2L"
0.0979589890280904,1.3917859950381,0.363,0.438,1,"VMP1"
0.0980220364605379,1.28209350304023,0.126,0.18,1,"TRNT1"
0.0981186281031452,0.893154457671417,0.095,0.135,1,"UBP1"
0.098753983634533,1.29013329738414,0.065,0.097,1,"PLCL2"
0.0992439479761261,0.910612346658211,0.12,0.169,1,"KIDINS220"
0.0993605077170049,1.28419838907985,0.065,0.097,1,"MON1B"
0.0994296476223557,2.1230553525043,0.199,0.199,1,"MOB4"
0.0997416455700929,1.28656757335111,0.093,0.133,1,"TFDP2"
0.0997769223311565,0.653490820982135,0.07,0.102,1,"INPPL1"
0.0998757627720729,1.89648505304917,0.061,0.044,1,"NBPF11"
0.100217437921827,2.43781374770806,0.108,0.091,1,"METTL16"
0.100509986024319,1.58380145785694,0.144,0.207,1,"ATP6V1D"
0.100785047634972,1.01084977966892,0.093,0.133,1,"POLDIP3"
0.101567333617392,1.34184101101167,0.081,0.118,1,"HCFC1"
0.101995767280635,1.37327372271244,0.133,0.189,1,"RASA2"
0.10221312820241,1.36827236021759,0.097,0.139,1,"STAMBP"
0.102318090146956,0.995787950490014,0.036,0.058,1,"NFRKB"
0.102362164771778,1.29031990707725,0.038,0.061,1,"FOXK1"
0.102462159045431,2.04919323368431,0.133,0.118,1,"ING4"
0.102908879530249,1.2530496248679,0.095,0.137,1,"RUVBL1"
0.102931635405094,1.1188259457356,0.036,0.058,1,"XKR6"
0.103048374344509,1.86428681578454,0.099,0.081,1,"RPA1"
0.10307912459618,0.934662139457543,0.316,0.502,1,"ECH1"
0.103098406098956,0.123148899768007,0.034,0.055,1,"MEN1"
0.103104298469018,2.29208911693691,0.09,0.072,1,"SMIM29"
0.103529020486851,0.823812668080409,0.084,0.119,1,"SLK"
0.103766796660098,1.75566492472778,0.056,0.04,1,"DENND4C"
0.103786613399465,1.45963600272258,0.065,0.097,1,"ZDHHC3"
0.10404645863958,0.752113160675407,0.041,0.064,1,"NAXD"
0.104398864991206,1.01266348795073,0.122,0.172,1,"METTL17"
0.104653288899101,1.74361092315835,0.169,0.16,1,"TMEM170A"
0.105102113843549,1.19694137644973,0.036,0.058,1,"SLC25A40"
0.105267206390874,1.64386205873562,0.099,0.081,1,"FOXN2"
0.105454643711205,1.38646358305253,0.086,0.124,1,"CDKN2AIP"
0.105729327052477,2.42888503852803,0.088,0.07,1,"QTRT2"
0.105946292556668,1.67029592209367,0.045,0.07,1,"RAB28"
0.106118964864966,1.77140054959706,0.095,0.137,1,"SDHAF1"
0.106265776658835,1.17414725471382,0.086,0.123,1,"AKAP8"
0.106281326440682,1.46850280574446,0.061,0.091,1,"MARCH5"
0.106311681395614,1.10899805490449,0.05,0.075,1,"RBM15"
0.106380097856036,1.28419954539328,0.09,0.129,1,"AP5M1"
0.106558576423027,0.249391394229869,0.032,0.052,1,"CTNND1"
0.106597209755109,1.09260412531532,0.043,0.067,1,"CAD"
0.106598054295487,1.16521914496656,0.09,0.129,1,"COG2"
0.106800607061843,1.19207448164084,0.12,0.17,1,"SIGIRR"
0.106822873007117,1.88912382622804,0.133,0.118,1,"CABIN1"
0.10690476952307,1.44981275472316,0.054,0.082,1,"C12orf76"
0.106950482007415,1.54026633233635,0.117,0.168,1,"MMP24OS"
0.107011349686579,1.43985240824085,0.111,0.157,1,"COQ7"
0.10714202901667,0.895782461913559,0.09,0.129,1,"STK11"
0.107191165973297,0.965659358765621,0.079,0.114,1,"UBR1"
0.107326298762998,1.34675234894857,0.153,0.221,1,"OLA1"
0.107427945987149,1.61993045111619,0.291,0.331,1,"PRPF8"
0.10784882340512,1.56549381844169,0.072,0.106,1,"RNF6"
0.108431621054394,1.41585709991213,0.047,0.072,1,"MDC1"
0.10870336574387,1.3433128639816,0.124,0.176,1,"USP10"
0.108879504075814,0.0368337669898193,0.038,0.06,1,"NUBPL"
0.109000038612728,2.32599791740577,0.084,0.066,1,"PRPS2"
0.109002092503772,1.48613904388541,0.05,0.075,1,"TMEM206"
0.109066553759945,1.77009584838713,0.163,0.152,1,"PPP1R9B"
0.109212798400765,0.959490631044873,0.065,0.096,1,"VPS39"
0.10923717836877,2.10884973085842,0.176,0.17,1,"PPIL4"
0.109302598866515,2.45937242333882,0.065,0.048,1,"ZNF117"
0.109468893641744,1.97534523449247,0.223,0.231,1,"SPPL2A"
0.109542174084601,2.04960082997014,0.147,0.133,1,"SIK3"
0.109861278958105,1.12619056612541,0.041,0.064,1,"LMBR1"
0.1111036343099,1.26735676932501,0.047,0.072,1,"IFT74"
0.1111655173188,1.19427901390005,0.038,0.06,1,"MTM1"
0.111340331287052,0.263942541543969,0.47,0.749,1,"TCF25"
0.11148172815361,1.87860763031567,0.242,0.26,1,"ECHDC1"
0.111514763265782,1.11264126182412,0.047,0.072,1,"CANT1"
0.11151641768833,2.11161961381615,0.095,0.077,1,"PPM1M"
0.112022266573727,1.08309574212496,0.065,0.096,1,"FURIN"
0.112282512242909,1.1907568634113,0.262,0.396,1,"CHMP5"
0.112366711553645,1.47886842067708,0.072,0.105,1,"RGP1"
0.112538922567996,2.10097479517919,0.102,0.084,1,"MEPCE"
0.112583264235527,1.3964261566784,0.108,0.154,1,"COIL"
0.112642698056227,1.58871705744841,0.095,0.136,1,"DCAF11"
0.112926700116919,1.62919315683225,0.041,0.064,1,"SLC25A33"
0.11305323685505,1.4371949873237,0.041,0.064,1,"SCCPDH"
0.113136679218046,1.20684642634448,0.228,0.334,1,"PTPRA"
0.113174096592433,1.51839215502727,0.221,0.228,1,"PPP2R1A"
0.113179998048946,1.1586869375714,0.246,0.364,1,"RSRC1"
0.113183969631961,0.763706639078122,0.036,0.057,1,"FEM1A"
0.11355433867537,1.00189503106775,0.038,0.06,1,"MARK4"
0.113584469269564,1.1620719988628,0.036,0.057,1,"ZNF182"
0.113669454135204,1.81083003165199,0.233,0.247,1,"PDCD2"
0.113834970896432,1.42134168857259,0.296,0.33,1,"NSD1"
0.113842017426001,0.890621092879046,0.345,0.542,1,"PPP1R10"
0.114084274388413,1.23619814587913,0.043,0.066,1,"SMG5"
0.114415296234531,1.19091321947378,0.111,0.155,1,"TAB2"
0.114520616146877,0.72196319961134,0.492,0.705,1,"ATP5J2"
0.115148340539352,1.64007796836944,0.183,0.263,1,"RABGGTB"
0.115210020199418,1.6803492536609,0.084,0.121,1,"UTP18"
0.115233464316849,2.1912580191979,0.097,0.079,1,"ZNF160"
0.115491137841083,0.698210093138276,0.05,0.075,1,"DAPL1"
0.115736491865037,0.654878807551153,0.045,0.068,1,"GZMA"
0.116474957529695,0.921884382388911,0.034,0.054,1,"RNF139-AS1"
0.116703473480138,1.73887075321814,0.054,0.081,1,"FARS2"
0.116866717603037,1.28097774789503,0.102,0.145,1,"MFSD1"
0.116981212925145,0.320594627689943,0.038,0.06,1,"PABPC1L"
0.116993319903631,0.929234970246729,0.131,0.183,1,"LUC7L2"
0.117234521552944,2.24199319916932,0.09,0.073,1,"ERV3-1"
0.11739420577027,1.72226068655654,0.307,0.367,1,"AP2S1"
0.117583226110879,1.29188933097926,0.144,0.205,1,"SNRNP35"
0.117671385902014,1.67719766648086,0.034,0.054,1,"TMEM184C"
0.117771486177689,0.79159524104107,0.061,0.089,1,"ANAPC4"
0.118036936223178,2.28919938484445,0.054,0.081,1,"UXS1"
0.118059697666069,1.55680719595072,0.348,0.446,1,"NDUFB5"
0.118073833695797,2.7000702804331,0.099,0.083,1,"GMFB"
0.118736161024611,1.17631240477265,0.059,0.087,1,"NSUN4"
0.118796329988836,2.12390100439611,0.187,0.185,1,"CAPN1"
0.1189624391029,1.53448631329848,0.036,0.057,1,"LINC00665"
0.119059939730609,1.63065407516703,0.183,0.177,1,"WDFY1"
0.119230282469552,0.703335191346246,0.065,0.095,1,"RANBP3"
0.119233996217725,1.1322124450348,0.034,0.054,1,"C2orf76"
0.119435540897509,1.59894962089658,0.043,0.066,1,"RRM1"
0.119606210559006,1.30694942320311,0.056,0.083,1,"MBD3"
0.119702711213087,1.42392998745411,0.059,0.087,1,"PDSS2"
0.119995546161103,1.00000467511443,0.054,0.08,1,"TTI1"
0.120204808025384,2.41521083170626,0.063,0.047,1,"C7orf43"
0.12026804514208,1.12344299530981,0.129,0.179,1,"HIVEP1"
0.120560975837527,1.10044479177924,0.273,0.415,1,"SNRPC"
0.120688132759884,2.08005176572679,0.129,0.114,1,"TMEM120B"
0.120715395940891,1.88847714430594,0.111,0.094,1,"NOTCH2"
0.120812821125141,0.992056685536348,0.034,0.054,1,"ZNF398"
0.120812821125141,1.55582452517414,0.034,0.054,1,"LMNB2"
0.120885334363576,2.2432949900527,0.07,0.053,1,"STX6"
0.120892334702837,2.54658159959375,0.059,0.043,1,"PTPN9"
0.12122928098388,0.769841637479542,0.063,0.091,1,"AK9"
0.121268785029395,2.23372271297147,0.122,0.106,1,"C1orf35"
0.121624285668812,1.02965021076608,0.135,0.189,1,"KHSRP"
0.121681872888416,1.13448661977983,0.095,0.133,1,"INTS1"
0.121948795773715,1.20378124105078,0.226,0.334,1,"MRPS18B"
0.122260637383504,1.01927157787086,0.032,0.051,1,"ZNF460"
0.122485785309432,1.04702622927742,0.032,0.051,1,"CACTIN"
0.122597442639144,1.63566372379792,0.07,0.102,1,"ECSIT"
0.122633582600348,0.521834785697196,0.393,0.62,1,"SF3B5"
0.12268099884903,1.29093819785712,0.106,0.149,1,"ZNF75A"
0.12290961968989,2.24993394125254,0.095,0.078,1,"DDX58"
0.123104660354269,1.28288445998349,0.28,0.43,1,"ASAH1"
0.123130934490197,2.02369672804066,0.221,0.233,1,"CHMP3"
0.123246028894163,1.83780168627145,0.07,0.102,1,"ZFYVE21"
0.123260770602086,1.0617614421842,0.176,0.249,1,"DNM2"
0.123753747134603,1.7197546594555,0.086,0.122,1,"HRAS"
0.123976810718408,1.47405224747435,0.065,0.095,1,"SNUPN"
0.124276018300863,1.8654766794927,0.278,0.32,1,"FAM96A"
0.124334796653017,1.48734535555735,0.28,0.303,1,"HSPH1"
0.124345950688258,0.432642686672585,0.063,0.091,1,"PI4KA"
0.124391597837946,1.2933224535775,0.117,0.165,1,"GNPAT"
0.124442763802423,1.90547375922859,0.167,0.16,1,"SNHG15"
0.124489971235541,1.65976595799501,0.056,0.041,1,"POLR1C"
0.124766080721084,1.79265382818239,0.251,0.274,1,"SUZ12"
0.124910593375402,0.979085399125844,0.05,0.074,1,"ZNF785"
0.125058537099477,2.10135979994465,0.065,0.049,1,"ZNF84"
0.125060392437872,2.5002060136672,0.059,0.043,1,"ZNF611"
0.125060392437872,2.16678258689477,0.059,0.043,1,"PATZ1"
0.125511506756158,1.32561942081003,0.079,0.113,1,"NKAPD1"
0.125544036758167,1.26676312109442,0.084,0.119,1,"NPTN"
0.125615614148617,1.39572951227762,0.106,0.149,1,"DIS3"
0.125716296307509,1.11747538393384,0.093,0.13,1,"MED7"
0.125729905411949,1.97096133078576,0.126,0.111,1,"ZNHIT6"
0.125732934852487,0.642909417023267,0.167,0.232,1,"IFI44"
0.125738295617623,0.88947156445073,0.05,0.074,1,"NAA40"
0.125914699365503,1.05686198143362,0.264,0.395,1,"DARS"
0.126618636579991,1.07529723586364,0.045,0.068,1,"TUBE1"
0.126673939761827,1.69568140364721,0.149,0.137,1,"ATXN7L3B"
0.12733266978003,1.73867991331071,0.07,0.101,1,"SLC25A26"
0.127357621136375,0.352656413203814,0.47,0.754,1,"REEP5"
0.127384051828719,1.97068299075887,0.142,0.13,1,"VRK3"
0.127436631244051,0.373873377617627,0.034,0.053,1,"MAN2A2"
0.127517079720599,0.4747974965337,0.402,0.621,1,"RBM6"
0.127652985223445,1.91066480223574,0.115,0.163,1,"CREM"
0.127671505857769,0.755883979429762,0.363,0.584,1,"PPA1"
0.127987968623365,1.14461161112856,0.05,0.074,1,"C6orf120"
0.128487478389336,1.81810351010859,0.047,0.071,1,"TMEM39B"
0.128810631377991,1.79521027510605,0.038,0.06,1,"FAM50B"
0.128835666368582,1.21004388001518,0.124,0.173,1,"USP22"
0.128914719548017,2.24392908513636,0.05,0.035,1,"MIS18A"
0.129324568609965,0.782790316975866,0.047,0.071,1,"ANKRD54"
0.129986879763192,1.24187005079713,0.036,0.056,1,"GNE"
0.130070824407899,1.81129293832246,0.244,0.264,1,"LAMP1"
0.130195930505217,1.29103966692741,0.059,0.086,1,"STARD3NL"
0.130442624889664,1.22624797219381,0.115,0.162,1,"GRPEL1"
0.130459947668773,1.82528903087897,0.248,0.267,1,"UBTF"
0.130520235037563,1.82615357560818,0.126,0.112,1,"DBP"
0.130736974048142,1.74748216612579,0.332,0.419,1,"GTF2A2"
0.13076712878712,1.11540231597273,0.174,0.244,1,"NOC2L"
0.130951425775596,1.75989054005563,0.063,0.092,1,"ARMT1"
0.131127885218232,1.62870147546113,0.208,0.212,1,"AP2B1"
0.131134055993993,1.84682834313628,0.208,0.211,1,"POLR2A"
0.131184482635083,0.768794375186022,0.133,0.183,1,"PRRC2A"
0.131299469877075,2.09890167066022,0.059,0.086,1,"RGS16"
0.131426874258307,1.50738882757224,0.314,0.368,1,"ZNF791"
0.131600251720888,1.54788364353361,0.043,0.065,1,"RAB33B"
0.132067073804455,1.19279216378511,0.093,0.129,1,"EP400"
0.13247459011136,1.19615382913147,0.065,0.094,1,"FGD4"
0.132666769819834,1.66291951817702,0.235,0.246,1,"GABPB1"
0.132782119540933,1.91611107965817,0.059,0.086,1,"BCOR"
0.132817312809919,1.29688097684501,0.034,0.053,1,"SNX16"
0.132986392439195,0.583950271631734,0.045,0.068,1,"TESK1"
0.13302867006925,0.998767639742427,0.047,0.071,1,"C5orf63"
0.13310357854704,1.58319889191546,0.063,0.091,1,"ZBTB41"
0.133452745833051,1.13358986299047,0.214,0.304,1,"PTBP1"
0.133453667718404,1.66205213674045,0.104,0.087,1,"KANSL2"
0.133497606943418,1.75717146955789,0.183,0.179,1,"HERC4"
0.133595478204305,2.19285229860449,0.106,0.091,1,"DLGAP4"
0.133650436607679,1.25689171617337,0.043,0.065,1,"B3GAT2"
0.133995150995416,1.92523034913865,0.181,0.177,1,"ZCCHC10"
0.134090042874609,1.67799429618696,0.059,0.086,1,"C9orf85"
0.134132399840085,0.669538105478451,0.51,0.723,1,"USMG5"
0.134198856181237,1.19240655844444,0.041,0.062,1,"SLX4IP"
0.13427194174536,1.18253919195295,0.041,0.062,1,"SPINT1"
0.134392544574168,1.21328967310239,0.084,0.118,1,"DDX41"
0.134465355019046,1.20603998889087,0.034,0.053,1,"CNNM3"
0.134465355019046,1.41230345164892,0.034,0.053,1,"ARL17B"
0.134667895256952,0.803342309326088,0.316,0.466,1,"ANKRD11"
0.13467567723809,0.985042500663883,0.445,0.575,1,"STAT1"
0.135015204221587,1.49058526870666,0.106,0.149,1,"SMARCAD1"
0.135101303542253,2.13727221319391,0.156,0.147,1,"ITGB1BP1"
0.135152331885147,0.851140154673112,0.047,0.071,1,"GTPBP10"
0.135183553111122,1.42966646395471,0.244,0.26,1,"MAP3K2"
0.135401235077496,0.884535599783045,0.079,0.111,1,"TIPARP"
0.135414166739369,1.29717292753951,0.034,0.053,1,"ALKBH2"
0.135688199220512,0.963641682498837,0.167,0.232,1,"ANKRD17"
0.136049573864172,1.6565227015793,0.034,0.053,1,"CHCHD6"
0.136460003669908,1.10659576793414,0.063,0.091,1,"FBXL20"
0.136496750068969,1.00455640857826,0.059,0.085,1,"CSNK1G1"
0.136703964021146,1.60751555546061,0.126,0.112,1,"TBPL1"
0.136880714383059,1.70120118550348,0.133,0.187,1,"DDX52"
0.136926226774179,1.22042964151261,0.077,0.109,1,"KAT2B"
0.13698989537063,1.2284707379448,0.124,0.172,1,"TRAF3"
0.137044969448956,0.970630854201768,0.038,0.059,1,"PIGQ"
0.137227605036728,1.66982963574914,0.131,0.184,1,"RPF1"
0.137365033912147,1.42920230212616,0.122,0.17,1,"GTF2E2"
0.137517577901781,0.536539500791309,0.05,0.073,1,"TMCO4"
0.13763946557769,1.0424323364369,0.045,0.068,1,"TMEM189"
0.137841365684276,0.851857023562818,0.366,0.569,1,"BRD2"
0.13805242793453,1.0671676749844,0.052,0.076,1,"POGLUT1"
0.13832208362176,1.37231754246976,0.095,0.133,1,"AHCTF1"
0.138421203570071,1.42444809455901,0.038,0.059,1,"PIGL"
0.138663969551966,1.87066865936228,0.176,0.172,1,"ETV6"
0.139038223057472,1.41915927212622,0.061,0.088,1,"PCK2"
0.139881132445138,0.307654896410795,0.034,0.052,1,"PRR3"
0.139904248169076,1.10252966222242,0.142,0.197,1,"NUP50"
0.140541994366265,1.7572868873159,0.142,0.199,1,"APLP2"
0.1407813277662,1.07603360791265,0.07,0.099,1,"CEP44"
0.140908316544174,0.935544803154738,0.043,0.064,1,"GLE1"
0.140945257529683,0.969436264429706,0.036,0.056,1,"CNEP1R1"
0.141045597270858,1.35329753928514,0.113,0.157,1,"RGS14"
0.141349815256828,0.613223298599741,0.052,0.075,1,"TRIM37"
0.141441519571396,1.73425499987077,0.199,0.199,1,"BIN2"
0.142197176420754,1.35272740992453,0.045,0.068,1,"ALAS1"
0.142211378530127,1.5651119486144,0.169,0.242,1,"TOMM5"
0.14240291909134,1.25058331584142,0.043,0.064,1,"ZNF414"
0.142522866112808,1.12807628542004,0.271,0.409,1,"ECHS1"
0.142920694105276,1.35794953716794,0.088,0.124,1,"HCFC1R1"
0.142931773676976,2.37341665761844,0.059,0.044,1,"TELO2"
0.143031428732146,1.58426444942784,0.117,0.102,1,"TET2"
0.143196078951948,2.00024427677765,0.165,0.159,1,"TRAPPC2"
0.143333509242108,1.0274470489187,0.084,0.117,1,"HMGCS1"
0.143658566500683,2.3749284958454,0.065,0.05,1,"ADCK2"
0.143927208074427,1.10298152297719,0.228,0.328,1,"PTPN7"
0.143992655878428,1.20679141130239,0.165,0.23,1,"NUPL2"
0.144278308947567,1.26095831240254,0.167,0.235,1,"HEXA"
0.144449506025109,1.27991650791919,0.05,0.073,1,"SUGP1"
0.144978033628653,1.964400756695,0.07,0.054,1,"LONRF1"
0.145347429134647,1.47518891806568,0.142,0.199,1,"ATAD1"
0.145352364779498,1.55972992749189,0.043,0.064,1,"WIZ"
0.145566302412895,1.32504891689124,0.07,0.099,1,"THAP6"
0.145918066871205,2.25062256419293,0.113,0.098,1,"MCMBP"
0.145985120235549,1.20250137886577,0.047,0.07,1,"VPS52"
0.146169636377824,1.64527857297207,0.05,0.073,1,"PRAF2"
0.146251569192884,1.53669842476781,0.084,0.118,1,"MAP2K1"
0.146335138809095,2.25487282811616,0.129,0.117,1,"ACTR6"
0.146438633619291,1.60739800957205,0.287,0.334,1,"UQCRC2"
0.146619992275794,1.13129754340117,0.278,0.418,1,"PGAM1"
0.146637895169032,2.96663582347544,0.084,0.068,1,"SC5D"
0.146991902223993,1.13137100484376,0.181,0.17,1,"DDIT4"
0.147262813383958,2.35455823162588,0.117,0.104,1,"EXOSC5"
0.147539333845154,1.42616041550651,0.086,0.121,1,"MRPL49"
0.147710717575193,1.3143038510533,0.041,0.061,1,"DNAJC11"
0.147821839341342,2.14237377611755,0.074,0.059,1,"IRF5"
0.147894800707854,1.10245744960788,0.192,0.272,1,"DAP3"
0.148395118946486,2.15450968149756,0.115,0.102,1,"DSCR3"
0.148408662977716,1.85948961117123,0.068,0.052,1,"PACSIN2"
0.148739447763857,1.26357543563689,0.054,0.079,1,"GUF1"
0.148832214325263,2.39779442495533,0.077,0.061,1,"CHD1L"
0.14923782342507,2.32225130278301,0.095,0.079,1,"VPS50"
0.149319555067788,1.17112830769705,0.052,0.075,1,"TSC22D1"
0.149328030705318,1.66431215858402,0.108,0.152,1,"PLGRKT"
0.149436214435455,1.52382565737931,0.063,0.091,1,"MRPL10"
0.149457790633132,1.39601449883315,0.07,0.099,1,"KYAT3"
0.14947180044892,1.27284161733067,0.174,0.243,1,"ITFG2"
0.149515130777937,2.48143905386934,0.05,0.036,1,"DBR1"
0.149733332514428,1.14678145933465,0.415,0.58,1,"UFC1"
0.149775412638463,1.83426577492846,0.275,0.314,1,"UNC93B1"
0.150059252386601,1.4925513300082,0.153,0.214,1,"RAB4A"
0.150418297946997,1.25382231460411,0.065,0.093,1,"SPTLC1"
0.150545322895508,1.58953603560509,0.068,0.096,1,"DCAF6"
0.15069736718131,1.29911866574104,0.063,0.091,1,"PIK3C3"
0.151044382852733,1.2459582441691,0.104,0.144,1,"RPRD1A"
0.151055911868966,0.852265215550382,0.099,0.137,1,"RHOT2"
0.151099735051008,1.4696439804477,0.106,0.148,1,"PRPS1"
0.151218422025201,2.21205648939107,0.05,0.036,1,"LCLAT1"
0.151345329010594,1.32324385818548,0.034,0.052,1,"TMEM254"
0.151392517365077,0.939642894317406,0.056,0.081,1,"PROSER1"
0.151730120314182,1.33375260575598,0.194,0.276,1,"HUWE1"
0.151784533740056,1.14813058950964,0.26,0.388,1,"PSMC5"
0.152070163139407,1.21826104493446,0.072,0.102,1,"CEP85L"
0.152100232331186,1.96968399891364,0.07,0.055,1,"DTX2"
0.152110886091854,0.896702740595412,0.332,0.515,1,"SCAND1"
0.152118319453732,2.36842969980751,0.063,0.048,1,"MSH2"
0.152264083795105,1.14973456413099,0.138,0.191,1,"PHACTR4"
0.152285475731425,1.34719748523598,0.115,0.16,1,"SDR39U1"
0.152363282091777,1.91266979162927,0.174,0.17,1,"BORCS7"
0.152451734860726,1.59678035690001,0.192,0.192,1,"LYRM2"
0.152564964774673,1.48317113380502,0.034,0.052,1,"FUZ"
0.152639903470597,1.16254745028831,0.126,0.174,1,"KLC1"
0.152944947432112,1.49036865543204,0.327,0.394,1,"PHF3"
0.153083421904011,1.64431596045426,0.054,0.079,1,"INPP1"
0.153556872512208,1.0348928876509,0.072,0.101,1,"POLG2"
0.15381361427469,1.80587401313517,0.061,0.087,1,"LGALS8"
0.153942775629353,0.476234474478061,0.666,0.844,1,"ISG20"
0.154206973027692,1.27247560591423,0.181,0.256,1,"UBE2Q1"
0.154254656568229,1.50707511691855,0.05,0.072,1,"PLXNA3"
0.154464593435116,2.02587952357919,0.165,0.158,1,"EFR3A"
0.154871301477775,0.930377393088493,0.172,0.236,1,"NAMPT"
0.155166036437883,1.4406958150787,0.052,0.075,1,"LACTB2"
0.155342017936541,1.68928445611443,0.248,0.272,1,"CNOT2"
0.155345424007985,1.85503285667144,0.115,0.101,1,"CCSER2"
0.155383790042567,1.58747339972281,0.09,0.125,1,"GSE1"
0.155992000457181,1.19956592107563,0.036,0.055,1,"LINC02245"
0.156511248803987,1.96974414968791,0.219,0.231,1,"PNPLA8"
0.156619421836518,1.29550147270605,0.065,0.093,1,"TMEM128"
0.156638546572687,1.20283973732514,0.068,0.095,1,"WDR55"
0.156932217381665,1.77745365704504,0.122,0.17,1,"UBLCP1"
0.157705072265508,1.87303146109463,0.111,0.096,1,"PIAS2"
0.157845964592828,1.10730959847385,0.068,0.095,1,"SCYL3"
0.157976601414505,1.18825710799893,0.169,0.234,1,"BACH1"
0.158101168551262,1.32219425134964,0.102,0.141,1,"NELFB"
0.158108471793566,2.3503806019501,0.052,0.038,1,"ZSCAN32"
0.158120411150721,1.30565960275689,0.07,0.098,1,"DHX40"
0.158145808364827,1.78383911027715,0.242,0.261,1,"ANKRD49"
0.158256352366462,1.72589416489639,0.196,0.197,1,"EIF4G3"
0.158260815248433,1.38178838922144,0.072,0.102,1,"SLC39A6"
0.158400597912151,1.71905521723158,0.108,0.151,1,"ORAI3"
0.158916382588928,2.23938060510448,0.086,0.071,1,"CIAPIN1"
0.159323698139614,0.661013634055428,0.041,0.06,1,"ENGASE"
0.159623340886368,2.53135254207075,0.065,0.051,1,"CLN8"
0.159920035689209,2.0495103723924,0.07,0.098,1,"GXYLT1"
0.159987059195959,0.422411874423598,0.488,0.757,1,"TYMP"
0.1603138598982,0.135766378246601,0.558,0.836,1,"NDUFA1"
0.160396504129415,1.21151437454115,0.061,0.087,1,"WDR75"
0.160449604866603,1.82418866973452,0.266,0.306,1,"AIMP1"
0.160460017740931,1.99004502847493,0.14,0.129,1,"AP1B1"
0.160488844273986,1.21934444371627,0.147,0.203,1,"GAK"
0.160806668548901,2.36123683315743,0.059,0.044,1,"PHC2"
0.160841921415262,1.87947674467642,0.149,0.14,1,"TMEM87B"
0.161136637354252,1.16638131764764,0.187,0.261,1,"POGZ"
0.161176077367485,0.867009389891907,0.059,0.083,1,"GTF2IRD2"
0.161587413284369,1.09894577269023,0.047,0.069,1,"RRS1"
0.161716936627283,2.31218013602644,0.099,0.085,1,"RNF146"
0.161737816354303,2.27901454275561,0.104,0.09,1,"ATPAF2"
0.16183707068658,2.33412441520188,0.065,0.051,1,"RHOC"
0.161879823863558,1.872896152439,0.221,0.235,1,"KRAS"
0.161993647178183,1.21996586561382,0.117,0.161,1,"PDPK1"
0.162076734788695,1.60128786838383,0.099,0.137,1,"P2RY8"
0.162127478217578,1.37666838325573,0.068,0.095,1,"VAMP7"
0.163095541655035,2.08041913863937,0.093,0.078,1,"ZNF143"
0.163289468499929,1.51798216839747,0.052,0.075,1,"ABCA7"
0.163719292493514,1.52543509104117,0.095,0.131,1,"SLAIN2"
0.164283528545542,2.14785388075501,0.111,0.097,1,"AVL9"
0.164290769103281,1.67922519681286,0.07,0.055,1,"RARA"
0.164412647121892,1.65375532540134,0.074,0.104,1,"MED23"
0.164466858052493,2.14785919655889,0.099,0.085,1,"TP53TG1"
0.16454587839026,2.2867854420542,0.059,0.044,1,"LUZP1"
0.164685433644253,2.65120574729019,0.054,0.041,1,"SOCS5"
0.164692449836468,1.26456261201464,0.041,0.06,1,"RPP21"
0.164753447753934,1.21705419200778,0.282,0.319,1,"EIF4A1"
0.164767020206878,1.46582719350989,0.079,0.11,1,"GMCL1"
0.165208728125385,1.73472956320776,0.054,0.078,1,"POC5"
0.165570887014308,1.30696831704863,0.253,0.375,1,"TMEM134"
0.165604967704778,1.37544231652685,0.081,0.066,1,"IGFBP7"
0.165755480917292,1.53191204164078,0.305,0.366,1,"ANXA7"
0.166687242412644,1.12555843416314,0.056,0.08,1,"BCL2L13"
0.166916687939769,1.72530893080099,0.099,0.084,1,"INPP5B"
0.167145697293731,1.32355777028715,0.16,0.223,1,"NUDT21"
0.16719025487222,1.28037611125348,0.086,0.118,1,"SF3A2"
0.167724236566615,1.66110153072965,0.117,0.104,1,"AGL"
0.167761728557946,1.46021720544873,0.063,0.089,1,"SMYD3"
0.167979355471141,1.38278349900398,0.298,0.342,1,"CWF19L2"
0.168103532127255,1.28525270814866,0.072,0.101,1,"LIAS"
0.168224937697335,1.39111806118104,0.138,0.189,1,"GPS2"
0.168237842099338,1.5608815376102,0.117,0.103,1,"NHLRC2"
0.1682658468911,1.26303478672572,0.113,0.155,1,"KMT5B"
0.168287555562192,1.214166738592,0.056,0.08,1,"XPO4"
0.168479353172961,1.22831957418677,0.271,0.411,1,"CHCHD1"
0.168596173218272,1.29628625728947,0.038,0.057,1,"UBALD1"
0.168736317341046,1.29967416626559,0.095,0.13,1,"DDX56"
0.168855115512399,1.18144293679263,0.287,0.435,1,"SSNA1"
0.169091196482404,1.7151359751947,0.111,0.153,1,"HPF1"
0.16922772855733,2.4467121814592,0.07,0.056,1,"C2orf69"
0.169357062853394,0.90633920709439,0.043,0.063,1,"CCDC142"
0.169438941436058,1.35038390200762,0.068,0.095,1,"FBXO42"
0.169592351809407,1.36937795516529,0.111,0.096,1,"LIMK1"
0.169708812925198,1.56169617049978,0.061,0.087,1,"PET117"
0.170150206269855,1.49272819749477,0.113,0.155,1,"CHM"
0.170687661439492,1.02459597586096,0.153,0.21,1,"KRIT1"
0.170697959743086,1.6532377555057,0.147,0.137,1,"PRKAG2"
0.170768203941747,1.83338907675667,0.09,0.124,1,"CHRAC1"
0.170796816058075,1.53262081632806,0.115,0.102,1,"PARP12"
0.171167854821748,1.13596461060286,0.074,0.103,1,"LINC01089"
0.171345023294462,1.60080589680595,0.19,0.19,1,"ELMO1"
0.171346179636346,1.38269140726977,0.167,0.233,1,"CHST11"
0.171648316465637,1.04343925481766,0.153,0.209,1,"GPATCH2L"
0.17164970263911,2.04746235927767,0.059,0.044,1,"FLCN"
0.171673083610201,1.67742027742999,0.192,0.275,1,"USE1"
0.171721076932229,1.54757003544398,0.248,0.273,1,"IFNGR2"
0.172129207745035,2.35349098053607,0.074,0.06,1,"ASCC1"
0.172289771772573,1.46605464710967,0.296,0.349,1,"CAPNS1"
0.172356834207203,1.12714025531327,0.09,0.124,1,"CTDSPL2"
0.172653979799526,1.63846353291384,0.045,0.066,1,"CASP6"
0.172881607995473,1.38572539987533,0.111,0.152,1,"PRKAG1"
0.173082544463053,1.61507487276947,0.045,0.066,1,"RHNO1"
0.17308679145233,1.67643607335071,0.3,0.359,1,"USF2"
0.173339896506817,1.90738972995147,0.065,0.092,1,"FBXO44"
0.17356185428875,1.0869168067418,0.237,0.338,1,"FTX"
0.173657305243939,2.08580515002524,0.156,0.15,1,"NFYC"
0.173795409233465,1.66241936042698,0.156,0.148,1,"TRAPPC10"
0.174125757262731,1.58684319399408,0.108,0.149,1,"LINC01184"
0.174373824774871,1.36738862203946,0.131,0.179,1,"SENP7"
0.174386060084232,2.04489398087841,0.079,0.064,1,"PLK3"
0.174823764884766,1.88587359507906,0.228,0.246,1,"PRMT2"
0.175131759742581,1.67987922909138,0.257,0.29,1,"CAPZA2"
0.175181024150375,1.8604511879009,0.302,0.373,1,"OCIAD2"
0.17556366341957,2.60393307751198,0.063,0.049,1,"NIPAL2"
0.175675716705064,1.70108964530732,0.063,0.089,1,"RNPEP"
0.176278567596332,1.06266598031057,0.093,0.126,1,"FAM35A"
0.176329815047672,1.28402110020105,0.194,0.276,1,"PIN1"
0.176811816667677,1.78715377065127,0.205,0.215,1,"WBP2"
0.176847591883218,1.89712550874,0.217,0.231,1,"UBE2E1"
0.177106004776489,1.2311095504687,0.079,0.11,1,"DUSP23"
0.177764801642282,1.00464279975287,0.133,0.182,1,"API5"
0.177837950482676,0.959464978389956,0.045,0.065,1,"SNTB2"
0.177920656594028,1.48906981953498,0.099,0.137,1,"BAK1"
0.17792699732469,1.41580184646798,0.036,0.054,1,"TMEM62"
0.177971112206445,1.30862776389829,0.363,0.462,1,"ODC1"
0.178160692130794,1.96488507298129,0.156,0.149,1,"LASP1"
0.178233334388631,1.69174948528043,0.228,0.244,1,"CNOT6L"
0.17850626508705,1.93726303744205,0.036,0.054,1,"SETD1A"
0.178662440067166,1.53395167117287,0.077,0.106,1,"TMEM245"
0.178712984758546,1.75239513652359,0.095,0.13,1,"UNC45A"
0.178743464818999,1.68058921157732,0.226,0.239,1,"RIOK3"
0.179161218980865,1.15532833540711,0.074,0.102,1,"ATR"
0.179162964391186,1.80346089403584,0.131,0.181,1,"AKIRIN2"
0.179428619403622,0.541328997548013,0.034,0.051,1,"APBB3"
0.179508554648508,1.76621592986242,0.047,0.068,1,"RPRD1B"
0.179583582626161,1.39502730684998,0.104,0.142,1,"ZNF264"
0.179840332133299,1.39884008305983,0.063,0.088,1,"NOL9"
0.180026695271921,0.886788827462325,0.106,0.144,1,"SNAPC3"
0.180289405144885,1.1612780055605,0.391,0.515,1,"RSBN1L"
0.180336996568985,1.30674966922751,0.19,0.268,1,"NAA50"
0.180583495281523,1.81245713617367,0.106,0.092,1,"KDM3B"
0.180600393782254,2.03433164790884,0.135,0.125,1,"STX12"
0.180668847392373,1.05079187552271,0.045,0.065,1,"FBXW8"
0.181418314910984,1.26841655102428,0.167,0.232,1,"XPA"
0.181501694110347,0.720015451691782,0.093,0.125,1,"CMTR1"
0.181543131616884,1.28305048414462,0.113,0.154,1,"LRRC58"
0.181770565838627,1.75799374474721,0.047,0.068,1,"SLC35A5"
0.182133763443199,0.399068118209944,0.47,0.743,1,"KRT10"
0.1824389873157,1.4196339413021,0.041,0.06,1,"EEFSEC"
0.182573151425234,1.10197697172441,0.203,0.285,1,"OAS2"
0.182580369537875,1.40689611328856,0.251,0.368,1,"CCDC59"
0.182695657335021,1.56227210121053,0.248,0.271,1,"SMARCA2"
0.182749310366924,2.55478276941707,0.131,0.18,1,"MT1X"
0.183125544902022,2.11686802877777,0.097,0.083,1,"MRPS27"
0.18355969462026,1.024975938263,0.056,0.079,1,"ZNF384"
0.183619880060262,2.06321326737561,0.104,0.091,1,"NUP153"
0.183628531998628,1.56407632508808,0.235,0.344,1,"FAAP20"
0.183628599835302,1.05350673430661,0.214,0.299,1,"SOD2"
0.183847235029768,1.50847910652006,0.041,0.06,1,"NAPB"
0.183960181456417,1.53333600856503,0.12,0.164,1,"ZDHHC24"
0.184170057100693,1.20553720063898,0.034,0.051,1,"THEM6"
0.184495449762346,1.8183430689215,0.169,0.167,1,"CEBPZOS"
0.184557645719973,1.96427174353083,0.099,0.086,1,"SCAMP4"
0.184626613963317,1.88224387114214,0.09,0.076,1,"MICAL1"
0.184964422430794,1.01403840242164,0.14,0.189,1,"KHDC4"
0.185000597705419,1.92687572448485,0.068,0.095,1,"TRIM5"
0.185038562004234,0.540126872844072,0.429,0.695,1,"NDUFA11"
0.185070180940776,1.3253565210825,0.077,0.106,1,"STARD10"
0.185259252116053,2.03193001394948,0.088,0.074,1,"CEP295"
0.185383839025719,1.30240218427821,0.124,0.168,1,"PCNX1"
0.185456229112265,1.10794146060347,0.203,0.284,1,"USP3"
0.185521647907163,1.41813738807675,0.045,0.065,1,"SPON1"
0.185862604681552,2.53686398813881,0.086,0.072,1,"LIPA"
0.186018709687327,0.913687989497343,0.129,0.172,1,"CCDC88B"
0.186351689050743,1.00875157128872,0.12,0.162,1,"MSL1"
0.186441153873706,1.10023602212134,0.108,0.146,1,"SLMAP"
0.186476936599903,2.06419797311101,0.097,0.083,1,"SIPA1L3"
0.186828931257146,2.07386075807655,0.172,0.171,1,"ZNRF2"
0.186829096813144,1.64969703764692,0.108,0.095,1,"AASDH"
0.186844169296865,1.55162432072079,0.194,0.277,1,"DECR1"
0.187076239869597,2.00119098662032,0.194,0.2,1,"DAXX"
0.187160482971667,1.37351395095654,0.045,0.065,1,"WDR92"
0.187290689934553,2.0355729880027,0.142,0.134,1,"RC3H2"
0.188061582311015,1.02667801778525,0.187,0.257,1,"RANBP2"
0.188087574473407,1.60427444698717,0.291,0.335,1,"ZNF638"
0.188163436663022,1.54282950204523,0.248,0.276,1,"ATP6V0D1"
0.188317476303906,1.32820305586817,0.262,0.391,1,"PCMT1"
0.188572557670331,1.28803968601412,0.264,0.393,1,"RANBP1"
0.18860977718978,1.18112553389935,0.063,0.087,1,"SIN3B"
0.18888133685213,1.46785333360207,0.196,0.277,1,"GTF2F2"
0.188976304569621,1.09583253903139,0.221,0.314,1,"CARD8"
0.189176904299495,1.38070755426775,0.095,0.129,1,"FBXL5"
0.190379028458186,2.29348531889341,0.061,0.048,1,"LRRC8D"
0.190526630250143,1.75512200618787,0.133,0.123,1,"STX10"
0.191153631377552,1.36917284946951,0.192,0.268,1,"SRSF8"
0.191548923291305,0.966192800372155,0.334,0.52,1,"TMEM230"
0.192004541163889,1.5256665244564,0.07,0.097,1,"RCHY1"
0.192443385248702,1.88323429295744,0.223,0.242,1,"HSD17B11"
0.192486211188272,1.71324886872903,0.093,0.126,1,"RBM41"
0.192510657257309,1.51159125222954,0.113,0.154,1,"PPP3CB"
0.193025289332546,0.775292814675066,0.368,0.571,1,"LDHA"
0.193188192744433,2.67479461518917,0.063,0.05,1,"GRAMD1C"
0.193450227305176,0.88747574472221,0.097,0.131,1,"SMIM4"
0.193542194318726,0.979744209791738,0.219,0.302,1,"ZFC3H1"
0.194099145033933,1.14719571914844,0.163,0.222,1,"BRWD1"
0.194265797184523,1.92076785820855,0.056,0.079,1,"C12orf29"
0.19478213163497,1.87308636922205,0.219,0.234,1,"PARP9"
0.194823988498882,1.12107300456986,0.205,0.288,1,"SAFB2"
0.195029576213759,1.68175176472809,0.264,0.303,1,"CCT2"
0.195114626206553,1.48751119942511,0.043,0.062,1,"IRF2BP1"
0.195306214404532,1.52080301319736,0.275,0.315,1,"BRD7"
0.195307567682985,1.66335471968434,0.043,0.062,1,"NIPA1"
0.195450129685089,1.42263567356668,0.307,0.362,1,"ITGA4"
0.19632320581822,2.21531224600836,0.084,0.07,1,"ZNF136"
0.196406994752938,1.96305904862786,0.167,0.164,1,"PBXIP1"
0.196791169444861,1.93347702351084,0.151,0.145,1,"SF3A1"
0.196895892220739,1.5138554543482,0.226,0.325,1,"ABRACL"
0.196905251979642,1.39532958568793,0.093,0.125,1,"MAPK14"
0.196905428195668,1.70261776045313,0.07,0.056,1,"INTS6L"
0.197110552853858,1.51205969455318,0.14,0.13,1,"MPRIP"
0.197226312249857,1.71669067720964,0.068,0.054,1,"RGL2"
0.197360945023374,1.60545679764493,0.095,0.129,1,"MRI1"
0.197381187120583,1.73146182560095,0.142,0.134,1,"IVD"
0.197829330449771,1.28521291334626,0.041,0.059,1,"DENND6A"
0.197921028690745,1.77326786596711,0.088,0.121,1,"C11orf68"
0.198030322081043,1.16789519193774,0.163,0.222,1,"TROVE2"
0.198141628154629,1.47642494176786,0.084,0.114,1,"CCNT1"
0.198235131688998,2.06580814857755,0.072,0.059,1,"MAN2B1"
0.198262873133983,1.51061564178219,0.095,0.129,1,"PPP1R3E"
0.19856481060097,1.74892656956596,0.088,0.121,1,"TMEM14A"
0.198945078709047,1.36251099944912,0.172,0.237,1,"SS18"
0.19897380253807,1.95605673889355,0.153,0.148,1,"RUFY1"
0.199444621055845,1.41903590164756,0.156,0.214,1,"EXOSC8"
0.199578265266938,0.869653581176574,0.034,0.05,1,"MTA2"
0.199590325941004,1.6240870794727,0.036,0.053,1,"Z97192.1"
0.199679341667649,1.08773463246641,0.061,0.084,1,"RRAGB"
0.200588464594008,1.60058175257829,0.072,0.099,1,"TAF2"
0.200631308167054,2.25331726045561,0.111,0.099,1,"HAUS1"
0.200640658387866,1.45006508603002,0.264,0.296,1,"SRSF1"
0.20071689721457,1.72908525272404,0.052,0.073,1,"POLR3A"
0.200746303276553,1.37595959897375,0.172,0.235,1,"CAB39"
0.200750211976893,0.735620610565853,0.038,0.056,1,"TPCN1"
0.201098656427539,2.13731550187552,0.063,0.05,1,"RFX3"
0.201151694753567,2.22366315591642,0.072,0.059,1,"WWP1"
0.201244940214461,1.00214784703031,0.167,0.225,1,"ZMYM2"
0.201585986994864,1.68975057792519,0.298,0.358,1,"G3BP2"
0.202070673192704,2.04826236705747,0.099,0.087,1,"MAVS"
0.202151208029484,1.41279204724072,0.084,0.07,1,"DLST"
0.202983208404379,2.13490398198331,0.165,0.16,1,"MIR155HG"
0.203583144252614,1.43674204099093,0.099,0.134,1,"VRK2"
0.203677634400547,2.12968325909761,0.099,0.087,1,"AKAP10"
0.203840787538162,1.27112516148951,0.079,0.107,1,"AP3M1"
0.203993098306831,1.67884417067276,0.156,0.215,1,"FAM192A"
0.204372006912703,1.54251328440991,0.106,0.093,1,"USF3"
0.204418072744761,1.71980689648969,0.255,0.284,1,"ZNF644"
0.204492841376803,2.25675055181341,0.074,0.061,1,"ZBED1"
0.204571114333677,1.43778014815954,0.063,0.087,1,"ADSL"
0.204748152373322,2.33543553080803,0.117,0.107,1,"MIIP"
0.205016607654563,0.546135619155268,0.047,0.067,1,"MYL9"
0.205371233998398,1.41197292773503,0.266,0.396,1,"SMIM7"
0.205388051267381,1.3340760140277,0.05,0.07,1,"SPAG1"
0.205452070705745,1.98698256953995,0.142,0.135,1,"BLOC1S4"
0.205655504429948,1.7896401341983,0.059,0.082,1,"MARCH2"
0.205725919430564,1.59317712698364,0.088,0.12,1,"RWDD4"
0.205909592957955,1.75967936741795,0.133,0.124,1,"FAM76B"
0.205930073984066,1.47652695954515,0.093,0.125,1,"DRG2"
0.206199313560712,1.77678997136302,0.212,0.222,1,"SHPRH"
0.206271450465272,1.08327012452836,0.104,0.14,1,"NBEAL1"
0.206384908560872,1.55278561904254,0.153,0.211,1,"POLE3"
0.206403253022744,1.68801709101722,0.045,0.064,1,"FAM222B"
0.207252448834965,1.15674698120137,0.038,0.056,1,"HAUS6"
0.207377383936748,1.11673407480762,0.088,0.118,1,"MIGA1"
0.20793528700965,1.40421156925298,0.113,0.153,1,"NSUN5"
0.208261246868243,1.06202792859441,0.043,0.061,1,"NAB1"
0.208929679143278,1.67643485798026,0.104,0.141,1,"PLPBP"
0.209070122692254,2.29790774421659,0.059,0.046,1,"NIPSNAP3A"
0.20937096440019,1.41043072698321,0.28,0.415,1,"PSMC6"
0.209418658896645,1.70833630629914,0.255,0.288,1,"NCBP2"
0.20944029102449,1.34589652310735,0.099,0.133,1,"ZBTB11"
0.209613429293243,2.05567344224097,0.059,0.046,1,"AP1AR"
0.20979132355323,1.12537244575564,0.242,0.346,1,"NOP56"
0.210045873299765,1.04013434449692,0.271,0.388,1,"TLE4"
0.210723001638047,1.71580483010146,0.05,0.07,1,"TKFC"
0.210738150454478,0.912663054530875,0.339,0.531,1,"ATP5C1"
0.211131445890031,0.723288204912391,0.041,0.058,1,"ARNT"
0.211753648606312,1.8929187198339,0.108,0.097,1,"MAP4K5"
0.2118692190727,1.0714935347394,0.041,0.058,1,"DENND1A"
0.212353293583669,2.24397869104405,0.122,0.112,1,"STMN1"
0.212453971145418,0.540046261105602,0.553,0.759,1,"PSME2"
0.212649098851998,1.67178711382149,0.063,0.087,1,"MRPL45"
0.212930852808963,1.75137436523961,0.038,0.056,1,"CC2D1B"
0.2131534704134,1.48351622044076,0.144,0.197,1,"PCED1B"
0.213241105844486,1.92920064026145,0.095,0.083,1,"CCDC97"
0.213410994159518,2.08478135588928,0.099,0.087,1,"CAPN12"
0.213542539022766,1.57643021670012,0.158,0.152,1,"CDK13"
0.214406949906687,1.59818103989214,0.054,0.075,1,"EID2"
0.214751730343695,1.27136110858254,0.036,0.052,1,"TAMM41"
0.214884963091303,1.65174451877619,0.07,0.095,1,"TRAF7"
0.215187616497533,2.28787671810038,0.113,0.102,1,"ARHGEF3"
0.215424291559211,1.00319519812943,0.05,0.069,1,"MFN2"
0.215464651836201,0.879435173543064,0.255,0.365,1,"TUBB4B"
0.215615027009313,1.24949855465843,0.106,0.142,1,"MTR"
0.215898810965111,0.833837617577204,0.059,0.08,1,"FGFR1OP"
0.215975229894052,1.82350201850215,0.201,0.21,1,"CNOT4"
0.216105936779497,1.48243232156324,0.187,0.261,1,"CBX5"
0.216206524985101,1.06627909455466,0.339,0.526,1,"U2SURP"
0.216233508630749,1.43932194753611,0.077,0.104,1,"MSH6"
0.216312238279977,1.78098655106851,0.212,0.227,1,"PSMB8-AS1"
0.216324577283253,2.74053753223327,0.054,0.042,1,"NUP93"
0.216516552880328,1.84711479553723,0.084,0.071,1,"RNF38"
0.216596886368183,1.76294154846083,0.14,0.191,1,"KPNA6"
0.218082627263977,1.57768789547023,0.065,0.09,1,"RSAD1"
0.218090210693481,2.92742381907465,0.079,0.067,1,"CCR1"
0.21854316274597,1.638952856194,0.305,0.373,1,"CMPK1"
0.21867039689011,1.3631923822996,0.079,0.107,1,"PDCL"
0.218696373233519,2.02793056121187,0.065,0.09,1,"CMAS"
0.218769859397464,2.2207631773322,0.054,0.042,1,"TICAM1"
0.219036562572462,1.91738123568582,0.036,0.052,1,"ZSWIM6"
0.219378302148231,1.02585154205244,0.199,0.271,1,"NPEPPS"
0.21938723191486,1.54777298127168,0.086,0.116,1,"DNMT3A"
0.219410753162617,1.20850586843803,0.072,0.098,1,"MED24"
0.220672203451447,2.33888173908385,0.061,0.084,1,"DIMT1"
0.220699358234542,1.78911286811888,0.079,0.107,1,"TPGS2"
0.220858950546551,1.64146766960697,0.036,0.052,1,"GTSF1"
0.220943712164216,1.83281249600114,0.185,0.189,1,"COMMD2"
0.22122918295172,0.803401169003509,0.047,0.066,1,"PARP6"
0.221261680447682,2.10335465732904,0.102,0.09,1,"CDK5RAP2"
0.22135098723368,1.30148078256933,0.061,0.083,1,"SNX25"
0.221400229356445,1.22466744564244,0.084,0.112,1,"AL445472.1"
0.221718656765573,1.17196535657767,0.081,0.109,1,"CBX6"
0.222086769346906,1.18026107326453,0.181,0.249,1,"GOSR1"
0.223824686392551,0.782542193645992,0.054,0.075,1,"GTPBP2"
0.223826559099227,2.8024286676407,0.05,0.038,1,"BTBD10"
0.224182179254789,1.04116544167876,0.063,0.086,1,"NELFA"
0.224248658747506,2.03818452224402,0.129,0.121,1,"DYNLT3"
0.224372625610128,1.13845619564655,0.084,0.112,1,"PELP1"
0.224621756812541,2.24499842528568,0.063,0.051,1,"ARHGAP31"
0.224770026692622,2.63195230085541,0.065,0.053,1,"ZNF680"
0.225082358079617,1.76363024650304,0.07,0.095,1,"FBXO28"
0.225338051758553,2.26467218060512,0.061,0.048,1,"KIAA1468"
0.225396654594393,1.56729754568008,0.242,0.262,1,"ILF3-AS1"
0.225982443001548,1.67849211522757,0.115,0.104,1,"PRKAA1"
0.225998030204119,1.23864255189901,0.167,0.225,1,"UBA6"
0.226012062350959,0.828534349558486,0.097,0.129,1,"HEXIM1"
0.226085266849032,1.56455531755285,0.176,0.177,1,"DPF2"
0.226514226289451,1.09351073399026,0.05,0.069,1,"JPT2"
0.226531388008536,1.1645844301968,0.246,0.349,1,"ELK3"
0.226570037351681,1.7844877906166,0.144,0.138,1,"LETMD1"
0.226830460041152,1.40819461370749,0.038,0.055,1,"TAB1"
0.226947196216667,1.44392514069433,0.251,0.274,1,"TRIM56"
0.227213265768805,1.84453769697534,0.275,0.327,1,"THOC7"
0.227400141432137,1.63672882030104,0.038,0.055,1,"NUP85"
0.228006288079516,1.65326024763152,0.131,0.178,1,"NAE1"
0.228211423512005,1.75318044315994,0.174,0.176,1,"IDH3B"
0.228218038742604,1.7057976629213,0.158,0.156,1,"ADSS"
0.228542558243801,1.6842769344846,0.038,0.055,1,"AF117829.1"
0.22868988695044,1.33674078381187,0.187,0.261,1,"PSMB10"
0.229030986363508,1.72607698839146,0.09,0.078,1,"ZNF814"
0.229129800036981,1.40088986440616,0.163,0.222,1,"HBP1"
0.22920574752292,1.70219289064668,0.102,0.137,1,"THUMPD3"
0.229372686373974,1.29086413346167,0.122,0.111,1,"CHMP1A"
0.229606281530922,1.60385839552001,0.061,0.083,1,"DMAC2"
0.229765235217221,1.87149082777294,0.068,0.092,1,"NUDT18"
0.230261500446889,1.42271777654193,0.354,0.468,1,"SFT2D1"
0.230354902609847,2.12519123035722,0.122,0.114,1,"ZNF480"
0.230889538719297,1.34948584606257,0.09,0.121,1,"HSD17B7"
0.230959478036774,1.6240794093671,0.099,0.133,1,"SURF2"
0.231092130137399,1.31853677079441,0.052,0.071,1,"UBAP1"
0.23125364894577,0.884728107458273,0.036,0.052,1,"TMEM267"
0.231301017820923,1.35044932320511,0.038,0.055,1,"ZNF181"
0.231727772474519,1.7042491565703,0.047,0.066,1,"DNASE1"
0.232053204709272,1.17993262049053,0.043,0.06,1,"ULK3"
0.232535438265711,1.42245474190709,0.084,0.111,1,"GEN1"
0.232865048206121,0.946786721314609,0.063,0.086,1,"GGA3"
0.23292132259158,1.38100146920461,0.131,0.176,1,"PBDC1"
0.232939748734688,1.66375985583771,0.095,0.127,1,"ELP5"
0.233025377841613,1.15012132834228,0.052,0.071,1,"SNX27"
0.233118784782605,1.65474411702761,0.093,0.124,1,"ATP6V1C1"
0.233127444528027,1.01553132608718,0.052,0.071,1,"NCAPD2"
0.23321433345908,0.924086510590216,0.077,0.102,1,"EMSY"
0.23347776089505,1.60679637107938,0.135,0.184,1,"SCOC"
0.233536028315679,0.907456724668717,0.052,0.071,1,"PLA2G4C"
0.233543614685825,1.72616034029941,0.14,0.133,1,"ARMC8"
0.23378620871185,0.826193870476618,0.045,0.063,1,"ADIRF"
0.234020916924257,1.93924356086708,0.117,0.108,1,"PCIF1"
0.234072880398984,1.3979700600325,0.384,0.497,1,"SAMD9L"
0.234127419264526,0.848002424770078,0.386,0.619,1,"GADD45GIP1"
0.23434621352048,1.30391997705372,0.293,0.438,1,"WDR33"
0.234689797651164,1.46170790785223,0.14,0.189,1,"SAMM50"
0.234727113354325,0.629229215165046,0.42,0.662,1,"ATP5A1"
0.235720406595105,1.16439702887644,0.165,0.221,1,"AC058791.1"
0.235744713676314,1.3060425138136,0.359,0.472,1,"MAP1LC3B"
0.235845445581006,1.84353519392819,0.275,0.327,1,"ZMAT2"
0.236784509123896,2.33832576603321,0.052,0.041,1,"KCTD18"
0.237044720438553,1.4946011432361,0.074,0.1,1,"ZNF12"
0.23724493140952,1.0325672517479,0.036,0.052,1,"RAD50"
0.237285546604249,1.81243332249511,0.106,0.095,1,"SNX20"
0.237573126087035,1.6159310705929,0.203,0.214,1,"RPAP3"
0.237650513715282,1.35301526426185,0.266,0.39,1,"ARL14EP"
0.237794547320593,1.85255430667076,0.052,0.041,1,"FAM228B"
0.237856827901965,1.7326942216732,0.052,0.071,1,"TBP"
0.238053560925716,1.36473448952855,0.072,0.097,1,"NOP14"
0.238401273278964,1.09603490072269,0.09,0.12,1,"FAM219B"
0.238754981984763,1.26996420901045,0.061,0.083,1,"ATP6V1B2"
0.238834137925301,1.24627241744353,0.138,0.184,1,"GLYR1"
0.239540150412542,2.02404411206147,0.106,0.095,1,"RPS6KA3"
0.239681184615122,1.76775163931531,0.248,0.281,1,"CYSLTR1"
0.240086358023896,1.46861699015647,0.108,0.145,1,"AGGF1"
0.24068612323412,1.38638585404473,0.271,0.31,1,"NR3C1"
0.24075363745908,1.18152823201993,0.041,0.057,1,"CXorf56"
0.241498755538068,1.42490957272661,0.065,0.088,1,"ZNF407"
0.241555536623429,1.26750860348745,0.093,0.123,1,"BOD1"
0.241608232576466,0.772513463539686,0.104,0.137,1,"TBC1D9B"
0.242285189494056,0.950915874798183,0.133,0.176,1,"RNF187"
0.242361054814221,1.4873667463058,0.061,0.083,1,"SOAT1"
0.242401912217577,1.20254651968219,0.099,0.132,1,"DCTN5"
0.242743907861925,1.12440583296049,0.199,0.27,1,"TIA1"
0.242838641055385,1.47162579640291,0.102,0.09,1,"CORO7"
0.243085819325329,1.47200734018399,0.041,0.057,1,"PMS2"
0.243482057471289,1.23667154622772,0.05,0.068,1,"MRRF"
0.243650385696696,1.28106695400938,0.124,0.164,1,"ZEB1"
0.24437329903335,2.05675352623295,0.097,0.086,1,"SCAF4"
0.245079183955105,1.8764707174529,0.052,0.041,1,"WDSUB1"
0.245120849628346,1.77986769540424,0.059,0.047,1,"LDB1"
0.245426492396881,1.38560993750613,0.108,0.145,1,"PPT1"
0.245449195601351,1.8132438429057,0.07,0.095,1,"PARD6A"
0.24552418781021,1.55714868620205,0.251,0.286,1,"ADH5"
0.245724395781863,1.46544681934565,0.115,0.153,1,"RMDN1"
0.245897670831369,1.52956121297411,0.131,0.176,1,"E2F4"
0.246589862441728,1.3773660473078,0.248,0.362,1,"LAMTOR2"
0.246696386610327,0.794210084433211,0.038,0.054,1,"BCS1L"
0.246841729040718,1.8379082898059,0.099,0.088,1,"HELLS"
0.246851671938768,1.70893027252694,0.149,0.201,1,"BNIP3L"
0.24751443703573,1.6117911199514,0.056,0.077,1,"DOHH"
0.247843419191989,1.90292275489032,0.104,0.139,1,"KLF3"
0.247944772371163,2.36833776876139,0.084,0.072,1,"VPS11"
0.248288256611822,1.27779901788486,0.133,0.176,1,"EHBP1L1"
0.248335526960759,1.05520040026472,0.052,0.071,1,"VPS45"
0.248391248463039,1.67545068400745,0.088,0.118,1,"PARN"
0.248411193816117,1.33845328661106,0.043,0.06,1,"IFFO1"
0.248465962322505,2.09276951462983,0.077,0.065,1,"FAM210A"
0.248596624093971,1.34001032513087,0.142,0.19,1,"CPSF6"
0.248644030852116,1.0959791025925,0.043,0.06,1,"GPATCH1"
0.249501227570721,1.00429895450514,0.038,0.054,1,"AKAP1"
0.249722912727492,1.42647854512351,0.068,0.091,1,"UBQLN2"
0.250263020383907,1.49071420924193,0.088,0.118,1,"PPAN"
0.250876332666687,1.48020806266688,0.244,0.272,1,"FUBP1"
0.251286685526579,1.89322918271939,0.102,0.091,1,"DGKE"
0.251730940151879,1.4503825431979,0.223,0.312,1,"YIPF4"
0.251848269366723,1.17517135468854,0.102,0.133,1,"NRDE2"
0.252027399750263,1.62935242856349,0.126,0.168,1,"TNKS2"
0.252272532473163,1.34549081889544,0.043,0.06,1,"RBM45"
0.252633400184246,1.78788486742189,0.054,0.074,1,"IL15"
0.252946602407131,2.03983750864581,0.063,0.052,1,"SLC25A13"
0.253598485684129,1.31522297175976,0.056,0.076,1,"TCHP"
0.25366391589462,1.2616069587904,0.129,0.172,1,"EIF4EBP1"
0.253686975089857,1.29092288562534,0.043,0.06,1,"MED26"
0.254499110174209,1.46497268490588,0.14,0.186,1,"ZBTB1"
0.254872737613695,1.28367061362997,0.314,0.375,1,"EWSR1"
0.255106929474019,1.69647925803015,0.043,0.06,1,"LPCAT3"
0.255242782116133,1.28773393226046,0.047,0.065,1,"EPG5"
0.255290495034382,1.26140094000097,0.079,0.105,1,"RANGAP1"
0.255735615629626,1.63105352008561,0.203,0.286,1,"DHPS"
0.255785263234385,2.1287693180447,0.065,0.054,1,"DSTYK"
0.2559883735724,2.03996226302758,0.079,0.068,1,"SGMS1"
0.256060036754426,1.42927266479211,0.108,0.144,1,"NUDCD3"
0.256123536296524,1.97266133073952,0.068,0.056,1,"UBIAD1"
0.256621942113529,1.64335565011221,0.102,0.135,1,"LINC00667"
0.256665451243682,0.985293554401508,0.041,0.056,1,"JRKL"
0.258272030190667,0.453329833294234,0.436,0.674,1,"SRSF9"
0.258297631359302,0.787979146519619,0.47,0.677,1,"POMP"
0.259282548386531,0.554452247056051,0.084,0.108,1,"SOX4"
0.259363145487431,1.30553158027181,0.041,0.056,1,"COL18A1"
0.259698140002839,1.30560030796124,0.077,0.102,1,"NEK9"
0.259751766730156,1.2743280641354,0.282,0.414,1,"PPP1R14B"
0.260014199656251,1.33169875922596,0.086,0.114,1,"VCPIP1"
0.260245877577438,1.2784840901943,0.07,0.093,1,"HDAC10"
0.260533860674755,2.07846687437921,0.09,0.079,1,"GTF2H2"
0.261022397285971,2.47304747750275,0.05,0.039,1,"WBP1L"
0.261531073601495,1.01082523647263,0.113,0.148,1,"HNRNPUL2"
0.261588837075473,2.40897051446837,0.07,0.059,1,"SIAH1"
0.261686579303574,1.77231951250066,0.097,0.129,1,"RPUSD3"
0.261963387628806,1.51509293661641,0.135,0.18,1,"DEDD2"
0.262079915759457,1.6547637590368,0.117,0.108,1,"NUP160"
0.262146818603684,2.18682120675593,0.23,0.254,1,"PIM3"
0.262147369415789,2.0066810545288,0.093,0.082,1,"USP25"
0.2623031839071,1.57032730439317,0.056,0.076,1,"ARHGEF9"
0.26231953294758,1.73690664804489,0.074,0.063,1,"BCLAF3"
0.262482752926437,1.57690175597971,0.194,0.203,1,"CTR9"
0.262627935506138,1.33437972611216,0.165,0.222,1,"PHF1"
0.262642064618657,2.03745751331192,0.235,0.265,1,"ZNF22"
0.263728394858407,2.0610402229853,0.239,0.273,1,"MRPL42"
0.263737077282395,2.73284682121616,0.061,0.05,1,"PGM2"
0.263780946715711,0.569963414085587,0.079,0.103,1,"NXF1"
0.264009251566425,0.98951146183058,0.312,0.456,1,"YME1L1"
0.264203980798314,1.45789771098295,0.05,0.068,1,"AC008124.1"
0.264353579143442,1.55006313554493,0.124,0.165,1,"PEF1"
0.264433364916401,2.41362950290875,0.099,0.09,1,"C12orf49"
0.264471841351906,1.52352440137042,0.061,0.082,1,"ANGPT2"
0.264566324835448,1.08375680866671,0.081,0.107,1,"C16orf52"
0.264742479956512,1.76697077782831,0.16,0.217,1,"MED6"
0.265011262103728,1.53257661875499,0.093,0.081,1,"ZNF532"
0.265107470855423,1.06835207647131,0.059,0.079,1,"BTBD6"
0.26572985562925,1.2350690131752,0.102,0.133,1,"AC005261.2"
0.265892491235333,1.2494363656287,0.275,0.396,1,"TBL1XR1"
0.26616060802264,1.34266497756775,0.142,0.136,1,"ZNF107"
0.26633556120686,1.31469335166856,0.095,0.125,1,"NCOA1"
0.266501472970023,2.1150271529006,0.108,0.099,1,"KLHL36"
0.267024126839004,1.71276879728856,0.287,0.352,1,"PYURF"
0.268325510977506,1.32123517709618,0.126,0.166,1,"ECE1"
0.269051842148059,1.82236326659128,0.181,0.186,1,"PTCD3"
0.269284998481058,2.33355864408304,0.052,0.071,1,"TFIP11"
0.269292073948093,1.88249399423799,0.108,0.098,1,"HMGXB4"
0.269653833413487,1.38866714470244,0.065,0.087,1,"MSANTD4"
0.270075966841815,1.62361970798666,0.138,0.184,1,"SMIM10L1"
0.270407493682578,1.54700050575824,0.169,0.228,1,"KLHL24"
0.270407829998897,1.80445615905074,0.26,0.295,1,"CCAR1"
0.270541951723354,1.80580612268898,0.05,0.068,1,"INPP5K"
0.271728316601089,1.22355025668124,0.172,0.23,1,"NOL8"
0.271873546635595,1.91681719474249,0.093,0.083,1,"BCAP29"
0.272271483486048,1.2026324352858,0.043,0.059,1,"FAM160A2"
0.27317569341203,1.85949143222492,0.196,0.207,1,"MALT1"
0.273649339885061,1.10007050711947,0.205,0.28,1,"MDFIC"
0.273754268180265,1.50267330586437,0.09,0.119,1,"UBE2V1"
0.27377705613164,1.32591270429013,0.242,0.267,1,"RERE"
0.27379336092373,1.99938679751251,0.113,0.105,1,"FAM78A"
0.274076627695921,1.28937601072698,0.079,0.104,1,"REXO1"
0.274424117717726,1.90848363483243,0.045,0.062,1,"MRM3"
0.274509296058357,1.74737916731486,0.097,0.128,1,"ARHGEF7"
0.274891464240277,1.57253073302244,0.038,0.053,1,"PLCXD1"
0.275023134266607,1.32371645727128,0.038,0.053,1,"MUTYH"
0.275709814361953,2.14533863655304,0.065,0.055,1,"C20orf27"
0.275952931953228,0.972823159892697,0.122,0.159,1,"GNL1"
0.276606533035464,1.29582801077977,0.038,0.053,1,"TRAPPC13"
0.276758972868901,1.93995280110834,0.052,0.041,1,"ZNF566"
0.276901376677632,2.24056948235093,0.117,0.11,1,"MSMO1"
0.277450382623616,1.03472430446543,0.219,0.295,1,"PHC3"
0.277682738211847,1.69045561288066,0.093,0.122,1,"TIMM22"
0.278075508620542,0.914168601100919,0.045,0.061,1,"TTBK2"
0.278288157500897,1.69316755981579,0.124,0.165,1,"CKS1B"
0.278768353303364,1.38113588421725,0.047,0.064,1,"GIT1"
0.279105944215281,1.32851728885863,0.251,0.283,1,"GON4L"
0.279624673257651,1.69701740225281,0.061,0.081,1,"FPGS"
0.279692964624182,1.35754835267892,0.043,0.059,1,"C17orf80"
0.27971777259359,1.03539901471398,0.339,0.517,1,"DNAJC7"
0.280964343022776,1.80159092631799,0.043,0.059,1,"TAB3"
0.281355578918062,1.66125136987091,0.144,0.191,1,"TBC1D1"
0.281393961127311,1.72503319426205,0.038,0.053,1,"KLHL8"
0.281808347568206,1.38358443515871,0.059,0.078,1,"SEC24B"
0.281837106448553,1.33729687675768,0.084,0.072,1,"EIF3J-AS1"
0.282415696419677,1.51275726172893,0.068,0.09,1,"TRIM23"
0.282740574972617,1.31253842715629,0.228,0.245,1,"CENPC"
0.282771850722283,0.596841306595305,0.068,0.056,1,"TAGLN"
0.283697866639043,1.87162895032724,0.052,0.07,1,"RNF2"
0.284126227599663,1.19200523600124,0.081,0.106,1,"RSAD2"
0.284320358961675,1.19478253088345,0.045,0.061,1,"YEATS2"
0.284886868347881,1.67756711757887,0.084,0.073,1,"ABCB7"
0.285415179121302,1.83722100207741,0.079,0.068,1,"C2CD5"
0.285676818417809,2.60059906258416,0.059,0.048,1,"CTSO"
0.286291872669349,1.02543123739913,0.298,0.442,1,"CWC15"
0.286303658505084,1.83519123268625,0.074,0.098,1,"RBM18"
0.287087019475043,1.23823512282743,0.077,0.066,1,"GRK5"
0.287954500786688,1.22491534124469,0.041,0.056,1,"DROSHA"
0.288561952531486,1.93983700092157,0.052,0.07,1,"WASHC5"
0.288668710410979,1.13458088426092,0.108,0.141,1,"BRD1"
0.289129456984546,1.37353649702666,0.045,0.061,1,"MBOAT7"
0.289811877035135,1.19721857445668,0.036,0.05,1,"ACO1"
0.290148841192287,1.23786121679812,0.045,0.061,1,"ZDHHC13"
0.290561857629356,1.42785780170695,0.05,0.067,1,"PRIM2"
0.290607140659715,1.61712026032182,0.086,0.112,1,"SNX13"
0.29118737734402,1.31479909874697,0.325,0.4,1,"PABPN1"
0.291387127838603,1.51238917294101,0.187,0.257,1,"EFHD2"
0.291426469346593,1.40419786555822,0.045,0.061,1,"CCDC58"
0.291637546105379,1.27045702356009,0.167,0.221,1,"NCOA7"
0.292254916411462,1.41557935719142,0.102,0.133,1,"SSBP3"
0.293002477225376,0.984751600662562,0.352,0.534,1,"SQSTM1"
0.293085544290106,1.60374816757107,0.113,0.149,1,"LYRM1"
0.293438910398638,1.25560486362377,0.063,0.083,1,"ANAPC1"
0.293809049506896,1.60429350040717,0.084,0.11,1,"TMEM38B"
0.293920119165161,1.70691924363578,0.117,0.155,1,"RRAGA"
0.293944294328431,1.5828772905506,0.228,0.25,1,"PDCD7"
0.29406678454902,2.41164978919781,0.07,0.06,1,"ATP11C"
0.294135584576101,1.27240957646264,0.115,0.15,1,"CASC3"
0.294313988501788,1.36007365208479,0.219,0.306,1,"COA1"
0.296157995759469,1.56680247758188,0.239,0.342,1,"IMP3"
0.296602839754838,1.43373344522879,0.233,0.256,1,"TOP2B"
0.296904265536052,1.13210035530812,0.047,0.064,1,"XPNPEP3"
0.296923236822668,2.21818273817194,0.079,0.069,1,"BIN3"
0.297092319209403,1.68388824450213,0.201,0.213,1,"C1GALT1"
0.29758048803337,1.395108922404,0.237,0.262,1,"POLR2B"
0.298392744785576,1.46486889710675,0.33,0.419,1,"CDC37"
0.298409373474611,1.49353858059392,0.099,0.129,1,"AQR"
0.298832781259825,1.05534608827097,0.117,0.152,1,"SCLT1"
0.299115276661946,1.27346999358147,0.151,0.147,1,"ZCCHC8"
0.299826512768471,2.24117409179413,0.084,0.074,1,"STRADA"
0.300030624317353,2.28405167421422,0.072,0.062,1,"PER1"
0.30051754946828,1.77003296729093,0.149,0.199,1,"MZT1"
0.300727363102243,1.90625275035902,0.144,0.142,1,"RNF216"
0.301359952221564,1.36730844635667,0.151,0.199,1,"OTULIN"
0.301720684212492,1.55939522403524,0.074,0.098,1,"PAF1"
0.302542642106353,1.17423095579133,0.312,0.468,1,"PSMA4"
0.302905484637087,2.03238833103906,0.054,0.072,1,"RBM4B"
0.302930294011849,1.29970565305593,0.052,0.069,1,"SPRTN"
0.303093621201383,1.28988239903576,0.097,0.126,1,"POR"
0.303127614767363,1.12647565046968,0.043,0.058,1,"SUPT3H"
0.30323251111881,2.74318375346767,0.063,0.053,1,"TSPAN14"
0.303660539075259,1.26178851453743,0.275,0.403,1,"PSMD4"
0.303666952414176,1.18428447720211,0.059,0.077,1,"RAD54L2"
0.303799595581193,2.26391549896102,0.052,0.042,1,"LIPT1"
0.303896445544561,2.25975820037289,0.063,0.053,1,"TBC1D10A"
0.304000322937367,1.9294788882168,0.059,0.048,1,"PDLIM7"
0.304341564316654,2.15655224298575,0.153,0.155,1,"NAA15"
0.304750181862538,1.91910698746393,0.133,0.129,1,"SART3"
0.304877212590607,0.952030235805377,0.086,0.11,1,"HDAC5"
0.305442010729339,1.86729482482966,0.201,0.216,1,"ESF1"
0.305519147161074,1.58422109404273,0.108,0.141,1,"PRKAR2A"
0.305835436931995,1.69559998027917,0.084,0.11,1,"DTD1"
0.30596691994559,1.63568661737365,0.117,0.11,1,"PANK2"
0.306505968492276,1.83477159992486,0.14,0.137,1,"DDX54"
0.306856152525723,1.52874155927245,0.059,0.077,1,"TMEM168"
0.306962973726273,1.9606676199926,0.063,0.053,1,"RPAP1"
0.307026754297942,1.56260414111795,0.316,0.4,1,"YY1"
0.307096764324596,1.98890077987841,0.063,0.053,1,"USP37"
0.30714014456903,2.14777620053414,0.131,0.126,1,"GPATCH4"
0.307186055549643,1.46737516086643,0.043,0.058,1,"KLHL7"
0.307360648819034,1.12150422673886,0.072,0.094,1,"XAB2"
0.307533376392709,1.56237937504225,0.052,0.069,1,"PKNOX1"
0.307835473026704,1.59151800920115,0.077,0.1,1,"WDR48"
0.307933827979057,2.00751503322714,0.106,0.098,1,"MRPS28"
0.308078496446351,1.58762092021015,0.102,0.093,1,"TDP2"
0.30819669850909,1.60454195217808,0.065,0.086,1,"TFB1M"
0.308422972957498,1.63034109851814,0.065,0.086,1,"DBT"
0.309415908110247,0.965379901402556,0.33,0.496,1,"ZC3H15"
0.309676869293031,1.51631952955632,0.126,0.166,1,"TSN"
0.310489248931903,1.75722844590321,0.088,0.079,1,"POLR2M"
0.311336507426278,1.18020059965034,0.142,0.186,1,"CARS2"
0.311387982661286,1.36748120055749,0.077,0.099,1,"MSL2"
0.312135206017225,1.24889977973312,0.106,0.137,1,"ANKRA2"
0.312163068274746,1.29033778822683,0.253,0.357,1,"SYNCRIP"
0.312173103310456,1.56400913589929,0.056,0.075,1,"CCP110"
0.312691402462839,1.6944412270505,0.102,0.133,1,"DESI2"
0.312787577794597,1.28278168561088,0.054,0.071,1,"CTC1"
0.312933109401962,1.49381788050985,0.113,0.147,1,"RIC8A"
0.313815051733644,1.48241475468882,0.28,0.334,1,"PRKAR1A"
0.313909663575916,1.56490259417882,0.199,0.21,1,"DENND3"
0.313916364901174,1.4872360419737,0.282,0.343,1,"MTERF4"
0.3139712919126,1.7184020367168,0.063,0.053,1,"ANKRD42"
0.31397972669479,1.13330987607617,0.314,0.472,1,"ETFB"
0.314195407218554,1.84752809521507,0.124,0.118,1,"MARK2"
0.31480133858927,1.84399585278074,0.09,0.118,1,"ZZZ3"
0.315158400838042,1.48202311357934,0.063,0.083,1,"SPOUT1"
0.315382541955053,1.45725178975132,0.176,0.236,1,"ZFX"
0.315422914199862,1.61510594878385,0.093,0.083,1,"SLC12A9"
0.315842015676083,1.25408680517727,0.273,0.399,1,"C19orf24"
0.316093912922184,1.93314266817027,0.065,0.056,1,"TRAK2"
0.316175799164193,1.63931579611876,0.287,0.348,1,"BUB3"
0.316525618868612,1.00889152767189,0.163,0.212,1,"DEF6"
0.317048738112225,1.334454782672,0.05,0.066,1,"DVL2"
0.317285191076109,1.5842045403801,0.054,0.071,1,"SAYSD1"
0.317510040133424,1.23114942682943,0.395,0.554,1,"MRPS21"
0.317778210670693,1.74389256739184,0.054,0.044,1,"TSPYL4"
0.317875479982231,1.55891734018716,0.264,0.309,1,"NONO"
0.318536329714346,1.6467632578655,0.111,0.103,1,"ARHGEF6"
0.318617549740137,1.53472788280206,0.059,0.077,1,"SPRYD7"
0.319557711439195,1.61981374893198,0.233,0.261,1,"RCN2"
0.319611503492679,1.46942736902535,0.09,0.117,1,"ZFAND3"
0.319618709402118,0.870936801686823,0.056,0.074,1,"ZNF335"
0.320418725432665,0.965008590943652,0.088,0.113,1,"MAP3K4"
0.320513349078561,1.70849928556555,0.111,0.102,1,"CEP95"
0.320538090344213,1.7970893485714,0.147,0.194,1,"GRINA"
0.320567489181342,1.89699999847372,0.165,0.168,1,"UBE2Z"
0.32108834783168,1.5641657229715,0.14,0.184,1,"PNP"
0.321812660328561,1.3285773564158,0.357,0.468,1,"ANXA2"
0.32282839364092,0.764486584684986,0.043,0.057,1,"PPP4R1"
0.322866360777766,0.852293625901952,0.352,0.523,1,"GTF2I"
0.322935762708283,1.70078188093027,0.255,0.3,1,"DPY30"
0.323094684844256,1.34969262770935,0.167,0.222,1,"PPIE"
0.323792131553017,2.13422377703797,0.072,0.063,1,"RFFL"
0.3240644674698,1.47096361584285,0.343,0.448,1,"GNG7"
0.32420129522207,1.20857760934895,0.061,0.079,1,"TADA2B"
0.324579602502002,1.70597742010315,0.115,0.149,1,"ATP10D"
0.324628016660433,1.78021690019873,0.059,0.049,1,"CLYBL"
0.325250420490464,1.59567812573616,0.047,0.063,1,"KIF3A"
0.325445135781761,1.53189285169659,0.242,0.257,1,"RGS2"
0.327016289587924,1.57287712942805,0.183,0.19,1,"PRRC2B"
0.327838413873756,1.00684169554914,0.077,0.098,1,"LINC00847"
0.328505119753152,1.37910279112877,0.043,0.057,1,"DHX33"
0.32855095780599,1.47984498969995,0.09,0.117,1,"SDE2"
0.328579470575689,2.08691857017393,0.115,0.11,1,"PPP3R1"
0.328778449602598,1.9731421396636,0.124,0.12,1,"ILKAP"
0.329044858872394,1.79917458062227,0.117,0.153,1,"AFG3L2"
0.329205760456925,1.56079905944886,0.074,0.065,1,"YEATS4"
0.329679806182084,1.72131023214979,0.061,0.079,1,"FANCL"
0.329857517058683,1.64276019005829,0.19,0.201,1,"RB1"
0.329964597585308,1.55010176403109,0.205,0.282,1,"CD2BP2"
0.330188135041484,0.917435397433354,0.325,0.468,1,"ASH1L"
0.330195975357686,1.71708363683016,0.185,0.195,1,"SMARCC2"
0.330253338522882,1.7138332412912,0.074,0.097,1,"IGFLR1"
0.330573376710118,1.48988998933678,0.065,0.085,1,"MED14"
0.331131014779891,-0.0431390478427178,0.826,0.939,1,"NEAT1"
0.331282757900232,1.42009258922795,0.205,0.28,1,"CDC5L"
0.331477785846133,1.47656878911273,0.185,0.193,1,"TRIM33"
0.332173289063425,0.939537429265513,0.115,0.147,1,"TRIM25"
0.33245787733012,1.97772150332184,0.142,0.141,1,"THAP12"
0.333011146530178,1.77234316034328,0.126,0.122,1,"USP28"
0.333012851603656,1.19791109993434,0.095,0.122,1,"THOC1"
0.333105439406923,1.70873616523927,0.124,0.16,1,"ZBTB44"
0.33327127414611,0.872994253868835,0.318,0.463,1,"PJA2"
0.333490378784206,1.94515636649168,0.093,0.084,1,"KLF12"
0.333592840056917,1.7289514257645,0.084,0.108,1,"KPNA3"
0.334040316713902,1.59131070876205,0.117,0.111,1,"POLM"
0.3344998407637,2.65616992416503,0.07,0.061,1,"RIT1"
0.33480118676836,1.34133065059464,0.122,0.158,1,"CRTAP"
0.334978749023613,1.40974426296817,0.088,0.114,1,"PHF23"
0.335257475730467,1.98486741324449,0.043,0.057,1,"SPSB2"
0.335281540944048,1.17725094327371,0.359,0.462,1,"BTN3A2"
0.335581145147139,1.52678666235229,0.106,0.137,1,"CCNQ"
0.335880795165581,1.49104540969375,0.095,0.122,1,"APC"
0.3359339385406,1.99399948686167,0.117,0.153,1,"TMEM242"
0.336128563617845,1.32913646379688,0.054,0.071,1,"LARGE1"
0.337189937675266,2.19880440583474,0.065,0.056,1,"RCOR1"
0.337476894527982,1.83673801607079,0.142,0.141,1,"COX19"
0.337576050283471,0.964078770960804,0.21,0.277,1,"VPS37B"
0.338319062898529,1.48120317803955,0.106,0.137,1,"HELZ2"
0.338337158431064,2.00170692637448,0.072,0.094,1,"AEN"
0.338465475990484,1.51790525771491,0.302,0.376,1,"PLCG2"
0.339320579845319,1.9144474993446,0.153,0.156,1,"PPM1B"
0.339588650781564,0.977611954285822,0.129,0.165,1,"PAXBP1"
0.339629459066071,1.56057245282,0.176,0.184,1,"TTC19"
0.339762172847351,1.2110589230121,0.223,0.242,1,"CDK12"
0.340209691741302,2.41554325603895,0.063,0.054,1,"PGM2L1"
0.34031078663503,2.32204201588634,0.126,0.124,1,"DTNBP1"
0.340515114202662,1.42740359836411,0.138,0.133,1,"TRPM7"
0.340860390391754,1.15786160117702,0.054,0.071,1,"PISD"
0.340983368973892,1.94489974933649,0.081,0.105,1,"PAFAH1B3"
0.341455220780577,1.38476977286231,0.05,0.065,1,"PEX19"
0.3416531560009,1.60760173063665,0.054,0.071,1,"TSEN54"
0.342220764504908,1.29997670827677,0.126,0.163,1,"MED16"
0.342330199783524,1.56822716722158,0.045,0.06,1,"GIN1"
0.34238512543659,1.72531844091732,0.147,0.147,1,"KIF20B"
0.343601107428582,1.19372672924851,0.196,0.263,1,"BRD9"
0.343913889637638,1.47857900784075,0.117,0.151,1,"RETREG3"
0.344053745139077,1.37831202066539,0.316,0.392,1,"C6orf62"
0.344890753554713,1.2778782375083,0.201,0.271,1,"NOC3L"
0.345731804371823,1.7110040804402,0.05,0.065,1,"SP2"
0.345796232827938,1.4810280860988,0.041,0.054,1,"EFCAB7"
0.346117667266883,1.58473512886484,0.138,0.135,1,"ATP5S"
0.346301112114851,1.70886450303018,0.054,0.071,1,"SLC36A4"
0.346303046110744,1.33890023523785,0.305,0.459,1,"RNF7"
0.347201685029111,2.1256448527775,0.09,0.083,1,"THUMPD2"
0.347352535987786,1.9322606532756,0.16,0.213,1,"DKC1"
0.349087584821056,1.41654137257139,0.052,0.068,1,"ZNF678"
0.349160101542378,1.45118037753584,0.19,0.255,1,"KARS"
0.349906695397795,1.67887945251728,0.192,0.205,1,"CLK4"
0.349909449654626,1.42638127164538,0.065,0.084,1,"ADIPOR2"
0.349932998240279,1.724686246405,0.129,0.168,1,"DUSP11"
0.350034622269245,1.85908006995843,0.068,0.087,1,"PEX26"
0.350061032282396,2.00008300910001,0.144,0.146,1,"YBEY"
0.350384122257815,2.56971438846076,0.059,0.05,1,"NUDT14"
0.350829106913232,1.18919378813813,0.149,0.193,1,"BTBD7"
0.350838928385538,1.93334469689723,0.093,0.084,1,"WDR77"
0.350886665098201,1.43129853562004,0.068,0.087,1,"FBXO34"
0.351097680134823,1.46283793890837,0.07,0.09,1,"MFSD14B"
0.351718984458292,1.97439952272393,0.063,0.054,1,"PTBP2"
0.351769546119043,1.98589024699844,0.196,0.213,1,"FBXO7"
0.351849910240178,1.819835272871,0.093,0.085,1,"TBRG4"
0.35195320084401,2.16546070005509,0.144,0.146,1,"EMG1"
0.352078782697177,1.24264585275194,0.14,0.18,1,"CDK11A"
0.3521909199777,2.63083050132849,0.059,0.05,1,"TGFBR1"
0.352497251043507,0.896046946911795,0.144,0.183,1,"AC016831.5"
0.352658906761675,1.86322579886018,0.07,0.061,1,"VPS33A"
0.35278694855197,1.1278253085694,0.131,0.168,1,"SUN1"
0.352839449380419,1.21924740569704,0.05,0.064,1,"CHD3"
0.352841389116765,1.87705520309293,0.05,0.065,1,"PRIM1"
0.353745228004348,1.23678766056725,0.084,0.106,1,"EPC2"
0.353941500822312,1.90116061238343,0.117,0.113,1,"GAPVD1"
0.354355619624721,1.5035806740298,0.113,0.145,1,"METTL4"
0.356148214475605,1.70891409853872,0.115,0.149,1,"CCNK"
0.356161383156535,1.40712289905357,0.12,0.153,1,"PARP4"
0.356245666495379,1.79297844476406,0.077,0.068,1,"NFATC2"
0.356414309337396,0.922052383499907,0.12,0.152,1,"UBE2Q2"
0.356850780602581,2.07625357810879,0.12,0.116,1,"KAT8"
0.357195623791584,1.95877011791045,0.084,0.075,1,"SEH1L"
0.357473192670848,1.3366599821866,0.282,0.336,1,"JPX"
0.357997532331225,2.76912543501386,0.05,0.041,1,"MTERF1"
0.358324984179728,0.900144196278275,0.219,0.289,1,"ATP2A3"
0.358599144786656,1.942743148607,0.054,0.045,1,"SLC15A3"
0.358853174618766,1.31919120839482,0.072,0.092,1,"TMEM127"
0.359114481351804,1.28533641812189,0.074,0.095,1,"ORC2"
0.359607811394275,1.45424617485319,0.129,0.167,1,"HIGD1A"
0.35969794535264,1.66838629515159,0.158,0.161,1,"DNMT1"
0.359977674950477,2.17617621607769,0.099,0.093,1,"KAT7"
0.360119683537101,1.51581560617804,0.063,0.081,1,"SMYD4"
0.360325091222875,1.3941790161708,0.153,0.199,1,"CD2AP"
0.360478537857001,2.18886833021814,0.097,0.091,1,"KLHL28"
0.362117637732261,1.57735602005766,0.081,0.104,1,"ZYG11B"
0.362282298109846,1.33019954325423,0.19,0.253,1,"CHTOP"
0.362850402573124,2.0723602799724,0.176,0.186,1,"LTA4H"
0.362870061765262,1.84415757608198,0.097,0.125,1,"F8A1"
0.363185537316321,1.32000570814643,0.068,0.087,1,"ZBTB7B"
0.363840887942448,2.01724341542651,0.061,0.052,1,"BTBD2"
0.364186178315659,2.4749135885728,0.05,0.041,1,"HS1BP3"
0.364848937666517,1.57538652179402,0.059,0.05,1,"GNA12"
0.365351502338767,1.81202426943688,0.07,0.09,1,"ANKRD40"
0.366172634304554,1.42086366249966,0.063,0.081,1,"FBXO33"
0.36716708437777,1.87556076947022,0.181,0.192,1,"GTPBP4"
0.367489189251248,1.54192675906073,0.214,0.235,1,"SRSF6"
0.367816394835755,1.51477365290624,0.077,0.098,1,"CEP250"
0.368414786311358,1.5129694390822,0.187,0.25,1,"FYTTD1"
0.36851445370549,1.95776054640822,0.129,0.168,1,"THYN1"
0.368601128737167,1.00939879006155,0.045,0.059,1,"SMCR8"
0.369430377667403,2.01987017487745,0.163,0.169,1,"MRPL9"
0.370045876790377,1.70340047764282,0.275,0.337,1,"MRPS6"
0.37026696577877,1.11184284140277,0.045,0.059,1,"ACD"
0.370344474306081,1.97850742615648,0.113,0.108,1,"ZBTB25"
0.370621772689773,1.45409210173974,0.336,0.444,1,"NDUFA5"
0.37065286081407,1.89409773056035,0.063,0.055,1,"DHFR"
0.370715124613567,1.00746087126599,0.388,0.519,1,"C12orf57"
0.370758289696263,1.19953194561354,0.264,0.301,1,"NUFIP2"
0.371461866355178,1.81943969470852,0.05,0.041,1,"ZNF529"
0.371652903199381,0.440158913544957,0.445,0.712,1,"JTB"
0.372430067886837,1.38966792427769,0.253,0.355,1,"TLK1"
0.372604431427207,1.81753981795009,0.126,0.123,1,"GART"
0.373349797498417,1.16988027950608,0.147,0.187,1,"ELP2"
0.373466989914453,1.83051582911545,0.174,0.183,1,"TTC9C"
0.374034338459794,1.63963170859275,0.246,0.284,1,"GSDMD"
0.374211986099697,1.12535672270237,0.041,0.053,1,"TRMT61A"
0.374369142801519,1.48012948812566,0.14,0.181,1,"UTP23"
0.374546780262614,2.01086036104914,0.104,0.098,1,"MRPS35"
0.374681086181853,1.7174569128174,0.045,0.059,1,"ZNF350"
0.375206580845724,1.33749263660292,0.194,0.257,1,"ANKRD10"
0.376083258606518,1.52874447289448,0.095,0.087,1,"G2E3"
0.376460876389534,1.64342022584109,0.233,0.267,1,"SNW1"
0.3767149185245,1.15645246134638,0.178,0.235,1,"TMEM87A"
0.376725085546146,2.00922375080507,0.05,0.064,1,"TPK1"
0.376952630786138,2.13115134222945,0.074,0.095,1,"ARFIP1"
0.377074986675744,2.06451951251812,0.074,0.095,1,"NEK7"
0.377331495182426,1.82560630923731,0.072,0.092,1,"GHDC"
0.377938709901754,1.51310580758275,0.07,0.089,1,"OGFOD1"
0.378089969523175,1.29708001933012,0.147,0.19,1,"CDC73"
0.378589697939325,1.74994337915192,0.133,0.132,1,"PTAR1"
0.379703234927731,0.786211488765715,0.068,0.085,1,"MIAT"
0.380490402463259,1.53135090542291,0.14,0.181,1,"PARVB"
0.380771410445698,1.7308759028118,0.278,0.341,1,"C7orf50"
0.380809483043694,1.71353604147732,0.147,0.149,1,"ATIC"
0.380969954433343,1.55944261554721,0.115,0.147,1,"LACTB"
0.381993395897996,1.26340581880709,0.16,0.164,1,"TMX4"
0.382158728411966,1.75592800264771,0.077,0.098,1,"VAMP3"
0.382216692371852,1.35612714927854,0.113,0.143,1,"ING3"
0.38230216147816,1.75057021855359,0.086,0.109,1,"RALGAPB"
0.382446103503754,1.30939104237933,0.047,0.061,1,"MOV10"
0.382752041915292,1.5909105680884,0.095,0.12,1,"ARID5A"
0.382762426529095,1.64917063948016,0.09,0.114,1,"TMEM106A"
0.38298380889806,1.15090678169636,0.102,0.128,1,"RALGDS"
0.384056787376172,1.31576070243397,0.19,0.25,1,"AFF4"
0.385484618194205,1.67764559040853,0.115,0.111,1,"VGLL4"
0.385510226060928,1.58713428471367,0.307,0.391,1,"BZW1"
0.385722144466966,1.3576607956354,0.131,0.168,1,"DIDO1"
0.385743590457353,1.39340153318596,0.077,0.097,1,"CS"
0.386901801260165,0.932444111550302,0.37,0.567,1,"RTF1"
0.387173612277939,1.74950936974359,0.138,0.137,1,"ZNF394"
0.387281068156261,1.3061623609633,0.305,0.375,1,"IL16"
0.388114763767026,1.31453295457048,0.043,0.056,1,"TASP1"
0.38832413471229,1.85324808722159,0.108,0.138,1,"ACSL3"
0.388345922384839,1.53615832727184,0.099,0.125,1,"PHF12"
0.388467726327233,2.0354396976909,0.205,0.23,1,"POLR2E"
0.389432480613758,1.97273213640434,0.088,0.112,1,"PTTG1"
0.389558141900116,1.35727701130185,0.043,0.056,1,"FDXR"
0.389610927852159,1.35579628831692,0.147,0.188,1,"DLG1"
0.389982871531378,1.96174395675685,0.113,0.145,1,"RAB22A"
0.390414539448555,1.1289367038078,0.144,0.183,1,"LILRB1"
0.390528509405718,1.94254859988654,0.223,0.257,1,"MIEN1"
0.390884908259425,1.46082191100064,0.142,0.182,1,"UHRF2"
0.39093303382251,1.25763956511597,0.113,0.107,1,"TMEM63A"
0.391207991764405,1.19647048614865,0.255,0.29,1,"BIRC6"
0.391635962111402,1.52459961393002,0.138,0.137,1,"FMR1"
0.391699734910522,0.920765466687141,0.427,0.616,1,"WDR83OS"
0.39280583165312,1.85475646560086,0.113,0.144,1,"DFFA"
0.393354621790988,1.6078166832379,0.248,0.29,1,"RALBP1"
0.393453756595956,1.38655156757556,0.072,0.091,1,"TRAPPC8"
0.393582673199012,1.57484910232237,0.291,0.357,1,"DYNC1I2"
0.394016349562367,1.16718600314054,0.314,0.401,1,"CLTA"
0.394086818432271,1.60723908313029,0.054,0.069,1,"WDR89"
0.39423458765145,1.5506325224976,0.199,0.218,1,"MRPL1"
0.395049104909206,1.10476203048546,0.079,0.099,1,"CENPB"
0.39568040483958,1.80250006400596,0.151,0.156,1,"PLIN3"
0.395932703160269,1.32803292636436,0.09,0.114,1,"WBP4"
0.396530390949528,1.27533152641967,0.144,0.185,1,"USP33"
0.396682168501608,2.55708873506387,0.061,0.053,1,"SIRT1"
0.397074728265605,1.38885577111263,0.038,0.05,1,"TMEM234"
0.397294615218994,1.49408606225088,0.077,0.069,1,"NIPSNAP1"
0.398033589611559,1.69079627869584,0.054,0.069,1,"TYW5"
0.398490590302154,1.77328399387627,0.133,0.133,1,"ARL8A"
0.398568352988201,2.08558402611857,0.104,0.099,1,"BARD1"
0.398972931603731,1.06078653159389,0.041,0.052,1,"EAF1"
0.398994583728951,1.89143712574332,0.056,0.048,1,"HSPBAP1"
0.39960920973233,1.63609852437223,0.223,0.252,1,"TARDBP"
0.399825257962114,1.26258725349038,0.052,0.044,1,"NPIPB11"
0.399833847513045,2.02652603535341,0.086,0.079,1,"TRMT1L"
0.400222872632911,1.22128663116069,0.088,0.08,1,"TARBP1"
0.400322068715531,1.32601969618392,0.212,0.284,1,"ME2"
0.400397184973268,2.04265670246316,0.09,0.114,1,"PAXIP1-AS1"
0.400997923471435,1.60576538007031,0.079,0.099,1,"TCF12"
0.401459967655187,1.81031898351573,0.115,0.111,1,"ZNF493"
0.402012724833547,0.670759186352092,0.059,0.074,1,"CLK2"
0.402427287291705,2.65991510910049,0.05,0.042,1,"DIEXF"
0.402582479084229,1.18951497222697,0.081,0.102,1,"REV1"
0.402678063505432,1.5413086939268,0.187,0.247,1,"UBQLN1"
0.402874401726919,1.60307497212555,0.05,0.064,1,"ZNF227"
0.403263148194853,1.90256620885393,0.242,0.285,1,"EIF6"
0.403272489293333,1.33382777198778,0.217,0.238,1,"ATXN2L"
0.403536180340097,1.43570884852909,0.133,0.171,1,"KIN"
0.403888078261776,2.27719878130321,0.068,0.06,1,"ABCC1"
0.405160457061847,1.30757500756658,0.235,0.324,1,"TCP1"
0.405387956995321,1.63533617606367,0.104,0.098,1,"ADCY7"
0.405419241084202,1.97144498046169,0.221,0.254,1,"ZNRD1"
0.40548645993091,1.89276212331788,0.14,0.141,1,"UBAP2L"
0.4060670075835,1.95476009682533,0.063,0.08,1,"RIPK2"
0.406446827119014,1.72510674016028,0.045,0.058,1,"ERCC3"
0.406452099259106,1.79224800455657,0.097,0.123,1,"MED21"
0.406685183761767,1.62663549103001,0.147,0.19,1,"TIMM10B"
0.406803830981922,2.14332095567565,0.065,0.058,1,"MAK16"
0.407433388957077,2.20844883889707,0.097,0.092,1,"GPALPP1"
0.407506970623093,1.52285285183779,0.077,0.097,1,"ACOT8"
0.408475642431402,1.73674006754576,0.131,0.131,1,"SLC7A6OS"
0.408555382033844,1.94284855324409,0.061,0.077,1,"MPP6"
0.40898081937752,2.10135343223374,0.199,0.22,1,"TSPAN13"
0.409396692072351,1.46740814474152,0.106,0.133,1,"PRR14L"
0.409461487008068,1.72497727610722,0.131,0.168,1,"SMARCD1"
0.409497318480266,1.55444477583648,0.074,0.094,1,"GNL3L"
0.409735696083474,1.48106784521911,0.09,0.083,1,"ZNF507"
0.411471129403597,1.6348056282255,0.178,0.189,1,"NFATC3"
0.412246574083632,1.1224943231109,0.153,0.197,1,"ADAM17"
0.412404288993804,2.05801848593411,0.068,0.06,1,"PATL1"
0.412881674917707,1.71067650131445,0.108,0.137,1,"RPP30"
0.413323953016259,1.83383768807178,0.097,0.091,1,"SH3GL1"
0.413325454792338,2.24831087308901,0.065,0.058,1,"CMPK2"
0.41335603883355,2.34163285968642,0.041,0.052,1,"TRMT61B"
0.413578924046395,1.86514560265877,0.072,0.091,1,"GEMIN6"
0.413629521379694,1.94186404712322,0.068,0.06,1,"METTL18"
0.413816189615173,1.49734601106924,0.047,0.06,1,"INAFM1"
0.41505890675719,1.78879375826426,0.142,0.145,1,"ARRDC1"
0.415096185896091,1.68265991646767,0.047,0.06,1,"PLAGL2"
0.415114554102836,1.35201960548955,0.088,0.11,1,"EXOC3"
0.415699829117713,1.74746449850039,0.05,0.042,1,"COLGALT1"
0.416053008799468,2.03620082307467,0.135,0.137,1,"UPF3B"
0.416519990632879,1.54064729506597,0.084,0.105,1,"LIX1L"
0.417026542292852,0.987023404700452,0.072,0.09,1,"KMT2D"
0.417519866721497,1.14098118243592,0.084,0.104,1,"WASHC1"
0.417552055057004,1.79779216290915,0.081,0.075,1,"CD68"
0.417831058615795,2.63288316360319,0.059,0.052,1,"AP4S1"
0.418264497643461,1.71538273107454,0.084,0.077,1,"RFC2"
0.41831096561329,2.51448601281634,0.056,0.049,1,"PJA1"
0.418522974920663,1.74378232329009,0.106,0.133,1,"SF3B4"
0.419145698377109,1.45232822105176,0.099,0.124,1,"CBR4"
0.419865248233696,1.75707851246433,0.052,0.066,1,"ZNF740"
0.420097257134043,1.80318948919753,0.068,0.06,1,"PITPNM1"
0.420106701383953,1.22165862884581,0.131,0.164,1,"SECISBP2L"
0.420482283827384,1.87755689307698,0.084,0.077,1,"ANKFY1"
0.420780770036594,1.18764896613038,0.054,0.068,1,"DZIP3"
0.421545537851576,1.31999916235425,0.242,0.334,1,"CCDC107"
0.421548145208459,2.0722553225056,0.061,0.077,1,"ABHD18"
0.421593927820098,2.18633979621324,0.138,0.14,1,"CWC22"
0.421709411928222,1.442078503798,0.183,0.241,1,"IFIH1"
0.422896360385738,1.13062898775267,0.19,0.247,1,"DOK3"
0.422907477589302,2.68105556821003,0.086,0.08,1,"BCAR3"
0.42312722783504,1.85737311160823,0.131,0.13,1,"UBR4"
0.423885183319831,2.16420342719575,0.097,0.092,1,"GTF2H3"
0.423913427983857,1.35916251391366,0.088,0.11,1,"IPO9"
0.424217887518701,1.68910657507383,0.043,0.055,1,"C12orf73"
0.425553944939125,1.80953423916951,0.226,0.259,1,"VEGFB"
0.425697396392581,2.05882172873345,0.079,0.072,1,"NUP43"
0.42612471101313,1.27283568442354,0.113,0.141,1,"ZNF146"
0.426963376280225,1.05142365258782,0.045,0.057,1,"RAP2A"
0.427425080836273,2.33717579530026,0.054,0.047,1,"CARF"
0.427869517887328,1.58893688344563,0.111,0.139,1,"SCO1"
0.428542661545208,0.738066838969384,0.149,0.184,1,"TSPYL2"
0.428744738572671,1.47286537294147,0.178,0.19,1,"GATAD1"
0.42906576854399,2.47055394879795,0.061,0.054,1,"FIG4"
0.429093240625719,1.78125720537029,0.153,0.158,1,"UBXN7"
0.429308724168141,1.59630085487989,0.129,0.129,1,"MOB2"
0.429661816904028,1.25941275281948,0.054,0.068,1,"SPIN1"
0.429704376267176,1.49208365376282,0.07,0.087,1,"TRAPPC11"
0.429899675285694,1.49389534864627,0.065,0.082,1,"RABGGTA"
0.43050080257719,1.15944398200151,0.041,0.052,1,"KCTD12"
0.430765034398147,1.16332933130459,0.041,0.052,1,"MIGA2"
0.431340043282936,1.76308121818604,0.077,0.096,1,"LZIC"
0.431346076735235,1.71662387118763,0.176,0.188,1,"AHCYL1"
0.431780765673481,1.86027680779028,0.088,0.083,1,"TTC5"
0.432085364388403,1.56522712895408,0.255,0.302,1,"LMBRD1"
0.432313438228958,1.31028542121636,0.169,0.177,1,"HERC1"
0.432372805968643,1.36488721020168,0.086,0.106,1,"RLF"
0.434312133339057,1.40288813787411,0.068,0.084,1,"RAP2B"
0.434389640928363,1.67895048272715,0.183,0.196,1,"CHD6"
0.434456768244684,0.947907651034811,0.176,0.226,1,"STX16"
0.434623492077941,0.998881235782865,0.07,0.087,1,"LMBR1L"
0.435188659677311,1.72415173647112,0.045,0.057,1,"CCDC126"
0.435401873031606,1.19584901214022,0.199,0.259,1,"CYTH4"
0.435508364799214,1.19335311445204,0.176,0.224,1,"NFKBIZ"
0.43556388708421,1.93682662836335,0.156,0.203,1,"AKR7A2"
0.435564870139048,1.51605126114791,0.07,0.087,1,"ABRAXAS2"
0.435727261239948,1.65475949248161,0.138,0.176,1,"EIF4EBP2"
0.435971997162035,1.3279942716488,0.086,0.106,1,"FBXO3"
0.436309879188816,1.69449085998593,0.219,0.298,1,"CNOT7"
0.436779434030878,1.45366540082259,0.041,0.052,1,"CEP68"
0.437016185801426,2.19935767012361,0.063,0.056,1,"PLCE1"
0.438501558687741,1.69365644945893,0.059,0.052,1,"DNAJC17"
0.439186582327025,1.14655561991597,0.395,0.558,1,"PSMA2"
0.439448146807791,1.43172893954494,0.041,0.052,1,"PQLC2"
0.440022492268093,0.504694494691486,0.19,0.241,1,"INTS6"
0.440318897895209,1.81720989416813,0.084,0.078,1,"SNAPC1"
0.442457809268769,1.71296821160493,0.102,0.097,1,"MATR3.1"
0.443237552434294,1.48808160864964,0.115,0.145,1,"KDSR"
0.44324218814174,1.39452992515805,0.09,0.112,1,"FOXJ3"
0.443608008490975,1.06241351007153,0.169,0.215,1,"NSUN6"
0.443614327559654,0.975334521564017,0.429,0.624,1,"SEM1"
0.444451010070451,1.91600548234201,0.084,0.078,1,"AMDHD2"
0.444472857518086,1.77886896300694,0.056,0.071,1,"RBM19"
0.444585058770432,0.955125353373844,0.079,0.098,1,"TAZ"
0.444841859498779,1.86541311744754,0.163,0.172,1,"BRIX1"
0.445013519923257,1.56405511008792,0.163,0.21,1,"IMPDH2"
0.445383904995333,1.98076202220181,0.045,0.057,1,"TMEM250"
0.445514782477843,2.24563221864406,0.065,0.059,1,"ZNF101"
0.445717950557383,1.34073815660487,0.086,0.106,1,"DDI2"
0.447213473670946,1.74220365546196,0.106,0.132,1,"USP36"
0.447388838939402,1.23086801645519,0.104,0.129,1,"STK25"
0.448385845206366,1.23085051655696,0.104,0.128,1,"PHF21A"
0.448572454053885,1.36744362077015,0.074,0.092,1,"ZHX1"
0.448579650946076,1.25087723447235,0.061,0.075,1,"TDRD3"
0.449521380991382,1.4259958799495,0.16,0.205,1,"LRIF1"
0.45080529998331,1.66584919786104,0.113,0.142,1,"ZPR1"
0.451184223396481,1.6559630993964,0.047,0.06,1,"CSTF2T"
0.451224635949742,2.38635204413667,0.052,0.045,1,"C11orf49"
0.451341351385375,1.66440339089269,0.203,0.274,1,"TEX264"
0.451411980104436,1.38725503450367,0.28,0.405,1,"GTF3C6"
0.451752797913173,1.30990095568705,0.135,0.171,1,"FAM91A1"
0.452502038970486,1.06863249137126,0.061,0.075,1,"TUBGCP4"
0.452865965858068,1.61170315294045,0.133,0.133,1,"CMTR2"
0.453513634105627,1.42183830187837,0.065,0.081,1,"CASK"
0.453536290156192,2.15303800496909,0.063,0.056,1,"RBMXL1"
0.454144068804358,1.62639652347826,0.063,0.079,1,"CHMP6"
0.455002453650371,1.44502349384128,0.253,0.354,1,"CHCHD7"
0.456057991431279,1.63385259703528,0.108,0.105,1,"KIAA0100"
0.45652762611781,1.57880724278849,0.063,0.079,1,"C20orf196"
0.457762891755157,2.63106499750712,0.054,0.048,1,"SNAI3"
0.458500716244791,1.78804849918603,0.093,0.115,1,"ZC3H6"
0.458732748753835,2.17071726184347,0.133,0.136,1,"IARS2"
0.458929675677127,1.35887793926321,0.126,0.158,1,"ZNF326"
0.459592573867311,1.68837750339022,0.05,0.062,1,"PDE6D"
0.459965504535246,1.92511512371988,0.122,0.122,1,"RAP2C"
0.460082088085379,1.11935691893136,0.228,0.301,1,"KDM2A"
0.460132984731422,1.51637006158428,0.102,0.098,1,"VPS41"
0.460640210642222,1.14213302106362,0.059,0.072,1,"PARG"
0.460697595230067,2.01918998367293,0.047,0.06,1,"TOE1"
0.460764828157046,2.23488893700077,0.113,0.112,1,"TRIAP1"
0.461077200215234,1.18067224676841,0.056,0.07,1,"SPAG16"
0.461107401514927,1.06401187899908,0.063,0.078,1,"SELENOO"
0.461266166270896,1.55088530754862,0.099,0.123,1,"ZNF226"
0.461428709573489,1.00757083753375,0.108,0.134,1,"URM1"
0.461761036708453,1.40347855297675,0.088,0.109,1,"SLC25A38"
0.462810606837805,2.45446700952001,0.081,0.076,1,"HINT3"
0.462931890935134,1.48961713616469,0.212,0.235,1,"CASP8"
0.463109250999871,1.69737860642562,0.099,0.124,1,"MPHOSPH6"
0.463223845682158,1.68814691892373,0.293,0.371,1,"TSPAN3"
0.463518120070942,1.29209134403218,0.228,0.304,1,"BTN2A2"
0.463535912226859,1.7020378251403,0.124,0.156,1,"HTATSF1"
0.463736597047535,2.18187181429671,0.084,0.079,1,"RIOK1"
0.464244067895003,1.71406439464766,0.079,0.098,1,"JAK2"
0.464762904486976,1.58851888445713,0.102,0.098,1,"ZBTB4"
0.465169275001274,0.944702559414582,0.223,0.244,1,"CCL5"
0.465466953201097,1.59934446861089,0.138,0.173,1,"TAOK1"
0.466058105323895,1.88755835599598,0.117,0.116,1,"DYRK1A"
0.466554133889934,0.917367966765498,0.433,0.632,1,"COX17"
0.467309093072369,1.82509013093555,0.045,0.056,1,"EIF3C"
0.4674076131541,1.01018235807595,0.052,0.064,1,"MBTD1"
0.467718586754148,1.58849184330885,0.065,0.059,1,"PPP1R12C"
0.467961146871529,1.26658636850889,0.084,0.102,1,"DHX8"
0.468032087420918,1.17478355882683,0.081,0.099,1,"RBM12B"
0.468739472881345,1.55817453006722,0.153,0.159,1,"MTMR4"
0.469608568923488,1.19831851186452,0.045,0.056,1,"RPP14"
0.469735621942605,1.71194095923429,0.122,0.121,1,"TTC7A"
0.470191373059647,1.27423441389733,0.063,0.078,1,"FBRSL1"
0.47067197133303,1.39453971980717,0.045,0.056,1,"BCDIN3D"
0.470884723000384,2.06460203727573,0.05,0.062,1,"SLC41A3"
0.470892128809326,1.08042409906301,0.19,0.245,1,"CAPN2"
0.470952805686885,1.56655017057618,0.063,0.078,1,"GATC"
0.471207330405017,1.99288586354145,0.084,0.079,1,"INSIG1"
0.472407063420311,2.05213708539654,0.056,0.05,1,"RPGR"
0.472632180099797,1.76485531627665,0.174,0.187,1,"COMMD7"
0.472899968593641,1.64586327761306,0.052,0.064,1,"GATD1"
0.472983655247603,1.62882815442385,0.217,0.245,1,"POLK"
0.474611658992656,-0.364319832747677,0.792,0.932,1,"XIST"
0.475240766252068,1.62237702972269,0.169,0.218,1,"CCDC91"
0.475710811219983,1.14326756523411,0.185,0.237,1,"DICER1"
0.475867427401697,1.1619687829559,0.336,0.507,1,"PSMA1"
0.476421017017492,1.79075665216223,0.081,0.1,1,"FEZ2"
0.476524972443381,1.2612453262083,0.212,0.277,1,"NUP210"
0.476656107171551,1.05791934209043,0.052,0.045,1,"EXOSC2"
0.477425794039947,1.75067120043233,0.111,0.137,1,"TOMM70"
0.47751926146915,1.92947704300544,0.07,0.087,1,"MAIP1"
0.477760904447658,1.11718711787075,0.05,0.061,1,"RABL2B"
0.478287092646891,1.37377872764635,0.122,0.152,1,"NCBP3"
0.479222553274962,1.72226266180814,0.059,0.072,1,"POLL"
0.479377445800061,1.70785263218189,0.185,0.243,1,"FAM32A"
0.480096415724601,0.988332196860139,0.424,0.606,1,"ADAR"
0.48017822655985,1.56588918665051,0.059,0.072,1,"SMARCAL1"
0.48113507220979,1.91856973031797,0.163,0.174,1,"CSNK2A2"
0.481256371310404,1.38013565786131,0.336,0.437,1,"SRSF4"
0.4817161043373,1.52260880068626,0.074,0.091,1,"RASSF7"
0.481806408773926,1.50381337038745,0.061,0.055,1,"MKL1"
0.482017566346635,1.429493413458,0.144,0.181,1,"ZFR"
0.482258364229431,1.57854572338826,0.065,0.08,1,"TTC21B"
0.482527575944671,1.1782615466561,0.111,0.136,1,"ZZEF1"
0.483995834425192,1.27372262429837,0.12,0.149,1,"ITGB3BP"
0.484346598648985,2.03110311439675,0.086,0.081,1,"IKBKG"
0.48443663318518,1.74975334609163,0.113,0.14,1,"ZNF787"
0.484835925023997,1.34531311891883,0.09,0.11,1,"DIP2A"
0.484928753114474,1.44670647442707,0.203,0.269,1,"PHAX"
0.484939676319866,1.74128775422258,0.041,0.051,1,"TADA2A"
0.48501757295833,1.63454926481448,0.068,0.083,1,"KCNAB2"
0.485182855787302,2.1714639703485,0.102,0.099,1,"SMIM30"
0.485318535923243,2.02936720176759,0.041,0.051,1,"TMLHE"
0.485393681120841,1.82397843531414,0.063,0.078,1,"RAD1"
0.48784419934362,1.76405428367728,0.084,0.079,1,"TTF2"
0.487913062651284,1.63097210573975,0.142,0.18,1,"BCCIP"
0.487942926643704,1.48101851672986,0.142,0.18,1,"NUDT16L1"
0.488086716515895,2.11522345982112,0.129,0.131,1,"MED19"
0.488734853625814,1.38953774908199,0.124,0.154,1,"UBA7"
0.488960767391336,1.7611166726009,0.099,0.122,1,"YTHDF3"
0.48979186064195,1.15270459542391,0.059,0.072,1,"COL1A2"
0.490501855389404,1.32104322072307,0.095,0.091,1,"CEP192"
0.490739572297155,1.33022290553519,0.131,0.164,1,"ZNF770"
0.490899734927293,2.37882545868112,0.05,0.044,1,"COL9A2"
0.491891741611221,1.66392590178278,0.203,0.228,1,"CTCF"
0.492336490891983,1.21493228056526,0.284,0.402,1,"PDAP1"
0.49282774173869,1.32428864406306,0.113,0.139,1,"CLK3"
0.493326391440925,1.42116145846158,0.081,0.076,1,"CEP164"
0.493608585323021,1.70658783028716,0.054,0.067,1,"PGS1"
0.494111529870114,1.84389760594337,0.156,0.165,1,"SUSD3"
0.49419443170736,1.83834305936383,0.138,0.175,1,"ALYREF"
0.49453078992035,1.39116340397046,0.242,0.282,1,"CGGBP1"
0.494721714583261,1.70084663578316,0.16,0.206,1,"MRPS25"
0.494783271506376,1.48111991865662,0.061,0.075,1,"WDTC1"
0.494952836283249,1.96866812037029,0.068,0.062,1,"GABPB2"
0.495359291617722,1.79266122283159,0.167,0.18,1,"ZNHIT3"
0.495665880421316,2.26049228261973,0.081,0.077,1,"TTC32"
0.495989825571553,2.06981837170126,0.106,0.105,1,"ZDHHC2"
0.496866464993713,1.70141694457227,0.05,0.061,1,"GFOD2"
0.496883446845915,1.26452124181536,0.203,0.264,1,"GPATCH8"
0.497350141281231,1.89639856142657,0.203,0.23,1,"TSC22D4"
0.498129794499166,1.68821850278724,0.09,0.11,1,"POM121C"
0.498273640842595,1.49750378492187,0.16,0.203,1,"COQ10B"
0.498426867515937,1.5151741374335,0.052,0.064,1,"ERCC6"
0.498571633946482,1.91081597326996,0.208,0.236,1,"GALNT1"
0.498776094129055,2.03690790574672,0.052,0.046,1,"NAPEPLD"
0.498859299974952,2.2738088525956,0.054,0.048,1,"ZNF318"
0.500844714473998,1.65957839705942,0.147,0.186,1,"ALDH9A1"
0.502323382784871,1.85328058295587,0.05,0.061,1,"ADAT1"
0.502472341836937,1.31010488248782,0.117,0.145,1,"VIRMA"
0.502681133120223,1.40777679077246,0.214,0.243,1,"TES"
0.503076113042453,1.62912666775801,0.133,0.166,1,"RASSF1"
0.504280321517646,1.70839154092114,0.226,0.26,1,"ADGRE5"
0.504817568243024,1.79269962653166,0.099,0.122,1,"FLAD1"
0.505832063715409,1.90998218414544,0.138,0.142,1,"ICE2"
0.50606744036278,1.83109140238688,0.113,0.14,1,"SCNM1"
0.506450986917372,2.0461798105633,0.054,0.048,1,"DHCR24"
0.506882659097611,1.67899299448261,0.111,0.109,1,"RBM28"
0.506980862736322,2.00093015673961,0.061,0.075,1,"OXCT1"
0.507221534524675,1.48904696491697,0.059,0.071,1,"BRWD3"
0.50793258653138,1.41779635505488,0.233,0.268,1,"RHOQ"
0.50814045396312,1.14791532645551,0.052,0.064,1,"ALKBH6"
0.508270045194801,0.98126067023635,0.388,0.522,1,"PRPF4B"
0.508325978071186,1.49596980962708,0.16,0.204,1,"PRPF31"
0.50853122729143,1.16077275238957,0.093,0.112,1,"RUNDC1"
0.509261638874335,1.33089838297012,0.133,0.164,1,"WDR26"
0.509342545726483,1.67962880887049,0.086,0.105,1,"SNRK"
0.50971647524551,1.6429427574997,0.077,0.094,1,"ACOT9"
0.510584274807404,1.64682191984763,0.052,0.064,1,"MTMR1"
0.511181013535176,2.16647535252907,0.113,0.113,1,"PIK3CA"
0.511272225491294,2.38158921935046,0.09,0.087,1,"HELQ"
0.511846329202431,1.91783325740767,0.081,0.077,1,"TRIM11"
0.512871770497721,1.99263595232901,0.061,0.056,1,"ZNF765"
0.513322764244801,1.82295059770334,0.086,0.082,1,"BICD2"
0.513371482426045,1.46057085137947,0.095,0.091,1,"ATF7"
0.513947934210407,1.50166154775595,0.251,0.298,1,"PAFAH1B1"
0.514204180290049,1.54225464910652,0.07,0.085,1,"TNRC6C"
0.514294293086017,1.29671477707,0.054,0.066,1,"STRN4"
0.514334894856526,1.56381784302034,0.09,0.11,1,"DLD"
0.515138062167606,1.48521168066571,0.097,0.094,1,"TRIO"
0.515567180120286,1.59542158732388,0.199,0.222,1,"PIAS1"
0.516386154431353,1.23508025052879,0.149,0.185,1,"CUL5"
0.517016246216276,1.64223572207249,0.047,0.058,1,"SMPD2"
0.517513326333794,0.760132292860718,0.05,0.06,1,"EML3"
0.518881905185186,1.1808965136546,0.343,0.461,1,"PSMB4"
0.518945612638501,1.19521435750411,0.138,0.17,1,"TUBA1C"
0.519639084148429,1.74953490414395,0.237,0.28,1,"COPS5"
0.521048834099856,0.996483520569621,0.108,0.132,1,"EHMT2"
0.52152267738641,2.03944933125072,0.102,0.1,1,"ACLY"
0.521909027007475,1.77669146028479,0.063,0.058,1,"CARMIL2"
0.522656788787066,1.41322834005722,0.217,0.283,1,"SEMA4D"
0.523100837427814,1.59971240961986,0.102,0.124,1,"EIF2B5"
0.523339101861716,1.08601758737162,0.244,0.326,1,"ILF3"
0.524041022273688,1.6814855782937,0.181,0.199,1,"DHX9"
0.524763684175193,1.75969039008378,0.07,0.065,1,"TCF20"
0.524843680600783,1.37814266685648,0.093,0.113,1,"TXLNG"
0.525468306445785,0.896323015293997,0.079,0.095,1,"SCAF8"
0.526611715845061,1.80400048314071,0.047,0.058,1,"DDX20"
0.526886282346377,1.45956978623725,0.196,0.217,1,"GPBP1L1"
0.527289713263717,1.50238322748744,0.05,0.06,1,"FAM120B"
0.527353577998701,2.1198690953164,0.047,0.058,1,"URB1"
0.527466939227922,1.59715775532856,0.084,0.102,1,"MTAP"
0.527782705130409,1.7151576299468,0.086,0.104,1,"OTUD4"
0.527889532717427,0.713854046635367,0.436,0.677,1,"NDUFB1"
0.52828165479373,2.09623700521545,0.047,0.058,1,"ZNF263"
0.528298175489269,1.38425284708618,0.068,0.082,1,"ABHD5"
0.528307811063788,1.55313435857625,0.153,0.194,1,"LINC00116"
0.528632597356061,1.83963891307098,0.086,0.104,1,"ANGEL2"
0.528864412391603,1.72363263940486,0.088,0.106,1,"NEK8"
0.529939188005665,1.61300766598877,0.077,0.093,1,"HIVEP2"
0.530339486745975,1.96152119313938,0.172,0.187,1,"ZRSR2"
0.530951375330941,1.42882417732913,0.043,0.052,1,"ZNF605"
0.530978844026949,1.36066696789033,0.223,0.296,1,"OTUB1"
0.531044326165092,1.45364318448911,0.068,0.063,1,"ZNF600"
0.531690600977021,1.52945736210103,0.201,0.262,1,"PPP2R2A"
0.532514599518349,1.54476738610283,0.043,0.052,1,"ZNF154"
0.53262445232855,1.91547497842988,0.05,0.044,1,"POLH"
0.533847541020186,2.80747700039095,0.05,0.044,1,"RFWD3"
0.534026580512407,1.79986298848032,0.178,0.197,1,"NR1H2"
0.53417988072564,1.65515757744722,0.108,0.133,1,"VTI1A"
0.534408575545602,1.52297775238804,0.05,0.06,1,"DPP3"
0.534584300678603,1.33618635825807,0.185,0.235,1,"HELZ"
0.535031363720603,1.28175547022093,0.124,0.152,1,"ATP8A1"
0.535298988180729,1.38556871482419,0.07,0.084,1,"ZNF827"
0.535631705747686,1.30090185862556,0.201,0.259,1,"ACIN1"
0.53574140693697,2.61410122085379,0.106,0.106,1,"RP9"
0.536204995119597,0.542973819284375,0.312,0.353,1,"FAM30A"
0.536502165367077,1.8689930414247,0.084,0.08,1,"TRMT6"
0.539402208599227,1.17077111401644,0.257,0.303,1,"TIAL1"
0.539991758377272,1.13018653094643,0.228,0.3,1,"SNRNP200"
0.540277850004614,1.75821352817978,0.165,0.21,1,"MRPL13"
0.541207022571662,1.84562667834251,0.111,0.11,1,"RNF220"
0.541416250877588,1.343029483875,0.052,0.063,1,"STIM1"
0.541897102182949,1.6958676977887,0.088,0.107,1,"ADPRHL2"
0.542061564293578,1.43263221493191,0.203,0.264,1,"SMC1A"
0.542081644958795,1.79348168082698,0.117,0.119,1,"LYRM4"
0.542368837561237,0.0704426756408418,0.698,0.883,1,"SERP1"
0.54252999619236,1.32439567166219,0.237,0.321,1,"PUF60"
0.542773641406878,1.85807039091784,0.169,0.217,1,"PMPCB"
0.543513380578757,2.25163153867862,0.061,0.056,1,"NOL12"
0.543751767600816,1.97188222390007,0.072,0.087,1,"RPE"
0.543964685657773,2.0192446401109,0.147,0.155,1,"ZNF720"
0.54466093164694,1.60126380047521,0.217,0.25,1,"SNRPA1"
0.546658751833201,1.60569348436308,0.097,0.095,1,"DNAJC9"
0.547675979778478,2.18969098626889,0.063,0.059,1,"WRNIP1"
0.547857953489703,2.11225889928761,0.063,0.059,1,"SLC37A1"
0.548523774692394,1.40311069480014,0.102,0.123,1,"HDAC3"
0.548977919238214,1.33378837106711,0.047,0.057,1,"SRF"
0.549899958544966,1.93155182160226,0.135,0.141,1,"ZC3H8"
0.549993047580408,1.27473204730533,0.102,0.122,1,"TNPO3"
0.550360365976431,1.66915668173258,0.174,0.189,1,"GRIPAP1"
0.550889212486642,1.54945739353952,0.212,0.279,1,"RAB21"
0.550926773642621,2.15456953196642,0.061,0.056,1,"TTI2"
0.551685787108756,1.67335505550465,0.052,0.047,1,"ZNF518B"
0.551712080379716,2.27058467323774,0.065,0.061,1,"MRGBP"
0.552265841708672,1.42270106041333,0.341,0.464,1,"CSNK2B"
0.552815511217635,1.82914508094979,0.176,0.194,1,"MRPL28"
0.553147833374992,2.41649095862057,0.065,0.061,1,"IRF2BPL"
0.553164926487717,0.862440201596102,0.431,0.633,1,"ORMDL1"
0.55371216779198,1.70936549274676,0.052,0.047,1,"MED12"
0.554148654625066,1.89340565006483,0.072,0.068,1,"CEP120"
0.554592606528519,0.708008975101442,0.483,0.722,1,"NDUFA13"
0.555527726214369,1.83000292816055,0.063,0.059,1,"ZUFSP"
0.555648002164328,2.31077692920469,0.059,0.054,1,"FAM76A"
0.557058918694809,1.69587407765747,0.072,0.068,1,"TNFAIP8L1"
0.557066230997863,1.76828280301787,0.056,0.052,1,"NEDD1"
0.557830056341256,2.02327837619908,0.144,0.153,1,"CYB5R3"
0.559029483267902,0.964976632694152,0.158,0.196,1,"RAB1B"
0.559029765298952,1.62925404795999,0.061,0.073,1,"DCAF1"
0.559932082711051,1.93874527649621,0.187,0.21,1,"TERF1"
0.560364380224314,1.83564744598361,0.097,0.095,1,"GSN"
0.560461322335,1.43170081563826,0.063,0.075,1,"HACD2"
0.560528084874423,1.09099181179082,0.214,0.276,1,"TLE3"
0.560600597328135,1.84930656701057,0.102,0.101,1,"CNOT9"
0.561221417758742,1.68180795014983,0.047,0.057,1,"ALDOC"
0.56126681058229,1.43488161000535,0.115,0.14,1,"SLAMF6"
0.561385994760821,1.74543276472219,0.106,0.106,1,"FAM193A"
0.561566829486131,1.78026938024467,0.059,0.054,1,"PAPOLG"
0.561731485581359,1.48256431419046,0.09,0.109,1,"ELMOD3"
0.562007077080967,1.03918674676959,0.37,0.508,1,"MAP2K2"
0.56237102533397,1.57758323144434,0.151,0.189,1,"MEA1"
0.563817850582222,1.97494321682903,0.144,0.153,1,"ZNF518A"
0.564057959733106,1.42062216913765,0.059,0.054,1,"CAMK2G"
0.564715189166421,1.70370743484381,0.203,0.234,1,"DDX39A"
0.565083391752468,1.74379782567444,0.079,0.095,1,"DDB2"
0.565768449379651,1.48064661321419,0.068,0.064,1,"GMPS"
0.566250366262913,1.6194565518737,0.056,0.052,1,"PRKAB1"
0.566407616777586,1.92955241328551,0.061,0.073,1,"LDAH"
0.567350353537803,1.46073740394316,0.108,0.131,1,"ZFP91"
0.567545662809325,1.73509460137741,0.176,0.194,1,"TSNAX"
0.567615638438268,1.29218048621007,0.251,0.295,1,"GRK6"
0.567905946010581,1.1035019620013,0.065,0.078,1,"PATL2"
0.568815645375414,1.61585624768899,0.194,0.218,1,"EIF4A3"
0.569147536820359,1.79064589206244,0.077,0.092,1,"YRDC"
0.569253207099459,1.34950078073524,0.056,0.068,1,"PPFIBP2"
0.569361029060039,1.75733534332647,0.043,0.052,1,"CWF19L1"
0.570987988829516,2.02891598773775,0.043,0.052,1,"PPRC1"
0.571395074329587,1.69182198989738,0.043,0.052,1,"ZNF557"
0.57253524108958,1.96186076204897,0.072,0.087,1,"SNX18"
0.57279636929384,1.52328507392003,0.093,0.091,1,"PRPF3"
0.572836933699236,0.296378815139363,0.481,0.725,1,"ZRANB2"
0.572937330098069,1.24454648933967,0.185,0.234,1,"PFKL"
0.573194021819785,1.6657811265166,0.108,0.108,1,"ARHGAP5"
0.574178293754059,2.11353031607408,0.061,0.073,1,"C17orf75"
0.574552888028843,1.61383670629018,0.079,0.075,1,"NME6"
0.575070467121919,1.38364603949326,0.156,0.195,1,"C2orf49"
0.575747041448883,1.84579424820542,0.106,0.106,1,"RCOR3"
0.575952497066623,1.39308998899411,0.111,0.133,1,"UBA3"
0.576697043787325,1.35024577852139,0.269,0.369,1,"OAS1"
0.576824965869933,1.82039994852453,0.093,0.112,1,"CDKN2AIPNL"
0.5769391703936,1.52151019407598,0.072,0.068,1,"ZC3H4"
0.577036543257719,1.42233673549413,0.07,0.083,1,"RNF8"
0.577609721337969,1.78856338623882,0.169,0.186,1,"AATF"
0.577794874252058,1.06098434805719,0.072,0.086,1,"PEX1"
0.578451478235735,1.51729016546999,0.255,0.348,1,"MRFAP1"
0.578764299812123,1.75356696203891,0.233,0.314,1,"SUGT1"
0.578841710849263,1.40084455657924,0.086,0.102,1,"CUL4A"
0.579478556532661,2.23651631219758,0.115,0.118,1,"PPID"
0.579484464794942,1.36017722069074,0.151,0.187,1,"RBM4"
0.580278884978055,1.81623429096214,0.074,0.089,1,"KHNYN"
0.580861856000485,0.468806471244651,0.474,0.73,1,"PRDX5"
0.580954882964794,1.58122444814238,0.185,0.206,1,"ATP1A1"
0.580996137235357,2.50629583042189,0.05,0.045,1,"CEP78"
0.581844058648314,1.16333874236129,0.307,0.442,1,"NDUFB9"
0.58202184339333,0.63286254980984,0.481,0.705,1,"ATP5G3"
0.582631383514609,2.20640251641628,0.056,0.052,1,"AAMDC"
0.582633410306308,1.81927974614364,0.117,0.12,1,"SF3B3"
0.582713804827492,1.23982182825004,0.124,0.151,1,"PICALM"
0.583121138886823,1.52760593172956,0.117,0.119,1,"RAP1GDS1"
0.583219967445187,1.87382665585159,0.077,0.074,1,"ZNF296"
0.58345756455109,2.03533120358492,0.05,0.06,1,"NUP155"
0.583878115658632,1.41772146251398,0.117,0.142,1,"FAM126B"
0.583889035554585,1.75200152011511,0.102,0.122,1,"BTN2A1"
0.583938508832405,1.47811657207009,0.045,0.054,1,"DCUN1D4"
0.58559295339284,1.78412958316084,0.065,0.078,1,"ERVK3-1"
0.586831287761214,2.01169659750054,0.133,0.14,1,"CWC27"
0.587452960608435,1.70201491135878,0.183,0.237,1,"HADHB"
0.587680036261816,2.07935238240803,0.183,0.207,1,"COA6"
0.588355865471904,1.84372542443884,0.251,0.31,1,"C1D"
0.588523413353586,1.19920125338251,0.047,0.056,1,"SAMD12"
0.58877610586006,2.01986741564677,0.045,0.054,1,"ZNF260"
0.588779494434729,2.05472480324469,0.061,0.057,1,"BAG2"
0.589304168967738,1.40011805469639,0.108,0.109,1,"MAP7D3"
0.590190549187304,1.15179347129454,0.045,0.054,1,"UTP4"
0.590823414618725,1.4122918860674,0.129,0.156,1,"FAM129A"
0.591119585513846,0.803240593547209,0.095,0.093,1,"SLC20A1"
0.591551130890487,1.58716110510855,0.097,0.117,1,"MRE11"
0.591890711938318,2.20682571400416,0.079,0.077,1,"RFC4"
0.592341030187423,1.9519580913364,0.054,0.05,1,"ELK1"
0.592495101850767,1.48625516684938,0.172,0.187,1,"USP9X"
0.592536114848874,1.40171174222659,0.097,0.116,1,"USP4"
0.592765521264517,1.81847099219326,0.074,0.071,1,"BRAF"
0.593470934929442,2.16892764878899,0.07,0.083,1,"INIP"
0.593500691863226,1.83753964267675,0.093,0.111,1,"ZNF32"
0.59422570958304,0.951318258985518,0.248,0.284,1,"C1orf132"
0.594990377732636,1.43579307885109,0.09,0.107,1,"CHERP"
0.595019794873921,1.55491902620288,0.084,0.081,1,"RNF111"
0.595114005773389,1.08788004221516,0.158,0.194,1,"PPP6R3"
0.595482990465156,2.04058243577897,0.061,0.057,1,"LINC00869"
0.595606433290828,0.550391937868582,0.061,0.071,1,"DUSP6"
0.596127876942295,1.40551988432137,0.178,0.195,1,"NFAT5"
0.59640694143166,1.84756311290124,0.074,0.071,1,"SLC16A7"
0.596860303714476,0.881955985502964,0.442,0.647,1,"H2AFZ"
0.597492598198615,1.39608621515068,0.102,0.101,1,"LATS1"
0.597896117171136,2.04576528495365,0.045,0.054,1,"AL592183.1"
0.598404497649724,1.59003539155047,0.183,0.201,1,"CSNK1D"
0.599492079764056,2.2651715372841,0.09,0.09,1,"ATF1"
0.599614673710958,1.61770342745391,0.104,0.105,1,"UCKL1"
0.600198275444433,1.64014120245097,0.079,0.076,1,"SARNP"
0.600929932314689,1.71521583251011,0.255,0.315,1,"BCAS2"
0.601257287746983,1.03579059164457,0.409,0.602,1,"NDUFB3"
0.602046890296389,0.813093584885912,0.431,0.676,1,"EIF5A"
0.602097796459606,1.71593478945378,0.117,0.12,1,"SERTAD1"
0.602179771016213,1.49982908751263,0.102,0.122,1,"RBM14"
0.602261085942091,1.47365666999447,0.097,0.116,1,"VPS72"
0.60288645509522,1.3042927175749,0.192,0.245,1,"ABCE1"
0.603066765016799,1.88817255784236,0.153,0.192,1,"HNRNPH2"
0.603076922015985,1.50809132954412,0.068,0.08,1,"NTPCR"
0.603773027928701,1.86200689816404,0.084,0.082,1,"ABHD10"
0.603962260149808,0.903329506334136,0.293,0.4,1,"HNRNPUL1"
0.604094395958518,1.82541517016019,0.068,0.08,1,"ABHD13"
0.605377617371074,1.76068304162771,0.163,0.177,1,"NSL1"
0.606137464118454,2.03597547786709,0.095,0.095,1,"AGPAT5"
0.608533184108483,1.46568119478197,0.072,0.085,1,"ZNF76"
0.608736427802339,1.54972665799902,0.07,0.083,1,"FTSJ3"
0.608929396838806,1.50696963813637,0.113,0.136,1,"CRCP"
0.609297600644233,1.55240825583249,0.065,0.077,1,"CBFA2T2"
0.610010550222709,1.98730643109708,0.081,0.097,1,"TMEM199"
0.61046847481917,1.45157504652251,0.104,0.125,1,"PHF5A"
0.611184780673871,1.30631457312249,0.095,0.112,1,"MCM3AP"
0.613240412871205,1.66302092094513,0.133,0.163,1,"VPS26A"
0.613726446704842,2.13651502724683,0.102,0.102,1,"SMARCD2"
0.614160869492297,1.26460073310611,0.352,0.488,1,"VAPA"
0.614198409481083,1.34504582986669,0.158,0.193,1,"IFIT1"
0.615822837793222,0.95116280223058,0.077,0.09,1,"ANO6"
0.616172847631361,1.2209842786613,0.045,0.053,1,"AL135925.1"
0.617368435575294,1.45760048817805,0.111,0.112,1,"MLLT10"
0.617408475834724,1.70030016673451,0.16,0.175,1,"ARL16"
0.617672686852079,1.62383883390212,0.14,0.172,1,"PAFAH1B2"
0.617765979830595,1.61521091251632,0.233,0.311,1,"LYPLA1"
0.617936569481912,1.44375068142615,0.115,0.138,1,"CPSF7"
0.621527876465157,1.87086244434339,0.151,0.164,1,"SMU1"
0.621879847496552,1.82640270712758,0.135,0.166,1,"NIT2"
0.622376822187083,1.66456234205356,0.163,0.177,1,"LRPPRC"
0.622715872190499,1.70430430286432,0.187,0.241,1,"JAGN1"
0.624015450391399,1.59353834159081,0.059,0.069,1,"SPIDR"
0.624213952758359,0.389657224760946,0.591,0.82,1,"ATP5I"
0.624604059566951,0.876033522541635,0.05,0.058,1,"ANKRD13C"
0.624715230389061,2.05385569620297,0.124,0.13,1,"C3orf38"
0.625525813844351,1.39617043886673,0.054,0.064,1,"QSOX2"
0.625774508941706,1.61759009395844,0.244,0.295,1,"SERINC1"
0.625815407093789,2.21909199916713,0.056,0.053,1,"GTF2H2C"
0.62640301239131,1.12554854455317,0.284,0.338,1,"GADD45B"
0.62645845347056,1.89697719850744,0.095,0.113,1,"ABTB1"
0.627274839162182,1.01011047213678,0.357,0.54,1,"LSM3"
0.627890727004541,1.39621793556689,0.122,0.145,1,"DDIT3"
0.628193938510333,1.76215925643791,0.108,0.13,1,"NTAN1"
0.629442439463948,0.952476968344072,0.065,0.062,1,"FKBP15"
0.630474255137364,1.34086365646635,0.084,0.098,1,"BTBD1"
0.630939460711523,1.41722036747421,0.065,0.076,1,"ZNF562"
0.631290462600867,1.39052334344333,0.054,0.064,1,"TSGA10"
0.631290462600867,2.09864626587042,0.063,0.06,1,"SAE1"
0.631340281871394,0.986021484800709,0.153,0.185,1,"ITGAL"
0.632328826646878,0.474568132629489,0.46,0.708,1,"NDUFS5"
0.632705368889116,1.7089481273175,0.054,0.051,1,"MICA"
0.632707253344122,2.13436151867481,0.063,0.075,1,"ICK"
0.633331008559754,1.87304902935792,0.054,0.051,1,"MTERF3"
0.633346160493146,1.64743141897009,0.135,0.165,1,"MFN1"
0.633405898043667,1.63394233338687,0.149,0.183,1,"SF3A3"
0.633818074100284,1.50314033555601,0.223,0.295,1,"ETFA"
0.635097379443333,1.24808753932932,0.056,0.066,1,"AMIGO2"
0.63543274409286,1.59263585759545,0.061,0.071,1,"C7orf26"
0.636813237604183,1.40131051725955,0.237,0.317,1,"TTC1"
0.637907407153557,1.93543623908634,0.068,0.065,1,"MDM1"
0.637956641324974,1.625749659176,0.221,0.288,1,"TAP2"
0.638078723199952,1.00110445644787,0.084,0.082,1,"ZDHHC17"
0.638134722115022,1.81127806449023,0.065,0.063,1,"HGSNAT"
0.639069780811489,1.72400724670937,0.088,0.104,1,"MAPKAPK5"
0.639352908136152,1.66777945103371,0.172,0.217,1,"CNIH1"
0.639474732775198,0.630034894025134,0.406,0.611,1,"NDUFB8"
0.639774250381722,1.43284886332823,0.063,0.074,1,"SGF29"
0.639890789573629,1.38180892105143,0.228,0.264,1,"SYNE1"
0.642022477723878,1.86426077217412,0.068,0.065,1,"DNAJC13"
0.642843256056196,1.58923538913224,0.086,0.101,1,"TAF8"
0.643001158097431,2.23532941395073,0.093,0.093,1,"ZNF33B"
0.643431699198286,2.03939817477354,0.126,0.133,1,"PPIH"
0.643720602551866,1.52208111112581,0.208,0.268,1,"CEBPZ"
0.644800067530972,1.79404631279124,0.056,0.066,1,"FBXL4"
0.644969060047007,1.49248017869601,0.147,0.179,1,"SLC16A3"
0.645234572073699,1.83058722421238,0.084,0.083,1,"NSMAF"
0.645703789680417,1.94135363792814,0.095,0.095,1,"RNFT1"
0.645783582952637,1.31162451583297,0.262,0.319,1,"SMARCA5"
0.646710080946072,2.0556136836329,0.126,0.133,1,"GATAD2B"
0.647856954846294,1.6735445422391,0.106,0.126,1,"ZNF302"
0.648892906088412,1.65668400684,0.142,0.153,1,"EXOSC7"
0.649378889715274,1.85853027852014,0.099,0.101,1,"MRPL46"
0.649753002459668,2.50497636280015,0.07,0.068,1,"CSE1L"
0.65003195578596,1.74735963463795,0.205,0.269,1,"ISCA2"
0.651442046806888,1.61181052746637,0.074,0.072,1,"TOPBP1"
0.651966032600378,1.36759878776177,0.339,0.46,1,"SF3B2"
0.652013278174448,1.5731457909397,0.126,0.151,1,"RBL2"
0.653904347603382,1.5864903210343,0.065,0.076,1,"SNRNP48"
0.654055251267538,1.53582874284977,0.223,0.295,1,"METTL9"
0.65466267549078,2.08810251881248,0.097,0.115,1,"LEO1"
0.654906687008895,1.92096215799957,0.165,0.182,1,"CKS2"
0.655081000156524,2.0565392764126,0.079,0.093,1,"PEX13"
0.655188687297651,1.4792783028325,0.068,0.065,1,"DOPEY1"
0.655244259446806,1.77858619263144,0.172,0.191,1,"DDX50"
0.655361120599998,1.535701740037,0.099,0.117,1,"RABGAP1"
0.655709197615072,2.04286864311722,0.106,0.109,1,"CACUL1"
0.65576775771685,1.54365920189122,0.097,0.114,1,"RINL"
0.656133308471086,1.4873486772328,0.059,0.068,1,"USP39"
0.656313270639243,1.70889772439341,0.052,0.06,1,"CPSF4"
0.656920962972561,1.86852990578889,0.104,0.124,1,"EIF2D"
0.656963325728347,1.47107364056657,0.163,0.201,1,"RNF145"
0.657280952825173,1.97247221210371,0.079,0.078,1,"ECD"
0.657468241638688,1.70988525662355,0.077,0.09,1,"PDE12"
0.657532832768338,1.58045291742045,0.043,0.05,1,"TBCK"
0.658064326461078,1.98232697367018,0.129,0.136,1,"DCP1A"
0.658196554760035,1.21570935606867,0.09,0.106,1,"ATP9B"
0.658283638709818,2.05695648432697,0.095,0.096,1,"RBM48"
0.658803504660064,1.6583618234271,0.077,0.09,1,"DNAJC16"
0.659058418017687,1.18826352928298,0.172,0.213,1,"GOPC"
0.659459049763253,1.52700140126576,0.14,0.17,1,"BAG5"
0.660188294287131,1.50014988710028,0.282,0.395,1,"DYNLT1"
0.66032308598005,1.85061561159976,0.052,0.06,1,"UBXN2B"
0.660427522333672,2.14468365071894,0.079,0.078,1,"NAA25"
0.660720224959337,2.06261622322186,0.056,0.066,1,"CCDC22"
0.662660116643719,1.29250414629147,0.081,0.08,1,"ZNF195"
0.664449012796683,1.57360992701625,0.151,0.185,1,"SNX1"
0.664572253896284,0.867274341560445,0.409,0.597,1,"COPS9"
0.664686416743462,1.52088987493725,0.12,0.142,1,"RNF169"
0.664946455003927,1.65995173230509,0.052,0.06,1,"BCAT2"
0.665352452628996,2.2391989200227,0.081,0.081,1,"GPN1"
0.665768631225954,2.01405878438189,0.043,0.05,1,"PRR7"
0.666088494800848,1.30753760414807,0.316,0.413,1,"SYNRG"
0.666772861435765,1.13716107377895,0.251,0.327,1,"BAZ2A"
0.666909058012062,1.69516046929199,0.221,0.266,1,"SUMO3"
0.667360638495933,1.61080241439768,0.194,0.249,1,"LSM4"
0.667885997752061,1.5860267937686,0.095,0.111,1,"G6PD"
0.668131203868001,1.68584499072656,0.138,0.168,1,"CRTC3"
0.669369012026795,1.40778486501039,0.054,0.063,1,"SWSAP1"
0.669395640253091,1.92712628134103,0.108,0.112,1,"MIF4GD"
0.670407120983949,1.55520353648711,0.086,0.1,1,"NUP58"
0.670455423264641,0.640895081789723,0.138,0.144,1,"PILRB"
0.671140453872734,1.50470210729261,0.149,0.16,1,"IQSEC1"
0.671615982832988,1.81009090583417,0.095,0.112,1,"KLHDC3"
0.671928940550401,1.5957832504766,0.242,0.295,1,"NDUFA10"
0.672168081236136,1.66066314463478,0.086,0.1,1,"CCDC93"
0.673134883620907,2.16357719041445,0.081,0.081,1,"MOAP1"
0.673992949338463,2.24000269252761,0.124,0.132,1,"MRPS30"
0.674806043641166,2.3358682259593,0.05,0.047,1,"SH2D3A"
0.675009276032928,2.07474635795862,0.054,0.052,1,"ZSCAN30"
0.675016024677893,1.7432345080635,0.126,0.152,1,"CCZ1"
0.675488069590862,1.34416746557296,0.221,0.284,1,"PURA"
0.675565904218722,1.35024234824886,0.074,0.073,1,"LYAR"
0.676173450919735,1.62368594415252,0.135,0.164,1,"RRP15"
0.676249662745063,1.29405609767352,0.214,0.249,1,"NHLRC3"
0.676714415743823,1.67047927435287,0.054,0.063,1,"PEX11B"
0.677162897314582,1.06249315712807,0.183,0.225,1,"ZNF451"
0.677264010329369,1.67271391565549,0.068,0.066,1,"FRMD8"
0.677729522265184,2.36165342439549,0.111,0.115,1,"UBE2W"
0.67774256195644,1.41818687329446,0.086,0.085,1,"SBF1"
0.677791859887574,1.26120652198668,0.059,0.068,1,"TCAF1"
0.678202390306794,1.58123896196631,0.056,0.065,1,"ATXN7L3"
0.678313733279521,1.0826803532799,0.325,0.417,1,"PHIP"
0.67856430061884,1.18646501331207,0.312,0.406,1,"TMEM165"
0.678881595571379,1.47573050249338,0.187,0.234,1,"ZNF655"
0.679192599881651,2.00774089539135,0.045,0.052,1,"EFNA4"
0.680007337060187,1.79112838036702,0.063,0.073,1,"INTS4"
0.680563911490148,1.96985198139116,0.108,0.113,1,"SNAPIN"
0.681873155749576,1.59079971507098,0.153,0.189,1,"POLR2C"
0.682393039500581,1.50724376957778,0.129,0.134,1,"SLC12A6"
0.683061754172876,1.70184481397828,0.142,0.174,1,"NUBP1"
0.683181492726083,1.83472090233744,0.068,0.066,1,"NDUFAF7"
0.68333798836618,1.36963531599975,0.228,0.268,1,"PHYKPL"
0.684002354168185,2.07632230742122,0.111,0.115,1,"GLUD1"
0.684331216566409,0.527030528164155,0.476,0.737,1,"ICAM3"
0.68442496079352,1.73865724088034,0.099,0.117,1,"NEPRO"
0.684481303063749,1.9797011817259,0.07,0.081,1,"ZNF592"
0.684578098603363,1.59159859047157,0.149,0.181,1,"REXO4"
0.685008608996013,1.82870757815274,0.093,0.094,1,"NUAK2"
0.685430218584474,2.02553787279085,0.088,0.088,1,"NEIL1"
0.68557128701774,1.81445345326143,0.135,0.164,1,"TRAPPC2B"
0.685825482827622,1.82313554702027,0.079,0.092,1,"AC005332.7"
0.686756845903658,1.83850140192293,0.099,0.102,1,"RNF139"
0.68804510411255,1.48101423836657,0.054,0.052,1,"ZBTB17"
0.688202003444719,1.54036701663965,0.059,0.068,1,"GAB3"
0.690932906974451,1.44420895176931,0.113,0.117,1,"CEP135"
0.691376368210646,1.86467927034172,0.059,0.056,1,"ZNF236"
0.692107187199461,1.50464579002607,0.19,0.24,1,"RNF126"
0.69238246610741,1.50249273785701,0.068,0.066,1,"NAIP"
0.692734704889303,1.71881861284074,0.149,0.164,1,"GMPR2"
0.692841232777133,1.55529768035987,0.219,0.283,1,"CFAP97"
0.69288218499059,1.4921095751304,0.178,0.224,1,"C12orf65"
0.692956607023746,1.95600713600202,0.106,0.11,1,"PI4KB"
0.693269654518526,1.64164490515941,0.097,0.114,1,"GTF2H1"
0.693575669541423,1.89180598042266,0.079,0.079,1,"NUDCD1"
0.693833569415965,1.90243834739574,0.104,0.107,1,"OPA1"
0.694727353216164,2.13254650848181,0.088,0.089,1,"CASD1"
0.695317369351081,1.75250126889008,0.086,0.099,1,"SLA"
0.695665187924914,1.65703900120747,0.235,0.28,1,"EP300"
0.697037235775753,1.67794182217117,0.093,0.108,1,"TSR1"
0.697312427681907,1.75741912266936,0.199,0.232,1,"PWP1"
0.698134122625273,1.29591699286495,0.255,0.341,1,"SNX5"
0.698907628803069,1.44834273717452,0.074,0.086,1,"FCF1"
0.69913534985095,1.56745548936298,0.172,0.191,1,"ZNF224"
0.699269526451598,1.39769758508724,0.068,0.078,1,"USP38"
0.699387572641841,1.52024381457862,0.144,0.156,1,"DHX15"
0.699396540504918,0.6519634788132,0.438,0.657,1,"CYCS"
0.699602182642405,1.19006271172589,0.068,0.077,1,"RXRB"
0.700341857346477,1.56504242590598,0.144,0.175,1,"U2AF2"
0.700437563514652,1.95648866633412,0.183,0.209,1,"GLRX3"
0.701346501357882,0.964878197618316,0.375,0.569,1,"GHITM"
0.701974693864262,1.23126848517827,0.16,0.175,1,"NUMA1"
0.702174309726739,1.82626723378438,0.059,0.068,1,"LINC02001"
0.702383842070665,1.76144915424586,0.104,0.107,1,"HADH"
0.702791285341018,1.2933995128598,0.361,0.501,1,"TAP1"
0.704214950202405,1.47157754827037,0.296,0.388,1,"BUD31"
0.70437321938044,1.74671116653897,0.068,0.078,1,"R3HCC1L"
0.704405633258292,1.96797900699129,0.144,0.158,1,"MTCH2"
0.704415162747924,1.47586022530243,0.093,0.094,1,"SAMD8"
0.704960987413057,1.376743794375,0.244,0.295,1,"HSPA9"
0.705887873666382,1.96549977996078,0.072,0.071,1,"AGO1"
0.706116301097271,1.42826751513323,0.153,0.187,1,"SSRP1"
0.706775239615417,1.5876072437481,0.12,0.125,1,"LRCH4"
0.706821871284772,1.80177135736599,0.072,0.071,1,"USP19"
0.707276954832005,1.48115787271842,0.045,0.052,1,"BRAP"
0.711215180226644,1.3770005488359,0.214,0.25,1,"GGA1"
0.711459322578366,1.78969670281231,0.122,0.129,1,"SLC39A3"
0.711528688776969,1.7668608167382,0.102,0.105,1,"RSPRY1"
0.711842648125292,1.80104063826221,0.122,0.145,1,"CUTC"
0.712523407228343,1.2434177966862,0.178,0.22,1,"NBN"
0.71261899325724,1.82457125539423,0.072,0.083,1,"TRIOBP"
0.712850642559541,1.77399555853278,0.104,0.107,1,"SOS2"
0.712854144585033,1.75967425666423,0.135,0.163,1,"MFAP1"
0.712954215091354,0.81336110075849,0.44,0.633,1,"EIF3A"
0.713336654176697,1.98827176598365,0.088,0.089,1,"TP53BP1"
0.71368271354322,1.29100308781936,0.262,0.322,1,"CPNE1"
0.713880296452697,2.1041902522445,0.081,0.095,1,"SDCCAG3"
0.714959890414033,2.21245487892562,0.086,0.087,1,"EPS15L1"
0.715277641161491,1.4601809776657,0.219,0.257,1,"ZNF33A"
0.71580285623366,1.86666507865486,0.153,0.189,1,"TMEM126B"
0.71665113678819,1.54933496701351,0.21,0.243,1,"ERBIN"
0.717213942316461,1.56020288666134,0.106,0.11,1,"RBM10"
0.717365460407087,1.86037043210681,0.111,0.116,1,"PLIN2"
0.718338159116533,1.80408078182992,0.093,0.108,1,"SP1"
0.719834048131568,1.96962459872796,0.151,0.167,1,"DYNC1LI1"
0.720272129917842,1.74057908107745,0.047,0.054,1,"ZNF316"
0.72179759413391,1.48647329110322,0.142,0.17,1,"SPG7"
0.721890623002984,1.37030621172066,0.321,0.464,1,"BCAP31"
0.722368768456554,1.4727553135797,0.05,0.056,1,"RDH13"
0.722607166466269,1.53969494405324,0.117,0.138,1,"EXOC5"
0.722904736892521,1.99232123442722,0.129,0.138,1,"TOR1AIP1"
0.722988282005187,1.38130621422442,0.172,0.21,1,"PUM2"
0.723404078565316,2.21822699651053,0.061,0.07,1,"NOP16"
0.723595422037665,1.63483423843509,0.167,0.206,1,"N4BP2L1"
0.723887179752928,1.36226557534218,0.117,0.137,1,"CLPX"
0.724463681054313,1.49149651496012,0.12,0.126,1,"SNX14"
0.724984175564689,1.62966224631696,0.278,0.361,1,"SDHD"
0.725177746506539,2.45722203860988,0.072,0.072,1,"HACL1"
0.725355944755753,1.72726084988335,0.104,0.122,1,"MRPS9"
0.725637679571972,1.48296353165497,0.095,0.11,1,"TRIM8"
0.726624313562278,1.13230895300674,0.302,0.423,1,"VDAC1"
0.726669854710076,1.60404745067368,0.081,0.093,1,"NPHP3"
0.726674962030286,1.45307749343328,0.165,0.2,1,"ARIH1"
0.727003581158071,2.06205044771272,0.05,0.048,1,"IFNLR1"
0.727685453126407,1.4858592707359,0.221,0.261,1,"ADPGK"
0.728814410228515,1.24020971663028,0.325,0.455,1,"WAC"
0.72908449269005,1.57511394760605,0.163,0.198,1,"TCERG1"
0.729591549691074,1.70541617477001,0.077,0.088,1,"HUS1"
0.729608450836898,1.89711973475266,0.061,0.07,1,"SNAPC2"
0.73086849262258,1.75822868843295,0.079,0.079,1,"EIF2B2"
0.731333909627016,1.66416149286094,0.063,0.062,1,"SFMBT1"
0.731949567090424,1.90112201506584,0.065,0.075,1,"AL117339.5"
0.732141478020367,1.86713391191478,0.063,0.062,1,"SH3BP2"
0.732194203466283,0.945173682176339,0.397,0.576,1,"ATP5H"
0.73262478413138,1.22508243622223,0.359,0.508,1,"VDAC2"
0.733353386768157,1.60733843148986,0.063,0.062,1,"MADD"
0.733358294499093,1.43702777860254,0.217,0.257,1,"ELAVL1"
0.734893442585676,1.89599323434858,0.072,0.083,1,"KLHL20"
0.736249435756395,1.47595638505807,0.079,0.091,1,"TNKS"
0.736270361697467,1.83298994491863,0.059,0.067,1,"TRMT10B"
0.736379633405528,1.65051369225261,0.19,0.219,1,"PKN1"
0.737512160275344,1.88216725187505,0.088,0.09,1,"DALRD3"
0.737987530684058,1.7595702506669,0.059,0.057,1,"CAPRIN2"
0.738806414059817,1.20460149041623,0.214,0.25,1,"TRIP12"
0.739902926014562,1.73687345923212,0.095,0.11,1,"TMEM222"
0.741323928872649,2.09970069466489,0.074,0.075,1,"MAP3K7"
0.742154910156997,1.41023225579582,0.312,0.42,1,"TMEM14B"
0.742952607972971,1.45710538751163,0.327,0.444,1,"CIR1"
0.743375959194595,1.47432403560998,0.246,0.305,1,"CDC26"
0.744494466449017,1.4442149181225,0.16,0.194,1,"FAM118A"
0.745898104047374,1.31388894441095,0.061,0.06,1,"SLC9A9"
0.745992175904273,1.21327824085501,0.257,0.332,1,"USP34"
0.746329058994828,1.83135909308563,0.086,0.087,1,"SEC22C"
0.747532486700555,1.52576117716146,0.061,0.069,1,"HDHD2"
0.748506975719609,1.43909751035292,0.079,0.09,1,"HEATR1"
0.749018363972443,2.07274945599487,0.163,0.183,1,"SEPHS2"
0.749512773963874,1.41266449218,0.183,0.207,1,"TBCC"
0.75142531151438,1.22944640527872,0.122,0.143,1,"BROX"
0.752029750586444,1.05064532222374,0.302,0.388,1,"RBBP6"
0.752430148831666,1.51084736134603,0.09,0.104,1,"GON7"
0.752450304229315,1.80166652278909,0.061,0.069,1,"C5orf51"
0.75340200334236,1.54977266286648,0.246,0.322,1,"CNDP2"
0.754148090751014,1.24610095815614,0.348,0.486,1,"C19orf70"
0.754550384047382,1.48683733628063,0.077,0.087,1,"MBNL3"
0.756191774579126,1.42703434686391,0.163,0.182,1,"SLBP"
0.756475058203398,2.1321215770091,0.102,0.106,1,"THAP1"
0.757104288593317,1.55642063791582,0.12,0.14,1,"WHAMM"
0.758417217817471,2.00399605286825,0.106,0.112,1,"EEF1G"
0.758695043465296,2.03046014639415,0.088,0.091,1,"TMEM192"
0.759779627472949,1.95913234949233,0.169,0.194,1,"SMIM19"
0.759864278903875,1.11386534877437,0.289,0.387,1,"RBM26"
0.761463247579807,1.84390155225332,0.113,0.133,1,"TMEM18"
0.762417040027573,1.49296028937396,0.047,0.053,1,"B4GALT5"
0.763471907300585,1.72795791850537,0.165,0.203,1,"DNAJC2"
0.764293790209372,1.89698460954866,0.061,0.069,1,"SIRT6"
0.764681086458964,1.6814889153202,0.214,0.256,1,"GNAI3"
0.76477533112339,1.67569512412268,0.072,0.072,1,"MED17"
0.764793579519795,1.91369133984153,0.056,0.064,1,"RRN3"
0.765784105848483,1.7594851021636,0.156,0.19,1,"HERPUD2"
0.766876895363226,1.39188499540256,0.147,0.16,1,"ZNF800"
0.76739663477379,1.75626540747555,0.124,0.133,1,"TBK1"
0.767551037310633,1.97501386492216,0.106,0.112,1,"ORC4"
0.76769888936757,1.3203650164696,0.088,0.09,1,"PDCD11"
0.76780125956076,1.823207866609,0.12,0.128,1,"DHX38"
0.76802806913948,2.7064486394399,0.054,0.053,1,"MOSPD2"
0.768151601850919,1.18981849790599,0.235,0.296,1,"RBM5"
0.768173562987658,1.16792894139872,0.158,0.188,1,"MED13"
0.768272606044245,1.29607062838878,0.153,0.183,1,"PUM3"
0.768343566124306,1.4410708885031,0.14,0.166,1,"DNM1L"
0.768724156883248,1.34085115792758,0.088,0.1,1,"TYW1"
0.769701791644196,1.78655945471819,0.129,0.153,1,"CHCHD3"
0.769891101859809,1.97298785753236,0.074,0.085,1,"FUNDC1"
0.770407390233978,2.74765652288426,0.05,0.048,1,"FRS2"
0.770429072406161,1.13730603521539,0.068,0.076,1,"GSR"
0.771849448060749,1.49313783368896,0.068,0.076,1,"ZNF654"
0.77291206548556,1.22698213818237,0.165,0.196,1,"SMC5"
0.773284329833427,1.79328542742013,0.183,0.212,1,"C19orf25"
0.774202728051672,1.92548440608333,0.072,0.082,1,"HERC3"
0.774264623644902,1.50964037197888,0.099,0.103,1,"PSEN1"
0.774699580070657,1.16164964906792,0.095,0.108,1,"IRAK4"
0.775162613132961,1.47520491646009,0.111,0.117,1,"ZNF277"
0.775848695162854,1.46684016528268,0.059,0.066,1,"MTX3"
0.775911814677291,1.13860047170588,0.357,0.531,1,"RAC1"
0.777846036573488,1.15953077682408,0.19,0.214,1,"DMTF1"
0.778060436689179,1.61997504800596,0.079,0.08,1,"METAP1"
0.778380029714578,1.81853495820721,0.099,0.114,1,"INO80"
0.778848412670822,1.83963994870901,0.079,0.09,1,"HAGHL"
0.778855464616892,1.49357566461184,0.187,0.232,1,"DCAF7"
0.778893741846116,2.3554231625423,0.09,0.094,1,"TLE1"
0.779044825154421,1.60583549837393,0.212,0.269,1,"OGFR"
0.77915530865106,2.07884123517696,0.07,0.079,1,"CD1D"
0.779158056821299,2.07383510597166,0.099,0.104,1,"GATAD2A"
0.779677317521011,1.73024045177075,0.065,0.074,1,"TTC31"
0.779779059705696,0.983228710427202,0.305,0.392,1,"YTHDC1"
0.780249114713502,1.30273702060324,0.28,0.382,1,"SCAMP2"
0.780635296230192,1.61122936612404,0.172,0.195,1,"ELF2"
0.780636100454378,1.51003543885029,0.122,0.141,1,"ZNF276"
0.780939019646655,1.49951298883379,0.131,0.154,1,"SLC25A1"
0.781000373458892,1.74753695863536,0.072,0.073,1,"C18orf8"
0.781245808090242,1.7856930707554,0.135,0.16,1,"TAF11"
0.781497085378482,1.7426542055079,0.059,0.058,1,"BBC3"
0.782301663592307,1.52070972011546,0.084,0.095,1,"TRAF2"
0.782705504314645,1.80014177296178,0.05,0.056,1,"THOC5"
0.783828639551064,1.62379665686172,0.056,0.056,1,"MYEF2"
0.78383142220789,0.798190709138383,0.095,0.107,1,"PIBF1"
0.785128303269626,1.92004589332017,0.093,0.096,1,"MED1"
0.785704318964422,1.37243108255618,0.07,0.079,1,"TRIM41"
0.785934265921634,1.75332324451604,0.169,0.194,1,"PFDN4"
0.786471376288225,1.61789090791172,0.12,0.129,1,"LYPLA2"
0.787430193734536,1.53809780821921,0.117,0.125,1,"EXOSC3"
0.789212830594439,1.65520615365907,0.147,0.174,1,"ZC3H18"
0.789807518063211,1.90856852308099,0.079,0.09,1,"MOCS2"
0.790332773973946,1.01406270577279,0.059,0.065,1,"PCNT"
0.790488268236051,1.3514811512791,0.068,0.075,1,"STRIP1"
0.790758200115405,1.31607440302056,0.266,0.354,1,"CCM2"
0.791144222110283,1.86177201571415,0.081,0.092,1,"TLNRD1"
0.791219609613069,1.67875816793646,0.056,0.056,1,"FAHD1"
0.791338971442599,1.52389568738914,0.122,0.129,1,"KDM6A"
0.791357544028787,1.46684609886311,0.052,0.058,1,"C17orf49"
0.792003339015708,1.53846671828909,0.138,0.151,1,"PLRG1"
0.792118806591335,1.46862517940578,0.192,0.235,1,"LONP2"
0.792219778528472,1.60000490313005,0.178,0.203,1,"MYADM"
0.792468509594091,1.51963385004333,0.07,0.079,1,"AAED1"
0.792870128515223,1.36548621610544,0.282,0.388,1,"KIAA0040"
0.793254884336908,1.63271356173604,0.054,0.053,1,"ZNF121"
0.794315603439885,1.78208926732826,0.061,0.068,1,"GTF2E1"
0.794366505410302,1.67488717216623,0.054,0.053,1,"CAMTA2"
0.794416037237409,1.94961950237552,0.061,0.068,1,"GNPDA2"
0.794831097011995,1.18273506655983,0.106,0.11,1,"RNASEK"
0.795672541405164,1.33701660335306,0.065,0.065,1,"TOP3B"
0.796191152180328,1.57142738870474,0.126,0.146,1,"ARFGEF1"
0.796362282754028,1.95788050406298,0.14,0.156,1,"SDHAF2"
0.797019354493579,1.42164431159472,0.045,0.05,1,"TCEANC2"
0.797957086802222,1.75673865779,0.149,0.164,1,"INO80D"
0.79800828508353,1.86040673907573,0.178,0.207,1,"RTCB"
0.798650787895248,1.7985694988497,0.144,0.173,1,"LENG1"
0.798780125255224,1.05421153514357,0.12,0.137,1,"RNPC3"
0.798883419976161,2.04812193147836,0.126,0.149,1,"GSK3A"
0.80091116523643,1.21331459814752,0.28,0.36,1,"TUBA4A"
0.801197369034944,1.95995044684546,0.074,0.076,1,"IKBKE"
0.801378912435198,1.55170492629297,0.142,0.168,1,"CTDSP2"
0.801910329569281,1.1528105677431,0.352,0.493,1,"FAM96B"
0.802403977469891,2.16086312272228,0.111,0.118,1,"TRIM4"
0.802968049861131,2.19502406168378,0.086,0.089,1,"TP53RK"
0.803492513055566,1.5755585134603,0.126,0.147,1,"TMUB2"
0.804520542153727,0.323135021400834,0.564,0.814,1,"MTDH"
0.806112480922884,0.485525512342814,0.494,0.759,1,"GUK1"
0.806856468277446,2.04216748355213,0.111,0.118,1,"FBXL3"
0.807181191157973,1.79052920966198,0.102,0.107,1,"C21orf91"
0.807555309447644,1.57608390443226,0.255,0.316,1,"IRF2BP2"
0.807597237799495,1.74389318883483,0.068,0.068,1,"VEZF1"
0.809337556657705,1.36540228560597,0.088,0.099,1,"GPAT4"
0.809404813301014,1.55904106407588,0.138,0.162,1,"PAPD4"
0.81029976222031,1.78027589261076,0.045,0.05,1,"TRIM21"
0.810627021838687,2.10994112102449,0.061,0.061,1,"PHF8"
0.811986036100114,1.97254533033122,0.059,0.059,1,"ATG7"
0.812011264217713,1.26120354020782,0.242,0.292,1,"ZFAND5"
0.812665290507506,1.61599136234637,0.178,0.207,1,"TMEM9B"
0.814830539548637,1.96970738702663,0.084,0.087,1,"RRP8"
0.814857947103205,1.54712604550875,0.079,0.089,1,"FAM98C"
0.815132879597094,1.57180116397954,0.065,0.066,1,"C17orf67"
0.815545511086269,1.22066793604714,0.21,0.263,1,"URI1"
0.815841927351912,1.11660178574163,0.26,0.319,1,"ZMYND8"
0.815895077657415,1.97405269212075,0.104,0.11,1,"RBBP5"
0.816386092460399,2.02459346799453,0.054,0.054,1,"UBR7"
0.81716684614217,2.0004936281252,0.084,0.087,1,"UTP14A"
0.818444602532409,1.72584561172025,0.117,0.127,1,"PDZD11"
0.81856743203977,1.64122823658849,0.201,0.237,1,"CNOT1"
0.81906047606723,2.13375366962615,0.054,0.054,1,"GALNT6"
0.819479145144494,1.23791555848934,0.284,0.388,1,"CTDNEP1"
0.819899347217972,1.44661701540669,0.081,0.091,1,"PM20D2"
0.820145761590489,1.23279738784245,0.219,0.272,1,"PRKD3"
0.820229233211392,1.41770460329269,0.19,0.218,1,"TRANK1"
0.821139883881976,1.62200324491416,0.081,0.091,1,"PANK3"
0.821939113896383,2.11606198716109,0.05,0.049,1,"AXIN1"
0.822445561307249,1.74781336667258,0.074,0.083,1,"ZMIZ1"
0.822659115573828,1.96513110243766,0.115,0.124,1,"NGDN"
0.823251192058076,1.6017555508536,0.108,0.116,1,"RBM7"
0.824042786426559,1.00365679773072,0.052,0.057,1,"RAD51D"
0.824269569382297,2.26396597925118,0.05,0.049,1,"TEX10"
0.825150435858692,1.37299883643417,0.14,0.164,1,"SNRPA"
0.825331464257154,1.62435169511391,0.072,0.074,1,"PTER"
0.825649926705597,1.84817256125936,0.09,0.102,1,"DYM"
0.827928162491083,2.21912657582934,0.047,0.052,1,"AC026979.3"
0.828627538762597,1.48002839365667,0.16,0.179,1,"CREBBP"
0.829012308919557,1.74973506237237,0.093,0.097,1,"C2orf68"
0.830488597536251,1.90328976749835,0.192,0.24,1,"TOX4"
0.83060779750769,1.37964183025089,0.113,0.129,1,"TFDP1"
0.832676532120559,1.32927816116996,0.093,0.096,1,"CSRNP1"
0.832711575997162,2.54903608029054,0.065,0.067,1,"ACAT2"
0.83278752261863,1.2068002600722,0.192,0.233,1,"RIF1"
0.8334005732732,1.66819784686052,0.153,0.172,1,"SMNDC1"
0.834114660862989,0.964265307525149,0.056,0.062,1,"SULF2"
0.834211843884739,1.75891182842793,0.156,0.187,1,"NUTF2"
0.834733295160533,1.0369556747271,0.095,0.098,1,"SLF2"
0.835415959316275,1.77557296809807,0.131,0.153,1,"ALDH16A1"
0.835455684944101,1.96547117339533,0.099,0.106,1,"CUL2"
0.835693950006289,1.43277767907478,0.113,0.129,1,"HIPK1"
0.835902557826642,1.63661648899589,0.07,0.071,1,"EXOC2"
0.835905801662454,1.68647362414954,0.061,0.068,1,"TCEA2"
0.838272532465224,1.59766716057594,0.246,0.324,1,"RAB7A"
0.83915070106328,2.03014883738533,0.05,0.055,1,"PYGO2"
0.839495001369063,2.41003609715341,0.077,0.079,1,"TAPT1"
0.839690887426288,1.76650156781401,0.052,0.057,1,"NUP133"
0.840451481142424,1.47259022396893,0.102,0.107,1,"DDX55"
0.841641152009088,1.6221540057022,0.169,0.205,1,"PLEKHA3"
0.841646959284345,1.71637564775727,0.063,0.07,1,"INF2"
0.842083772910705,1.6137223891837,0.054,0.06,1,"ATP6V1E2"
0.842366390303121,1.85390745701551,0.077,0.086,1,"COMMD9"
0.843593774744078,1.81201022761836,0.065,0.072,1,"NR2C2"
0.844391782474922,1.64588281617524,0.131,0.153,1,"GRSF1"
0.844772378111137,1.50565651158614,0.122,0.141,1,"OMA1"
0.84621512798292,1.37983246015043,0.068,0.075,1,"LEMD2"
0.846476141864654,0.883090960570485,0.372,0.516,1,"TPM4"
0.846569001290114,1.91747711817918,0.113,0.122,1,"SOCS4"
0.847020573469748,1.32325912333197,0.131,0.152,1,"HSF1"
0.847284827616859,2.070229917028,0.113,0.122,1,"ISY1"
0.847485954048116,1.27230477458611,0.287,0.386,1,"PAXX"
0.848395767390247,1.60628030264238,0.106,0.121,1,"TRIM26"
0.848493082998995,1.54636764378902,0.072,0.08,1,"CCDC94"
0.849601427555694,1.26635420705077,0.072,0.074,1,"YARS2"
0.850401533391242,1.53543456054788,0.178,0.208,1,"SUCLG2"
0.851330649652818,1.77400413144663,0.122,0.141,1,"NCBP2-AS2"
0.851576541465149,1.05881952373953,0.348,0.479,1,"C17orf62"
0.851776129898551,1.68944012543597,0.056,0.062,1,"RBM27"
0.852290600253474,1.45345816457882,0.07,0.071,1,"SMG9"
0.852817766623654,1.63133218856481,0.262,0.338,1,"IGBP1"
0.853668740845494,2.18643220683009,0.07,0.078,1,"RAE1"
0.853761136921219,1.30127543308811,0.296,0.384,1,"PTK2B"
0.854495021273039,1.55390780153687,0.102,0.115,1,"MPPE1"
0.855338876176171,1.71517478635924,0.156,0.187,1,"BRMS1"
0.85537388924808,1.08422213887572,0.323,0.423,1,"COBLL1"
0.857219499699975,1.65853198759975,0.077,0.079,1,"GANC"
0.858627091329215,1.95928759722424,0.167,0.194,1,"TINF2"
0.858675266352536,1.41447073032808,0.244,0.317,1,"TXN2"
0.859629568693201,1.70415350466963,0.065,0.067,1,"MAML1"
0.861037172753751,1.30889837941667,0.099,0.105,1,"ARAP1"
0.861185221000551,1.44033678215325,0.135,0.149,1,"FBXO11"
0.861247312034167,1.31482802115583,0.196,0.23,1,"PRKD2"
0.861303465905607,1.47822047938132,0.26,0.339,1,"USP8"
0.862976541820336,2.13033858227972,0.099,0.106,1,"ASF1A"
0.863069791967989,1.33344603222124,0.068,0.069,1,"NFIC"
0.86360746876499,1.41071685929984,0.052,0.056,1,"TNRC18"
0.863833476102497,1.67466392722184,0.061,0.067,1,"YPEL2"
0.863990062409633,0.959978514862111,0.314,0.402,1,"PCF11"
0.8642883652192,1.35025285267781,0.212,0.25,1,"PKN2"
0.866495770230329,1.72960905791688,0.068,0.069,1,"TARS2"
0.868497347157571,1.54029068401877,0.084,0.093,1,"TRPV2"
0.868711532515666,1.44287657807041,0.187,0.22,1,"TMEM109"
0.869051413886145,1.52797417787499,0.187,0.218,1,"C16orf54"
0.86929652333403,1.63925185599989,0.199,0.247,1,"SLU7"
0.87020264136596,1.19202692010724,0.142,0.156,1,"COL4A3BP"
0.870287867297322,1.61329460911871,0.113,0.122,1,"MRTO4"
0.871217196576991,1.15651958021289,0.352,0.512,1,"PSMA5"
0.873051824788787,1.727784954247,0.07,0.077,1,"MAN2B2"
0.8738204254909,1.44623652735554,0.133,0.145,1,"HPS4"
0.873829267346365,1.2366387096651,0.079,0.081,1,"SFI1"
0.876344022058047,1.34469451451883,0.065,0.071,1,"RBBP8"
0.876432020787985,1.9637594730106,0.059,0.064,1,"CFAP36"
0.876478981887329,1.56263435560807,0.135,0.15,1,"DDX23"
0.877599653173992,1.88817389707403,0.077,0.085,1,"C6orf203"
0.87783581730278,1.02897895111456,0.074,0.082,1,"EXOSC10"
0.879294223779293,1.9295921047096,0.104,0.118,1,"RNF170"
0.880315696844797,2.33322467935177,0.05,0.054,1,"SERGEF"
0.881209929852946,1.68253283871408,0.061,0.067,1,"NACC1"
0.881666984932546,1.32069744052194,0.07,0.071,1,"ECHDC2"
0.881712269261916,1.70271555439792,0.21,0.255,1,"FAM162A"
0.881823045127452,1.58118392436929,0.088,0.093,1,"TMEM251"
0.882168557125732,1.47436888756211,0.165,0.186,1,"KIAA2026"
0.883792227646799,1.43873794812563,0.217,0.272,1,"PPP2CA"
0.884258235631234,2.16878371002464,0.074,0.083,1,"CRIP2"
0.885280131838665,0.669901810827204,0.429,0.574,1,"NFKBIA"
0.885373678285551,2.01114340253601,0.077,0.08,1,"TMEM68"
0.886315622559502,1.54079051055473,0.054,0.059,1,"ASTE1"
0.886442835276401,1.56377862990993,0.219,0.268,1,"EIF4H"
0.887085654028847,0.214666043919448,0.603,0.835,1,"SSR2"
0.887242991274546,2.00399795035338,0.111,0.121,1,"PPIL3"
0.887570292936972,1.77636207388169,0.108,0.123,1,"LINC00909"
0.887705097652403,1.74428670395323,0.12,0.13,1,"MBD5"
0.887795794972545,1.80823230399641,0.165,0.19,1,"IWS1"
0.88826508352072,1.26101841855398,0.298,0.387,1,"KANSL1"
0.889269558314074,0.917466822761938,0.451,0.664,1,"CPNE5"
0.88943842613415,1.8057798016558,0.131,0.153,1,"LTV1"
0.889861896570457,1.65712279038763,0.122,0.133,1,"DPP8"
0.890256020926275,1.61859059166225,0.172,0.199,1,"SUPT6H"
0.890347224580768,1.64990553378288,0.117,0.133,1,"PCYT1A"
0.890687964228085,1.39659144808517,0.131,0.15,1,"RC3H1"
0.891075230935768,1.35489031853473,0.153,0.18,1,"ATXN2"
0.89164857195637,1.80525717377799,0.086,0.091,1,"ZNF639"
0.892157551432687,1.90515467733815,0.079,0.087,1,"POC1B"
0.892247464775402,1.69902869579641,0.068,0.074,1,"AC013394.1"
0.892456747291271,1.13739747891493,0.05,0.053,1,"TOP3A"
0.892475826114125,1.721634826163,0.054,0.059,1,"MAP1S"
0.893731150195407,2.10108746041119,0.063,0.065,1,"HSPA14"
0.894244551539162,1.94782900846827,0.084,0.088,1,"PRPF4"
0.895599433137318,2.49653675425189,0.061,0.063,1,"TAF1B"
0.895997741237225,1.66487708365795,0.095,0.106,1,"RNF20"
0.896835309046792,1.00714796070391,0.05,0.053,1,"MCU"
0.897440532804517,1.69685113803192,0.12,0.137,1,"RBMX2"
0.898538877770229,1.27620581507128,0.192,0.224,1,"C16orf72"
0.898731437594309,1.76795911917538,0.246,0.312,1,"DGUOK"
0.899844839018301,1.7932448813711,0.065,0.071,1,"STOM"
0.899855569260543,1.3583125925068,0.233,0.296,1,"DNAJC21"
0.900504402975211,1.35215631244706,0.321,0.446,1,"CCT7"
0.90224284639943,1.58653575138088,0.093,0.098,1,"SLC25A32"
0.902562391599893,2.11514737029645,0.084,0.093,1,"KAT5"
0.903229325268982,1.76747501561625,0.099,0.106,1,"AP1M1"
0.903276614475225,1.60831909438748,0.115,0.13,1,"AP2A1"
0.90484407537048,0.896395682006003,0.09,0.099,1,"MLH3"
0.905062813002357,1.52225917949995,0.228,0.293,1,"ELOF1"
0.907066554228495,1.41965603384122,0.278,0.37,1,"LRP10"
0.907148687793464,1.69048523099994,0.102,0.114,1,"AGPAT2"
0.907915660864319,1.55446864228127,0.341,0.491,1,"TSPO"
0.908003579670111,1.39405907609751,0.093,0.102,1,"SLC7A6"
0.908717137624711,1.3909525159313,0.074,0.081,1,"PIP5K1A"
0.909407482898293,1.58895398374036,0.124,0.142,1,"CCDC82"
0.909937283258418,2.37530252387136,0.093,0.103,1,"AC245060.5"
0.910125463945977,1.55426480486335,0.113,0.122,1,"VPS13B"
0.910391833068574,1.34701245524462,0.314,0.431,1,"RNH1"
0.910791560278336,1.21207155258575,0.332,0.464,1,"NDUFA12"
0.910817667509233,2.04871473614657,0.07,0.076,1,"RFWD2"
0.911367910485248,1.78221101621222,0.102,0.11,1,"KIF3B"
0.912101435628583,1.92974821915076,0.117,0.133,1,"EXOG"
0.912361036914457,1.6525432592617,0.115,0.129,1,"NUP98"
0.912896511033157,1.8109529085055,0.165,0.191,1,"MICU2"
0.913787951108869,1.78706283963789,0.169,0.197,1,"TNPO1"
0.913818027942698,1.95405013452429,0.081,0.09,1,"STYX"
0.913852598183192,1.48390816743588,0.074,0.081,1,"CRYZL1"
0.914175157034678,1.77514784281389,0.063,0.068,1,"SMURF2"
0.914829493288822,2.21791775647234,0.052,0.053,1,"TMEM43"
0.916106752686709,2.11313899297418,0.165,0.199,1,"FAM103A1"
0.916155265028287,1.22163886246889,0.217,0.266,1,"SENP6"
0.917074795433332,1.50311746632664,0.061,0.063,1,"ZER1"
0.917754845138586,1.23233883978914,0.081,0.085,1,"MED15"
0.918221619577226,1.65464100499614,0.054,0.058,1,"MTHFR"
0.918541361023982,1.99670356866413,0.05,0.053,1,"GALNT11"
0.918653165404448,1.65042448883856,0.144,0.169,1,"PCID2"
0.918772632363053,1.51669051301565,0.05,0.053,1,"PGBD2"
0.919492796010629,1.78939481511433,0.219,0.278,1,"SDF2"
0.919586465673575,1.80398583792778,0.081,0.086,1,"CERS5"
0.919804872595253,1.72047161354527,0.111,0.121,1,"NUP54"
0.920096433856207,1.44528198344896,0.086,0.095,1,"CDK5RAP1"
0.920203511452619,1.92959069434468,0.068,0.071,1,"C6orf226"
0.920930221291445,2.161365980236,0.102,0.11,1,"VTA1"
0.921186231010199,2.32726604494199,0.214,0.262,1,"YBX3"
0.92194768328794,1.53822511941495,0.205,0.255,1,"NIFK"
0.922039905582597,1.46817711794838,0.117,0.129,1,"SUSD6"
0.922814099082008,1.65098000129184,0.056,0.058,1,"LRRC57"
0.924406023575306,1.65905770111674,0.14,0.162,1,"MNAT1"
0.924660571259293,1.67505235992064,0.117,0.132,1,"CBFB"
0.925040480928152,2.17292681563283,0.124,0.143,1,"BEX4"
0.92508659676335,1.97567179546913,0.16,0.19,1,"IMMT"
0.926261344016678,2.36103252350355,0.068,0.071,1,"PDPR"
0.926500312364879,2.16823116677977,0.05,0.051,1,"ZNF514"
0.926675146131531,1.97431460809558,0.163,0.195,1,"EEF1E1"
0.926675846970258,1.41706113700318,0.214,0.268,1,"COA4"
0.926694201535965,1.5124620212691,0.16,0.187,1,"HEXDC"
0.927071355377865,1.96993386295322,0.07,0.076,1,"GPR137"
0.927185843344461,-4.12608184982142,0.201,0.212,1,"IGHA2"
0.928989177587708,1.70260521904959,0.088,0.094,1,"PIAS4"
0.929227893699768,2.13360724206157,0.07,0.076,1,"PEX3"
0.930112965055232,1.83688424591884,0.05,0.053,1,"TMEM186"
0.930351536960905,1.41900480138382,0.221,0.268,1,"PPP4R3B"
0.931092319591702,1.81486487286316,0.097,0.105,1,"HMG20A"
0.931227741610893,1.8233237857417,0.147,0.167,1,"TADA3"
0.933134146389851,1.15505908363588,0.345,0.494,1,"RAB8A"
0.934394663081406,1.47988726847896,0.113,0.123,1,"TGIF2"
0.934947485557122,1.36559583080868,0.079,0.083,1,"BCL3"
0.935777092150087,1.75524307590484,0.169,0.201,1,"WDR43"
0.935788201147035,1.58392785262079,0.181,0.218,1,"TRAPPC4"
0.93734573304699,1.78247003886071,0.106,0.116,1,"CDK9"
0.937380741477462,1.41592806768847,0.284,0.379,1,"PPM1G"
0.938375663717184,1.55978022604645,0.135,0.151,1,"IREB2"
0.939094178351216,2.05617969725785,0.156,0.18,1,"CNPPD1"
0.939126130651805,1.41847882631647,0.059,0.06,1,"NUP205"
0.939238920042543,1.74103256855833,0.052,0.053,1,"PATJ"
0.939336928759826,1.85541798110601,0.097,0.108,1,"MCRS1"
0.939512381228,1.00050095652763,0.336,0.461,1,"CHD9"
0.940009608536902,1.52793531197022,0.113,0.127,1,"GPN3"
0.94023228736695,1.32295049026377,0.271,0.346,1,"G3BP1"
0.941335143275256,1.390703383096,0.079,0.086,1,"ZFYVE27"
0.941741018246525,1.3351093046631,0.221,0.271,1,"PFDN1"
0.942703409183947,1.93555235467424,0.081,0.089,1,"POGK"
0.943311797972706,1.55218988925138,0.108,0.12,1,"REV3L"
0.943437408555467,1.75881522405935,0.131,0.147,1,"STXBP3"
0.943751805041836,1.75102139364335,0.093,0.1,1,"MSRA"
0.944376276855431,0.807658012641621,0.061,0.063,1,"LCP2"
0.944482919498743,1.12015406723197,0.149,0.166,1,"KIAA1109"
0.944514790634844,1.89277629117304,0.063,0.066,1,"DHX57"
0.945038970909211,1.66544160347919,0.14,0.161,1,"ARFRP1"
0.945119499130602,1.30050226923978,0.07,0.075,1,"SUPV3L1"
0.945120146348083,1.78734824609869,0.12,0.133,1,"SIN3A"
0.945131272352732,1.71325181017504,0.16,0.188,1,"CCNH"
0.945388878366693,1.55992199896955,0.063,0.068,1,"CAPN15"
0.945395941739227,1.35593108865021,0.289,0.388,1,"VPS29"
0.946184598245305,1.62512980127227,0.122,0.138,1,"TGS1"
0.946740385079965,1.70200878858334,0.153,0.18,1,"MED11"
0.946899213926014,1.6270091960138,0.135,0.156,1,"RRP7A"
0.947171992858008,1.73743854026886,0.061,0.064,1,"NAF1"
0.947699549714617,1.09712585624066,0.05,0.051,1,"DHX58"
0.948322472562524,1.6708900476481,0.122,0.139,1,"HTRA2"
0.94992153294037,1.68550661132796,0.194,0.232,1,"AKIRIN1"
0.951985723852861,1.9222447709576,0.084,0.091,1,"RLIM"
0.953909263628236,1.50830492481679,0.19,0.224,1,"ESCO1"
0.954151999412576,1.96439385360728,0.104,0.114,1,"ZMAT3"
0.954404220540697,1.4186713475635,0.3,0.408,1,"CCDC32"
0.954472644836621,1.35240176892813,0.065,0.068,1,"TFCP2"
0.95503122293624,1.11921054866573,0.05,0.052,1,"PRR12"
0.955381432264793,1.55902382026353,0.205,0.25,1,"UBE2V2"
0.956516817454081,1.5560645902774,0.208,0.254,1,"CCDC66"
0.956705374465976,1.70462015842267,0.074,0.079,1,"TCEAL4"
0.957491527920889,1.63939489051018,0.149,0.172,1,"WDR46"
0.957569794573763,1.52684448526009,0.158,0.181,1,"FBXW11"
0.957571304150391,2.00754768023094,0.056,0.059,1,"TMEM268"
0.958450250484616,1.71466666067198,0.061,0.064,1,"ADAL"
0.96039477206786,1.96402353655387,0.117,0.13,1,"CCNY"
0.961467582595993,1.93199169415933,0.054,0.056,1,"KRBOX4"
0.961603801338408,1.8702210901919,0.059,0.061,1,"ACSL5"
0.961715843888365,1.30925027867584,0.219,0.266,1,"BAZ1B"
0.962018416791757,0.864749632365372,0.379,0.548,1,"ENY2"
0.96295956403584,1.47555942426217,0.233,0.293,1,"SYAP1"
0.964519130717975,1.75966167886576,0.149,0.17,1,"LRBA"
0.965099183961041,1.69530819883641,0.063,0.068,1,"TJAP1"
0.965263938538309,1.43230939103077,0.061,0.064,1,"SLF1"
0.965385617475761,2.13055112786044,0.059,0.063,1,"SASS6"
0.965602955288895,1.61774169673899,0.047,0.05,1,"EDC3"
0.96645482465608,1.5687727840121,0.257,0.334,1,"DNAJC19"
0.966599641389182,0.410194577386287,0.567,0.83,1,"PRDX1"
0.966790068578063,1.13282202660419,0.3,0.401,1,"METAP2"
0.96921768325027,1.67969208872058,0.176,0.209,1,"SFSWAP"
0.9704605975817,1.43526806820543,0.063,0.066,1,"MINK1"
0.970613175732866,1.15950497117464,0.323,0.436,1,"BLNK"
0.971663292292504,1.73496665423869,0.117,0.132,1,"TMEM167B"
0.972221474886664,1.44471779063549,0.081,0.087,1,"RCC1L"
0.972782269855673,1.78743319300618,0.063,0.068,1,"MAPK3"
0.972792227385286,1.39746186589048,0.248,0.321,1,"RTFDC1"
0.97353919504384,1.16330860018012,0.228,0.28,1,"ERAP2"
0.97361768021777,1.96676148569872,0.072,0.078,1,"TMEM42"
0.974370582345898,1.7010303013791,0.172,0.201,1,"XPC"
0.97447945610686,1.64895731444559,0.21,0.258,1,"LLPH"
0.974507638691073,0.825244421748496,0.158,0.177,1,"IFRD1"
0.975057823174454,1.29500837036785,0.23,0.282,1,"RNPEPL1"
0.975374765542209,1.49570808165324,0.214,0.259,1,"TNRC6A"
0.975833367018512,0.978017280593001,0.393,0.591,1,"DYNLRB1"
0.976811024528673,1.07490669024354,0.113,0.124,1,"NPIPB5"
0.976887801410595,2.23772481404433,0.07,0.075,1,"HEATR5B"
0.97705696138524,1.86783533949108,0.126,0.144,1,"SMIM12"
0.977208387146815,1.89156874036951,0.05,0.052,1,"WDR3"
0.977313082395621,1.30382094575768,0.07,0.074,1,"USB1"
0.978367003080592,1.41826434773919,0.158,0.182,1,"FIP1L1"
0.978607996609179,1.53759799218452,0.052,0.054,1,"PUS1"
0.97888493230304,1.77874764605355,0.068,0.071,1,"TRIP4"
0.979146273139915,1.79988560685929,0.065,0.07,1,"ZNF44"
0.9791789024809,1.37846822327003,0.151,0.173,1,"PPP2R3C"
0.979244842761229,1.78302583113588,0.079,0.085,1,"STARD3"
0.980282031392637,1.65699629902446,0.169,0.199,1,"IL10RB"
0.980383900833946,1.46677025451758,0.133,0.149,1,"AGO3"
0.981115143820508,1.95851969413572,0.065,0.069,1,"SPHK2"
0.98144137298786,1.35810480354797,0.266,0.344,1,"ST8SIA4"
0.981702339453799,1.54429922630579,0.095,0.104,1,"GLIPR2"
0.982182749543507,2.2633685590886,0.09,0.099,1,"FANCF"
0.982254781401725,2.2798723317314,0.095,0.103,1,"PYROXD1"
0.982373461255865,1.9501408615885,0.093,0.102,1,"MRM2"
0.982696596722415,1.68841144929628,0.099,0.11,1,"THOC3"
0.98303549009747,1.61070607323304,0.072,0.076,1,"ATG16L2"
0.983428626250115,1.1804699992582,0.074,0.079,1,"SETDB1"
0.984101215641304,1.43578389732478,0.219,0.269,1,"SPEN"
0.985763387656077,1.35217443064364,0.16,0.185,1,"C1orf131"
0.985967280009892,1.45252110009319,0.126,0.141,1,"MGA"
0.985981133901733,1.88378500428216,0.054,0.057,1,"ZADH2"
0.986524220755039,2.00048135009105,0.144,0.166,1,"C15orf40"
0.986937530440985,1.31853812107485,0.187,0.22,1,"DAZAP1"
0.987498461265815,1.46401771929228,0.246,0.314,1,"FAM204A"
0.988223974092955,1.90532065301125,0.054,0.057,1,"IL12RB1"
0.989172244601747,1.7407300630238,0.219,0.273,1,"ABHD17A"
0.990208657539138,1.58405161396616,0.142,0.161,1,"CCNT2"
0.990302006722169,1.29714878060259,0.097,0.105,1,"METTL12"
0.990618215769907,1.75777732072611,0.117,0.13,1,"WRAP73"
0.990691205113553,1.86386792880706,0.054,0.057,1,"MICB"
0.990816969359168,1.57513429136917,0.106,0.117,1,"C19orf48"
0.993635675974425,1.80336475267084,0.084,0.091,1,"EFTUD2"
0.994052896165114,1.37443972830699,0.063,0.067,1,"C12orf43"
0.99513934687129,1.68683331290444,0.059,0.062,1,"ATG14"
0.995413142525573,1.48085211480759,0.153,0.176,1,"TBRG1"
0.995787427470059,1.92318642559885,0.059,0.062,1,"MFSD14C"
0.995975437759628,1.78427472558922,0.138,0.156,1,"RNF166"
0.996122548207485,1.79198951446574,0.214,0.266,1,"TM2D1"
0.996161934677136,1.2863207439949,0.336,0.485,1,"SMIM26"
0.996685219785675,1.44849084850044,0.271,0.355,1,"ARPP19"
0.997125955382379,1.47641563117578,0.065,0.069,1,"TMEM260"
0.997536531771542,1.38105005014753,0.065,0.069,1,"RCE1"
0.997728520644117,1.76812934594485,0.194,0.235,1,"BIRC2"
0.998756550419795,1.6258921365957,0.088,0.095,1,"WDR59"
0.998938767894699,1.41220245716025,0.061,0.064,1,"CRYZ"
0.99982286660881,2.24082950074323,0.088,0.096,1,"RABIF"
