"source","target","ligand","receptor","prob","pval","interaction_name","interaction_name_2","pathway_name","annotation","evidence","stage"
"CD8 T","C6-SLC2A1-like","TGFB1","TGFbR1_R2",0.00486746964763273,0,"TGFB1_TGFBR1_TGFBR2","TGFB1 - (TGFBR1+TGFBR2)","TGFb","Secreted Signaling","KEGG: hsa04350","Non-malignant"
"CD8 T","Mac-Cycling","TGFB1","TGFbR1_R2",0.00825800219196026,0,"TGFB1_TGFBR1_TGFBR2","TGFB1 - (TGFBR1+TGFBR2)","TGFb","Secreted Signaling","KEGG: hsa04350","Non-malignant"
"CD8 T","Mac-FOLR2-LYVE1-resident","TGFB1","TGFbR1_R2",0.00211102994388551,0,"TGFB1_TGFBR1_TGFBR2","TGFB1 - (TGFBR1+TGFBR2)","TGFb","Secreted Signaling","KEGG: hsa04350","Non-malignant"
"CD8 T","Mac-OLFML3-CX3CR1-resident","TGFB1","TGFbR1_R2",0.00515291228096668,0,"TGFB1_TGFBR1_TGFBR2","TGFB1 - (TGFBR1+TGFBR2)","TGFb","Secreted Signaling","KEGG: hsa04350","Non-malignant"
"CD8 T","Myeloid-CLEC10A-APC","TGFB1","TGFbR1_R2",0.00290959054393449,0,"TGFB1_TGFBR1_TGFBR2","TGFB1 - (TGFBR1+TGFBR2)","TGFb","Secreted Signaling","KEGG: hsa04350","Non-malignant"
"CD8 T","C6-SLC2A1-like","CCL5","CCR1",0.155512172831403,0,"CCL5_CCR1","CCL5 - CCR1","CCL","Secreted Signaling","KEGG: hsa04060","Non-malignant"
"CD8 T","C7-APOBEC3A-like","CCL5","CCR1",0.135826793098845,0,"CCL5_CCR1","CCL5 - CCR1","CCL","Secreted Signaling","KEGG: hsa04060","Non-malignant"
"CD8 T","Mac-Cycling","CCL5","CCR1",0.0680487480118799,0,"CCL5_CCR1","CCL5 - CCR1","CCL","Secreted Signaling","KEGG: hsa04060","Non-malignant"
"CD8 T","Mac-FOLR2-LYVE1-resident","CCL5","CCR1",0.130113854628955,0,"CCL5_CCR1","CCL5 - CCR1","CCL","Secreted Signaling","KEGG: hsa04060","Non-malignant"
"CD8 T","Mac-OLFML3-CX3CR1-resident","CCL5","CCR1",0.0994898560361506,0,"CCL5_CCR1","CCL5 - CCR1","CCL","Secreted Signaling","KEGG: hsa04060","Non-malignant"
"CD8 T","Mac-TNF-CCL4-inflammatory","CCL5","CCR1",0.023264946243627,0,"CCL5_CCR1","CCL5 - CCR1","CCL","Secreted Signaling","KEGG: hsa04060","Non-malignant"
"CD8 T","Mono-FCN1-S100A8-S100A9","CCL5","CCR1",0.0500911079503582,0,"CCL5_CCR1","CCL5 - CCR1","CCL","Secreted Signaling","KEGG: hsa04060","Non-malignant"
"CD8 T","Myeloid-CLEC10A-APC","CCL5","CCR1",0.0564711487968429,0,"CCL5_CCR1","CCL5 - CCR1","CCL","Secreted Signaling","KEGG: hsa04060","Non-malignant"
"CD8 T","C6-SLC2A1-like","CCL3","CCR1",0.0301093345431853,0,"CCL3_CCR1","CCL3 - CCR1","CCL","Secreted Signaling","KEGG: hsa04060","Non-malignant"
"CD8 T","C7-APOBEC3A-like","CCL3","CCR1",0.0258127614588689,0,"CCL3_CCR1","CCL3 - CCR1","CCL","Secreted Signaling","KEGG: hsa04060","Non-malignant"
"CD8 T","Mac-Cycling","CCL3","CCR1",0.0121596503413112,0,"CCL3_CCR1","CCL3 - CCR1","CCL","Secreted Signaling","KEGG: hsa04060","Non-malignant"
"CD8 T","Mac-FOLR2-LYVE1-resident","CCL3","CCR1",0.0245953679905025,0,"CCL3_CCR1","CCL3 - CCR1","CCL","Secreted Signaling","KEGG: hsa04060","Non-malignant"
"CD8 T","Mac-OLFML3-CX3CR1-resident","CCL3","CCR1",0.0182845055476466,0,"CCL3_CCR1","CCL3 - CCR1","CCL","Secreted Signaling","KEGG: hsa04060","Non-malignant"
"CD8 T","Mac-TNF-CCL4-inflammatory","CCL3","CCR1",0.00399937632567743,0,"CCL3_CCR1","CCL3 - CCR1","CCL","Secreted Signaling","KEGG: hsa04060","Non-malignant"
"CD8 T","Mono-FCN1-S100A8-S100A9","CCL3","CCR1",0.00881134868540531,0,"CCL3_CCR1","CCL3 - CCR1","CCL","Secreted Signaling","KEGG: hsa04060","Non-malignant"
"CD8 T","Myeloid-CLEC10A-APC","CCL3","CCR1",0.00998892775042597,0,"CCL3_CCR1","CCL3 - CCR1","CCL","Secreted Signaling","KEGG: hsa04060","Non-malignant"
"CD8 T","C6-SLC2A1-like","CCL3L3","CCR1",0.0134909762236746,0,"CCL3L3_CCR1","CCL3L3 - CCR1","CCL","Secreted Signaling","KEGG: hsa04060","Non-malignant"
"CD8 T","C7-APOBEC3A-like","CCL3L3","CCR1",0.0115376169283159,0,"CCL3L3_CCR1","CCL3L3 - CCR1","CCL","Secreted Signaling","KEGG: hsa04060","Non-malignant"
"CD8 T","Mac-Cycling","CCL3L3","CCR1",0.00539323903766169,0,"CCL3L3_CCR1","CCL3L3 - CCR1","CCL","Secreted Signaling","KEGG: hsa04060","Non-malignant"
"CD8 T","Mac-FOLR2-LYVE1-resident","CCL3L3","CCR1",0.0109858822366996,0,"CCL3L3_CCR1","CCL3L3 - CCR1","CCL","Secreted Signaling","KEGG: hsa04060","Non-malignant"
"CD8 T","Mac-OLFML3-CX3CR1-resident","CCL3L3","CCR1",0.00813790853275416,0,"CCL3L3_CCR1","CCL3L3 - CCR1","CCL","Secreted Signaling","KEGG: hsa04060","Non-malignant"
"CD8 T","Mac-TNF-CCL4-inflammatory","CCL3L3","CCR1",0.00176574939124796,0,"CCL3L3_CCR1","CCL3L3 - CCR1","CCL","Secreted Signaling","KEGG: hsa04060","Non-malignant"
"CD8 T","Mono-FCN1-S100A8-S100A9","CCL3L3","CCR1",0.00390079025883347,0,"CCL3L3_CCR1","CCL3L3 - CCR1","CCL","Secreted Signaling","KEGG: hsa04060","Non-malignant"
"CD8 T","Myeloid-CLEC10A-APC","CCL3L3","CCR1",0.00442503514569373,0,"CCL3L3_CCR1","CCL3L3 - CCR1","CCL","Secreted Signaling","KEGG: hsa04060","Non-malignant"
"CD8 T","C6-SLC2A1-like","CCL4","CCR5",0.0244829623424847,0,"CCL4_CCR5","CCL4 - CCR5","CCL","Secreted Signaling","KEGG: hsa04060","Non-malignant"
"CD8 T","C7-APOBEC3A-like","CCL4","CCR5",0.0361047583094012,0,"CCL4_CCR5","CCL4 - CCR5","CCL","Secreted Signaling","KEGG: hsa04060","Non-malignant"
"CD8 T","Mac-OLFML3-CX3CR1-resident","CCL4","CCR5",0.00951590018378573,0,"CCL4_CCR5","CCL4 - CCR5","CCL","Secreted Signaling","KEGG: hsa04060","Non-malignant"
"CD8 T","Myeloid-CLEC10A-APC","CCL4","CCR5",0.0140666473711555,0,"CCL4_CCR5","CCL4 - CCR5","CCL","Secreted Signaling","KEGG: hsa04060","Non-malignant"
"CD8 T","C6-SLC2A1-like","CCL5","CCR5",0.0237625862816701,0,"CCL5_CCR5","CCL5 - CCR5","CCL","Secreted Signaling","KEGG: hsa04060","Non-malignant"
"CD8 T","C7-APOBEC3A-like","CCL5","CCR5",0.0350547155367552,0,"CCL5_CCR5","CCL5 - CCR5","CCL","Secreted Signaling","KEGG: hsa04060","Non-malignant"
"CD8 T","Mac-OLFML3-CX3CR1-resident","CCL5","CCR5",0.00923174091764532,0,"CCL5_CCR5","CCL5 - CCR5","CCL","Secreted Signaling","KEGG: hsa04060","Non-malignant"
"CD8 T","Myeloid-CLEC10A-APC","CCL5","CCR5",0.0136484684059434,0,"CCL5_CCR5","CCL5 - CCR5","CCL","Secreted Signaling","KEGG: hsa04060","Non-malignant"
"CD8 T","C6-SLC2A1-like","CCL3","CCR5",0.00408664766480905,0,"CCL3_CCR5","CCL3 - CCR5","CCL","Secreted Signaling","KEGG: hsa04060","Non-malignant"
"CD8 T","C7-APOBEC3A-like","CCL3","CCR5",0.00608694720877507,0,"CCL3_CCR5","CCL3 - CCR5","CCL","Secreted Signaling","KEGG: hsa04060","Non-malignant"
"CD8 T","Mac-OLFML3-CX3CR1-resident","CCL3","CCR5",0.00156832929072083,0,"CCL3_CCR5","CCL3 - CCR5","CCL","Secreted Signaling","KEGG: hsa04060","Non-malignant"
"CD8 T","Myeloid-CLEC10A-APC","CCL3","CCR5",0.0023272748533124,0,"CCL3_CCR5","CCL3 - CCR5","CCL","Secreted Signaling","KEGG: hsa04060","Non-malignant"
"C6-SLC2A1-like","CD8 T","MIF","CD74_CXCR4",0.0352615387686755,0,"MIF_CD74_CXCR4","MIF - (CD74+CXCR4)","MIF","Secreted Signaling","PMID: 29637711; PMID: 24760155","Non-malignant"
"C7-APOBEC3A-like","CD8 T","MIF","CD74_CXCR4",0.0419921116705326,0,"MIF_CD74_CXCR4","MIF - (CD74+CXCR4)","MIF","Secreted Signaling","PMID: 29637711; PMID: 24760155","Non-malignant"
"Mac-Cycling","CD8 T","MIF","CD74_CXCR4",0.0444001353234387,0,"MIF_CD74_CXCR4","MIF - (CD74+CXCR4)","MIF","Secreted Signaling","PMID: 29637711; PMID: 24760155","Non-malignant"
"Mac-OLFML3-CX3CR1-resident","CD8 T","MIF","CD74_CXCR4",0.0358538322984249,0,"MIF_CD74_CXCR4","MIF - (CD74+CXCR4)","MIF","Secreted Signaling","PMID: 29637711; PMID: 24760155","Non-malignant"
"Myeloid-CLEC10A-APC","CD8 T","MIF","CD74_CXCR4",0.0272129465727012,0.01,"MIF_CD74_CXCR4","MIF - (CD74+CXCR4)","MIF","Secreted Signaling","PMID: 29637711; PMID: 24760155","Non-malignant"
"CD8 T","Mac-OLFML3-CX3CR1-resident","MIF","CD74_CXCR4",0.0362906591264492,0,"MIF_CD74_CXCR4","MIF - (CD74+CXCR4)","MIF","Secreted Signaling","PMID: 29637711; PMID: 24760155","Non-malignant"
"CD8 T","C6-SLC2A1-like","MIF","CD74_CD44",0.0252554281423573,0.02,"MIF_CD74_CD44","MIF - (CD74+CD44)","MIF","Secreted Signaling","PMID: 29637711; PMID: 26175090","Non-malignant"
"C6-SLC2A1-like","CD8 T","MIF","CD74_CD44",0.0276198879601307,0,"MIF_CD74_CD44","MIF - (CD74+CD44)","MIF","Secreted Signaling","PMID: 29637711; PMID: 26175090","Non-malignant"
"C7-APOBEC3A-like","CD8 T","MIF","CD74_CD44",0.0329416600837162,0,"MIF_CD74_CD44","MIF - (CD74+CD44)","MIF","Secreted Signaling","PMID: 29637711; PMID: 26175090","Non-malignant"
"Mac-Cycling","CD8 T","MIF","CD74_CD44",0.0348495681540696,0,"MIF_CD74_CD44","MIF - (CD74+CD44)","MIF","Secreted Signaling","PMID: 29637711; PMID: 26175090","Non-malignant"
"Mac-OLFML3-CX3CR1-resident","CD8 T","MIF","CD74_CD44",0.0280875605338767,0,"MIF_CD74_CD44","MIF - (CD74+CD44)","MIF","Secreted Signaling","PMID: 29637711; PMID: 26175090","Non-malignant"
"Myeloid-CLEC10A-APC","CD8 T","MIF","CD74_CD44",0.0212770654529985,0.01,"MIF_CD74_CD44","MIF - (CD74+CD44)","MIF","Secreted Signaling","PMID: 29637711; PMID: 26175090","Non-malignant"
"CD8 T","Mac-Cycling","MIF","CD74_CD44",0.0233869247479348,0.04,"MIF_CD74_CD44","MIF - (CD74+CD44)","MIF","Secreted Signaling","PMID: 29637711; PMID: 26175090","Non-malignant"
"CD8 T","Mac-FOLR2-LYVE1-resident","MIF","CD74_CD44",0.0215630727478504,0.03,"MIF_CD74_CD44","MIF - (CD74+CD44)","MIF","Secreted Signaling","PMID: 29637711; PMID: 26175090","Non-malignant"
"CD8 T","Mac-OLFML3-CX3CR1-resident","MIF","CD74_CD44",0.0266759432550588,0.01,"MIF_CD74_CD44","MIF - (CD74+CD44)","MIF","Secreted Signaling","PMID: 29637711; PMID: 26175090","Non-malignant"
"CD8 T","Mac-TNF-CCL4-inflammatory","MIF","CD74_CD44",0.0249613722324078,0.02,"MIF_CD74_CD44","MIF - (CD74+CD44)","MIF","Secreted Signaling","PMID: 29637711; PMID: 26175090","Non-malignant"
"CD8 T","Mono-FCN1-S100A8-S100A9","MIF","CD74_CD44",0.0294444460749318,0,"MIF_CD74_CD44","MIF - (CD74+CD44)","MIF","Secreted Signaling","PMID: 29637711; PMID: 26175090","Non-malignant"
"CD8 T","Myeloid-CLEC10A-APC","MIF","CD74_CD44",0.0298282696190501,0.01,"MIF_CD74_CD44","MIF - (CD74+CD44)","MIF","Secreted Signaling","PMID: 29637711; PMID: 26175090","Non-malignant"
"CD8 T","C6-SLC2A1-like","IFNG","IFNGR1_IFNGR2",0.0201482501835447,0,"IFNG_IFNGR1_IFNGR2","IFNG - (IFNGR1+IFNGR2)","IFN-II","Secreted Signaling","KEGG: hsa04060","Non-malignant"
"CD8 T","C7-APOBEC3A-like","IFNG","IFNGR1_IFNGR2",0.0178271260641815,0,"IFNG_IFNGR1_IFNGR2","IFNG - (IFNGR1+IFNGR2)","IFN-II","Secreted Signaling","KEGG: hsa04060","Non-malignant"
"CD8 T","Mac-Cycling","IFNG","IFNGR1_IFNGR2",0.0190237511250013,0,"IFNG_IFNGR1_IFNGR2","IFNG - (IFNGR1+IFNGR2)","IFN-II","Secreted Signaling","KEGG: hsa04060","Non-malignant"
"CD8 T","Mac-FOLR2-LYVE1-resident","IFNG","IFNGR1_IFNGR2",0.00882259760099586,0,"IFNG_IFNGR1_IFNGR2","IFNG - (IFNGR1+IFNGR2)","IFN-II","Secreted Signaling","KEGG: hsa04060","Non-malignant"
"CD8 T","Mac-OLFML3-CX3CR1-resident","IFNG","IFNGR1_IFNGR2",0.0198983253908284,0,"IFNG_IFNGR1_IFNGR2","IFNG - (IFNGR1+IFNGR2)","IFN-II","Secreted Signaling","KEGG: hsa04060","Non-malignant"
"CD8 T","Mac-TNF-CCL4-inflammatory","IFNG","IFNGR1_IFNGR2",0.0099574854880711,0,"IFNG_IFNGR1_IFNGR2","IFNG - (IFNGR1+IFNGR2)","IFN-II","Secreted Signaling","KEGG: hsa04060","Non-malignant"
"CD8 T","Mono-FCN1-S100A8-S100A9","IFNG","IFNGR1_IFNGR2",0.00568650686772672,0,"IFNG_IFNGR1_IFNGR2","IFNG - (IFNGR1+IFNGR2)","IFN-II","Secreted Signaling","KEGG: hsa04060","Non-malignant"
"CD8 T","Myeloid-CLEC10A-APC","IFNG","IFNGR1_IFNGR2",0.0150117038458101,0,"IFNG_IFNGR1_IFNGR2","IFNG - (IFNGR1+IFNGR2)","IFN-II","Secreted Signaling","KEGG: hsa04060","Non-malignant"
"CD8 T","C6-SLC2A1-like","TNF","TNFRSF1A",0.00163997120563201,0,"TNF_TNFRSF1A","TNF - TNFRSF1A","TNF","Secreted Signaling","KEGG: hsa04060","Non-malignant"
"CD8 T","C7-APOBEC3A-like","TNF","TNFRSF1A",0.00213632523770896,0,"TNF_TNFRSF1A","TNF - TNFRSF1A","TNF","Secreted Signaling","KEGG: hsa04060","Non-malignant"
"CD8 T","Mac-Cycling","TNF","TNFRSF1A",0.00196970181238318,0,"TNF_TNFRSF1A","TNF - TNFRSF1A","TNF","Secreted Signaling","KEGG: hsa04060","Non-malignant"
"CD8 T","Mac-FOLR2-LYVE1-resident","TNF","TNFRSF1A",0.0019395675557471,0,"TNF_TNFRSF1A","TNF - TNFRSF1A","TNF","Secreted Signaling","KEGG: hsa04060","Non-malignant"
"CD8 T","Mac-OLFML3-CX3CR1-resident","TNF","TNFRSF1A",0.00204888580714087,0,"TNF_TNFRSF1A","TNF - TNFRSF1A","TNF","Secreted Signaling","KEGG: hsa04060","Non-malignant"
"CD8 T","Mac-TNF-CCL4-inflammatory","TNF","TNFRSF1A",0.000712581123405845,0,"TNF_TNFRSF1A","TNF - TNFRSF1A","TNF","Secreted Signaling","KEGG: hsa04060","Non-malignant"
"CD8 T","Mono-FCN1-S100A8-S100A9","TNF","TNFRSF1A",0.00101290819002604,0,"TNF_TNFRSF1A","TNF - TNFRSF1A","TNF","Secreted Signaling","KEGG: hsa04060","Non-malignant"
"CD8 T","Myeloid-CLEC10A-APC","TNF","TNFRSF1A",0.000647019847923111,0,"TNF_TNFRSF1A","TNF - TNFRSF1A","TNF","Secreted Signaling","KEGG: hsa04060","Non-malignant"
"CD8 T","C6-SLC2A1-like","TNF","TNFRSF1B",0.00353037444999237,0,"TNF_TNFRSF1B","TNF - TNFRSF1B","TNF","Secreted Signaling","KEGG: hsa04060","Non-malignant"
"CD8 T","C7-APOBEC3A-like","TNF","TNFRSF1B",0.00224438299037008,0,"TNF_TNFRSF1B","TNF - TNFRSF1B","TNF","Secreted Signaling","KEGG: hsa04060","Non-malignant"
"C6-SLC2A1-like","CD8 T","TNF","TNFRSF1B",0.0143857121063086,0,"TNF_TNFRSF1B","TNF - TNFRSF1B","TNF","Secreted Signaling","KEGG: hsa04060","Non-malignant"
"C7-APOBEC3A-like","CD8 T","TNF","TNFRSF1B",0.0100710051524049,0,"TNF_TNFRSF1B","TNF - TNFRSF1B","TNF","Secreted Signaling","KEGG: hsa04060","Non-malignant"
"Mac-OLFML3-CX3CR1-resident","CD8 T","TNF","TNFRSF1B",0.00416295156423505,0,"TNF_TNFRSF1B","TNF - TNFRSF1B","TNF","Secreted Signaling","KEGG: hsa04060","Non-malignant"
"Mac-TNF-CCL4-inflammatory","CD8 T","TNF","TNFRSF1B",0.0306680428677547,0,"TNF_TNFRSF1B","TNF - TNFRSF1B","TNF","Secreted Signaling","KEGG: hsa04060","Non-malignant"
"Mono-FCN1-S100A8-S100A9","CD8 T","TNF","TNFRSF1B",0.00647714638096844,0,"TNF_TNFRSF1B","TNF - TNFRSF1B","TNF","Secreted Signaling","KEGG: hsa04060","Non-malignant"
"Myeloid-CLEC10A-APC","CD8 T","TNF","TNFRSF1B",0.0205657814884995,0,"TNF_TNFRSF1B","TNF - TNFRSF1B","TNF","Secreted Signaling","KEGG: hsa04060","Non-malignant"
"CD8 T","Mac-Cycling","TNF","TNFRSF1B",0.00212714397631697,0,"TNF_TNFRSF1B","TNF - TNFRSF1B","TNF","Secreted Signaling","KEGG: hsa04060","Non-malignant"
"CD8 T","Mac-FOLR2-LYVE1-resident","TNF","TNFRSF1B",0.00261196733871249,0,"TNF_TNFRSF1B","TNF - TNFRSF1B","TNF","Secreted Signaling","KEGG: hsa04060","Non-malignant"
"CD8 T","Mac-OLFML3-CX3CR1-resident","TNF","TNFRSF1B",0.00333815383987181,0,"TNF_TNFRSF1B","TNF - TNFRSF1B","TNF","Secreted Signaling","KEGG: hsa04060","Non-malignant"
"CD8 T","Mac-TNF-CCL4-inflammatory","TNF","TNFRSF1B",0.00127410641588206,0,"TNF_TNFRSF1B","TNF - TNFRSF1B","TNF","Secreted Signaling","KEGG: hsa04060","Non-malignant"
"CD8 T","Mono-FCN1-S100A8-S100A9","TNF","TNFRSF1B",0.00393259173918141,0,"TNF_TNFRSF1B","TNF - TNFRSF1B","TNF","Secreted Signaling","KEGG: hsa04060","Non-malignant"
"CD8 T","Myeloid-CLEC10A-APC","TNF","TNFRSF1B",0.00423714791249712,0,"TNF_TNFRSF1B","TNF - TNFRSF1B","TNF","Secreted Signaling","KEGG: hsa04060","Non-malignant"
"CD8 T","C7-APOBEC3A-like","FASLG","FAS",0.00185822194012325,0,"FASL_FAS","FASL - FAS","FASLG","Secreted Signaling","KEGG: hsa04060","Non-malignant"
"C6-SLC2A1-like","CD8 T","SPP1","CD44",0.0938702960226988,0,"SPP1_CD44","SPP1 - CD44","SPP1","Secreted Signaling","PMID: 21907263","Non-malignant"
"C7-APOBEC3A-like","CD8 T","SPP1","CD44",0.00642880228126422,0,"SPP1_CD44","SPP1 - CD44","SPP1","Secreted Signaling","PMID: 21907263","Non-malignant"
"Mac-Cycling","CD8 T","SPP1","CD44",0.0680280050931429,0,"SPP1_CD44","SPP1 - CD44","SPP1","Secreted Signaling","PMID: 21907263","Non-malignant"
"Mac-OLFML3-CX3CR1-resident","CD8 T","SPP1","CD44",0.0255646658055488,0,"SPP1_CD44","SPP1 - CD44","SPP1","Secreted Signaling","PMID: 21907263","Non-malignant"
"Mac-TNF-CCL4-inflammatory","CD8 T","SPP1","CD44",0.0292800035442868,0,"SPP1_CD44","SPP1 - CD44","SPP1","Secreted Signaling","PMID: 21907263","Non-malignant"
"C6-SLC2A1-like","CD8 T","SPP1","ITGA4_ITGB1",0.0338905241366044,0,"SPP1_ITGA4_ITGB1","SPP1 - (ITGA4+ITGB1)","SPP1","Secreted Signaling","PMID: 21907263","Non-malignant"
"C7-APOBEC3A-like","CD8 T","SPP1","ITGA4_ITGB1",0.00218622418756341,0,"SPP1_ITGA4_ITGB1","SPP1 - (ITGA4+ITGB1)","SPP1","Secreted Signaling","PMID: 21907263","Non-malignant"
"Mac-Cycling","CD8 T","SPP1","ITGA4_ITGB1",0.024120981606686,0,"SPP1_ITGA4_ITGB1","SPP1 - (ITGA4+ITGB1)","SPP1","Secreted Signaling","PMID: 21907263","Non-malignant"
"Mac-OLFML3-CX3CR1-resident","CD8 T","SPP1","ITGA4_ITGB1",0.00880562222740794,0,"SPP1_ITGA4_ITGB1","SPP1 - (ITGA4+ITGB1)","SPP1","Secreted Signaling","PMID: 21907263","Non-malignant"
"Mac-TNF-CCL4-inflammatory","CD8 T","SPP1","ITGA4_ITGB1",0.0101106234433896,0,"SPP1_ITGA4_ITGB1","SPP1 - (ITGA4+ITGB1)","SPP1","Secreted Signaling","PMID: 21907263","Non-malignant"
"Mac-Cycling","CD8 T","RETN","CAP1",0.00247221636889851,0,"RETN_CAP1","RETN - CAP1","RESISTIN","Secreted Signaling","PMID: 30809105","Non-malignant"
"Mac-FOLR2-LYVE1-resident","CD8 T","RETN","CAP1",0.00820013164697985,0,"RETN_CAP1","RETN - CAP1","RESISTIN","Secreted Signaling","PMID: 30809105","Non-malignant"
"Mono-FCN1-S100A8-S100A9","CD8 T","RETN","CAP1",0.0363221322606255,0,"RETN_CAP1","RETN - CAP1","RESISTIN","Secreted Signaling","PMID: 30809105","Non-malignant"
"Myeloid-CLEC10A-APC","CD8 T","RETN","CAP1",0.0105567810241089,0,"RETN_CAP1","RETN - CAP1","RESISTIN","Secreted Signaling","PMID: 30809105","Non-malignant"
"CD8 T","C7-APOBEC3A-like","ANXA1","FPR2",0.013459310270958,0,"ANXA1_FPR2","ANXA1 - FPR2","ANNEXIN","Secreted Signaling","PMID: 23230437","Non-malignant"
"CD8 T","C6-SLC2A1-like","ANXA1","FPR1",0.0124320393303046,0,"ANXA1_FPR1","ANXA1 - FPR1","ANNEXIN","Secreted Signaling","PMID: 23230437","Non-malignant"
"CD8 T","C7-APOBEC3A-like","ANXA1","FPR1",0.0798047963728388,0,"ANXA1_FPR1","ANXA1 - FPR1","ANNEXIN","Secreted Signaling","PMID: 23230437","Non-malignant"
"CD8 T","Mac-Cycling","ANXA1","FPR1",0.0368705696225872,0,"ANXA1_FPR1","ANXA1 - FPR1","ANNEXIN","Secreted Signaling","PMID: 23230437","Non-malignant"
"CD8 T","Mac-FOLR2-LYVE1-resident","ANXA1","FPR1",0.0230936739015054,0,"ANXA1_FPR1","ANXA1 - FPR1","ANNEXIN","Secreted Signaling","PMID: 23230437","Non-malignant"
"CD8 T","Mac-OLFML3-CX3CR1-resident","ANXA1","FPR1",0.051655912217359,0,"ANXA1_FPR1","ANXA1 - FPR1","ANNEXIN","Secreted Signaling","PMID: 23230437","Non-malignant"
"CD8 T","Mono-FCN1-S100A8-S100A9","ANXA1","FPR1",0.0773583479870692,0,"ANXA1_FPR1","ANXA1 - FPR1","ANNEXIN","Secreted Signaling","PMID: 23230437","Non-malignant"
"CD8 T","Myeloid-CLEC10A-APC","ANXA1","FPR1",0.062192951925276,0,"ANXA1_FPR1","ANXA1 - FPR1","ANNEXIN","Secreted Signaling","PMID: 23230437","Non-malignant"
"C6-SLC2A1-like","CD8 T","LGALS9","PTPRC",0.117550792174485,0,"LGALS9_CD45","LGALS9 - CD45","GALECTIN","Secreted Signaling","PMID: 30120235","Non-malignant"
"C7-APOBEC3A-like","CD8 T","LGALS9","PTPRC",0.124371519378692,0,"LGALS9_CD45","LGALS9 - CD45","GALECTIN","Secreted Signaling","PMID: 30120235","Non-malignant"
"Mac-Cycling","CD8 T","LGALS9","PTPRC",0.110907020193106,0,"LGALS9_CD45","LGALS9 - CD45","GALECTIN","Secreted Signaling","PMID: 30120235","Non-malignant"
"Mac-FOLR2-LYVE1-resident","CD8 T","LGALS9","PTPRC",0.0945402393064793,0,"LGALS9_CD45","LGALS9 - CD45","GALECTIN","Secreted Signaling","PMID: 30120235","Non-malignant"
"Mac-OLFML3-CX3CR1-resident","CD8 T","LGALS9","PTPRC",0.0994379439572464,0,"LGALS9_CD45","LGALS9 - CD45","GALECTIN","Secreted Signaling","PMID: 30120235","Non-malignant"
"Mac-TNF-CCL4-inflammatory","CD8 T","LGALS9","PTPRC",0.0293224157378078,0,"LGALS9_CD45","LGALS9 - CD45","GALECTIN","Secreted Signaling","PMID: 30120235","Non-malignant"
"Mono-FCN1-S100A8-S100A9","CD8 T","LGALS9","PTPRC",0.0320142445303399,0,"LGALS9_CD45","LGALS9 - CD45","GALECTIN","Secreted Signaling","PMID: 30120235","Non-malignant"
"Myeloid-CLEC10A-APC","CD8 T","LGALS9","PTPRC",0.0773155943958225,0,"LGALS9_CD45","LGALS9 - CD45","GALECTIN","Secreted Signaling","PMID: 30120235","Non-malignant"
"C6-SLC2A1-like","CD8 T","LGALS9","CD44",0.0511837761356795,0,"LGALS9_CD44","LGALS9 - CD44","GALECTIN","Secreted Signaling","PMID: 25065622","Non-malignant"
"C7-APOBEC3A-like","CD8 T","LGALS9","CD44",0.0543909991655129,0,"LGALS9_CD44","LGALS9 - CD44","GALECTIN","Secreted Signaling","PMID: 25065622","Non-malignant"
"Mac-Cycling","CD8 T","LGALS9","CD44",0.0480865582384226,0,"LGALS9_CD44","LGALS9 - CD44","GALECTIN","Secreted Signaling","PMID: 25065622","Non-malignant"
"Mac-FOLR2-LYVE1-resident","CD8 T","LGALS9","CD44",0.0405673299034215,0,"LGALS9_CD44","LGALS9 - CD44","GALECTIN","Secreted Signaling","PMID: 25065622","Non-malignant"
"Mac-OLFML3-CX3CR1-resident","CD8 T","LGALS9","CD44",0.0428011122752165,0,"LGALS9_CD44","LGALS9 - CD44","GALECTIN","Secreted Signaling","PMID: 25065622","Non-malignant"
"Mac-TNF-CCL4-inflammatory","CD8 T","LGALS9","CD44",0.0120853312563816,0,"LGALS9_CD44","LGALS9 - CD44","GALECTIN","Secreted Signaling","PMID: 25065622","Non-malignant"
"Mono-FCN1-S100A8-S100A9","CD8 T","LGALS9","CD44",0.0132163224849558,0,"LGALS9_CD44","LGALS9 - CD44","GALECTIN","Secreted Signaling","PMID: 25065622","Non-malignant"
"Myeloid-CLEC10A-APC","CD8 T","LGALS9","CD44",0.0328197827445621,0,"LGALS9_CD44","LGALS9 - CD44","GALECTIN","Secreted Signaling","PMID: 25065622","Non-malignant"
"CD8 T","C7-APOBEC3A-like","ANXA1","FPR2_LXA4",0.0323872263662568,0,"ANXA1_FPR2_LXA4","ANXA1 - (FPR2+LXA4)","ANNEXIN","Secreted Signaling","PMID: 22610094","Non-malignant"
"CD8 T","C6-SLC2A1-like","ANXA1","FPR3",0.121141790945109,0,"ANXA1_FPR3","ANXA1 - FPR3","ANNEXIN","Secreted Signaling","PMID: 33082511","Non-malignant"
"CD8 T","C7-APOBEC3A-like","ANXA1","FPR3",0.0758860667495088,0,"ANXA1_FPR3","ANXA1 - FPR3","ANNEXIN","Secreted Signaling","PMID: 33082511","Non-malignant"
"CD8 T","Mac-Cycling","ANXA1","FPR3",0.0693476991164553,0,"ANXA1_FPR3","ANXA1 - FPR3","ANNEXIN","Secreted Signaling","PMID: 33082511","Non-malignant"
"CD8 T","Mac-FOLR2-LYVE1-resident","ANXA1","FPR3",0.0711008191886162,0,"ANXA1_FPR3","ANXA1 - FPR3","ANNEXIN","Secreted Signaling","PMID: 33082511","Non-malignant"
"CD8 T","Mac-OLFML3-CX3CR1-resident","ANXA1","FPR3",0.0636561794253615,0,"ANXA1_FPR3","ANXA1 - FPR3","ANNEXIN","Secreted Signaling","PMID: 33082511","Non-malignant"
"CD8 T","Mac-TNF-CCL4-inflammatory","ANXA1","FPR3",0.0195866731512816,0,"ANXA1_FPR3","ANXA1 - FPR3","ANNEXIN","Secreted Signaling","PMID: 33082511","Non-malignant"
"CD8 T","Myeloid-CLEC10A-APC","ANXA1","FPR3",0.061696106648835,0,"ANXA1_FPR3","ANXA1 - FPR3","ANNEXIN","Secreted Signaling","PMID: 33082511","Non-malignant"
"C6-SLC2A1-like","CD8 T","LGALS9","P4HB",0.0135703611816213,0,"LGALS9_P4HB","LGALS9 - P4HB","GALECTIN","Secreted Signaling","PMID:21670307;uniprot","Non-malignant"
"C7-APOBEC3A-like","CD8 T","LGALS9","P4HB",0.0144566033293635,0,"LGALS9_P4HB","LGALS9 - P4HB","GALECTIN","Secreted Signaling","PMID:21670307;uniprot","Non-malignant"
"Mac-Cycling","CD8 T","LGALS9","P4HB",0.0127186853920218,0,"LGALS9_P4HB","LGALS9 - P4HB","GALECTIN","Secreted Signaling","PMID:21670307;uniprot","Non-malignant"
"Mac-FOLR2-LYVE1-resident","CD8 T","LGALS9","P4HB",0.0106679038490344,0,"LGALS9_P4HB","LGALS9 - P4HB","GALECTIN","Secreted Signaling","PMID:21670307;uniprot","Non-malignant"
"Mac-OLFML3-CX3CR1-resident","CD8 T","LGALS9","P4HB",0.0112746639374484,0,"LGALS9_P4HB","LGALS9 - P4HB","GALECTIN","Secreted Signaling","PMID:21670307;uniprot","Non-malignant"
"Myeloid-CLEC10A-APC","CD8 T","LGALS9","P4HB",0.00857948601468573,0,"LGALS9_P4HB","LGALS9 - P4HB","GALECTIN","Secreted Signaling","PMID:21670307;uniprot","Non-malignant"
"CD8 T","C6-SLC2A1-like","PPIA","BSG",0.0613996430103635,0.02,"PPIA_BSG","PPIA - BSG","CypA","Secreted Signaling","PMID: 36012604","Non-malignant"
"C7-APOBEC3A-like","CD8 T","FN1","ITGA4_ITGB1",0.0109538434325848,0,"FN1_ITGA4_ITGB1","FN1 - (ITGA4+ITGB1)","FN1","ECM-Receptor","KEGG: hsa04512","Non-malignant"
"Mac-Cycling","CD8 T","FN1","ITGA4_ITGB1",0.00650312531304732,0,"FN1_ITGA4_ITGB1","FN1 - (ITGA4+ITGB1)","FN1","ECM-Receptor","KEGG: hsa04512","Non-malignant"
"Mac-OLFML3-CX3CR1-resident","CD8 T","FN1","ITGA4_ITGB1",0.00467046278765527,0,"FN1_ITGA4_ITGB1","FN1 - (ITGA4+ITGB1)","FN1","ECM-Receptor","KEGG: hsa04512","Non-malignant"
"Mac-TNF-CCL4-inflammatory","CD8 T","FN1","ITGA4_ITGB1",0.00415559143829878,0,"FN1_ITGA4_ITGB1","FN1 - (ITGA4+ITGB1)","FN1","ECM-Receptor","KEGG: hsa04512","Non-malignant"
"Myeloid-CLEC10A-APC","CD8 T","FN1","ITGA4_ITGB1",0.00209347232323046,0,"FN1_ITGA4_ITGB1","FN1 - (ITGA4+ITGB1)","FN1","ECM-Receptor","KEGG: hsa04512","Non-malignant"
"C7-APOBEC3A-like","CD8 T","FN1","ITGA4_ITGB7",0.00830776261460268,0,"FN1_ITGA4_ITGB7","FN1 - (ITGA4+ITGB7)","FN1","ECM-Receptor","KEGG: hsa04512","Non-malignant"
"Mac-Cycling","CD8 T","FN1","ITGA4_ITGB7",0.0049268328471341,0,"FN1_ITGA4_ITGB7","FN1 - (ITGA4+ITGB7)","FN1","ECM-Receptor","KEGG: hsa04512","Non-malignant"
"Mac-OLFML3-CX3CR1-resident","CD8 T","FN1","ITGA4_ITGB7",0.00353680796757033,0,"FN1_ITGA4_ITGB7","FN1 - (ITGA4+ITGB7)","FN1","ECM-Receptor","KEGG: hsa04512","Non-malignant"
"Mac-TNF-CCL4-inflammatory","CD8 T","FN1","ITGA4_ITGB7",0.00314651553408827,0,"FN1_ITGA4_ITGB7","FN1 - (ITGA4+ITGB7)","FN1","ECM-Receptor","KEGG: hsa04512","Non-malignant"
"Myeloid-CLEC10A-APC","CD8 T","FN1","ITGA4_ITGB7",0.00158433108615951,0,"FN1_ITGA4_ITGB7","FN1 - (ITGA4+ITGB7)","FN1","ECM-Receptor","KEGG: hsa04512","Non-malignant"
"C7-APOBEC3A-like","CD8 T","FN1","CD44",0.0316707887289748,0,"FN1_CD44","FN1 - CD44","FN1","ECM-Receptor","KEGG: hsa04512","Non-malignant"
"Mac-Cycling","CD8 T","FN1","CD44",0.0189638497163508,0,"FN1_CD44","FN1 - CD44","FN1","ECM-Receptor","KEGG: hsa04512","Non-malignant"
"Mac-OLFML3-CX3CR1-resident","CD8 T","FN1","CD44",0.0136679085361617,0,"FN1_CD44","FN1 - CD44","FN1","ECM-Receptor","KEGG: hsa04512","Non-malignant"
"Mac-TNF-CCL4-inflammatory","CD8 T","FN1","CD44",0.0121732907408655,0,"FN1_CD44","FN1 - CD44","FN1","ECM-Receptor","KEGG: hsa04512","Non-malignant"
"Mac-FOLR2-LYVE1-resident","CD8 T","COL1A1","CD44",0.0112202965057639,0,"COL1A1_CD44","COL1A1 - CD44","COLLAGEN","ECM-Receptor","KEGG: hsa04512","Non-malignant"
"Mac-FOLR2-LYVE1-resident","CD8 T","COL1A2","CD44",0.0107060021688611,0,"COL1A2_CD44","COL1A2 - CD44","COLLAGEN","ECM-Receptor","KEGG: hsa04512","Non-malignant"
"C6-SLC2A1-like","CD8 T","THBS1","CD47",0.0115561796195818,0,"THBS1_CD47","THBS1 - CD47","THBS","ECM-Receptor","KEGG: hsa04512","Non-malignant"
"Mac-TNF-CCL4-inflammatory","CD8 T","THBS1","CD47",0.00684342206287945,0,"THBS1_CD47","THBS1 - CD47","THBS","ECM-Receptor","KEGG: hsa04512","Non-malignant"
"Mono-FCN1-S100A8-S100A9","CD8 T","THBS1","CD47",0.00911785368181114,0,"THBS1_CD47","THBS1 - CD47","THBS","ECM-Receptor","KEGG: hsa04512","Non-malignant"
"Myeloid-CLEC10A-APC","CD8 T","THBS1","CD47",0.0093849065572325,0,"THBS1_CD47","THBS1 - CD47","THBS","ECM-Receptor","KEGG: hsa04512","Non-malignant"
"CD8 T","C6-SLC2A1-like","PGE2-PTGES3","PTGER2",0.00576558762678833,0,"PGE2-PTGES3_PTGER2","PGE2-PTGES3 - PTGER2","Prostaglandin","Non-protein Signaling","PMID: 34949672;PMID: 21508345","Non-malignant"
"CD8 T","C7-APOBEC3A-like","PGE2-PTGES3","PTGER2",0.00674574711508392,0.02,"PGE2-PTGES3_PTGER2","PGE2-PTGES3 - PTGER2","Prostaglandin","Non-protein Signaling","PMID: 34949672;PMID: 21508345","Non-malignant"
"CD8 T","Myeloid-CLEC10A-APC","PGE2-PTGES3","PTGER2",0.00599079204799785,0.02,"PGE2-PTGES3_PTGER2","PGE2-PTGES3 - PTGER2","Prostaglandin","Non-protein Signaling","PMID: 34949672;PMID: 21508345","Non-malignant"
"C6-SLC2A1-like","CD8 T","PGE2-PTGES2","PTGER4",0.00222144233011756,0,"PGE2-PTGES2_PTGER4","PGE2-PTGES2 - PTGER4","Prostaglandin","Non-protein Signaling","PMID: 34949672;PMID: 21508345","Non-malignant"
"Mac-Cycling","CD8 T","PGE2-PTGES2","PTGER4",0.000826713242009572,0,"PGE2-PTGES2_PTGER4","PGE2-PTGES2 - PTGER4","Prostaglandin","Non-protein Signaling","PMID: 34949672;PMID: 21508345","Non-malignant"
"Mac-OLFML3-CX3CR1-resident","CD8 T","PGE2-PTGES2","PTGER4",0.000843451104050461,0,"PGE2-PTGES2_PTGER4","PGE2-PTGES2 - PTGER4","Prostaglandin","Non-protein Signaling","PMID: 34949672;PMID: 21508345","Non-malignant"
"Myeloid-CLEC10A-APC","CD8 T","PGE2-PTGES2","PTGER4",0.00192596660786684,0,"PGE2-PTGES2_PTGER4","PGE2-PTGES2 - PTGER4","Prostaglandin","Non-protein Signaling","PMID: 34949672;PMID: 21508345","Non-malignant"
"CD8 T","C7-APOBEC3A-like","PGE2-PTGES3","PTGER4",0.0263035809580564,0,"PGE2-PTGES3_PTGER4","PGE2-PTGES3 - PTGER4","Prostaglandin","Non-protein Signaling","PMID: 34949672;PMID: 21508345","Non-malignant"
"C6-SLC2A1-like","CD8 T","PGE2-PTGES3","PTGER4",0.0174445327345222,0,"PGE2-PTGES3_PTGER4","PGE2-PTGES3 - PTGER4","Prostaglandin","Non-protein Signaling","PMID: 34949672;PMID: 21508345","Non-malignant"
"C7-APOBEC3A-like","CD8 T","PGE2-PTGES3","PTGER4",0.0159751421716537,0,"PGE2-PTGES3_PTGER4","PGE2-PTGES3 - PTGER4","Prostaglandin","Non-protein Signaling","PMID: 34949672;PMID: 21508345","Non-malignant"
"Mac-Cycling","CD8 T","PGE2-PTGES3","PTGER4",0.0195834339681778,0,"PGE2-PTGES3_PTGER4","PGE2-PTGES3 - PTGER4","Prostaglandin","Non-protein Signaling","PMID: 34949672;PMID: 21508345","Non-malignant"
"Mac-FOLR2-LYVE1-resident","CD8 T","PGE2-PTGES3","PTGER4",0.0119272133727939,0,"PGE2-PTGES3_PTGER4","PGE2-PTGES3 - PTGER4","Prostaglandin","Non-protein Signaling","PMID: 34949672;PMID: 21508345","Non-malignant"
"Mac-NUPR1-IGF2-stress","CD8 T","PGE2-PTGES3","PTGER4",0.00426893831650836,0,"PGE2-PTGES3_PTGER4","PGE2-PTGES3 - PTGER4","Prostaglandin","Non-protein Signaling","PMID: 34949672;PMID: 21508345","Non-malignant"
"Mac-OLFML3-CX3CR1-resident","CD8 T","PGE2-PTGES3","PTGER4",0.0171798955313084,0,"PGE2-PTGES3_PTGER4","PGE2-PTGES3 - PTGER4","Prostaglandin","Non-protein Signaling","PMID: 34949672;PMID: 21508345","Non-malignant"
"Mac-TNF-CCL4-inflammatory","CD8 T","PGE2-PTGES3","PTGER4",0.00488424836422343,0,"PGE2-PTGES3_PTGER4","PGE2-PTGES3 - PTGER4","Prostaglandin","Non-protein Signaling","PMID: 34949672;PMID: 21508345","Non-malignant"
"Mono-FCN1-S100A8-S100A9","CD8 T","PGE2-PTGES3","PTGER4",0.00414582832063097,0,"PGE2-PTGES3_PTGER4","PGE2-PTGES3 - PTGER4","Prostaglandin","Non-protein Signaling","PMID: 34949672;PMID: 21508345","Non-malignant"
"Myeloid-CLEC10A-APC","CD8 T","PGE2-PTGES3","PTGER4",0.0186494812229066,0,"PGE2-PTGES3_PTGER4","PGE2-PTGES3 - PTGER4","Prostaglandin","Non-protein Signaling","PMID: 34949672;PMID: 21508345","Non-malignant"
"CD8 T","Mac-FOLR2-LYVE1-resident","PGE2-PTGES3","PTGER4",0.00283349562667953,0.04,"PGE2-PTGES3_PTGER4","PGE2-PTGES3 - PTGER4","Prostaglandin","Non-protein Signaling","PMID: 34949672;PMID: 21508345","Non-malignant"
"CD8 T","Mac-OLFML3-CX3CR1-resident","PGE2-PTGES3","PTGER4",0.0226072219842427,0,"PGE2-PTGES3_PTGER4","PGE2-PTGES3 - PTGER4","Prostaglandin","Non-protein Signaling","PMID: 34949672;PMID: 21508345","Non-malignant"
"CD8 T","Myeloid-CLEC10A-APC","PGE2-PTGES3","PTGER4",0.0250705796105178,0,"PGE2-PTGES3_PTGER4","PGE2-PTGES3 - PTGER4","Prostaglandin","Non-protein Signaling","PMID: 34949672;PMID: 21508345","Non-malignant"
"C6-SLC2A1-like","CD8 T","Cholesterol-DHCR24","RORA",0.00313917037040021,0,"Cholesterol-Cholesterol-DHCR24_RORA","CHOLESTEROL-DHCR24 - RORA","Cholesterol","Non-protein Signaling","HMRbase;PMID:12467577;PDB:1N83","Non-malignant"
"Mac-Cycling","CD8 T","Cholesterol-DHCR24","RORA",0.00197087195928864,0,"Cholesterol-Cholesterol-DHCR24_RORA","CHOLESTEROL-DHCR24 - RORA","Cholesterol","Non-protein Signaling","HMRbase;PMID:12467577;PDB:1N83","Non-malignant"
"C6-SLC2A1-like","CD8 T","Cholesterol-LIPA","RORA",0.0493946831197167,0,"Cholesterol-Cholesterol-LIPA_RORA","CHOLESTEROL-LIPA - RORA","Cholesterol","Non-protein Signaling","HMRbase;PMID:12467577;PDB:1N83","Non-malignant"
"C7-APOBEC3A-like","CD8 T","Cholesterol-LIPA","RORA",0.0189999031640197,0,"Cholesterol-Cholesterol-LIPA_RORA","CHOLESTEROL-LIPA - RORA","Cholesterol","Non-protein Signaling","HMRbase;PMID:12467577;PDB:1N83","Non-malignant"
"Mac-Cycling","CD8 T","Cholesterol-LIPA","RORA",0.0158236830618871,0,"Cholesterol-Cholesterol-LIPA_RORA","CHOLESTEROL-LIPA - RORA","Cholesterol","Non-protein Signaling","HMRbase;PMID:12467577;PDB:1N83","Non-malignant"
"Mac-FOLR2-LYVE1-resident","CD8 T","Cholesterol-LIPA","RORA",0.0171900833860498,0,"Cholesterol-Cholesterol-LIPA_RORA","CHOLESTEROL-LIPA - RORA","Cholesterol","Non-protein Signaling","HMRbase;PMID:12467577;PDB:1N83","Non-malignant"
"Mac-OLFML3-CX3CR1-resident","CD8 T","Cholesterol-LIPA","RORA",0.0135968088836154,0,"Cholesterol-Cholesterol-LIPA_RORA","CHOLESTEROL-LIPA - RORA","Cholesterol","Non-protein Signaling","HMRbase;PMID:12467577;PDB:1N83","Non-malignant"
"Mac-TNF-CCL4-inflammatory","CD8 T","Cholesterol-LIPA","RORA",0.00745875718471474,0,"Cholesterol-Cholesterol-LIPA_RORA","CHOLESTEROL-LIPA - RORA","Cholesterol","Non-protein Signaling","HMRbase;PMID:12467577;PDB:1N83","Non-malignant"
"Myeloid-CLEC10A-APC","CD8 T","Cholesterol-LIPA","RORA",0.0134271211243809,0,"Cholesterol-Cholesterol-LIPA_RORA","CHOLESTEROL-LIPA - RORA","Cholesterol","Non-protein Signaling","HMRbase;PMID:12467577;PDB:1N83","Non-malignant"
"CD8 T","C6-SLC2A1-like","PTPRC","MRC1",0.168061149221225,0,"PTPRC_MRC1","PTPRC - MRC1","CD45","Cell-Cell Contact","PMID: 27601670; PMID: 10575006","Non-malignant"
"CD8 T","Mac-Cycling","PTPRC","MRC1",0.0861253050758767,0,"PTPRC_MRC1","PTPRC - MRC1","CD45","Cell-Cell Contact","PMID: 27601670; PMID: 10575006","Non-malignant"
"CD8 T","Mac-FOLR2-LYVE1-resident","PTPRC","MRC1",0.16984991529991,0,"PTPRC_MRC1","PTPRC - MRC1","CD45","Cell-Cell Contact","PMID: 27601670; PMID: 10575006","Non-malignant"
"CD8 T","Mac-OLFML3-CX3CR1-resident","PTPRC","MRC1",0.0524208464486122,0,"PTPRC_MRC1","PTPRC - MRC1","CD45","Cell-Cell Contact","PMID: 27601670; PMID: 10575006","Non-malignant"
"CD8 T","Mac-TNF-CCL4-inflammatory","PTPRC","MRC1",0.0383288762604505,0,"PTPRC_MRC1","PTPRC - MRC1","CD45","Cell-Cell Contact","PMID: 27601670; PMID: 10575006","Non-malignant"
"CD8 T","Myeloid-CLEC10A-APC","PTPRC","MRC1",0.0348375650510376,0,"PTPRC_MRC1","PTPRC - MRC1","CD45","Cell-Cell Contact","PMID: 27601670; PMID: 10575006","Non-malignant"
"CD8 T","C6-SLC2A1-like","CD99","PILRA",0.0264053856682581,0,"CD99_PILRA","CD99 - PILRA","CD99","Cell-Cell Contact","PMID: 18234675","Non-malignant"
"CD8 T","C7-APOBEC3A-like","CD99","PILRA",0.0571674491997133,0,"CD99_PILRA","CD99 - PILRA","CD99","Cell-Cell Contact","PMID: 18234675","Non-malignant"
"CD8 T","Mac-FOLR2-LYVE1-resident","CD99","PILRA",0.0105046554938253,0,"CD99_PILRA","CD99 - PILRA","CD99","Cell-Cell Contact","PMID: 18234675","Non-malignant"
"CD8 T","Mac-OLFML3-CX3CR1-resident","CD99","PILRA",0.0345403232350735,0,"CD99_PILRA","CD99 - PILRA","CD99","Cell-Cell Contact","PMID: 18234675","Non-malignant"
"CD8 T","Mono-FCN1-S100A8-S100A9","CD99","PILRA",0.014484452736255,0,"CD99_PILRA","CD99 - PILRA","CD99","Cell-Cell Contact","PMID: 18234675","Non-malignant"
"CD8 T","Myeloid-CLEC10A-APC","CD99","PILRA",0.0271333583589068,0,"CD99_PILRA","CD99 - PILRA","CD99","Cell-Cell Contact","PMID: 18234675","Non-malignant"
"Mac-Cycling","CD8 T","CD99","CD99",0.0482351217848112,0.04,"CD99_CD99","CD99 - CD99","CD99","Cell-Cell Contact","KEGG: hsa04514","Non-malignant"
"CD8 T","Mac-Cycling","CD99","CD99",0.0482351217848112,0.04,"CD99_CD99","CD99 - CD99","CD99","Cell-Cell Contact","KEGG: hsa04514","Non-malignant"
"C6-SLC2A1-like","CD8 T","CLEC2B","KLRB1",0.00897005327267072,0,"CLEC2B_KLRB1","CLEC2B - KLRB1","CLEC","Cell-Cell Contact","PMID: 24223577","Non-malignant"
"C7-APOBEC3A-like","CD8 T","CLEC2B","KLRB1",0.0153156434865838,0,"CLEC2B_KLRB1","CLEC2B - KLRB1","CLEC","Cell-Cell Contact","PMID: 24223577","Non-malignant"
"Mac-Cycling","CD8 T","CLEC2B","KLRB1",0.0138155143200497,0,"CLEC2B_KLRB1","CLEC2B - KLRB1","CLEC","Cell-Cell Contact","PMID: 24223577","Non-malignant"
"Mac-FOLR2-LYVE1-resident","CD8 T","CLEC2B","KLRB1",0.0065787915831358,0,"CLEC2B_KLRB1","CLEC2B - KLRB1","CLEC","Cell-Cell Contact","PMID: 24223577","Non-malignant"
"Mac-OLFML3-CX3CR1-resident","CD8 T","CLEC2B","KLRB1",0.0222114607500395,0,"CLEC2B_KLRB1","CLEC2B - KLRB1","CLEC","Cell-Cell Contact","PMID: 24223577","Non-malignant"
"Mac-TNF-CCL4-inflammatory","CD8 T","CLEC2B","KLRB1",0.00481259365662902,0,"CLEC2B_KLRB1","CLEC2B - KLRB1","CLEC","Cell-Cell Contact","PMID: 24223577","Non-malignant"
"Mono-FCN1-S100A8-S100A9","CD8 T","CLEC2B","KLRB1",0.00511435805235217,0,"CLEC2B_KLRB1","CLEC2B - KLRB1","CLEC","Cell-Cell Contact","PMID: 24223577","Non-malignant"
"Myeloid-CLEC10A-APC","CD8 T","CLEC2B","KLRB1",0.0126117340937712,0,"CLEC2B_KLRB1","CLEC2B - KLRB1","CLEC","Cell-Cell Contact","PMID: 24223577","Non-malignant"
"C7-APOBEC3A-like","CD8 T","CD69","KLRB1",0.00608603960621212,0,"CLEC2C_KLRB1","CLEC2C - KLRB1","CLEC","Cell-Cell Contact","PMID: 24223577","Non-malignant"
"Mac-Cycling","CD8 T","CD69","KLRB1",0.00385234780833758,0,"CLEC2C_KLRB1","CLEC2C - KLRB1","CLEC","Cell-Cell Contact","PMID: 24223577","Non-malignant"
"Mac-OLFML3-CX3CR1-resident","CD8 T","CD69","KLRB1",0.00610227098718707,0,"CLEC2C_KLRB1","CLEC2C - KLRB1","CLEC","Cell-Cell Contact","PMID: 24223577","Non-malignant"
"Myeloid-CLEC10A-APC","CD8 T","CD69","KLRB1",0.00272129861494837,0,"CLEC2C_KLRB1","CLEC2C - KLRB1","CLEC","Cell-Cell Contact","PMID: 24223577","Non-malignant"
"C6-SLC2A1-like","CD8 T","ICAM1","ITGAL_ITGB2",0.0249130710111182,0,"ICAM1_ITGAL_ITGB2","ICAM1 - (ITGAL+ITGB2)","ICAM","Cell-Cell Contact","KEGG: hsa04514","Non-malignant"
"C7-APOBEC3A-like","CD8 T","ICAM1","ITGAL_ITGB2",0.00913081986344523,0,"ICAM1_ITGAL_ITGB2","ICAM1 - (ITGAL+ITGB2)","ICAM","Cell-Cell Contact","KEGG: hsa04514","Non-malignant"
"Mac-Cycling","CD8 T","ICAM1","ITGAL_ITGB2",0.00411075218818314,0,"ICAM1_ITGAL_ITGB2","ICAM1 - (ITGAL+ITGB2)","ICAM","Cell-Cell Contact","KEGG: hsa04514","Non-malignant"
"Mac-OLFML3-CX3CR1-resident","CD8 T","ICAM1","ITGAL_ITGB2",0.00400588993549743,0,"ICAM1_ITGAL_ITGB2","ICAM1 - (ITGAL+ITGB2)","ICAM","Cell-Cell Contact","KEGG: hsa04514","Non-malignant"
"Mac-TNF-CCL4-inflammatory","CD8 T","ICAM1","ITGAL_ITGB2",0.011771657035415,0,"ICAM1_ITGAL_ITGB2","ICAM1 - (ITGAL+ITGB2)","ICAM","Cell-Cell Contact","KEGG: hsa04514","Non-malignant"
"Mono-FCN1-S100A8-S100A9","CD8 T","ICAM1","ITGAL_ITGB2",0.0108489981736151,0,"ICAM1_ITGAL_ITGB2","ICAM1 - (ITGAL+ITGB2)","ICAM","Cell-Cell Contact","KEGG: hsa04514","Non-malignant"
"Myeloid-CLEC10A-APC","CD8 T","ICAM1","ITGAL_ITGB2",0.0175506922926647,0,"ICAM1_ITGAL_ITGB2","ICAM1 - (ITGAL+ITGB2)","ICAM","Cell-Cell Contact","KEGG: hsa04514","Non-malignant"
"C6-SLC2A1-like","CD8 T","ICAM2","ITGAL_ITGB2",0.00246515801806355,0,"ICAM2_ITGAL_ITGB2","ICAM2 - (ITGAL+ITGB2)","ICAM","Cell-Cell Contact","KEGG: hsa04514","Non-malignant"
"Mono-FCN1-S100A8-S100A9","CD8 T","ICAM2","ITGAL_ITGB2",0.00734044872171621,0,"ICAM2_ITGAL_ITGB2","ICAM2 - (ITGAL+ITGB2)","ICAM","Cell-Cell Contact","KEGG: hsa04514","Non-malignant"
"Myeloid-CLEC10A-APC","CD8 T","ICAM2","ITGAL_ITGB2",0.00465638264353199,0,"ICAM2_ITGAL_ITGB2","ICAM2 - (ITGAL+ITGB2)","ICAM","Cell-Cell Contact","KEGG: hsa04514","Non-malignant"
"C6-SLC2A1-like","CD8 T","ICAM1","ITGAL",0.0140098793969285,0,"ICAM1_ITGAL","ICAM1 - ITGAL","ICAM","Cell-Cell Contact","PMID: 23602662","Non-malignant"
"C7-APOBEC3A-like","CD8 T","ICAM1","ITGAL",0.00509860533820925,0,"ICAM1_ITGAL","ICAM1 - ITGAL","ICAM","Cell-Cell Contact","PMID: 23602662","Non-malignant"
"Mac-Cycling","CD8 T","ICAM1","ITGAL",0.00229029987767626,0,"ICAM1_ITGAL","ICAM1 - ITGAL","ICAM","Cell-Cell Contact","PMID: 23602662","Non-malignant"
"Mac-OLFML3-CX3CR1-resident","CD8 T","ICAM1","ITGAL",0.00223177195139452,0,"ICAM1_ITGAL","ICAM1 - ITGAL","ICAM","Cell-Cell Contact","PMID: 23602662","Non-malignant"
"Mac-TNF-CCL4-inflammatory","CD8 T","ICAM1","ITGAL",0.00658098145885564,0,"ICAM1_ITGAL","ICAM1 - ITGAL","ICAM","Cell-Cell Contact","PMID: 23602662","Non-malignant"
"Mono-FCN1-S100A8-S100A9","CD8 T","ICAM1","ITGAL",0.00606267021434185,0,"ICAM1_ITGAL","ICAM1 - ITGAL","ICAM","Cell-Cell Contact","PMID: 23602662","Non-malignant"
"Myeloid-CLEC10A-APC","CD8 T","ICAM1","ITGAL",0.00983713514089913,0,"ICAM1_ITGAL","ICAM1 - ITGAL","ICAM","Cell-Cell Contact","PMID: 23602662","Non-malignant"
"C6-SLC2A1-like","CD8 T","ICAM1","SPN",0.01333666059109,0,"ICAM1_SPN","ICAM1 - SPN","ICAM","Cell-Cell Contact","PMID: 1683685","Non-malignant"
"C7-APOBEC3A-like","CD8 T","ICAM1","SPN",0.00485149430179399,0,"ICAM1_SPN","ICAM1 - SPN","ICAM","Cell-Cell Contact","PMID: 1683685","Non-malignant"
"Mac-Cycling","CD8 T","ICAM1","SPN",0.00217899919178556,0,"ICAM1_SPN","ICAM1 - SPN","ICAM","Cell-Cell Contact","PMID: 1683685","Non-malignant"
"Mac-OLFML3-CX3CR1-resident","CD8 T","ICAM1","SPN",0.0021233094680431,0,"ICAM1_SPN","ICAM1 - SPN","ICAM","Cell-Cell Contact","PMID: 1683685","Non-malignant"
"Mac-TNF-CCL4-inflammatory","CD8 T","ICAM1","SPN",0.00626247722729571,0,"ICAM1_SPN","ICAM1 - SPN","ICAM","Cell-Cell Contact","PMID: 1683685","Non-malignant"
"Mono-FCN1-S100A8-S100A9","CD8 T","ICAM1","SPN",0.00576910536722351,0,"ICAM1_SPN","ICAM1 - SPN","ICAM","Cell-Cell Contact","PMID: 1683685","Non-malignant"
"Myeloid-CLEC10A-APC","CD8 T","ICAM1","SPN",0.00936252584425296,0,"ICAM1_SPN","ICAM1 - SPN","ICAM","Cell-Cell Contact","PMID: 1683685","Non-malignant"
"C6-SLC2A1-like","CD8 T","HLA-A","CD8A",0.0543449650000606,0,"HLA-A_CD8A","HLA-A - CD8A","MHC-I","Cell-Cell Contact","KEGG: hsa04514","Non-malignant"
"C7-APOBEC3A-like","CD8 T","HLA-A","CD8A",0.0564331844536597,0,"HLA-A_CD8A","HLA-A - CD8A","MHC-I","Cell-Cell Contact","KEGG: hsa04514","Non-malignant"
"Mac-Cycling","CD8 T","HLA-A","CD8A",0.0491568664912976,0,"HLA-A_CD8A","HLA-A - CD8A","MHC-I","Cell-Cell Contact","KEGG: hsa04514","Non-malignant"
"Mac-FOLR2-LYVE1-resident","CD8 T","HLA-A","CD8A",0.0558056129057995,0,"HLA-A_CD8A","HLA-A - CD8A","MHC-I","Cell-Cell Contact","KEGG: hsa04514","Non-malignant"
"Mac-NUPR1-IGF2-stress","CD8 T","HLA-A","CD8A",0.0112710660727342,0,"HLA-A_CD8A","HLA-A - CD8A","MHC-I","Cell-Cell Contact","KEGG: hsa04514","Non-malignant"
"Mac-OLFML3-CX3CR1-resident","CD8 T","HLA-A","CD8A",0.0558553318931644,0,"HLA-A_CD8A","HLA-A - CD8A","MHC-I","Cell-Cell Contact","KEGG: hsa04514","Non-malignant"
"Mac-TNF-CCL4-inflammatory","CD8 T","HLA-A","CD8A",0.0559103069429511,0,"HLA-A_CD8A","HLA-A - CD8A","MHC-I","Cell-Cell Contact","KEGG: hsa04514","Non-malignant"
"Mono-FCN1-S100A8-S100A9","CD8 T","HLA-A","CD8A",0.0577572903175925,0,"HLA-A_CD8A","HLA-A - CD8A","MHC-I","Cell-Cell Contact","KEGG: hsa04514","Non-malignant"
"Myeloid-CLEC10A-APC","CD8 T","HLA-A","CD8A",0.0523692082021645,0,"HLA-A_CD8A","HLA-A - CD8A","MHC-I","Cell-Cell Contact","KEGG: hsa04514","Non-malignant"
"C6-SLC2A1-like","CD8 T","HLA-B","CD8A",0.0619121358687436,0,"HLA-B_CD8A","HLA-B - CD8A","MHC-I","Cell-Cell Contact","KEGG: hsa04514","Non-malignant"
"C7-APOBEC3A-like","CD8 T","HLA-B","CD8A",0.068120082505513,0,"HLA-B_CD8A","HLA-B - CD8A","MHC-I","Cell-Cell Contact","KEGG: hsa04514","Non-malignant"
"Mac-Cycling","CD8 T","HLA-B","CD8A",0.0508112892316168,0,"HLA-B_CD8A","HLA-B - CD8A","MHC-I","Cell-Cell Contact","KEGG: hsa04514","Non-malignant"
"Mac-FOLR2-LYVE1-resident","CD8 T","HLA-B","CD8A",0.0568867909841584,0,"HLA-B_CD8A","HLA-B - CD8A","MHC-I","Cell-Cell Contact","KEGG: hsa04514","Non-malignant"
"Mac-NUPR1-IGF2-stress","CD8 T","HLA-B","CD8A",0.0338671595522678,0,"HLA-B_CD8A","HLA-B - CD8A","MHC-I","Cell-Cell Contact","KEGG: hsa04514","Non-malignant"
"Mac-OLFML3-CX3CR1-resident","CD8 T","HLA-B","CD8A",0.0576727986515325,0,"HLA-B_CD8A","HLA-B - CD8A","MHC-I","Cell-Cell Contact","KEGG: hsa04514","Non-malignant"
"Mac-TNF-CCL4-inflammatory","CD8 T","HLA-B","CD8A",0.0523913226349019,0,"HLA-B_CD8A","HLA-B - CD8A","MHC-I","Cell-Cell Contact","KEGG: hsa04514","Non-malignant"
"Mono-FCN1-S100A8-S100A9","CD8 T","HLA-B","CD8A",0.0631660318814697,0,"HLA-B_CD8A","HLA-B - CD8A","MHC-I","Cell-Cell Contact","KEGG: hsa04514","Non-malignant"
"Myeloid-CLEC10A-APC","CD8 T","HLA-B","CD8A",0.0595340646128688,0,"HLA-B_CD8A","HLA-B - CD8A","MHC-I","Cell-Cell Contact","KEGG: hsa04514","Non-malignant"
"C6-SLC2A1-like","CD8 T","HLA-C","CD8A",0.0352804851833569,0,"HLA-C_CD8A","HLA-C - CD8A","MHC-I","Cell-Cell Contact","KEGG: hsa04514","Non-malignant"
"C7-APOBEC3A-like","CD8 T","HLA-C","CD8A",0.0509336608605528,0,"HLA-C_CD8A","HLA-C - CD8A","MHC-I","Cell-Cell Contact","KEGG: hsa04514","Non-malignant"
"Mac-Cycling","CD8 T","HLA-C","CD8A",0.043497773523337,0,"HLA-C_CD8A","HLA-C - CD8A","MHC-I","Cell-Cell Contact","KEGG: hsa04514","Non-malignant"
"Mac-FOLR2-LYVE1-resident","CD8 T","HLA-C","CD8A",0.0425728282903604,0,"HLA-C_CD8A","HLA-C - CD8A","MHC-I","Cell-Cell Contact","KEGG: hsa04514","Non-malignant"
"Mac-NUPR1-IGF2-stress","CD8 T","HLA-C","CD8A",0.00879430667989373,0,"HLA-C_CD8A","HLA-C - CD8A","MHC-I","Cell-Cell Contact","KEGG: hsa04514","Non-malignant"
"Mac-OLFML3-CX3CR1-resident","CD8 T","HLA-C","CD8A",0.0566526904172811,0,"HLA-C_CD8A","HLA-C - CD8A","MHC-I","Cell-Cell Contact","KEGG: hsa04514","Non-malignant"
"Mac-TNF-CCL4-inflammatory","CD8 T","HLA-C","CD8A",0.0370137043550512,0,"HLA-C_CD8A","HLA-C - CD8A","MHC-I","Cell-Cell Contact","KEGG: hsa04514","Non-malignant"
"Mono-FCN1-S100A8-S100A9","CD8 T","HLA-C","CD8A",0.0477841994662559,0,"HLA-C_CD8A","HLA-C - CD8A","MHC-I","Cell-Cell Contact","KEGG: hsa04514","Non-malignant"
"Myeloid-CLEC10A-APC","CD8 T","HLA-C","CD8A",0.0444220312424277,0,"HLA-C_CD8A","HLA-C - CD8A","MHC-I","Cell-Cell Contact","KEGG: hsa04514","Non-malignant"
"C6-SLC2A1-like","CD8 T","HLA-E","CD8A",0.0399424064530802,0,"HLA-E_CD8A","HLA-E - CD8A","MHC-I","Cell-Cell Contact","KEGG: hsa04514","Non-malignant"
"C7-APOBEC3A-like","CD8 T","HLA-E","CD8A",0.0424094208109447,0,"HLA-E_CD8A","HLA-E - CD8A","MHC-I","Cell-Cell Contact","KEGG: hsa04514","Non-malignant"
"Mac-Cycling","CD8 T","HLA-E","CD8A",0.0355044218534657,0,"HLA-E_CD8A","HLA-E - CD8A","MHC-I","Cell-Cell Contact","KEGG: hsa04514","Non-malignant"
"Mac-FOLR2-LYVE1-resident","CD8 T","HLA-E","CD8A",0.0423608689060908,0,"HLA-E_CD8A","HLA-E - CD8A","MHC-I","Cell-Cell Contact","KEGG: hsa04514","Non-malignant"
"Mac-NUPR1-IGF2-stress","CD8 T","HLA-E","CD8A",0.0114630225038367,0,"HLA-E_CD8A","HLA-E - CD8A","MHC-I","Cell-Cell Contact","KEGG: hsa04514","Non-malignant"
"Mac-OLFML3-CX3CR1-resident","CD8 T","HLA-E","CD8A",0.0436643194301675,0,"HLA-E_CD8A","HLA-E - CD8A","MHC-I","Cell-Cell Contact","KEGG: hsa04514","Non-malignant"
"Mac-TNF-CCL4-inflammatory","CD8 T","HLA-E","CD8A",0.0308380625730074,0,"HLA-E_CD8A","HLA-E - CD8A","MHC-I","Cell-Cell Contact","KEGG: hsa04514","Non-malignant"
"Mono-FCN1-S100A8-S100A9","CD8 T","HLA-E","CD8A",0.0384074156504899,0,"HLA-E_CD8A","HLA-E - CD8A","MHC-I","Cell-Cell Contact","KEGG: hsa04514","Non-malignant"
"Myeloid-CLEC10A-APC","CD8 T","HLA-E","CD8A",0.0360513019617618,0,"HLA-E_CD8A","HLA-E - CD8A","MHC-I","Cell-Cell Contact","KEGG: hsa04514","Non-malignant"
"C6-SLC2A1-like","CD8 T","HLA-F","CD8A",0.00356094283614167,0,"HLA-F_CD8A","HLA-F - CD8A","MHC-I","Cell-Cell Contact","KEGG: hsa04514","Non-malignant"
"C7-APOBEC3A-like","CD8 T","HLA-F","CD8A",0.0149908754651157,0,"HLA-F_CD8A","HLA-F - CD8A","MHC-I","Cell-Cell Contact","KEGG: hsa04514","Non-malignant"
"Mac-Cycling","CD8 T","HLA-F","CD8A",0.00385366886263162,0,"HLA-F_CD8A","HLA-F - CD8A","MHC-I","Cell-Cell Contact","KEGG: hsa04514","Non-malignant"
"Mac-FOLR2-LYVE1-resident","CD8 T","HLA-F","CD8A",0.00398256500566283,0,"HLA-F_CD8A","HLA-F - CD8A","MHC-I","Cell-Cell Contact","KEGG: hsa04514","Non-malignant"
"Mac-OLFML3-CX3CR1-resident","CD8 T","HLA-F","CD8A",0.00978349135819217,0,"HLA-F_CD8A","HLA-F - CD8A","MHC-I","Cell-Cell Contact","KEGG: hsa04514","Non-malignant"
"Mono-FCN1-S100A8-S100A9","CD8 T","HLA-F","CD8A",0.0178142009486547,0,"HLA-F_CD8A","HLA-F - CD8A","MHC-I","Cell-Cell Contact","KEGG: hsa04514","Non-malignant"
"Myeloid-CLEC10A-APC","CD8 T","HLA-F","CD8A",0.0119232166864715,0,"HLA-F_CD8A","HLA-F - CD8A","MHC-I","Cell-Cell Contact","KEGG: hsa04514","Non-malignant"
"C6-SLC2A1-like","CD8 T","HLA-A","CD8B",0.0350140127995137,0,"HLA-A_CD8B","HLA-A - CD8B","MHC-I","Cell-Cell Contact","KEGG: hsa04514","Non-malignant"
"C7-APOBEC3A-like","CD8 T","HLA-A","CD8B",0.0363880175780316,0,"HLA-A_CD8B","HLA-A - CD8B","MHC-I","Cell-Cell Contact","KEGG: hsa04514","Non-malignant"
"Mac-Cycling","CD8 T","HLA-A","CD8B",0.0316096773070949,0,"HLA-A_CD8B","HLA-A - CD8B","MHC-I","Cell-Cell Contact","KEGG: hsa04514","Non-malignant"
"Mac-FOLR2-LYVE1-resident","CD8 T","HLA-A","CD8B",0.0359748616118851,0,"HLA-A_CD8B","HLA-A - CD8B","MHC-I","Cell-Cell Contact","KEGG: hsa04514","Non-malignant"
"Mac-NUPR1-IGF2-stress","CD8 T","HLA-A","CD8B",0.00714607245918761,0,"HLA-A_CD8B","HLA-A - CD8B","MHC-I","Cell-Cell Contact","KEGG: hsa04514","Non-malignant"
"Mac-OLFML3-CX3CR1-resident","CD8 T","HLA-A","CD8B",0.0360075865320376,0,"HLA-A_CD8B","HLA-A - CD8B","MHC-I","Cell-Cell Contact","KEGG: hsa04514","Non-malignant"
"Mac-TNF-CCL4-inflammatory","CD8 T","HLA-A","CD8B",0.0360437724058798,0,"HLA-A_CD8B","HLA-A - CD8B","MHC-I","Cell-Cell Contact","KEGG: hsa04514","Non-malignant"
"Mono-FCN1-S100A8-S100A9","CD8 T","HLA-A","CD8B",0.0372603712831189,0,"HLA-A_CD8B","HLA-A - CD8B","MHC-I","Cell-Cell Contact","KEGG: hsa04514","Non-malignant"
"Myeloid-CLEC10A-APC","CD8 T","HLA-A","CD8B",0.0337159918982426,0,"HLA-A_CD8B","HLA-A - CD8B","MHC-I","Cell-Cell Contact","KEGG: hsa04514","Non-malignant"
"C6-SLC2A1-like","CD8 T","HLA-B","CD8B",0.0400033437925664,0,"HLA-B_CD8B","HLA-B - CD8B","MHC-I","Cell-Cell Contact","KEGG: hsa04514","Non-malignant"
"C7-APOBEC3A-like","CD8 T","HLA-B","CD8B",0.0441178043449175,0,"HLA-B_CD8B","HLA-B - CD8B","MHC-I","Cell-Cell Contact","KEGG: hsa04514","Non-malignant"
"Mac-Cycling","CD8 T","HLA-B","CD8B",0.0326938382363449,0,"HLA-B_CD8B","HLA-B - CD8B","MHC-I","Cell-Cell Contact","KEGG: hsa04514","Non-malignant"
"Mac-FOLR2-LYVE1-resident","CD8 T","HLA-B","CD8B",0.0366867668360599,0,"HLA-B_CD8B","HLA-B - CD8B","MHC-I","Cell-Cell Contact","KEGG: hsa04514","Non-malignant"
"Mac-NUPR1-IGF2-stress","CD8 T","HLA-B","CD8B",0.0216535402694721,0,"HLA-B_CD8B","HLA-B - CD8B","MHC-I","Cell-Cell Contact","KEGG: hsa04514","Non-malignant"
"Mac-OLFML3-CX3CR1-resident","CD8 T","HLA-B","CD8B",0.037204680094811,0,"HLA-B_CD8B","HLA-B - CD8B","MHC-I","Cell-Cell Contact","KEGG: hsa04514","Non-malignant"
"Mac-TNF-CCL4-inflammatory","CD8 T","HLA-B","CD8B",0.0337305098374951,0,"HLA-B_CD8B","HLA-B - CD8B","MHC-I","Cell-Cell Contact","KEGG: hsa04514","Non-malignant"
"Mono-FCN1-S100A8-S100A9","CD8 T","HLA-B","CD8B",0.0408328386570556,0,"HLA-B_CD8B","HLA-B - CD8B","MHC-I","Cell-Cell Contact","KEGG: hsa04514","Non-malignant"
"Myeloid-CLEC10A-APC","CD8 T","HLA-B","CD8B",0.0384323221849059,0,"HLA-B_CD8B","HLA-B - CD8B","MHC-I","Cell-Cell Contact","KEGG: hsa04514","Non-malignant"
"C6-SLC2A1-like","CD8 T","HLA-C","CD8B",0.022569080394502,0,"HLA-C_CD8B","HLA-C - CD8B","MHC-I","Cell-Cell Contact","KEGG: hsa04514","Non-malignant"
"C7-APOBEC3A-like","CD8 T","HLA-C","CD8B",0.0327740832011221,0,"HLA-C_CD8B","HLA-C - CD8B","MHC-I","Cell-Cell Contact","KEGG: hsa04514","Non-malignant"
"Mac-Cycling","CD8 T","HLA-C","CD8B",0.0279113735686023,0,"HLA-C_CD8B","HLA-C - CD8B","MHC-I","Cell-Cell Contact","KEGG: hsa04514","Non-malignant"
"Mac-FOLR2-LYVE1-resident","CD8 T","HLA-C","CD8B",0.0273083981359574,0,"HLA-C_CD8B","HLA-C - CD8B","MHC-I","Cell-Cell Contact","KEGG: hsa04514","Non-malignant"
"Mac-NUPR1-IGF2-stress","CD8 T","HLA-C","CD8B",0.00557065235468833,0,"HLA-C_CD8B","HLA-C - CD8B","MHC-I","Cell-Cell Contact","KEGG: hsa04514","Non-malignant"
"Mac-OLFML3-CX3CR1-resident","CD8 T","HLA-C","CD8B",0.0365325733985647,0,"HLA-C_CD8B","HLA-C - CD8B","MHC-I","Cell-Cell Contact","KEGG: hsa04514","Non-malignant"
"Mac-TNF-CCL4-inflammatory","CD8 T","HLA-C","CD8B",0.0236931650563199,0,"HLA-C_CD8B","HLA-C - CD8B","MHC-I","Cell-Cell Contact","KEGG: hsa04514","Non-malignant"
"Mono-FCN1-S100A8-S100A9","CD8 T","HLA-C","CD8B",0.0307111756257755,0,"HLA-C_CD8B","HLA-C - CD8B","MHC-I","Cell-Cell Contact","KEGG: hsa04514","Non-malignant"
"Myeloid-CLEC10A-APC","CD8 T","HLA-C","CD8B",0.0285143183543762,0,"HLA-C_CD8B","HLA-C - CD8B","MHC-I","Cell-Cell Contact","KEGG: hsa04514","Non-malignant"
"C6-SLC2A1-like","CD8 T","HLA-E","CD8B",0.0255958967122296,0,"HLA-E_CD8B","HLA-E - CD8B","MHC-I","Cell-Cell Contact","KEGG: hsa04514","Non-malignant"
"C7-APOBEC3A-like","CD8 T","HLA-E","CD8B",0.0272019155730095,0,"HLA-E_CD8B","HLA-E - CD8B","MHC-I","Cell-Cell Contact","KEGG: hsa04514","Non-malignant"
"Mac-Cycling","CD8 T","HLA-E","CD8B",0.022714233343435,0,"HLA-E_CD8B","HLA-E - CD8B","MHC-I","Cell-Cell Contact","KEGG: hsa04514","Non-malignant"
"Mac-FOLR2-LYVE1-resident","CD8 T","HLA-E","CD8B",0.0271702798061403,0,"HLA-E_CD8B","HLA-E - CD8B","MHC-I","Cell-Cell Contact","KEGG: hsa04514","Non-malignant"
"Mac-NUPR1-IGF2-stress","CD8 T","HLA-E","CD8B",0.00726829296042567,0,"HLA-E_CD8B","HLA-E - CD8B","MHC-I","Cell-Cell Contact","KEGG: hsa04514","Non-malignant"
"Mac-OLFML3-CX3CR1-resident","CD8 T","HLA-E","CD8B",0.0280199898972469,0,"HLA-E_CD8B","HLA-E - CD8B","MHC-I","Cell-Cell Contact","KEGG: hsa04514","Non-malignant"
"Mac-TNF-CCL4-inflammatory","CD8 T","HLA-E","CD8B",0.0196945676049046,0,"HLA-E_CD8B","HLA-E - CD8B","MHC-I","Cell-Cell Contact","KEGG: hsa04514","Non-malignant"
"Mono-FCN1-S100A8-S100A9","CD8 T","HLA-E","CD8B",0.0245981176558468,0,"HLA-E_CD8B","HLA-E - CD8B","MHC-I","Cell-Cell Contact","KEGG: hsa04514","Non-malignant"
"Myeloid-CLEC10A-APC","CD8 T","HLA-E","CD8B",0.023068816266924,0,"HLA-E_CD8B","HLA-E - CD8B","MHC-I","Cell-Cell Contact","KEGG: hsa04514","Non-malignant"
"C6-SLC2A1-like","CD8 T","HLA-F","CD8B",0.00225128119541619,0,"HLA-F_CD8B","HLA-F - CD8B","MHC-I","Cell-Cell Contact","KEGG: hsa04514","Non-malignant"
"C7-APOBEC3A-like","CD8 T","HLA-F","CD8B",0.00951760786261459,0,"HLA-F_CD8B","HLA-F - CD8B","MHC-I","Cell-Cell Contact","KEGG: hsa04514","Non-malignant"
"Mac-Cycling","CD8 T","HLA-F","CD8B",0.00243661022082575,0,"HLA-F_CD8B","HLA-F - CD8B","MHC-I","Cell-Cell Contact","KEGG: hsa04514","Non-malignant"
"Mac-FOLR2-LYVE1-resident","CD8 T","HLA-F","CD8B",0.00251822891023706,0,"HLA-F_CD8B","HLA-F - CD8B","MHC-I","Cell-Cell Contact","KEGG: hsa04514","Non-malignant"
"Mac-OLFML3-CX3CR1-resident","CD8 T","HLA-F","CD8B",0.00619950787230559,0,"HLA-F_CD8B","HLA-F - CD8B","MHC-I","Cell-Cell Contact","KEGG: hsa04514","Non-malignant"
"Mono-FCN1-S100A8-S100A9","CD8 T","HLA-F","CD8B",0.0113219670422685,0,"HLA-F_CD8B","HLA-F - CD8B","MHC-I","Cell-Cell Contact","KEGG: hsa04514","Non-malignant"
"Myeloid-CLEC10A-APC","CD8 T","HLA-F","CD8B",0.00756137375978278,0,"HLA-F_CD8B","HLA-F - CD8B","MHC-I","Cell-Cell Contact","KEGG: hsa04514","Non-malignant"
"CD8 T","C7-APOBEC3A-like","HLA-F","LILRB1",0.0432213649473441,0,"HLA-F_LILRB1","HLA-F - LILRB1","MHC-I","Cell-Cell Contact","PMID: 28484462","Non-malignant"
"CD8 T","Mac-Cycling","HLA-F","LILRB1",0.00286448384636219,0,"HLA-F_LILRB1","HLA-F - LILRB1","MHC-I","Cell-Cell Contact","PMID: 28484462","Non-malignant"
"CD8 T","Mac-FOLR2-LYVE1-resident","HLA-F","LILRB1",0.00980587535508524,0,"HLA-F_LILRB1","HLA-F - LILRB1","MHC-I","Cell-Cell Contact","PMID: 28484462","Non-malignant"
"CD8 T","Mac-OLFML3-CX3CR1-resident","HLA-F","LILRB1",0.0111355214385197,0,"HLA-F_LILRB1","HLA-F - LILRB1","MHC-I","Cell-Cell Contact","PMID: 28484462","Non-malignant"
"CD8 T","Myeloid-CLEC10A-APC","HLA-F","LILRB1",0.00968903369320013,0,"HLA-F_LILRB1","HLA-F - LILRB1","MHC-I","Cell-Cell Contact","PMID: 28484462","Non-malignant"
"CD8 T","C6-SLC2A1-like","HLA-DPA1","CD4",0.0172743668255156,0,"HLA-DPA1_CD4","HLA-DPA1 - CD4","MHC-II","Cell-Cell Contact","KEGG: hsa04514","Non-malignant"
"CD8 T","C7-APOBEC3A-like","HLA-DPA1","CD4",0.011268875179051,0,"HLA-DPA1_CD4","HLA-DPA1 - CD4","MHC-II","Cell-Cell Contact","KEGG: hsa04514","Non-malignant"
"CD8 T","Mac-Cycling","HLA-DPA1","CD4",0.0139008033917187,0,"HLA-DPA1_CD4","HLA-DPA1 - CD4","MHC-II","Cell-Cell Contact","KEGG: hsa04514","Non-malignant"
"CD8 T","Mac-FOLR2-LYVE1-resident","HLA-DPA1","CD4",0.0195076529748491,0,"HLA-DPA1_CD4","HLA-DPA1 - CD4","MHC-II","Cell-Cell Contact","KEGG: hsa04514","Non-malignant"
"CD8 T","Mac-OLFML3-CX3CR1-resident","HLA-DPA1","CD4",0.0129450005787046,0,"HLA-DPA1_CD4","HLA-DPA1 - CD4","MHC-II","Cell-Cell Contact","KEGG: hsa04514","Non-malignant"
"CD8 T","Mono-FCN1-S100A8-S100A9","HLA-DPA1","CD4",0.00516625398708648,0,"HLA-DPA1_CD4","HLA-DPA1 - CD4","MHC-II","Cell-Cell Contact","KEGG: hsa04514","Non-malignant"
"CD8 T","Myeloid-CLEC10A-APC","HLA-DPA1","CD4",0.00964090482765076,0,"HLA-DPA1_CD4","HLA-DPA1 - CD4","MHC-II","Cell-Cell Contact","KEGG: hsa04514","Non-malignant"
"CD8 T","C6-SLC2A1-like","HLA-DPB1","CD4",0.0468103155565485,0,"HLA-DPB1_CD4","HLA-DPB1 - CD4","MHC-II","Cell-Cell Contact","KEGG: hsa04514","Non-malignant"
"CD8 T","C7-APOBEC3A-like","HLA-DPB1","CD4",0.030858990552467,0,"HLA-DPB1_CD4","HLA-DPB1 - CD4","MHC-II","Cell-Cell Contact","KEGG: hsa04514","Non-malignant"
"CD8 T","Mac-Cycling","HLA-DPB1","CD4",0.0378909905690483,0,"HLA-DPB1_CD4","HLA-DPB1 - CD4","MHC-II","Cell-Cell Contact","KEGG: hsa04514","Non-malignant"
"CD8 T","Mac-FOLR2-LYVE1-resident","HLA-DPB1","CD4",0.0526574976327338,0,"HLA-DPB1_CD4","HLA-DPB1 - CD4","MHC-II","Cell-Cell Contact","KEGG: hsa04514","Non-malignant"
"CD8 T","Mac-OLFML3-CX3CR1-resident","HLA-DPB1","CD4",0.035344775225822,0,"HLA-DPB1_CD4","HLA-DPB1 - CD4","MHC-II","Cell-Cell Contact","KEGG: hsa04514","Non-malignant"
"CD8 T","Mac-TNF-CCL4-inflammatory","HLA-DPB1","CD4",0.0075197808160009,0,"HLA-DPB1_CD4","HLA-DPB1 - CD4","MHC-II","Cell-Cell Contact","KEGG: hsa04514","Non-malignant"
"CD8 T","Mono-FCN1-S100A8-S100A9","HLA-DPB1","CD4",0.014300855097487,0,"HLA-DPB1_CD4","HLA-DPB1 - CD4","MHC-II","Cell-Cell Contact","KEGG: hsa04514","Non-malignant"
"CD8 T","Myeloid-CLEC10A-APC","HLA-DPB1","CD4",0.0264766987263679,0,"HLA-DPB1_CD4","HLA-DPB1 - CD4","MHC-II","Cell-Cell Contact","KEGG: hsa04514","Non-malignant"
"CD8 T","C6-SLC2A1-like","HLA-DRA","CD4",0.0131217370723779,0,"HLA-DRA_CD4","HLA-DRA - CD4","MHC-II","Cell-Cell Contact","KEGG: hsa04514","Non-malignant"
"CD8 T","C7-APOBEC3A-like","HLA-DRA","CD4",0.00854736457860849,0,"HLA-DRA_CD4","HLA-DRA - CD4","MHC-II","Cell-Cell Contact","KEGG: hsa04514","Non-malignant"
"CD8 T","Mac-Cycling","HLA-DRA","CD4",0.0105504466858717,0,"HLA-DRA_CD4","HLA-DRA - CD4","MHC-II","Cell-Cell Contact","KEGG: hsa04514","Non-malignant"
"CD8 T","Mac-FOLR2-LYVE1-resident","HLA-DRA","CD4",0.014826257404766,0,"HLA-DRA_CD4","HLA-DRA - CD4","MHC-II","Cell-Cell Contact","KEGG: hsa04514","Non-malignant"
"CD8 T","Mac-OLFML3-CX3CR1-resident","HLA-DRA","CD4",0.00982271571663587,0,"HLA-DRA_CD4","HLA-DRA - CD4","MHC-II","Cell-Cell Contact","KEGG: hsa04514","Non-malignant"
"CD8 T","Mono-FCN1-S100A8-S100A9","HLA-DRA","CD4",0.00391273582410014,0,"HLA-DRA_CD4","HLA-DRA - CD4","MHC-II","Cell-Cell Contact","KEGG: hsa04514","Non-malignant"
"CD8 T","Myeloid-CLEC10A-APC","HLA-DRA","CD4",0.00730965356425293,0,"HLA-DRA_CD4","HLA-DRA - CD4","MHC-II","Cell-Cell Contact","KEGG: hsa04514","Non-malignant"
"CD8 T","C6-SLC2A1-like","HLA-DRB1","CD4",0.0171362782873143,0,"HLA-DRB1_CD4","HLA-DRB1 - CD4","MHC-II","Cell-Cell Contact","KEGG: hsa04514","Non-malignant"
"CD8 T","C7-APOBEC3A-like","HLA-DRB1","CD4",0.0111782475184985,0,"HLA-DRB1_CD4","HLA-DRB1 - CD4","MHC-II","Cell-Cell Contact","KEGG: hsa04514","Non-malignant"
"CD8 T","Mac-Cycling","HLA-DRB1","CD4",0.0137893041796235,0,"HLA-DRB1_CD4","HLA-DRB1 - CD4","MHC-II","Cell-Cell Contact","KEGG: hsa04514","Non-malignant"
"CD8 T","Mac-FOLR2-LYVE1-resident","HLA-DRB1","CD4",0.0193520634590066,0,"HLA-DRB1_CD4","HLA-DRB1 - CD4","MHC-II","Cell-Cell Contact","KEGG: hsa04514","Non-malignant"
"CD8 T","Mac-OLFML3-CX3CR1-resident","HLA-DRB1","CD4",0.0128410680861388,0,"HLA-DRB1_CD4","HLA-DRB1 - CD4","MHC-II","Cell-Cell Contact","KEGG: hsa04514","Non-malignant"
"CD8 T","Mono-FCN1-S100A8-S100A9","HLA-DRB1","CD4",0.00512445105927947,0,"HLA-DRB1_CD4","HLA-DRB1 - CD4","MHC-II","Cell-Cell Contact","KEGG: hsa04514","Non-malignant"
"CD8 T","Myeloid-CLEC10A-APC","HLA-DRB1","CD4",0.0095632431560099,0,"HLA-DRB1_CD4","HLA-DRB1 - CD4","MHC-II","Cell-Cell Contact","KEGG: hsa04514","Non-malignant"
"C6-SLC2A1-like","CD8 T","NECTIN2","TIGIT",0.00152251195750476,0,"NECTIN2_TIGIT","NECTIN2 - TIGIT","NECTIN","Cell-Cell Contact","KEGG: hsa04514","Non-malignant"
"C7-APOBEC3A-like","CD8 T","NECTIN2","TIGIT",0.000424491541906641,0,"NECTIN2_TIGIT","NECTIN2 - TIGIT","NECTIN","Cell-Cell Contact","KEGG: hsa04514","Non-malignant"
"Mac-Cycling","CD8 T","NECTIN2","TIGIT",0.00136117848507332,0,"NECTIN2_TIGIT","NECTIN2 - TIGIT","NECTIN","Cell-Cell Contact","KEGG: hsa04514","Non-malignant"
"Mac-FOLR2-LYVE1-resident","CD8 T","NECTIN2","TIGIT",0.00156768344888475,0,"NECTIN2_TIGIT","NECTIN2 - TIGIT","NECTIN","Cell-Cell Contact","KEGG: hsa04514","Non-malignant"
"Mac-OLFML3-CX3CR1-resident","CD8 T","NECTIN2","TIGIT",0.00174346601172299,0,"NECTIN2_TIGIT","NECTIN2 - TIGIT","NECTIN","Cell-Cell Contact","KEGG: hsa04514","Non-malignant"
"CD8 T","C7-APOBEC3A-like","SELPLG","SELL",0.00526450887080345,0,"SELPLG_SELL","SELPLG - SELL","SELPLG","Cell-Cell Contact","PMC2431087; PMID:  8892633,PMID:  8896607","Non-malignant"
"CD8 T","Mono-FCN1-S100A8-S100A9","SELPLG","SELL",0.00415355071549755,0,"SELPLG_SELL","SELPLG - SELL","SELPLG","Cell-Cell Contact","PMC2431087; PMID:  8892633,PMID:  8896607","Non-malignant"
"CD8 T","C7-APOBEC3A-like","SEMA4D","PLXNB2",0.00423363960618746,0,"SEMA4D_PLXNB2","SEMA4D - PLXNB2","SEMA4","Cell-Cell Contact","PMID: 27533782","Non-malignant"
"CD8 T","Mac-Cycling","SEMA4D","PLXNB2",0.00240158768655035,0,"SEMA4D_PLXNB2","SEMA4D - PLXNB2","SEMA4","Cell-Cell Contact","PMID: 27533782","Non-malignant"
"CD8 T","Mac-FOLR2-LYVE1-resident","SEMA4D","PLXNB2",0.00084644514523496,0,"SEMA4D_PLXNB2","SEMA4D - PLXNB2","SEMA4","Cell-Cell Contact","PMID: 27533782","Non-malignant"
"CD8 T","Mac-OLFML3-CX3CR1-resident","SEMA4D","PLXNB2",0.00203049950538478,0,"SEMA4D_PLXNB2","SEMA4D - PLXNB2","SEMA4","Cell-Cell Contact","PMID: 27533782","Non-malignant"
"CD8 T","Mono-FCN1-S100A8-S100A9","SEMA4D","PLXNB2",0.00270549441208338,0,"SEMA4D_PLXNB2","SEMA4D - PLXNB2","SEMA4","Cell-Cell Contact","PMID: 27533782","Non-malignant"
"CD8 T","Myeloid-CLEC10A-APC","SEMA4D","PLXNB2",0.00157976570185687,0,"SEMA4D_PLXNB2","SEMA4D - PLXNB2","SEMA4","Cell-Cell Contact","PMID: 27533782","Non-malignant"
"C6-SLC2A1-like","CD8 T","SIGLEC1","SPN",0.0106661882590241,0,"SIGLEC1_SPN","SIGLEC1 - SPN","SN","Cell-Cell Contact","KEGG: hsa04514; PMID: 11238599","Non-malignant"
"C7-APOBEC3A-like","CD8 T","SIGLEC1","SPN",0.00279386572250769,0,"SIGLEC1_SPN","SIGLEC1 - SPN","SN","Cell-Cell Contact","KEGG: hsa04514; PMID: 11238599","Non-malignant"
"Mac-Cycling","CD8 T","SIGLEC1","SPN",0.00833183418214789,0,"SIGLEC1_SPN","SIGLEC1 - SPN","SN","Cell-Cell Contact","KEGG: hsa04514; PMID: 11238599","Non-malignant"
"Mac-FOLR2-LYVE1-resident","CD8 T","SIGLEC1","SPN",0.0139593296236188,0,"SIGLEC1_SPN","SIGLEC1 - SPN","SN","Cell-Cell Contact","KEGG: hsa04514; PMID: 11238599","Non-malignant"
"Mac-OLFML3-CX3CR1-resident","CD8 T","SIGLEC1","SPN",0.0025487059991122,0,"SIGLEC1_SPN","SIGLEC1 - SPN","SN","Cell-Cell Contact","KEGG: hsa04514; PMID: 11238599","Non-malignant"
"Mac-TNF-CCL4-inflammatory","CD8 T","SIGLEC1","SPN",0.00462283983437971,0,"SIGLEC1_SPN","SIGLEC1 - SPN","SN","Cell-Cell Contact","KEGG: hsa04514; PMID: 11238599","Non-malignant"
"C6-SLC2A1-like","CD8 T","CD55","ADGRE5",0.00614616967657023,0,"CD55_ADGRE5","CD55 - ADGRE5","ADGRE","Cell-Cell Contact","PMID: 31462748","Non-malignant"
"C7-APOBEC3A-like","CD8 T","CD55","ADGRE5",0.0384642631134963,0,"CD55_ADGRE5","CD55 - ADGRE5","ADGRE","Cell-Cell Contact","PMID: 31462748","Non-malignant"
"Mac-Cycling","CD8 T","CD55","ADGRE5",0.0176610288100852,0,"CD55_ADGRE5","CD55 - ADGRE5","ADGRE","Cell-Cell Contact","PMID: 31462748","Non-malignant"
"Mac-FOLR2-LYVE1-resident","CD8 T","CD55","ADGRE5",0.00809326249597922,0,"CD55_ADGRE5","CD55 - ADGRE5","ADGRE","Cell-Cell Contact","PMID: 31462748","Non-malignant"
"Mac-OLFML3-CX3CR1-resident","CD8 T","CD55","ADGRE5",0.00755794533186369,0,"CD55_ADGRE5","CD55 - ADGRE5","ADGRE","Cell-Cell Contact","PMID: 31462748","Non-malignant"
"Mac-TNF-CCL4-inflammatory","CD8 T","CD55","ADGRE5",0.0106970653437958,0,"CD55_ADGRE5","CD55 - ADGRE5","ADGRE","Cell-Cell Contact","PMID: 31462748","Non-malignant"
"Mono-FCN1-S100A8-S100A9","CD8 T","CD55","ADGRE5",0.0483718254386975,0,"CD55_ADGRE5","CD55 - ADGRE5","ADGRE","Cell-Cell Contact","PMID: 31462748","Non-malignant"
"Myeloid-CLEC10A-APC","CD8 T","CD55","ADGRE5",0.0292621254839322,0,"CD55_ADGRE5","CD55 - ADGRE5","ADGRE","Cell-Cell Contact","PMID: 31462748","Non-malignant"
"C6-SLC2A1-like","CD8 T","ITGAV_ITGB1","ADGRE5",0.0153218609104,0,"ITGAV_ITGB1_ADGRE5","(ITGAV+ITGB1) - ADGRE5","ADGRE","Cell-Cell Contact","PMID: 31462748","Non-malignant"
"Mac-Cycling","CD8 T","ITGAV_ITGB1","ADGRE5",0.0134510523381259,0,"ITGAV_ITGB1_ADGRE5","(ITGAV+ITGB1) - ADGRE5","ADGRE","Cell-Cell Contact","PMID: 31462748","Non-malignant"
"Mac-OLFML3-CX3CR1-resident","CD8 T","ITGAV_ITGB1","ADGRE5",0.0141954089182832,0,"ITGAV_ITGB1_ADGRE5","(ITGAV+ITGB1) - ADGRE5","ADGRE","Cell-Cell Contact","PMID: 31462748","Non-malignant"
"Myeloid-CLEC10A-APC","CD8 T","ITGAV_ITGB1","ADGRE5",0.0117717706926575,0,"ITGAV_ITGB1_ADGRE5","(ITGAV+ITGB1) - ADGRE5","ADGRE","Cell-Cell Contact","PMID: 31462748","Non-malignant"
"C7-APOBEC3A-like","CD8 T","COL3A1","ADGRG1",0.00212774786433736,0,"COL3A1_ADGRG1","COL3A1 - ADGRG1","ADGRG","Cell-Cell Contact","PMID: 31462748;UniProtKB","Non-malignant"
"Mac-Cycling","CD8 T","COL3A1","ADGRG1",0.00132364557777525,0,"COL3A1_ADGRG1","COL3A1 - ADGRG1","ADGRG","Cell-Cell Contact","PMID: 31462748;UniProtKB","Non-malignant"
"Mac-NUPR1-IGF2-stress","CD8 T","COL3A1","ADGRG1",0.0011463468615775,0,"COL3A1_ADGRG1","COL3A1 - ADGRG1","ADGRG","Cell-Cell Contact","PMID: 31462748;UniProtKB","Non-malignant"
"C6-SLC2A1-like","CD8 T","TGM2","ADGRG1",0.00098275326222676,0,"TGM2_ADGRG1","TGM2 - ADGRG1","ADGRG","Cell-Cell Contact","PMID: 31462748","Non-malignant"
"C7-APOBEC3A-like","CD8 T","TGM2","ADGRG1",0.00233596398727622,0,"TGM2_ADGRG1","TGM2 - ADGRG1","ADGRG","Cell-Cell Contact","PMID: 31462748","Non-malignant"
"C6-SLC2A1-like","CD8 T","APP","SORL1",0.00562858766685741,0,"APP_SORL1","APP - SORL1","APP","Cell-Cell Contact","PMID: 24523320","Non-malignant"
"C7-APOBEC3A-like","CD8 T","APP","SORL1",0.00134790887099876,0.01,"APP_SORL1","APP - SORL1","APP","Cell-Cell Contact","PMID: 24523320","Non-malignant"
"Mac-Cycling","CD8 T","APP","SORL1",0.00205879679756915,0,"APP_SORL1","APP - SORL1","APP","Cell-Cell Contact","PMID: 24523320","Non-malignant"
"Mac-FOLR2-LYVE1-resident","CD8 T","APP","SORL1",0.00268304379803941,0,"APP_SORL1","APP - SORL1","APP","Cell-Cell Contact","PMID: 24523320","Non-malignant"
"Mac-OLFML3-CX3CR1-resident","CD8 T","APP","SORL1",0.00161869505539355,0,"APP_SORL1","APP - SORL1","APP","Cell-Cell Contact","PMID: 24523320","Non-malignant"
"Mac-TNF-CCL4-inflammatory","CD8 T","APP","SORL1",0.00356781844272964,0,"APP_SORL1","APP - SORL1","APP","Cell-Cell Contact","PMID: 24523320","Non-malignant"
"Myeloid-CLEC10A-APC","CD8 T","APP","SORL1",0.00119740493119164,0.01,"APP_SORL1","APP - SORL1","APP","Cell-Cell Contact","PMID: 24523320","Non-malignant"
"CD8 T","C6-SLC2A1-like","TGFB1","TGFbR1_R2",0.00227501930476582,0,"TGFB1_TGFBR1_TGFBR2","TGFB1 - (TGFBR1+TGFBR2)","TGFb","Secreted Signaling","KEGG: hsa04350","Early"
"CD8 T","C7-APOBEC3A-like","TGFB1","TGFbR1_R2",0.00440956266940448,0,"TGFB1_TGFBR1_TGFBR2","TGFB1 - (TGFBR1+TGFBR2)","TGFb","Secreted Signaling","KEGG: hsa04350","Early"
"CD8 T","Mac-Cycling","TGFB1","TGFbR1_R2",0.00163898976734234,0,"TGFB1_TGFBR1_TGFBR2","TGFB1 - (TGFBR1+TGFBR2)","TGFb","Secreted Signaling","KEGG: hsa04350","Early"
"CD8 T","Mac-OLFML3-CX3CR1-resident","TGFB1","TGFbR1_R2",0.00375829832251431,0,"TGFB1_TGFBR1_TGFBR2","TGFB1 - (TGFBR1+TGFBR2)","TGFb","Secreted Signaling","KEGG: hsa04350","Early"
"CD8 T","Myeloid-CLEC10A-APC","TGFB1","TGFbR1_R2",0.00195025419931069,0,"TGFB1_TGFBR1_TGFBR2","TGFB1 - (TGFBR1+TGFBR2)","TGFb","Secreted Signaling","KEGG: hsa04350","Early"
"CD8 T","C7-APOBEC3A-like","TGFB1","ACVR1B_TGFbR2",0.000839005466667951,0,"TGFB1_ACVR1B_TGFBR2","TGFB1 - (ACVR1B+TGFBR2)","TGFb","Secreted Signaling","PMID: 27449815","Early"
"CD8 T","C6-SLC2A1-like","CCL5","CCR1",0.0937589176163993,0,"CCL5_CCR1","CCL5 - CCR1","CCL","Secreted Signaling","KEGG: hsa04060","Early"
"CD8 T","C7-APOBEC3A-like","CCL5","CCR1",0.1032876173196,0,"CCL5_CCR1","CCL5 - CCR1","CCL","Secreted Signaling","KEGG: hsa04060","Early"
"CD8 T","Mac-Cycling","CCL5","CCR1",0.071658714275845,0,"CCL5_CCR1","CCL5 - CCR1","CCL","Secreted Signaling","KEGG: hsa04060","Early"
"CD8 T","Mac-FOLR2-LYVE1-resident","CCL5","CCR1",0.0328041402021001,0,"CCL5_CCR1","CCL5 - CCR1","CCL","Secreted Signaling","KEGG: hsa04060","Early"
"CD8 T","Mac-OLFML3-CX3CR1-resident","CCL5","CCR1",0.0312012678773277,0,"CCL5_CCR1","CCL5 - CCR1","CCL","Secreted Signaling","KEGG: hsa04060","Early"
"CD8 T","Mono-FCN1-S100A8-S100A9","CCL5","CCR1",0.0506998993983355,0,"CCL5_CCR1","CCL5 - CCR1","CCL","Secreted Signaling","KEGG: hsa04060","Early"
"CD8 T","Myeloid-CLEC10A-APC","CCL5","CCR1",0.0446920634102187,0,"CCL5_CCR1","CCL5 - CCR1","CCL","Secreted Signaling","KEGG: hsa04060","Early"
"CD8 T","C6-SLC2A1-like","CCL3","CCR1",0.0185058100131322,0,"CCL3_CCR1","CCL3 - CCR1","CCL","Secreted Signaling","KEGG: hsa04060","Early"
"CD8 T","C7-APOBEC3A-like","CCL3","CCR1",0.0205600623818291,0,"CCL3_CCR1","CCL3 - CCR1","CCL","Secreted Signaling","KEGG: hsa04060","Early"
"CD8 T","Mac-Cycling","CCL3","CCR1",0.0138722231308235,0,"CCL3_CCR1","CCL3 - CCR1","CCL","Secreted Signaling","KEGG: hsa04060","Early"
"CD8 T","Mac-FOLR2-LYVE1-resident","CCL3","CCR1",0.00614312853637402,0,"CCL3_CCR1","CCL3 - CCR1","CCL","Secreted Signaling","KEGG: hsa04060","Early"
"CD8 T","Mac-OLFML3-CX3CR1-resident","CCL3","CCR1",0.00583510440917432,0,"CCL3_CCR1","CCL3 - CCR1","CCL","Secreted Signaling","KEGG: hsa04060","Early"
"CD8 T","Mono-FCN1-S100A8-S100A9","CCL3","CCR1",0.00963936592372611,0,"CCL3_CCR1","CCL3 - CCR1","CCL","Secreted Signaling","KEGG: hsa04060","Early"
"CD8 T","Myeloid-CLEC10A-APC","CCL3","CCR1",0.00845379098583605,0,"CCL3_CCR1","CCL3 - CCR1","CCL","Secreted Signaling","KEGG: hsa04060","Early"
"CD8 T","C6-SLC2A1-like","CCL4","CCR5",0.00925063172503795,0,"CCL4_CCR5","CCL4 - CCR5","CCL","Secreted Signaling","KEGG: hsa04060","Early"
"CD8 T","C7-APOBEC3A-like","CCL4","CCR5",0.0147961781252123,0,"CCL4_CCR5","CCL4 - CCR5","CCL","Secreted Signaling","KEGG: hsa04060","Early"
"CD8 T","Myeloid-CLEC10A-APC","CCL4","CCR5",0.00749663045145621,0,"CCL4_CCR5","CCL4 - CCR5","CCL","Secreted Signaling","KEGG: hsa04060","Early"
"CD8 T","C6-SLC2A1-like","CCL5","CCR5",0.0142159373621,0,"CCL5_CCR5","CCL5 - CCR5","CCL","Secreted Signaling","KEGG: hsa04060","Early"
"CD8 T","C7-APOBEC3A-like","CCL5","CCR5",0.0226699639835491,0,"CCL5_CCR5","CCL5 - CCR5","CCL","Secreted Signaling","KEGG: hsa04060","Early"
"CD8 T","Myeloid-CLEC10A-APC","CCL5","CCR5",0.0115314282058705,0,"CCL5_CCR5","CCL5 - CCR5","CCL","Secreted Signaling","KEGG: hsa04060","Early"
"CD8 T","C6-SLC2A1-like","CCL3","CCR5",0.00262123135831187,0.01,"CCL3_CCR5","CCL3 - CCR5","CCL","Secreted Signaling","KEGG: hsa04060","Early"
"CD8 T","C7-APOBEC3A-like","CCL3","CCR5",0.00420948625659408,0.02,"CCL3_CCR5","CCL3 - CCR5","CCL","Secreted Signaling","KEGG: hsa04060","Early"
"CD8 T","Myeloid-CLEC10A-APC","CCL3","CCR5",0.00212153115094891,0.01,"CCL3_CCR5","CCL3 - CCR5","CCL","Secreted Signaling","KEGG: hsa04060","Early"
"C6-SLC2A1-like","CD8 T","CXCL9","CXCR3",0.000955404984805722,0,"CXCL9_CXCR3","CXCL9 - CXCR3","CXCL","Secreted Signaling","KEGG: hsa04060","Early"
"C7-APOBEC3A-like","CD8 T","CXCL9","CXCR3",0.0174210681202308,0,"CXCL9_CXCR3","CXCL9 - CXCR3","CXCL","Secreted Signaling","KEGG: hsa04060","Early"
"Mac-Cycling","CD8 T","CXCL9","CXCR3",0.00476888133346161,0,"CXCL9_CXCR3","CXCL9 - CXCR3","CXCL","Secreted Signaling","KEGG: hsa04060","Early"
"Mac-OLFML3-CX3CR1-resident","CD8 T","CXCL9","CXCR3",0.00300670059197052,0,"CXCL9_CXCR3","CXCL9 - CXCR3","CXCL","Secreted Signaling","KEGG: hsa04060","Early"
"C6-SLC2A1-like","CD8 T","CXCL10","CXCR3",0.00251466188103459,0,"CXCL10_CXCR3","CXCL10 - CXCR3","CXCL","Secreted Signaling","KEGG: hsa04060","Early"
"C7-APOBEC3A-like","CD8 T","CXCL10","CXCR3",0.0192839319393641,0,"CXCL10_CXCR3","CXCL10 - CXCR3","CXCL","Secreted Signaling","KEGG: hsa04060","Early"
"Mac-Cycling","CD8 T","CXCL10","CXCR3",0.00799211281353237,0,"CXCL10_CXCR3","CXCL10 - CXCR3","CXCL","Secreted Signaling","KEGG: hsa04060","Early"
"Mac-NUPR1-IGF2-stress","CD8 T","CXCL10","CXCR3",0.00103111872609172,0,"CXCL10_CXCR3","CXCL10 - CXCR3","CXCL","Secreted Signaling","KEGG: hsa04060","Early"
"Mac-OLFML3-CX3CR1-resident","CD8 T","CXCL10","CXCR3",0.000679055371212646,0,"CXCL10_CXCR3","CXCL10 - CXCR3","CXCL","Secreted Signaling","KEGG: hsa04060","Early"
"Mono-FCN1-S100A8-S100A9","CD8 T","CXCL10","CXCR3",0.00196530371727513,0,"CXCL10_CXCR3","CXCL10 - CXCR3","CXCL","Secreted Signaling","KEGG: hsa04060","Early"
"C7-APOBEC3A-like","CD8 T","CXCL11","CXCR3",0.00996311617638476,0,"CXCL11_CXCR3","CXCL11 - CXCR3","CXCL","Secreted Signaling","KEGG: hsa04060","Early"
"Mac-Cycling","CD8 T","CXCL11","CXCR3",0.00190258828188061,0,"CXCL11_CXCR3","CXCL11 - CXCR3","CXCL","Secreted Signaling","KEGG: hsa04060","Early"
"C6-SLC2A1-like","CD8 T","CXCL16","CXCR6",0.0126979932138089,0,"CXCL16_CXCR6","CXCL16 - CXCR6","CXCL","Secreted Signaling","KEGG: hsa04060","Early"
"C7-APOBEC3A-like","CD8 T","CXCL16","CXCR6",0.0152284654390919,0,"CXCL16_CXCR6","CXCL16 - CXCR6","CXCL","Secreted Signaling","KEGG: hsa04060","Early"
"Mac-Cycling","CD8 T","CXCL16","CXCR6",0.0029224792977147,0,"CXCL16_CXCR6","CXCL16 - CXCR6","CXCL","Secreted Signaling","KEGG: hsa04060","Early"
"Mac-FOLR2-LYVE1-resident","CD8 T","CXCL16","CXCR6",0.00422635374183896,0,"CXCL16_CXCR6","CXCL16 - CXCR6","CXCL","Secreted Signaling","KEGG: hsa04060","Early"
"Mac-NUPR1-IGF2-stress","CD8 T","CXCL16","CXCR6",0.00532327352426288,0,"CXCL16_CXCR6","CXCL16 - CXCR6","CXCL","Secreted Signaling","KEGG: hsa04060","Early"
"Mac-OLFML3-CX3CR1-resident","CD8 T","CXCL16","CXCR6",0.0114667040450574,0,"CXCL16_CXCR6","CXCL16 - CXCR6","CXCL","Secreted Signaling","KEGG: hsa04060","Early"
"Mac-TNF-CCL4-inflammatory","CD8 T","CXCL16","CXCR6",0.0111995365706283,0,"CXCL16_CXCR6","CXCL16 - CXCR6","CXCL","Secreted Signaling","KEGG: hsa04060","Early"
"Mono-FCN1-S100A8-S100A9","CD8 T","CXCL16","CXCR6",0.00329152469519814,0,"CXCL16_CXCR6","CXCL16 - CXCR6","CXCL","Secreted Signaling","KEGG: hsa04060","Early"
"Myeloid-CLEC10A-APC","CD8 T","CXCL16","CXCR6",0.0102510629798171,0,"CXCL16_CXCR6","CXCL16 - CXCR6","CXCL","Secreted Signaling","KEGG: hsa04060","Early"
"C6-SLC2A1-like","CD8 T","MIF","CD74_CXCR4",0.0439029054757278,0,"MIF_CD74_CXCR4","MIF - (CD74+CXCR4)","MIF","Secreted Signaling","PMID: 29637711; PMID: 24760155","Early"
"Mac-Cycling","CD8 T","MIF","CD74_CXCR4",0.0298378448359112,0.03,"MIF_CD74_CXCR4","MIF - (CD74+CXCR4)","MIF","Secreted Signaling","PMID: 29637711; PMID: 24760155","Early"
"Myeloid-CLEC10A-APC","CD8 T","MIF","CD74_CXCR4",0.0393265333919406,0,"MIF_CD74_CXCR4","MIF - (CD74+CXCR4)","MIF","Secreted Signaling","PMID: 29637711; PMID: 24760155","Early"
"C6-SLC2A1-like","CD8 T","MIF","CD74_CD44",0.0653616159312538,0,"MIF_CD74_CD44","MIF - (CD74+CD44)","MIF","Secreted Signaling","PMID: 29637711; PMID: 26175090","Early"
"Mac-Cycling","CD8 T","MIF","CD74_CD44",0.0447436056845809,0,"MIF_CD74_CD44","MIF - (CD74+CD44)","MIF","Secreted Signaling","PMID: 29637711; PMID: 26175090","Early"
"Mac-OLFML3-CX3CR1-resident","CD8 T","MIF","CD74_CD44",0.0334173081353828,0.04,"MIF_CD74_CD44","MIF - (CD74+CD44)","MIF","Secreted Signaling","PMID: 29637711; PMID: 26175090","Early"
"Myeloid-CLEC10A-APC","CD8 T","MIF","CD74_CD44",0.0586857178466368,0,"MIF_CD74_CD44","MIF - (CD74+CD44)","MIF","Secreted Signaling","PMID: 29637711; PMID: 26175090","Early"
"CD8 T","C6-SLC2A1-like","CSF1","CSF1R",0.0085790517926992,0,"CSF1_CSF1R","CSF1 - CSF1R","CSF","Secreted Signaling","KEGG: hsa04060","Early"
"CD8 T","C7-APOBEC3A-like","CSF1","CSF1R",0.0168458817979028,0,"CSF1_CSF1R","CSF1 - CSF1R","CSF","Secreted Signaling","KEGG: hsa04060","Early"
"CD8 T","Mac-Cycling","CSF1","CSF1R",0.012412998152159,0,"CSF1_CSF1R","CSF1 - CSF1R","CSF","Secreted Signaling","KEGG: hsa04060","Early"
"CD8 T","Mac-FOLR2-LYVE1-resident","CSF1","CSF1R",0.0048321183073706,0,"CSF1_CSF1R","CSF1 - CSF1R","CSF","Secreted Signaling","KEGG: hsa04060","Early"
"CD8 T","Mac-OLFML3-CX3CR1-resident","CSF1","CSF1R",0.015301993732191,0,"CSF1_CSF1R","CSF1 - CSF1R","CSF","Secreted Signaling","KEGG: hsa04060","Early"
"CD8 T","Mac-TNF-CCL4-inflammatory","CSF1","CSF1R",0.00454816264440891,0,"CSF1_CSF1R","CSF1 - CSF1R","CSF","Secreted Signaling","KEGG: hsa04060","Early"
"CD8 T","Mono-FCN1-S100A8-S100A9","CSF1","CSF1R",0.00393335517088241,0,"CSF1_CSF1R","CSF1 - CSF1R","CSF","Secreted Signaling","KEGG: hsa04060","Early"
"CD8 T","Myeloid-CLEC10A-APC","CSF1","CSF1R",0.0128610288043365,0,"CSF1_CSF1R","CSF1 - CSF1R","CSF","Secreted Signaling","KEGG: hsa04060","Early"
"CD8 T","C6-SLC2A1-like","IFNG","IFNGR1_IFNGR2",0.0195243125817673,0,"IFNG_IFNGR1_IFNGR2","IFNG - (IFNGR1+IFNGR2)","IFN-II","Secreted Signaling","KEGG: hsa04060","Early"
"CD8 T","C7-APOBEC3A-like","IFNG","IFNGR1_IFNGR2",0.0162089005186612,0,"IFNG_IFNGR1_IFNGR2","IFNG - (IFNGR1+IFNGR2)","IFN-II","Secreted Signaling","KEGG: hsa04060","Early"
"CD8 T","Mac-Cycling","IFNG","IFNGR1_IFNGR2",0.019764396482829,0,"IFNG_IFNGR1_IFNGR2","IFNG - (IFNGR1+IFNGR2)","IFN-II","Secreted Signaling","KEGG: hsa04060","Early"
"CD8 T","Mac-FOLR2-LYVE1-resident","IFNG","IFNGR1_IFNGR2",0.0063043287180999,0,"IFNG_IFNGR1_IFNGR2","IFNG - (IFNGR1+IFNGR2)","IFN-II","Secreted Signaling","KEGG: hsa04060","Early"
"CD8 T","Mac-OLFML3-CX3CR1-resident","IFNG","IFNGR1_IFNGR2",0.0158898311392576,0,"IFNG_IFNGR1_IFNGR2","IFNG - (IFNGR1+IFNGR2)","IFN-II","Secreted Signaling","KEGG: hsa04060","Early"
"CD8 T","Mac-TNF-CCL4-inflammatory","IFNG","IFNGR1_IFNGR2",0.0111474241818928,0,"IFNG_IFNGR1_IFNGR2","IFNG - (IFNGR1+IFNGR2)","IFN-II","Secreted Signaling","KEGG: hsa04060","Early"
"CD8 T","Mono-FCN1-S100A8-S100A9","IFNG","IFNGR1_IFNGR2",0.0101293957048123,0,"IFNG_IFNGR1_IFNGR2","IFNG - (IFNGR1+IFNGR2)","IFN-II","Secreted Signaling","KEGG: hsa04060","Early"
"CD8 T","Myeloid-CLEC10A-APC","IFNG","IFNGR1_IFNGR2",0.0217306954407705,0,"IFNG_IFNGR1_IFNGR2","IFNG - (IFNGR1+IFNGR2)","IFN-II","Secreted Signaling","KEGG: hsa04060","Early"
"C6-SLC2A1-like","CD8 T","TNF","TNFRSF1B",0.00890801194834423,0,"TNF_TNFRSF1B","TNF - TNFRSF1B","TNF","Secreted Signaling","KEGG: hsa04060","Early"
"C7-APOBEC3A-like","CD8 T","TNF","TNFRSF1B",0.0106077369024208,0,"TNF_TNFRSF1B","TNF - TNFRSF1B","TNF","Secreted Signaling","KEGG: hsa04060","Early"
"Mac-Cycling","CD8 T","TNF","TNFRSF1B",0.0192038268010112,0,"TNF_TNFRSF1B","TNF - TNFRSF1B","TNF","Secreted Signaling","KEGG: hsa04060","Early"
"Mac-OLFML3-CX3CR1-resident","CD8 T","TNF","TNFRSF1B",0.0153671319124115,0,"TNF_TNFRSF1B","TNF - TNFRSF1B","TNF","Secreted Signaling","KEGG: hsa04060","Early"
"Mac-TNF-CCL4-inflammatory","CD8 T","TNF","TNFRSF1B",0.0344445591020802,0,"TNF_TNFRSF1B","TNF - TNFRSF1B","TNF","Secreted Signaling","KEGG: hsa04060","Early"
"Mono-FCN1-S100A8-S100A9","CD8 T","TNF","TNFRSF1B",0.00504137435346421,0,"TNF_TNFRSF1B","TNF - TNFRSF1B","TNF","Secreted Signaling","KEGG: hsa04060","Early"
"Myeloid-CLEC10A-APC","CD8 T","TNF","TNFRSF1B",0.0127230734567113,0,"TNF_TNFRSF1B","TNF - TNFRSF1B","TNF","Secreted Signaling","KEGG: hsa04060","Early"
"CD8 T","C7-APOBEC3A-like","FASLG","FAS",0.00116526082315325,0,"FASL_FAS","FASL - FAS","FASLG","Secreted Signaling","KEGG: hsa04060","Early"
"C6-SLC2A1-like","CD8 T","SPP1","CD44",0.174713599887163,0,"SPP1_CD44","SPP1 - CD44","SPP1","Secreted Signaling","PMID: 21907263","Early"
"C7-APOBEC3A-like","CD8 T","SPP1","CD44",0.0741278844191453,0,"SPP1_CD44","SPP1 - CD44","SPP1","Secreted Signaling","PMID: 21907263","Early"
"Mac-Cycling","CD8 T","SPP1","CD44",0.140287204372135,0,"SPP1_CD44","SPP1 - CD44","SPP1","Secreted Signaling","PMID: 21907263","Early"
"Mac-FOLR2-LYVE1-resident","CD8 T","SPP1","CD44",0.0587807780753439,0,"SPP1_CD44","SPP1 - CD44","SPP1","Secreted Signaling","PMID: 21907263","Early"
"Mac-NUPR1-IGF2-stress","CD8 T","SPP1","CD44",0.0972571144569199,0,"SPP1_CD44","SPP1 - CD44","SPP1","Secreted Signaling","PMID: 21907263","Early"
"Mac-OLFML3-CX3CR1-resident","CD8 T","SPP1","CD44",0.111377454297343,0,"SPP1_CD44","SPP1 - CD44","SPP1","Secreted Signaling","PMID: 21907263","Early"
"Mac-TNF-CCL4-inflammatory","CD8 T","SPP1","CD44",0.14849899050412,0,"SPP1_CD44","SPP1 - CD44","SPP1","Secreted Signaling","PMID: 21907263","Early"
"Mono-FCN1-S100A8-S100A9","CD8 T","SPP1","CD44",0.00840132725048291,0.01,"SPP1_CD44","SPP1 - CD44","SPP1","Secreted Signaling","PMID: 21907263","Early"
"Myeloid-CLEC10A-APC","CD8 T","SPP1","CD44",0.113245628122629,0,"SPP1_CD44","SPP1 - CD44","SPP1","Secreted Signaling","PMID: 21907263","Early"
"C6-SLC2A1-like","CD8 T","SPP1","ITGA4_ITGB1",0.0645307597072507,0,"SPP1_ITGA4_ITGB1","SPP1 - (ITGA4+ITGB1)","SPP1","Secreted Signaling","PMID: 21907263","Early"
"C7-APOBEC3A-like","CD8 T","SPP1","ITGA4_ITGB1",0.0254250084681834,0,"SPP1_ITGA4_ITGB1","SPP1 - (ITGA4+ITGB1)","SPP1","Secreted Signaling","PMID: 21907263","Early"
"Mac-Cycling","CD8 T","SPP1","ITGA4_ITGB1",0.0504871393558052,0,"SPP1_ITGA4_ITGB1","SPP1 - (ITGA4+ITGB1)","SPP1","Secreted Signaling","PMID: 21907263","Early"
"Mac-FOLR2-LYVE1-resident","CD8 T","SPP1","ITGA4_ITGB1",0.0199439284979213,0,"SPP1_ITGA4_ITGB1","SPP1 - (ITGA4+ITGB1)","SPP1","Secreted Signaling","PMID: 21907263","Early"
"Mac-NUPR1-IGF2-stress","CD8 T","SPP1","ITGA4_ITGB1",0.033914703194185,0,"SPP1_ITGA4_ITGB1","SPP1 - (ITGA4+ITGB1)","SPP1","Secreted Signaling","PMID: 21907263","Early"
"Mac-OLFML3-CX3CR1-resident","CD8 T","SPP1","ITGA4_ITGB1",0.0392383608064723,0,"SPP1_ITGA4_ITGB1","SPP1 - (ITGA4+ITGB1)","SPP1","Secreted Signaling","PMID: 21907263","Early"
"Mac-TNF-CCL4-inflammatory","CD8 T","SPP1","ITGA4_ITGB1",0.0537712012066107,0,"SPP1_ITGA4_ITGB1","SPP1 - (ITGA4+ITGB1)","SPP1","Secreted Signaling","PMID: 21907263","Early"
"Myeloid-CLEC10A-APC","CD8 T","SPP1","ITGA4_ITGB1",0.0399509200028787,0,"SPP1_ITGA4_ITGB1","SPP1 - (ITGA4+ITGB1)","SPP1","Secreted Signaling","PMID: 21907263","Early"
"C6-SLC2A1-like","CD8 T","RETN","CAP1",0.00336877941060646,0,"RETN_CAP1","RETN - CAP1","RESISTIN","Secreted Signaling","PMID: 30809105","Early"
"C7-APOBEC3A-like","CD8 T","RETN","CAP1",0.0175899483784989,0,"RETN_CAP1","RETN - CAP1","RESISTIN","Secreted Signaling","PMID: 30809105","Early"
"Mono-FCN1-S100A8-S100A9","CD8 T","RETN","CAP1",0.0132037354029969,0,"RETN_CAP1","RETN - CAP1","RESISTIN","Secreted Signaling","PMID: 30809105","Early"
"Myeloid-CLEC10A-APC","CD8 T","RETN","CAP1",0.00211803705295164,0,"RETN_CAP1","RETN - CAP1","RESISTIN","Secreted Signaling","PMID: 30809105","Early"
"CD8 T","C7-APOBEC3A-like","ANXA1","FPR2",0.000613968836846264,0,"ANXA1_FPR2","ANXA1 - FPR2","ANNEXIN","Secreted Signaling","PMID: 23230437","Early"
"CD8 T","C6-SLC2A1-like","ANXA1","FPR1",0.00190257092411464,0,"ANXA1_FPR1","ANXA1 - FPR1","ANNEXIN","Secreted Signaling","PMID: 23230437","Early"
"CD8 T","C7-APOBEC3A-like","ANXA1","FPR1",0.00917616809459659,0,"ANXA1_FPR1","ANXA1 - FPR1","ANNEXIN","Secreted Signaling","PMID: 23230437","Early"
"CD8 T","Mac-Cycling","ANXA1","FPR1",0.00257218856243159,0,"ANXA1_FPR1","ANXA1 - FPR1","ANNEXIN","Secreted Signaling","PMID: 23230437","Early"
"CD8 T","Mac-OLFML3-CX3CR1-resident","ANXA1","FPR1",0.00411515901420867,0,"ANXA1_FPR1","ANXA1 - FPR1","ANNEXIN","Secreted Signaling","PMID: 23230437","Early"
"CD8 T","Mono-FCN1-S100A8-S100A9","ANXA1","FPR1",0.015069422375348,0,"ANXA1_FPR1","ANXA1 - FPR1","ANNEXIN","Secreted Signaling","PMID: 23230437","Early"
"CD8 T","Myeloid-CLEC10A-APC","ANXA1","FPR1",0.0120532817515669,0,"ANXA1_FPR1","ANXA1 - FPR1","ANNEXIN","Secreted Signaling","PMID: 23230437","Early"
"C6-SLC2A1-like","CD8 T","LGALS9","PTPRC",0.077000503864649,0,"LGALS9_CD45","LGALS9 - CD45","GALECTIN","Secreted Signaling","PMID: 30120235","Early"
"C7-APOBEC3A-like","CD8 T","LGALS9","PTPRC",0.0988188978236957,0,"LGALS9_CD45","LGALS9 - CD45","GALECTIN","Secreted Signaling","PMID: 30120235","Early"
"Mac-Cycling","CD8 T","LGALS9","PTPRC",0.0993263105008714,0,"LGALS9_CD45","LGALS9 - CD45","GALECTIN","Secreted Signaling","PMID: 30120235","Early"
"Mac-FOLR2-LYVE1-resident","CD8 T","LGALS9","PTPRC",0.0315472226776097,0,"LGALS9_CD45","LGALS9 - CD45","GALECTIN","Secreted Signaling","PMID: 30120235","Early"
"Mac-OLFML3-CX3CR1-resident","CD8 T","LGALS9","PTPRC",0.0804997897986992,0,"LGALS9_CD45","LGALS9 - CD45","GALECTIN","Secreted Signaling","PMID: 30120235","Early"
"Mono-FCN1-S100A8-S100A9","CD8 T","LGALS9","PTPRC",0.0249656680665981,0.01,"LGALS9_CD45","LGALS9 - CD45","GALECTIN","Secreted Signaling","PMID: 30120235","Early"
"Myeloid-CLEC10A-APC","CD8 T","LGALS9","PTPRC",0.0506151773999233,0,"LGALS9_CD45","LGALS9 - CD45","GALECTIN","Secreted Signaling","PMID: 30120235","Early"
"C6-SLC2A1-like","CD8 T","LGALS9","HAVCR2",0.0144595396404756,0,"LGALS9_HAVCR2","LGALS9 - HAVCR2","GALECTIN","Secreted Signaling","PMID: 27192565","Early"
"C7-APOBEC3A-like","CD8 T","LGALS9","HAVCR2",0.0189199625872629,0,"LGALS9_HAVCR2","LGALS9 - HAVCR2","GALECTIN","Secreted Signaling","PMID: 27192565","Early"
"Mac-Cycling","CD8 T","LGALS9","HAVCR2",0.0190257738023683,0,"LGALS9_HAVCR2","LGALS9 - HAVCR2","GALECTIN","Secreted Signaling","PMID: 27192565","Early"
"Mac-FOLR2-LYVE1-resident","CD8 T","LGALS9","HAVCR2",0.00569625812073844,0,"LGALS9_HAVCR2","LGALS9 - HAVCR2","GALECTIN","Secreted Signaling","PMID: 27192565","Early"
"Mac-OLFML3-CX3CR1-resident","CD8 T","LGALS9","HAVCR2",0.0151633452138454,0,"LGALS9_HAVCR2","LGALS9 - HAVCR2","GALECTIN","Secreted Signaling","PMID: 27192565","Early"
"Mac-TNF-CCL4-inflammatory","CD8 T","LGALS9","HAVCR2",0.00506817324243295,0,"LGALS9_HAVCR2","LGALS9 - HAVCR2","GALECTIN","Secreted Signaling","PMID: 27192565","Early"
"Mono-FCN1-S100A8-S100A9","CD8 T","LGALS9","HAVCR2",0.00448290885622049,0,"LGALS9_HAVCR2","LGALS9 - HAVCR2","GALECTIN","Secreted Signaling","PMID: 27192565","Early"
"Myeloid-CLEC10A-APC","CD8 T","LGALS9","HAVCR2",0.0092890933541486,0,"LGALS9_HAVCR2","LGALS9 - HAVCR2","GALECTIN","Secreted Signaling","PMID: 27192565","Early"
"C6-SLC2A1-like","CD8 T","LGALS9","CD44",0.0352302058635493,0,"LGALS9_CD44","LGALS9 - CD44","GALECTIN","Secreted Signaling","PMID: 25065622","Early"
"C7-APOBEC3A-like","CD8 T","LGALS9","CD44",0.0458001251844572,0,"LGALS9_CD44","LGALS9 - CD44","GALECTIN","Secreted Signaling","PMID: 25065622","Early"
"Mac-Cycling","CD8 T","LGALS9","CD44",0.0460492095499798,0,"LGALS9_CD44","LGALS9 - CD44","GALECTIN","Secreted Signaling","PMID: 25065622","Early"
"Mac-FOLR2-LYVE1-resident","CD8 T","LGALS9","CD44",0.0140583156682985,0,"LGALS9_CD44","LGALS9 - CD44","GALECTIN","Secreted Signaling","PMID: 25065622","Early"
"Mac-OLFML3-CX3CR1-resident","CD8 T","LGALS9","CD44",0.0369071452797796,0,"LGALS9_CD44","LGALS9 - CD44","GALECTIN","Secreted Signaling","PMID: 25065622","Early"
"Mono-FCN1-S100A8-S100A9","CD8 T","LGALS9","CD44",0.0110836353186545,0.02,"LGALS9_CD44","LGALS9 - CD44","GALECTIN","Secreted Signaling","PMID: 25065622","Early"
"Myeloid-CLEC10A-APC","CD8 T","LGALS9","CD44",0.0228044365109765,0,"LGALS9_CD44","LGALS9 - CD44","GALECTIN","Secreted Signaling","PMID: 25065622","Early"
"CD8 T","C7-APOBEC3A-like","ANXA1","FPR2_LXA4",0.00346632889277617,0,"ANXA1_FPR2_LXA4","ANXA1 - (FPR2+LXA4)","ANNEXIN","Secreted Signaling","PMID: 22610094","Early"
"CD8 T","C6-SLC2A1-like","ANXA1","FPR3",0.0186726056359417,0,"ANXA1_FPR3","ANXA1 - FPR3","ANNEXIN","Secreted Signaling","PMID: 33082511","Early"
"CD8 T","C7-APOBEC3A-like","ANXA1","FPR3",0.0193140119759339,0,"ANXA1_FPR3","ANXA1 - FPR3","ANNEXIN","Secreted Signaling","PMID: 33082511","Early"
"CD8 T","Mac-Cycling","ANXA1","FPR3",0.00977596801333341,0,"ANXA1_FPR3","ANXA1 - FPR3","ANNEXIN","Secreted Signaling","PMID: 33082511","Early"
"CD8 T","Mac-FOLR2-LYVE1-resident","ANXA1","FPR3",0.00496825466736678,0,"ANXA1_FPR3","ANXA1 - FPR3","ANNEXIN","Secreted Signaling","PMID: 33082511","Early"
"CD8 T","Mac-OLFML3-CX3CR1-resident","ANXA1","FPR3",0.00354285737846671,0,"ANXA1_FPR3","ANXA1 - FPR3","ANNEXIN","Secreted Signaling","PMID: 33082511","Early"
"CD8 T","Mac-TNF-CCL4-inflammatory","ANXA1","FPR3",0.00521197830818066,0,"ANXA1_FPR3","ANXA1 - FPR3","ANNEXIN","Secreted Signaling","PMID: 33082511","Early"
"CD8 T","Myeloid-CLEC10A-APC","ANXA1","FPR3",0.0180902505864793,0,"ANXA1_FPR3","ANXA1 - FPR3","ANNEXIN","Secreted Signaling","PMID: 33082511","Early"
"C6-SLC2A1-like","CD8 T","FN1","ITGA4_ITGB1",0.0309451316026212,0,"FN1_ITGA4_ITGB1","FN1 - (ITGA4+ITGB1)","FN1","ECM-Receptor","KEGG: hsa04512","Early"
"C7-APOBEC3A-like","CD8 T","FN1","ITGA4_ITGB1",0.0337926225129579,0,"FN1_ITGA4_ITGB1","FN1 - (ITGA4+ITGB1)","FN1","ECM-Receptor","KEGG: hsa04512","Early"
"Mac-Cycling","CD8 T","FN1","ITGA4_ITGB1",0.0196489548337476,0,"FN1_ITGA4_ITGB1","FN1 - (ITGA4+ITGB1)","FN1","ECM-Receptor","KEGG: hsa04512","Early"
"Mac-FOLR2-LYVE1-resident","CD8 T","FN1","ITGA4_ITGB1",0.00633375278918544,0,"FN1_ITGA4_ITGB1","FN1 - (ITGA4+ITGB1)","FN1","ECM-Receptor","KEGG: hsa04512","Early"
"Mac-OLFML3-CX3CR1-resident","CD8 T","FN1","ITGA4_ITGB1",0.0171214400168719,0,"FN1_ITGA4_ITGB1","FN1 - (ITGA4+ITGB1)","FN1","ECM-Receptor","KEGG: hsa04512","Early"
"Mac-TNF-CCL4-inflammatory","CD8 T","FN1","ITGA4_ITGB1",0.00428915279908126,0,"FN1_ITGA4_ITGB1","FN1 - (ITGA4+ITGB1)","FN1","ECM-Receptor","KEGG: hsa04512","Early"
"Myeloid-CLEC10A-APC","CD8 T","FN1","ITGA4_ITGB1",0.0300064699995763,0,"FN1_ITGA4_ITGB1","FN1 - (ITGA4+ITGB1)","FN1","ECM-Receptor","KEGG: hsa04512","Early"
"C6-SLC2A1-like","CD8 T","FN1","ITGA4_ITGB7",0.0207153534723049,0,"FN1_ITGA4_ITGB7","FN1 - (ITGA4+ITGB7)","FN1","ECM-Receptor","KEGG: hsa04512","Early"
"C7-APOBEC3A-like","CD8 T","FN1","ITGA4_ITGB7",0.0226435220770246,0,"FN1_ITGA4_ITGB7","FN1 - (ITGA4+ITGB7)","FN1","ECM-Receptor","KEGG: hsa04512","Early"
"Mac-Cycling","CD8 T","FN1","ITGA4_ITGB7",0.0131029512368591,0,"FN1_ITGA4_ITGB7","FN1 - (ITGA4+ITGB7)","FN1","ECM-Receptor","KEGG: hsa04512","Early"
"Mac-FOLR2-LYVE1-resident","CD8 T","FN1","ITGA4_ITGB7",0.00420465241417176,0,"FN1_ITGA4_ITGB7","FN1 - (ITGA4+ITGB7)","FN1","ECM-Receptor","KEGG: hsa04512","Early"
"Mac-OLFML3-CX3CR1-resident","CD8 T","FN1","ITGA4_ITGB7",0.0114076739091782,0,"FN1_ITGA4_ITGB7","FN1 - (ITGA4+ITGB7)","FN1","ECM-Receptor","KEGG: hsa04512","Early"
"Mac-TNF-CCL4-inflammatory","CD8 T","FN1","ITGA4_ITGB7",0.00284537965562145,0,"FN1_ITGA4_ITGB7","FN1 - (ITGA4+ITGB7)","FN1","ECM-Receptor","KEGG: hsa04512","Early"
"Myeloid-CLEC10A-APC","CD8 T","FN1","ITGA4_ITGB7",0.0200805627044303,0,"FN1_ITGA4_ITGB7","FN1 - (ITGA4+ITGB7)","FN1","ECM-Receptor","KEGG: hsa04512","Early"
"C6-SLC2A1-like","CD8 T","FN1","CD44",0.0892536832700925,0,"FN1_CD44","FN1 - CD44","FN1","ECM-Receptor","KEGG: hsa04512","Early"
"C7-APOBEC3A-like","CD8 T","FN1","CD44",0.0969299008031576,0,"FN1_CD44","FN1 - CD44","FN1","ECM-Receptor","KEGG: hsa04512","Early"
"Mac-Cycling","CD8 T","FN1","CD44",0.0579453629374604,0,"FN1_CD44","FN1 - CD44","FN1","ECM-Receptor","KEGG: hsa04512","Early"
"Mac-FOLR2-LYVE1-resident","CD8 T","FN1","CD44",0.0191863268953247,0,"FN1_CD44","FN1 - CD44","FN1","ECM-Receptor","KEGG: hsa04512","Early"
"Mac-OLFML3-CX3CR1-resident","CD8 T","FN1","CD44",0.050746643912916,0,"FN1_CD44","FN1 - CD44","FN1","ECM-Receptor","KEGG: hsa04512","Early"
"Mac-TNF-CCL4-inflammatory","CD8 T","FN1","CD44",0.0130472622976137,0,"FN1_CD44","FN1 - CD44","FN1","ECM-Receptor","KEGG: hsa04512","Early"
"Myeloid-CLEC10A-APC","CD8 T","FN1","CD44",0.0867045924869578,0,"FN1_CD44","FN1 - CD44","FN1","ECM-Receptor","KEGG: hsa04512","Early"
"CD8 T","C7-APOBEC3A-like","PGE2-PTGES3","PTGER2",0.000309274524724597,0.02,"PGE2-PTGES3_PTGER2","PGE2-PTGES3 - PTGER2","Prostaglandin","Non-protein Signaling","PMID: 34949672;PMID: 21508345","Early"
"C7-APOBEC3A-like","CD8 T","PGE2-PTGES2","PTGER4",0.00177841967052694,0,"PGE2-PTGES2_PTGER4","PGE2-PTGES2 - PTGER4","Prostaglandin","Non-protein Signaling","PMID: 34949672;PMID: 21508345","Early"
"Mac-Cycling","CD8 T","PGE2-PTGES2","PTGER4",0.00066807002936903,0,"PGE2-PTGES2_PTGER4","PGE2-PTGES2 - PTGER4","Prostaglandin","Non-protein Signaling","PMID: 34949672;PMID: 21508345","Early"
"Mac-OLFML3-CX3CR1-resident","CD8 T","PGE2-PTGES2","PTGER4",0.00107501064533855,0,"PGE2-PTGES2_PTGER4","PGE2-PTGES2 - PTGER4","Prostaglandin","Non-protein Signaling","PMID: 34949672;PMID: 21508345","Early"
"Myeloid-CLEC10A-APC","CD8 T","PGE2-PTGES2","PTGER4",0.000900531078068138,0,"PGE2-PTGES2_PTGER4","PGE2-PTGES2 - PTGER4","Prostaglandin","Non-protein Signaling","PMID: 34949672;PMID: 21508345","Early"
"C6-SLC2A1-like","CD8 T","PGE2-PTGES3","PTGER4",0.00905963887687665,0,"PGE2-PTGES3_PTGER4","PGE2-PTGES3 - PTGER4","Prostaglandin","Non-protein Signaling","PMID: 34949672;PMID: 21508345","Early"
"C7-APOBEC3A-like","CD8 T","PGE2-PTGES3","PTGER4",0.0104540353583667,0,"PGE2-PTGES3_PTGER4","PGE2-PTGES3 - PTGER4","Prostaglandin","Non-protein Signaling","PMID: 34949672;PMID: 21508345","Early"
"Mac-Cycling","CD8 T","PGE2-PTGES3","PTGER4",0.0102952289033979,0,"PGE2-PTGES3_PTGER4","PGE2-PTGES3 - PTGER4","Prostaglandin","Non-protein Signaling","PMID: 34949672;PMID: 21508345","Early"
"Mac-OLFML3-CX3CR1-resident","CD8 T","PGE2-PTGES3","PTGER4",0.00882491314093198,0,"PGE2-PTGES3_PTGER4","PGE2-PTGES3 - PTGER4","Prostaglandin","Non-protein Signaling","PMID: 34949672;PMID: 21508345","Early"
"Myeloid-CLEC10A-APC","CD8 T","PGE2-PTGES3","PTGER4",0.00725595226036256,0,"PGE2-PTGES3_PTGER4","PGE2-PTGES3 - PTGER4","Prostaglandin","Non-protein Signaling","PMID: 34949672;PMID: 21508345","Early"
"CD8 T","Mac-Cycling","PGE2-PTGES3","PTGER4",0.0102797280255169,0,"PGE2-PTGES3_PTGER4","PGE2-PTGES3 - PTGER4","Prostaglandin","Non-protein Signaling","PMID: 34949672;PMID: 21508345","Early"
"CD8 T","Mac-OLFML3-CX3CR1-resident","PGE2-PTGES3","PTGER4",0.0114608345143098,0,"PGE2-PTGES3_PTGER4","PGE2-PTGES3 - PTGER4","Prostaglandin","Non-protein Signaling","PMID: 34949672;PMID: 21508345","Early"
"CD8 T","Mac-TNF-CCL4-inflammatory","PGE2-PTGES3","PTGER4",0.0166010242821611,0,"PGE2-PTGES3_PTGER4","PGE2-PTGES3 - PTGER4","Prostaglandin","Non-protein Signaling","PMID: 34949672;PMID: 21508345","Early"
"CD8 T","Myeloid-CLEC10A-APC","PGE2-PTGES3","PTGER4",0.0101595068393137,0,"PGE2-PTGES3_PTGER4","PGE2-PTGES3 - PTGER4","Prostaglandin","Non-protein Signaling","PMID: 34949672;PMID: 21508345","Early"
"C7-APOBEC3A-like","CD8 T","Cholesterol-DHCR24","RORA",0.000105970043159601,0.03,"Cholesterol-Cholesterol-DHCR24_RORA","CHOLESTEROL-DHCR24 - RORA","Cholesterol","Non-protein Signaling","HMRbase;PMID:12467577;PDB:1N83","Early"
"C6-SLC2A1-like","CD8 T","Cholesterol-LIPA","RORA",0.00667490991505403,0,"Cholesterol-Cholesterol-LIPA_RORA","CHOLESTEROL-LIPA - RORA","Cholesterol","Non-protein Signaling","HMRbase;PMID:12467577;PDB:1N83","Early"
"C7-APOBEC3A-like","CD8 T","Cholesterol-LIPA","RORA",0.00662447491842012,0,"Cholesterol-Cholesterol-LIPA_RORA","CHOLESTEROL-LIPA - RORA","Cholesterol","Non-protein Signaling","HMRbase;PMID:12467577;PDB:1N83","Early"
"Mac-Cycling","CD8 T","Cholesterol-LIPA","RORA",0.000870580442878654,0,"Cholesterol-Cholesterol-LIPA_RORA","CHOLESTEROL-LIPA - RORA","Cholesterol","Non-protein Signaling","HMRbase;PMID:12467577;PDB:1N83","Early"
"Mac-FOLR2-LYVE1-resident","CD8 T","Cholesterol-LIPA","RORA",0.00197349930038569,0,"Cholesterol-Cholesterol-LIPA_RORA","CHOLESTEROL-LIPA - RORA","Cholesterol","Non-protein Signaling","HMRbase;PMID:12467577;PDB:1N83","Early"
"Mac-OLFML3-CX3CR1-resident","CD8 T","Cholesterol-LIPA","RORA",0.00156623562796287,0,"Cholesterol-Cholesterol-LIPA_RORA","CHOLESTEROL-LIPA - RORA","Cholesterol","Non-protein Signaling","HMRbase;PMID:12467577;PDB:1N83","Early"
"Mac-TNF-CCL4-inflammatory","CD8 T","Cholesterol-LIPA","RORA",0.00137133190590238,0,"Cholesterol-Cholesterol-LIPA_RORA","CHOLESTEROL-LIPA - RORA","Cholesterol","Non-protein Signaling","HMRbase;PMID:12467577;PDB:1N83","Early"
"Myeloid-CLEC10A-APC","CD8 T","Cholesterol-LIPA","RORA",0.00128874623203125,0,"Cholesterol-Cholesterol-LIPA_RORA","CHOLESTEROL-LIPA - RORA","Cholesterol","Non-protein Signaling","HMRbase;PMID:12467577;PDB:1N83","Early"
"C6-SLC2A1-like","CD8 T","APP","CD74",0.031383266952972,0,"APP_CD74","APP - CD74","APP","Cell-Cell Contact","PMID: 19849849","Early"
"CD8 T","C6-SLC2A1-like","ENTPD1","TMIGD3",0.000959838415125534,0,"ENTPD1_TMIGD3","ENTPD1 - TMIGD3","CD39","Cell-Cell Contact","PMID: 21677139","Early"
"CD8 T","C6-SLC2A1-like","PTPRC","MRC1",0.010928731819453,0,"PTPRC_MRC1","PTPRC - MRC1","CD45","Cell-Cell Contact","PMID: 27601670; PMID: 10575006","Early"
"CD8 T","C6-SLC2A1-like","CD99","PILRA",0.00782972892885665,0,"CD99_PILRA","CD99 - PILRA","CD99","Cell-Cell Contact","PMID: 18234675","Early"
"CD8 T","C7-APOBEC3A-like","CD99","PILRA",0.0118545966617586,0,"CD99_PILRA","CD99 - PILRA","CD99","Cell-Cell Contact","PMID: 18234675","Early"
"CD8 T","Mac-Cycling","CD99","PILRA",0.000936896526788816,0,"CD99_PILRA","CD99 - PILRA","CD99","Cell-Cell Contact","PMID: 18234675","Early"
"CD8 T","Mac-OLFML3-CX3CR1-resident","CD99","PILRA",0.0081595244989569,0,"CD99_PILRA","CD99 - PILRA","CD99","Cell-Cell Contact","PMID: 18234675","Early"
"CD8 T","Mono-FCN1-S100A8-S100A9","CD99","PILRA",0.00350500612582099,0,"CD99_PILRA","CD99 - PILRA","CD99","Cell-Cell Contact","PMID: 18234675","Early"
"CD8 T","Myeloid-CLEC10A-APC","CD99","PILRA",0.00936449585409403,0,"CD99_PILRA","CD99 - PILRA","CD99","Cell-Cell Contact","PMID: 18234675","Early"
"CD8 T","C6-SLC2A1-like","CD99","CD99",0.0167768709298142,0,"CD99_CD99","CD99 - CD99","CD99","Cell-Cell Contact","KEGG: hsa04514","Early"
"C6-SLC2A1-like","CD8 T","CD99","CD99",0.0167768709298142,0,"CD99_CD99","CD99 - CD99","CD99","Cell-Cell Contact","KEGG: hsa04514","Early"
"C6-SLC2A1-like","CD8 T","ICAM1","ITGAL_ITGB2",0.0159733028367663,0,"ICAM1_ITGAL_ITGB2","ICAM1 - (ITGAL+ITGB2)","ICAM","Cell-Cell Contact","KEGG: hsa04514","Early"
"C7-APOBEC3A-like","CD8 T","ICAM1","ITGAL_ITGB2",0.0130956707299519,0,"ICAM1_ITGAL_ITGB2","ICAM1 - (ITGAL+ITGB2)","ICAM","Cell-Cell Contact","KEGG: hsa04514","Early"
"Mac-Cycling","CD8 T","ICAM1","ITGAL_ITGB2",0.00554373078320208,0,"ICAM1_ITGAL_ITGB2","ICAM1 - (ITGAL+ITGB2)","ICAM","Cell-Cell Contact","KEGG: hsa04514","Early"
"Mac-OLFML3-CX3CR1-resident","CD8 T","ICAM1","ITGAL_ITGB2",0.00762314059773253,0,"ICAM1_ITGAL_ITGB2","ICAM1 - (ITGAL+ITGB2)","ICAM","Cell-Cell Contact","KEGG: hsa04514","Early"
"Mac-TNF-CCL4-inflammatory","CD8 T","ICAM1","ITGAL_ITGB2",0.0202809465683454,0,"ICAM1_ITGAL_ITGB2","ICAM1 - (ITGAL+ITGB2)","ICAM","Cell-Cell Contact","KEGG: hsa04514","Early"
"Mono-FCN1-S100A8-S100A9","CD8 T","ICAM1","ITGAL_ITGB2",0.00548665617782024,0,"ICAM1_ITGAL_ITGB2","ICAM1 - (ITGAL+ITGB2)","ICAM","Cell-Cell Contact","KEGG: hsa04514","Early"
"Myeloid-CLEC10A-APC","CD8 T","ICAM1","ITGAL_ITGB2",0.0154933887196999,0,"ICAM1_ITGAL_ITGB2","ICAM1 - (ITGAL+ITGB2)","ICAM","Cell-Cell Contact","KEGG: hsa04514","Early"
"C7-APOBEC3A-like","CD8 T","ICAM2","ITGAL_ITGB2",0.0010667514128099,0.03,"ICAM2_ITGAL_ITGB2","ICAM2 - (ITGAL+ITGB2)","ICAM","Cell-Cell Contact","KEGG: hsa04514","Early"
"C6-SLC2A1-like","CD8 T","ICAM1","ITGAL",0.0149176835925796,0,"ICAM1_ITGAL","ICAM1 - ITGAL","ICAM","Cell-Cell Contact","PMID: 23602662","Early"
"C7-APOBEC3A-like","CD8 T","ICAM1","ITGAL",0.0122278608909677,0,"ICAM1_ITGAL","ICAM1 - ITGAL","ICAM","Cell-Cell Contact","PMID: 23602662","Early"
"Mac-Cycling","CD8 T","ICAM1","ITGAL",0.00517374126363977,0,"ICAM1_ITGAL","ICAM1 - ITGAL","ICAM","Cell-Cell Contact","PMID: 23602662","Early"
"Mac-OLFML3-CX3CR1-resident","CD8 T","ICAM1","ITGAL",0.00711536389552717,0,"ICAM1_ITGAL","ICAM1 - ITGAL","ICAM","Cell-Cell Contact","PMID: 23602662","Early"
"Mac-TNF-CCL4-inflammatory","CD8 T","ICAM1","ITGAL",0.018946131422071,0,"ICAM1_ITGAL","ICAM1 - ITGAL","ICAM","Cell-Cell Contact","PMID: 23602662","Early"
"Mono-FCN1-S100A8-S100A9","CD8 T","ICAM1","ITGAL",0.00512045621355278,0,"ICAM1_ITGAL","ICAM1 - ITGAL","ICAM","Cell-Cell Contact","PMID: 23602662","Early"
"Myeloid-CLEC10A-APC","CD8 T","ICAM1","ITGAL",0.0144690189607285,0,"ICAM1_ITGAL","ICAM1 - ITGAL","ICAM","Cell-Cell Contact","PMID: 23602662","Early"
"C6-SLC2A1-like","CD8 T","ICAM1","SPN",0.0132813597229645,0,"ICAM1_SPN","ICAM1 - SPN","ICAM","Cell-Cell Contact","PMID: 1683685","Early"
"C7-APOBEC3A-like","CD8 T","ICAM1","SPN",0.0108833245204545,0,"ICAM1_SPN","ICAM1 - SPN","ICAM","Cell-Cell Contact","PMID: 1683685","Early"
"Mac-Cycling","CD8 T","ICAM1","SPN",0.00460124014054248,0,"ICAM1_SPN","ICAM1 - SPN","ICAM","Cell-Cell Contact","PMID: 1683685","Early"
"Mac-OLFML3-CX3CR1-resident","CD8 T","ICAM1","SPN",0.00632937916881836,0,"ICAM1_SPN","ICAM1 - SPN","ICAM","Cell-Cell Contact","PMID: 1683685","Early"
"Mac-TNF-CCL4-inflammatory","CD8 T","ICAM1","SPN",0.0168754961490154,0,"ICAM1_SPN","ICAM1 - SPN","ICAM","Cell-Cell Contact","PMID: 1683685","Early"
"Mono-FCN1-S100A8-S100A9","CD8 T","ICAM1","SPN",0.00455382436554612,0,"ICAM1_SPN","ICAM1 - SPN","ICAM","Cell-Cell Contact","PMID: 1683685","Early"
"Myeloid-CLEC10A-APC","CD8 T","ICAM1","SPN",0.0128812656692477,0,"ICAM1_SPN","ICAM1 - SPN","ICAM","Cell-Cell Contact","PMID: 1683685","Early"
"C6-SLC2A1-like","CD8 T","F11R","ITGAL_ITGB2",0.00133075531128502,0.01,"JAM1_ITGAL_ITGB2","JAM1 - (ITGAL+ITGB2)","JAM","Cell-Cell Contact","PMID: 11812992","Early"
"C7-APOBEC3A-like","CD8 T","F11R","ITGAL_ITGB2",0.000973224993031702,0.01,"JAM1_ITGAL_ITGB2","JAM1 - (ITGAL+ITGB2)","JAM","Cell-Cell Contact","PMID: 11812992","Early"
"C6-SLC2A1-like","CD8 T","HLA-A","CD8A",0.135487831465402,0,"HLA-A_CD8A","HLA-A - CD8A","MHC-I","Cell-Cell Contact","KEGG: hsa04514","Early"
"C7-APOBEC3A-like","CD8 T","HLA-A","CD8A",0.141223875616416,0,"HLA-A_CD8A","HLA-A - CD8A","MHC-I","Cell-Cell Contact","KEGG: hsa04514","Early"
"Mac-Cycling","CD8 T","HLA-A","CD8A",0.126027097973371,0,"HLA-A_CD8A","HLA-A - CD8A","MHC-I","Cell-Cell Contact","KEGG: hsa04514","Early"
"Mac-FOLR2-LYVE1-resident","CD8 T","HLA-A","CD8A",0.133669999075617,0,"HLA-A_CD8A","HLA-A - CD8A","MHC-I","Cell-Cell Contact","KEGG: hsa04514","Early"
"Mac-NUPR1-IGF2-stress","CD8 T","HLA-A","CD8A",0.0808707787170635,0,"HLA-A_CD8A","HLA-A - CD8A","MHC-I","Cell-Cell Contact","KEGG: hsa04514","Early"
"Mac-OLFML3-CX3CR1-resident","CD8 T","HLA-A","CD8A",0.130818750233217,0,"HLA-A_CD8A","HLA-A - CD8A","MHC-I","Cell-Cell Contact","KEGG: hsa04514","Early"
"Mac-TNF-CCL4-inflammatory","CD8 T","HLA-A","CD8A",0.122517571219852,0,"HLA-A_CD8A","HLA-A - CD8A","MHC-I","Cell-Cell Contact","KEGG: hsa04514","Early"
"Mono-FCN1-S100A8-S100A9","CD8 T","HLA-A","CD8A",0.114945216576428,0,"HLA-A_CD8A","HLA-A - CD8A","MHC-I","Cell-Cell Contact","KEGG: hsa04514","Early"
"Myeloid-CLEC10A-APC","CD8 T","HLA-A","CD8A",0.116900820735582,0,"HLA-A_CD8A","HLA-A - CD8A","MHC-I","Cell-Cell Contact","KEGG: hsa04514","Early"
"C6-SLC2A1-like","CD8 T","HLA-B","CD8A",0.122723926100821,0,"HLA-B_CD8A","HLA-B - CD8A","MHC-I","Cell-Cell Contact","KEGG: hsa04514","Early"
"C7-APOBEC3A-like","CD8 T","HLA-B","CD8A",0.131774953106033,0,"HLA-B_CD8A","HLA-B - CD8A","MHC-I","Cell-Cell Contact","KEGG: hsa04514","Early"
"Mac-Cycling","CD8 T","HLA-B","CD8A",0.112609482125253,0,"HLA-B_CD8A","HLA-B - CD8A","MHC-I","Cell-Cell Contact","KEGG: hsa04514","Early"
"Mac-FOLR2-LYVE1-resident","CD8 T","HLA-B","CD8A",0.110020053629674,0,"HLA-B_CD8A","HLA-B - CD8A","MHC-I","Cell-Cell Contact","KEGG: hsa04514","Early"
"Mac-NUPR1-IGF2-stress","CD8 T","HLA-B","CD8A",0.0826711114299268,0,"HLA-B_CD8A","HLA-B - CD8A","MHC-I","Cell-Cell Contact","KEGG: hsa04514","Early"
"Mac-OLFML3-CX3CR1-resident","CD8 T","HLA-B","CD8A",0.119944719256209,0,"HLA-B_CD8A","HLA-B - CD8A","MHC-I","Cell-Cell Contact","KEGG: hsa04514","Early"
"Mac-TNF-CCL4-inflammatory","CD8 T","HLA-B","CD8A",0.102990033739569,0,"HLA-B_CD8A","HLA-B - CD8A","MHC-I","Cell-Cell Contact","KEGG: hsa04514","Early"
"Mono-FCN1-S100A8-S100A9","CD8 T","HLA-B","CD8A",0.115717034609441,0,"HLA-B_CD8A","HLA-B - CD8A","MHC-I","Cell-Cell Contact","KEGG: hsa04514","Early"
"Myeloid-CLEC10A-APC","CD8 T","HLA-B","CD8A",0.117735715675582,0,"HLA-B_CD8A","HLA-B - CD8A","MHC-I","Cell-Cell Contact","KEGG: hsa04514","Early"
"C6-SLC2A1-like","CD8 T","HLA-C","CD8A",0.109212354256952,0,"HLA-C_CD8A","HLA-C - CD8A","MHC-I","Cell-Cell Contact","KEGG: hsa04514","Early"
"C7-APOBEC3A-like","CD8 T","HLA-C","CD8A",0.120347065193026,0,"HLA-C_CD8A","HLA-C - CD8A","MHC-I","Cell-Cell Contact","KEGG: hsa04514","Early"
"Mac-Cycling","CD8 T","HLA-C","CD8A",0.0997183926907039,0,"HLA-C_CD8A","HLA-C - CD8A","MHC-I","Cell-Cell Contact","KEGG: hsa04514","Early"
"Mac-FOLR2-LYVE1-resident","CD8 T","HLA-C","CD8A",0.0969376142939835,0,"HLA-C_CD8A","HLA-C - CD8A","MHC-I","Cell-Cell Contact","KEGG: hsa04514","Early"
"Mac-NUPR1-IGF2-stress","CD8 T","HLA-C","CD8A",0.0659683458138016,0,"HLA-C_CD8A","HLA-C - CD8A","MHC-I","Cell-Cell Contact","KEGG: hsa04514","Early"
"Mac-OLFML3-CX3CR1-resident","CD8 T","HLA-C","CD8A",0.110414302783369,0,"HLA-C_CD8A","HLA-C - CD8A","MHC-I","Cell-Cell Contact","KEGG: hsa04514","Early"
"Mac-TNF-CCL4-inflammatory","CD8 T","HLA-C","CD8A",0.0853424811340078,0,"HLA-C_CD8A","HLA-C - CD8A","MHC-I","Cell-Cell Contact","KEGG: hsa04514","Early"
"Mono-FCN1-S100A8-S100A9","CD8 T","HLA-C","CD8A",0.0951965648335831,0,"HLA-C_CD8A","HLA-C - CD8A","MHC-I","Cell-Cell Contact","KEGG: hsa04514","Early"
"Myeloid-CLEC10A-APC","CD8 T","HLA-C","CD8A",0.110003631097843,0,"HLA-C_CD8A","HLA-C - CD8A","MHC-I","Cell-Cell Contact","KEGG: hsa04514","Early"
"C6-SLC2A1-like","CD8 T","HLA-E","CD8A",0.0821520546022442,0,"HLA-E_CD8A","HLA-E - CD8A","MHC-I","Cell-Cell Contact","KEGG: hsa04514","Early"
"C7-APOBEC3A-like","CD8 T","HLA-E","CD8A",0.094968106466378,0,"HLA-E_CD8A","HLA-E - CD8A","MHC-I","Cell-Cell Contact","KEGG: hsa04514","Early"
"Mac-Cycling","CD8 T","HLA-E","CD8A",0.0805341249790338,0,"HLA-E_CD8A","HLA-E - CD8A","MHC-I","Cell-Cell Contact","KEGG: hsa04514","Early"
"Mac-FOLR2-LYVE1-resident","CD8 T","HLA-E","CD8A",0.0685050097796339,0,"HLA-E_CD8A","HLA-E - CD8A","MHC-I","Cell-Cell Contact","KEGG: hsa04514","Early"
"Mac-NUPR1-IGF2-stress","CD8 T","HLA-E","CD8A",0.0179542010029207,0,"HLA-E_CD8A","HLA-E - CD8A","MHC-I","Cell-Cell Contact","KEGG: hsa04514","Early"
"Mac-OLFML3-CX3CR1-resident","CD8 T","HLA-E","CD8A",0.0865156265670591,0,"HLA-E_CD8A","HLA-E - CD8A","MHC-I","Cell-Cell Contact","KEGG: hsa04514","Early"
"Mac-TNF-CCL4-inflammatory","CD8 T","HLA-E","CD8A",0.0792024463416807,0,"HLA-E_CD8A","HLA-E - CD8A","MHC-I","Cell-Cell Contact","KEGG: hsa04514","Early"
"Mono-FCN1-S100A8-S100A9","CD8 T","HLA-E","CD8A",0.0778932449468652,0,"HLA-E_CD8A","HLA-E - CD8A","MHC-I","Cell-Cell Contact","KEGG: hsa04514","Early"
"Myeloid-CLEC10A-APC","CD8 T","HLA-E","CD8A",0.0707523378745704,0,"HLA-E_CD8A","HLA-E - CD8A","MHC-I","Cell-Cell Contact","KEGG: hsa04514","Early"
"C6-SLC2A1-like","CD8 T","HLA-F","CD8A",0.0379822387909315,0,"HLA-F_CD8A","HLA-F - CD8A","MHC-I","Cell-Cell Contact","KEGG: hsa04514","Early"
"C7-APOBEC3A-like","CD8 T","HLA-F","CD8A",0.0550667126856097,0,"HLA-F_CD8A","HLA-F - CD8A","MHC-I","Cell-Cell Contact","KEGG: hsa04514","Early"
"Mac-Cycling","CD8 T","HLA-F","CD8A",0.0477999973478478,0,"HLA-F_CD8A","HLA-F - CD8A","MHC-I","Cell-Cell Contact","KEGG: hsa04514","Early"
"Mac-FOLR2-LYVE1-resident","CD8 T","HLA-F","CD8A",0.0138816602911663,0,"HLA-F_CD8A","HLA-F - CD8A","MHC-I","Cell-Cell Contact","KEGG: hsa04514","Early"
"Mac-OLFML3-CX3CR1-resident","CD8 T","HLA-F","CD8A",0.0488017848807177,0,"HLA-F_CD8A","HLA-F - CD8A","MHC-I","Cell-Cell Contact","KEGG: hsa04514","Early"
"Mac-TNF-CCL4-inflammatory","CD8 T","HLA-F","CD8A",0.0443268762622717,0,"HLA-F_CD8A","HLA-F - CD8A","MHC-I","Cell-Cell Contact","KEGG: hsa04514","Early"
"Mono-FCN1-S100A8-S100A9","CD8 T","HLA-F","CD8A",0.0304061899833736,0,"HLA-F_CD8A","HLA-F - CD8A","MHC-I","Cell-Cell Contact","KEGG: hsa04514","Early"
"Myeloid-CLEC10A-APC","CD8 T","HLA-F","CD8A",0.0343106542739935,0,"HLA-F_CD8A","HLA-F - CD8A","MHC-I","Cell-Cell Contact","KEGG: hsa04514","Early"
"C6-SLC2A1-like","CD8 T","HLA-A","CD8B",0.0514563960652012,0,"HLA-A_CD8B","HLA-A - CD8B","MHC-I","Cell-Cell Contact","KEGG: hsa04514","Early"
"C7-APOBEC3A-like","CD8 T","HLA-A","CD8B",0.0538564920550574,0,"HLA-A_CD8B","HLA-A - CD8B","MHC-I","Cell-Cell Contact","KEGG: hsa04514","Early"
"Mac-Cycling","CD8 T","HLA-A","CD8B",0.0475406695160538,0,"HLA-A_CD8B","HLA-A - CD8B","MHC-I","Cell-Cell Contact","KEGG: hsa04514","Early"
"Mac-FOLR2-LYVE1-resident","CD8 T","HLA-A","CD8B",0.0506998888253799,0,"HLA-A_CD8B","HLA-A - CD8B","MHC-I","Cell-Cell Contact","KEGG: hsa04514","Early"
"Mac-NUPR1-IGF2-stress","CD8 T","HLA-A","CD8B",0.0295555216671397,0,"HLA-A_CD8B","HLA-A - CD8B","MHC-I","Cell-Cell Contact","KEGG: hsa04514","Early"
"Mac-OLFML3-CX3CR1-resident","CD8 T","HLA-A","CD8B",0.0495172774236478,0,"HLA-A_CD8B","HLA-A - CD8B","MHC-I","Cell-Cell Contact","KEGG: hsa04514","Early"
"Mac-TNF-CCL4-inflammatory","CD8 T","HLA-A","CD8B",0.0461014943546557,0,"HLA-A_CD8B","HLA-A - CD8B","MHC-I","Cell-Cell Contact","KEGG: hsa04514","Early"
"Mono-FCN1-S100A8-S100A9","CD8 T","HLA-A","CD8B",0.0430205772333806,0,"HLA-A_CD8B","HLA-A - CD8B","MHC-I","Cell-Cell Contact","KEGG: hsa04514","Early"
"Myeloid-CLEC10A-APC","CD8 T","HLA-A","CD8B",0.0438130778357929,0,"HLA-A_CD8B","HLA-A - CD8B","MHC-I","Cell-Cell Contact","KEGG: hsa04514","Early"
"C6-SLC2A1-like","CD8 T","HLA-B","CD8B",0.0461859169726241,0,"HLA-B_CD8B","HLA-B - CD8B","MHC-I","Cell-Cell Contact","KEGG: hsa04514","Early"
"C7-APOBEC3A-like","CD8 T","HLA-B","CD8B",0.0499133435626708,0,"HLA-B_CD8B","HLA-B - CD8B","MHC-I","Cell-Cell Contact","KEGG: hsa04514","Early"
"Mac-Cycling","CD8 T","HLA-B","CD8B",0.0420768974298092,0,"HLA-B_CD8B","HLA-B - CD8B","MHC-I","Cell-Cell Contact","KEGG: hsa04514","Early"
"Mac-FOLR2-LYVE1-resident","CD8 T","HLA-B","CD8B",0.0410343507709117,0,"HLA-B_CD8B","HLA-B - CD8B","MHC-I","Cell-Cell Contact","KEGG: hsa04514","Early"
"Mac-NUPR1-IGF2-stress","CD8 T","HLA-B","CD8B",0.0302510807254387,0,"HLA-B_CD8B","HLA-B - CD8B","MHC-I","Cell-Cell Contact","KEGG: hsa04514","Early"
"Mac-OLFML3-CX3CR1-resident","CD8 T","HLA-B","CD8B",0.0450509808093774,0,"HLA-B_CD8B","HLA-B - CD8B","MHC-I","Cell-Cell Contact","KEGG: hsa04514","Early"
"Mac-TNF-CCL4-inflammatory","CD8 T","HLA-B","CD8B",0.0382230366741706,0,"HLA-B_CD8B","HLA-B - CD8B","MHC-I","Cell-Cell Contact","KEGG: hsa04514","Early"
"Mono-FCN1-S100A8-S100A9","CD8 T","HLA-B","CD8B",0.0433330914254991,0,"HLA-B_CD8B","HLA-B - CD8B","MHC-I","Cell-Cell Contact","KEGG: hsa04514","Early"
"Myeloid-CLEC10A-APC","CD8 T","HLA-B","CD8B",0.0441520844180542,0,"HLA-B_CD8B","HLA-B - CD8B","MHC-I","Cell-Cell Contact","KEGG: hsa04514","Early"
"C6-SLC2A1-like","CD8 T","HLA-C","CD8B",0.0407099355508712,0,"HLA-C_CD8B","HLA-C - CD8B","MHC-I","Cell-Cell Contact","KEGG: hsa04514","Early"
"C7-APOBEC3A-like","CD8 T","HLA-C","CD8B",0.045215008422695,0,"HLA-C_CD8B","HLA-C - CD8B","MHC-I","Cell-Cell Contact","KEGG: hsa04514","Early"
"Mac-Cycling","CD8 T","HLA-C","CD8B",0.0369241305659898,0,"HLA-C_CD8B","HLA-C - CD8B","MHC-I","Cell-Cell Contact","KEGG: hsa04514","Early"
"Mac-FOLR2-LYVE1-resident","CD8 T","HLA-C","CD8B",0.0358247713913447,0,"HLA-C_CD8B","HLA-C - CD8B","MHC-I","Cell-Cell Contact","KEGG: hsa04514","Early"
"Mac-NUPR1-IGF2-stress","CD8 T","HLA-C","CD8B",0.02386367675209,0,"HLA-C_CD8B","HLA-C - CD8B","MHC-I","Cell-Cell Contact","KEGG: hsa04514","Early"
"Mac-OLFML3-CX3CR1-resident","CD8 T","HLA-C","CD8B",0.0411928364271422,0,"HLA-C_CD8B","HLA-C - CD8B","MHC-I","Cell-Cell Contact","KEGG: hsa04514","Early"
"Mac-TNF-CCL4-inflammatory","CD8 T","HLA-C","CD8B",0.031286361192368,0,"HLA-C_CD8B","HLA-C - CD8B","MHC-I","Cell-Cell Contact","KEGG: hsa04514","Early"
"Mono-FCN1-S100A8-S100A9","CD8 T","HLA-C","CD8B",0.035138631156095,0,"HLA-C_CD8B","HLA-C - CD8B","MHC-I","Cell-Cell Contact","KEGG: hsa04514","Early"
"Myeloid-CLEC10A-APC","CD8 T","HLA-C","CD8B",0.0410277509275014,0,"HLA-C_CD8B","HLA-C - CD8B","MHC-I","Cell-Cell Contact","KEGG: hsa04514","Early"
"C6-SLC2A1-like","CD8 T","HLA-E","CD8B",0.0300503654295413,0,"HLA-E_CD8B","HLA-E - CD8B","MHC-I","Cell-Cell Contact","KEGG: hsa04514","Early"
"C7-APOBEC3A-like","CD8 T","HLA-E","CD8B",0.0350487202999678,0,"HLA-E_CD8B","HLA-E - CD8B","MHC-I","Cell-Cell Contact","KEGG: hsa04514","Early"
"Mac-Cycling","CD8 T","HLA-E","CD8B",0.0294256472412702,0,"HLA-E_CD8B","HLA-E - CD8B","MHC-I","Cell-Cell Contact","KEGG: hsa04514","Early"
"Mac-FOLR2-LYVE1-resident","CD8 T","HLA-E","CD8B",0.0248243308433314,0,"HLA-E_CD8B","HLA-E - CD8B","MHC-I","Cell-Cell Contact","KEGG: hsa04514","Early"
"Mac-NUPR1-IGF2-stress","CD8 T","HLA-E","CD8B",0.00628850684674539,0,"HLA-E_CD8B","HLA-E - CD8B","MHC-I","Cell-Cell Contact","KEGG: hsa04514","Early"
"Mac-OLFML3-CX3CR1-resident","CD8 T","HLA-E","CD8B",0.031742221224213,0,"HLA-E_CD8B","HLA-E - CD8B","MHC-I","Cell-Cell Contact","KEGG: hsa04514","Early"
"Mac-TNF-CCL4-inflammatory","CD8 T","HLA-E","CD8B",0.0289125026936784,0,"HLA-E_CD8B","HLA-E - CD8B","MHC-I","Cell-Cell Contact","KEGG: hsa04514","Early"
"Mono-FCN1-S100A8-S100A9","CD8 T","HLA-E","CD8B",0.0284089373223613,0,"HLA-E_CD8B","HLA-E - CD8B","MHC-I","Cell-Cell Contact","KEGG: hsa04514","Early"
"Myeloid-CLEC10A-APC","CD8 T","HLA-E","CD8B",0.0256782025840552,0,"HLA-E_CD8B","HLA-E - CD8B","MHC-I","Cell-Cell Contact","KEGG: hsa04514","Early"
"C6-SLC2A1-like","CD8 T","HLA-F","CD8B",0.0134820320037933,0,"HLA-F_CD8B","HLA-F - CD8B","MHC-I","Cell-Cell Contact","KEGG: hsa04514","Early"
"C7-APOBEC3A-like","CD8 T","HLA-F","CD8B",0.0197727760503414,0,"HLA-F_CD8B","HLA-F - CD8B","MHC-I","Cell-Cell Contact","KEGG: hsa04514","Early"
"Mac-Cycling","CD8 T","HLA-F","CD8B",0.0170793383792626,0,"HLA-F_CD8B","HLA-F - CD8B","MHC-I","Cell-Cell Contact","KEGG: hsa04514","Early"
"Mac-FOLR2-LYVE1-resident","CD8 T","HLA-F","CD8B",0.00484902289459083,0,"HLA-F_CD8B","HLA-F - CD8B","MHC-I","Cell-Cell Contact","KEGG: hsa04514","Early"
"Mac-OLFML3-CX3CR1-resident","CD8 T","HLA-F","CD8B",0.0174490838232695,0,"HLA-F_CD8B","HLA-F - CD8B","MHC-I","Cell-Cell Contact","KEGG: hsa04514","Early"
"Mac-TNF-CCL4-inflammatory","CD8 T","HLA-F","CD8B",0.0158013217642654,0,"HLA-F_CD8B","HLA-F - CD8B","MHC-I","Cell-Cell Contact","KEGG: hsa04514","Early"
"Mono-FCN1-S100A8-S100A9","CD8 T","HLA-F","CD8B",0.0107383175494002,0,"HLA-F_CD8B","HLA-F - CD8B","MHC-I","Cell-Cell Contact","KEGG: hsa04514","Early"
"Myeloid-CLEC10A-APC","CD8 T","HLA-F","CD8B",0.0121488716681731,0,"HLA-F_CD8B","HLA-F - CD8B","MHC-I","Cell-Cell Contact","KEGG: hsa04514","Early"
"C6-SLC2A1-like","CD8 T","HLA-E","KLRC1",0.0307671334900893,0,"HLA-E_KLRC1","HLA-E - KLRC1","MHC-I","Cell-Cell Contact","PMID: 24223577","Early"
"C7-APOBEC3A-like","CD8 T","HLA-E","KLRC1",0.035880299996271,0,"HLA-E_KLRC1","HLA-E - KLRC1","MHC-I","Cell-Cell Contact","PMID: 24223577","Early"
"Mac-Cycling","CD8 T","HLA-E","KLRC1",0.0301279772265203,0,"HLA-E_KLRC1","HLA-E - KLRC1","MHC-I","Cell-Cell Contact","PMID: 24223577","Early"
"Mac-FOLR2-LYVE1-resident","CD8 T","HLA-E","KLRC1",0.0254197131546429,0,"HLA-E_KLRC1","HLA-E - KLRC1","MHC-I","Cell-Cell Contact","PMID: 24223577","Early"
"Mac-NUPR1-IGF2-stress","CD8 T","HLA-E","KLRC1",0.00644226614948468,0,"HLA-E_KLRC1","HLA-E - KLRC1","MHC-I","Cell-Cell Contact","PMID: 24223577","Early"
"Mac-OLFML3-CX3CR1-resident","CD8 T","HLA-E","KLRC1",0.0324979917376594,0,"HLA-E_KLRC1","HLA-E - KLRC1","MHC-I","Cell-Cell Contact","PMID: 24223577","Early"
"Mac-TNF-CCL4-inflammatory","CD8 T","HLA-E","KLRC1",0.0296029585293633,0,"HLA-E_KLRC1","HLA-E - KLRC1","MHC-I","Cell-Cell Contact","PMID: 24223577","Early"
"Mono-FCN1-S100A8-S100A9","CD8 T","HLA-E","KLRC1",0.0290877277882784,0,"HLA-E_KLRC1","HLA-E - KLRC1","MHC-I","Cell-Cell Contact","PMID: 24223577","Early"
"Myeloid-CLEC10A-APC","CD8 T","HLA-E","KLRC1",0.0262935118274673,0,"HLA-E_KLRC1","HLA-E - KLRC1","MHC-I","Cell-Cell Contact","PMID: 24223577","Early"
"CD8 T","C6-SLC2A1-like","HLA-F","LILRB1",0.00294049535996822,0,"HLA-F_LILRB1","HLA-F - LILRB1","MHC-I","Cell-Cell Contact","PMID: 28484462","Early"
"CD8 T","C7-APOBEC3A-like","HLA-F","LILRB1",0.036554568894613,0,"HLA-F_LILRB1","HLA-F - LILRB1","MHC-I","Cell-Cell Contact","PMID: 28484462","Early"
"CD8 T","Mac-Cycling","HLA-F","LILRB1",0.0101068505189531,0,"HLA-F_LILRB1","HLA-F - LILRB1","MHC-I","Cell-Cell Contact","PMID: 28484462","Early"
"CD8 T","Mac-FOLR2-LYVE1-resident","HLA-F","LILRB1",0.0108546428467256,0,"HLA-F_LILRB1","HLA-F - LILRB1","MHC-I","Cell-Cell Contact","PMID: 28484462","Early"
"CD8 T","Mac-OLFML3-CX3CR1-resident","HLA-F","LILRB1",0.00947054975831147,0,"HLA-F_LILRB1","HLA-F - LILRB1","MHC-I","Cell-Cell Contact","PMID: 28484462","Early"
"CD8 T","Mono-FCN1-S100A8-S100A9","HLA-F","LILRB1",0.0122274675887147,0,"HLA-F_LILRB1","HLA-F - LILRB1","MHC-I","Cell-Cell Contact","PMID: 28484462","Early"
"CD8 T","Myeloid-CLEC10A-APC","HLA-F","LILRB1",0.0202544191262135,0,"HLA-F_LILRB1","HLA-F - LILRB1","MHC-I","Cell-Cell Contact","PMID: 28484462","Early"
"C6-SLC2A1-like","CD8 T","HLA-E","CD94:NKG2A",0.0340276374724552,0,"HLA-E_CD94:NKG2A","HLA-E - CD94:NKG2A","MHC-I","Cell-Cell Contact","PMID: 28484462","Early"
"C7-APOBEC3A-like","CD8 T","HLA-E","CD94:NKG2A",0.0396604920048864,0,"HLA-E_CD94:NKG2A","HLA-E - CD94:NKG2A","MHC-I","Cell-Cell Contact","PMID: 28484462","Early"
"Mac-Cycling","CD8 T","HLA-E","CD94:NKG2A",0.0333230762606658,0,"HLA-E_CD94:NKG2A","HLA-E - CD94:NKG2A","MHC-I","Cell-Cell Contact","PMID: 28484462","Early"
"Mac-FOLR2-LYVE1-resident","CD8 T","HLA-E","CD94:NKG2A",0.0281299786098375,0,"HLA-E_CD94:NKG2A","HLA-E - CD94:NKG2A","MHC-I","Cell-Cell Contact","PMID: 28484462","Early"
"Mac-NUPR1-IGF2-stress","CD8 T","HLA-E","CD94:NKG2A",0.00714397658624645,0,"HLA-E_CD94:NKG2A","HLA-E - CD94:NKG2A","MHC-I","Cell-Cell Contact","PMID: 28484462","Early"
"Mac-OLFML3-CX3CR1-resident","CD8 T","HLA-E","CD94:NKG2A",0.0359351203583223,0,"HLA-E_CD94:NKG2A","HLA-E - CD94:NKG2A","MHC-I","Cell-Cell Contact","PMID: 28484462","Early"
"Mac-TNF-CCL4-inflammatory","CD8 T","HLA-E","CD94:NKG2A",0.0327442586515362,0,"HLA-E_CD94:NKG2A","HLA-E - CD94:NKG2A","MHC-I","Cell-Cell Contact","PMID: 28484462","Early"
"Mono-FCN1-S100A8-S100A9","CD8 T","HLA-E","CD94:NKG2A",0.0321761673566229,0,"HLA-E_CD94:NKG2A","HLA-E - CD94:NKG2A","MHC-I","Cell-Cell Contact","PMID: 28484462","Early"
"Myeloid-CLEC10A-APC","CD8 T","HLA-E","CD94:NKG2A",0.0290941609799217,0,"HLA-E_CD94:NKG2A","HLA-E - CD94:NKG2A","MHC-I","Cell-Cell Contact","PMID: 28484462","Early"
"CD8 T","C6-SLC2A1-like","HLA-DPA1","CD4",0.048588115261388,0,"HLA-DPA1_CD4","HLA-DPA1 - CD4","MHC-II","Cell-Cell Contact","KEGG: hsa04514","Early"
"CD8 T","C7-APOBEC3A-like","HLA-DPA1","CD4",0.0599517360332797,0,"HLA-DPA1_CD4","HLA-DPA1 - CD4","MHC-II","Cell-Cell Contact","KEGG: hsa04514","Early"
"CD8 T","Mac-Cycling","HLA-DPA1","CD4",0.0477107643078993,0,"HLA-DPA1_CD4","HLA-DPA1 - CD4","MHC-II","Cell-Cell Contact","KEGG: hsa04514","Early"
"CD8 T","Mac-FOLR2-LYVE1-resident","HLA-DPA1","CD4",0.0214061228385498,0,"HLA-DPA1_CD4","HLA-DPA1 - CD4","MHC-II","Cell-Cell Contact","KEGG: hsa04514","Early"
"CD8 T","Mac-OLFML3-CX3CR1-resident","HLA-DPA1","CD4",0.052246702684798,0,"HLA-DPA1_CD4","HLA-DPA1 - CD4","MHC-II","Cell-Cell Contact","KEGG: hsa04514","Early"
"CD8 T","Mac-TNF-CCL4-inflammatory","HLA-DPA1","CD4",0.0199101950799146,0,"HLA-DPA1_CD4","HLA-DPA1 - CD4","MHC-II","Cell-Cell Contact","KEGG: hsa04514","Early"
"CD8 T","Myeloid-CLEC10A-APC","HLA-DPA1","CD4",0.032414429111857,0,"HLA-DPA1_CD4","HLA-DPA1 - CD4","MHC-II","Cell-Cell Contact","KEGG: hsa04514","Early"
"CD8 T","C6-SLC2A1-like","HLA-DPB1","CD4",0.0516293650337914,0,"HLA-DPB1_CD4","HLA-DPB1 - CD4","MHC-II","Cell-Cell Contact","KEGG: hsa04514","Early"
"CD8 T","C7-APOBEC3A-like","HLA-DPB1","CD4",0.063656672982642,0,"HLA-DPB1_CD4","HLA-DPB1 - CD4","MHC-II","Cell-Cell Contact","KEGG: hsa04514","Early"
"CD8 T","Mac-Cycling","HLA-DPB1","CD4",0.0507000249325974,0,"HLA-DPB1_CD4","HLA-DPB1 - CD4","MHC-II","Cell-Cell Contact","KEGG: hsa04514","Early"
"CD8 T","Mac-FOLR2-LYVE1-resident","HLA-DPB1","CD4",0.022786733763345,0,"HLA-DPB1_CD4","HLA-DPB1 - CD4","MHC-II","Cell-Cell Contact","KEGG: hsa04514","Early"
"CD8 T","Mac-OLFML3-CX3CR1-resident","HLA-DPB1","CD4",0.0555035930203744,0,"HLA-DPB1_CD4","HLA-DPB1 - CD4","MHC-II","Cell-Cell Contact","KEGG: hsa04514","Early"
"CD8 T","Mac-TNF-CCL4-inflammatory","HLA-DPB1","CD4",0.0211964143299882,0,"HLA-DPB1_CD4","HLA-DPB1 - CD4","MHC-II","Cell-Cell Contact","KEGG: hsa04514","Early"
"CD8 T","Myeloid-CLEC10A-APC","HLA-DPB1","CD4",0.0344800165425324,0,"HLA-DPB1_CD4","HLA-DPB1 - CD4","MHC-II","Cell-Cell Contact","KEGG: hsa04514","Early"
"CD8 T","C6-SLC2A1-like","HLA-DQA1","CD4",0.0155456430846653,0,"HLA-DQA1_CD4","HLA-DQA1 - CD4","MHC-II","Cell-Cell Contact","KEGG: hsa04514","Early"
"CD8 T","C7-APOBEC3A-like","HLA-DQA1","CD4",0.0193384816074647,0,"HLA-DQA1_CD4","HLA-DQA1 - CD4","MHC-II","Cell-Cell Contact","KEGG: hsa04514","Early"
"CD8 T","Mac-Cycling","HLA-DQA1","CD4",0.0152553700203117,0,"HLA-DQA1_CD4","HLA-DQA1 - CD4","MHC-II","Cell-Cell Contact","KEGG: hsa04514","Early"
"CD8 T","Mac-FOLR2-LYVE1-resident","HLA-DQA1","CD4",0.00671830286616029,0,"HLA-DQA1_CD4","HLA-DQA1 - CD4","MHC-II","Cell-Cell Contact","KEGG: hsa04514","Early"
"CD8 T","Mac-OLFML3-CX3CR1-resident","HLA-DQA1","CD4",0.0167600278165054,0,"HLA-DQA1_CD4","HLA-DQA1 - CD4","MHC-II","Cell-Cell Contact","KEGG: hsa04514","Early"
"CD8 T","Mac-TNF-CCL4-inflammatory","HLA-DQA1","CD4",0.006242259147506,0,"HLA-DQA1_CD4","HLA-DQA1 - CD4","MHC-II","Cell-Cell Contact","KEGG: hsa04514","Early"
"CD8 T","Myeloid-CLEC10A-APC","HLA-DQA1","CD4",0.0102523891439778,0,"HLA-DQA1_CD4","HLA-DQA1 - CD4","MHC-II","Cell-Cell Contact","KEGG: hsa04514","Early"
"CD8 T","C6-SLC2A1-like","HLA-DMA","CD4",0.00929955631322844,0,"HLA-DMA_CD4","HLA-DMA - CD4","MHC-II","Cell-Cell Contact","KEGG: hsa04514","Early"
"CD8 T","C7-APOBEC3A-like","HLA-DMA","CD4",0.0115864051907204,0,"HLA-DMA_CD4","HLA-DMA - CD4","MHC-II","Cell-Cell Contact","KEGG: hsa04514","Early"
"CD8 T","Mac-Cycling","HLA-DMA","CD4",0.00912483109243603,0,"HLA-DMA_CD4","HLA-DMA - CD4","MHC-II","Cell-Cell Contact","KEGG: hsa04514","Early"
"CD8 T","Mac-FOLR2-LYVE1-resident","HLA-DMA","CD4",0.0040045274380014,0.02,"HLA-DMA_CD4","HLA-DMA - CD4","MHC-II","Cell-Cell Contact","KEGG: hsa04514","Early"
"CD8 T","Mac-OLFML3-CX3CR1-resident","HLA-DMA","CD4",0.0100309848671377,0,"HLA-DMA_CD4","HLA-DMA - CD4","MHC-II","Cell-Cell Contact","KEGG: hsa04514","Early"
"CD8 T","Myeloid-CLEC10A-APC","HLA-DMA","CD4",0.00611985873089555,0.01,"HLA-DMA_CD4","HLA-DMA - CD4","MHC-II","Cell-Cell Contact","KEGG: hsa04514","Early"
"CD8 T","C6-SLC2A1-like","HLA-DQB1","CD4",0.0151951609976325,0,"HLA-DQB1_CD4","HLA-DQB1 - CD4","MHC-II","Cell-Cell Contact","KEGG: hsa04514","Early"
"CD8 T","C7-APOBEC3A-like","HLA-DQB1","CD4",0.0189041306542664,0,"HLA-DQB1_CD4","HLA-DQB1 - CD4","MHC-II","Cell-Cell Contact","KEGG: hsa04514","Early"
"CD8 T","Mac-Cycling","HLA-DQB1","CD4",0.014911333118046,0,"HLA-DQB1_CD4","HLA-DQB1 - CD4","MHC-II","Cell-Cell Contact","KEGG: hsa04514","Early"
"CD8 T","Mac-FOLR2-LYVE1-resident","HLA-DQB1","CD4",0.00656550905195381,0,"HLA-DQB1_CD4","HLA-DQB1 - CD4","MHC-II","Cell-Cell Contact","KEGG: hsa04514","Early"
"CD8 T","Mac-OLFML3-CX3CR1-resident","HLA-DQB1","CD4",0.0163826226094926,0,"HLA-DQB1_CD4","HLA-DQB1 - CD4","MHC-II","Cell-Cell Contact","KEGG: hsa04514","Early"
"CD8 T","Mac-TNF-CCL4-inflammatory","HLA-DQB1","CD4",0.00610022546521682,0.02,"HLA-DQB1_CD4","HLA-DQB1 - CD4","MHC-II","Cell-Cell Contact","KEGG: hsa04514","Early"
"CD8 T","Myeloid-CLEC10A-APC","HLA-DQB1","CD4",0.0100200307053749,0,"HLA-DQB1_CD4","HLA-DQB1 - CD4","MHC-II","Cell-Cell Contact","KEGG: hsa04514","Early"
"CD8 T","C6-SLC2A1-like","HLA-DRA","CD4",0.047516798182342,0,"HLA-DRA_CD4","HLA-DRA - CD4","MHC-II","Cell-Cell Contact","KEGG: hsa04514","Early"
"CD8 T","C7-APOBEC3A-like","HLA-DRA","CD4",0.0586453073534632,0,"HLA-DRA_CD4","HLA-DRA - CD4","MHC-II","Cell-Cell Contact","KEGG: hsa04514","Early"
"CD8 T","Mac-Cycling","HLA-DRA","CD4",0.0466578432240481,0,"HLA-DRA_CD4","HLA-DRA - CD4","MHC-II","Cell-Cell Contact","KEGG: hsa04514","Early"
"CD8 T","Mac-FOLR2-LYVE1-resident","HLA-DRA","CD4",0.0209209612421053,0,"HLA-DRA_CD4","HLA-DRA - CD4","MHC-II","Cell-Cell Contact","KEGG: hsa04514","Early"
"CD8 T","Mac-OLFML3-CX3CR1-resident","HLA-DRA","CD4",0.0510990501537016,0,"HLA-DRA_CD4","HLA-DRA - CD4","MHC-II","Cell-Cell Contact","KEGG: hsa04514","Early"
"CD8 T","Myeloid-CLEC10A-APC","HLA-DRA","CD4",0.0316878474879084,0,"HLA-DRA_CD4","HLA-DRA - CD4","MHC-II","Cell-Cell Contact","KEGG: hsa04514","Early"
"CD8 T","C6-SLC2A1-like","HLA-DRB1","CD4",0.0412922665673488,0,"HLA-DRB1_CD4","HLA-DRB1 - CD4","MHC-II","Cell-Cell Contact","KEGG: hsa04514","Early"
"CD8 T","C7-APOBEC3A-like","HLA-DRB1","CD4",0.0510411000582814,0,"HLA-DRB1_CD4","HLA-DRB1 - CD4","MHC-II","Cell-Cell Contact","KEGG: hsa04514","Early"
"CD8 T","Mac-Cycling","HLA-DRB1","CD4",0.0405410424048105,0,"HLA-DRB1_CD4","HLA-DRB1 - CD4","MHC-II","Cell-Cell Contact","KEGG: hsa04514","Early"
"CD8 T","Mac-FOLR2-LYVE1-resident","HLA-DRB1","CD4",0.0181141324577448,0,"HLA-DRB1_CD4","HLA-DRB1 - CD4","MHC-II","Cell-Cell Contact","KEGG: hsa04514","Early"
"CD8 T","Mac-OLFML3-CX3CR1-resident","HLA-DRB1","CD4",0.0444271442990673,0,"HLA-DRB1_CD4","HLA-DRB1 - CD4","MHC-II","Cell-Cell Contact","KEGG: hsa04514","Early"
"CD8 T","Mac-TNF-CCL4-inflammatory","HLA-DRB1","CD4",0.0168442995518899,0.01,"HLA-DRB1_CD4","HLA-DRB1 - CD4","MHC-II","Cell-Cell Contact","KEGG: hsa04514","Early"
"CD8 T","Myeloid-CLEC10A-APC","HLA-DRB1","CD4",0.0274770351955478,0,"HLA-DRB1_CD4","HLA-DRB1 - CD4","MHC-II","Cell-Cell Contact","KEGG: hsa04514","Early"
"C6-SLC2A1-like","CD8 T","NECTIN2","TIGIT",0.00322049394933295,0,"NECTIN2_TIGIT","NECTIN2 - TIGIT","NECTIN","Cell-Cell Contact","KEGG: hsa04514","Early"
"C7-APOBEC3A-like","CD8 T","NECTIN2","TIGIT",0.0106647052414283,0,"NECTIN2_TIGIT","NECTIN2 - TIGIT","NECTIN","Cell-Cell Contact","KEGG: hsa04514","Early"
"Mac-Cycling","CD8 T","NECTIN2","TIGIT",0.00322297555722602,0,"NECTIN2_TIGIT","NECTIN2 - TIGIT","NECTIN","Cell-Cell Contact","KEGG: hsa04514","Early"
"Mac-OLFML3-CX3CR1-resident","CD8 T","NECTIN2","TIGIT",0.00192617897798325,0,"NECTIN2_TIGIT","NECTIN2 - TIGIT","NECTIN","Cell-Cell Contact","KEGG: hsa04514","Early"
"Myeloid-CLEC10A-APC","CD8 T","NECTIN2","TIGIT",0.0022951258583589,0,"NECTIN2_TIGIT","NECTIN2 - TIGIT","NECTIN","Cell-Cell Contact","KEGG: hsa04514","Early"
"C7-APOBEC3A-like","CD8 T","CD274","PDCD1",0.000709818825981465,0,"CD274_PDCD1","CD274 - PDCD1","PD-L1","Cell-Cell Contact","PMID: 23954143","Early"
"C7-APOBEC3A-like","CD8 T","PDCD1LG2","PDCD1",0.0010881507173533,0,"PDCD1LG2_PDCD1","PDCD1LG2 - PDCD1","PDL2","Cell-Cell Contact","PMID: 23954143","Early"
"CD8 T","C7-APOBEC3A-like","SELPLG","SELL",0.00141432355578779,0,"SELPLG_SELL","SELPLG - SELL","SELPLG","Cell-Cell Contact","PMC2431087; PMID:  8892633,PMID:  8896607","Early"
"CD8 T","Mac-Cycling","SELPLG","SELL",0.000815848550208414,0,"SELPLG_SELL","SELPLG - SELL","SELPLG","Cell-Cell Contact","PMC2431087; PMID:  8892633,PMID:  8896607","Early"
"CD8 T","Mono-FCN1-S100A8-S100A9","SELPLG","SELL",0.00185737029048003,0,"SELPLG_SELL","SELPLG - SELL","SELPLG","Cell-Cell Contact","PMC2431087; PMID:  8892633,PMID:  8896607","Early"
"CD8 T","C6-SLC2A1-like","SEMA4D","PLXNB2",0.00159792846223467,0,"SEMA4D_PLXNB2","SEMA4D - PLXNB2","SEMA4","Cell-Cell Contact","PMID: 27533782","Early"
"CD8 T","C7-APOBEC3A-like","SEMA4D","PLXNB2",0.0103282742814314,0,"SEMA4D_PLXNB2","SEMA4D - PLXNB2","SEMA4","Cell-Cell Contact","PMID: 27533782","Early"
"CD8 T","Mac-Cycling","SEMA4D","PLXNB2",0.00827795568289622,0,"SEMA4D_PLXNB2","SEMA4D - PLXNB2","SEMA4","Cell-Cell Contact","PMID: 27533782","Early"
"CD8 T","Mac-OLFML3-CX3CR1-resident","SEMA4D","PLXNB2",0.00378672142603806,0,"SEMA4D_PLXNB2","SEMA4D - PLXNB2","SEMA4","Cell-Cell Contact","PMID: 27533782","Early"
"CD8 T","Mono-FCN1-S100A8-S100A9","SEMA4D","PLXNB2",0.00280290075471632,0,"SEMA4D_PLXNB2","SEMA4D - PLXNB2","SEMA4","Cell-Cell Contact","PMID: 27533782","Early"
"CD8 T","Myeloid-CLEC10A-APC","SEMA4D","PLXNB2",0.00206693060328819,0,"SEMA4D_PLXNB2","SEMA4D - PLXNB2","SEMA4","Cell-Cell Contact","PMID: 27533782","Early"
"CD8 T","C6-SLC2A1-like","SEMA4D","CD72",0.00261236180890309,0,"SEMA4D_CD72","SEMA4D - CD72","SEMA4","Cell-Cell Contact","PMID: 22325954","Early"
"CD8 T","C7-APOBEC3A-like","SEMA4D","CD72",0.00525462452019979,0,"SEMA4D_CD72","SEMA4D - CD72","SEMA4","Cell-Cell Contact","PMID: 22325954","Early"
"CD8 T","Mac-Cycling","SEMA4D","CD72",0.00108072567514685,0,"SEMA4D_CD72","SEMA4D - CD72","SEMA4","Cell-Cell Contact","PMID: 22325954","Early"
"CD8 T","Mac-OLFML3-CX3CR1-resident","SEMA4D","CD72",0.00191557961434241,0,"SEMA4D_CD72","SEMA4D - CD72","SEMA4","Cell-Cell Contact","PMID: 22325954","Early"
"CD8 T","Myeloid-CLEC10A-APC","SEMA4D","CD72",0.00152409455804436,0,"SEMA4D_CD72","SEMA4D - CD72","SEMA4","Cell-Cell Contact","PMID: 22325954","Early"
"C6-SLC2A1-like","CD8 T","SIGLEC1","SPN",0.00732494092127441,0,"SIGLEC1_SPN","SIGLEC1 - SPN","SN","Cell-Cell Contact","KEGG: hsa04514; PMID: 11238599","Early"
"C7-APOBEC3A-like","CD8 T","SIGLEC1","SPN",0.0118769906395746,0,"SIGLEC1_SPN","SIGLEC1 - SPN","SN","Cell-Cell Contact","KEGG: hsa04514; PMID: 11238599","Early"
"Mac-Cycling","CD8 T","SIGLEC1","SPN",0.0069297080694429,0,"SIGLEC1_SPN","SIGLEC1 - SPN","SN","Cell-Cell Contact","KEGG: hsa04514; PMID: 11238599","Early"
"Mac-FOLR2-LYVE1-resident","CD8 T","SIGLEC1","SPN",0.00425180983858966,0,"SIGLEC1_SPN","SIGLEC1 - SPN","SN","Cell-Cell Contact","KEGG: hsa04514; PMID: 11238599","Early"
"Mac-OLFML3-CX3CR1-resident","CD8 T","SIGLEC1","SPN",0.00766976403483466,0,"SIGLEC1_SPN","SIGLEC1 - SPN","SN","Cell-Cell Contact","KEGG: hsa04514; PMID: 11238599","Early"
"Mac-TNF-CCL4-inflammatory","CD8 T","SIGLEC1","SPN",0.00799104226327146,0,"SIGLEC1_SPN","SIGLEC1 - SPN","SN","Cell-Cell Contact","KEGG: hsa04514; PMID: 11238599","Early"
"Myeloid-CLEC10A-APC","CD8 T","SIGLEC1","SPN",0.00211513821935374,0,"SIGLEC1_SPN","SIGLEC1 - SPN","SN","Cell-Cell Contact","KEGG: hsa04514; PMID: 11238599","Early"
"CD8 T","C7-APOBEC3A-like","ITGA4_ITGB1","VCAM1",0.00168694174270099,0,"ITGA4_ITGB1_VCAM1","VCAM1 - (ITGA4+ITGB1)","VCAM","Cell-Cell Contact","KEGG: hsa04514","Early"
"CD8 T","C7-APOBEC3A-like","ITGA4_ITGB7","VCAM1",0.00111811611272758,0,"ITGA4_ITGB7_VCAM1","VCAM1 - (ITGA4+ITGB7)","VCAM","Cell-Cell Contact","KEGG: hsa04514","Early"
"C7-APOBEC3A-like","CD8 T","CD55","ADGRE5",0.00197170804792762,0.02,"CD55_ADGRE5","CD55 - ADGRE5","ADGRE","Cell-Cell Contact","PMID: 31462748","Early"
"Mono-FCN1-S100A8-S100A9","CD8 T","CD55","ADGRE5",0.0114837365957709,0,"CD55_ADGRE5","CD55 - ADGRE5","ADGRE","Cell-Cell Contact","PMID: 31462748","Early"
"Myeloid-CLEC10A-APC","CD8 T","CD55","ADGRE5",0.00262300236769672,0,"CD55_ADGRE5","CD55 - ADGRE5","ADGRE","Cell-Cell Contact","PMID: 31462748","Early"
"C6-SLC2A1-like","CD8 T","ITGAV_ITGB1","ADGRE5",0.00354631077398078,0,"ITGAV_ITGB1_ADGRE5","(ITGAV+ITGB1) - ADGRE5","ADGRE","Cell-Cell Contact","PMID: 31462748","Early"
"C7-APOBEC3A-like","CD8 T","ITGAV_ITGB1","ADGRE5",0.00599745339784382,0,"ITGAV_ITGB1_ADGRE5","(ITGAV+ITGB1) - ADGRE5","ADGRE","Cell-Cell Contact","PMID: 31462748","Early"
"Mac-Cycling","CD8 T","ITGAV_ITGB1","ADGRE5",0.00559473331130801,0,"ITGAV_ITGB1_ADGRE5","(ITGAV+ITGB1) - ADGRE5","ADGRE","Cell-Cell Contact","PMID: 31462748","Early"
"Mac-OLFML3-CX3CR1-resident","CD8 T","ITGAV_ITGB1","ADGRE5",0.00653382052136249,0,"ITGAV_ITGB1_ADGRE5","(ITGAV+ITGB1) - ADGRE5","ADGRE","Cell-Cell Contact","PMID: 31462748","Early"
"Myeloid-CLEC10A-APC","CD8 T","ITGAV_ITGB1","ADGRE5",0.0047610687014375,0,"ITGAV_ITGB1_ADGRE5","(ITGAV+ITGB1) - ADGRE5","ADGRE","Cell-Cell Contact","PMID: 31462748","Early"
"C7-APOBEC3A-like","CD8 T","ADORA3","ENTPD1",0.000637030750238983,0,"ENTPD1_ADORA3","ADORA3 - ENTPD1","CD39","Cell-Cell Contact","uniprot","Early"
"Mac-Cycling","CD8 T","ADORA3","ENTPD1",0.000810435685880177,0,"ENTPD1_ADORA3","ADORA3 - ENTPD1","CD39","Cell-Cell Contact","uniprot","Early"
"Mac-OLFML3-CX3CR1-resident","CD8 T","ADORA3","ENTPD1",0.000960540621950223,0,"ENTPD1_ADORA3","ADORA3 - ENTPD1","CD39","Cell-Cell Contact","uniprot","Early"
"CD8 T","Mac-OLFML3-CX3CR1-resident","CD99","PILRB",0.00328241011056702,0,"CD99_PILRB","Cd99 - Pilrb","CD99","Cell-Cell Contact","uniprot;PMID:18234675","Early"
"C6-SLC2A1-like","CD8 T","PECAM1","CD38",0.00166821587172035,0,"PECAM1_CD38","PECAM1 - CD38","PECAM2","Cell-Cell Contact","PMID:26407101","Early"
"C7-APOBEC3A-like","CD8 T","PECAM1","CD38",0.00363356776692419,0,"PECAM1_CD38","PECAM1 - CD38","PECAM2","Cell-Cell Contact","PMID:26407101","Early"
"Mac-Cycling","CD8 T","PECAM1","CD38",0.00288418943198641,0,"PECAM1_CD38","PECAM1 - CD38","PECAM2","Cell-Cell Contact","PMID:26407101","Early"
"Mac-OLFML3-CX3CR1-resident","CD8 T","PECAM1","CD38",0.00348916902567384,0,"PECAM1_CD38","PECAM1 - CD38","PECAM2","Cell-Cell Contact","PMID:26407101","Early"
"Mono-FCN1-S100A8-S100A9","CD8 T","PECAM1","CD38",0.00283173101163166,0,"PECAM1_CD38","PECAM1 - CD38","PECAM2","Cell-Cell Contact","PMID:26407101","Early"
"Myeloid-CLEC10A-APC","CD8 T","PECAM1","CD38",0.00370059554516074,0,"PECAM1_CD38","PECAM1 - CD38","PECAM2","Cell-Cell Contact","PMID:26407101","Early"
"CD8 T","C6-SLC2A1-like","TGFB1","TGFbR1_R2",0.00517593696881982,0,"TGFB1_TGFBR1_TGFBR2","TGFB1 - (TGFBR1+TGFBR2)","TGFb","Secreted Signaling","KEGG: hsa04350","Advanced"
"CD8 T","C7-APOBEC3A-like","TGFB1","TGFbR1_R2",0.00245443664278662,0,"TGFB1_TGFBR1_TGFBR2","TGFB1 - (TGFBR1+TGFBR2)","TGFb","Secreted Signaling","KEGG: hsa04350","Advanced"
"CD8 T","Mac-Cycling","TGFB1","TGFbR1_R2",0.00377997208477588,0,"TGFB1_TGFBR1_TGFBR2","TGFB1 - (TGFBR1+TGFBR2)","TGFb","Secreted Signaling","KEGG: hsa04350","Advanced"
"CD8 T","Mac-FOLR2-LYVE1-resident","TGFB1","TGFbR1_R2",0.00456017787288678,0,"TGFB1_TGFBR1_TGFBR2","TGFB1 - (TGFBR1+TGFBR2)","TGFb","Secreted Signaling","KEGG: hsa04350","Advanced"
"CD8 T","Mac-OLFML3-CX3CR1-resident","TGFB1","TGFbR1_R2",0.010357712161644,0,"TGFB1_TGFBR1_TGFBR2","TGFB1 - (TGFBR1+TGFBR2)","TGFb","Secreted Signaling","KEGG: hsa04350","Advanced"
"CD8 T","Myeloid-CLEC10A-APC","TGFB1","TGFbR1_R2",0.00504254595923114,0,"TGFB1_TGFBR1_TGFBR2","TGFB1 - (TGFBR1+TGFBR2)","TGFb","Secreted Signaling","KEGG: hsa04350","Advanced"
"CD8 T","Myeloid-CLEC10A-APC","TGFB1","ACVR1B_TGFbR2",0.00218475827802984,0,"TGFB1_ACVR1B_TGFBR2","TGFB1 - (ACVR1B+TGFBR2)","TGFb","Secreted Signaling","PMID: 27449815","Advanced"
"CD8 T","C6-SLC2A1-like","TGFB1","ACVR1_TGFbR",0.00354307046647274,0,"TGFB1_ACVR1_TGFBR1","TGFB1 - (ACVR1+TGFBR1)","TGFb","Secreted Signaling","PMID: 29376829","Advanced"
"CD8 T","C6-SLC2A1-like","CCL5","CCR1",0.11356007313365,0,"CCL5_CCR1","CCL5 - CCR1","CCL","Secreted Signaling","KEGG: hsa04060","Advanced"
"CD8 T","C7-APOBEC3A-like","CCL5","CCR1",0.123250558013555,0,"CCL5_CCR1","CCL5 - CCR1","CCL","Secreted Signaling","KEGG: hsa04060","Advanced"
"CD8 T","Mac-Cycling","CCL5","CCR1",0.063403419279752,0,"CCL5_CCR1","CCL5 - CCR1","CCL","Secreted Signaling","KEGG: hsa04060","Advanced"
"CD8 T","Mac-FOLR2-LYVE1-resident","CCL5","CCR1",0.0469600942508796,0,"CCL5_CCR1","CCL5 - CCR1","CCL","Secreted Signaling","KEGG: hsa04060","Advanced"
"CD8 T","Mac-OLFML3-CX3CR1-resident","CCL5","CCR1",0.0642643351266575,0,"CCL5_CCR1","CCL5 - CCR1","CCL","Secreted Signaling","KEGG: hsa04060","Advanced"
"CD8 T","Mono-FCN1-S100A8-S100A9","CCL5","CCR1",0.0560290486865125,0,"CCL5_CCR1","CCL5 - CCR1","CCL","Secreted Signaling","KEGG: hsa04060","Advanced"
"CD8 T","Myeloid-CLEC10A-APC","CCL5","CCR1",0.0878348965776753,0,"CCL5_CCR1","CCL5 - CCR1","CCL","Secreted Signaling","KEGG: hsa04060","Advanced"
"CD8 T","C6-SLC2A1-like","CCL3","CCR1",0.0355759011371841,0,"CCL3_CCR1","CCL3 - CCR1","CCL","Secreted Signaling","KEGG: hsa04060","Advanced"
"CD8 T","C7-APOBEC3A-like","CCL3","CCR1",0.0389037770679477,0,"CCL3_CCR1","CCL3 - CCR1","CCL","Secreted Signaling","KEGG: hsa04060","Advanced"
"CD8 T","Mac-Cycling","CCL3","CCR1",0.0191199829183356,0,"CCL3_CCR1","CCL3 - CCR1","CCL","Secreted Signaling","KEGG: hsa04060","Advanced"
"CD8 T","Mac-FOLR2-LYVE1-resident","CCL3","CCR1",0.0139897770431651,0,"CCL3_CCR1","CCL3 - CCR1","CCL","Secreted Signaling","KEGG: hsa04060","Advanced"
"CD8 T","Mac-OLFML3-CX3CR1-resident","CCL3","CCR1",0.0193920510968874,0,"CCL3_CCR1","CCL3 - CCR1","CCL","Secreted Signaling","KEGG: hsa04060","Advanced"
"CD8 T","Mono-FCN1-S100A8-S100A9","CCL3","CCR1",0.0168037546336381,0,"CCL3_CCR1","CCL3 - CCR1","CCL","Secreted Signaling","KEGG: hsa04060","Advanced"
"CD8 T","Myeloid-CLEC10A-APC","CCL3","CCR1",0.026979091117769,0,"CCL3_CCR1","CCL3 - CCR1","CCL","Secreted Signaling","KEGG: hsa04060","Advanced"
"CD8 T","Myeloid-CLEC10A-APC","CCL4","CCR5",0.00752182345063038,0,"CCL4_CCR5","CCL4 - CCR5","CCL","Secreted Signaling","KEGG: hsa04060","Advanced"
"CD8 T","Myeloid-CLEC10A-APC","CCL5","CCR5",0.0117552203071572,0,"CCL5_CCR5","CCL5 - CCR5","CCL","Secreted Signaling","KEGG: hsa04060","Advanced"
"CD8 T","Myeloid-CLEC10A-APC","CCL3","CCR5",0.00341344389879202,0,"CCL3_CCR5","CCL3 - CCR5","CCL","Secreted Signaling","KEGG: hsa04060","Advanced"
"C7-APOBEC3A-like","CD8 T","CXCL9","CXCR3",0.0222498705004322,0,"CXCL9_CXCR3","CXCL9 - CXCR3","CXCL","Secreted Signaling","KEGG: hsa04060","Advanced"
"C7-APOBEC3A-like","CD8 T","CXCL10","CXCR3",0.0159456036781592,0,"CXCL10_CXCR3","CXCL10 - CXCR3","CXCL","Secreted Signaling","KEGG: hsa04060","Advanced"
"C7-APOBEC3A-like","CD8 T","CXCL11","CXCR3",0.00507205249559519,0,"CXCL11_CXCR3","CXCL11 - CXCR3","CXCL","Secreted Signaling","KEGG: hsa04060","Advanced"
"C6-SLC2A1-like","CD8 T","CXCL16","CXCR6",0.00676236702483941,0,"CXCL16_CXCR6","CXCL16 - CXCR6","CXCL","Secreted Signaling","KEGG: hsa04060","Advanced"
"C7-APOBEC3A-like","CD8 T","CXCL16","CXCR6",0.00761363555330576,0,"CXCL16_CXCR6","CXCL16 - CXCR6","CXCL","Secreted Signaling","KEGG: hsa04060","Advanced"
"Mac-Cycling","CD8 T","CXCL16","CXCR6",0.00282031902201178,0,"CXCL16_CXCR6","CXCL16 - CXCR6","CXCL","Secreted Signaling","KEGG: hsa04060","Advanced"
"Mac-FOLR2-LYVE1-resident","CD8 T","CXCL16","CXCR6",0.00833459489042682,0,"CXCL16_CXCR6","CXCL16 - CXCR6","CXCL","Secreted Signaling","KEGG: hsa04060","Advanced"
"Mac-OLFML3-CX3CR1-resident","CD8 T","CXCL16","CXCR6",0.0100754512728211,0,"CXCL16_CXCR6","CXCL16 - CXCR6","CXCL","Secreted Signaling","KEGG: hsa04060","Advanced"
"Mac-TNF-CCL4-inflammatory","CD8 T","CXCL16","CXCR6",0.00292285846484371,0,"CXCL16_CXCR6","CXCL16 - CXCR6","CXCL","Secreted Signaling","KEGG: hsa04060","Advanced"
"Mono-FCN1-S100A8-S100A9","CD8 T","CXCL16","CXCR6",0.00220233064672184,0,"CXCL16_CXCR6","CXCL16 - CXCR6","CXCL","Secreted Signaling","KEGG: hsa04060","Advanced"
"Myeloid-CLEC10A-APC","CD8 T","CXCL16","CXCR6",0.00489586790504084,0,"CXCL16_CXCR6","CXCL16 - CXCR6","CXCL","Secreted Signaling","KEGG: hsa04060","Advanced"
"C6-SLC2A1-like","CD8 T","MIF","CD74_CXCR4",0.0548790128729065,0,"MIF_CD74_CXCR4","MIF - (CD74+CXCR4)","MIF","Secreted Signaling","PMID: 29637711; PMID: 24760155","Advanced"
"Mac-Cycling","CD8 T","MIF","CD74_CXCR4",0.0611345870869545,0,"MIF_CD74_CXCR4","MIF - (CD74+CXCR4)","MIF","Secreted Signaling","PMID: 29637711; PMID: 24760155","Advanced"
"Myeloid-CLEC10A-APC","CD8 T","MIF","CD74_CXCR4",0.0730987303884019,0,"MIF_CD74_CXCR4","MIF - (CD74+CXCR4)","MIF","Secreted Signaling","PMID: 29637711; PMID: 24760155","Advanced"
"C6-SLC2A1-like","CD8 T","MIF","CD74_CD44",0.0574344578109567,0,"MIF_CD74_CD44","MIF - (CD74+CD44)","MIF","Secreted Signaling","PMID: 29637711; PMID: 26175090","Advanced"
"Mac-Cycling","CD8 T","MIF","CD74_CD44",0.0639616099574577,0,"MIF_CD74_CD44","MIF - (CD74+CD44)","MIF","Secreted Signaling","PMID: 29637711; PMID: 26175090","Advanced"
"Myeloid-CLEC10A-APC","CD8 T","MIF","CD74_CD44",0.076433965578561,0,"MIF_CD74_CD44","MIF - (CD74+CD44)","MIF","Secreted Signaling","PMID: 29637711; PMID: 26175090","Advanced"
"CD8 T","C6-SLC2A1-like","CSF1","CSF1R",0.018240442767209,0,"CSF1_CSF1R","CSF1 - CSF1R","CSF","Secreted Signaling","KEGG: hsa04060","Advanced"
"CD8 T","C7-APOBEC3A-like","CSF1","CSF1R",0.0259656884089974,0,"CSF1_CSF1R","CSF1 - CSF1R","CSF","Secreted Signaling","KEGG: hsa04060","Advanced"
"CD8 T","Mac-Cycling","CSF1","CSF1R",0.0198899107497734,0,"CSF1_CSF1R","CSF1 - CSF1R","CSF","Secreted Signaling","KEGG: hsa04060","Advanced"
"CD8 T","Mac-FOLR2-LYVE1-resident","CSF1","CSF1R",0.0159752754513076,0,"CSF1_CSF1R","CSF1 - CSF1R","CSF","Secreted Signaling","KEGG: hsa04060","Advanced"
"CD8 T","Mac-NUPR1-IGF2-stress","CSF1","CSF1R",0.005356304899375,0,"CSF1_CSF1R","CSF1 - CSF1R","CSF","Secreted Signaling","KEGG: hsa04060","Advanced"
"CD8 T","Mac-OLFML3-CX3CR1-resident","CSF1","CSF1R",0.0215724068723603,0,"CSF1_CSF1R","CSF1 - CSF1R","CSF","Secreted Signaling","KEGG: hsa04060","Advanced"
"CD8 T","Mac-TNF-CCL4-inflammatory","CSF1","CSF1R",0.00516031916486989,0,"CSF1_CSF1R","CSF1 - CSF1R","CSF","Secreted Signaling","KEGG: hsa04060","Advanced"
"CD8 T","Mono-FCN1-S100A8-S100A9","CSF1","CSF1R",0.00538116328941569,0,"CSF1_CSF1R","CSF1 - CSF1R","CSF","Secreted Signaling","KEGG: hsa04060","Advanced"
"CD8 T","Myeloid-CLEC10A-APC","CSF1","CSF1R",0.016962213925301,0,"CSF1_CSF1R","CSF1 - CSF1R","CSF","Secreted Signaling","KEGG: hsa04060","Advanced"
"CD8 T","C6-SLC2A1-like","IL16","CD4",0.0150248960425672,0,"IL16_CD4","IL16 - CD4","IL16","Secreted Signaling","KEGG: hsa04060","Advanced"
"CD8 T","C7-APOBEC3A-like","IL16","CD4",0.0209899844946756,0,"IL16_CD4","IL16 - CD4","IL16","Secreted Signaling","KEGG: hsa04060","Advanced"
"CD8 T","Mac-Cycling","IL16","CD4",0.0084193225747439,0,"IL16_CD4","IL16 - CD4","IL16","Secreted Signaling","KEGG: hsa04060","Advanced"
"CD8 T","Mac-FOLR2-LYVE1-resident","IL16","CD4",0.0121355418644615,0,"IL16_CD4","IL16 - CD4","IL16","Secreted Signaling","KEGG: hsa04060","Advanced"
"CD8 T","Mac-NUPR1-IGF2-stress","IL16","CD4",0.00406746353722699,0,"IL16_CD4","IL16 - CD4","IL16","Secreted Signaling","KEGG: hsa04060","Advanced"
"CD8 T","Mac-OLFML3-CX3CR1-resident","IL16","CD4",0.0114893910808345,0,"IL16_CD4","IL16 - CD4","IL16","Secreted Signaling","KEGG: hsa04060","Advanced"
"CD8 T","Mac-TNF-CCL4-inflammatory","IL16","CD4",0.00433719529176188,0,"IL16_CD4","IL16 - CD4","IL16","Secreted Signaling","KEGG: hsa04060","Advanced"
"CD8 T","Mono-FCN1-S100A8-S100A9","IL16","CD4",0.00347569967983699,0,"IL16_CD4","IL16 - CD4","IL16","Secreted Signaling","KEGG: hsa04060","Advanced"
"CD8 T","Myeloid-CLEC10A-APC","IL16","CD4",0.00780004430921269,0,"IL16_CD4","IL16 - CD4","IL16","Secreted Signaling","KEGG: hsa04060","Advanced"
"CD8 T","C6-SLC2A1-like","IFNG","IFNGR1_IFNGR2",0.0144094118595786,0,"IFNG_IFNGR1_IFNGR2","IFNG - (IFNGR1+IFNGR2)","IFN-II","Secreted Signaling","KEGG: hsa04060","Advanced"
"CD8 T","C7-APOBEC3A-like","IFNG","IFNGR1_IFNGR2",0.0211037714062156,0,"IFNG_IFNGR1_IFNGR2","IFNG - (IFNGR1+IFNGR2)","IFN-II","Secreted Signaling","KEGG: hsa04060","Advanced"
"CD8 T","Mac-Cycling","IFNG","IFNGR1_IFNGR2",0.0180015295943358,0,"IFNG_IFNGR1_IFNGR2","IFNG - (IFNGR1+IFNGR2)","IFN-II","Secreted Signaling","KEGG: hsa04060","Advanced"
"CD8 T","Mac-FOLR2-LYVE1-resident","IFNG","IFNGR1_IFNGR2",0.015444027441901,0,"IFNG_IFNGR1_IFNGR2","IFNG - (IFNGR1+IFNGR2)","IFN-II","Secreted Signaling","KEGG: hsa04060","Advanced"
"CD8 T","Mac-OLFML3-CX3CR1-resident","IFNG","IFNGR1_IFNGR2",0.0207309720624751,0,"IFNG_IFNGR1_IFNGR2","IFNG - (IFNGR1+IFNGR2)","IFN-II","Secreted Signaling","KEGG: hsa04060","Advanced"
"CD8 T","Mac-TNF-CCL4-inflammatory","IFNG","IFNGR1_IFNGR2",0.00611988525406208,0,"IFNG_IFNGR1_IFNGR2","IFNG - (IFNGR1+IFNGR2)","IFN-II","Secreted Signaling","KEGG: hsa04060","Advanced"
"CD8 T","Mono-FCN1-S100A8-S100A9","IFNG","IFNGR1_IFNGR2",0.00602602253772588,0,"IFNG_IFNGR1_IFNGR2","IFNG - (IFNGR1+IFNGR2)","IFN-II","Secreted Signaling","KEGG: hsa04060","Advanced"
"CD8 T","Myeloid-CLEC10A-APC","IFNG","IFNGR1_IFNGR2",0.0174307395980791,0,"IFNG_IFNGR1_IFNGR2","IFNG - (IFNGR1+IFNGR2)","IFN-II","Secreted Signaling","KEGG: hsa04060","Advanced"
"C6-SLC2A1-like","CD8 T","TNF","TNFRSF1B",0.00515826135545147,0,"TNF_TNFRSF1B","TNF - TNFRSF1B","TNF","Secreted Signaling","KEGG: hsa04060","Advanced"
"C7-APOBEC3A-like","CD8 T","TNF","TNFRSF1B",0.00931248008490789,0,"TNF_TNFRSF1B","TNF - TNFRSF1B","TNF","Secreted Signaling","KEGG: hsa04060","Advanced"
"Mac-Cycling","CD8 T","TNF","TNFRSF1B",0.00995534185767102,0,"TNF_TNFRSF1B","TNF - TNFRSF1B","TNF","Secreted Signaling","KEGG: hsa04060","Advanced"
"Mac-FOLR2-LYVE1-resident","CD8 T","TNF","TNFRSF1B",0.00403555126490473,0,"TNF_TNFRSF1B","TNF - TNFRSF1B","TNF","Secreted Signaling","KEGG: hsa04060","Advanced"
"Mac-NUPR1-IGF2-stress","CD8 T","TNF","TNFRSF1B",0.00451973375618308,0.01,"TNF_TNFRSF1B","TNF - TNFRSF1B","TNF","Secreted Signaling","KEGG: hsa04060","Advanced"
"Mac-OLFML3-CX3CR1-resident","CD8 T","TNF","TNFRSF1B",0.00812642910122519,0,"TNF_TNFRSF1B","TNF - TNFRSF1B","TNF","Secreted Signaling","KEGG: hsa04060","Advanced"
"Mac-TNF-CCL4-inflammatory","CD8 T","TNF","TNFRSF1B",0.0282877004121122,0,"TNF_TNFRSF1B","TNF - TNFRSF1B","TNF","Secreted Signaling","KEGG: hsa04060","Advanced"
"Mono-FCN1-S100A8-S100A9","CD8 T","TNF","TNFRSF1B",0.00623836223363036,0,"TNF_TNFRSF1B","TNF - TNFRSF1B","TNF","Secreted Signaling","KEGG: hsa04060","Advanced"
"Myeloid-CLEC10A-APC","CD8 T","TNF","TNFRSF1B",0.00727337471440164,0,"TNF_TNFRSF1B","TNF - TNFRSF1B","TNF","Secreted Signaling","KEGG: hsa04060","Advanced"
"CD8 T","C7-APOBEC3A-like","FASLG","FAS",0.00038235039936116,0,"FASL_FAS","FASL - FAS","FASLG","Secreted Signaling","KEGG: hsa04060","Advanced"
"C6-SLC2A1-like","CD8 T","SPP1","CD44",0.203971024878004,0,"SPP1_CD44","SPP1 - CD44","SPP1","Secreted Signaling","PMID: 21907263","Advanced"
"C7-APOBEC3A-like","CD8 T","SPP1","CD44",0.105592934519034,0,"SPP1_CD44","SPP1 - CD44","SPP1","Secreted Signaling","PMID: 21907263","Advanced"
"Mac-Cycling","CD8 T","SPP1","CD44",0.158297467707642,0,"SPP1_CD44","SPP1 - CD44","SPP1","Secreted Signaling","PMID: 21907263","Advanced"
"Mac-FOLR2-LYVE1-resident","CD8 T","SPP1","CD44",0.0771991729812611,0,"SPP1_CD44","SPP1 - CD44","SPP1","Secreted Signaling","PMID: 21907263","Advanced"
"Mac-NUPR1-IGF2-stress","CD8 T","SPP1","CD44",0.173846887630399,0,"SPP1_CD44","SPP1 - CD44","SPP1","Secreted Signaling","PMID: 21907263","Advanced"
"Mac-OLFML3-CX3CR1-resident","CD8 T","SPP1","CD44",0.10406409358554,0,"SPP1_CD44","SPP1 - CD44","SPP1","Secreted Signaling","PMID: 21907263","Advanced"
"Mac-TNF-CCL4-inflammatory","CD8 T","SPP1","CD44",0.138265490149057,0,"SPP1_CD44","SPP1 - CD44","SPP1","Secreted Signaling","PMID: 21907263","Advanced"
"Mono-FCN1-S100A8-S100A9","CD8 T","SPP1","CD44",0.0161533659157402,0.01,"SPP1_CD44","SPP1 - CD44","SPP1","Secreted Signaling","PMID: 21907263","Advanced"
"Myeloid-CLEC10A-APC","CD8 T","SPP1","CD44",0.144632699957043,0,"SPP1_CD44","SPP1 - CD44","SPP1","Secreted Signaling","PMID: 21907263","Advanced"
"C6-SLC2A1-like","CD8 T","SPP1","ITGA4_ITGB1",0.104563443450638,0,"SPP1_ITGA4_ITGB1","SPP1 - (ITGA4+ITGB1)","SPP1","Secreted Signaling","PMID: 21907263","Advanced"
"C7-APOBEC3A-like","CD8 T","SPP1","ITGA4_ITGB1",0.0510558761452799,0,"SPP1_ITGA4_ITGB1","SPP1 - (ITGA4+ITGB1)","SPP1","Secreted Signaling","PMID: 21907263","Advanced"
"Mac-Cycling","CD8 T","SPP1","ITGA4_ITGB1",0.0789419400615748,0,"SPP1_ITGA4_ITGB1","SPP1 - (ITGA4+ITGB1)","SPP1","Secreted Signaling","PMID: 21907263","Advanced"
"Mac-FOLR2-LYVE1-resident","CD8 T","SPP1","ITGA4_ITGB1",0.0367248869184512,0,"SPP1_ITGA4_ITGB1","SPP1 - (ITGA4+ITGB1)","SPP1","Secreted Signaling","PMID: 21907263","Advanced"
"Mac-NUPR1-IGF2-stress","CD8 T","SPP1","ITGA4_ITGB1",0.0875067384179697,0,"SPP1_ITGA4_ITGB1","SPP1 - (ITGA4+ITGB1)","SPP1","Secreted Signaling","PMID: 21907263","Advanced"
"Mac-OLFML3-CX3CR1-resident","CD8 T","SPP1","ITGA4_ITGB1",0.0502722744797987,0,"SPP1_ITGA4_ITGB1","SPP1 - (ITGA4+ITGB1)","SPP1","Secreted Signaling","PMID: 21907263","Advanced"
"Mac-TNF-CCL4-inflammatory","CD8 T","SPP1","ITGA4_ITGB1",0.0681391676821151,0,"SPP1_ITGA4_ITGB1","SPP1 - (ITGA4+ITGB1)","SPP1","Secreted Signaling","PMID: 21907263","Advanced"
"Mono-FCN1-S100A8-S100A9","CD8 T","SPP1","ITGA4_ITGB1",0.00742683220493233,0.01,"SPP1_ITGA4_ITGB1","SPP1 - (ITGA4+ITGB1)","SPP1","Secreted Signaling","PMID: 21907263","Advanced"
"Myeloid-CLEC10A-APC","CD8 T","SPP1","ITGA4_ITGB1",0.0715451339359957,0,"SPP1_ITGA4_ITGB1","SPP1 - (ITGA4+ITGB1)","SPP1","Secreted Signaling","PMID: 21907263","Advanced"
"Mono-FCN1-S100A8-S100A9","CD8 T","RETN","CAP1",0.0143242406976294,0,"RETN_CAP1","RETN - CAP1","RESISTIN","Secreted Signaling","PMID: 30809105","Advanced"
"Myeloid-CLEC10A-APC","CD8 T","RETN","CAP1",0.0357528426397799,0,"RETN_CAP1","RETN - CAP1","RESISTIN","Secreted Signaling","PMID: 30809105","Advanced"
"CD8 T","C6-SLC2A1-like","NAMPT","ITGA5_ITGB1",0.00160558681548707,0.02,"NAMPT_ITGA5_ITGB1","NAMPT - (ITGA5+ITGB1)","VISFATIN","Secreted Signaling","PMID: 28490838","Advanced"
"CD8 T","Mac-Cycling","NAMPT","ITGA5_ITGB1",0.000665377150066778,0.03,"NAMPT_ITGA5_ITGB1","NAMPT - (ITGA5+ITGB1)","VISFATIN","Secreted Signaling","PMID: 28490838","Advanced"
"CD8 T","Mac-OLFML3-CX3CR1-resident","NAMPT","ITGA5_ITGB1",0.000662828527731341,0.03,"NAMPT_ITGA5_ITGB1","NAMPT - (ITGA5+ITGB1)","VISFATIN","Secreted Signaling","PMID: 28490838","Advanced"
"CD8 T","Myeloid-CLEC10A-APC","NAMPT","ITGA5_ITGB1",0.00106072049983207,0.03,"NAMPT_ITGA5_ITGB1","NAMPT - (ITGA5+ITGB1)","VISFATIN","Secreted Signaling","PMID: 28490838","Advanced"
"CD8 T","C7-APOBEC3A-like","ANXA1","FPR1",0.0208779286348833,0,"ANXA1_FPR1","ANXA1 - FPR1","ANNEXIN","Secreted Signaling","PMID: 23230437","Advanced"
"CD8 T","Mac-Cycling","ANXA1","FPR1",0.00846154685533674,0,"ANXA1_FPR1","ANXA1 - FPR1","ANNEXIN","Secreted Signaling","PMID: 23230437","Advanced"
"CD8 T","Mac-OLFML3-CX3CR1-resident","ANXA1","FPR1",0.0106424606426118,0,"ANXA1_FPR1","ANXA1 - FPR1","ANNEXIN","Secreted Signaling","PMID: 23230437","Advanced"
"CD8 T","Mono-FCN1-S100A8-S100A9","ANXA1","FPR1",0.0402521900603645,0,"ANXA1_FPR1","ANXA1 - FPR1","ANNEXIN","Secreted Signaling","PMID: 23230437","Advanced"
"CD8 T","Myeloid-CLEC10A-APC","ANXA1","FPR1",0.0213814968585636,0,"ANXA1_FPR1","ANXA1 - FPR1","ANNEXIN","Secreted Signaling","PMID: 23230437","Advanced"
"C6-SLC2A1-like","CD8 T","LGALS9","PTPRC",0.081081267196623,0,"LGALS9_CD45","LGALS9 - CD45","GALECTIN","Secreted Signaling","PMID: 30120235","Advanced"
"C7-APOBEC3A-like","CD8 T","LGALS9","PTPRC",0.144877903839771,0,"LGALS9_CD45","LGALS9 - CD45","GALECTIN","Secreted Signaling","PMID: 30120235","Advanced"
"Mac-Cycling","CD8 T","LGALS9","PTPRC",0.116696929531888,0,"LGALS9_CD45","LGALS9 - CD45","GALECTIN","Secreted Signaling","PMID: 30120235","Advanced"
"Mac-FOLR2-LYVE1-resident","CD8 T","LGALS9","PTPRC",0.0802007766954246,0,"LGALS9_CD45","LGALS9 - CD45","GALECTIN","Secreted Signaling","PMID: 30120235","Advanced"
"Mac-OLFML3-CX3CR1-resident","CD8 T","LGALS9","PTPRC",0.0746184602430904,0,"LGALS9_CD45","LGALS9 - CD45","GALECTIN","Secreted Signaling","PMID: 30120235","Advanced"
"Mac-TNF-CCL4-inflammatory","CD8 T","LGALS9","PTPRC",0.0348770325195241,0.01,"LGALS9_CD45","LGALS9 - CD45","GALECTIN","Secreted Signaling","PMID: 30120235","Advanced"
"Mono-FCN1-S100A8-S100A9","CD8 T","LGALS9","PTPRC",0.0354892933086989,0,"LGALS9_CD45","LGALS9 - CD45","GALECTIN","Secreted Signaling","PMID: 30120235","Advanced"
"Myeloid-CLEC10A-APC","CD8 T","LGALS9","PTPRC",0.0840977518460029,0,"LGALS9_CD45","LGALS9 - CD45","GALECTIN","Secreted Signaling","PMID: 30120235","Advanced"
"C6-SLC2A1-like","CD8 T","LGALS9","HAVCR2",0.0116677251947362,0,"LGALS9_HAVCR2","LGALS9 - HAVCR2","GALECTIN","Secreted Signaling","PMID: 27192565","Advanced"
"C7-APOBEC3A-like","CD8 T","LGALS9","HAVCR2",0.0221655818562827,0,"LGALS9_HAVCR2","LGALS9 - HAVCR2","GALECTIN","Secreted Signaling","PMID: 27192565","Advanced"
"Mac-Cycling","CD8 T","LGALS9","HAVCR2",0.0173692014694986,0,"LGALS9_HAVCR2","LGALS9 - HAVCR2","GALECTIN","Secreted Signaling","PMID: 27192565","Advanced"
"Mac-FOLR2-LYVE1-resident","CD8 T","LGALS9","HAVCR2",0.0115315618823737,0,"LGALS9_HAVCR2","LGALS9 - HAVCR2","GALECTIN","Secreted Signaling","PMID: 27192565","Advanced"
"Mac-OLFML3-CX3CR1-resident","CD8 T","LGALS9","HAVCR2",0.0106734521183182,0,"LGALS9_HAVCR2","LGALS9 - HAVCR2","GALECTIN","Secreted Signaling","PMID: 27192565","Advanced"
"Mac-TNF-CCL4-inflammatory","CD8 T","LGALS9","HAVCR2",0.00481173733787725,0.01,"LGALS9_HAVCR2","LGALS9 - HAVCR2","GALECTIN","Secreted Signaling","PMID: 27192565","Advanced"
"Mono-FCN1-S100A8-S100A9","CD8 T","LGALS9","HAVCR2",0.004898885652458,0,"LGALS9_HAVCR2","LGALS9 - HAVCR2","GALECTIN","Secreted Signaling","PMID: 27192565","Advanced"
"Myeloid-CLEC10A-APC","CD8 T","LGALS9","HAVCR2",0.0121359073521744,0,"LGALS9_HAVCR2","LGALS9 - HAVCR2","GALECTIN","Secreted Signaling","PMID: 27192565","Advanced"
"C6-SLC2A1-like","CD8 T","LGALS9","CD44",0.0423498202568832,0,"LGALS9_CD44","LGALS9 - CD44","GALECTIN","Secreted Signaling","PMID: 25065622","Advanced"
"C7-APOBEC3A-like","CD8 T","LGALS9","CD44",0.0782672871157964,0,"LGALS9_CD44","LGALS9 - CD44","GALECTIN","Secreted Signaling","PMID: 25065622","Advanced"
"Mac-Cycling","CD8 T","LGALS9","CD44",0.0621021296102323,0,"LGALS9_CD44","LGALS9 - CD44","GALECTIN","Secreted Signaling","PMID: 25065622","Advanced"
"Mac-FOLR2-LYVE1-resident","CD8 T","LGALS9","CD44",0.0418707637175149,0,"LGALS9_CD44","LGALS9 - CD44","GALECTIN","Secreted Signaling","PMID: 25065622","Advanced"
"Mac-OLFML3-CX3CR1-resident","CD8 T","LGALS9","CD44",0.0388437113046019,0,"LGALS9_CD44","LGALS9 - CD44","GALECTIN","Secreted Signaling","PMID: 25065622","Advanced"
"Mac-TNF-CCL4-inflammatory","CD8 T","LGALS9","CD44",0.0177894581791853,0.01,"LGALS9_CD44","LGALS9 - CD44","GALECTIN","Secreted Signaling","PMID: 25065622","Advanced"
"Mono-FCN1-S100A8-S100A9","CD8 T","LGALS9","CD44",0.0181073772537391,0,"LGALS9_CD44","LGALS9 - CD44","GALECTIN","Secreted Signaling","PMID: 25065622","Advanced"
"Myeloid-CLEC10A-APC","CD8 T","LGALS9","CD44",0.043994356671273,0,"LGALS9_CD44","LGALS9 - CD44","GALECTIN","Secreted Signaling","PMID: 25065622","Advanced"
"CD8 T","C6-SLC2A1-like","ANXA1","FPR3",0.0395048478069105,0,"ANXA1_FPR3","ANXA1 - FPR3","ANNEXIN","Secreted Signaling","PMID: 33082511","Advanced"
"CD8 T","C7-APOBEC3A-like","ANXA1","FPR3",0.0504711443643423,0,"ANXA1_FPR3","ANXA1 - FPR3","ANNEXIN","Secreted Signaling","PMID: 33082511","Advanced"
"CD8 T","Mac-Cycling","ANXA1","FPR3",0.0181977541546001,0,"ANXA1_FPR3","ANXA1 - FPR3","ANNEXIN","Secreted Signaling","PMID: 33082511","Advanced"
"CD8 T","Mac-FOLR2-LYVE1-resident","ANXA1","FPR3",0.0145251336777011,0,"ANXA1_FPR3","ANXA1 - FPR3","ANNEXIN","Secreted Signaling","PMID: 33082511","Advanced"
"CD8 T","Mac-NUPR1-IGF2-stress","ANXA1","FPR3",0.00358903642116078,0,"ANXA1_FPR3","ANXA1 - FPR3","ANNEXIN","Secreted Signaling","PMID: 33082511","Advanced"
"CD8 T","Mac-OLFML3-CX3CR1-resident","ANXA1","FPR3",0.0156500421542011,0,"ANXA1_FPR3","ANXA1 - FPR3","ANNEXIN","Secreted Signaling","PMID: 33082511","Advanced"
"CD8 T","Mac-TNF-CCL4-inflammatory","ANXA1","FPR3",0.00920274153647949,0,"ANXA1_FPR3","ANXA1 - FPR3","ANNEXIN","Secreted Signaling","PMID: 33082511","Advanced"
"CD8 T","Myeloid-CLEC10A-APC","ANXA1","FPR3",0.0346690365787929,0,"ANXA1_FPR3","ANXA1 - FPR3","ANNEXIN","Secreted Signaling","PMID: 33082511","Advanced"
"C6-SLC2A1-like","CD8 T","LGALS9","P4HB",0.0101740722278495,0.01,"LGALS9_P4HB","LGALS9 - P4HB","GALECTIN","Secreted Signaling","PMID:21670307;uniprot","Advanced"
"C7-APOBEC3A-like","CD8 T","LGALS9","P4HB",0.0193543547694112,0.01,"LGALS9_P4HB","LGALS9 - P4HB","GALECTIN","Secreted Signaling","PMID:21670307;uniprot","Advanced"
"Mac-Cycling","CD8 T","LGALS9","P4HB",0.015156862832914,0,"LGALS9_P4HB","LGALS9 - P4HB","GALECTIN","Secreted Signaling","PMID:21670307;uniprot","Advanced"
"Mac-FOLR2-LYVE1-resident","CD8 T","LGALS9","P4HB",0.0100551626271803,0,"LGALS9_P4HB","LGALS9 - P4HB","GALECTIN","Secreted Signaling","PMID:21670307;uniprot","Advanced"
"Mac-OLFML3-CX3CR1-resident","CD8 T","LGALS9","P4HB",0.00930588333623328,0.03,"LGALS9_P4HB","LGALS9 - P4HB","GALECTIN","Secreted Signaling","PMID:21670307;uniprot","Advanced"
"Myeloid-CLEC10A-APC","CD8 T","LGALS9","P4HB",0.0105829614549325,0.02,"LGALS9_P4HB","LGALS9 - P4HB","GALECTIN","Secreted Signaling","PMID:21670307;uniprot","Advanced"
"C6-SLC2A1-like","CD8 T","COL1A1","ITGA1_ITGB1",0.00557102111539342,0,"COL1A1_ITGA1_ITGB1","COL1A1 - (ITGA1+ITGB1)","COLLAGEN","ECM-Receptor","KEGG: hsa04512","Advanced"
"Mac-Cycling","CD8 T","COL1A1","ITGA1_ITGB1",0.00260828111558946,0,"COL1A1_ITGA1_ITGB1","COL1A1 - (ITGA1+ITGB1)","COLLAGEN","ECM-Receptor","KEGG: hsa04512","Advanced"
"Mac-Cycling","CD8 T","COL1A2","ITGA1_ITGB1",0.00247036568533504,0,"COL1A2_ITGA1_ITGB1","COL1A2 - (ITGA1+ITGB1)","COLLAGEN","ECM-Receptor","KEGG: hsa04512","Advanced"
"Mac-Cycling","CD8 T","COL6A1","ITGA1_ITGB1",0.000678882199954084,0,"COL6A1_ITGA1_ITGB1","COL6A1 - (ITGA1+ITGB1)","COLLAGEN","ECM-Receptor","KEGG: hsa04512","Advanced"
"C6-SLC2A1-like","CD8 T","FN1","ITGA4_ITGB1",0.0362957261072019,0,"FN1_ITGA4_ITGB1","FN1 - (ITGA4+ITGB1)","FN1","ECM-Receptor","KEGG: hsa04512","Advanced"
"C7-APOBEC3A-like","CD8 T","FN1","ITGA4_ITGB1",0.0481418552794706,0,"FN1_ITGA4_ITGB1","FN1 - (ITGA4+ITGB1)","FN1","ECM-Receptor","KEGG: hsa04512","Advanced"
"Mac-Cycling","CD8 T","FN1","ITGA4_ITGB1",0.0322129571509088,0,"FN1_ITGA4_ITGB1","FN1 - (ITGA4+ITGB1)","FN1","ECM-Receptor","KEGG: hsa04512","Advanced"
"Mac-FOLR2-LYVE1-resident","CD8 T","FN1","ITGA4_ITGB1",0.0202656652640483,0,"FN1_ITGA4_ITGB1","FN1 - (ITGA4+ITGB1)","FN1","ECM-Receptor","KEGG: hsa04512","Advanced"
"Mac-NUPR1-IGF2-stress","CD8 T","FN1","ITGA4_ITGB1",0.0127545488973439,0,"FN1_ITGA4_ITGB1","FN1 - (ITGA4+ITGB1)","FN1","ECM-Receptor","KEGG: hsa04512","Advanced"
"Mac-OLFML3-CX3CR1-resident","CD8 T","FN1","ITGA4_ITGB1",0.0277028397843195,0,"FN1_ITGA4_ITGB1","FN1 - (ITGA4+ITGB1)","FN1","ECM-Receptor","KEGG: hsa04512","Advanced"
"Mac-TNF-CCL4-inflammatory","CD8 T","FN1","ITGA4_ITGB1",0.040469699136052,0,"FN1_ITGA4_ITGB1","FN1 - (ITGA4+ITGB1)","FN1","ECM-Receptor","KEGG: hsa04512","Advanced"
"Myeloid-CLEC10A-APC","CD8 T","FN1","ITGA4_ITGB1",0.0483517017519273,0,"FN1_ITGA4_ITGB1","FN1 - (ITGA4+ITGB1)","FN1","ECM-Receptor","KEGG: hsa04512","Advanced"
"C6-SLC2A1-like","CD8 T","FN1","ITGA4_ITGB7",0.0189572965044144,0,"FN1_ITGA4_ITGB7","FN1 - (ITGA4+ITGB7)","FN1","ECM-Receptor","KEGG: hsa04512","Advanced"
"C7-APOBEC3A-like","CD8 T","FN1","ITGA4_ITGB7",0.0252930635991406,0,"FN1_ITGA4_ITGB7","FN1 - (ITGA4+ITGB7)","FN1","ECM-Receptor","KEGG: hsa04512","Advanced"
"Mac-Cycling","CD8 T","FN1","ITGA4_ITGB7",0.016790880714479,0,"FN1_ITGA4_ITGB7","FN1 - (ITGA4+ITGB7)","FN1","ECM-Receptor","KEGG: hsa04512","Advanced"
"Mac-FOLR2-LYVE1-resident","CD8 T","FN1","ITGA4_ITGB7",0.0105013355539847,0,"FN1_ITGA4_ITGB7","FN1 - (ITGA4+ITGB7)","FN1","ECM-Receptor","KEGG: hsa04512","Advanced"
"Mac-NUPR1-IGF2-stress","CD8 T","FN1","ITGA4_ITGB7",0.00658487471746639,0,"FN1_ITGA4_ITGB7","FN1 - (ITGA4+ITGB7)","FN1","ECM-Receptor","KEGG: hsa04512","Advanced"
"Mac-OLFML3-CX3CR1-resident","CD8 T","FN1","ITGA4_ITGB7",0.014407853830382,0,"FN1_ITGA4_ITGB7","FN1 - (ITGA4+ITGB7)","FN1","ECM-Receptor","KEGG: hsa04512","Advanced"
"Mac-TNF-CCL4-inflammatory","CD8 T","FN1","ITGA4_ITGB7",0.0211811909215906,0,"FN1_ITGA4_ITGB7","FN1 - (ITGA4+ITGB7)","FN1","ECM-Receptor","KEGG: hsa04512","Advanced"
"Myeloid-CLEC10A-APC","CD8 T","FN1","ITGA4_ITGB7",0.0254059723379807,0,"FN1_ITGA4_ITGB7","FN1 - (ITGA4+ITGB7)","FN1","ECM-Receptor","KEGG: hsa04512","Advanced"
"C6-SLC2A1-like","CD8 T","FN1","CD44",0.0763345173633653,0,"FN1_CD44","FN1 - CD44","FN1","ECM-Receptor","KEGG: hsa04512","Advanced"
"C7-APOBEC3A-like","CD8 T","FN1","CD44",0.0998938739784487,0,"FN1_CD44","FN1 - CD44","FN1","ECM-Receptor","KEGG: hsa04512","Advanced"
"Mac-Cycling","CD8 T","FN1","CD44",0.068066038621857,0,"FN1_CD44","FN1 - CD44","FN1","ECM-Receptor","KEGG: hsa04512","Advanced"
"Mac-FOLR2-LYVE1-resident","CD8 T","FN1","CD44",0.0434179495734518,0,"FN1_CD44","FN1 - CD44","FN1","ECM-Receptor","KEGG: hsa04512","Advanced"
"Mac-NUPR1-IGF2-stress","CD8 T","FN1","CD44",0.0275672894721575,0,"FN1_CD44","FN1 - CD44","FN1","ECM-Receptor","KEGG: hsa04512","Advanced"
"Mac-OLFML3-CX3CR1-resident","CD8 T","FN1","CD44",0.0588413536501959,0,"FN1_CD44","FN1 - CD44","FN1","ECM-Receptor","KEGG: hsa04512","Advanced"
"Mac-TNF-CCL4-inflammatory","CD8 T","FN1","CD44",0.0847081903354567,0,"FN1_CD44","FN1 - CD44","FN1","ECM-Receptor","KEGG: hsa04512","Advanced"
"Myeloid-CLEC10A-APC","CD8 T","FN1","CD44",0.100305531714052,0,"FN1_CD44","FN1 - CD44","FN1","ECM-Receptor","KEGG: hsa04512","Advanced"
"C6-SLC2A1-like","CD8 T","COL1A1","CD44",0.010298160441565,0,"COL1A1_CD44","COL1A1 - CD44","COLLAGEN","ECM-Receptor","KEGG: hsa04512","Advanced"
"Mac-Cycling","CD8 T","COL1A1","CD44",0.0048336872664976,0.03,"COL1A1_CD44","COL1A1 - CD44","COLLAGEN","ECM-Receptor","KEGG: hsa04512","Advanced"
"CD8 T","Myeloid-CLEC10A-APC","PGE2-PTGES3","PTGER2",0.00111369350738235,0,"PGE2-PTGES3_PTGER2","PGE2-PTGES3 - PTGER2","Prostaglandin","Non-protein Signaling","PMID: 34949672;PMID: 21508345","Advanced"
"C7-APOBEC3A-like","CD8 T","PGE2-PTGES2","PTGER4",0.00189594647544691,0,"PGE2-PTGES2_PTGER4","PGE2-PTGES2 - PTGER4","Prostaglandin","Non-protein Signaling","PMID: 34949672;PMID: 21508345","Advanced"
"Mac-Cycling","CD8 T","PGE2-PTGES2","PTGER4",0.00145145848131947,0,"PGE2-PTGES2_PTGER4","PGE2-PTGES2 - PTGER4","Prostaglandin","Non-protein Signaling","PMID: 34949672;PMID: 21508345","Advanced"
"Mac-OLFML3-CX3CR1-resident","CD8 T","PGE2-PTGES2","PTGER4",0.00174068714660845,0,"PGE2-PTGES2_PTGER4","PGE2-PTGES2 - PTGER4","Prostaglandin","Non-protein Signaling","PMID: 34949672;PMID: 21508345","Advanced"
"Myeloid-CLEC10A-APC","CD8 T","PGE2-PTGES2","PTGER4",0.00147731580239776,0,"PGE2-PTGES2_PTGER4","PGE2-PTGES2 - PTGER4","Prostaglandin","Non-protein Signaling","PMID: 34949672;PMID: 21508345","Advanced"
"C6-SLC2A1-like","CD8 T","PGE2-PTGES3","PTGER4",0.0143651264354725,0,"PGE2-PTGES3_PTGER4","PGE2-PTGES3 - PTGER4","Prostaglandin","Non-protein Signaling","PMID: 34949672;PMID: 21508345","Advanced"
"C7-APOBEC3A-like","CD8 T","PGE2-PTGES3","PTGER4",0.0130189523225938,0,"PGE2-PTGES3_PTGER4","PGE2-PTGES3 - PTGER4","Prostaglandin","Non-protein Signaling","PMID: 34949672;PMID: 21508345","Advanced"
"Mac-Cycling","CD8 T","PGE2-PTGES3","PTGER4",0.0181614554216753,0,"PGE2-PTGES3_PTGER4","PGE2-PTGES3 - PTGER4","Prostaglandin","Non-protein Signaling","PMID: 34949672;PMID: 21508345","Advanced"
"Mac-FOLR2-LYVE1-resident","CD8 T","PGE2-PTGES3","PTGER4",0.011366231694017,0,"PGE2-PTGES3_PTGER4","PGE2-PTGES3 - PTGER4","Prostaglandin","Non-protein Signaling","PMID: 34949672;PMID: 21508345","Advanced"
"Mac-OLFML3-CX3CR1-resident","CD8 T","PGE2-PTGES3","PTGER4",0.0135368032466085,0,"PGE2-PTGES3_PTGER4","PGE2-PTGES3 - PTGER4","Prostaglandin","Non-protein Signaling","PMID: 34949672;PMID: 21508345","Advanced"
"Mono-FCN1-S100A8-S100A9","CD8 T","PGE2-PTGES3","PTGER4",0.0106881358437054,0,"PGE2-PTGES3_PTGER4","PGE2-PTGES3 - PTGER4","Prostaglandin","Non-protein Signaling","PMID: 34949672;PMID: 21508345","Advanced"
"Myeloid-CLEC10A-APC","CD8 T","PGE2-PTGES3","PTGER4",0.0144157108874528,0,"PGE2-PTGES3_PTGER4","PGE2-PTGES3 - PTGER4","Prostaglandin","Non-protein Signaling","PMID: 34949672;PMID: 21508345","Advanced"
"CD8 T","Mac-FOLR2-LYVE1-resident","PGE2-PTGES3","PTGER4",0.0111038322409047,0.01,"PGE2-PTGES3_PTGER4","PGE2-PTGES3 - PTGER4","Prostaglandin","Non-protein Signaling","PMID: 34949672;PMID: 21508345","Advanced"
"CD8 T","Mac-OLFML3-CX3CR1-resident","PGE2-PTGES3","PTGER4",0.0119474118467354,0.01,"PGE2-PTGES3_PTGER4","PGE2-PTGES3 - PTGER4","Prostaglandin","Non-protein Signaling","PMID: 34949672;PMID: 21508345","Advanced"
"C6-SLC2A1-like","CD8 T","Cholesterol-LIPA","RORA",0.00790965514336711,0,"Cholesterol-Cholesterol-LIPA_RORA","CHOLESTEROL-LIPA - RORA","Cholesterol","Non-protein Signaling","HMRbase;PMID:12467577;PDB:1N83","Advanced"
"C7-APOBEC3A-like","CD8 T","Cholesterol-LIPA","RORA",0.0118038379633925,0,"Cholesterol-Cholesterol-LIPA_RORA","CHOLESTEROL-LIPA - RORA","Cholesterol","Non-protein Signaling","HMRbase;PMID:12467577;PDB:1N83","Advanced"
"Mac-Cycling","CD8 T","Cholesterol-LIPA","RORA",0.0010137235556033,0,"Cholesterol-Cholesterol-LIPA_RORA","CHOLESTEROL-LIPA - RORA","Cholesterol","Non-protein Signaling","HMRbase;PMID:12467577;PDB:1N83","Advanced"
"Mac-FOLR2-LYVE1-resident","CD8 T","Cholesterol-LIPA","RORA",0.00365212613538251,0,"Cholesterol-Cholesterol-LIPA_RORA","CHOLESTEROL-LIPA - RORA","Cholesterol","Non-protein Signaling","HMRbase;PMID:12467577;PDB:1N83","Advanced"
"Mac-OLFML3-CX3CR1-resident","CD8 T","Cholesterol-LIPA","RORA",0.00697974771599437,0,"Cholesterol-Cholesterol-LIPA_RORA","CHOLESTEROL-LIPA - RORA","Cholesterol","Non-protein Signaling","HMRbase;PMID:12467577;PDB:1N83","Advanced"
"Myeloid-CLEC10A-APC","CD8 T","Cholesterol-LIPA","RORA",0.00623187641055257,0,"Cholesterol-Cholesterol-LIPA_RORA","CHOLESTEROL-LIPA - RORA","Cholesterol","Non-protein Signaling","HMRbase;PMID:12467577;PDB:1N83","Advanced"
"CD8 T","C6-SLC2A1-like","PTPRC","MRC1",0.0650952768807912,0,"PTPRC_MRC1","PTPRC - MRC1","CD45","Cell-Cell Contact","PMID: 27601670; PMID: 10575006","Advanced"
"CD8 T","C7-APOBEC3A-like","PTPRC","MRC1",0.0312444976196658,0,"PTPRC_MRC1","PTPRC - MRC1","CD45","Cell-Cell Contact","PMID: 27601670; PMID: 10575006","Advanced"
"CD8 T","Mac-Cycling","PTPRC","MRC1",0.00938346222715645,0,"PTPRC_MRC1","PTPRC - MRC1","CD45","Cell-Cell Contact","PMID: 27601670; PMID: 10575006","Advanced"
"CD8 T","Mac-FOLR2-LYVE1-resident","PTPRC","MRC1",0.0344778278354725,0,"PTPRC_MRC1","PTPRC - MRC1","CD45","Cell-Cell Contact","PMID: 27601670; PMID: 10575006","Advanced"
"CD8 T","Mac-OLFML3-CX3CR1-resident","PTPRC","MRC1",0.0153394326276265,0,"PTPRC_MRC1","PTPRC - MRC1","CD45","Cell-Cell Contact","PMID: 27601670; PMID: 10575006","Advanced"
"CD8 T","Myeloid-CLEC10A-APC","PTPRC","MRC1",0.0163598830211914,0,"PTPRC_MRC1","PTPRC - MRC1","CD45","Cell-Cell Contact","PMID: 27601670; PMID: 10575006","Advanced"
"CD8 T","C6-SLC2A1-like","CD99","PILRA",0.00635328526052397,0,"CD99_PILRA","CD99 - PILRA","CD99","Cell-Cell Contact","PMID: 18234675","Advanced"
"CD8 T","C7-APOBEC3A-like","CD99","PILRA",0.0265683041797794,0,"CD99_PILRA","CD99 - PILRA","CD99","Cell-Cell Contact","PMID: 18234675","Advanced"
"CD8 T","Mac-FOLR2-LYVE1-resident","CD99","PILRA",0.00771901925033889,0,"CD99_PILRA","CD99 - PILRA","CD99","Cell-Cell Contact","PMID: 18234675","Advanced"
"CD8 T","Mac-OLFML3-CX3CR1-resident","CD99","PILRA",0.00845289751198046,0,"CD99_PILRA","CD99 - PILRA","CD99","Cell-Cell Contact","PMID: 18234675","Advanced"
"CD8 T","Mono-FCN1-S100A8-S100A9","CD99","PILRA",0.0114146456696973,0,"CD99_PILRA","CD99 - PILRA","CD99","Cell-Cell Contact","PMID: 18234675","Advanced"
"CD8 T","Myeloid-CLEC10A-APC","CD99","PILRA",0.0225641085344236,0,"CD99_PILRA","CD99 - PILRA","CD99","Cell-Cell Contact","PMID: 18234675","Advanced"
"CD8 T","C6-SLC2A1-like","CD99","CD99",0.0359366539524546,0.03,"CD99_CD99","CD99 - CD99","CD99","Cell-Cell Contact","KEGG: hsa04514","Advanced"
"C6-SLC2A1-like","CD8 T","CD99","CD99",0.0359366539524546,0.03,"CD99_CD99","CD99 - CD99","CD99","Cell-Cell Contact","KEGG: hsa04514","Advanced"
"Mac-Cycling","CD8 T","CD99","CD99",0.0451390054370876,0,"CD99_CD99","CD99 - CD99","CD99","Cell-Cell Contact","KEGG: hsa04514","Advanced"
"Mono-FCN1-S100A8-S100A9","CD8 T","CD99","CD99",0.0338276262234482,0,"CD99_CD99","CD99 - CD99","CD99","Cell-Cell Contact","KEGG: hsa04514","Advanced"
"Myeloid-CLEC10A-APC","CD8 T","CD99","CD99",0.0413793852601397,0,"CD99_CD99","CD99 - CD99","CD99","Cell-Cell Contact","KEGG: hsa04514","Advanced"
"CD8 T","Mac-Cycling","CD99","CD99",0.0451390054370876,0,"CD99_CD99","CD99 - CD99","CD99","Cell-Cell Contact","KEGG: hsa04514","Advanced"
"CD8 T","Mono-FCN1-S100A8-S100A9","CD99","CD99",0.0338276262234482,0,"CD99_CD99","CD99 - CD99","CD99","Cell-Cell Contact","KEGG: hsa04514","Advanced"
"CD8 T","Myeloid-CLEC10A-APC","CD99","CD99",0.0413793852601397,0,"CD99_CD99","CD99 - CD99","CD99","Cell-Cell Contact","KEGG: hsa04514","Advanced"
"C7-APOBEC3A-like","CD8 T","CLEC2D","KLRB1",0.000749139118162278,0,"CLEC2D_KLRB1","CLEC2D - KLRB1","CLEC","Cell-Cell Contact","PMID: 24223577","Advanced"
"Mac-Cycling","CD8 T","CLEC2D","KLRB1",0.000560470852430239,0,"CLEC2D_KLRB1","CLEC2D - KLRB1","CLEC","Cell-Cell Contact","PMID: 24223577","Advanced"
"C6-SLC2A1-like","CD8 T","CLEC2B","KLRB1",0.0206569780609015,0,"CLEC2B_KLRB1","CLEC2B - KLRB1","CLEC","Cell-Cell Contact","PMID: 24223577","Advanced"
"C7-APOBEC3A-like","CD8 T","CLEC2B","KLRB1",0.0162669064173257,0,"CLEC2B_KLRB1","CLEC2B - KLRB1","CLEC","Cell-Cell Contact","PMID: 24223577","Advanced"
"Mac-Cycling","CD8 T","CLEC2B","KLRB1",0.0215521200712135,0,"CLEC2B_KLRB1","CLEC2B - KLRB1","CLEC","Cell-Cell Contact","PMID: 24223577","Advanced"
"Mac-FOLR2-LYVE1-resident","CD8 T","CLEC2B","KLRB1",0.00666077207601187,0,"CLEC2B_KLRB1","CLEC2B - KLRB1","CLEC","Cell-Cell Contact","PMID: 24223577","Advanced"
"Mac-NUPR1-IGF2-stress","CD8 T","CLEC2B","KLRB1",0.0017042210312931,0,"CLEC2B_KLRB1","CLEC2B - KLRB1","CLEC","Cell-Cell Contact","PMID: 24223577","Advanced"
"Mac-OLFML3-CX3CR1-resident","CD8 T","CLEC2B","KLRB1",0.023664036320314,0,"CLEC2B_KLRB1","CLEC2B - KLRB1","CLEC","Cell-Cell Contact","PMID: 24223577","Advanced"
"Mono-FCN1-S100A8-S100A9","CD8 T","CLEC2B","KLRB1",0.00546732728596636,0,"CLEC2B_KLRB1","CLEC2B - KLRB1","CLEC","Cell-Cell Contact","PMID: 24223577","Advanced"
"Myeloid-CLEC10A-APC","CD8 T","CLEC2B","KLRB1",0.0166041673626239,0,"CLEC2B_KLRB1","CLEC2B - KLRB1","CLEC","Cell-Cell Contact","PMID: 24223577","Advanced"
"C7-APOBEC3A-like","CD8 T","CD69","KLRB1",0.00375291363067598,0,"CLEC2C_KLRB1","CLEC2C - KLRB1","CLEC","Cell-Cell Contact","PMID: 24223577","Advanced"
"Mac-Cycling","CD8 T","CD69","KLRB1",0.0103081510515275,0,"CLEC2C_KLRB1","CLEC2C - KLRB1","CLEC","Cell-Cell Contact","PMID: 24223577","Advanced"
"Mac-FOLR2-LYVE1-resident","CD8 T","CD69","KLRB1",0.00730426591136962,0,"CLEC2C_KLRB1","CLEC2C - KLRB1","CLEC","Cell-Cell Contact","PMID: 24223577","Advanced"
"Mac-OLFML3-CX3CR1-resident","CD8 T","CD69","KLRB1",0.0209907391993143,0,"CLEC2C_KLRB1","CLEC2C - KLRB1","CLEC","Cell-Cell Contact","PMID: 24223577","Advanced"
"Mac-TNF-CCL4-inflammatory","CD8 T","CD69","KLRB1",0.0228962128834817,0,"CLEC2C_KLRB1","CLEC2C - KLRB1","CLEC","Cell-Cell Contact","PMID: 24223577","Advanced"
"Mono-FCN1-S100A8-S100A9","CD8 T","CD69","KLRB1",0.00405799408993231,0,"CLEC2C_KLRB1","CLEC2C - KLRB1","CLEC","Cell-Cell Contact","PMID: 24223577","Advanced"
"Myeloid-CLEC10A-APC","CD8 T","CD69","KLRB1",0.0158100589905751,0,"CLEC2C_KLRB1","CLEC2C - KLRB1","CLEC","Cell-Cell Contact","PMID: 24223577","Advanced"
"C6-SLC2A1-like","CD8 T","ICAM1","ITGAL_ITGB2",0.0277736817667693,0,"ICAM1_ITGAL_ITGB2","ICAM1 - (ITGAL+ITGB2)","ICAM","Cell-Cell Contact","KEGG: hsa04514","Advanced"
"C7-APOBEC3A-like","CD8 T","ICAM1","ITGAL_ITGB2",0.0340595110754068,0,"ICAM1_ITGAL_ITGB2","ICAM1 - (ITGAL+ITGB2)","ICAM","Cell-Cell Contact","KEGG: hsa04514","Advanced"
"Mac-Cycling","CD8 T","ICAM1","ITGAL_ITGB2",0.010728559598261,0,"ICAM1_ITGAL_ITGB2","ICAM1 - (ITGAL+ITGB2)","ICAM","Cell-Cell Contact","KEGG: hsa04514","Advanced"
"Mac-FOLR2-LYVE1-resident","CD8 T","ICAM1","ITGAL_ITGB2",0.00611917125259413,0,"ICAM1_ITGAL_ITGB2","ICAM1 - (ITGAL+ITGB2)","ICAM","Cell-Cell Contact","KEGG: hsa04514","Advanced"
"Mac-OLFML3-CX3CR1-resident","CD8 T","ICAM1","ITGAL_ITGB2",0.00568275512849645,0,"ICAM1_ITGAL_ITGB2","ICAM1 - (ITGAL+ITGB2)","ICAM","Cell-Cell Contact","KEGG: hsa04514","Advanced"
"Mac-TNF-CCL4-inflammatory","CD8 T","ICAM1","ITGAL_ITGB2",0.00866103219495542,0,"ICAM1_ITGAL_ITGB2","ICAM1 - (ITGAL+ITGB2)","ICAM","Cell-Cell Contact","KEGG: hsa04514","Advanced"
"Mono-FCN1-S100A8-S100A9","CD8 T","ICAM1","ITGAL_ITGB2",0.00904563622791872,0,"ICAM1_ITGAL_ITGB2","ICAM1 - (ITGAL+ITGB2)","ICAM","Cell-Cell Contact","KEGG: hsa04514","Advanced"
"Myeloid-CLEC10A-APC","CD8 T","ICAM1","ITGAL_ITGB2",0.0144572400611875,0,"ICAM1_ITGAL_ITGB2","ICAM1 - (ITGAL+ITGB2)","ICAM","Cell-Cell Contact","KEGG: hsa04514","Advanced"
"C7-APOBEC3A-like","CD8 T","ICAM2","ITGAL_ITGB2",0.000683002271240538,0.04,"ICAM2_ITGAL_ITGB2","ICAM2 - (ITGAL+ITGB2)","ICAM","Cell-Cell Contact","KEGG: hsa04514","Advanced"
"Myeloid-CLEC10A-APC","CD8 T","ICAM2","ITGAL_ITGB2",0.00285214006911211,0,"ICAM2_ITGAL_ITGB2","ICAM2 - (ITGAL+ITGB2)","ICAM","Cell-Cell Contact","KEGG: hsa04514","Advanced"
"C6-SLC2A1-like","CD8 T","ICAM1","ITGAL",0.015157679401775,0,"ICAM1_ITGAL","ICAM1 - ITGAL","ICAM","Cell-Cell Contact","PMID: 23602662","Advanced"
"C7-APOBEC3A-like","CD8 T","ICAM1","ITGAL",0.0186429661476949,0,"ICAM1_ITGAL","ICAM1 - ITGAL","ICAM","Cell-Cell Contact","PMID: 23602662","Advanced"
"Mac-Cycling","CD8 T","ICAM1","ITGAL",0.00580892460154421,0,"ICAM1_ITGAL","ICAM1 - ITGAL","ICAM","Cell-Cell Contact","PMID: 23602662","Advanced"
"Mac-FOLR2-LYVE1-resident","CD8 T","ICAM1","ITGAL",0.00330613066433193,0,"ICAM1_ITGAL","ICAM1 - ITGAL","ICAM","Cell-Cell Contact","PMID: 23602662","Advanced"
"Mac-OLFML3-CX3CR1-resident","CD8 T","ICAM1","ITGAL",0.00306971948487766,0,"ICAM1_ITGAL","ICAM1 - ITGAL","ICAM","Cell-Cell Contact","PMID: 23602662","Advanced"
"Mac-TNF-CCL4-inflammatory","CD8 T","ICAM1","ITGAL",0.00468498240898997,0,"ICAM1_ITGAL","ICAM1 - ITGAL","ICAM","Cell-Cell Contact","PMID: 23602662","Advanced"
"Mono-FCN1-S100A8-S100A9","CD8 T","ICAM1","ITGAL",0.00489389657090922,0,"ICAM1_ITGAL","ICAM1 - ITGAL","ICAM","Cell-Cell Contact","PMID: 23602662","Advanced"
"Myeloid-CLEC10A-APC","CD8 T","ICAM1","ITGAL",0.00784135245795889,0,"ICAM1_ITGAL","ICAM1 - ITGAL","ICAM","Cell-Cell Contact","PMID: 23602662","Advanced"
"C6-SLC2A1-like","CD8 T","ICAM1","SPN",0.0137697130490709,0,"ICAM1_SPN","ICAM1 - SPN","ICAM","Cell-Cell Contact","PMID: 1683685","Advanced"
"C7-APOBEC3A-like","CD8 T","ICAM1","SPN",0.0169413471462265,0,"ICAM1_SPN","ICAM1 - SPN","ICAM","Cell-Cell Contact","PMID: 1683685","Advanced"
"Mac-Cycling","CD8 T","ICAM1","SPN",0.0052724270043402,0,"ICAM1_SPN","ICAM1 - SPN","ICAM","Cell-Cell Contact","PMID: 1683685","Advanced"
"Mac-FOLR2-LYVE1-resident","CD8 T","ICAM1","SPN",0.00300008726345178,0,"ICAM1_SPN","ICAM1 - SPN","ICAM","Cell-Cell Contact","PMID: 1683685","Advanced"
"Mac-OLFML3-CX3CR1-resident","CD8 T","ICAM1","SPN",0.00278549914046877,0,"ICAM1_SPN","ICAM1 - SPN","ICAM","Cell-Cell Contact","PMID: 1683685","Advanced"
"Mac-TNF-CCL4-inflammatory","CD8 T","ICAM1","SPN",0.00425184533319691,0,"ICAM1_SPN","ICAM1 - SPN","ICAM","Cell-Cell Contact","PMID: 1683685","Advanced"
"Mono-FCN1-S100A8-S100A9","CD8 T","ICAM1","SPN",0.00444153110487286,0,"ICAM1_SPN","ICAM1 - SPN","ICAM","Cell-Cell Contact","PMID: 1683685","Advanced"
"Myeloid-CLEC10A-APC","CD8 T","ICAM1","SPN",0.00711848897798736,0,"ICAM1_SPN","ICAM1 - SPN","ICAM","Cell-Cell Contact","PMID: 1683685","Advanced"
"C6-SLC2A1-like","CD8 T","F11R","ITGAL_ITGB2",0.00384143515527304,0,"JAM1_ITGAL_ITGB2","JAM1 - (ITGAL+ITGB2)","JAM","Cell-Cell Contact","PMID: 11812992","Advanced"
"C7-APOBEC3A-like","CD8 T","F11R","ITGAL_ITGB2",0.00369148242324683,0,"JAM1_ITGAL_ITGB2","JAM1 - (ITGAL+ITGB2)","JAM","Cell-Cell Contact","PMID: 11812992","Advanced"
"C6-SLC2A1-like","CD8 T","HLA-A","CD8A",0.065786832065107,0,"HLA-A_CD8A","HLA-A - CD8A","MHC-I","Cell-Cell Contact","KEGG: hsa04514","Advanced"
"C7-APOBEC3A-like","CD8 T","HLA-A","CD8A",0.0808186463391484,0,"HLA-A_CD8A","HLA-A - CD8A","MHC-I","Cell-Cell Contact","KEGG: hsa04514","Advanced"
"Mac-Cycling","CD8 T","HLA-A","CD8A",0.0568415647306676,0,"HLA-A_CD8A","HLA-A - CD8A","MHC-I","Cell-Cell Contact","KEGG: hsa04514","Advanced"
"Mac-FOLR2-LYVE1-resident","CD8 T","HLA-A","CD8A",0.0644893851102989,0,"HLA-A_CD8A","HLA-A - CD8A","MHC-I","Cell-Cell Contact","KEGG: hsa04514","Advanced"
"Mac-NUPR1-IGF2-stress","CD8 T","HLA-A","CD8A",0.0562532270365146,0,"HLA-A_CD8A","HLA-A - CD8A","MHC-I","Cell-Cell Contact","KEGG: hsa04514","Advanced"
"Mac-OLFML3-CX3CR1-resident","CD8 T","HLA-A","CD8A",0.0684852791092675,0,"HLA-A_CD8A","HLA-A - CD8A","MHC-I","Cell-Cell Contact","KEGG: hsa04514","Advanced"
"Mac-TNF-CCL4-inflammatory","CD8 T","HLA-A","CD8A",0.0526232536802923,0,"HLA-A_CD8A","HLA-A - CD8A","MHC-I","Cell-Cell Contact","KEGG: hsa04514","Advanced"
"Mono-FCN1-S100A8-S100A9","CD8 T","HLA-A","CD8A",0.0617959093971181,0,"HLA-A_CD8A","HLA-A - CD8A","MHC-I","Cell-Cell Contact","KEGG: hsa04514","Advanced"
"Myeloid-CLEC10A-APC","CD8 T","HLA-A","CD8A",0.0592778978886489,0,"HLA-A_CD8A","HLA-A - CD8A","MHC-I","Cell-Cell Contact","KEGG: hsa04514","Advanced"
"C6-SLC2A1-like","CD8 T","HLA-B","CD8A",0.0618782669195171,0,"HLA-B_CD8A","HLA-B - CD8A","MHC-I","Cell-Cell Contact","KEGG: hsa04514","Advanced"
"C7-APOBEC3A-like","CD8 T","HLA-B","CD8A",0.0733264518063953,0,"HLA-B_CD8A","HLA-B - CD8A","MHC-I","Cell-Cell Contact","KEGG: hsa04514","Advanced"
"Mac-Cycling","CD8 T","HLA-B","CD8A",0.0570143439747957,0,"HLA-B_CD8A","HLA-B - CD8A","MHC-I","Cell-Cell Contact","KEGG: hsa04514","Advanced"
"Mac-FOLR2-LYVE1-resident","CD8 T","HLA-B","CD8A",0.0608134727221389,0,"HLA-B_CD8A","HLA-B - CD8A","MHC-I","Cell-Cell Contact","KEGG: hsa04514","Advanced"
"Mac-NUPR1-IGF2-stress","CD8 T","HLA-B","CD8A",0.054090407158754,0,"HLA-B_CD8A","HLA-B - CD8A","MHC-I","Cell-Cell Contact","KEGG: hsa04514","Advanced"
"Mac-OLFML3-CX3CR1-resident","CD8 T","HLA-B","CD8A",0.0655143226841057,0,"HLA-B_CD8A","HLA-B - CD8A","MHC-I","Cell-Cell Contact","KEGG: hsa04514","Advanced"
"Mac-TNF-CCL4-inflammatory","CD8 T","HLA-B","CD8A",0.0495097218121467,0,"HLA-B_CD8A","HLA-B - CD8A","MHC-I","Cell-Cell Contact","KEGG: hsa04514","Advanced"
"Mono-FCN1-S100A8-S100A9","CD8 T","HLA-B","CD8A",0.0640443430974566,0,"HLA-B_CD8A","HLA-B - CD8A","MHC-I","Cell-Cell Contact","KEGG: hsa04514","Advanced"
"Myeloid-CLEC10A-APC","CD8 T","HLA-B","CD8A",0.0635858324923348,0,"HLA-B_CD8A","HLA-B - CD8A","MHC-I","Cell-Cell Contact","KEGG: hsa04514","Advanced"
"C6-SLC2A1-like","CD8 T","HLA-C","CD8A",0.0417642383145718,0,"HLA-C_CD8A","HLA-C - CD8A","MHC-I","Cell-Cell Contact","KEGG: hsa04514","Advanced"
"C7-APOBEC3A-like","CD8 T","HLA-C","CD8A",0.0572138511263343,0,"HLA-C_CD8A","HLA-C - CD8A","MHC-I","Cell-Cell Contact","KEGG: hsa04514","Advanced"
"Mac-Cycling","CD8 T","HLA-C","CD8A",0.0441674604421626,0,"HLA-C_CD8A","HLA-C - CD8A","MHC-I","Cell-Cell Contact","KEGG: hsa04514","Advanced"
"Mac-FOLR2-LYVE1-resident","CD8 T","HLA-C","CD8A",0.043378881461499,0,"HLA-C_CD8A","HLA-C - CD8A","MHC-I","Cell-Cell Contact","KEGG: hsa04514","Advanced"
"Mac-NUPR1-IGF2-stress","CD8 T","HLA-C","CD8A",0.029626724522341,0,"HLA-C_CD8A","HLA-C - CD8A","MHC-I","Cell-Cell Contact","KEGG: hsa04514","Advanced"
"Mac-OLFML3-CX3CR1-resident","CD8 T","HLA-C","CD8A",0.0550770125907274,0,"HLA-C_CD8A","HLA-C - CD8A","MHC-I","Cell-Cell Contact","KEGG: hsa04514","Advanced"
"Mac-TNF-CCL4-inflammatory","CD8 T","HLA-C","CD8A",0.0256427890119095,0,"HLA-C_CD8A","HLA-C - CD8A","MHC-I","Cell-Cell Contact","KEGG: hsa04514","Advanced"
"Mono-FCN1-S100A8-S100A9","CD8 T","HLA-C","CD8A",0.0470872272974954,0,"HLA-C_CD8A","HLA-C - CD8A","MHC-I","Cell-Cell Contact","KEGG: hsa04514","Advanced"
"Myeloid-CLEC10A-APC","CD8 T","HLA-C","CD8A",0.047849602100197,0,"HLA-C_CD8A","HLA-C - CD8A","MHC-I","Cell-Cell Contact","KEGG: hsa04514","Advanced"
"C6-SLC2A1-like","CD8 T","HLA-E","CD8A",0.0386495999981458,0,"HLA-E_CD8A","HLA-E - CD8A","MHC-I","Cell-Cell Contact","KEGG: hsa04514","Advanced"
"C7-APOBEC3A-like","CD8 T","HLA-E","CD8A",0.049074527344619,0,"HLA-E_CD8A","HLA-E - CD8A","MHC-I","Cell-Cell Contact","KEGG: hsa04514","Advanced"
"Mac-Cycling","CD8 T","HLA-E","CD8A",0.0336123162333678,0,"HLA-E_CD8A","HLA-E - CD8A","MHC-I","Cell-Cell Contact","KEGG: hsa04514","Advanced"
"Mac-FOLR2-LYVE1-resident","CD8 T","HLA-E","CD8A",0.0422229202332182,0,"HLA-E_CD8A","HLA-E - CD8A","MHC-I","Cell-Cell Contact","KEGG: hsa04514","Advanced"
"Mac-NUPR1-IGF2-stress","CD8 T","HLA-E","CD8A",0.0393229198684322,0,"HLA-E_CD8A","HLA-E - CD8A","MHC-I","Cell-Cell Contact","KEGG: hsa04514","Advanced"
"Mac-OLFML3-CX3CR1-resident","CD8 T","HLA-E","CD8A",0.0470449169879257,0,"HLA-E_CD8A","HLA-E - CD8A","MHC-I","Cell-Cell Contact","KEGG: hsa04514","Advanced"
"Mac-TNF-CCL4-inflammatory","CD8 T","HLA-E","CD8A",0.0348994149420194,0,"HLA-E_CD8A","HLA-E - CD8A","MHC-I","Cell-Cell Contact","KEGG: hsa04514","Advanced"
"Mono-FCN1-S100A8-S100A9","CD8 T","HLA-E","CD8A",0.0359606536433518,0,"HLA-E_CD8A","HLA-E - CD8A","MHC-I","Cell-Cell Contact","KEGG: hsa04514","Advanced"
"Myeloid-CLEC10A-APC","CD8 T","HLA-E","CD8A",0.0364750121786953,0,"HLA-E_CD8A","HLA-E - CD8A","MHC-I","Cell-Cell Contact","KEGG: hsa04514","Advanced"
"C6-SLC2A1-like","CD8 T","HLA-F","CD8A",0.01270454560187,0,"HLA-F_CD8A","HLA-F - CD8A","MHC-I","Cell-Cell Contact","KEGG: hsa04514","Advanced"
"C7-APOBEC3A-like","CD8 T","HLA-F","CD8A",0.026441332749237,0,"HLA-F_CD8A","HLA-F - CD8A","MHC-I","Cell-Cell Contact","KEGG: hsa04514","Advanced"
"Mac-Cycling","CD8 T","HLA-F","CD8A",0.0105683053052792,0,"HLA-F_CD8A","HLA-F - CD8A","MHC-I","Cell-Cell Contact","KEGG: hsa04514","Advanced"
"Mac-FOLR2-LYVE1-resident","CD8 T","HLA-F","CD8A",0.0172229118280071,0,"HLA-F_CD8A","HLA-F - CD8A","MHC-I","Cell-Cell Contact","KEGG: hsa04514","Advanced"
"Mac-NUPR1-IGF2-stress","CD8 T","HLA-F","CD8A",0.00155490698131582,0,"HLA-F_CD8A","HLA-F - CD8A","MHC-I","Cell-Cell Contact","KEGG: hsa04514","Advanced"
"Mac-OLFML3-CX3CR1-resident","CD8 T","HLA-F","CD8A",0.019034161966849,0,"HLA-F_CD8A","HLA-F - CD8A","MHC-I","Cell-Cell Contact","KEGG: hsa04514","Advanced"
"Mono-FCN1-S100A8-S100A9","CD8 T","HLA-F","CD8A",0.0156281657878119,0,"HLA-F_CD8A","HLA-F - CD8A","MHC-I","Cell-Cell Contact","KEGG: hsa04514","Advanced"
"Myeloid-CLEC10A-APC","CD8 T","HLA-F","CD8A",0.0130265303051456,0,"HLA-F_CD8A","HLA-F - CD8A","MHC-I","Cell-Cell Contact","KEGG: hsa04514","Advanced"
"C6-SLC2A1-like","CD8 T","HLA-E","KLRC1",0.0407320145813504,0,"HLA-E_KLRC1","HLA-E - KLRC1","MHC-I","Cell-Cell Contact","PMID: 24223577","Advanced"
"C7-APOBEC3A-like","CD8 T","HLA-E","KLRC1",0.0516884300425642,0,"HLA-E_KLRC1","HLA-E - KLRC1","MHC-I","Cell-Cell Contact","PMID: 24223577","Advanced"
"Mac-Cycling","CD8 T","HLA-E","KLRC1",0.0354333287663581,0,"HLA-E_KLRC1","HLA-E - KLRC1","MHC-I","Cell-Cell Contact","PMID: 24223577","Advanced"
"Mac-FOLR2-LYVE1-resident","CD8 T","HLA-E","KLRC1",0.0444889531880757,0,"HLA-E_KLRC1","HLA-E - KLRC1","MHC-I","Cell-Cell Contact","PMID: 24223577","Advanced"
"Mac-NUPR1-IGF2-stress","CD8 T","HLA-E","KLRC1",0.0414400486721962,0,"HLA-E_KLRC1","HLA-E - KLRC1","MHC-I","Cell-Cell Contact","PMID: 24223577","Advanced"
"Mac-OLFML3-CX3CR1-resident","CD8 T","HLA-E","KLRC1",0.0495563484065287,0,"HLA-E_KLRC1","HLA-E - KLRC1","MHC-I","Cell-Cell Contact","PMID: 24223577","Advanced"
"Mac-TNF-CCL4-inflammatory","CD8 T","HLA-E","KLRC1",0.036787504093589,0,"HLA-E_KLRC1","HLA-E - KLRC1","MHC-I","Cell-Cell Contact","PMID: 24223577","Advanced"
"Mono-FCN1-S100A8-S100A9","CD8 T","HLA-E","KLRC1",0.0379039018376423,0,"HLA-E_KLRC1","HLA-E - KLRC1","MHC-I","Cell-Cell Contact","PMID: 24223577","Advanced"
"Myeloid-CLEC10A-APC","CD8 T","HLA-E","KLRC1",0.0384449469336022,0,"HLA-E_KLRC1","HLA-E - KLRC1","MHC-I","Cell-Cell Contact","PMID: 24223577","Advanced"
"C6-SLC2A1-like","CD8 T","HLA-E","KLRC2",0.0246400596756537,0,"HLA-E_KLRC2","HLA-E - KLRC2","MHC-I","Cell-Cell Contact","PMID: 26697006","Advanced"
"C7-APOBEC3A-like","CD8 T","HLA-E","KLRC2",0.0314096663808016,0,"HLA-E_KLRC2","HLA-E - KLRC2","MHC-I","Cell-Cell Contact","PMID: 26697006","Advanced"
"Mac-Cycling","CD8 T","HLA-E","KLRC2",0.0213880464870751,0,"HLA-E_KLRC2","HLA-E - KLRC2","MHC-I","Cell-Cell Contact","PMID: 26697006","Advanced"
"Mac-FOLR2-LYVE1-resident","CD8 T","HLA-E","KLRC2",0.0269544543403153,0,"HLA-E_KLRC2","HLA-E - KLRC2","MHC-I","Cell-Cell Contact","PMID: 26697006","Advanced"
"Mac-NUPR1-IGF2-stress","CD8 T","HLA-E","KLRC2",0.0250756835327901,0,"HLA-E_KLRC2","HLA-E - KLRC2","MHC-I","Cell-Cell Contact","PMID: 26697006","Advanced"
"Mac-OLFML3-CX3CR1-resident","CD8 T","HLA-E","KLRC2",0.030087518644871,0,"HLA-E_KLRC2","HLA-E - KLRC2","MHC-I","Cell-Cell Contact","PMID: 26697006","Advanced"
"Mac-TNF-CCL4-inflammatory","CD8 T","HLA-E","KLRC2",0.0222178095092532,0,"HLA-E_KLRC2","HLA-E - KLRC2","MHC-I","Cell-Cell Contact","PMID: 26697006","Advanced"
"Mono-FCN1-S100A8-S100A9","CD8 T","HLA-E","KLRC2",0.0229025709277644,0,"HLA-E_KLRC2","HLA-E - KLRC2","MHC-I","Cell-Cell Contact","PMID: 26697006","Advanced"
"Myeloid-CLEC10A-APC","CD8 T","HLA-E","KLRC2",0.0232346563952656,0,"HLA-E_KLRC2","HLA-E - KLRC2","MHC-I","Cell-Cell Contact","PMID: 26697006","Advanced"
"CD8 T","C6-SLC2A1-like","HLA-F","LILRB1",0.00597614518703997,0,"HLA-F_LILRB1","HLA-F - LILRB1","MHC-I","Cell-Cell Contact","PMID: 28484462","Advanced"
"CD8 T","C7-APOBEC3A-like","HLA-F","LILRB1",0.050138064990446,0,"HLA-F_LILRB1","HLA-F - LILRB1","MHC-I","Cell-Cell Contact","PMID: 28484462","Advanced"
"CD8 T","Mac-Cycling","HLA-F","LILRB1",0.0131791691341185,0,"HLA-F_LILRB1","HLA-F - LILRB1","MHC-I","Cell-Cell Contact","PMID: 28484462","Advanced"
"CD8 T","Mac-FOLR2-LYVE1-resident","HLA-F","LILRB1",0.0166098914985443,0,"HLA-F_LILRB1","HLA-F - LILRB1","MHC-I","Cell-Cell Contact","PMID: 28484462","Advanced"
"CD8 T","Mac-OLFML3-CX3CR1-resident","HLA-F","LILRB1",0.0300868576617474,0,"HLA-F_LILRB1","HLA-F - LILRB1","MHC-I","Cell-Cell Contact","PMID: 28484462","Advanced"
"CD8 T","Mac-TNF-CCL4-inflammatory","HLA-F","LILRB1",0.0141006236863269,0,"HLA-F_LILRB1","HLA-F - LILRB1","MHC-I","Cell-Cell Contact","PMID: 28484462","Advanced"
"CD8 T","Mono-FCN1-S100A8-S100A9","HLA-F","LILRB1",0.0160841987480287,0,"HLA-F_LILRB1","HLA-F - LILRB1","MHC-I","Cell-Cell Contact","PMID: 28484462","Advanced"
"CD8 T","Myeloid-CLEC10A-APC","HLA-F","LILRB1",0.00954503049567032,0,"HLA-F_LILRB1","HLA-F - LILRB1","MHC-I","Cell-Cell Contact","PMID: 28484462","Advanced"
"C6-SLC2A1-like","CD8 T","HLA-E","CD94:NKG2A",0.0627629116669429,0,"HLA-E_CD94:NKG2A","HLA-E - CD94:NKG2A","MHC-I","Cell-Cell Contact","PMID: 28484462","Advanced"
"C7-APOBEC3A-like","CD8 T","HLA-E","CD94:NKG2A",0.0791563678587246,0,"HLA-E_CD94:NKG2A","HLA-E - CD94:NKG2A","MHC-I","Cell-Cell Contact","PMID: 28484462","Advanced"
"Mac-Cycling","CD8 T","HLA-E","CD94:NKG2A",0.05476191069354,0,"HLA-E_CD94:NKG2A","HLA-E - CD94:NKG2A","MHC-I","Cell-Cell Contact","PMID: 28484462","Advanced"
"Mac-FOLR2-LYVE1-resident","CD8 T","HLA-E","CD94:NKG2A",0.0684069740705087,0,"HLA-E_CD94:NKG2A","HLA-E - CD94:NKG2A","MHC-I","Cell-Cell Contact","PMID: 28484462","Advanced"
"Mac-NUPR1-IGF2-stress","CD8 T","HLA-E","CD94:NKG2A",0.0638284216745643,0,"HLA-E_CD94:NKG2A","HLA-E - CD94:NKG2A","MHC-I","Cell-Cell Contact","PMID: 28484462","Advanced"
"Mac-OLFML3-CX3CR1-resident","CD8 T","HLA-E","CD94:NKG2A",0.0759820502378572,0,"HLA-E_CD94:NKG2A","HLA-E - CD94:NKG2A","MHC-I","Cell-Cell Contact","PMID: 28484462","Advanced"
"Mac-TNF-CCL4-inflammatory","CD8 T","HLA-E","CD94:NKG2A",0.0568112696327841,0,"HLA-E_CD94:NKG2A","HLA-E - CD94:NKG2A","MHC-I","Cell-Cell Contact","PMID: 28484462","Advanced"
"Mono-FCN1-S100A8-S100A9","CD8 T","HLA-E","CD94:NKG2A",0.058498427487898,0,"HLA-E_CD94:NKG2A","HLA-E - CD94:NKG2A","MHC-I","Cell-Cell Contact","PMID: 28484462","Advanced"
"Myeloid-CLEC10A-APC","CD8 T","HLA-E","CD94:NKG2A",0.0593153176313435,0,"HLA-E_CD94:NKG2A","HLA-E - CD94:NKG2A","MHC-I","Cell-Cell Contact","PMID: 28484462","Advanced"
"C6-SLC2A1-like","CD8 T","HLA-E","CD94:NKG2C",0.0491158512082702,0,"HLA-E_CD94:NKG2C","HLA-E - CD94:NKG2C","MHC-I","Cell-Cell Contact","PMID: 28484462","Advanced"
"C7-APOBEC3A-like","CD8 T","HLA-E","CD94:NKG2C",0.0621812342342121,0,"HLA-E_CD94:NKG2C","HLA-E - CD94:NKG2C","MHC-I","Cell-Cell Contact","PMID: 28484462","Advanced"
"Mac-Cycling","CD8 T","HLA-E","CD94:NKG2C",0.0427751738424633,0,"HLA-E_CD94:NKG2C","HLA-E - CD94:NKG2C","MHC-I","Cell-Cell Contact","PMID: 28484462","Advanced"
"Mac-FOLR2-LYVE1-resident","CD8 T","HLA-E","CD94:NKG2C",0.053602866879347,0,"HLA-E_CD94:NKG2C","HLA-E - CD94:NKG2C","MHC-I","Cell-Cell Contact","PMID: 28484462","Advanced"
"Mac-NUPR1-IGF2-stress","CD8 T","HLA-E","CD94:NKG2C",0.0499620290266552,0,"HLA-E_CD94:NKG2C","HLA-E - CD94:NKG2C","MHC-I","Cell-Cell Contact","PMID: 28484462","Advanced"
"Mac-OLFML3-CX3CR1-resident","CD8 T","HLA-E","CD94:NKG2C",0.0596435595015454,0,"HLA-E_CD94:NKG2C","HLA-E - CD94:NKG2C","MHC-I","Cell-Cell Contact","PMID: 28484462","Advanced"
"Mac-TNF-CCL4-inflammatory","CD8 T","HLA-E","CD94:NKG2C",0.044397021704682,0,"HLA-E_CD94:NKG2C","HLA-E - CD94:NKG2C","MHC-I","Cell-Cell Contact","PMID: 28484462","Advanced"
"Mono-FCN1-S100A8-S100A9","CD8 T","HLA-E","CD94:NKG2C",0.0457333825485739,0,"HLA-E_CD94:NKG2C","HLA-E - CD94:NKG2C","MHC-I","Cell-Cell Contact","PMID: 28484462","Advanced"
"Myeloid-CLEC10A-APC","CD8 T","HLA-E","CD94:NKG2C",0.0463807989579253,0,"HLA-E_CD94:NKG2C","HLA-E - CD94:NKG2C","MHC-I","Cell-Cell Contact","PMID: 28484462","Advanced"
"CD8 T","C6-SLC2A1-like","HLA-DPA1","CD4",0.0248615528711623,0,"HLA-DPA1_CD4","HLA-DPA1 - CD4","MHC-II","Cell-Cell Contact","KEGG: hsa04514","Advanced"
"CD8 T","C7-APOBEC3A-like","HLA-DPA1","CD4",0.0345947647716866,0,"HLA-DPA1_CD4","HLA-DPA1 - CD4","MHC-II","Cell-Cell Contact","KEGG: hsa04514","Advanced"
"CD8 T","Mac-Cycling","HLA-DPA1","CD4",0.0139928096200074,0.01,"HLA-DPA1_CD4","HLA-DPA1 - CD4","MHC-II","Cell-Cell Contact","KEGG: hsa04514","Advanced"
"CD8 T","Mac-FOLR2-LYVE1-resident","HLA-DPA1","CD4",0.0201192046260507,0,"HLA-DPA1_CD4","HLA-DPA1 - CD4","MHC-II","Cell-Cell Contact","KEGG: hsa04514","Advanced"
"CD8 T","Mac-OLFML3-CX3CR1-resident","HLA-DPA1","CD4",0.0190561677834075,0,"HLA-DPA1_CD4","HLA-DPA1 - CD4","MHC-II","Cell-Cell Contact","KEGG: hsa04514","Advanced"
"CD8 T","Myeloid-CLEC10A-APC","HLA-DPA1","CD4",0.0129689386470354,0.02,"HLA-DPA1_CD4","HLA-DPA1 - CD4","MHC-II","Cell-Cell Contact","KEGG: hsa04514","Advanced"
"CD8 T","C6-SLC2A1-like","HLA-DPB1","CD4",0.0540831896705153,0,"HLA-DPB1_CD4","HLA-DPB1 - CD4","MHC-II","Cell-Cell Contact","KEGG: hsa04514","Advanced"
"CD8 T","C7-APOBEC3A-like","HLA-DPB1","CD4",0.0743839109875089,0,"HLA-DPB1_CD4","HLA-DPB1 - CD4","MHC-II","Cell-Cell Contact","KEGG: hsa04514","Advanced"
"CD8 T","Mac-Cycling","HLA-DPB1","CD4",0.0308436709634191,0,"HLA-DPB1_CD4","HLA-DPB1 - CD4","MHC-II","Cell-Cell Contact","KEGG: hsa04514","Advanced"
"CD8 T","Mac-FOLR2-LYVE1-resident","HLA-DPB1","CD4",0.0440184217417904,0,"HLA-DPB1_CD4","HLA-DPB1 - CD4","MHC-II","Cell-Cell Contact","KEGG: hsa04514","Advanced"
"CD8 T","Mac-NUPR1-IGF2-stress","HLA-DPB1","CD4",0.0150771444073527,0,"HLA-DPB1_CD4","HLA-DPB1 - CD4","MHC-II","Cell-Cell Contact","KEGG: hsa04514","Advanced"
"CD8 T","Mac-OLFML3-CX3CR1-resident","HLA-DPB1","CD4",0.0417464219639451,0,"HLA-DPB1_CD4","HLA-DPB1 - CD4","MHC-II","Cell-Cell Contact","KEGG: hsa04514","Advanced"
"CD8 T","Mac-TNF-CCL4-inflammatory","HLA-DPB1","CD4",0.0160652003646297,0.03,"HLA-DPB1_CD4","HLA-DPB1 - CD4","MHC-II","Cell-Cell Contact","KEGG: hsa04514","Advanced"
"CD8 T","Mono-FCN1-S100A8-S100A9","HLA-DPB1","CD4",0.0129043671855285,0.03,"HLA-DPB1_CD4","HLA-DPB1 - CD4","MHC-II","Cell-Cell Contact","KEGG: hsa04514","Advanced"
"CD8 T","Myeloid-CLEC10A-APC","HLA-DPB1","CD4",0.0286225943230784,0,"HLA-DPB1_CD4","HLA-DPB1 - CD4","MHC-II","Cell-Cell Contact","KEGG: hsa04514","Advanced"
"CD8 T","C6-SLC2A1-like","HLA-DQA1","CD4",0.0162432870664453,0,"HLA-DQA1_CD4","HLA-DQA1 - CD4","MHC-II","Cell-Cell Contact","KEGG: hsa04514","Advanced"
"CD8 T","C7-APOBEC3A-like","HLA-DQA1","CD4",0.0226809548185447,0,"HLA-DQA1_CD4","HLA-DQA1 - CD4","MHC-II","Cell-Cell Contact","KEGG: hsa04514","Advanced"
"CD8 T","Mac-Cycling","HLA-DQA1","CD4",0.00910701051945296,0,"HLA-DQA1_CD4","HLA-DQA1 - CD4","MHC-II","Cell-Cell Contact","KEGG: hsa04514","Advanced"
"CD8 T","Mac-FOLR2-LYVE1-resident","HLA-DQA1","CD4",0.0131227524768494,0,"HLA-DQA1_CD4","HLA-DQA1 - CD4","MHC-II","Cell-Cell Contact","KEGG: hsa04514","Advanced"
"CD8 T","Mac-OLFML3-CX3CR1-resident","HLA-DQA1","CD4",0.0124246992728467,0,"HLA-DQA1_CD4","HLA-DQA1 - CD4","MHC-II","Cell-Cell Contact","KEGG: hsa04514","Advanced"
"CD8 T","Myeloid-CLEC10A-APC","HLA-DQA1","CD4",0.00843758019361177,0,"HLA-DQA1_CD4","HLA-DQA1 - CD4","MHC-II","Cell-Cell Contact","KEGG: hsa04514","Advanced"
"CD8 T","C6-SLC2A1-like","HLA-DQB1","CD4",0.0117253923958486,0,"HLA-DQB1_CD4","HLA-DQB1 - CD4","MHC-II","Cell-Cell Contact","KEGG: hsa04514","Advanced"
"CD8 T","C7-APOBEC3A-like","HLA-DQB1","CD4",0.0164023469151536,0,"HLA-DQB1_CD4","HLA-DQB1 - CD4","MHC-II","Cell-Cell Contact","KEGG: hsa04514","Advanced"
"CD8 T","Mac-Cycling","HLA-DQB1","CD4",0.00656075669072066,0.01,"HLA-DQB1_CD4","HLA-DQB1 - CD4","MHC-II","Cell-Cell Contact","KEGG: hsa04514","Advanced"
"CD8 T","Mac-FOLR2-LYVE1-resident","HLA-DQB1","CD4",0.00946445052377601,0,"HLA-DQB1_CD4","HLA-DQB1 - CD4","MHC-II","Cell-Cell Contact","KEGG: hsa04514","Advanced"
"CD8 T","Mac-OLFML3-CX3CR1-resident","HLA-DQB1","CD4",0.00895923080362453,0,"HLA-DQB1_CD4","HLA-DQB1 - CD4","MHC-II","Cell-Cell Contact","KEGG: hsa04514","Advanced"
"CD8 T","Myeloid-CLEC10A-APC","HLA-DQB1","CD4",0.00607734627145462,0.01,"HLA-DQB1_CD4","HLA-DQB1 - CD4","MHC-II","Cell-Cell Contact","KEGG: hsa04514","Advanced"
"CD8 T","C6-SLC2A1-like","HLA-DRA","CD4",0.049364979079177,0,"HLA-DRA_CD4","HLA-DRA - CD4","MHC-II","Cell-Cell Contact","KEGG: hsa04514","Advanced"
"CD8 T","C7-APOBEC3A-like","HLA-DRA","CD4",0.0680220251334279,0,"HLA-DRA_CD4","HLA-DRA - CD4","MHC-II","Cell-Cell Contact","KEGG: hsa04514","Advanced"
"CD8 T","Mac-Cycling","HLA-DRA","CD4",0.0280926611630505,0,"HLA-DRA_CD4","HLA-DRA - CD4","MHC-II","Cell-Cell Contact","KEGG: hsa04514","Advanced"
"CD8 T","Mac-FOLR2-LYVE1-resident","HLA-DRA","CD4",0.0401409992662763,0,"HLA-DRA_CD4","HLA-DRA - CD4","MHC-II","Cell-Cell Contact","KEGG: hsa04514","Advanced"
"CD8 T","Mac-OLFML3-CX3CR1-resident","HLA-DRA","CD4",0.038061163672411,0,"HLA-DRA_CD4","HLA-DRA - CD4","MHC-II","Cell-Cell Contact","KEGG: hsa04514","Advanced"
"CD8 T","Myeloid-CLEC10A-APC","HLA-DRA","CD4",0.0260643591319093,0,"HLA-DRA_CD4","HLA-DRA - CD4","MHC-II","Cell-Cell Contact","KEGG: hsa04514","Advanced"
"CD8 T","C6-SLC2A1-like","HLA-DRB1","CD4",0.0620474397309183,0,"HLA-DRB1_CD4","HLA-DRB1 - CD4","MHC-II","Cell-Cell Contact","KEGG: hsa04514","Advanced"
"CD8 T","C7-APOBEC3A-like","HLA-DRB1","CD4",0.0850687792954781,0,"HLA-DRB1_CD4","HLA-DRB1 - CD4","MHC-II","Cell-Cell Contact","KEGG: hsa04514","Advanced"
"CD8 T","Mac-Cycling","HLA-DRB1","CD4",0.0355141736738944,0,"HLA-DRB1_CD4","HLA-DRB1 - CD4","MHC-II","Cell-Cell Contact","KEGG: hsa04514","Advanced"
"CD8 T","Mac-FOLR2-LYVE1-resident","HLA-DRB1","CD4",0.0505797936475661,0,"HLA-DRB1_CD4","HLA-DRB1 - CD4","MHC-II","Cell-Cell Contact","KEGG: hsa04514","Advanced"
"CD8 T","Mac-NUPR1-IGF2-stress","HLA-DRB1","CD4",0.017403072122197,0.04,"HLA-DRB1_CD4","HLA-DRB1 - CD4","MHC-II","Cell-Cell Contact","KEGG: hsa04514","Advanced"
"CD8 T","Mac-OLFML3-CX3CR1-resident","HLA-DRB1","CD4",0.0479861297497165,0,"HLA-DRB1_CD4","HLA-DRB1 - CD4","MHC-II","Cell-Cell Contact","KEGG: hsa04514","Advanced"
"CD8 T","Myeloid-CLEC10A-APC","HLA-DRB1","CD4",0.0329682114803322,0,"HLA-DRB1_CD4","HLA-DRB1 - CD4","MHC-II","Cell-Cell Contact","KEGG: hsa04514","Advanced"
"C6-SLC2A1-like","CD8 T","NECTIN2","TIGIT",0.00379761407283084,0,"NECTIN2_TIGIT","NECTIN2 - TIGIT","NECTIN","Cell-Cell Contact","KEGG: hsa04514","Advanced"
"C7-APOBEC3A-like","CD8 T","NECTIN2","TIGIT",0.00356459663479106,0,"NECTIN2_TIGIT","NECTIN2 - TIGIT","NECTIN","Cell-Cell Contact","KEGG: hsa04514","Advanced"
"Mac-Cycling","CD8 T","NECTIN2","TIGIT",0.00683552576881461,0,"NECTIN2_TIGIT","NECTIN2 - TIGIT","NECTIN","Cell-Cell Contact","KEGG: hsa04514","Advanced"
"Mac-OLFML3-CX3CR1-resident","CD8 T","NECTIN2","TIGIT",0.00263923000489386,0,"NECTIN2_TIGIT","NECTIN2 - TIGIT","NECTIN","Cell-Cell Contact","KEGG: hsa04514","Advanced"
"Myeloid-CLEC10A-APC","CD8 T","NECTIN2","TIGIT",0.0026843994861638,0,"NECTIN2_TIGIT","NECTIN2 - TIGIT","NECTIN","Cell-Cell Contact","KEGG: hsa04514","Advanced"
"CD8 T","C7-APOBEC3A-like","SELPLG","SELL",0.00130427373165439,0,"SELPLG_SELL","SELPLG - SELL","SELPLG","Cell-Cell Contact","PMC2431087; PMID:  8892633,PMID:  8896607","Advanced"
"CD8 T","Mono-FCN1-S100A8-S100A9","SELPLG","SELL",0.003222718001726,0,"SELPLG_SELL","SELPLG - SELL","SELPLG","Cell-Cell Contact","PMC2431087; PMID:  8892633,PMID:  8896607","Advanced"
"CD8 T","C6-SLC2A1-like","SEMA4D","PLXNB2",0.00321330906239324,0,"SEMA4D_PLXNB2","SEMA4D - PLXNB2","SEMA4","Cell-Cell Contact","PMID: 27533782","Advanced"
"CD8 T","C7-APOBEC3A-like","SEMA4D","PLXNB2",0.012989493708041,0,"SEMA4D_PLXNB2","SEMA4D - PLXNB2","SEMA4","Cell-Cell Contact","PMID: 27533782","Advanced"
"CD8 T","Mac-Cycling","SEMA4D","PLXNB2",0.00737302597052913,0,"SEMA4D_PLXNB2","SEMA4D - PLXNB2","SEMA4","Cell-Cell Contact","PMID: 27533782","Advanced"
"CD8 T","Mac-FOLR2-LYVE1-resident","SEMA4D","PLXNB2",0.00415967383421702,0,"SEMA4D_PLXNB2","SEMA4D - PLXNB2","SEMA4","Cell-Cell Contact","PMID: 27533782","Advanced"
"CD8 T","Mac-OLFML3-CX3CR1-resident","SEMA4D","PLXNB2",0.00561300870545694,0,"SEMA4D_PLXNB2","SEMA4D - PLXNB2","SEMA4","Cell-Cell Contact","PMID: 27533782","Advanced"
"CD8 T","Mac-TNF-CCL4-inflammatory","SEMA4D","PLXNB2",0.00587757293350352,0,"SEMA4D_PLXNB2","SEMA4D - PLXNB2","SEMA4","Cell-Cell Contact","PMID: 27533782","Advanced"
"CD8 T","Mono-FCN1-S100A8-S100A9","SEMA4D","PLXNB2",0.00569963115367482,0,"SEMA4D_PLXNB2","SEMA4D - PLXNB2","SEMA4","Cell-Cell Contact","PMID: 27533782","Advanced"
"CD8 T","Myeloid-CLEC10A-APC","SEMA4D","PLXNB2",0.00419167372801808,0,"SEMA4D_PLXNB2","SEMA4D - PLXNB2","SEMA4","Cell-Cell Contact","PMID: 27533782","Advanced"
"CD8 T","C7-APOBEC3A-like","SEMA4D","CD72",0.00198357013126043,0,"SEMA4D_CD72","SEMA4D - CD72","SEMA4","Cell-Cell Contact","PMID: 22325954","Advanced"
"C6-SLC2A1-like","CD8 T","SIGLEC1","SPN",0.00344019258323484,0,"SIGLEC1_SPN","SIGLEC1 - SPN","SN","Cell-Cell Contact","KEGG: hsa04514; PMID: 11238599","Advanced"
"C7-APOBEC3A-like","CD8 T","SIGLEC1","SPN",0.0154201532924623,0,"SIGLEC1_SPN","SIGLEC1 - SPN","SN","Cell-Cell Contact","KEGG: hsa04514; PMID: 11238599","Advanced"
"Mac-Cycling","CD8 T","SIGLEC1","SPN",0.0024324624623532,0,"SIGLEC1_SPN","SIGLEC1 - SPN","SN","Cell-Cell Contact","KEGG: hsa04514; PMID: 11238599","Advanced"
"Mac-FOLR2-LYVE1-resident","CD8 T","SIGLEC1","SPN",0.00467656270087873,0,"SIGLEC1_SPN","SIGLEC1 - SPN","SN","Cell-Cell Contact","KEGG: hsa04514; PMID: 11238599","Advanced"
"Mac-OLFML3-CX3CR1-resident","CD8 T","SIGLEC1","SPN",0.00508874897750859,0,"SIGLEC1_SPN","SIGLEC1 - SPN","SN","Cell-Cell Contact","KEGG: hsa04514; PMID: 11238599","Advanced"
"Mac-TNF-CCL4-inflammatory","CD8 T","SIGLEC1","SPN",0.00413866692125436,0,"SIGLEC1_SPN","SIGLEC1 - SPN","SN","Cell-Cell Contact","KEGG: hsa04514; PMID: 11238599","Advanced"
"Myeloid-CLEC10A-APC","CD8 T","SIGLEC1","SPN",0.00196395659973552,0,"SIGLEC1_SPN","SIGLEC1 - SPN","SN","Cell-Cell Contact","KEGG: hsa04514; PMID: 11238599","Advanced"
"CD8 T","C7-APOBEC3A-like","ITGA4_ITGB1","VCAM1",0.000689455781693277,0.01,"ITGA4_ITGB1_VCAM1","VCAM1 - (ITGA4+ITGB1)","VCAM","Cell-Cell Contact","KEGG: hsa04514","Advanced"
"CD8 T","C7-APOBEC3A-like","ITGA4_ITGB7","VCAM1",0.000353858008470616,0,"ITGA4_ITGB7_VCAM1","VCAM1 - (ITGA4+ITGB7)","VCAM","Cell-Cell Contact","KEGG: hsa04514","Advanced"
"Mac-Cycling","CD8 T","CD55","ADGRE5",0.00211934313789678,0,"CD55_ADGRE5","CD55 - ADGRE5","ADGRE","Cell-Cell Contact","PMID: 31462748","Advanced"
"Mono-FCN1-S100A8-S100A9","CD8 T","CD55","ADGRE5",0.0168362541268125,0,"CD55_ADGRE5","CD55 - ADGRE5","ADGRE","Cell-Cell Contact","PMID: 31462748","Advanced"
"Myeloid-CLEC10A-APC","CD8 T","CD55","ADGRE5",0.00689590300678997,0,"CD55_ADGRE5","CD55 - ADGRE5","ADGRE","Cell-Cell Contact","PMID: 31462748","Advanced"
"C6-SLC2A1-like","CD8 T","ITGAV_ITGB1","ADGRE5",0.00743344806912669,0,"ITGAV_ITGB1_ADGRE5","(ITGAV+ITGB1) - ADGRE5","ADGRE","Cell-Cell Contact","PMID: 31462748","Advanced"
"C7-APOBEC3A-like","CD8 T","ITGAV_ITGB1","ADGRE5",0.0107050911490866,0,"ITGAV_ITGB1_ADGRE5","(ITGAV+ITGB1) - ADGRE5","ADGRE","Cell-Cell Contact","PMID: 31462748","Advanced"
"Mac-Cycling","CD8 T","ITGAV_ITGB1","ADGRE5",0.00928560957545287,0,"ITGAV_ITGB1_ADGRE5","(ITGAV+ITGB1) - ADGRE5","ADGRE","Cell-Cell Contact","PMID: 31462748","Advanced"
"Mac-FOLR2-LYVE1-resident","CD8 T","ITGAV_ITGB1","ADGRE5",0.00823171138744628,0,"ITGAV_ITGB1_ADGRE5","(ITGAV+ITGB1) - ADGRE5","ADGRE","Cell-Cell Contact","PMID: 31462748","Advanced"
"Mac-OLFML3-CX3CR1-resident","CD8 T","ITGAV_ITGB1","ADGRE5",0.00960271745277645,0,"ITGAV_ITGB1_ADGRE5","(ITGAV+ITGB1) - ADGRE5","ADGRE","Cell-Cell Contact","PMID: 31462748","Advanced"
"Myeloid-CLEC10A-APC","CD8 T","ITGAV_ITGB1","ADGRE5",0.00897528495942184,0,"ITGAV_ITGB1_ADGRE5","(ITGAV+ITGB1) - ADGRE5","ADGRE","Cell-Cell Contact","PMID: 31462748","Advanced"
"C6-SLC2A1-like","CD8 T","CD99","PILRB",0.00937047287163229,0,"CD99_PILRB","Cd99 - Pilrb","CD99","Cell-Cell Contact","uniprot;PMID:18234675","Advanced"
"Mac-Cycling","CD8 T","CD99","PILRB",0.0118536277878625,0,"CD99_PILRB","Cd99 - Pilrb","CD99","Cell-Cell Contact","uniprot;PMID:18234675","Advanced"
"Mono-FCN1-S100A8-S100A9","CD8 T","CD99","PILRB",0.00880630275779312,0,"CD99_PILRB","Cd99 - Pilrb","CD99","Cell-Cell Contact","uniprot;PMID:18234675","Advanced"
"Myeloid-CLEC10A-APC","CD8 T","CD99","PILRB",0.0108348832338583,0,"CD99_PILRB","Cd99 - Pilrb","CD99","Cell-Cell Contact","uniprot;PMID:18234675","Advanced"
"CD8 T","Mac-TNF-CCL4-inflammatory","CD99","PILRB",0.00825296653718701,0.04,"CD99_PILRB","Cd99 - Pilrb","CD99","Cell-Cell Contact","uniprot;PMID:18234675","Advanced"
"C6-SLC2A1-like","CD8 T","PECAM1","CD38",0.00105575447368704,0,"PECAM1_CD38","PECAM1 - CD38","PECAM2","Cell-Cell Contact","PMID:26407101","Advanced"
"C7-APOBEC3A-like","CD8 T","PECAM1","CD38",0.00556507040182089,0,"PECAM1_CD38","PECAM1 - CD38","PECAM2","Cell-Cell Contact","PMID:26407101","Advanced"
"Mac-Cycling","CD8 T","PECAM1","CD38",0.00125016493330205,0,"PECAM1_CD38","PECAM1 - CD38","PECAM2","Cell-Cell Contact","PMID:26407101","Advanced"
"Mac-FOLR2-LYVE1-resident","CD8 T","PECAM1","CD38",0.00235787787753202,0,"PECAM1_CD38","PECAM1 - CD38","PECAM2","Cell-Cell Contact","PMID:26407101","Advanced"
"Mac-OLFML3-CX3CR1-resident","CD8 T","PECAM1","CD38",0.00355922990802288,0,"PECAM1_CD38","PECAM1 - CD38","PECAM2","Cell-Cell Contact","PMID:26407101","Advanced"
"Mono-FCN1-S100A8-S100A9","CD8 T","PECAM1","CD38",0.00382514090369767,0,"PECAM1_CD38","PECAM1 - CD38","PECAM2","Cell-Cell Contact","PMID:26407101","Advanced"
"Myeloid-CLEC10A-APC","CD8 T","PECAM1","CD38",0.00170991848415148,0,"PECAM1_CD38","PECAM1 - CD38","PECAM2","Cell-Cell Contact","PMID:26407101","Advanced"
