"source","target","ligand","receptor","prob","pval","interaction_name","interaction_name_2","pathway_name","annotation","evidence","stage"
"Myeloid-CLEC10A-APC","C6-SLC2A1-like","TGFB1","TGFbR1_R2",0.0152600833095533,0,"TGFB1_TGFBR1_TGFBR2","TGFB1 - (TGFBR1+TGFBR2)","TGFb","Secreted Signaling","KEGG: hsa04350","Non-malignant"
"Myeloid-CLEC10A-APC","Mac-Cycling","TGFB1","TGFbR1_R2",0.025706153722744,0,"TGFB1_TGFBR1_TGFBR2","TGFB1 - (TGFBR1+TGFBR2)","TGFb","Secreted Signaling","KEGG: hsa04350","Non-malignant"
"Myeloid-CLEC10A-APC","Mac-FOLR2-LYVE1-resident","TGFB1","TGFbR1_R2",0.00664120898082059,0,"TGFB1_TGFBR1_TGFBR2","TGFB1 - (TGFBR1+TGFBR2)","TGFb","Secreted Signaling","KEGG: hsa04350","Non-malignant"
"Myeloid-CLEC10A-APC","Mac-OLFML3-CX3CR1-resident","TGFB1","TGFbR1_R2",0.0161260393852465,0,"TGFB1_TGFBR1_TGFBR2","TGFB1 - (TGFBR1+TGFBR2)","TGFb","Secreted Signaling","KEGG: hsa04350","Non-malignant"
"C6-SLC2A1-like","Myeloid-CLEC10A-APC","TGFB1","TGFbR1_R2",0.00739146153333675,0,"TGFB1_TGFBR1_TGFBR2","TGFB1 - (TGFBR1+TGFBR2)","TGFb","Secreted Signaling","KEGG: hsa04350","Non-malignant"
"C7-APOBEC3A-like","Myeloid-CLEC10A-APC","TGFB1","TGFbR1_R2",0.00666547445529473,0,"TGFB1_TGFBR1_TGFBR2","TGFB1 - (TGFBR1+TGFBR2)","TGFb","Secreted Signaling","KEGG: hsa04350","Non-malignant"
"Mac-Cycling","Myeloid-CLEC10A-APC","TGFB1","TGFbR1_R2",0.0035753028748359,0,"TGFB1_TGFBR1_TGFBR2","TGFB1 - (TGFBR1+TGFBR2)","TGFb","Secreted Signaling","KEGG: hsa04350","Non-malignant"
"Mac-FOLR2-LYVE1-resident","Myeloid-CLEC10A-APC","TGFB1","TGFbR1_R2",0.00247610198665537,0,"TGFB1_TGFBR1_TGFBR2","TGFB1 - (TGFBR1+TGFBR2)","TGFb","Secreted Signaling","KEGG: hsa04350","Non-malignant"
"Mac-OLFML3-CX3CR1-resident","Myeloid-CLEC10A-APC","TGFB1","TGFbR1_R2",0.00637489996839231,0,"TGFB1_TGFBR1_TGFBR2","TGFB1 - (TGFBR1+TGFBR2)","TGFb","Secreted Signaling","KEGG: hsa04350","Non-malignant"
"Mac-TNF-CCL4-inflammatory","Myeloid-CLEC10A-APC","TGFB1","TGFbR1_R2",0.00237990103796538,0.01,"TGFB1_TGFBR1_TGFBR2","TGFB1 - (TGFBR1+TGFBR2)","TGFb","Secreted Signaling","KEGG: hsa04350","Non-malignant"
"Mono-FCN1-S100A8-S100A9","Myeloid-CLEC10A-APC","TGFB1","TGFbR1_R2",0.00666814931665115,0,"TGFB1_TGFBR1_TGFBR2","TGFB1 - (TGFBR1+TGFBR2)","TGFb","Secreted Signaling","KEGG: hsa04350","Non-malignant"
"Myeloid-CLEC10A-APC","Myeloid-CLEC10A-APC","TGFB1","TGFbR1_R2",0.00914697401758818,0,"TGFB1_TGFBR1_TGFBR2","TGFB1 - (TGFBR1+TGFBR2)","TGFb","Secreted Signaling","KEGG: hsa04350","Non-malignant"
"Myeloid-CLEC10A-APC","C6-SLC2A1-like","CCL3","CCR1",0.153829264551612,0,"CCL3_CCR1","CCL3 - CCR1","CCL","Secreted Signaling","KEGG: hsa04060","Non-malignant"
"Myeloid-CLEC10A-APC","C7-APOBEC3A-like","CCL3","CCR1",0.134323030194314,0,"CCL3_CCR1","CCL3 - CCR1","CCL","Secreted Signaling","KEGG: hsa04060","Non-malignant"
"Myeloid-CLEC10A-APC","Mac-Cycling","CCL3","CCR1",0.0672369845238938,0,"CCL3_CCR1","CCL3 - CCR1","CCL","Secreted Signaling","KEGG: hsa04060","Non-malignant"
"Myeloid-CLEC10A-APC","Mac-FOLR2-LYVE1-resident","CCL3","CCR1",0.128663923763203,0,"CCL3_CCR1","CCL3 - CCR1","CCL","Secreted Signaling","KEGG: hsa04060","Non-malignant"
"Myeloid-CLEC10A-APC","Mac-OLFML3-CX3CR1-resident","CCL3","CCR1",0.0983426051344754,0,"CCL3_CCR1","CCL3 - CCR1","CCL","Secreted Signaling","KEGG: hsa04060","Non-malignant"
"Myeloid-CLEC10A-APC","Mac-TNF-CCL4-inflammatory","CCL3","CCR1",0.0229742455140755,0,"CCL3_CCR1","CCL3 - CCR1","CCL","Secreted Signaling","KEGG: hsa04060","Non-malignant"
"Myeloid-CLEC10A-APC","Mono-FCN1-S100A8-S100A9","CCL3","CCR1",0.049482189752952,0,"CCL3_CCR1","CCL3 - CCR1","CCL","Secreted Signaling","KEGG: hsa04060","Non-malignant"
"C6-SLC2A1-like","Myeloid-CLEC10A-APC","CCL3","CCR1",0.0557648012399437,0,"CCL3_CCR1","CCL3 - CCR1","CCL","Secreted Signaling","KEGG: hsa04060","Non-malignant"
"C7-APOBEC3A-like","Myeloid-CLEC10A-APC","CCL3","CCR1",0.0283325692452106,0,"CCL3_CCR1","CCL3 - CCR1","CCL","Secreted Signaling","KEGG: hsa04060","Non-malignant"
"Mac-Cycling","Myeloid-CLEC10A-APC","CCL3","CCR1",0.0168092704947948,0,"CCL3_CCR1","CCL3 - CCR1","CCL","Secreted Signaling","KEGG: hsa04060","Non-malignant"
"Mac-FOLR2-LYVE1-resident","Myeloid-CLEC10A-APC","CCL3","CCR1",0.0203863689210183,0,"CCL3_CCR1","CCL3 - CCR1","CCL","Secreted Signaling","KEGG: hsa04060","Non-malignant"
"Mac-NUPR1-IGF2-stress","Myeloid-CLEC10A-APC","CCL3","CCR1",0.0116287738034009,0,"CCL3_CCR1","CCL3 - CCR1","CCL","Secreted Signaling","KEGG: hsa04060","Non-malignant"
"Mac-OLFML3-CX3CR1-resident","Myeloid-CLEC10A-APC","CCL3","CCR1",0.0546420269245924,0,"CCL3_CCR1","CCL3 - CCR1","CCL","Secreted Signaling","KEGG: hsa04060","Non-malignant"
"Mac-TNF-CCL4-inflammatory","Myeloid-CLEC10A-APC","CCL3","CCR1",0.0613943022471669,0,"CCL3_CCR1","CCL3 - CCR1","CCL","Secreted Signaling","KEGG: hsa04060","Non-malignant"
"Mono-FCN1-S100A8-S100A9","Myeloid-CLEC10A-APC","CCL3","CCR1",0.0251006430122582,0,"CCL3_CCR1","CCL3 - CCR1","CCL","Secreted Signaling","KEGG: hsa04060","Non-malignant"
"Myeloid-CLEC10A-APC","Myeloid-CLEC10A-APC","CCL3","CCR1",0.0557892284802737,0,"CCL3_CCR1","CCL3 - CCR1","CCL","Secreted Signaling","KEGG: hsa04060","Non-malignant"
"Myeloid-CLEC10A-APC","C6-SLC2A1-like","CCL3L3","CCR1",0.140483526882343,0,"CCL3L3_CCR1","CCL3L3 - CCR1","CCL","Secreted Signaling","KEGG: hsa04060","Non-malignant"
"Myeloid-CLEC10A-APC","C7-APOBEC3A-like","CCL3L3","CCR1",0.122424748040672,0,"CCL3L3_CCR1","CCL3L3 - CCR1","CCL","Secreted Signaling","KEGG: hsa04060","Non-malignant"
"Myeloid-CLEC10A-APC","Mac-Cycling","CCL3L3","CCR1",0.0608633606972816,0,"CCL3L3_CCR1","CCL3L3 - CCR1","CCL","Secreted Signaling","KEGG: hsa04060","Non-malignant"
"Myeloid-CLEC10A-APC","Mac-FOLR2-LYVE1-resident","CCL3L3","CCR1",0.117199057439971,0,"CCL3L3_CCR1","CCL3L3 - CCR1","CCL","Secreted Signaling","KEGG: hsa04060","Non-malignant"
"Myeloid-CLEC10A-APC","Mac-OLFML3-CX3CR1-resident","CCL3L3","CCR1",0.0893026726620441,0,"CCL3L3_CCR1","CCL3L3 - CCR1","CCL","Secreted Signaling","KEGG: hsa04060","Non-malignant"
"Myeloid-CLEC10A-APC","Mac-TNF-CCL4-inflammatory","CCL3L3","CCR1",0.0207033091722746,0,"CCL3L3_CCR1","CCL3L3 - CCR1","CCL","Secreted Signaling","KEGG: hsa04060","Non-malignant"
"Myeloid-CLEC10A-APC","Mono-FCN1-S100A8-S100A9","CCL3L3","CCR1",0.0447109291828909,0,"CCL3L3_CCR1","CCL3L3 - CCR1","CCL","Secreted Signaling","KEGG: hsa04060","Non-malignant"
"C6-SLC2A1-like","Myeloid-CLEC10A-APC","CCL3L3","CCR1",0.040788044935072,0,"CCL3L3_CCR1","CCL3L3 - CCR1","CCL","Secreted Signaling","KEGG: hsa04060","Non-malignant"
"C7-APOBEC3A-like","Myeloid-CLEC10A-APC","CCL3L3","CCR1",0.017926261737166,0,"CCL3L3_CCR1","CCL3L3 - CCR1","CCL","Secreted Signaling","KEGG: hsa04060","Non-malignant"
"Mac-Cycling","Myeloid-CLEC10A-APC","CCL3L3","CCR1",0.00975214050759708,0,"CCL3L3_CCR1","CCL3L3 - CCR1","CCL","Secreted Signaling","KEGG: hsa04060","Non-malignant"
"Mac-FOLR2-LYVE1-resident","Myeloid-CLEC10A-APC","CCL3L3","CCR1",0.00823787462413615,0,"CCL3L3_CCR1","CCL3L3 - CCR1","CCL","Secreted Signaling","KEGG: hsa04060","Non-malignant"
"Mac-NUPR1-IGF2-stress","Myeloid-CLEC10A-APC","CCL3L3","CCR1",0.00659320215725906,0,"CCL3L3_CCR1","CCL3L3 - CCR1","CCL","Secreted Signaling","KEGG: hsa04060","Non-malignant"
"Mac-OLFML3-CX3CR1-resident","Myeloid-CLEC10A-APC","CCL3L3","CCR1",0.0475090411018233,0,"CCL3L3_CCR1","CCL3L3 - CCR1","CCL","Secreted Signaling","KEGG: hsa04060","Non-malignant"
"Mac-TNF-CCL4-inflammatory","Myeloid-CLEC10A-APC","CCL3L3","CCR1",0.0572573214518621,0,"CCL3L3_CCR1","CCL3L3 - CCR1","CCL","Secreted Signaling","KEGG: hsa04060","Non-malignant"
"Mono-FCN1-S100A8-S100A9","Myeloid-CLEC10A-APC","CCL3L3","CCR1",0.0203222788700764,0,"CCL3L3_CCR1","CCL3L3 - CCR1","CCL","Secreted Signaling","KEGG: hsa04060","Non-malignant"
"Myeloid-CLEC10A-APC","Myeloid-CLEC10A-APC","CCL3L3","CCR1",0.0504420925339363,0,"CCL3L3_CCR1","CCL3L3 - CCR1","CCL","Secreted Signaling","KEGG: hsa04060","Non-malignant"
"Myeloid-CLEC10A-APC","C7-APOBEC3A-like","CCL2","CCR2",0.0036324675743995,0,"CCL2_CCR2","CCL2 - CCR2","CCL","Secreted Signaling","KEGG: hsa04060","Non-malignant"
"Myeloid-CLEC10A-APC","C6-SLC2A1-like","CCL4","CCR5",0.0215782214295648,0,"CCL4_CCR5","CCL4 - CCR5","CCL","Secreted Signaling","KEGG: hsa04060","Non-malignant"
"Myeloid-CLEC10A-APC","C7-APOBEC3A-like","CCL4","CCR5",0.0318662099117323,0,"CCL4_CCR5","CCL4 - CCR5","CCL","Secreted Signaling","KEGG: hsa04060","Non-malignant"
"Myeloid-CLEC10A-APC","Mac-OLFML3-CX3CR1-resident","CCL4","CCR5",0.0083716627994006,0,"CCL4_CCR5","CCL4 - CCR5","CCL","Secreted Signaling","KEGG: hsa04060","Non-malignant"
"C6-SLC2A1-like","Myeloid-CLEC10A-APC","CCL4","CCR5",0.0109368240509486,0,"CCL4_CCR5","CCL4 - CCR5","CCL","Secreted Signaling","KEGG: hsa04060","Non-malignant"
"C7-APOBEC3A-like","Myeloid-CLEC10A-APC","CCL4","CCR5",0.00620801780984307,0,"CCL4_CCR5","CCL4 - CCR5","CCL","Secreted Signaling","KEGG: hsa04060","Non-malignant"
"Mac-Cycling","Myeloid-CLEC10A-APC","CCL4","CCR5",0.00104858702991283,0,"CCL4_CCR5","CCL4 - CCR5","CCL","Secreted Signaling","KEGG: hsa04060","Non-malignant"
"Mac-FOLR2-LYVE1-resident","Myeloid-CLEC10A-APC","CCL4","CCR5",0.002277459684622,0,"CCL4_CCR5","CCL4 - CCR5","CCL","Secreted Signaling","KEGG: hsa04060","Non-malignant"
"Mac-NUPR1-IGF2-stress","Myeloid-CLEC10A-APC","CCL4","CCR5",0.00145666580509511,0,"CCL4_CCR5","CCL4 - CCR5","CCL","Secreted Signaling","KEGG: hsa04060","Non-malignant"
"Mac-OLFML3-CX3CR1-resident","Myeloid-CLEC10A-APC","CCL4","CCR5",0.0107100678562491,0,"CCL4_CCR5","CCL4 - CCR5","CCL","Secreted Signaling","KEGG: hsa04060","Non-malignant"
"Mac-TNF-CCL4-inflammatory","Myeloid-CLEC10A-APC","CCL4","CCR5",0.0139525439290615,0,"CCL4_CCR5","CCL4 - CCR5","CCL","Secreted Signaling","KEGG: hsa04060","Non-malignant"
"Mono-FCN1-S100A8-S100A9","Myeloid-CLEC10A-APC","CCL4","CCR5",0.00513834718215639,0,"CCL4_CCR5","CCL4 - CCR5","CCL","Secreted Signaling","KEGG: hsa04060","Non-malignant"
"Myeloid-CLEC10A-APC","Myeloid-CLEC10A-APC","CCL4","CCR5",0.0123820469589417,0,"CCL4_CCR5","CCL4 - CCR5","CCL","Secreted Signaling","KEGG: hsa04060","Non-malignant"
"Myeloid-CLEC10A-APC","C6-SLC2A1-like","CCL3","CCR5",0.0234658168169381,0,"CCL3_CCR5","CCL3 - CCR5","CCL","Secreted Signaling","KEGG: hsa04060","Non-malignant"
"Myeloid-CLEC10A-APC","C7-APOBEC3A-like","CCL3","CCR5",0.0346219208338262,0,"CCL3_CCR5","CCL3 - CCR5","CCL","Secreted Signaling","KEGG: hsa04060","Non-malignant"
"Myeloid-CLEC10A-APC","Mac-OLFML3-CX3CR1-resident","CCL3","CCR5",0.00911475191809313,0,"CCL3_CCR5","CCL3 - CCR5","CCL","Secreted Signaling","KEGG: hsa04060","Non-malignant"
"C6-SLC2A1-like","Myeloid-CLEC10A-APC","CCL3","CCR5",0.0134701049790282,0,"CCL3_CCR5","CCL3 - CCR5","CCL","Secreted Signaling","KEGG: hsa04060","Non-malignant"
"C7-APOBEC3A-like","Myeloid-CLEC10A-APC","CCL3","CCR5",0.00669624212741803,0,"CCL3_CCR5","CCL3 - CCR5","CCL","Secreted Signaling","KEGG: hsa04060","Non-malignant"
"Mac-Cycling","Myeloid-CLEC10A-APC","CCL3","CCR5",0.00393711956700796,0,"CCL3_CCR5","CCL3 - CCR5","CCL","Secreted Signaling","KEGG: hsa04060","Non-malignant"
"Mac-FOLR2-LYVE1-resident","Myeloid-CLEC10A-APC","CCL3","CCR5",0.00478829931551473,0,"CCL3_CCR5","CCL3 - CCR5","CCL","Secreted Signaling","KEGG: hsa04060","Non-malignant"
"Mac-NUPR1-IGF2-stress","Myeloid-CLEC10A-APC","CCL3","CCR5",0.00271278165349795,0,"CCL3_CCR5","CCL3 - CCR5","CCL","Secreted Signaling","KEGG: hsa04060","Non-malignant"
"Mac-OLFML3-CX3CR1-resident","Myeloid-CLEC10A-APC","CCL3","CCR5",0.0131870036813527,0,"CCL3_CCR5","CCL3 - CCR5","CCL","Secreted Signaling","KEGG: hsa04060","Non-malignant"
"Mac-TNF-CCL4-inflammatory","Myeloid-CLEC10A-APC","CCL3","CCR5",0.0148972859691253,0,"CCL3_CCR5","CCL3 - CCR5","CCL","Secreted Signaling","KEGG: hsa04060","Non-malignant"
"Mono-FCN1-S100A8-S100A9","Myeloid-CLEC10A-APC","CCL3","CCR5",0.00591736431327513,0,"CCL3_CCR5","CCL3 - CCR5","CCL","Secreted Signaling","KEGG: hsa04060","Non-malignant"
"Myeloid-CLEC10A-APC","Myeloid-CLEC10A-APC","CCL3","CCR5",0.0134762698474661,0,"CCL3_CCR5","CCL3 - CCR5","CCL","Secreted Signaling","KEGG: hsa04060","Non-malignant"
"Myeloid-CLEC10A-APC","C7-APOBEC3A-like","MIF","CD74_CXCR4",0.0376824803394138,0.03,"MIF_CD74_CXCR4","MIF - (CD74+CXCR4)","MIF","Secreted Signaling","PMID: 29637711; PMID: 24760155","Non-malignant"
"Myeloid-CLEC10A-APC","Mac-OLFML3-CX3CR1-resident","MIF","CD74_CXCR4",0.05669150297132,0,"MIF_CD74_CXCR4","MIF - (CD74+CXCR4)","MIF","Secreted Signaling","PMID: 29637711; PMID: 24760155","Non-malignant"
"C6-SLC2A1-like","Myeloid-CLEC10A-APC","MIF","CD74_CXCR4",0.0548347545641074,0,"MIF_CD74_CXCR4","MIF - (CD74+CXCR4)","MIF","Secreted Signaling","PMID: 29637711; PMID: 24760155","Non-malignant"
"C7-APOBEC3A-like","Myeloid-CLEC10A-APC","MIF","CD74_CXCR4",0.0650494688537082,0,"MIF_CD74_CXCR4","MIF - (CD74+CXCR4)","MIF","Secreted Signaling","PMID: 29637711; PMID: 24760155","Non-malignant"
"Mac-Cycling","Myeloid-CLEC10A-APC","MIF","CD74_CXCR4",0.0686849119223102,0,"MIF_CD74_CXCR4","MIF - (CD74+CXCR4)","MIF","Secreted Signaling","PMID: 29637711; PMID: 24760155","Non-malignant"
"Mac-OLFML3-CX3CR1-resident","Myeloid-CLEC10A-APC","MIF","CD74_CXCR4",0.0557368278139,0,"MIF_CD74_CXCR4","MIF - (CD74+CXCR4)","MIF","Secreted Signaling","PMID: 29637711; PMID: 24760155","Non-malignant"
"Myeloid-CLEC10A-APC","Myeloid-CLEC10A-APC","MIF","CD74_CXCR4",0.042515381970682,0,"MIF_CD74_CXCR4","MIF - (CD74+CXCR4)","MIF","Secreted Signaling","PMID: 29637711; PMID: 24760155","Non-malignant"
"Myeloid-CLEC10A-APC","C6-SLC2A1-like","MIF","CD74_CD44",0.0397084077789913,0,"MIF_CD74_CD44","MIF - (CD74+CD44)","MIF","Secreted Signaling","PMID: 29637711; PMID: 26175090","Non-malignant"
"Myeloid-CLEC10A-APC","C7-APOBEC3A-like","MIF","CD74_CD44",0.0418901293050076,0,"MIF_CD74_CD44","MIF - (CD74+CD44)","MIF","Secreted Signaling","PMID: 29637711; PMID: 26175090","Non-malignant"
"Myeloid-CLEC10A-APC","Mac-Cycling","MIF","CD74_CD44",0.0368109933961613,0,"MIF_CD74_CD44","MIF - (CD74+CD44)","MIF","Secreted Signaling","PMID: 29637711; PMID: 26175090","Non-malignant"
"Myeloid-CLEC10A-APC","Mac-FOLR2-LYVE1-resident","MIF","CD74_CD44",0.0339766739835581,0,"MIF_CD74_CD44","MIF - (CD74+CD44)","MIF","Secreted Signaling","PMID: 29637711; PMID: 26175090","Non-malignant"
"Myeloid-CLEC10A-APC","Mac-OLFML3-CX3CR1-resident","MIF","CD74_CD44",0.0419068945351711,0,"MIF_CD74_CD44","MIF - (CD74+CD44)","MIF","Secreted Signaling","PMID: 29637711; PMID: 26175090","Non-malignant"
"Myeloid-CLEC10A-APC","Mac-TNF-CCL4-inflammatory","MIF","CD74_CD44",0.0392528484607423,0,"MIF_CD74_CD44","MIF - (CD74+CD44)","MIF","Secreted Signaling","PMID: 29637711; PMID: 26175090","Non-malignant"
"Myeloid-CLEC10A-APC","Mono-FCN1-S100A8-S100A9","MIF","CD74_CD44",0.0461811077770619,0,"MIF_CD74_CD44","MIF - (CD74+CD44)","MIF","Secreted Signaling","PMID: 29637711; PMID: 26175090","Non-malignant"
"C6-SLC2A1-like","Myeloid-CLEC10A-APC","MIF","CD74_CD44",0.0602479199324061,0,"MIF_CD74_CD44","MIF - (CD74+CD44)","MIF","Secreted Signaling","PMID: 29637711; PMID: 26175090","Non-malignant"
"C7-APOBEC3A-like","Myeloid-CLEC10A-APC","MIF","CD74_CD44",0.0713948387375628,0,"MIF_CD74_CD44","MIF - (CD74+CD44)","MIF","Secreted Signaling","PMID: 29637711; PMID: 26175090","Non-malignant"
"Mac-Cycling","Myeloid-CLEC10A-APC","MIF","CD74_CD44",0.0753563251833997,0,"MIF_CD74_CD44","MIF - (CD74+CD44)","MIF","Secreted Signaling","PMID: 29637711; PMID: 26175090","Non-malignant"
"Mac-OLFML3-CX3CR1-resident","Myeloid-CLEC10A-APC","MIF","CD74_CD44",0.0612332746351456,0,"MIF_CD74_CD44","MIF - (CD74+CD44)","MIF","Secreted Signaling","PMID: 29637711; PMID: 26175090","Non-malignant"
"Myeloid-CLEC10A-APC","Myeloid-CLEC10A-APC","MIF","CD74_CD44",0.0467725883381809,0,"MIF_CD74_CD44","MIF - (CD74+CD44)","MIF","Secreted Signaling","PMID: 29637711; PMID: 26175090","Non-malignant"
"Myeloid-CLEC10A-APC","C6-SLC2A1-like","IL10","IL10RA_IL10RB",0.0200524941226733,0,"IL10_IL10RA_IL10RB","IL10 - (IL10RA+IL10RB)","IL10","Secreted Signaling","KEGG: hsa04060","Non-malignant"
"Myeloid-CLEC10A-APC","C7-APOBEC3A-like","IL10","IL10RA_IL10RB",0.0182877940195553,0,"IL10_IL10RA_IL10RB","IL10 - (IL10RA+IL10RB)","IL10","Secreted Signaling","KEGG: hsa04060","Non-malignant"
"Myeloid-CLEC10A-APC","Mac-Cycling","IL10","IL10RA_IL10RB",0.00737116085196404,0,"IL10_IL10RA_IL10RB","IL10 - (IL10RA+IL10RB)","IL10","Secreted Signaling","KEGG: hsa04060","Non-malignant"
"Myeloid-CLEC10A-APC","Mac-FOLR2-LYVE1-resident","IL10","IL10RA_IL10RB",0.00803482834421392,0,"IL10_IL10RA_IL10RB","IL10 - (IL10RA+IL10RB)","IL10","Secreted Signaling","KEGG: hsa04060","Non-malignant"
"Myeloid-CLEC10A-APC","Mac-OLFML3-CX3CR1-resident","IL10","IL10RA_IL10RB",0.0103988490941023,0,"IL10_IL10RA_IL10RB","IL10 - (IL10RA+IL10RB)","IL10","Secreted Signaling","KEGG: hsa04060","Non-malignant"
"Myeloid-CLEC10A-APC","Mono-FCN1-S100A8-S100A9","IL10","IL10RA_IL10RB",0.0091021373068439,0,"IL10_IL10RA_IL10RB","IL10 - (IL10RA+IL10RB)","IL10","Secreted Signaling","KEGG: hsa04060","Non-malignant"
"C6-SLC2A1-like","Myeloid-CLEC10A-APC","IL10","IL10RA_IL10RB",0.0295192973395763,0,"IL10_IL10RA_IL10RB","IL10 - (IL10RA+IL10RB)","IL10","Secreted Signaling","KEGG: hsa04060","Non-malignant"
"C7-APOBEC3A-like","Myeloid-CLEC10A-APC","IL10","IL10RA_IL10RB",0.000790169654392851,0,"IL10_IL10RA_IL10RB","IL10 - (IL10RA+IL10RB)","IL10","Secreted Signaling","KEGG: hsa04060","Non-malignant"
"Mac-OLFML3-CX3CR1-resident","Myeloid-CLEC10A-APC","IL10","IL10RA_IL10RB",0.00308178746696644,0,"IL10_IL10RA_IL10RB","IL10 - (IL10RA+IL10RB)","IL10","Secreted Signaling","KEGG: hsa04060","Non-malignant"
"Mac-TNF-CCL4-inflammatory","Myeloid-CLEC10A-APC","IL10","IL10RA_IL10RB",0.00780663884349363,0,"IL10_IL10RA_IL10RB","IL10 - (IL10RA+IL10RB)","IL10","Secreted Signaling","KEGG: hsa04060","Non-malignant"
"Myeloid-CLEC10A-APC","Myeloid-CLEC10A-APC","IL10","IL10RA_IL10RB",0.0179038816950739,0,"IL10_IL10RA_IL10RB","IL10 - (IL10RA+IL10RB)","IL10","Secreted Signaling","KEGG: hsa04060","Non-malignant"
"Mac-Cycling","Myeloid-CLEC10A-APC","IL16","CD4",0.00112792128364374,0,"IL16_CD4","IL16 - CD4","IL16","Secreted Signaling","KEGG: hsa04060","Non-malignant"
"Mac-OLFML3-CX3CR1-resident","Myeloid-CLEC10A-APC","IL16","CD4",0.00166672442556554,0,"IL16_CD4","IL16 - CD4","IL16","Secreted Signaling","KEGG: hsa04060","Non-malignant"
"Myeloid-CLEC10A-APC","C6-SLC2A1-like","TNF","TNFRSF1A",0.0285307922082726,0,"TNF_TNFRSF1A","TNF - TNFRSF1A","TNF","Secreted Signaling","KEGG: hsa04060","Non-malignant"
"Myeloid-CLEC10A-APC","C7-APOBEC3A-like","TNF","TNFRSF1A",0.0368653955482166,0,"TNF_TNFRSF1A","TNF - TNFRSF1A","TNF","Secreted Signaling","KEGG: hsa04060","Non-malignant"
"Myeloid-CLEC10A-APC","Mac-Cycling","TNF","TNFRSF1A",0.0340825836206052,0,"TNF_TNFRSF1A","TNF - TNFRSF1A","TNF","Secreted Signaling","KEGG: hsa04060","Non-malignant"
"Myeloid-CLEC10A-APC","Mac-FOLR2-LYVE1-resident","TNF","TNFRSF1A",0.033577686821986,0,"TNF_TNFRSF1A","TNF - TNFRSF1A","TNF","Secreted Signaling","KEGG: hsa04060","Non-malignant"
"Myeloid-CLEC10A-APC","Mac-OLFML3-CX3CR1-resident","TNF","TNFRSF1A",0.0354069382636524,0,"TNF_TNFRSF1A","TNF - TNFRSF1A","TNF","Secreted Signaling","KEGG: hsa04060","Non-malignant"
"Myeloid-CLEC10A-APC","Mac-TNF-CCL4-inflammatory","TNF","TNFRSF1A",0.0125886100184473,0,"TNF_TNFRSF1A","TNF - TNFRSF1A","TNF","Secreted Signaling","KEGG: hsa04060","Non-malignant"
"Myeloid-CLEC10A-APC","Mono-FCN1-S100A8-S100A9","TNF","TNFRSF1A",0.0178050684693044,0,"TNF_TNFRSF1A","TNF - TNFRSF1A","TNF","Secreted Signaling","KEGG: hsa04060","Non-malignant"
"C6-SLC2A1-like","Myeloid-CLEC10A-APC","TNF","TNFRSF1A",0.00798193989833586,0,"TNF_TNFRSF1A","TNF - TNFRSF1A","TNF","Secreted Signaling","KEGG: hsa04060","Non-malignant"
"C7-APOBEC3A-like","Myeloid-CLEC10A-APC","TNF","TNFRSF1A",0.00557704839576166,0.01,"TNF_TNFRSF1A","TNF - TNFRSF1A","TNF","Secreted Signaling","KEGG: hsa04060","Non-malignant"
"Mac-OLFML3-CX3CR1-resident","Myeloid-CLEC10A-APC","TNF","TNFRSF1A",0.00229920606686404,0.02,"TNF_TNFRSF1A","TNF - TNFRSF1A","TNF","Secreted Signaling","KEGG: hsa04060","Non-malignant"
"Mac-TNF-CCL4-inflammatory","Myeloid-CLEC10A-APC","TNF","TNFRSF1A",0.0171422838763131,0,"TNF_TNFRSF1A","TNF - TNFRSF1A","TNF","Secreted Signaling","KEGG: hsa04060","Non-malignant"
"Mono-FCN1-S100A8-S100A9","Myeloid-CLEC10A-APC","TNF","TNFRSF1A",0.00358106597713105,0.01,"TNF_TNFRSF1A","TNF - TNFRSF1A","TNF","Secreted Signaling","KEGG: hsa04060","Non-malignant"
"Myeloid-CLEC10A-APC","Myeloid-CLEC10A-APC","TNF","TNFRSF1A",0.0114429026480638,0,"TNF_TNFRSF1A","TNF - TNFRSF1A","TNF","Secreted Signaling","KEGG: hsa04060","Non-malignant"
"Myeloid-CLEC10A-APC","C6-SLC2A1-like","TNF","TNFRSF1B",0.0595688821923771,0,"TNF_TNFRSF1B","TNF - TNFRSF1B","TNF","Secreted Signaling","KEGG: hsa04060","Non-malignant"
"Myeloid-CLEC10A-APC","C7-APOBEC3A-like","TNF","TNFRSF1B",0.0386620285516001,0,"TNF_TNFRSF1B","TNF - TNFRSF1B","TNF","Secreted Signaling","KEGG: hsa04060","Non-malignant"
"Myeloid-CLEC10A-APC","Mac-Cycling","TNF","TNFRSF1B",0.0367124507831578,0,"TNF_TNFRSF1B","TNF - TNFRSF1B","TNF","Secreted Signaling","KEGG: hsa04060","Non-malignant"
"Myeloid-CLEC10A-APC","Mac-FOLR2-LYVE1-resident","TNF","TNFRSF1B",0.0447267123198907,0,"TNF_TNFRSF1B","TNF - TNFRSF1B","TNF","Secreted Signaling","KEGG: hsa04060","Non-malignant"
"Myeloid-CLEC10A-APC","Mac-OLFML3-CX3CR1-resident","TNF","TNFRSF1B",0.0564984932335402,0,"TNF_TNFRSF1B","TNF - TNFRSF1B","TNF","Secreted Signaling","KEGG: hsa04060","Non-malignant"
"Myeloid-CLEC10A-APC","Mac-TNF-CCL4-inflammatory","TNF","TNFRSF1B",0.0222997940846608,0,"TNF_TNFRSF1B","TNF - TNFRSF1B","TNF","Secreted Signaling","KEGG: hsa04060","Non-malignant"
"Myeloid-CLEC10A-APC","Mono-FCN1-S100A8-S100A9","TNF","TNFRSF1B",0.065933152863908,0,"TNF_TNFRSF1B","TNF - TNFRSF1B","TNF","Secreted Signaling","KEGG: hsa04060","Non-malignant"
"C6-SLC2A1-like","Myeloid-CLEC10A-APC","TNF","TNFRSF1B",0.0502259529834242,0,"TNF_TNFRSF1B","TNF - TNFRSF1B","TNF","Secreted Signaling","KEGG: hsa04060","Non-malignant"
"C7-APOBEC3A-like","Myeloid-CLEC10A-APC","TNF","TNFRSF1B",0.0355493999418693,0,"TNF_TNFRSF1B","TNF - TNFRSF1B","TNF","Secreted Signaling","KEGG: hsa04060","Non-malignant"
"Mac-OLFML3-CX3CR1-resident","Myeloid-CLEC10A-APC","TNF","TNFRSF1B",0.0149199753139582,0,"TNF_TNFRSF1B","TNF - TNFRSF1B","TNF","Secreted Signaling","KEGG: hsa04060","Non-malignant"
"Mac-TNF-CCL4-inflammatory","Myeloid-CLEC10A-APC","TNF","TNFRSF1B",0.102841036428755,0,"TNF_TNFRSF1B","TNF - TNFRSF1B","TNF","Secreted Signaling","KEGG: hsa04060","Non-malignant"
"Mono-FCN1-S100A8-S100A9","Myeloid-CLEC10A-APC","TNF","TNFRSF1B",0.0230754608234633,0,"TNF_TNFRSF1B","TNF - TNFRSF1B","TNF","Secreted Signaling","KEGG: hsa04060","Non-malignant"
"Myeloid-CLEC10A-APC","Myeloid-CLEC10A-APC","TNF","TNFRSF1B",0.0706984843151988,0,"TNF_TNFRSF1B","TNF - TNFRSF1B","TNF","Secreted Signaling","KEGG: hsa04060","Non-malignant"
"Myeloid-CLEC10A-APC","C7-APOBEC3A-like","TNFSF10","TNFRSF10A",0.00023454784805182,0,"TNFSF10_TNFRSF10B","TNFSF10 - TNFRSF10B","TRAIL","Secreted Signaling","KEGG: hsa04060","Non-malignant"
"C6-SLC2A1-like","Myeloid-CLEC10A-APC","SPP1","CD44",0.140476521465269,0,"SPP1_CD44","SPP1 - CD44","SPP1","Secreted Signaling","PMID: 21907263","Non-malignant"
"C7-APOBEC3A-like","Myeloid-CLEC10A-APC","SPP1","CD44",0.0101048173234709,0,"SPP1_CD44","SPP1 - CD44","SPP1","Secreted Signaling","PMID: 21907263","Non-malignant"
"Mac-Cycling","Myeloid-CLEC10A-APC","SPP1","CD44",0.10326585818558,0,"SPP1_CD44","SPP1 - CD44","SPP1","Secreted Signaling","PMID: 21907263","Non-malignant"
"Mac-OLFML3-CX3CR1-resident","Myeloid-CLEC10A-APC","SPP1","CD44",0.039744943070312,0,"SPP1_CD44","SPP1 - CD44","SPP1","Secreted Signaling","PMID: 21907263","Non-malignant"
"Mac-TNF-CCL4-inflammatory","Myeloid-CLEC10A-APC","SPP1","CD44",0.0454250448553759,0,"SPP1_CD44","SPP1 - CD44","SPP1","Secreted Signaling","PMID: 21907263","Non-malignant"
"C6-SLC2A1-like","Myeloid-CLEC10A-APC","SPP1","ITGAV_ITGB1",0.027986890043064,0,"SPP1_ITGAV_ITGB1","SPP1 - (ITGAV+ITGB1)","SPP1","Secreted Signaling","PMID: 21907263","Non-malignant"
"C7-APOBEC3A-like","Myeloid-CLEC10A-APC","SPP1","ITGAV_ITGB1",0.00179512816053824,0,"SPP1_ITGAV_ITGB1","SPP1 - (ITGAV+ITGB1)","SPP1","Secreted Signaling","PMID: 21907263","Non-malignant"
"Mac-Cycling","Myeloid-CLEC10A-APC","SPP1","ITGAV_ITGB1",0.019884147934034,0,"SPP1_ITGAV_ITGB1","SPP1 - (ITGAV+ITGB1)","SPP1","Secreted Signaling","PMID: 21907263","Non-malignant"
"Mac-OLFML3-CX3CR1-resident","Myeloid-CLEC10A-APC","SPP1","ITGAV_ITGB1",0.00723896568480209,0,"SPP1_ITGAV_ITGB1","SPP1 - (ITGAV+ITGB1)","SPP1","Secreted Signaling","PMID: 21907263","Non-malignant"
"Mac-TNF-CCL4-inflammatory","Myeloid-CLEC10A-APC","SPP1","ITGAV_ITGB1",0.008313734408066,0,"SPP1_ITGAV_ITGB1","SPP1 - (ITGAV+ITGB1)","SPP1","Secreted Signaling","PMID: 21907263","Non-malignant"
"Myeloid-CLEC10A-APC","C6-SLC2A1-like","RETN","TLR4",0.00469139657119,0,"RETN_TLR4","RETN - TLR4","RESISTIN","Secreted Signaling","PMID: 30809105","Non-malignant"
"Myeloid-CLEC10A-APC","C7-APOBEC3A-like","RETN","TLR4",0.00170283015226064,0,"RETN_TLR4","RETN - TLR4","RESISTIN","Secreted Signaling","PMID: 30809105","Non-malignant"
"Myeloid-CLEC10A-APC","Mac-Cycling","RETN","TLR4",0.00129009339137651,0,"RETN_TLR4","RETN - TLR4","RESISTIN","Secreted Signaling","PMID: 30809105","Non-malignant"
"Myeloid-CLEC10A-APC","Mac-FOLR2-LYVE1-resident","RETN","TLR4",0.00248348431627068,0,"RETN_TLR4","RETN - TLR4","RESISTIN","Secreted Signaling","PMID: 30809105","Non-malignant"
"Myeloid-CLEC10A-APC","Mac-OLFML3-CX3CR1-resident","RETN","TLR4",0.00210866726737944,0,"RETN_TLR4","RETN - TLR4","RESISTIN","Secreted Signaling","PMID: 30809105","Non-malignant"
"Myeloid-CLEC10A-APC","Mono-FCN1-S100A8-S100A9","RETN","TLR4",0.00210097277086546,0,"RETN_TLR4","RETN - TLR4","RESISTIN","Secreted Signaling","PMID: 30809105","Non-malignant"
"Mac-Cycling","Myeloid-CLEC10A-APC","RETN","TLR4",0.000379056545870265,0,"RETN_TLR4","RETN - TLR4","RESISTIN","Secreted Signaling","PMID: 30809105","Non-malignant"
"Mac-FOLR2-LYVE1-resident","Myeloid-CLEC10A-APC","RETN","TLR4",0.00126344081750662,0,"RETN_TLR4","RETN - TLR4","RESISTIN","Secreted Signaling","PMID: 30809105","Non-malignant"
"Mono-FCN1-S100A8-S100A9","Myeloid-CLEC10A-APC","RETN","TLR4",0.00573388878320805,0,"RETN_TLR4","RETN - TLR4","RESISTIN","Secreted Signaling","PMID: 30809105","Non-malignant"
"Myeloid-CLEC10A-APC","Myeloid-CLEC10A-APC","RETN","TLR4",0.00162981914534092,0,"RETN_TLR4","RETN - TLR4","RESISTIN","Secreted Signaling","PMID: 30809105","Non-malignant"
"Myeloid-CLEC10A-APC","C6-SLC2A1-like","RETN","CAP1",0.0179943889791805,0,"RETN_CAP1","RETN - CAP1","RESISTIN","Secreted Signaling","PMID: 30809105","Non-malignant"
"Myeloid-CLEC10A-APC","C7-APOBEC3A-like","RETN","CAP1",0.0182701038132785,0,"RETN_CAP1","RETN - CAP1","RESISTIN","Secreted Signaling","PMID: 30809105","Non-malignant"
"Myeloid-CLEC10A-APC","Mac-Cycling","RETN","CAP1",0.0183856313602514,0,"RETN_CAP1","RETN - CAP1","RESISTIN","Secreted Signaling","PMID: 30809105","Non-malignant"
"Myeloid-CLEC10A-APC","Mac-FOLR2-LYVE1-resident","RETN","CAP1",0.0128051206468929,0,"RETN_CAP1","RETN - CAP1","RESISTIN","Secreted Signaling","PMID: 30809105","Non-malignant"
"Myeloid-CLEC10A-APC","Mac-NUPR1-IGF2-stress","RETN","CAP1",0.00110171407626983,0,"RETN_CAP1","RETN - CAP1","RESISTIN","Secreted Signaling","PMID: 30809105","Non-malignant"
"Myeloid-CLEC10A-APC","Mac-OLFML3-CX3CR1-resident","RETN","CAP1",0.0137480569266767,0,"RETN_CAP1","RETN - CAP1","RESISTIN","Secreted Signaling","PMID: 30809105","Non-malignant"
"Myeloid-CLEC10A-APC","Mac-TNF-CCL4-inflammatory","RETN","CAP1",0.00380496362763029,0,"RETN_CAP1","RETN - CAP1","RESISTIN","Secreted Signaling","PMID: 30809105","Non-malignant"
"Myeloid-CLEC10A-APC","Mono-FCN1-S100A8-S100A9","RETN","CAP1",0.0122396389613949,0,"RETN_CAP1","RETN - CAP1","RESISTIN","Secreted Signaling","PMID: 30809105","Non-malignant"
"Mac-Cycling","Myeloid-CLEC10A-APC","RETN","CAP1",0.00360347029444159,0,"RETN_CAP1","RETN - CAP1","RESISTIN","Secreted Signaling","PMID: 30809105","Non-malignant"
"Mac-FOLR2-LYVE1-resident","Myeloid-CLEC10A-APC","RETN","CAP1",0.011921081980578,0,"RETN_CAP1","RETN - CAP1","RESISTIN","Secreted Signaling","PMID: 30809105","Non-malignant"
"Mono-FCN1-S100A8-S100A9","Myeloid-CLEC10A-APC","RETN","CAP1",0.0521331593009841,0,"RETN_CAP1","RETN - CAP1","RESISTIN","Secreted Signaling","PMID: 30809105","Non-malignant"
"Myeloid-CLEC10A-APC","Myeloid-CLEC10A-APC","RETN","CAP1",0.0153305718200694,0,"RETN_CAP1","RETN - CAP1","RESISTIN","Secreted Signaling","PMID: 30809105","Non-malignant"
"Myeloid-CLEC10A-APC","C6-SLC2A1-like","NAMPT","ITGA5_ITGB1",0.0535701588675566,0,"NAMPT_ITGA5_ITGB1","NAMPT - (ITGA5+ITGB1)","VISFATIN","Secreted Signaling","PMID: 28490838","Non-malignant"
"Myeloid-CLEC10A-APC","Mac-Cycling","NAMPT","ITGA5_ITGB1",0.0254670657226903,0,"NAMPT_ITGA5_ITGB1","NAMPT - (ITGA5+ITGB1)","VISFATIN","Secreted Signaling","PMID: 28490838","Non-malignant"
"Myeloid-CLEC10A-APC","Mono-FCN1-S100A8-S100A9","NAMPT","ITGA5_ITGB1",0.0247949222984115,0,"NAMPT_ITGA5_ITGB1","NAMPT - (ITGA5+ITGB1)","VISFATIN","Secreted Signaling","PMID: 28490838","Non-malignant"
"Mac-Cycling","Myeloid-CLEC10A-APC","C3","C3AR1",0.00985252650680691,0,"C3_C3AR1","C3 - C3AR1","COMPLEMENT","Secreted Signaling","KEGG: hsa04080","Non-malignant"
"Mac-FOLR2-LYVE1-resident","Myeloid-CLEC10A-APC","C3","C3AR1",0.00898437286328376,0,"C3_C3AR1","C3 - C3AR1","COMPLEMENT","Secreted Signaling","KEGG: hsa04080","Non-malignant"
"Mac-OLFML3-CX3CR1-resident","Myeloid-CLEC10A-APC","C3","C3AR1",0.0431953205033647,0,"C3_C3AR1","C3 - C3AR1","COMPLEMENT","Secreted Signaling","KEGG: hsa04080","Non-malignant"
"Mac-Cycling","Myeloid-CLEC10A-APC","C3","ITGAM_ITGB2",0.0103039562459357,0,"C3_ITGAM_ITGB2","C3 - (ITGAM+ITGB2)","COMPLEMENT","Secreted Signaling","PMID: 16234578","Non-malignant"
"Mac-FOLR2-LYVE1-resident","Myeloid-CLEC10A-APC","C3","ITGAM_ITGB2",0.00939640243621752,0,"C3_ITGAM_ITGB2","C3 - (ITGAM+ITGB2)","COMPLEMENT","Secreted Signaling","PMID: 16234578","Non-malignant"
"Mac-OLFML3-CX3CR1-resident","Myeloid-CLEC10A-APC","C3","ITGAM_ITGB2",0.0451048795617389,0,"C3_ITGAM_ITGB2","C3 - (ITGAM+ITGB2)","COMPLEMENT","Secreted Signaling","PMID: 16234578","Non-malignant"
"Mac-Cycling","Myeloid-CLEC10A-APC","C3","ITGAX_ITGB2",0.0115121107627628,0,"C3_ITGAX_ITGB2","C3 - (ITGAX+ITGB2)","COMPLEMENT","Secreted Signaling","PMID: 16234578","Non-malignant"
"Mac-FOLR2-LYVE1-resident","Myeloid-CLEC10A-APC","C3","ITGAX_ITGB2",0.0104992737720154,0,"C3_ITGAX_ITGB2","C3 - (ITGAX+ITGB2)","COMPLEMENT","Secreted Signaling","PMID: 16234578","Non-malignant"
"Mac-OLFML3-CX3CR1-resident","Myeloid-CLEC10A-APC","C3","ITGAX_ITGB2",0.0501865787434824,0,"C3_ITGAX_ITGB2","C3 - (ITGAX+ITGB2)","COMPLEMENT","Secreted Signaling","PMID: 16234578","Non-malignant"
"Myeloid-CLEC10A-APC","C7-APOBEC3A-like","ANXA1","FPR2",0.0130538912307715,0,"ANXA1_FPR2","ANXA1 - FPR2","ANNEXIN","Secreted Signaling","PMID: 23230437","Non-malignant"
"Myeloid-CLEC10A-APC","C6-SLC2A1-like","ANXA1","FPR1",0.0120571853906734,0,"ANXA1_FPR1","ANXA1 - FPR1","ANNEXIN","Secreted Signaling","PMID: 23230437","Non-malignant"
"Myeloid-CLEC10A-APC","C7-APOBEC3A-like","ANXA1","FPR1",0.0775580402141485,0,"ANXA1_FPR1","ANXA1 - FPR1","ANNEXIN","Secreted Signaling","PMID: 23230437","Non-malignant"
"Myeloid-CLEC10A-APC","Mac-Cycling","ANXA1","FPR1",0.035785540526572,0,"ANXA1_FPR1","ANXA1 - FPR1","ANNEXIN","Secreted Signaling","PMID: 23230437","Non-malignant"
"Myeloid-CLEC10A-APC","Mac-FOLR2-LYVE1-resident","ANXA1","FPR1",0.0224046408455532,0,"ANXA1_FPR1","ANXA1 - FPR1","ANNEXIN","Secreted Signaling","PMID: 23230437","Non-malignant"
"Myeloid-CLEC10A-APC","Mac-OLFML3-CX3CR1-resident","ANXA1","FPR1",0.0501584388706841,0,"ANXA1_FPR1","ANXA1 - FPR1","ANNEXIN","Secreted Signaling","PMID: 23230437","Non-malignant"
"Myeloid-CLEC10A-APC","Mono-FCN1-S100A8-S100A9","ANXA1","FPR1",0.0751748403260269,0,"ANXA1_FPR1","ANXA1 - FPR1","ANNEXIN","Secreted Signaling","PMID: 23230437","Non-malignant"
"C6-SLC2A1-like","Myeloid-CLEC10A-APC","ANXA1","FPR1",0.0433174291698945,0,"ANXA1_FPR1","ANXA1 - FPR1","ANNEXIN","Secreted Signaling","PMID: 23230437","Non-malignant"
"C7-APOBEC3A-like","Myeloid-CLEC10A-APC","ANXA1","FPR1",0.0544068956506816,0,"ANXA1_FPR1","ANXA1 - FPR1","ANNEXIN","Secreted Signaling","PMID: 23230437","Non-malignant"
"Mac-Cycling","Myeloid-CLEC10A-APC","ANXA1","FPR1",0.0525082732308745,0,"ANXA1_FPR1","ANXA1 - FPR1","ANNEXIN","Secreted Signaling","PMID: 23230437","Non-malignant"
"Mac-FOLR2-LYVE1-resident","Myeloid-CLEC10A-APC","ANXA1","FPR1",0.0448556843536441,0,"ANXA1_FPR1","ANXA1 - FPR1","ANNEXIN","Secreted Signaling","PMID: 23230437","Non-malignant"
"Mac-NUPR1-IGF2-stress","Myeloid-CLEC10A-APC","ANXA1","FPR1",0.0123494528924044,0,"ANXA1_FPR1","ANXA1 - FPR1","ANNEXIN","Secreted Signaling","PMID: 23230437","Non-malignant"
"Mac-OLFML3-CX3CR1-resident","Myeloid-CLEC10A-APC","ANXA1","FPR1",0.0502166547757188,0,"ANXA1_FPR1","ANXA1 - FPR1","ANNEXIN","Secreted Signaling","PMID: 23230437","Non-malignant"
"Mac-TNF-CCL4-inflammatory","Myeloid-CLEC10A-APC","ANXA1","FPR1",0.0518917273075764,0,"ANXA1_FPR1","ANXA1 - FPR1","ANNEXIN","Secreted Signaling","PMID: 23230437","Non-malignant"
"Mono-FCN1-S100A8-S100A9","Myeloid-CLEC10A-APC","ANXA1","FPR1",0.056620355517553,0,"ANXA1_FPR1","ANXA1 - FPR1","ANNEXIN","Secreted Signaling","PMID: 23230437","Non-malignant"
"Myeloid-CLEC10A-APC","Myeloid-CLEC10A-APC","ANXA1","FPR1",0.0604094741700734,0,"ANXA1_FPR1","ANXA1 - FPR1","ANNEXIN","Secreted Signaling","PMID: 23230437","Non-malignant"
"Mac-Cycling","Myeloid-CLEC10A-APC","GAS6","MERTK",0.00122445360831883,0,"GAS6_MERTK","GAS6 - MERTK","GAS","Secreted Signaling","PMID: 27801848","Non-malignant"
"Mac-FOLR2-LYVE1-resident","Myeloid-CLEC10A-APC","GAS6","MERTK",0.00165857718460317,0,"GAS6_MERTK","GAS6 - MERTK","GAS","Secreted Signaling","PMID: 27801848","Non-malignant"
"Mac-OLFML3-CX3CR1-resident","Myeloid-CLEC10A-APC","GAS6","MERTK",0.00097346708177236,0,"GAS6_MERTK","GAS6 - MERTK","GAS","Secreted Signaling","PMID: 27801848","Non-malignant"
"Myeloid-CLEC10A-APC","C7-APOBEC3A-like","GRN","SORT1",0.00190668374725065,0,"GRN_SORT1","GRN - SORT1","GRN","Secreted Signaling","PMID: 29555433","Non-malignant"
"Myeloid-CLEC10A-APC","C6-SLC2A1-like","LGALS9","PTPRC",0.0310064131118119,0,"LGALS9_CD45","LGALS9 - CD45","GALECTIN","Secreted Signaling","PMID: 30120235","Non-malignant"
"Myeloid-CLEC10A-APC","C7-APOBEC3A-like","LGALS9","PTPRC",0.0531740664194479,0,"LGALS9_CD45","LGALS9 - CD45","GALECTIN","Secreted Signaling","PMID: 30120235","Non-malignant"
"Myeloid-CLEC10A-APC","Mac-Cycling","LGALS9","PTPRC",0.0388823655040784,0,"LGALS9_CD45","LGALS9 - CD45","GALECTIN","Secreted Signaling","PMID: 30120235","Non-malignant"
"Myeloid-CLEC10A-APC","Mac-FOLR2-LYVE1-resident","LGALS9","PTPRC",0.0332696464327358,0,"LGALS9_CD45","LGALS9 - CD45","GALECTIN","Secreted Signaling","PMID: 30120235","Non-malignant"
"Myeloid-CLEC10A-APC","Mac-OLFML3-CX3CR1-resident","LGALS9","PTPRC",0.0494202465692095,0,"LGALS9_CD45","LGALS9 - CD45","GALECTIN","Secreted Signaling","PMID: 30120235","Non-malignant"
"Myeloid-CLEC10A-APC","Mac-TNF-CCL4-inflammatory","LGALS9","PTPRC",0.0299833148671529,0,"LGALS9_CD45","LGALS9 - CD45","GALECTIN","Secreted Signaling","PMID: 30120235","Non-malignant"
"Myeloid-CLEC10A-APC","Mono-FCN1-S100A8-S100A9","LGALS9","PTPRC",0.0557704754671151,0,"LGALS9_CD45","LGALS9 - CD45","GALECTIN","Secreted Signaling","PMID: 30120235","Non-malignant"
"C6-SLC2A1-like","Myeloid-CLEC10A-APC","LGALS9","PTPRC",0.0604705403855494,0,"LGALS9_CD45","LGALS9 - CD45","GALECTIN","Secreted Signaling","PMID: 30120235","Non-malignant"
"C7-APOBEC3A-like","Myeloid-CLEC10A-APC","LGALS9","PTPRC",0.0642202938351022,0,"LGALS9_CD45","LGALS9 - CD45","GALECTIN","Secreted Signaling","PMID: 30120235","Non-malignant"
"Mac-Cycling","Myeloid-CLEC10A-APC","LGALS9","PTPRC",0.0568450322527213,0,"LGALS9_CD45","LGALS9 - CD45","GALECTIN","Secreted Signaling","PMID: 30120235","Non-malignant"
"Mac-FOLR2-LYVE1-resident","Myeloid-CLEC10A-APC","LGALS9","PTPRC",0.0480253492109188,0,"LGALS9_CD45","LGALS9 - CD45","GALECTIN","Secreted Signaling","PMID: 30120235","Non-malignant"
"Mac-OLFML3-CX3CR1-resident","Myeloid-CLEC10A-APC","LGALS9","PTPRC",0.0506481179421232,0,"LGALS9_CD45","LGALS9 - CD45","GALECTIN","Secreted Signaling","PMID: 30120235","Non-malignant"
"Mac-TNF-CCL4-inflammatory","Myeloid-CLEC10A-APC","LGALS9","PTPRC",0.0143856460575131,0.01,"LGALS9_CD45","LGALS9 - CD45","GALECTIN","Secreted Signaling","PMID: 30120235","Non-malignant"
"Mono-FCN1-S100A8-S100A9","Myeloid-CLEC10A-APC","LGALS9","PTPRC",0.0157284821620502,0,"LGALS9_CD45","LGALS9 - CD45","GALECTIN","Secreted Signaling","PMID: 30120235","Non-malignant"
"Myeloid-CLEC10A-APC","Myeloid-CLEC10A-APC","LGALS9","PTPRC",0.0389112357394247,0,"LGALS9_CD45","LGALS9 - CD45","GALECTIN","Secreted Signaling","PMID: 30120235","Non-malignant"
"Myeloid-CLEC10A-APC","C6-SLC2A1-like","LGALS9","HAVCR2",0.0417148478635375,0,"LGALS9_HAVCR2","LGALS9 - HAVCR2","GALECTIN","Secreted Signaling","PMID: 27192565","Non-malignant"
"Myeloid-CLEC10A-APC","Mac-Cycling","LGALS9","HAVCR2",0.0192042847515995,0,"LGALS9_HAVCR2","LGALS9 - HAVCR2","GALECTIN","Secreted Signaling","PMID: 27192565","Non-malignant"
"Myeloid-CLEC10A-APC","Mac-FOLR2-LYVE1-resident","LGALS9","HAVCR2",0.0118524916613137,0,"LGALS9_HAVCR2","LGALS9 - HAVCR2","GALECTIN","Secreted Signaling","PMID: 27192565","Non-malignant"
"Myeloid-CLEC10A-APC","Mac-OLFML3-CX3CR1-resident","LGALS9","HAVCR2",0.0294420679493944,0,"LGALS9_HAVCR2","LGALS9 - HAVCR2","GALECTIN","Secreted Signaling","PMID: 27192565","Non-malignant"
"Myeloid-CLEC10A-APC","Mac-TNF-CCL4-inflammatory","LGALS9","HAVCR2",0.00914895528418491,0,"LGALS9_HAVCR2","LGALS9 - HAVCR2","GALECTIN","Secreted Signaling","PMID: 27192565","Non-malignant"
"C6-SLC2A1-like","Myeloid-CLEC10A-APC","LGALS9","HAVCR2",0.0270887059282472,0,"LGALS9_HAVCR2","LGALS9 - HAVCR2","GALECTIN","Secreted Signaling","PMID: 27192565","Non-malignant"
"C7-APOBEC3A-like","Myeloid-CLEC10A-APC","LGALS9","HAVCR2",0.0288319888220783,0,"LGALS9_HAVCR2","LGALS9 - HAVCR2","GALECTIN","Secreted Signaling","PMID: 27192565","Non-malignant"
"Mac-Cycling","Myeloid-CLEC10A-APC","LGALS9","HAVCR2",0.0254104740137201,0,"LGALS9_HAVCR2","LGALS9 - HAVCR2","GALECTIN","Secreted Signaling","PMID: 27192565","Non-malignant"
"Mac-FOLR2-LYVE1-resident","Myeloid-CLEC10A-APC","LGALS9","HAVCR2",0.0213575178418604,0,"LGALS9_HAVCR2","LGALS9 - HAVCR2","GALECTIN","Secreted Signaling","PMID: 27192565","Non-malignant"
"Mac-OLFML3-CX3CR1-resident","Myeloid-CLEC10A-APC","LGALS9","HAVCR2",0.0225584095398457,0,"LGALS9_HAVCR2","LGALS9 - HAVCR2","GALECTIN","Secreted Signaling","PMID: 27192565","Non-malignant"
"Mac-TNF-CCL4-inflammatory","Myeloid-CLEC10A-APC","LGALS9","HAVCR2",0.00627437406389833,0,"LGALS9_HAVCR2","LGALS9 - HAVCR2","GALECTIN","Secreted Signaling","PMID: 27192565","Non-malignant"
"Mono-FCN1-S100A8-S100A9","Myeloid-CLEC10A-APC","LGALS9","HAVCR2",0.0068653329528185,0,"LGALS9_HAVCR2","LGALS9 - HAVCR2","GALECTIN","Secreted Signaling","PMID: 27192565","Non-malignant"
"Myeloid-CLEC10A-APC","Myeloid-CLEC10A-APC","LGALS9","HAVCR2",0.0172128412257771,0,"LGALS9_HAVCR2","LGALS9 - HAVCR2","GALECTIN","Secreted Signaling","PMID: 27192565","Non-malignant"
"Myeloid-CLEC10A-APC","C6-SLC2A1-like","LGALS9","CD44",0.0427261662000195,0,"LGALS9_CD44","LGALS9 - CD44","GALECTIN","Secreted Signaling","PMID: 25065622","Non-malignant"
"Myeloid-CLEC10A-APC","C7-APOBEC3A-like","LGALS9","CD44",0.0389569053264822,0,"LGALS9_CD44","LGALS9 - CD44","GALECTIN","Secreted Signaling","PMID: 25065622","Non-malignant"
"Myeloid-CLEC10A-APC","Mac-Cycling","LGALS9","CD44",0.0316066746743083,0,"LGALS9_CD44","LGALS9 - CD44","GALECTIN","Secreted Signaling","PMID: 25065622","Non-malignant"
"Myeloid-CLEC10A-APC","Mac-FOLR2-LYVE1-resident","LGALS9","CD44",0.0241416765679873,0,"LGALS9_CD44","LGALS9 - CD44","GALECTIN","Secreted Signaling","PMID: 25065622","Non-malignant"
"Myeloid-CLEC10A-APC","Mac-NUPR1-IGF2-stress","LGALS9","CD44",0.0125452675827852,0,"LGALS9_CD44","LGALS9 - CD44","GALECTIN","Secreted Signaling","PMID: 25065622","Non-malignant"
"Myeloid-CLEC10A-APC","Mac-OLFML3-CX3CR1-resident","LGALS9","CD44",0.0331432270174102,0,"LGALS9_CD44","LGALS9 - CD44","GALECTIN","Secreted Signaling","PMID: 25065622","Non-malignant"
"Myeloid-CLEC10A-APC","Mac-TNF-CCL4-inflammatory","LGALS9","CD44",0.0382821465308312,0,"LGALS9_CD44","LGALS9 - CD44","GALECTIN","Secreted Signaling","PMID: 25065622","Non-malignant"
"Myeloid-CLEC10A-APC","Mono-FCN1-S100A8-S100A9","LGALS9","CD44",0.0608006739233629,0,"LGALS9_CD44","LGALS9 - CD44","GALECTIN","Secreted Signaling","PMID: 25065622","Non-malignant"
"C6-SLC2A1-like","Myeloid-CLEC10A-APC","LGALS9","CD44",0.0784307514145082,0,"LGALS9_CD44","LGALS9 - CD44","GALECTIN","Secreted Signaling","PMID: 25065622","Non-malignant"
"C7-APOBEC3A-like","Myeloid-CLEC10A-APC","LGALS9","CD44",0.0831955912835794,0,"LGALS9_CD44","LGALS9 - CD44","GALECTIN","Secreted Signaling","PMID: 25065622","Non-malignant"
"Mac-Cycling","Myeloid-CLEC10A-APC","LGALS9","CD44",0.0738130375696609,0,"LGALS9_CD44","LGALS9 - CD44","GALECTIN","Secreted Signaling","PMID: 25065622","Non-malignant"
"Mac-FOLR2-LYVE1-resident","Myeloid-CLEC10A-APC","LGALS9","CD44",0.0625352712597154,0,"LGALS9_CD44","LGALS9 - CD44","GALECTIN","Secreted Signaling","PMID: 25065622","Non-malignant"
"Mac-OLFML3-CX3CR1-resident","Myeloid-CLEC10A-APC","LGALS9","CD44",0.0658956072438149,0,"LGALS9_CD44","LGALS9 - CD44","GALECTIN","Secreted Signaling","PMID: 25065622","Non-malignant"
"Mac-TNF-CCL4-inflammatory","Myeloid-CLEC10A-APC","LGALS9","CD44",0.0189341350395162,0,"LGALS9_CD44","LGALS9 - CD44","GALECTIN","Secreted Signaling","PMID: 25065622","Non-malignant"
"Mono-FCN1-S100A8-S100A9","Myeloid-CLEC10A-APC","LGALS9","CD44",0.0206926384305565,0,"LGALS9_CD44","LGALS9 - CD44","GALECTIN","Secreted Signaling","PMID: 25065622","Non-malignant"
"Myeloid-CLEC10A-APC","Myeloid-CLEC10A-APC","LGALS9","CD44",0.0508144906403706,0,"LGALS9_CD44","LGALS9 - CD44","GALECTIN","Secreted Signaling","PMID: 25065622","Non-malignant"
"Myeloid-CLEC10A-APC","C7-APOBEC3A-like","ANXA1","FPR2_LXA4",0.0314298278624542,0,"ANXA1_FPR2_LXA4","ANXA1 - (FPR2+LXA4)","ANNEXIN","Secreted Signaling","PMID: 22610094","Non-malignant"
"Myeloid-CLEC10A-APC","C6-SLC2A1-like","ANXA1","FPR3",0.117880351021552,0,"ANXA1_FPR3","ANXA1 - FPR3","ANNEXIN","Secreted Signaling","PMID: 33082511","Non-malignant"
"Myeloid-CLEC10A-APC","C7-APOBEC3A-like","ANXA1","FPR3",0.0737407941881446,0,"ANXA1_FPR3","ANXA1 - FPR3","ANNEXIN","Secreted Signaling","PMID: 33082511","Non-malignant"
"Myeloid-CLEC10A-APC","Mac-Cycling","ANXA1","FPR3",0.067373788100363,0,"ANXA1_FPR3","ANXA1 - FPR3","ANNEXIN","Secreted Signaling","PMID: 33082511","Non-malignant"
"Myeloid-CLEC10A-APC","Mac-FOLR2-LYVE1-resident","ANXA1","FPR3",0.0690807114579013,0,"ANXA1_FPR3","ANXA1 - FPR3","ANNEXIN","Secreted Signaling","PMID: 33082511","Non-malignant"
"Myeloid-CLEC10A-APC","Mac-OLFML3-CX3CR1-resident","ANXA1","FPR3",0.0618335080051331,0,"ANXA1_FPR3","ANXA1 - FPR3","ANNEXIN","Secreted Signaling","PMID: 33082511","Non-malignant"
"Myeloid-CLEC10A-APC","Mac-TNF-CCL4-inflammatory","ANXA1","FPR3",0.0190002414032962,0,"ANXA1_FPR3","ANXA1 - FPR3","ANNEXIN","Secreted Signaling","PMID: 33082511","Non-malignant"
"C6-SLC2A1-like","Myeloid-CLEC10A-APC","ANXA1","FPR3",0.0429644677705933,0,"ANXA1_FPR3","ANXA1 - FPR3","ANNEXIN","Secreted Signaling","PMID: 33082511","Non-malignant"
"C7-APOBEC3A-like","Myeloid-CLEC10A-APC","ANXA1","FPR3",0.053968671869969,0,"ANXA1_FPR3","ANXA1 - FPR3","ANNEXIN","Secreted Signaling","PMID: 33082511","Non-malignant"
"Mac-Cycling","Myeloid-CLEC10A-APC","ANXA1","FPR3",0.0520844996895667,0,"ANXA1_FPR3","ANXA1 - FPR3","ANNEXIN","Secreted Signaling","PMID: 33082511","Non-malignant"
"Mac-FOLR2-LYVE1-resident","Myeloid-CLEC10A-APC","ANXA1","FPR3",0.0444907717622365,0,"ANXA1_FPR3","ANXA1 - FPR3","ANNEXIN","Secreted Signaling","PMID: 33082511","Non-malignant"
"Mac-NUPR1-IGF2-stress","Myeloid-CLEC10A-APC","ANXA1","FPR3",0.0122455965153328,0,"ANXA1_FPR3","ANXA1 - FPR3","ANNEXIN","Secreted Signaling","PMID: 33082511","Non-malignant"
"Mac-OLFML3-CX3CR1-resident","Myeloid-CLEC10A-APC","ANXA1","FPR3",0.0498104036983638,0,"ANXA1_FPR3","ANXA1 - FPR3","ANNEXIN","Secreted Signaling","PMID: 33082511","Non-malignant"
"Mac-TNF-CCL4-inflammatory","Myeloid-CLEC10A-APC","ANXA1","FPR3",0.0514726593483863,0,"ANXA1_FPR3","ANXA1 - FPR3","ANNEXIN","Secreted Signaling","PMID: 33082511","Non-malignant"
"Mono-FCN1-S100A8-S100A9","Myeloid-CLEC10A-APC","ANXA1","FPR3",0.0561653622404019,0,"ANXA1_FPR3","ANXA1 - FPR3","ANNEXIN","Secreted Signaling","PMID: 33082511","Non-malignant"
"Myeloid-CLEC10A-APC","Myeloid-CLEC10A-APC","ANXA1","FPR3",0.0599259662541113,0,"ANXA1_FPR3","ANXA1 - FPR3","ANNEXIN","Secreted Signaling","PMID: 33082511","Non-malignant"
"Myeloid-CLEC10A-APC","C6-SLC2A1-like","LGALS9","P4HB",0.0428021861478853,0,"LGALS9_P4HB","LGALS9 - P4HB","GALECTIN","Secreted Signaling","PMID:21670307;uniprot","Non-malignant"
"Myeloid-CLEC10A-APC","C7-APOBEC3A-like","LGALS9","P4HB",0.0214604964312405,0,"LGALS9_P4HB","LGALS9 - P4HB","GALECTIN","Secreted Signaling","PMID:21670307;uniprot","Non-malignant"
"Myeloid-CLEC10A-APC","Mac-Cycling","LGALS9","P4HB",0.0383356528521311,0,"LGALS9_P4HB","LGALS9 - P4HB","GALECTIN","Secreted Signaling","PMID:21670307;uniprot","Non-malignant"
"Myeloid-CLEC10A-APC","Mac-FOLR2-LYVE1-resident","LGALS9","P4HB",0.0265472838885097,0,"LGALS9_P4HB","LGALS9 - P4HB","GALECTIN","Secreted Signaling","PMID:21670307;uniprot","Non-malignant"
"Myeloid-CLEC10A-APC","Mac-OLFML3-CX3CR1-resident","LGALS9","P4HB",0.0166304200160026,0,"LGALS9_P4HB","LGALS9 - P4HB","GALECTIN","Secreted Signaling","PMID:21670307;uniprot","Non-malignant"
"Myeloid-CLEC10A-APC","Mac-TNF-CCL4-inflammatory","LGALS9","P4HB",0.0119096186351507,0,"LGALS9_P4HB","LGALS9 - P4HB","GALECTIN","Secreted Signaling","PMID:21670307;uniprot","Non-malignant"
"Myeloid-CLEC10A-APC","Mono-FCN1-S100A8-S100A9","LGALS9","P4HB",0.0104214706226877,0.02,"LGALS9_P4HB","LGALS9 - P4HB","GALECTIN","Secreted Signaling","PMID:21670307;uniprot","Non-malignant"
"C6-SLC2A1-like","Myeloid-CLEC10A-APC","LGALS9","P4HB",0.0393818765467582,0,"LGALS9_P4HB","LGALS9 - P4HB","GALECTIN","Secreted Signaling","PMID:21670307;uniprot","Non-malignant"
"C7-APOBEC3A-like","Myeloid-CLEC10A-APC","LGALS9","P4HB",0.0418822250448271,0,"LGALS9_P4HB","LGALS9 - P4HB","GALECTIN","Secreted Signaling","PMID:21670307;uniprot","Non-malignant"
"Mac-Cycling","Myeloid-CLEC10A-APC","LGALS9","P4HB",0.0369709845446061,0,"LGALS9_P4HB","LGALS9 - P4HB","GALECTIN","Secreted Signaling","PMID:21670307;uniprot","Non-malignant"
"Mac-FOLR2-LYVE1-resident","Myeloid-CLEC10A-APC","LGALS9","P4HB",0.0311330363031443,0,"LGALS9_P4HB","LGALS9 - P4HB","GALECTIN","Secreted Signaling","PMID:21670307;uniprot","Non-malignant"
"Mac-OLFML3-CX3CR1-resident","Myeloid-CLEC10A-APC","LGALS9","P4HB",0.0328651275674553,0,"LGALS9_P4HB","LGALS9 - P4HB","GALECTIN","Secreted Signaling","PMID:21670307;uniprot","Non-malignant"
"Mac-TNF-CCL4-inflammatory","Myeloid-CLEC10A-APC","LGALS9","P4HB",0.0092111876160043,0.01,"LGALS9_P4HB","LGALS9 - P4HB","GALECTIN","Secreted Signaling","PMID:21670307;uniprot","Non-malignant"
"Mono-FCN1-S100A8-S100A9","Myeloid-CLEC10A-APC","LGALS9","P4HB",0.0100759488746323,0,"LGALS9_P4HB","LGALS9 - P4HB","GALECTIN","Secreted Signaling","PMID:21670307;uniprot","Non-malignant"
"Myeloid-CLEC10A-APC","Myeloid-CLEC10A-APC","LGALS9","P4HB",0.0251400385955277,0,"LGALS9_P4HB","LGALS9 - P4HB","GALECTIN","Secreted Signaling","PMID:21670307;uniprot","Non-malignant"
"Myeloid-CLEC10A-APC","C6-SLC2A1-like","PPIA","BSG",0.0599954215980015,0.02,"PPIA_BSG","PPIA - BSG","CypA","Secreted Signaling","PMID: 36012604","Non-malignant"
"Myeloid-CLEC10A-APC","C6-SLC2A1-like","PLAU","PLAUR",0.0138458897811181,0,"PLAU_PLAUR","PLAU - PLAUR","PLAU","Secreted Signaling","uniprot","Non-malignant"
"Myeloid-CLEC10A-APC","C7-APOBEC3A-like","PLAU","PLAUR",0.00879893444982402,0,"PLAU_PLAUR","PLAU - PLAUR","PLAU","Secreted Signaling","uniprot","Non-malignant"
"Myeloid-CLEC10A-APC","Mac-Cycling","PLAU","PLAUR",0.00742816759367826,0,"PLAU_PLAUR","PLAU - PLAUR","PLAU","Secreted Signaling","uniprot","Non-malignant"
"Myeloid-CLEC10A-APC","Mac-FOLR2-LYVE1-resident","PLAU","PLAUR",0.00757299725428542,0,"PLAU_PLAUR","PLAU - PLAUR","PLAU","Secreted Signaling","uniprot","Non-malignant"
"Myeloid-CLEC10A-APC","Mac-OLFML3-CX3CR1-resident","PLAU","PLAUR",0.00926109445183409,0,"PLAU_PLAUR","PLAU - PLAUR","PLAU","Secreted Signaling","uniprot","Non-malignant"
"Myeloid-CLEC10A-APC","Mac-TNF-CCL4-inflammatory","PLAU","PLAUR",0.0204595126726529,0,"PLAU_PLAUR","PLAU - PLAUR","PLAU","Secreted Signaling","uniprot","Non-malignant"
"Myeloid-CLEC10A-APC","Mono-FCN1-S100A8-S100A9","PLAU","PLAUR",0.0101276451135597,0,"PLAU_PLAUR","PLAU - PLAUR","PLAU","Secreted Signaling","uniprot","Non-malignant"
"C6-SLC2A1-like","Myeloid-CLEC10A-APC","PLAU","PLAUR",0.0233606180087602,0,"PLAU_PLAUR","PLAU - PLAUR","PLAU","Secreted Signaling","uniprot","Non-malignant"
"C7-APOBEC3A-like","Myeloid-CLEC10A-APC","PLAU","PLAUR",0.00254441061285479,0,"PLAU_PLAUR","PLAU - PLAUR","PLAU","Secreted Signaling","uniprot","Non-malignant"
"Mac-Cycling","Myeloid-CLEC10A-APC","PLAU","PLAUR",0.0131501151665964,0,"PLAU_PLAUR","PLAU - PLAUR","PLAU","Secreted Signaling","uniprot","Non-malignant"
"Mac-FOLR2-LYVE1-resident","Myeloid-CLEC10A-APC","PLAU","PLAUR",0.0214671123248271,0,"PLAU_PLAUR","PLAU - PLAUR","PLAU","Secreted Signaling","uniprot","Non-malignant"
"Mac-OLFML3-CX3CR1-resident","Myeloid-CLEC10A-APC","PLAU","PLAUR",0.0263858025290504,0,"PLAU_PLAUR","PLAU - PLAUR","PLAU","Secreted Signaling","uniprot","Non-malignant"
"Mac-TNF-CCL4-inflammatory","Myeloid-CLEC10A-APC","PLAU","PLAUR",0.0441077322934251,0,"PLAU_PLAUR","PLAU - PLAUR","PLAU","Secreted Signaling","uniprot","Non-malignant"
"Myeloid-CLEC10A-APC","Myeloid-CLEC10A-APC","PLAU","PLAUR",0.0165141275252974,0,"PLAU_PLAUR","PLAU - PLAUR","PLAU","Secreted Signaling","uniprot","Non-malignant"
"C7-APOBEC3A-like","Myeloid-CLEC10A-APC","FN1","ITGAV_ITGB1",0.00900845871082156,0,"FN1_ITGAV_ITGB1","FN1 - (ITGAV+ITGB1)","FN1","ECM-Receptor","KEGG: hsa04512","Non-malignant"
"Mac-Cycling","Myeloid-CLEC10A-APC","FN1","ITGAV_ITGB1",0.00534391004402969,0.03,"FN1_ITGAV_ITGB1","FN1 - (ITGAV+ITGB1)","FN1","ECM-Receptor","KEGG: hsa04512","Non-malignant"
"Myeloid-CLEC10A-APC","Mono-FCN1-S100A8-S100A9","FN1","CD44",0.01168107126824,0.02,"FN1_CD44","FN1 - CD44","FN1","ECM-Receptor","KEGG: hsa04512","Non-malignant"
"C7-APOBEC3A-like","Myeloid-CLEC10A-APC","FN1","CD44",0.0490674769462116,0,"FN1_CD44","FN1 - CD44","FN1","ECM-Receptor","KEGG: hsa04512","Non-malignant"
"Mac-Cycling","Myeloid-CLEC10A-APC","FN1","CD44",0.0295939654644085,0,"FN1_CD44","FN1 - CD44","FN1","ECM-Receptor","KEGG: hsa04512","Non-malignant"
"Mac-OLFML3-CX3CR1-resident","Myeloid-CLEC10A-APC","FN1","CD44",0.0213941428445791,0,"FN1_CD44","FN1 - CD44","FN1","ECM-Receptor","KEGG: hsa04512","Non-malignant"
"Mac-TNF-CCL4-inflammatory","Myeloid-CLEC10A-APC","FN1","CD44",0.0190709792428046,0,"FN1_CD44","FN1 - CD44","FN1","ECM-Receptor","KEGG: hsa04512","Non-malignant"
"Mac-FOLR2-LYVE1-resident","Myeloid-CLEC10A-APC","COL1A1","CD44",0.0175876090064637,0,"COL1A1_CD44","COL1A1 - CD44","COLLAGEN","ECM-Receptor","KEGG: hsa04512","Non-malignant"
"Mac-FOLR2-LYVE1-resident","Myeloid-CLEC10A-APC","COL1A2","CD44",0.0167864168181612,0,"COL1A2_CD44","COL1A2 - CD44","COLLAGEN","ECM-Receptor","KEGG: hsa04512","Non-malignant"
"Myeloid-CLEC10A-APC","C6-SLC2A1-like","THBS1","CD36",0.0526268130972901,0,"THBS1_CD36","THBS1 - CD36","THBS","ECM-Receptor","KEGG: hsa04512","Non-malignant"
"Myeloid-CLEC10A-APC","C7-APOBEC3A-like","THBS1","CD36",0.00669149616325746,0,"THBS1_CD36","THBS1 - CD36","THBS","ECM-Receptor","KEGG: hsa04512","Non-malignant"
"Myeloid-CLEC10A-APC","Mac-Cycling","THBS1","CD36",0.0043642151990145,0,"THBS1_CD36","THBS1 - CD36","THBS","ECM-Receptor","KEGG: hsa04512","Non-malignant"
"Myeloid-CLEC10A-APC","Mac-FOLR2-LYVE1-resident","THBS1","CD36",0.0084522282949296,0,"THBS1_CD36","THBS1 - CD36","THBS","ECM-Receptor","KEGG: hsa04512","Non-malignant"
"Myeloid-CLEC10A-APC","Mac-TNF-CCL4-inflammatory","THBS1","CD36",0.00854737323384783,0,"THBS1_CD36","THBS1 - CD36","THBS","ECM-Receptor","KEGG: hsa04512","Non-malignant"
"Myeloid-CLEC10A-APC","Mono-FCN1-S100A8-S100A9","THBS1","CD36",0.0292833840686373,0,"THBS1_CD36","THBS1 - CD36","THBS","ECM-Receptor","KEGG: hsa04512","Non-malignant"
"C6-SLC2A1-like","Myeloid-CLEC10A-APC","THBS1","CD36",0.00981709329661472,0,"THBS1_CD36","THBS1 - CD36","THBS","ECM-Receptor","KEGG: hsa04512","Non-malignant"
"C7-APOBEC3A-like","Myeloid-CLEC10A-APC","THBS1","CD36",0.00260903185228923,0,"THBS1_CD36","THBS1 - CD36","THBS","ECM-Receptor","KEGG: hsa04512","Non-malignant"
"Mac-TNF-CCL4-inflammatory","Myeloid-CLEC10A-APC","THBS1","CD36",0.00580938902686157,0,"THBS1_CD36","THBS1 - CD36","THBS","ECM-Receptor","KEGG: hsa04512","Non-malignant"
"Mono-FCN1-S100A8-S100A9","Myeloid-CLEC10A-APC","THBS1","CD36",0.00774283596845291,0,"THBS1_CD36","THBS1 - CD36","THBS","ECM-Receptor","KEGG: hsa04512","Non-malignant"
"Myeloid-CLEC10A-APC","Myeloid-CLEC10A-APC","THBS1","CD36",0.00796993986730382,0,"THBS1_CD36","THBS1 - CD36","THBS","ECM-Receptor","KEGG: hsa04512","Non-malignant"
"Myeloid-CLEC10A-APC","C6-SLC2A1-like","THBS1","CD47",0.0267159613404683,0,"THBS1_CD47","THBS1 - CD47","THBS","ECM-Receptor","KEGG: hsa04512","Non-malignant"
"Myeloid-CLEC10A-APC","C7-APOBEC3A-like","THBS1","CD47",0.00675701599312272,0,"THBS1_CD47","THBS1 - CD47","THBS","ECM-Receptor","KEGG: hsa04512","Non-malignant"
"Myeloid-CLEC10A-APC","Mac-Cycling","THBS1","CD47",0.0143578497323056,0,"THBS1_CD47","THBS1 - CD47","THBS","ECM-Receptor","KEGG: hsa04512","Non-malignant"
"Myeloid-CLEC10A-APC","Mac-FOLR2-LYVE1-resident","THBS1","CD47",0.00749788709774849,0,"THBS1_CD47","THBS1 - CD47","THBS","ECM-Receptor","KEGG: hsa04512","Non-malignant"
"Myeloid-CLEC10A-APC","Mac-OLFML3-CX3CR1-resident","THBS1","CD47",0.0131203096825413,0,"THBS1_CD47","THBS1 - CD47","THBS","ECM-Receptor","KEGG: hsa04512","Non-malignant"
"C6-SLC2A1-like","Myeloid-CLEC10A-APC","THBS1","CD47",0.0106130161508064,0,"THBS1_CD47","THBS1 - CD47","THBS","ECM-Receptor","KEGG: hsa04512","Non-malignant"
"Mac-TNF-CCL4-inflammatory","Myeloid-CLEC10A-APC","THBS1","CD47",0.00628244800052036,0.03,"THBS1_CD47","THBS1 - CD47","THBS","ECM-Receptor","KEGG: hsa04512","Non-malignant"
"Mono-FCN1-S100A8-S100A9","Myeloid-CLEC10A-APC","THBS1","CD47",0.00837200987069393,0,"THBS1_CD47","THBS1 - CD47","THBS","ECM-Receptor","KEGG: hsa04512","Non-malignant"
"Myeloid-CLEC10A-APC","Myeloid-CLEC10A-APC","THBS1","CD47",0.0086174077015974,0,"THBS1_CD47","THBS1 - CD47","THBS","ECM-Receptor","KEGG: hsa04512","Non-malignant"
"C6-SLC2A1-like","Myeloid-CLEC10A-APC","LTB4-LTA4H","LTB4R",0.000495345535340018,0,"LTB4-LTA4H_LTB4R1","LTB4-LTA4H - LTB4R","CysLTs","Non-protein Signaling","PMID:33753496","Non-malignant"
"C7-APOBEC3A-like","Myeloid-CLEC10A-APC","LTB4-LTA4H","LTB4R",0.00306720503199303,0,"LTB4-LTA4H_LTB4R1","LTB4-LTA4H - LTB4R","CysLTs","Non-protein Signaling","PMID:33753496","Non-malignant"
"Mac-Cycling","Myeloid-CLEC10A-APC","LTB4-LTA4H","LTB4R",0.000292229164718916,0,"LTB4-LTA4H_LTB4R1","LTB4-LTA4H - LTB4R","CysLTs","Non-protein Signaling","PMID:33753496","Non-malignant"
"Mono-FCN1-S100A8-S100A9","Myeloid-CLEC10A-APC","LTB4-LTA4H","LTB4R",0.000836394957502171,0,"LTB4-LTA4H_LTB4R1","LTB4-LTA4H - LTB4R","CysLTs","Non-protein Signaling","PMID:33753496","Non-malignant"
"Myeloid-CLEC10A-APC","Myeloid-CLEC10A-APC","LTB4-LTA4H","LTB4R",0.000527258520742168,0,"LTB4-LTA4H_LTB4R1","LTB4-LTA4H - LTB4R","CysLTs","Non-protein Signaling","PMID:33753496","Non-malignant"
"Myeloid-CLEC10A-APC","C6-SLC2A1-like","PGE2-PTGES2","PTGER2",0.000848560036597689,0,"PGE2-PTGES2_PTGER2","PGE2-PTGES2 - PTGER2","Prostaglandin","Non-protein Signaling","PMID: 34949672;PMID: 21508345","Non-malignant"
"Myeloid-CLEC10A-APC","C7-APOBEC3A-like","PGE2-PTGES2","PTGER2",0.000993652067763957,0,"PGE2-PTGES2_PTGER2","PGE2-PTGES2 - PTGER2","Prostaglandin","Non-protein Signaling","PMID: 34949672;PMID: 21508345","Non-malignant"
"C6-SLC2A1-like","Myeloid-CLEC10A-APC","PGE2-PTGES2","PTGER2",0.00101733301842814,0,"PGE2-PTGES2_PTGER2","PGE2-PTGES2 - PTGER2","Prostaglandin","Non-protein Signaling","PMID: 34949672;PMID: 21508345","Non-malignant"
"Mac-Cycling","Myeloid-CLEC10A-APC","PGE2-PTGES2","PTGER2",0.000378315433461079,0,"PGE2-PTGES2_PTGER2","PGE2-PTGES2 - PTGER2","Prostaglandin","Non-protein Signaling","PMID: 34949672;PMID: 21508345","Non-malignant"
"Mac-OLFML3-CX3CR1-resident","Myeloid-CLEC10A-APC","PGE2-PTGES2","PTGER2",0.000385978417989857,0,"PGE2-PTGES2_PTGER2","PGE2-PTGES2 - PTGER2","Prostaglandin","Non-protein Signaling","PMID: 34949672;PMID: 21508345","Non-malignant"
"Myeloid-CLEC10A-APC","Myeloid-CLEC10A-APC","PGE2-PTGES2","PTGER2",0.000881875230082141,0,"PGE2-PTGES2_PTGER2","PGE2-PTGES2 - PTGER2","Prostaglandin","Non-protein Signaling","PMID: 34949672;PMID: 21508345","Non-malignant"
"Myeloid-CLEC10A-APC","C6-SLC2A1-like","PGE2-PTGES3","PTGER2",0.00829450699022977,0,"PGE2-PTGES3_PTGER2","PGE2-PTGES3 - PTGER2","Prostaglandin","Non-protein Signaling","PMID: 34949672;PMID: 21508345","Non-malignant"
"Myeloid-CLEC10A-APC","C7-APOBEC3A-like","PGE2-PTGES3","PTGER2",0.00970039239570146,0.01,"PGE2-PTGES3_PTGER2","PGE2-PTGES3 - PTGER2","Prostaglandin","Non-protein Signaling","PMID: 34949672;PMID: 21508345","Non-malignant"
"C6-SLC2A1-like","Myeloid-CLEC10A-APC","PGE2-PTGES3","PTGER2",0.00805552662094238,0.01,"PGE2-PTGES3_PTGER2","PGE2-PTGES3 - PTGER2","Prostaglandin","Non-protein Signaling","PMID: 34949672;PMID: 21508345","Non-malignant"
"C7-APOBEC3A-like","Myeloid-CLEC10A-APC","PGE2-PTGES3","PTGER2",0.007371059318841,0.01,"PGE2-PTGES3_PTGER2","PGE2-PTGES3 - PTGER2","Prostaglandin","Non-protein Signaling","PMID: 34949672;PMID: 21508345","Non-malignant"
"Mac-Cycling","Myeloid-CLEC10A-APC","PGE2-PTGES3","PTGER2",0.00905383507174658,0,"PGE2-PTGES3_PTGER2","PGE2-PTGES3 - PTGER2","Prostaglandin","Non-protein Signaling","PMID: 34949672;PMID: 21508345","Non-malignant"
"Mac-FOLR2-LYVE1-resident","Myeloid-CLEC10A-APC","PGE2-PTGES3","PTGER2",0.005491146302746,0.03,"PGE2-PTGES3_PTGER2","PGE2-PTGES3 - PTGER2","Prostaglandin","Non-protein Signaling","PMID: 34949672;PMID: 21508345","Non-malignant"
"Mac-NUPR1-IGF2-stress","Myeloid-CLEC10A-APC","PGE2-PTGES3","PTGER2",0.00195718243148151,0.03,"PGE2-PTGES3_PTGER2","PGE2-PTGES3 - PTGER2","Prostaglandin","Non-protein Signaling","PMID: 34949672;PMID: 21508345","Non-malignant"
"Mac-OLFML3-CX3CR1-resident","Myeloid-CLEC10A-APC","PGE2-PTGES3","PTGER2",0.0079321727370329,0.01,"PGE2-PTGES3_PTGER2","PGE2-PTGES3 - PTGER2","Prostaglandin","Non-protein Signaling","PMID: 34949672;PMID: 21508345","Non-malignant"
"Mac-TNF-CCL4-inflammatory","Myeloid-CLEC10A-APC","PGE2-PTGES3","PTGER2",0.00224003355616431,0.03,"PGE2-PTGES3_PTGER2","PGE2-PTGES3 - PTGER2","Prostaglandin","Non-protein Signaling","PMID: 34949672;PMID: 21508345","Non-malignant"
"Mono-FCN1-S100A8-S100A9","Myeloid-CLEC10A-APC","PGE2-PTGES3","PTGER2",0.0019006128731718,0.03,"PGE2-PTGES3_PTGER2","PGE2-PTGES3 - PTGER2","Prostaglandin","Non-protein Signaling","PMID: 34949672;PMID: 21508345","Non-malignant"
"Myeloid-CLEC10A-APC","Myeloid-CLEC10A-APC","PGE2-PTGES3","PTGER2",0.00861763506611548,0,"PGE2-PTGES3_PTGER2","PGE2-PTGES3 - PTGER2","Prostaglandin","Non-protein Signaling","PMID: 34949672;PMID: 21508345","Non-malignant"
"Myeloid-CLEC10A-APC","C6-SLC2A1-like","PGE2-PTGES2","PTGER4",0.00106823124945105,0,"PGE2-PTGES2_PTGER4","PGE2-PTGES2 - PTGER4","Prostaglandin","Non-protein Signaling","PMID: 34949672;PMID: 21508345","Non-malignant"
"Myeloid-CLEC10A-APC","C7-APOBEC3A-like","PGE2-PTGES2","PTGER4",0.00394069633944793,0,"PGE2-PTGES2_PTGER4","PGE2-PTGES2 - PTGER4","Prostaglandin","Non-protein Signaling","PMID: 34949672;PMID: 21508345","Non-malignant"
"Myeloid-CLEC10A-APC","Mac-Cycling","PGE2-PTGES2","PTGER4",0.00103582144536591,0,"PGE2-PTGES2_PTGER4","PGE2-PTGES2 - PTGER4","Prostaglandin","Non-protein Signaling","PMID: 34949672;PMID: 21508345","Non-malignant"
"Myeloid-CLEC10A-APC","Mac-FOLR2-LYVE1-resident","PGE2-PTGES2","PTGER4",0.000415978265780149,0.01,"PGE2-PTGES2_PTGER4","PGE2-PTGES2 - PTGER4","Prostaglandin","Non-protein Signaling","PMID: 34949672;PMID: 21508345","Non-malignant"
"Myeloid-CLEC10A-APC","Mac-OLFML3-CX3CR1-resident","PGE2-PTGES2","PTGER4",0.00337602669876324,0,"PGE2-PTGES2_PTGER4","PGE2-PTGES2 - PTGER4","Prostaglandin","Non-protein Signaling","PMID: 34949672;PMID: 21508345","Non-malignant"
"C6-SLC2A1-like","Myeloid-CLEC10A-APC","PGE2-PTGES2","PTGER4",0.0043263292840545,0,"PGE2-PTGES2_PTGER4","PGE2-PTGES2 - PTGER4","Prostaglandin","Non-protein Signaling","PMID: 34949672;PMID: 21508345","Non-malignant"
"Mac-Cycling","Myeloid-CLEC10A-APC","PGE2-PTGES2","PTGER4",0.00161218554552188,0,"PGE2-PTGES2_PTGER4","PGE2-PTGES2 - PTGER4","Prostaglandin","Non-protein Signaling","PMID: 34949672;PMID: 21508345","Non-malignant"
"Mac-OLFML3-CX3CR1-resident","Myeloid-CLEC10A-APC","PGE2-PTGES2","PTGER4",0.00164480011558931,0,"PGE2-PTGES2_PTGER4","PGE2-PTGES2 - PTGER4","Prostaglandin","Non-protein Signaling","PMID: 34949672;PMID: 21508345","Non-malignant"
"Myeloid-CLEC10A-APC","Myeloid-CLEC10A-APC","PGE2-PTGES2","PTGER4",0.00375193373551732,0,"PGE2-PTGES2_PTGER4","PGE2-PTGES2 - PTGER4","Prostaglandin","Non-protein Signaling","PMID: 34949672;PMID: 21508345","Non-malignant"
"Myeloid-CLEC10A-APC","C6-SLC2A1-like","PGE2-PTGES3","PTGER4",0.010421644242707,0.03,"PGE2-PTGES3_PTGER4","PGE2-PTGES3 - PTGER4","Prostaglandin","Non-protein Signaling","PMID: 34949672;PMID: 21508345","Non-malignant"
"Myeloid-CLEC10A-APC","C7-APOBEC3A-like","PGE2-PTGES3","PTGER4",0.037501150853739,0,"PGE2-PTGES3_PTGER4","PGE2-PTGES3 - PTGER4","Prostaglandin","Non-protein Signaling","PMID: 34949672;PMID: 21508345","Non-malignant"
"Myeloid-CLEC10A-APC","Mac-Cycling","PGE2-PTGES3","PTGER4",0.0101083264003909,0.03,"PGE2-PTGES3_PTGER4","PGE2-PTGES3 - PTGER4","Prostaglandin","Non-protein Signaling","PMID: 34949672;PMID: 21508345","Non-malignant"
"Myeloid-CLEC10A-APC","Mac-FOLR2-LYVE1-resident","PGE2-PTGES3","PTGER4",0.00408161172187103,0.03,"PGE2-PTGES3_PTGER4","PGE2-PTGES3 - PTGER4","Prostaglandin","Non-protein Signaling","PMID: 34949672;PMID: 21508345","Non-malignant"
"Myeloid-CLEC10A-APC","Mac-OLFML3-CX3CR1-resident","PGE2-PTGES3","PTGER4",0.0322834049847492,0,"PGE2-PTGES3_PTGER4","PGE2-PTGES3 - PTGER4","Prostaglandin","Non-protein Signaling","PMID: 34949672;PMID: 21508345","Non-malignant"
"C6-SLC2A1-like","Myeloid-CLEC10A-APC","PGE2-PTGES3","PTGER4",0.0334896378209227,0,"PGE2-PTGES3_PTGER4","PGE2-PTGES3 - PTGER4","Prostaglandin","Non-protein Signaling","PMID: 34949672;PMID: 21508345","Non-malignant"
"C7-APOBEC3A-like","Myeloid-CLEC10A-APC","PGE2-PTGES3","PTGER4",0.0307109767207732,0,"PGE2-PTGES3_PTGER4","PGE2-PTGES3 - PTGER4","Prostaglandin","Non-protein Signaling","PMID: 34949672;PMID: 21508345","Non-malignant"
"Mac-Cycling","Myeloid-CLEC10A-APC","PGE2-PTGES3","PTGER4",0.0375207286595105,0,"PGE2-PTGES3_PTGER4","PGE2-PTGES3 - PTGER4","Prostaglandin","Non-protein Signaling","PMID: 34949672;PMID: 21508345","Non-malignant"
"Mac-FOLR2-LYVE1-resident","Myeloid-CLEC10A-APC","PGE2-PTGES3","PTGER4",0.0230164828087742,0,"PGE2-PTGES3_PTGER4","PGE2-PTGES3 - PTGER4","Prostaglandin","Non-protein Signaling","PMID: 34949672;PMID: 21508345","Non-malignant"
"Mac-NUPR1-IGF2-stress","Myeloid-CLEC10A-APC","PGE2-PTGES3","PTGER4",0.00829775850468671,0.03,"PGE2-PTGES3_PTGER4","PGE2-PTGES3 - PTGER4","Prostaglandin","Non-protein Signaling","PMID: 34949672;PMID: 21508345","Non-malignant"
"Mac-OLFML3-CX3CR1-resident","Myeloid-CLEC10A-APC","PGE2-PTGES3","PTGER4",0.0329897655493877,0,"PGE2-PTGES3_PTGER4","PGE2-PTGES3 - PTGER4","Prostaglandin","Non-protein Signaling","PMID: 34949672;PMID: 21508345","Non-malignant"
"Mac-TNF-CCL4-inflammatory","Myeloid-CLEC10A-APC","PGE2-PTGES3","PTGER4",0.00948823535857734,0.01,"PGE2-PTGES3_PTGER4","PGE2-PTGES3 - PTGER4","Prostaglandin","Non-protein Signaling","PMID: 34949672;PMID: 21508345","Non-malignant"
"Mono-FCN1-S100A8-S100A9","Myeloid-CLEC10A-APC","PGE2-PTGES3","PTGER4",0.0080594035708761,0.03,"PGE2-PTGES3_PTGER4","PGE2-PTGES3 - PTGER4","Prostaglandin","Non-protein Signaling","PMID: 34949672;PMID: 21508345","Non-malignant"
"Myeloid-CLEC10A-APC","Myeloid-CLEC10A-APC","PGE2-PTGES3","PTGER4",0.0357625331556087,0,"PGE2-PTGES3_PTGER4","PGE2-PTGES3 - PTGER4","Prostaglandin","Non-protein Signaling","PMID: 34949672;PMID: 21508345","Non-malignant"
"Myeloid-CLEC10A-APC","Mac-Cycling","DHEAS-SULT2B","PPARD",0.000798877779412553,0,"DHEAsulfate-DHEAS-SULT2B_PPARD","DHEAS-SULT2B - PPARD","DHEAS","Non-protein Signaling","HMRbase","Non-malignant"
"C6-SLC2A1-like","Myeloid-CLEC10A-APC","DHEAS-SULT2B","PPARD",0.000806162861354162,0,"DHEAsulfate-DHEAS-SULT2B_PPARD","DHEAS-SULT2B - PPARD","DHEAS","Non-protein Signaling","HMRbase","Non-malignant"
"C7-APOBEC3A-like","Myeloid-CLEC10A-APC","DHEAS-SULT2B","PPARD",0.000132546204814408,0,"DHEAsulfate-DHEAS-SULT2B_PPARD","DHEAS-SULT2B - PPARD","DHEAS","Non-protein Signaling","HMRbase","Non-malignant"
"Mac-Cycling","Myeloid-CLEC10A-APC","DHEAS-SULT2B","PPARD",0.000577382192723194,0,"DHEAsulfate-DHEAS-SULT2B_PPARD","DHEAS-SULT2B - PPARD","DHEAS","Non-protein Signaling","HMRbase","Non-malignant"
"Mac-FOLR2-LYVE1-resident","Myeloid-CLEC10A-APC","DHEAS-SULT2B","PPARD",0.000531495009342902,0,"DHEAsulfate-DHEAS-SULT2B_PPARD","DHEAS-SULT2B - PPARD","DHEAS","Non-protein Signaling","HMRbase","Non-malignant"
"Mac-OLFML3-CX3CR1-resident","Myeloid-CLEC10A-APC","DHEAS-SULT2B","PPARD",0.000664033019881147,0,"DHEAsulfate-DHEAS-SULT2B_PPARD","DHEAS-SULT2B - PPARD","DHEAS","Non-protein Signaling","HMRbase","Non-malignant"
"Mono-FCN1-S100A8-S100A9","Myeloid-CLEC10A-APC","DHEAS-SULT2B","PPARD",0.00150290279330954,0,"DHEAsulfate-DHEAS-SULT2B_PPARD","DHEAS-SULT2B - PPARD","DHEAS","Non-protein Signaling","HMRbase","Non-malignant"
"Myeloid-CLEC10A-APC","Myeloid-CLEC10A-APC","DHEAS-SULT2B","PPARD",0.000825844450749957,0,"DHEAsulfate-DHEAS-SULT2B_PPARD","DHEAS-SULT2B - PPARD","DHEAS","Non-protein Signaling","HMRbase","Non-malignant"
"Myeloid-CLEC10A-APC","C6-SLC2A1-like","DHEAS-SULT2B","PPARG",0.00133634159744851,0,"DHEAsulfate-DHEAS-SULT2B_PPARG","DHEAS-SULT2B - PPARG","DHEAS","Non-protein Signaling","HMRbase","Non-malignant"
"C6-SLC2A1-like","Myeloid-CLEC10A-APC","APP","CD74",0.0710663986842361,0,"APP_CD74","APP - CD74","APP","Cell-Cell Contact","PMID: 19849849","Non-malignant"
"Mac-Cycling","Myeloid-CLEC10A-APC","APP","CD74",0.0271264983014264,0.03,"APP_CD74","APP - CD74","APP","Cell-Cell Contact","PMID: 19849849","Non-malignant"
"Mac-FOLR2-LYVE1-resident","Myeloid-CLEC10A-APC","APP","CD74",0.0350842958684911,0,"APP_CD74","APP - CD74","APP","Cell-Cell Contact","PMID: 19849849","Non-malignant"
"Mac-TNF-CCL4-inflammatory","Myeloid-CLEC10A-APC","APP","CD74",0.0461593473512561,0,"APP_CD74","APP - CD74","APP","Cell-Cell Contact","PMID: 19849849","Non-malignant"
"Myeloid-CLEC10A-APC","C6-SLC2A1-like","ENTPD1","TMIGD3",0.0015681575298998,0,"ENTPD1_TMIGD3","ENTPD1 - TMIGD3","CD39","Cell-Cell Contact","PMID: 21677139","Non-malignant"
"Myeloid-CLEC10A-APC","Mac-Cycling","ENTPD1","TMIGD3",0.000411203262221787,0,"ENTPD1_TMIGD3","ENTPD1 - TMIGD3","CD39","Cell-Cell Contact","PMID: 21677139","Non-malignant"
"Myeloid-CLEC10A-APC","C6-SLC2A1-like","PTPRC","MRC1",0.0889257058428383,0,"PTPRC_MRC1","PTPRC - MRC1","CD45","Cell-Cell Contact","PMID: 27601670; PMID: 10575006","Non-malignant"
"Myeloid-CLEC10A-APC","Mac-Cycling","PTPRC","MRC1",0.0435515190818696,0,"PTPRC_MRC1","PTPRC - MRC1","CD45","Cell-Cell Contact","PMID: 27601670; PMID: 10575006","Non-malignant"
"Myeloid-CLEC10A-APC","Mac-FOLR2-LYVE1-resident","PTPRC","MRC1",0.0899632721161038,0,"PTPRC_MRC1","PTPRC - MRC1","CD45","Cell-Cell Contact","PMID: 27601670; PMID: 10575006","Non-malignant"
"Myeloid-CLEC10A-APC","Mac-OLFML3-CX3CR1-resident","PTPRC","MRC1",0.0260333596523512,0,"PTPRC_MRC1","PTPRC - MRC1","CD45","Cell-Cell Contact","PMID: 27601670; PMID: 10575006","Non-malignant"
"Myeloid-CLEC10A-APC","Mac-TNF-CCL4-inflammatory","PTPRC","MRC1",0.0188935363158467,0,"PTPRC_MRC1","PTPRC - MRC1","CD45","Cell-Cell Contact","PMID: 27601670; PMID: 10575006","Non-malignant"
"C6-SLC2A1-like","Myeloid-CLEC10A-APC","PTPRC","MRC1",0.0135962395989794,0,"PTPRC_MRC1","PTPRC - MRC1","CD45","Cell-Cell Contact","PMID: 27601670; PMID: 10575006","Non-malignant"
"C7-APOBEC3A-like","Myeloid-CLEC10A-APC","PTPRC","MRC1",0.0236201154616251,0,"PTPRC_MRC1","PTPRC - MRC1","CD45","Cell-Cell Contact","PMID: 27601670; PMID: 10575006","Non-malignant"
"Mac-Cycling","Myeloid-CLEC10A-APC","PTPRC","MRC1",0.017127996330243,0,"PTPRC_MRC1","PTPRC - MRC1","CD45","Cell-Cell Contact","PMID: 27601670; PMID: 10575006","Non-malignant"
"Mac-FOLR2-LYVE1-resident","Myeloid-CLEC10A-APC","PTPRC","MRC1",0.014607819904283,0,"PTPRC_MRC1","PTPRC - MRC1","CD45","Cell-Cell Contact","PMID: 27601670; PMID: 10575006","Non-malignant"
"Mac-OLFML3-CX3CR1-resident","Myeloid-CLEC10A-APC","PTPRC","MRC1",0.02190438793228,0,"PTPRC_MRC1","PTPRC - MRC1","CD45","Cell-Cell Contact","PMID: 27601670; PMID: 10575006","Non-malignant"
"Mac-TNF-CCL4-inflammatory","Myeloid-CLEC10A-APC","PTPRC","MRC1",0.0131398234111972,0,"PTPRC_MRC1","PTPRC - MRC1","CD45","Cell-Cell Contact","PMID: 27601670; PMID: 10575006","Non-malignant"
"Mono-FCN1-S100A8-S100A9","Myeloid-CLEC10A-APC","PTPRC","MRC1",0.0248112651902382,0,"PTPRC_MRC1","PTPRC - MRC1","CD45","Cell-Cell Contact","PMID: 27601670; PMID: 10575006","Non-malignant"
"Myeloid-CLEC10A-APC","Myeloid-CLEC10A-APC","PTPRC","MRC1",0.0171410019761256,0,"PTPRC_MRC1","PTPRC - MRC1","CD45","Cell-Cell Contact","PMID: 27601670; PMID: 10575006","Non-malignant"
"Myeloid-CLEC10A-APC","C6-SLC2A1-like","CD86","CD28",0.022467439985601,0,"CD86_CD28","CD86 - CD28","CD86","Cell-Cell Contact","PMID: 23954143","Non-malignant"
"Myeloid-CLEC10A-APC","C6-SLC2A1-like","CD99","PILRA",0.0106137785258677,0,"CD99_PILRA","CD99 - PILRA","CD99","Cell-Cell Contact","PMID: 18234675","Non-malignant"
"Myeloid-CLEC10A-APC","C7-APOBEC3A-like","CD99","PILRA",0.0234213162407493,0,"CD99_PILRA","CD99 - PILRA","CD99","Cell-Cell Contact","PMID: 18234675","Non-malignant"
"Myeloid-CLEC10A-APC","Mac-FOLR2-LYVE1-resident","CD99","PILRA",0.00418155713392029,0,"CD99_PILRA","CD99 - PILRA","CD99","Cell-Cell Contact","PMID: 18234675","Non-malignant"
"Myeloid-CLEC10A-APC","Mac-OLFML3-CX3CR1-resident","CD99","PILRA",0.0139533830281704,0,"CD99_PILRA","CD99 - PILRA","CD99","Cell-Cell Contact","PMID: 18234675","Non-malignant"
"Myeloid-CLEC10A-APC","Mono-FCN1-S100A8-S100A9","CD99","PILRA",0.00577977610268192,0,"CD99_PILRA","CD99 - PILRA","CD99","Cell-Cell Contact","PMID: 18234675","Non-malignant"
"C6-SLC2A1-like","Myeloid-CLEC10A-APC","CD99","PILRA",0.0157365107294858,0,"CD99_PILRA","CD99 - PILRA","CD99","Cell-Cell Contact","PMID: 18234675","Non-malignant"
"C7-APOBEC3A-like","Myeloid-CLEC10A-APC","CD99","PILRA",0.00934123551752242,0,"CD99_PILRA","CD99 - PILRA","CD99","Cell-Cell Contact","PMID: 18234675","Non-malignant"
"Mac-Cycling","Myeloid-CLEC10A-APC","CD99","PILRA",0.0204804633517325,0,"CD99_PILRA","CD99 - PILRA","CD99","Cell-Cell Contact","PMID: 18234675","Non-malignant"
"Mac-FOLR2-LYVE1-resident","Myeloid-CLEC10A-APC","CD99","PILRA",0.0143716043874691,0,"CD99_PILRA","CD99 - PILRA","CD99","Cell-Cell Contact","PMID: 18234675","Non-malignant"
"Mac-NUPR1-IGF2-stress","Myeloid-CLEC10A-APC","CD99","PILRA",0.00139323871662525,0,"CD99_PILRA","CD99 - PILRA","CD99","Cell-Cell Contact","PMID: 18234675","Non-malignant"
"Mac-OLFML3-CX3CR1-resident","Myeloid-CLEC10A-APC","CD99","PILRA",0.0137125704442374,0,"CD99_PILRA","CD99 - PILRA","CD99","Cell-Cell Contact","PMID: 18234675","Non-malignant"
"Mono-FCN1-S100A8-S100A9","Myeloid-CLEC10A-APC","CD99","PILRA",0.00632967755218012,0,"CD99_PILRA","CD99 - PILRA","CD99","Cell-Cell Contact","PMID: 18234675","Non-malignant"
"Myeloid-CLEC10A-APC","Myeloid-CLEC10A-APC","CD99","PILRA",0.0109112700074715,0,"CD99_PILRA","CD99 - PILRA","CD99","Cell-Cell Contact","PMID: 18234675","Non-malignant"
"Myeloid-CLEC10A-APC","C6-SLC2A1-like","ICAM1","ITGAX_ITGB2",0.031550564935359,0,"ICAM1_ITGAX_ITGB2","ICAM1 - (ITGAX+ITGB2)","ICAM","Cell-Cell Contact","PMID: 16252253","Non-malignant"
"Myeloid-CLEC10A-APC","C7-APOBEC3A-like","ICAM1","ITGAX_ITGB2",0.0170473720746712,0,"ICAM1_ITGAX_ITGB2","ICAM1 - (ITGAX+ITGB2)","ICAM","Cell-Cell Contact","PMID: 16252253","Non-malignant"
"Myeloid-CLEC10A-APC","Mac-Cycling","ICAM1","ITGAX_ITGB2",0.0110472251862381,0,"ICAM1_ITGAX_ITGB2","ICAM1 - (ITGAX+ITGB2)","ICAM","Cell-Cell Contact","PMID: 16252253","Non-malignant"
"Myeloid-CLEC10A-APC","Mac-FOLR2-LYVE1-resident","ICAM1","ITGAX_ITGB2",0.0171157377487158,0,"ICAM1_ITGAX_ITGB2","ICAM1 - (ITGAX+ITGB2)","ICAM","Cell-Cell Contact","PMID: 16252253","Non-malignant"
"Myeloid-CLEC10A-APC","Mac-OLFML3-CX3CR1-resident","ICAM1","ITGAX_ITGB2",0.0177024224671297,0,"ICAM1_ITGAX_ITGB2","ICAM1 - (ITGAX+ITGB2)","ICAM","Cell-Cell Contact","PMID: 16252253","Non-malignant"
"Myeloid-CLEC10A-APC","Mac-TNF-CCL4-inflammatory","ICAM1","ITGAX_ITGB2",0.0145558617873193,0,"ICAM1_ITGAX_ITGB2","ICAM1 - (ITGAX+ITGB2)","ICAM","Cell-Cell Contact","PMID: 16252253","Non-malignant"
"Myeloid-CLEC10A-APC","Mono-FCN1-S100A8-S100A9","ICAM1","ITGAX_ITGB2",0.0183348635476696,0,"ICAM1_ITGAX_ITGB2","ICAM1 - (ITGAX+ITGB2)","ICAM","Cell-Cell Contact","PMID: 16252253","Non-malignant"
"C6-SLC2A1-like","Myeloid-CLEC10A-APC","ICAM1","ITGAX_ITGB2",0.037708685231032,0,"ICAM1_ITGAX_ITGB2","ICAM1 - (ITGAX+ITGB2)","ICAM","Cell-Cell Contact","PMID: 16252253","Non-malignant"
"C7-APOBEC3A-like","Myeloid-CLEC10A-APC","ICAM1","ITGAX_ITGB2",0.0139363579840997,0,"ICAM1_ITGAX_ITGB2","ICAM1 - (ITGAX+ITGB2)","ICAM","Cell-Cell Contact","PMID: 16252253","Non-malignant"
"Mac-Cycling","Myeloid-CLEC10A-APC","ICAM1","ITGAX_ITGB2",0.00629100985069971,0,"ICAM1_ITGAX_ITGB2","ICAM1 - (ITGAX+ITGB2)","ICAM","Cell-Cell Contact","PMID: 16252253","Non-malignant"
"Mac-OLFML3-CX3CR1-resident","Myeloid-CLEC10A-APC","ICAM1","ITGAX_ITGB2",0.00613087322187073,0,"ICAM1_ITGAX_ITGB2","ICAM1 - (ITGAX+ITGB2)","ICAM","Cell-Cell Contact","PMID: 16252253","Non-malignant"
"Mac-TNF-CCL4-inflammatory","Myeloid-CLEC10A-APC","ICAM1","ITGAX_ITGB2",0.0179418975009845,0,"ICAM1_ITGAX_ITGB2","ICAM1 - (ITGAX+ITGB2)","ICAM","Cell-Cell Contact","PMID: 16252253","Non-malignant"
"Mono-FCN1-S100A8-S100A9","Myeloid-CLEC10A-APC","ICAM1","ITGAX_ITGB2",0.0165437132892019,0,"ICAM1_ITGAX_ITGB2","ICAM1 - (ITGAX+ITGB2)","ICAM","Cell-Cell Contact","PMID: 16252253","Non-malignant"
"Myeloid-CLEC10A-APC","Myeloid-CLEC10A-APC","ICAM1","ITGAX_ITGB2",0.0266683316878374,0,"ICAM1_ITGAX_ITGB2","ICAM1 - (ITGAX+ITGB2)","ICAM","Cell-Cell Contact","PMID: 16252253","Non-malignant"
"Myeloid-CLEC10A-APC","C7-APOBEC3A-like","ICAM1","ITGAL_ITGB2",0.0118104126654868,0,"ICAM1_ITGAL_ITGB2","ICAM1 - (ITGAL+ITGB2)","ICAM","Cell-Cell Contact","KEGG: hsa04514","Non-malignant"
"Myeloid-CLEC10A-APC","Mac-NUPR1-IGF2-stress","ICAM1","ITGAL_ITGB2",0.00266836008557772,0,"ICAM1_ITGAL_ITGB2","ICAM1 - (ITGAL+ITGB2)","ICAM","Cell-Cell Contact","KEGG: hsa04514","Non-malignant"
"Myeloid-CLEC10A-APC","C7-APOBEC3A-like","ICAM2","ITGAL_ITGB2",0.00312003303621898,0,"ICAM2_ITGAL_ITGB2","ICAM2 - (ITGAL+ITGB2)","ICAM","Cell-Cell Contact","KEGG: hsa04514","Non-malignant"
"Myeloid-CLEC10A-APC","Mac-NUPR1-IGF2-stress","ICAM2","ITGAL_ITGB2",0.000700151760023363,0,"ICAM2_ITGAL_ITGB2","ICAM2 - (ITGAL+ITGB2)","ICAM","Cell-Cell Contact","KEGG: hsa04514","Non-malignant"
"Myeloid-CLEC10A-APC","C6-SLC2A1-like","ICAM1","ITGAM_ITGB2",0.0238728734098099,0,"ICAM1_ITGAM_ITGB2","ICAM1 - (ITGAM+ITGB2)","ICAM","Cell-Cell Contact","KEGG: hsa04514","Non-malignant"
"Myeloid-CLEC10A-APC","C7-APOBEC3A-like","ICAM1","ITGAM_ITGB2",0.0283282875254717,0,"ICAM1_ITGAM_ITGB2","ICAM1 - (ITGAM+ITGB2)","ICAM","Cell-Cell Contact","KEGG: hsa04514","Non-malignant"
"Myeloid-CLEC10A-APC","Mac-Cycling","ICAM1","ITGAM_ITGB2",0.0211820851793045,0,"ICAM1_ITGAM_ITGB2","ICAM1 - (ITGAM+ITGB2)","ICAM","Cell-Cell Contact","KEGG: hsa04514","Non-malignant"
"Myeloid-CLEC10A-APC","Mac-FOLR2-LYVE1-resident","ICAM1","ITGAM_ITGB2",0.0227813907920669,0,"ICAM1_ITGAM_ITGB2","ICAM1 - (ITGAM+ITGB2)","ICAM","Cell-Cell Contact","KEGG: hsa04514","Non-malignant"
"Myeloid-CLEC10A-APC","Mac-OLFML3-CX3CR1-resident","ICAM1","ITGAM_ITGB2",0.0235599487289032,0,"ICAM1_ITGAM_ITGB2","ICAM1 - (ITGAM+ITGB2)","ICAM","Cell-Cell Contact","KEGG: hsa04514","Non-malignant"
"Myeloid-CLEC10A-APC","Mac-TNF-CCL4-inflammatory","ICAM1","ITGAM_ITGB2",0.0131171136901806,0,"ICAM1_ITGAM_ITGB2","ICAM1 - (ITGAM+ITGB2)","ICAM","Cell-Cell Contact","KEGG: hsa04514","Non-malignant"
"Myeloid-CLEC10A-APC","Mono-FCN1-S100A8-S100A9","ICAM1","ITGAM_ITGB2",0.0186543694619631,0,"ICAM1_ITGAM_ITGB2","ICAM1 - (ITGAM+ITGB2)","ICAM","Cell-Cell Contact","KEGG: hsa04514","Non-malignant"
"C6-SLC2A1-like","Myeloid-CLEC10A-APC","ICAM1","ITGAM_ITGB2",0.0338454274125507,0,"ICAM1_ITGAM_ITGB2","ICAM1 - (ITGAM+ITGB2)","ICAM","Cell-Cell Contact","KEGG: hsa04514","Non-malignant"
"C7-APOBEC3A-like","Myeloid-CLEC10A-APC","ICAM1","ITGAM_ITGB2",0.0124769987794116,0,"ICAM1_ITGAM_ITGB2","ICAM1 - (ITGAM+ITGB2)","ICAM","Cell-Cell Contact","KEGG: hsa04514","Non-malignant"
"Mac-Cycling","Myeloid-CLEC10A-APC","ICAM1","ITGAM_ITGB2",0.0056276715351214,0,"ICAM1_ITGAM_ITGB2","ICAM1 - (ITGAM+ITGB2)","ICAM","Cell-Cell Contact","KEGG: hsa04514","Non-malignant"
"Mac-OLFML3-CX3CR1-resident","Myeloid-CLEC10A-APC","ICAM1","ITGAM_ITGB2",0.00548432688479137,0,"ICAM1_ITGAM_ITGB2","ICAM1 - (ITGAM+ITGB2)","ICAM","Cell-Cell Contact","KEGG: hsa04514","Non-malignant"
"Mac-TNF-CCL4-inflammatory","Myeloid-CLEC10A-APC","ICAM1","ITGAM_ITGB2",0.01606993005148,0,"ICAM1_ITGAM_ITGB2","ICAM1 - (ITGAM+ITGB2)","ICAM","Cell-Cell Contact","KEGG: hsa04514","Non-malignant"
"Mono-FCN1-S100A8-S100A9","Myeloid-CLEC10A-APC","ICAM1","ITGAM_ITGB2",0.0148154246035591,0,"ICAM1_ITGAM_ITGB2","ICAM1 - (ITGAM+ITGB2)","ICAM","Cell-Cell Contact","KEGG: hsa04514","Non-malignant"
"Myeloid-CLEC10A-APC","Myeloid-CLEC10A-APC","ICAM1","ITGAM_ITGB2",0.0239080572464745,0,"ICAM1_ITGAM_ITGB2","ICAM1 - (ITGAM+ITGB2)","ICAM","Cell-Cell Contact","KEGG: hsa04514","Non-malignant"
"Myeloid-CLEC10A-APC","C6-SLC2A1-like","ICAM2","ITGAM_ITGB2",0.00636381049652494,0,"ICAM2_ITGAM_ITGB2","ICAM2 - (ITGAM+ITGB2)","ICAM","Cell-Cell Contact","KEGG: hsa04514","Non-malignant"
"Myeloid-CLEC10A-APC","C7-APOBEC3A-like","ICAM2","ITGAM_ITGB2",0.00757685837615873,0,"ICAM2_ITGAM_ITGB2","ICAM2 - (ITGAM+ITGB2)","ICAM","Cell-Cell Contact","KEGG: hsa04514","Non-malignant"
"Myeloid-CLEC10A-APC","Mac-Cycling","ICAM2","ITGAM_ITGB2",0.00563513204752174,0,"ICAM2_ITGAM_ITGB2","ICAM2 - (ITGAM+ITGB2)","ICAM","Cell-Cell Contact","KEGG: hsa04514","Non-malignant"
"Myeloid-CLEC10A-APC","Mac-FOLR2-LYVE1-resident","ICAM2","ITGAM_ITGB2",0.0060678768364075,0,"ICAM2_ITGAM_ITGB2","ICAM2 - (ITGAM+ITGB2)","ICAM","Cell-Cell Contact","KEGG: hsa04514","Non-malignant"
"Myeloid-CLEC10A-APC","Mac-OLFML3-CX3CR1-resident","ICAM2","ITGAM_ITGB2",0.00627891761396274,0,"ICAM2_ITGAM_ITGB2","ICAM2 - (ITGAM+ITGB2)","ICAM","Cell-Cell Contact","KEGG: hsa04514","Non-malignant"
"Myeloid-CLEC10A-APC","Mac-TNF-CCL4-inflammatory","ICAM2","ITGAM_ITGB2",0.00346860762050171,0,"ICAM2_ITGAM_ITGB2","ICAM2 - (ITGAM+ITGB2)","ICAM","Cell-Cell Contact","KEGG: hsa04514","Non-malignant"
"Myeloid-CLEC10A-APC","Mono-FCN1-S100A8-S100A9","ICAM2","ITGAM_ITGB2",0.00495328793960802,0,"ICAM2_ITGAM_ITGB2","ICAM2 - (ITGAM+ITGB2)","ICAM","Cell-Cell Contact","KEGG: hsa04514","Non-malignant"
"C6-SLC2A1-like","Myeloid-CLEC10A-APC","ICAM2","ITGAM_ITGB2",0.00337689144882248,0,"ICAM2_ITGAM_ITGB2","ICAM2 - (ITGAM+ITGB2)","ICAM","Cell-Cell Contact","KEGG: hsa04514","Non-malignant"
"Mono-FCN1-S100A8-S100A9","Myeloid-CLEC10A-APC","ICAM2","ITGAM_ITGB2",0.0100371551335655,0,"ICAM2_ITGAM_ITGB2","ICAM2 - (ITGAM+ITGB2)","ICAM","Cell-Cell Contact","KEGG: hsa04514","Non-malignant"
"Myeloid-CLEC10A-APC","Myeloid-CLEC10A-APC","ICAM2","ITGAM_ITGB2",0.00637335796513534,0,"ICAM2_ITGAM_ITGB2","ICAM2 - (ITGAM+ITGB2)","ICAM","Cell-Cell Contact","KEGG: hsa04514","Non-malignant"
"Myeloid-CLEC10A-APC","C7-APOBEC3A-like","ICAM1","ITGAL",0.00291579979131156,0,"ICAM1_ITGAL","ICAM1 - ITGAL","ICAM","Cell-Cell Contact","PMID: 23602662","Non-malignant"
"Myeloid-CLEC10A-APC","Mac-NUPR1-IGF2-stress","ICAM1","ITGAL",0.00236827259164686,0,"ICAM1_ITGAL","ICAM1 - ITGAL","ICAM","Cell-Cell Contact","PMID: 23602662","Non-malignant"
"C6-SLC2A1-like","Myeloid-CLEC10A-APC","ICAM1","SPN",0.00498485583119303,0,"ICAM1_SPN","ICAM1 - SPN","ICAM","Cell-Cell Contact","PMID: 1683685","Non-malignant"
"C7-APOBEC3A-like","Myeloid-CLEC10A-APC","ICAM1","SPN",0.00180363402487646,0,"ICAM1_SPN","ICAM1 - SPN","ICAM","Cell-Cell Contact","PMID: 1683685","Non-malignant"
"Mac-Cycling","Myeloid-CLEC10A-APC","ICAM1","SPN",0.00080871941463656,0,"ICAM1_SPN","ICAM1 - SPN","ICAM","Cell-Cell Contact","PMID: 1683685","Non-malignant"
"Mac-OLFML3-CX3CR1-resident","Myeloid-CLEC10A-APC","ICAM1","SPN",0.000788022928515432,0,"ICAM1_SPN","ICAM1 - SPN","ICAM","Cell-Cell Contact","PMID: 1683685","Non-malignant"
"Mac-TNF-CCL4-inflammatory","Myeloid-CLEC10A-APC","ICAM1","SPN",0.0023302690741959,0,"ICAM1_SPN","ICAM1 - SPN","ICAM","Cell-Cell Contact","PMID: 1683685","Non-malignant"
"Mono-FCN1-S100A8-S100A9","Myeloid-CLEC10A-APC","ICAM1","SPN",0.00214601630292476,0,"ICAM1_SPN","ICAM1 - SPN","ICAM","Cell-Cell Contact","PMID: 1683685","Non-malignant"
"Myeloid-CLEC10A-APC","Myeloid-CLEC10A-APC","ICAM1","SPN",0.00349063521704344,0,"ICAM1_SPN","ICAM1 - SPN","ICAM","Cell-Cell Contact","PMID: 1683685","Non-malignant"
"Myeloid-CLEC10A-APC","C7-APOBEC3A-like","HLA-F","LILRB1",0.0192615861132246,0,"HLA-F_LILRB1","HLA-F - LILRB1","MHC-I","Cell-Cell Contact","PMID: 28484462","Non-malignant"
"Myeloid-CLEC10A-APC","Mac-Cycling","HLA-F","LILRB1",0.00124738917585894,0,"HLA-F_LILRB1","HLA-F - LILRB1","MHC-I","Cell-Cell Contact","PMID: 28484462","Non-malignant"
"Myeloid-CLEC10A-APC","Mac-FOLR2-LYVE1-resident","HLA-F","LILRB1",0.00428698593100221,0,"HLA-F_LILRB1","HLA-F - LILRB1","MHC-I","Cell-Cell Contact","PMID: 28484462","Non-malignant"
"Myeloid-CLEC10A-APC","Mac-OLFML3-CX3CR1-resident","HLA-F","LILRB1",0.00487196985458883,0,"HLA-F_LILRB1","HLA-F - LILRB1","MHC-I","Cell-Cell Contact","PMID: 28484462","Non-malignant"
"C6-SLC2A1-like","Myeloid-CLEC10A-APC","HLA-F","LILRB1",0.0012581299600914,0,"HLA-F_LILRB1","HLA-F - LILRB1","MHC-I","Cell-Cell Contact","PMID: 28484462","Non-malignant"
"C7-APOBEC3A-like","Myeloid-CLEC10A-APC","HLA-F","LILRB1",0.00533606488261339,0,"HLA-F_LILRB1","HLA-F - LILRB1","MHC-I","Cell-Cell Contact","PMID: 28484462","Non-malignant"
"Mac-Cycling","Myeloid-CLEC10A-APC","HLA-F","LILRB1",0.00136181279647324,0,"HLA-F_LILRB1","HLA-F - LILRB1","MHC-I","Cell-Cell Contact","PMID: 28484462","Non-malignant"
"Mac-FOLR2-LYVE1-resident","Myeloid-CLEC10A-APC","HLA-F","LILRB1",0.00140747998831741,0.01,"HLA-F_LILRB1","HLA-F - LILRB1","MHC-I","Cell-Cell Contact","PMID: 28484462","Non-malignant"
"Mac-OLFML3-CX3CR1-resident","Myeloid-CLEC10A-APC","HLA-F","LILRB1",0.00347065769036513,0,"HLA-F_LILRB1","HLA-F - LILRB1","MHC-I","Cell-Cell Contact","PMID: 28484462","Non-malignant"
"Mono-FCN1-S100A8-S100A9","Myeloid-CLEC10A-APC","HLA-F","LILRB1",0.00635276677159484,0,"HLA-F_LILRB1","HLA-F - LILRB1","MHC-I","Cell-Cell Contact","PMID: 28484462","Non-malignant"
"Myeloid-CLEC10A-APC","Myeloid-CLEC10A-APC","HLA-F","LILRB1",0.00423562316394007,0,"HLA-F_LILRB1","HLA-F - LILRB1","MHC-I","Cell-Cell Contact","PMID: 28484462","Non-malignant"
"Myeloid-CLEC10A-APC","C6-SLC2A1-like","HLA-DPA1","CD4",0.115314701284676,0,"HLA-DPA1_CD4","HLA-DPA1 - CD4","MHC-II","Cell-Cell Contact","KEGG: hsa04514","Non-malignant"
"Myeloid-CLEC10A-APC","C7-APOBEC3A-like","HLA-DPA1","CD4",0.0779279472168009,0,"HLA-DPA1_CD4","HLA-DPA1 - CD4","MHC-II","Cell-Cell Contact","KEGG: hsa04514","Non-malignant"
"Myeloid-CLEC10A-APC","Mac-Cycling","HLA-DPA1","CD4",0.0946383983016492,0,"HLA-DPA1_CD4","HLA-DPA1 - CD4","MHC-II","Cell-Cell Contact","KEGG: hsa04514","Non-malignant"
"Myeloid-CLEC10A-APC","Mac-FOLR2-LYVE1-resident","HLA-DPA1","CD4",0.128564760615112,0,"HLA-DPA1_CD4","HLA-DPA1 - CD4","MHC-II","Cell-Cell Contact","KEGG: hsa04514","Non-malignant"
"Myeloid-CLEC10A-APC","Mac-OLFML3-CX3CR1-resident","HLA-DPA1","CD4",0.0886301330487835,0,"HLA-DPA1_CD4","HLA-DPA1 - CD4","MHC-II","Cell-Cell Contact","KEGG: hsa04514","Non-malignant"
"Myeloid-CLEC10A-APC","Mac-TNF-CCL4-inflammatory","HLA-DPA1","CD4",0.0197137776543745,0,"HLA-DPA1_CD4","HLA-DPA1 - CD4","MHC-II","Cell-Cell Contact","KEGG: hsa04514","Non-malignant"
"Myeloid-CLEC10A-APC","Mono-FCN1-S100A8-S100A9","HLA-DPA1","CD4",0.0370801431267009,0,"HLA-DPA1_CD4","HLA-DPA1 - CD4","MHC-II","Cell-Cell Contact","KEGG: hsa04514","Non-malignant"
"C6-SLC2A1-like","Myeloid-CLEC10A-APC","HLA-DPA1","CD4",0.0494060998306216,0,"HLA-DPA1_CD4","HLA-DPA1 - CD4","MHC-II","Cell-Cell Contact","KEGG: hsa04514","Non-malignant"
"C7-APOBEC3A-like","Myeloid-CLEC10A-APC","HLA-DPA1","CD4",0.0709716697390727,0,"HLA-DPA1_CD4","HLA-DPA1 - CD4","MHC-II","Cell-Cell Contact","KEGG: hsa04514","Non-malignant"
"Mac-Cycling","Myeloid-CLEC10A-APC","HLA-DPA1","CD4",0.0524093081836617,0,"HLA-DPA1_CD4","HLA-DPA1 - CD4","MHC-II","Cell-Cell Contact","KEGG: hsa04514","Non-malignant"
"Mac-FOLR2-LYVE1-resident","Myeloid-CLEC10A-APC","HLA-DPA1","CD4",0.0627750098067808,0,"HLA-DPA1_CD4","HLA-DPA1 - CD4","MHC-II","Cell-Cell Contact","KEGG: hsa04514","Non-malignant"
"Mac-OLFML3-CX3CR1-resident","Myeloid-CLEC10A-APC","HLA-DPA1","CD4",0.0806878648648157,0,"HLA-DPA1_CD4","HLA-DPA1 - CD4","MHC-II","Cell-Cell Contact","KEGG: hsa04514","Non-malignant"
"Mac-TNF-CCL4-inflammatory","Myeloid-CLEC10A-APC","HLA-DPA1","CD4",0.0398538108459378,0,"HLA-DPA1_CD4","HLA-DPA1 - CD4","MHC-II","Cell-Cell Contact","KEGG: hsa04514","Non-malignant"
"Mono-FCN1-S100A8-S100A9","Myeloid-CLEC10A-APC","HLA-DPA1","CD4",0.0369215945582666,0,"HLA-DPA1_CD4","HLA-DPA1 - CD4","MHC-II","Cell-Cell Contact","KEGG: hsa04514","Non-malignant"
"Myeloid-CLEC10A-APC","Myeloid-CLEC10A-APC","HLA-DPA1","CD4",0.0673257358571224,0,"HLA-DPA1_CD4","HLA-DPA1 - CD4","MHC-II","Cell-Cell Contact","KEGG: hsa04514","Non-malignant"
"Myeloid-CLEC10A-APC","C6-SLC2A1-like","HLA-DPB1","CD4",0.112949964595073,0,"HLA-DPB1_CD4","HLA-DPB1 - CD4","MHC-II","Cell-Cell Contact","KEGG: hsa04514","Non-malignant"
"Myeloid-CLEC10A-APC","C7-APOBEC3A-like","HLA-DPB1","CD4",0.0762638021101446,0,"HLA-DPB1_CD4","HLA-DPB1 - CD4","MHC-II","Cell-Cell Contact","KEGG: hsa04514","Non-malignant"
"Myeloid-CLEC10A-APC","Mac-Cycling","HLA-DPB1","CD4",0.0926532605055706,0,"HLA-DPB1_CD4","HLA-DPB1 - CD4","MHC-II","Cell-Cell Contact","KEGG: hsa04514","Non-malignant"
"Myeloid-CLEC10A-APC","Mac-FOLR2-LYVE1-resident","HLA-DPB1","CD4",0.125966996152634,0,"HLA-DPB1_CD4","HLA-DPB1 - CD4","MHC-II","Cell-Cell Contact","KEGG: hsa04514","Non-malignant"
"Myeloid-CLEC10A-APC","Mac-OLFML3-CX3CR1-resident","HLA-DPB1","CD4",0.0867589476461556,0,"HLA-DPB1_CD4","HLA-DPB1 - CD4","MHC-II","Cell-Cell Contact","KEGG: hsa04514","Non-malignant"
"Myeloid-CLEC10A-APC","Mac-TNF-CCL4-inflammatory","HLA-DPB1","CD4",0.0192668155344278,0,"HLA-DPB1_CD4","HLA-DPB1 - CD4","MHC-II","Cell-Cell Contact","KEGG: hsa04514","Non-malignant"
"Myeloid-CLEC10A-APC","Mono-FCN1-S100A8-S100A9","HLA-DPB1","CD4",0.0362540024938939,0,"HLA-DPB1_CD4","HLA-DPB1 - CD4","MHC-II","Cell-Cell Contact","KEGG: hsa04514","Non-malignant"
"C6-SLC2A1-like","Myeloid-CLEC10A-APC","HLA-DPB1","CD4",0.0498702821133521,0,"HLA-DPB1_CD4","HLA-DPB1 - CD4","MHC-II","Cell-Cell Contact","KEGG: hsa04514","Non-malignant"
"C7-APOBEC3A-like","Myeloid-CLEC10A-APC","HLA-DPB1","CD4",0.0659800815096369,0,"HLA-DPB1_CD4","HLA-DPB1 - CD4","MHC-II","Cell-Cell Contact","KEGG: hsa04514","Non-malignant"
"Mac-Cycling","Myeloid-CLEC10A-APC","HLA-DPB1","CD4",0.0479779418318992,0,"HLA-DPB1_CD4","HLA-DPB1 - CD4","MHC-II","Cell-Cell Contact","KEGG: hsa04514","Non-malignant"
"Mac-FOLR2-LYVE1-resident","Myeloid-CLEC10A-APC","HLA-DPB1","CD4",0.0559608550307115,0,"HLA-DPB1_CD4","HLA-DPB1 - CD4","MHC-II","Cell-Cell Contact","KEGG: hsa04514","Non-malignant"
"Mac-OLFML3-CX3CR1-resident","Myeloid-CLEC10A-APC","HLA-DPB1","CD4",0.0778535158504858,0,"HLA-DPB1_CD4","HLA-DPB1 - CD4","MHC-II","Cell-Cell Contact","KEGG: hsa04514","Non-malignant"
"Mac-TNF-CCL4-inflammatory","Myeloid-CLEC10A-APC","HLA-DPB1","CD4",0.0347374177090386,0,"HLA-DPB1_CD4","HLA-DPB1 - CD4","MHC-II","Cell-Cell Contact","KEGG: hsa04514","Non-malignant"
"Mono-FCN1-S100A8-S100A9","Myeloid-CLEC10A-APC","HLA-DPB1","CD4",0.034790087119532,0,"HLA-DPB1_CD4","HLA-DPB1 - CD4","MHC-II","Cell-Cell Contact","KEGG: hsa04514","Non-malignant"
"Myeloid-CLEC10A-APC","Myeloid-CLEC10A-APC","HLA-DPB1","CD4",0.0658718256896195,0,"HLA-DPB1_CD4","HLA-DPB1 - CD4","MHC-II","Cell-Cell Contact","KEGG: hsa04514","Non-malignant"
"Myeloid-CLEC10A-APC","C6-SLC2A1-like","HLA-DQA1","CD4",0.0563937064473623,0,"HLA-DQA1_CD4","HLA-DQA1 - CD4","MHC-II","Cell-Cell Contact","KEGG: hsa04514","Non-malignant"
"Myeloid-CLEC10A-APC","C7-APOBEC3A-like","HLA-DQA1","CD4",0.0373045031400049,0,"HLA-DQA1_CD4","HLA-DQA1 - CD4","MHC-II","Cell-Cell Contact","KEGG: hsa04514","Non-malignant"
"Myeloid-CLEC10A-APC","Mac-Cycling","HLA-DQA1","CD4",0.0457359611973041,0,"HLA-DQA1_CD4","HLA-DQA1 - CD4","MHC-II","Cell-Cell Contact","KEGG: hsa04514","Non-malignant"
"Myeloid-CLEC10A-APC","Mac-FOLR2-LYVE1-resident","HLA-DQA1","CD4",0.0633584015326704,0,"HLA-DQA1_CD4","HLA-DQA1 - CD4","MHC-II","Cell-Cell Contact","KEGG: hsa04514","Non-malignant"
"Myeloid-CLEC10A-APC","Mac-OLFML3-CX3CR1-resident","HLA-DQA1","CD4",0.0426859650712742,0,"HLA-DQA1_CD4","HLA-DQA1 - CD4","MHC-II","Cell-Cell Contact","KEGG: hsa04514","Non-malignant"
"Myeloid-CLEC10A-APC","Mac-TNF-CCL4-inflammatory","HLA-DQA1","CD4",0.00913639306393882,0,"HLA-DQA1_CD4","HLA-DQA1 - CD4","MHC-II","Cell-Cell Contact","KEGG: hsa04514","Non-malignant"
"Myeloid-CLEC10A-APC","Mono-FCN1-S100A8-S100A9","HLA-DQA1","CD4",0.0173497872751707,0,"HLA-DQA1_CD4","HLA-DQA1 - CD4","MHC-II","Cell-Cell Contact","KEGG: hsa04514","Non-malignant"
"C6-SLC2A1-like","Myeloid-CLEC10A-APC","HLA-DQA1","CD4",0.0123917968826065,0,"HLA-DQA1_CD4","HLA-DQA1 - CD4","MHC-II","Cell-Cell Contact","KEGG: hsa04514","Non-malignant"
"C7-APOBEC3A-like","Myeloid-CLEC10A-APC","HLA-DQA1","CD4",0.033354923384415,0,"HLA-DQA1_CD4","HLA-DQA1 - CD4","MHC-II","Cell-Cell Contact","KEGG: hsa04514","Non-malignant"
"Mac-Cycling","Myeloid-CLEC10A-APC","HLA-DQA1","CD4",0.0174502346158098,0,"HLA-DQA1_CD4","HLA-DQA1 - CD4","MHC-II","Cell-Cell Contact","KEGG: hsa04514","Non-malignant"
"Mac-FOLR2-LYVE1-resident","Myeloid-CLEC10A-APC","HLA-DQA1","CD4",0.0253786916488628,0,"HLA-DQA1_CD4","HLA-DQA1 - CD4","MHC-II","Cell-Cell Contact","KEGG: hsa04514","Non-malignant"
"Mac-OLFML3-CX3CR1-resident","Myeloid-CLEC10A-APC","HLA-DQA1","CD4",0.0484592800828062,0,"HLA-DQA1_CD4","HLA-DQA1 - CD4","MHC-II","Cell-Cell Contact","KEGG: hsa04514","Non-malignant"
"Mac-TNF-CCL4-inflammatory","Myeloid-CLEC10A-APC","HLA-DQA1","CD4",0.00879463271825953,0,"HLA-DQA1_CD4","HLA-DQA1 - CD4","MHC-II","Cell-Cell Contact","KEGG: hsa04514","Non-malignant"
"Mono-FCN1-S100A8-S100A9","Myeloid-CLEC10A-APC","HLA-DQA1","CD4",0.00868422199351378,0,"HLA-DQA1_CD4","HLA-DQA1 - CD4","MHC-II","Cell-Cell Contact","KEGG: hsa04514","Non-malignant"
"Myeloid-CLEC10A-APC","Myeloid-CLEC10A-APC","HLA-DQA1","CD4",0.0320371409484378,0,"HLA-DQA1_CD4","HLA-DQA1 - CD4","MHC-II","Cell-Cell Contact","KEGG: hsa04514","Non-malignant"
"Myeloid-CLEC10A-APC","C6-SLC2A1-like","HLA-DMA","CD4",0.0696057045484023,0,"HLA-DMA_CD4","HLA-DMA - CD4","MHC-II","Cell-Cell Contact","KEGG: hsa04514","Non-malignant"
"Myeloid-CLEC10A-APC","C7-APOBEC3A-like","HLA-DMA","CD4",0.0462635225541161,0,"HLA-DMA_CD4","HLA-DMA - CD4","MHC-II","Cell-Cell Contact","KEGG: hsa04514","Non-malignant"
"Myeloid-CLEC10A-APC","Mac-Cycling","HLA-DMA","CD4",0.0566008210593863,0,"HLA-DMA_CD4","HLA-DMA - CD4","MHC-II","Cell-Cell Contact","KEGG: hsa04514","Non-malignant"
"Myeloid-CLEC10A-APC","Mac-FOLR2-LYVE1-resident","HLA-DMA","CD4",0.0780671034944959,0,"HLA-DMA_CD4","HLA-DMA - CD4","MHC-II","Cell-Cell Contact","KEGG: hsa04514","Non-malignant"
"Myeloid-CLEC10A-APC","Mac-OLFML3-CX3CR1-resident","HLA-DMA","CD4",0.0528664194901936,0,"HLA-DMA_CD4","HLA-DMA - CD4","MHC-II","Cell-Cell Contact","KEGG: hsa04514","Non-malignant"
"Myeloid-CLEC10A-APC","Mac-TNF-CCL4-inflammatory","HLA-DMA","CD4",0.0114107649421561,0,"HLA-DMA_CD4","HLA-DMA - CD4","MHC-II","Cell-Cell Contact","KEGG: hsa04514","Non-malignant"
"Myeloid-CLEC10A-APC","Mono-FCN1-S100A8-S100A9","HLA-DMA","CD4",0.0216241434240124,0,"HLA-DMA_CD4","HLA-DMA - CD4","MHC-II","Cell-Cell Contact","KEGG: hsa04514","Non-malignant"
"C6-SLC2A1-like","Myeloid-CLEC10A-APC","HLA-DMA","CD4",0.0296029653209737,0,"HLA-DMA_CD4","HLA-DMA - CD4","MHC-II","Cell-Cell Contact","KEGG: hsa04514","Non-malignant"
"C7-APOBEC3A-like","Myeloid-CLEC10A-APC","HLA-DMA","CD4",0.0417593119867719,0,"HLA-DMA_CD4","HLA-DMA - CD4","MHC-II","Cell-Cell Contact","KEGG: hsa04514","Non-malignant"
"Mac-Cycling","Myeloid-CLEC10A-APC","HLA-DMA","CD4",0.0301121794778236,0,"HLA-DMA_CD4","HLA-DMA - CD4","MHC-II","Cell-Cell Contact","KEGG: hsa04514","Non-malignant"
"Mac-FOLR2-LYVE1-resident","Myeloid-CLEC10A-APC","HLA-DMA","CD4",0.0344870036472074,0,"HLA-DMA_CD4","HLA-DMA - CD4","MHC-II","Cell-Cell Contact","KEGG: hsa04514","Non-malignant"
"Mac-NUPR1-IGF2-stress","Myeloid-CLEC10A-APC","HLA-DMA","CD4",0.00221534565945253,0,"HLA-DMA_CD4","HLA-DMA - CD4","MHC-II","Cell-Cell Contact","KEGG: hsa04514","Non-malignant"
"Mac-OLFML3-CX3CR1-resident","Myeloid-CLEC10A-APC","HLA-DMA","CD4",0.0480793987544865,0,"HLA-DMA_CD4","HLA-DMA - CD4","MHC-II","Cell-Cell Contact","KEGG: hsa04514","Non-malignant"
"Mac-TNF-CCL4-inflammatory","Myeloid-CLEC10A-APC","HLA-DMA","CD4",0.0215168951283482,0,"HLA-DMA_CD4","HLA-DMA - CD4","MHC-II","Cell-Cell Contact","KEGG: hsa04514","Non-malignant"
"Mono-FCN1-S100A8-S100A9","Myeloid-CLEC10A-APC","HLA-DMA","CD4",0.0190011385370493,0,"HLA-DMA_CD4","HLA-DMA - CD4","MHC-II","Cell-Cell Contact","KEGG: hsa04514","Non-malignant"
"Myeloid-CLEC10A-APC","Myeloid-CLEC10A-APC","HLA-DMA","CD4",0.0397834313061065,0,"HLA-DMA_CD4","HLA-DMA - CD4","MHC-II","Cell-Cell Contact","KEGG: hsa04514","Non-malignant"
"Myeloid-CLEC10A-APC","C6-SLC2A1-like","HLA-DMB","CD4",0.04809558403949,0,"HLA-DMB_CD4","HLA-DMB - CD4","MHC-II","Cell-Cell Contact","KEGG: hsa04514","Non-malignant"
"Myeloid-CLEC10A-APC","C7-APOBEC3A-like","HLA-DMB","CD4",0.031720859510807,0,"HLA-DMB_CD4","HLA-DMB - CD4","MHC-II","Cell-Cell Contact","KEGG: hsa04514","Non-malignant"
"Myeloid-CLEC10A-APC","Mac-Cycling","HLA-DMB","CD4",0.0389413665716897,0,"HLA-DMB_CD4","HLA-DMB - CD4","MHC-II","Cell-Cell Contact","KEGG: hsa04514","Non-malignant"
"Myeloid-CLEC10A-APC","Mac-FOLR2-LYVE1-resident","HLA-DMB","CD4",0.0540942008113818,0,"HLA-DMB_CD4","HLA-DMB - CD4","MHC-II","Cell-Cell Contact","KEGG: hsa04514","Non-malignant"
"Myeloid-CLEC10A-APC","Mac-OLFML3-CX3CR1-resident","HLA-DMB","CD4",0.0363272326935277,0,"HLA-DMB_CD4","HLA-DMB - CD4","MHC-II","Cell-Cell Contact","KEGG: hsa04514","Non-malignant"
"Myeloid-CLEC10A-APC","Mac-TNF-CCL4-inflammatory","HLA-DMB","CD4",0.00773500536193608,0,"HLA-DMB_CD4","HLA-DMB - CD4","MHC-II","Cell-Cell Contact","KEGG: hsa04514","Non-malignant"
"Myeloid-CLEC10A-APC","Mono-FCN1-S100A8-S100A9","HLA-DMB","CD4",0.0147072855355889,0,"HLA-DMB_CD4","HLA-DMB - CD4","MHC-II","Cell-Cell Contact","KEGG: hsa04514","Non-malignant"
"C6-SLC2A1-like","Myeloid-CLEC10A-APC","HLA-DMB","CD4",0.0168859619274449,0,"HLA-DMB_CD4","HLA-DMB - CD4","MHC-II","Cell-Cell Contact","KEGG: hsa04514","Non-malignant"
"C7-APOBEC3A-like","Myeloid-CLEC10A-APC","HLA-DMB","CD4",0.0351710344982585,0,"HLA-DMB_CD4","HLA-DMB - CD4","MHC-II","Cell-Cell Contact","KEGG: hsa04514","Non-malignant"
"Mac-Cycling","Myeloid-CLEC10A-APC","HLA-DMB","CD4",0.0155420725803792,0,"HLA-DMB_CD4","HLA-DMB - CD4","MHC-II","Cell-Cell Contact","KEGG: hsa04514","Non-malignant"
"Mac-FOLR2-LYVE1-resident","Myeloid-CLEC10A-APC","HLA-DMB","CD4",0.0216018317448498,0,"HLA-DMB_CD4","HLA-DMB - CD4","MHC-II","Cell-Cell Contact","KEGG: hsa04514","Non-malignant"
"Mac-OLFML3-CX3CR1-resident","Myeloid-CLEC10A-APC","HLA-DMB","CD4",0.0401804114682492,0,"HLA-DMB_CD4","HLA-DMB - CD4","MHC-II","Cell-Cell Contact","KEGG: hsa04514","Non-malignant"
"Mono-FCN1-S100A8-S100A9","Myeloid-CLEC10A-APC","HLA-DMB","CD4",0.0237281070307957,0,"HLA-DMB_CD4","HLA-DMB - CD4","MHC-II","Cell-Cell Contact","KEGG: hsa04514","Non-malignant"
"Myeloid-CLEC10A-APC","Myeloid-CLEC10A-APC","HLA-DMB","CD4",0.0272196110935656,0,"HLA-DMB_CD4","HLA-DMB - CD4","MHC-II","Cell-Cell Contact","KEGG: hsa04514","Non-malignant"
"Myeloid-CLEC10A-APC","C6-SLC2A1-like","HLA-DQA2","CD4",0.0655850519329789,0,"HLA-DQA2_CD4","HLA-DQA2 - CD4","MHC-II","Cell-Cell Contact","KEGG: hsa04514","Non-malignant"
"Myeloid-CLEC10A-APC","C7-APOBEC3A-like","HLA-DQA2","CD4",0.0435281099173227,0,"HLA-DQA2_CD4","HLA-DQA2 - CD4","MHC-II","Cell-Cell Contact","KEGG: hsa04514","Non-malignant"
"Myeloid-CLEC10A-APC","Mac-Cycling","HLA-DQA2","CD4",0.0532883476990593,0,"HLA-DQA2_CD4","HLA-DQA2 - CD4","MHC-II","Cell-Cell Contact","KEGG: hsa04514","Non-malignant"
"Myeloid-CLEC10A-APC","Mac-FOLR2-LYVE1-resident","HLA-DQA2","CD4",0.0735963547633537,0,"HLA-DQA2_CD4","HLA-DQA2 - CD4","MHC-II","Cell-Cell Contact","KEGG: hsa04514","Non-malignant"
"Myeloid-CLEC10A-APC","Mac-OLFML3-CX3CR1-resident","HLA-DQA2","CD4",0.0497609683283513,0,"HLA-DQA2_CD4","HLA-DQA2 - CD4","MHC-II","Cell-Cell Contact","KEGG: hsa04514","Non-malignant"
"Myeloid-CLEC10A-APC","Mac-TNF-CCL4-inflammatory","HLA-DQA2","CD4",0.0107129359159192,0,"HLA-DQA2_CD4","HLA-DQA2 - CD4","MHC-II","Cell-Cell Contact","KEGG: hsa04514","Non-malignant"
"Myeloid-CLEC10A-APC","Mono-FCN1-S100A8-S100A9","HLA-DQA2","CD4",0.0203145469013977,0,"HLA-DQA2_CD4","HLA-DQA2 - CD4","MHC-II","Cell-Cell Contact","KEGG: hsa04514","Non-malignant"
"C6-SLC2A1-like","Myeloid-CLEC10A-APC","HLA-DQA2","CD4",0.0159253085273156,0,"HLA-DQA2_CD4","HLA-DQA2 - CD4","MHC-II","Cell-Cell Contact","KEGG: hsa04514","Non-malignant"
"C7-APOBEC3A-like","Myeloid-CLEC10A-APC","HLA-DQA2","CD4",0.0370169044786501,0,"HLA-DQA2_CD4","HLA-DQA2 - CD4","MHC-II","Cell-Cell Contact","KEGG: hsa04514","Non-malignant"
"Mac-Cycling","Myeloid-CLEC10A-APC","HLA-DQA2","CD4",0.0087331552495475,0,"HLA-DQA2_CD4","HLA-DQA2 - CD4","MHC-II","Cell-Cell Contact","KEGG: hsa04514","Non-malignant"
"Mac-FOLR2-LYVE1-resident","Myeloid-CLEC10A-APC","HLA-DQA2","CD4",0.0103799238334995,0,"HLA-DQA2_CD4","HLA-DQA2 - CD4","MHC-II","Cell-Cell Contact","KEGG: hsa04514","Non-malignant"
"Mac-OLFML3-CX3CR1-resident","Myeloid-CLEC10A-APC","HLA-DQA2","CD4",0.0495811241052351,0,"HLA-DQA2_CD4","HLA-DQA2 - CD4","MHC-II","Cell-Cell Contact","KEGG: hsa04514","Non-malignant"
"Mac-TNF-CCL4-inflammatory","Myeloid-CLEC10A-APC","HLA-DQA2","CD4",0.0108345163413682,0,"HLA-DQA2_CD4","HLA-DQA2 - CD4","MHC-II","Cell-Cell Contact","KEGG: hsa04514","Non-malignant"
"Mono-FCN1-S100A8-S100A9","Myeloid-CLEC10A-APC","HLA-DQA2","CD4",0.00662079869852752,0,"HLA-DQA2_CD4","HLA-DQA2 - CD4","MHC-II","Cell-Cell Contact","KEGG: hsa04514","Non-malignant"
"Myeloid-CLEC10A-APC","Myeloid-CLEC10A-APC","HLA-DQA2","CD4",0.037416134257106,0,"HLA-DQA2_CD4","HLA-DQA2 - CD4","MHC-II","Cell-Cell Contact","KEGG: hsa04514","Non-malignant"
"Mac-OLFML3-CX3CR1-resident","Myeloid-CLEC10A-APC","HLA-DOA","CD4",0.00492024890459836,0,"HLA-DOA_CD4","HLA-DOA - CD4","MHC-II","Cell-Cell Contact","KEGG: hsa04514","Non-malignant"
"Myeloid-CLEC10A-APC","C6-SLC2A1-like","HLA-DQB1","CD4",0.0722456670913891,0,"HLA-DQB1_CD4","HLA-DQB1 - CD4","MHC-II","Cell-Cell Contact","KEGG: hsa04514","Non-malignant"
"Myeloid-CLEC10A-APC","C7-APOBEC3A-like","HLA-DQB1","CD4",0.0480639118763174,0,"HLA-DQB1_CD4","HLA-DQB1 - CD4","MHC-II","Cell-Cell Contact","KEGG: hsa04514","Non-malignant"
"Myeloid-CLEC10A-APC","Mac-Cycling","HLA-DQB1","CD4",0.0587787034140545,0,"HLA-DQB1_CD4","HLA-DQB1 - CD4","MHC-II","Cell-Cell Contact","KEGG: hsa04514","Non-malignant"
"Myeloid-CLEC10A-APC","Mac-FOLR2-LYVE1-resident","HLA-DQB1","CD4",0.0810000456369357,0,"HLA-DQB1_CD4","HLA-DQB1 - CD4","MHC-II","Cell-Cell Contact","KEGG: hsa04514","Non-malignant"
"Myeloid-CLEC10A-APC","Mac-OLFML3-CX3CR1-resident","HLA-DQB1","CD4",0.0549089731626747,0,"HLA-DQB1_CD4","HLA-DQB1 - CD4","MHC-II","Cell-Cell Contact","KEGG: hsa04514","Non-malignant"
"Myeloid-CLEC10A-APC","Mac-TNF-CCL4-inflammatory","HLA-DQB1","CD4",0.0118717088005434,0,"HLA-DQB1_CD4","HLA-DQB1 - CD4","MHC-II","Cell-Cell Contact","KEGG: hsa04514","Non-malignant"
"Myeloid-CLEC10A-APC","Mono-FCN1-S100A8-S100A9","HLA-DQB1","CD4",0.0224882768956533,0,"HLA-DQB1_CD4","HLA-DQB1 - CD4","MHC-II","Cell-Cell Contact","KEGG: hsa04514","Non-malignant"
"C6-SLC2A1-like","Myeloid-CLEC10A-APC","HLA-DQB1","CD4",0.0225773818319202,0,"HLA-DQB1_CD4","HLA-DQB1 - CD4","MHC-II","Cell-Cell Contact","KEGG: hsa04514","Non-malignant"
"C7-APOBEC3A-like","Myeloid-CLEC10A-APC","HLA-DQB1","CD4",0.035473450050378,0,"HLA-DQB1_CD4","HLA-DQB1 - CD4","MHC-II","Cell-Cell Contact","KEGG: hsa04514","Non-malignant"
"Mac-Cycling","Myeloid-CLEC10A-APC","HLA-DQB1","CD4",0.0261286568461809,0,"HLA-DQB1_CD4","HLA-DQB1 - CD4","MHC-II","Cell-Cell Contact","KEGG: hsa04514","Non-malignant"
"Mac-FOLR2-LYVE1-resident","Myeloid-CLEC10A-APC","HLA-DQB1","CD4",0.0312999656401909,0,"HLA-DQB1_CD4","HLA-DQB1 - CD4","MHC-II","Cell-Cell Contact","KEGG: hsa04514","Non-malignant"
"Mac-OLFML3-CX3CR1-resident","Myeloid-CLEC10A-APC","HLA-DQB1","CD4",0.0562400873264346,0,"HLA-DQB1_CD4","HLA-DQB1 - CD4","MHC-II","Cell-Cell Contact","KEGG: hsa04514","Non-malignant"
"Mac-TNF-CCL4-inflammatory","Myeloid-CLEC10A-APC","HLA-DQB1","CD4",0.0133562950941021,0,"HLA-DQB1_CD4","HLA-DQB1 - CD4","MHC-II","Cell-Cell Contact","KEGG: hsa04514","Non-malignant"
"Mono-FCN1-S100A8-S100A9","Myeloid-CLEC10A-APC","HLA-DQB1","CD4",0.0201374834647485,0,"HLA-DQB1_CD4","HLA-DQB1 - CD4","MHC-II","Cell-Cell Contact","KEGG: hsa04514","Non-malignant"
"Myeloid-CLEC10A-APC","Myeloid-CLEC10A-APC","HLA-DQB1","CD4",0.0413425731212202,0,"HLA-DQB1_CD4","HLA-DQB1 - CD4","MHC-II","Cell-Cell Contact","KEGG: hsa04514","Non-malignant"
"Myeloid-CLEC10A-APC","C6-SLC2A1-like","HLA-DRA","CD4",0.146652151449561,0,"HLA-DRA_CD4","HLA-DRA - CD4","MHC-II","Cell-Cell Contact","KEGG: hsa04514","Non-malignant"
"Myeloid-CLEC10A-APC","C7-APOBEC3A-like","HLA-DRA","CD4",0.100256713658356,0,"HLA-DRA_CD4","HLA-DRA - CD4","MHC-II","Cell-Cell Contact","KEGG: hsa04514","Non-malignant"
"Myeloid-CLEC10A-APC","Mac-Cycling","HLA-DRA","CD4",0.121126251105606,0,"HLA-DRA_CD4","HLA-DRA - CD4","MHC-II","Cell-Cell Contact","KEGG: hsa04514","Non-malignant"
"Myeloid-CLEC10A-APC","Mac-FOLR2-LYVE1-resident","HLA-DRA","CD4",0.162840212158173,0,"HLA-DRA_CD4","HLA-DRA - CD4","MHC-II","Cell-Cell Contact","KEGG: hsa04514","Non-malignant"
"Myeloid-CLEC10A-APC","Mac-OLFML3-CX3CR1-resident","HLA-DRA","CD4",0.113647452748483,0,"HLA-DRA_CD4","HLA-DRA - CD4","MHC-II","Cell-Cell Contact","KEGG: hsa04514","Non-malignant"
"Myeloid-CLEC10A-APC","Mac-TNF-CCL4-inflammatory","HLA-DRA","CD4",0.0258296392144533,0,"HLA-DRA_CD4","HLA-DRA - CD4","MHC-II","Cell-Cell Contact","KEGG: hsa04514","Non-malignant"
"Myeloid-CLEC10A-APC","Mono-FCN1-S100A8-S100A9","HLA-DRA","CD4",0.0483180675301454,0,"HLA-DRA_CD4","HLA-DRA - CD4","MHC-II","Cell-Cell Contact","KEGG: hsa04514","Non-malignant"
"C6-SLC2A1-like","Myeloid-CLEC10A-APC","HLA-DRA","CD4",0.0777748957951961,0,"HLA-DRA_CD4","HLA-DRA - CD4","MHC-II","Cell-Cell Contact","KEGG: hsa04514","Non-malignant"
"C7-APOBEC3A-like","Myeloid-CLEC10A-APC","HLA-DRA","CD4",0.089095712384155,0,"HLA-DRA_CD4","HLA-DRA - CD4","MHC-II","Cell-Cell Contact","KEGG: hsa04514","Non-malignant"
"Mac-Cycling","Myeloid-CLEC10A-APC","HLA-DRA","CD4",0.072089940754342,0,"HLA-DRA_CD4","HLA-DRA - CD4","MHC-II","Cell-Cell Contact","KEGG: hsa04514","Non-malignant"
"Mac-FOLR2-LYVE1-resident","Myeloid-CLEC10A-APC","HLA-DRA","CD4",0.0822446049234822,0,"HLA-DRA_CD4","HLA-DRA - CD4","MHC-II","Cell-Cell Contact","KEGG: hsa04514","Non-malignant"
"Mac-NUPR1-IGF2-stress","Myeloid-CLEC10A-APC","HLA-DRA","CD4",0.014738462311255,0,"HLA-DRA_CD4","HLA-DRA - CD4","MHC-II","Cell-Cell Contact","KEGG: hsa04514","Non-malignant"
"Mac-OLFML3-CX3CR1-resident","Myeloid-CLEC10A-APC","HLA-DRA","CD4",0.0979366599926874,0,"HLA-DRA_CD4","HLA-DRA - CD4","MHC-II","Cell-Cell Contact","KEGG: hsa04514","Non-malignant"
"Mac-TNF-CCL4-inflammatory","Myeloid-CLEC10A-APC","HLA-DRA","CD4",0.0681639335077574,0,"HLA-DRA_CD4","HLA-DRA - CD4","MHC-II","Cell-Cell Contact","KEGG: hsa04514","Non-malignant"
"Mono-FCN1-S100A8-S100A9","Myeloid-CLEC10A-APC","HLA-DRA","CD4",0.0682492637093093,0,"HLA-DRA_CD4","HLA-DRA - CD4","MHC-II","Cell-Cell Contact","KEGG: hsa04514","Non-malignant"
"Myeloid-CLEC10A-APC","Myeloid-CLEC10A-APC","HLA-DRA","CD4",0.0869029516472648,0,"HLA-DRA_CD4","HLA-DRA - CD4","MHC-II","Cell-Cell Contact","KEGG: hsa04514","Non-malignant"
"Myeloid-CLEC10A-APC","C6-SLC2A1-like","HLA-DRB1","CD4",0.100774480111092,0,"HLA-DRB1_CD4","HLA-DRB1 - CD4","MHC-II","Cell-Cell Contact","KEGG: hsa04514","Non-malignant"
"Myeloid-CLEC10A-APC","C7-APOBEC3A-like","HLA-DRB1","CD4",0.0677409175703526,0,"HLA-DRB1_CD4","HLA-DRB1 - CD4","MHC-II","Cell-Cell Contact","KEGG: hsa04514","Non-malignant"
"Myeloid-CLEC10A-APC","Mac-Cycling","HLA-DRB1","CD4",0.0824622754420624,0,"HLA-DRB1_CD4","HLA-DRB1 - CD4","MHC-II","Cell-Cell Contact","KEGG: hsa04514","Non-malignant"
"Myeloid-CLEC10A-APC","Mac-FOLR2-LYVE1-resident","HLA-DRB1","CD4",0.112566398412278,0,"HLA-DRB1_CD4","HLA-DRB1 - CD4","MHC-II","Cell-Cell Contact","KEGG: hsa04514","Non-malignant"
"Myeloid-CLEC10A-APC","Mac-OLFML3-CX3CR1-resident","HLA-DRB1","CD4",0.0771611481153587,0,"HLA-DRB1_CD4","HLA-DRB1 - CD4","MHC-II","Cell-Cell Contact","KEGG: hsa04514","Non-malignant"
"Myeloid-CLEC10A-APC","Mac-TNF-CCL4-inflammatory","HLA-DRB1","CD4",0.0169964459699344,0,"HLA-DRB1_CD4","HLA-DRB1 - CD4","MHC-II","Cell-Cell Contact","KEGG: hsa04514","Non-malignant"
"Myeloid-CLEC10A-APC","Mono-FCN1-S100A8-S100A9","HLA-DRB1","CD4",0.0320473016952506,0,"HLA-DRB1_CD4","HLA-DRB1 - CD4","MHC-II","Cell-Cell Contact","KEGG: hsa04514","Non-malignant"
"C6-SLC2A1-like","Myeloid-CLEC10A-APC","HLA-DRB1","CD4",0.0357733706184007,0,"HLA-DRB1_CD4","HLA-DRB1 - CD4","MHC-II","Cell-Cell Contact","KEGG: hsa04514","Non-malignant"
"C7-APOBEC3A-like","Myeloid-CLEC10A-APC","HLA-DRB1","CD4",0.0508200272986863,0,"HLA-DRB1_CD4","HLA-DRB1 - CD4","MHC-II","Cell-Cell Contact","KEGG: hsa04514","Non-malignant"
"Mac-Cycling","Myeloid-CLEC10A-APC","HLA-DRB1","CD4",0.0483348268428973,0,"HLA-DRB1_CD4","HLA-DRB1 - CD4","MHC-II","Cell-Cell Contact","KEGG: hsa04514","Non-malignant"
"Mac-FOLR2-LYVE1-resident","Myeloid-CLEC10A-APC","HLA-DRB1","CD4",0.055521523396257,0,"HLA-DRB1_CD4","HLA-DRB1 - CD4","MHC-II","Cell-Cell Contact","KEGG: hsa04514","Non-malignant"
"Mac-OLFML3-CX3CR1-resident","Myeloid-CLEC10A-APC","HLA-DRB1","CD4",0.0744706583596483,0,"HLA-DRB1_CD4","HLA-DRB1 - CD4","MHC-II","Cell-Cell Contact","KEGG: hsa04514","Non-malignant"
"Mac-TNF-CCL4-inflammatory","Myeloid-CLEC10A-APC","HLA-DRB1","CD4",0.0399303332706943,0,"HLA-DRB1_CD4","HLA-DRB1 - CD4","MHC-II","Cell-Cell Contact","KEGG: hsa04514","Non-malignant"
"Mono-FCN1-S100A8-S100A9","Myeloid-CLEC10A-APC","HLA-DRB1","CD4",0.0421968598966321,0,"HLA-DRB1_CD4","HLA-DRB1 - CD4","MHC-II","Cell-Cell Contact","KEGG: hsa04514","Non-malignant"
"Myeloid-CLEC10A-APC","Myeloid-CLEC10A-APC","HLA-DRB1","CD4",0.0584368305078651,0,"HLA-DRB1_CD4","HLA-DRB1 - CD4","MHC-II","Cell-Cell Contact","KEGG: hsa04514","Non-malignant"
"Myeloid-CLEC10A-APC","C6-SLC2A1-like","PECAM1","PECAM1",0.00350995568298794,0,"PECAM1_PECAM1","PECAM1 - PECAM1","PECAM1","Cell-Cell Contact","KEGG: hsa04514","Non-malignant"
"Myeloid-CLEC10A-APC","C7-APOBEC3A-like","PECAM1","PECAM1",0.0155616599009141,0,"PECAM1_PECAM1","PECAM1 - PECAM1","PECAM1","Cell-Cell Contact","KEGG: hsa04514","Non-malignant"
"Myeloid-CLEC10A-APC","Mac-Cycling","PECAM1","PECAM1",0.00273788073764242,0,"PECAM1_PECAM1","PECAM1 - PECAM1","PECAM1","Cell-Cell Contact","KEGG: hsa04514","Non-malignant"
"Myeloid-CLEC10A-APC","Mac-FOLR2-LYVE1-resident","PECAM1","PECAM1",0.004699104138102,0,"PECAM1_PECAM1","PECAM1 - PECAM1","PECAM1","Cell-Cell Contact","KEGG: hsa04514","Non-malignant"
"Myeloid-CLEC10A-APC","Mac-OLFML3-CX3CR1-resident","PECAM1","PECAM1",0.00940404833383501,0,"PECAM1_PECAM1","PECAM1 - PECAM1","PECAM1","Cell-Cell Contact","KEGG: hsa04514","Non-malignant"
"Myeloid-CLEC10A-APC","Mac-TNF-CCL4-inflammatory","PECAM1","PECAM1",0.00330661178327307,0,"PECAM1_PECAM1","PECAM1 - PECAM1","PECAM1","Cell-Cell Contact","KEGG: hsa04514","Non-malignant"
"Myeloid-CLEC10A-APC","Mono-FCN1-S100A8-S100A9","PECAM1","PECAM1",0.00718206916568937,0,"PECAM1_PECAM1","PECAM1 - PECAM1","PECAM1","Cell-Cell Contact","KEGG: hsa04514","Non-malignant"
"C6-SLC2A1-like","Myeloid-CLEC10A-APC","PECAM1","PECAM1",0.00350995568298794,0,"PECAM1_PECAM1","PECAM1 - PECAM1","PECAM1","Cell-Cell Contact","KEGG: hsa04514","Non-malignant"
"C7-APOBEC3A-like","Myeloid-CLEC10A-APC","PECAM1","PECAM1",0.0155616599009141,0,"PECAM1_PECAM1","PECAM1 - PECAM1","PECAM1","Cell-Cell Contact","KEGG: hsa04514","Non-malignant"
"Mac-Cycling","Myeloid-CLEC10A-APC","PECAM1","PECAM1",0.00273788073764242,0,"PECAM1_PECAM1","PECAM1 - PECAM1","PECAM1","Cell-Cell Contact","KEGG: hsa04514","Non-malignant"
"Mac-FOLR2-LYVE1-resident","Myeloid-CLEC10A-APC","PECAM1","PECAM1",0.004699104138102,0,"PECAM1_PECAM1","PECAM1 - PECAM1","PECAM1","Cell-Cell Contact","KEGG: hsa04514","Non-malignant"
"Mac-OLFML3-CX3CR1-resident","Myeloid-CLEC10A-APC","PECAM1","PECAM1",0.00940404833383501,0,"PECAM1_PECAM1","PECAM1 - PECAM1","PECAM1","Cell-Cell Contact","KEGG: hsa04514","Non-malignant"
"Mac-TNF-CCL4-inflammatory","Myeloid-CLEC10A-APC","PECAM1","PECAM1",0.00330661178327307,0,"PECAM1_PECAM1","PECAM1 - PECAM1","PECAM1","Cell-Cell Contact","KEGG: hsa04514","Non-malignant"
"Mono-FCN1-S100A8-S100A9","Myeloid-CLEC10A-APC","PECAM1","PECAM1",0.00718206916568937,0,"PECAM1_PECAM1","PECAM1 - PECAM1","PECAM1","Cell-Cell Contact","KEGG: hsa04514","Non-malignant"
"Myeloid-CLEC10A-APC","Myeloid-CLEC10A-APC","PECAM1","PECAM1",0.0118054733424703,0,"PECAM1_PECAM1","PECAM1 - PECAM1","PECAM1","Cell-Cell Contact","KEGG: hsa04514","Non-malignant"
"C6-SLC2A1-like","Myeloid-CLEC10A-APC","SEMA4A","PLXNB2",0.002823379773475,0,"SEMA4A_PLXNB2","SEMA4A - PLXNB2","SEMA4","Cell-Cell Contact","PMID: 27533782","Non-malignant"
"C7-APOBEC3A-like","Myeloid-CLEC10A-APC","SEMA4D","PLXNB2",0.00100620907586933,0,"SEMA4D_PLXNB2","SEMA4D - PLXNB2","SEMA4","Cell-Cell Contact","PMID: 27533782","Non-malignant"
"Mac-OLFML3-CX3CR1-resident","Myeloid-CLEC10A-APC","SEMA4D","PLXNB2",0.000819021005591604,0,"SEMA4D_PLXNB2","SEMA4D - PLXNB2","SEMA4","Cell-Cell Contact","PMID: 27533782","Non-malignant"
"C6-SLC2A1-like","Myeloid-CLEC10A-APC","SIGLEC1","SPN",0.00397996517330217,0,"SIGLEC1_SPN","SIGLEC1 - SPN","SN","Cell-Cell Contact","KEGG: hsa04514; PMID: 11238599","Non-malignant"
"C7-APOBEC3A-like","Myeloid-CLEC10A-APC","SIGLEC1","SPN",0.00103732454575477,0,"SIGLEC1_SPN","SIGLEC1 - SPN","SN","Cell-Cell Contact","KEGG: hsa04514; PMID: 11238599","Non-malignant"
"Mac-Cycling","Myeloid-CLEC10A-APC","SIGLEC1","SPN",0.00310433626119843,0,"SIGLEC1_SPN","SIGLEC1 - SPN","SN","Cell-Cell Contact","KEGG: hsa04514; PMID: 11238599","Non-malignant"
"Mac-FOLR2-LYVE1-resident","Myeloid-CLEC10A-APC","SIGLEC1","SPN",0.00521965423425681,0,"SIGLEC1_SPN","SIGLEC1 - SPN","SN","Cell-Cell Contact","KEGG: hsa04514; PMID: 11238599","Non-malignant"
"Mac-OLFML3-CX3CR1-resident","Myeloid-CLEC10A-APC","SIGLEC1","SPN",0.000946153812892079,0,"SIGLEC1_SPN","SIGLEC1 - SPN","SN","Cell-Cell Contact","KEGG: hsa04514; PMID: 11238599","Non-malignant"
"Mac-TNF-CCL4-inflammatory","Myeloid-CLEC10A-APC","SIGLEC1","SPN",0.00171837939191744,0,"SIGLEC1_SPN","SIGLEC1 - SPN","SN","Cell-Cell Contact","KEGG: hsa04514; PMID: 11238599","Non-malignant"
"Myeloid-CLEC10A-APC","C6-SLC2A1-like","ITGAV_ITGB1","ADGRE2",0.00203747114886677,0,"ITGAV_ITGB1_ADGRE2","(ITGAV+ITGB1) - ADGRE2","ADGRE","Cell-Cell Contact","PMID: 31462748","Non-malignant"
"Myeloid-CLEC10A-APC","C7-APOBEC3A-like","ITGAV_ITGB1","ADGRE2",0.00327638372083058,0,"ITGAV_ITGB1_ADGRE2","(ITGAV+ITGB1) - ADGRE2","ADGRE","Cell-Cell Contact","PMID: 31462748","Non-malignant"
"Myeloid-CLEC10A-APC","Mac-OLFML3-CX3CR1-resident","ITGAV_ITGB1","ADGRE2",0.000986571269757533,0,"ITGAV_ITGB1_ADGRE2","(ITGAV+ITGB1) - ADGRE2","ADGRE","Cell-Cell Contact","PMID: 31462748","Non-malignant"
"Myeloid-CLEC10A-APC","Mono-FCN1-S100A8-S100A9","ITGAV_ITGB1","ADGRE2",0.00333087682977343,0,"ITGAV_ITGB1_ADGRE2","(ITGAV+ITGB1) - ADGRE2","ADGRE","Cell-Cell Contact","PMID: 31462748","Non-malignant"
"C6-SLC2A1-like","Myeloid-CLEC10A-APC","ITGAV_ITGB1","ADGRE2",0.00277274777562583,0,"ITGAV_ITGB1_ADGRE2","(ITGAV+ITGB1) - ADGRE2","ADGRE","Cell-Cell Contact","PMID: 31462748","Non-malignant"
"Mac-Cycling","Myeloid-CLEC10A-APC","ITGAV_ITGB1","ADGRE2",0.00243041162381597,0,"ITGAV_ITGB1_ADGRE2","(ITGAV+ITGB1) - ADGRE2","ADGRE","Cell-Cell Contact","PMID: 31462748","Non-malignant"
"Mac-OLFML3-CX3CR1-resident","Myeloid-CLEC10A-APC","ITGAV_ITGB1","ADGRE2",0.00256649269529275,0,"ITGAV_ITGB1_ADGRE2","(ITGAV+ITGB1) - ADGRE2","ADGRE","Cell-Cell Contact","PMID: 31462748","Non-malignant"
"Myeloid-CLEC10A-APC","Myeloid-CLEC10A-APC","ITGAV_ITGB1","ADGRE2",0.00212402738366245,0,"ITGAV_ITGB1_ADGRE2","(ITGAV+ITGB1) - ADGRE2","ADGRE","Cell-Cell Contact","PMID: 31462748","Non-malignant"
"Myeloid-CLEC10A-APC","C6-SLC2A1-like","CD55","ADGRE5",0.00522515079415216,0,"CD55_ADGRE5","CD55 - ADGRE5","ADGRE","Cell-Cell Contact","PMID: 31462748","Non-malignant"
"Myeloid-CLEC10A-APC","C7-APOBEC3A-like","CD55","ADGRE5",0.0255361680420008,0,"CD55_ADGRE5","CD55 - ADGRE5","ADGRE","Cell-Cell Contact","PMID: 31462748","Non-malignant"
"Myeloid-CLEC10A-APC","Mac-FOLR2-LYVE1-resident","CD55","ADGRE5",0.00594874948319519,0,"CD55_ADGRE5","CD55 - ADGRE5","ADGRE","Cell-Cell Contact","PMID: 31462748","Non-malignant"
"Myeloid-CLEC10A-APC","Mac-OLFML3-CX3CR1-resident","CD55","ADGRE5",0.00400841222241633,0.02,"CD55_ADGRE5","CD55 - ADGRE5","ADGRE","Cell-Cell Contact","PMID: 31462748","Non-malignant"
"Myeloid-CLEC10A-APC","Mono-FCN1-S100A8-S100A9","CD55","ADGRE5",0.0239937748960023,0,"CD55_ADGRE5","CD55 - ADGRE5","ADGRE","Cell-Cell Contact","PMID: 31462748","Non-malignant"
"C7-APOBEC3A-like","Myeloid-CLEC10A-APC","CD55","ADGRE5",0.0228228183658584,0,"CD55_ADGRE5","CD55 - ADGRE5","ADGRE","Cell-Cell Contact","PMID: 31462748","Non-malignant"
"Mac-Cycling","Myeloid-CLEC10A-APC","CD55","ADGRE5",0.0103878013438138,0.01,"CD55_ADGRE5","CD55 - ADGRE5","ADGRE","Cell-Cell Contact","PMID: 31462748","Non-malignant"
"Mac-FOLR2-LYVE1-resident","Myeloid-CLEC10A-APC","CD55","ADGRE5",0.00474124896990811,0.03,"CD55_ADGRE5","CD55 - ADGRE5","ADGRE","Cell-Cell Contact","PMID: 31462748","Non-malignant"
"Mac-OLFML3-CX3CR1-resident","Myeloid-CLEC10A-APC","CD55","ADGRE5",0.0044266564413157,0.03,"CD55_ADGRE5","CD55 - ADGRE5","ADGRE","Cell-Cell Contact","PMID: 31462748","Non-malignant"
"Mac-TNF-CCL4-inflammatory","Myeloid-CLEC10A-APC","CD55","ADGRE5",0.00627344675385378,0.03,"CD55_ADGRE5","CD55 - ADGRE5","ADGRE","Cell-Cell Contact","PMID: 31462748","Non-malignant"
"Mono-FCN1-S100A8-S100A9","Myeloid-CLEC10A-APC","CD55","ADGRE5",0.0288222499162989,0,"CD55_ADGRE5","CD55 - ADGRE5","ADGRE","Cell-Cell Contact","PMID: 31462748","Non-malignant"
"Myeloid-CLEC10A-APC","Myeloid-CLEC10A-APC","CD55","ADGRE5",0.017295409486197,0,"CD55_ADGRE5","CD55 - ADGRE5","ADGRE","Cell-Cell Contact","PMID: 31462748","Non-malignant"
"Myeloid-CLEC10A-APC","C7-APOBEC3A-like","ITGAV_ITGB1","ADGRE5",0.0102493527796821,0,"ITGAV_ITGB1_ADGRE5","(ITGAV+ITGB1) - ADGRE5","ADGRE","Cell-Cell Contact","PMID: 31462748","Non-malignant"
"Myeloid-CLEC10A-APC","Mono-FCN1-S100A8-S100A9","ITGAV_ITGB1","ADGRE5",0.00962117212096546,0,"ITGAV_ITGB1_ADGRE5","(ITGAV+ITGB1) - ADGRE5","ADGRE","Cell-Cell Contact","PMID: 31462748","Non-malignant"
"C6-SLC2A1-like","Myeloid-CLEC10A-APC","ITGAV_ITGB1","ADGRE5",0.0090031289966762,0,"ITGAV_ITGB1_ADGRE5","(ITGAV+ITGB1) - ADGRE5","ADGRE","Cell-Cell Contact","PMID: 31462748","Non-malignant"
"Mac-Cycling","Myeloid-CLEC10A-APC","ITGAV_ITGB1","ADGRE5",0.00789765343150126,0,"ITGAV_ITGB1_ADGRE5","(ITGAV+ITGB1) - ADGRE5","ADGRE","Cell-Cell Contact","PMID: 31462748","Non-malignant"
"Mac-OLFML3-CX3CR1-resident","Myeloid-CLEC10A-APC","ITGAV_ITGB1","ADGRE5",0.00833729220382376,0,"ITGAV_ITGB1_ADGRE5","(ITGAV+ITGB1) - ADGRE5","ADGRE","Cell-Cell Contact","PMID: 31462748","Non-malignant"
"Myeloid-CLEC10A-APC","Myeloid-CLEC10A-APC","ITGAV_ITGB1","ADGRE5",0.00690682584010783,0.01,"ITGAV_ITGB1_ADGRE5","(ITGAV+ITGB1) - ADGRE5","ADGRE","Cell-Cell Contact","PMID: 31462748","Non-malignant"
"Myeloid-CLEC10A-APC","Mac-OLFML3-CX3CR1-resident","APP","SORL1",0.00458230726266283,0.01,"APP_SORL1","APP - SORL1","APP","Cell-Cell Contact","PMID: 24523320","Non-malignant"
"C6-SLC2A1-like","Myeloid-CLEC10A-APC","APP","SORL1",0.011840916528449,0,"APP_SORL1","APP - SORL1","APP","Cell-Cell Contact","PMID: 24523320","Non-malignant"
"Mac-Cycling","Myeloid-CLEC10A-APC","APP","SORL1",0.00434834104841677,0.02,"APP_SORL1","APP - SORL1","APP","Cell-Cell Contact","PMID: 24523320","Non-malignant"
"Mac-FOLR2-LYVE1-resident","Myeloid-CLEC10A-APC","APP","SORL1",0.00566286056244343,0,"APP_SORL1","APP - SORL1","APP","Cell-Cell Contact","PMID: 24523320","Non-malignant"
"Mac-OLFML3-CX3CR1-resident","Myeloid-CLEC10A-APC","APP","SORL1",0.00342048902963487,0.02,"APP_SORL1","APP - SORL1","APP","Cell-Cell Contact","PMID: 24523320","Non-malignant"
"Mac-TNF-CCL4-inflammatory","Myeloid-CLEC10A-APC","APP","SORL1",0.00752286311344261,0,"APP_SORL1","APP - SORL1","APP","Cell-Cell Contact","PMID: 24523320","Non-malignant"
"Myeloid-CLEC10A-APC","Myeloid-CLEC10A-APC","APP","SORL1",0.00253144352056233,0.03,"APP_SORL1","APP - SORL1","APP","Cell-Cell Contact","PMID: 24523320","Non-malignant"
"Myeloid-CLEC10A-APC","C6-SLC2A1-like","APP","TNFRSF21",0.00031944775289943,0,"APP_TNFRSF21","APP - TNFRSF21","APP","Cell-Cell Contact","PMID: 33075465","Non-malignant"
"Myeloid-CLEC10A-APC","C6-SLC2A1-like","APP","TREM2_TYROBP",0.00928985982577602,0,"APP_TREM2_TYROBP","APP - (TREM2+TYROBP)","APP","Cell-Cell Contact","PMID:27477013","Non-malignant"
"Myeloid-CLEC10A-APC","Mac-Cycling","APP","TREM2_TYROBP",0.00506991971865358,0,"APP_TREM2_TYROBP","APP - (TREM2+TYROBP)","APP","Cell-Cell Contact","PMID:27477013","Non-malignant"
"Myeloid-CLEC10A-APC","Mac-FOLR2-LYVE1-resident","APP","TREM2_TYROBP",0.00413400356889441,0,"APP_TREM2_TYROBP","APP - (TREM2+TYROBP)","APP","Cell-Cell Contact","PMID:27477013","Non-malignant"
"Myeloid-CLEC10A-APC","Mac-OLFML3-CX3CR1-resident","APP","TREM2_TYROBP",0.00892337566251609,0,"APP_TREM2_TYROBP","APP - (TREM2+TYROBP)","APP","Cell-Cell Contact","PMID:27477013","Non-malignant"
"C6-SLC2A1-like","Myeloid-CLEC10A-APC","APP","TREM2_TYROBP",0.0146626521221555,0,"APP_TREM2_TYROBP","APP - (TREM2+TYROBP)","APP","Cell-Cell Contact","PMID:27477013","Non-malignant"
"C7-APOBEC3A-like","Myeloid-CLEC10A-APC","APP","TREM2_TYROBP",0.00353577652593351,0,"APP_TREM2_TYROBP","APP - (TREM2+TYROBP)","APP","Cell-Cell Contact","PMID:27477013","Non-malignant"
"Mac-Cycling","Myeloid-CLEC10A-APC","APP","TREM2_TYROBP",0.005394314325645,0,"APP_TREM2_TYROBP","APP - (TREM2+TYROBP)","APP","Cell-Cell Contact","PMID:27477013","Non-malignant"
"Mac-FOLR2-LYVE1-resident","Myeloid-CLEC10A-APC","APP","TREM2_TYROBP",0.00702280509351562,0,"APP_TREM2_TYROBP","APP - (TREM2+TYROBP)","APP","Cell-Cell Contact","PMID:27477013","Non-malignant"
"Mac-OLFML3-CX3CR1-resident","Myeloid-CLEC10A-APC","APP","TREM2_TYROBP",0.00424422321326859,0,"APP_TREM2_TYROBP","APP - (TREM2+TYROBP)","APP","Cell-Cell Contact","PMID:27477013","Non-malignant"
"Mac-TNF-CCL4-inflammatory","Myeloid-CLEC10A-APC","APP","TREM2_TYROBP",0.00932530090029957,0,"APP_TREM2_TYROBP","APP - (TREM2+TYROBP)","APP","Cell-Cell Contact","PMID:27477013","Non-malignant"
"Myeloid-CLEC10A-APC","Myeloid-CLEC10A-APC","APP","TREM2_TYROBP",0.00314174960858603,0,"APP_TREM2_TYROBP","APP - (TREM2+TYROBP)","APP","Cell-Cell Contact","PMID:27477013","Non-malignant"
"Mac-OLFML3-CX3CR1-resident","Myeloid-CLEC10A-APC","ADORA3","ENTPD1",0.00165022861686365,0,"ENTPD1_ADORA3","ADORA3 - ENTPD1","CD39","Cell-Cell Contact","uniprot","Non-malignant"
"C6-SLC2A1-like","Myeloid-CLEC10A-APC","APOE","TREM2_TYROBP",0.0620581558450351,0,"APOE_TREM2_TYROBP","APOE - TREM2","ApoE","Cell-Cell Contact","uniprot;PMID:27477015","Non-malignant"
"C7-APOBEC3A-like","Myeloid-CLEC10A-APC","APOE","TREM2_TYROBP",0.00526691858070806,0,"APOE_TREM2_TYROBP","APOE - TREM2","ApoE","Cell-Cell Contact","uniprot;PMID:27477015","Non-malignant"
"Mac-Cycling","Myeloid-CLEC10A-APC","APOE","TREM2_TYROBP",0.0202845129985985,0,"APOE_TREM2_TYROBP","APOE - TREM2","ApoE","Cell-Cell Contact","uniprot;PMID:27477015","Non-malignant"
"Mac-FOLR2-LYVE1-resident","Myeloid-CLEC10A-APC","APOE","TREM2_TYROBP",0.0122999941313071,0,"APOE_TREM2_TYROBP","APOE - TREM2","ApoE","Cell-Cell Contact","uniprot;PMID:27477015","Non-malignant"
"Mac-OLFML3-CX3CR1-resident","Myeloid-CLEC10A-APC","APOE","TREM2_TYROBP",0.0470258075064655,0,"APOE_TREM2_TYROBP","APOE - TREM2","ApoE","Cell-Cell Contact","uniprot;PMID:27477015","Non-malignant"
"Mac-TNF-CCL4-inflammatory","Myeloid-CLEC10A-APC","APOE","TREM2_TYROBP",0.00454391513888449,0,"APOE_TREM2_TYROBP","APOE - TREM2","ApoE","Cell-Cell Contact","uniprot;PMID:27477015","Non-malignant"
"Myeloid-CLEC10A-APC","C6-SLC2A1-like","LAIR1","LILRB4",0.011150827695888,0,"LAIR1_LILRB4","LAIR1 - LILRB4","LAIR1","Cell-Cell Contact","PMID:19283782","Non-malignant"
"Myeloid-CLEC10A-APC","C7-APOBEC3A-like","LAIR1","LILRB4",0.00648663936075671,0,"LAIR1_LILRB4","LAIR1 - LILRB4","LAIR1","Cell-Cell Contact","PMID:19283782","Non-malignant"
"Myeloid-CLEC10A-APC","Mac-Cycling","LAIR1","LILRB4",0.0040829725595557,0,"LAIR1_LILRB4","LAIR1 - LILRB4","LAIR1","Cell-Cell Contact","PMID:19283782","Non-malignant"
"Myeloid-CLEC10A-APC","Mac-FOLR2-LYVE1-resident","LAIR1","LILRB4",0.0058933548533801,0,"LAIR1_LILRB4","LAIR1 - LILRB4","LAIR1","Cell-Cell Contact","PMID:19283782","Non-malignant"
"Myeloid-CLEC10A-APC","Mac-OLFML3-CX3CR1-resident","LAIR1","LILRB4",0.0133833303404798,0,"LAIR1_LILRB4","LAIR1 - LILRB4","LAIR1","Cell-Cell Contact","PMID:19283782","Non-malignant"
"C6-SLC2A1-like","Myeloid-CLEC10A-APC","LAIR1","LILRB4",0.00750599513913314,0,"LAIR1_LILRB4","LAIR1 - LILRB4","LAIR1","Cell-Cell Contact","PMID:19283782","Non-malignant"
"C7-APOBEC3A-like","Myeloid-CLEC10A-APC","LAIR1","LILRB4",0.00444046260524197,0,"LAIR1_LILRB4","LAIR1 - LILRB4","LAIR1","Cell-Cell Contact","PMID:19283782","Non-malignant"
"Mac-Cycling","Myeloid-CLEC10A-APC","LAIR1","LILRB4",0.00565795424481286,0,"LAIR1_LILRB4","LAIR1 - LILRB4","LAIR1","Cell-Cell Contact","PMID:19283782","Non-malignant"
"Mac-FOLR2-LYVE1-resident","Myeloid-CLEC10A-APC","LAIR1","LILRB4",0.00732085460380508,0,"LAIR1_LILRB4","LAIR1 - LILRB4","LAIR1","Cell-Cell Contact","PMID:19283782","Non-malignant"
"Mac-OLFML3-CX3CR1-resident","Myeloid-CLEC10A-APC","LAIR1","LILRB4",0.0075349138421062,0,"LAIR1_LILRB4","LAIR1 - LILRB4","LAIR1","Cell-Cell Contact","PMID:19283782","Non-malignant"
"Mac-TNF-CCL4-inflammatory","Myeloid-CLEC10A-APC","LAIR1","LILRB4",0.00163105939343692,0,"LAIR1_LILRB4","LAIR1 - LILRB4","LAIR1","Cell-Cell Contact","PMID:19283782","Non-malignant"
"Myeloid-CLEC10A-APC","Myeloid-CLEC10A-APC","LAIR1","LILRB4",0.0042617666360329,0,"LAIR1_LILRB4","LAIR1 - LILRB4","LAIR1","Cell-Cell Contact","PMID:19283782","Non-malignant"
"Myeloid-CLEC10A-APC","C7-APOBEC3A-like","PECAM1","CD38",0.00412875206118669,0,"PECAM1_CD38","PECAM1 - CD38","PECAM2","Cell-Cell Contact","PMID:26407101","Non-malignant"
"Myeloid-CLEC10A-APC","C6-SLC2A1-like","TGFB1","TGFbR1_R2",0.00835482891252427,0,"TGFB1_TGFBR1_TGFBR2","TGFB1 - (TGFBR1+TGFBR2)","TGFb","Secreted Signaling","KEGG: hsa04350","Early"
"Myeloid-CLEC10A-APC","C7-APOBEC3A-like","TGFB1","TGFbR1_R2",0.0161017109993081,0,"TGFB1_TGFBR1_TGFBR2","TGFB1 - (TGFBR1+TGFBR2)","TGFb","Secreted Signaling","KEGG: hsa04350","Early"
"Myeloid-CLEC10A-APC","Mac-Cycling","TGFB1","TGFbR1_R2",0.00602933227291322,0,"TGFB1_TGFBR1_TGFBR2","TGFB1 - (TGFBR1+TGFBR2)","TGFb","Secreted Signaling","KEGG: hsa04350","Early"
"Myeloid-CLEC10A-APC","Mac-OLFML3-CX3CR1-resident","TGFB1","TGFbR1_R2",0.0137474357313374,0,"TGFB1_TGFBR1_TGFBR2","TGFB1 - (TGFBR1+TGFBR2)","TGFb","Secreted Signaling","KEGG: hsa04350","Early"
"C6-SLC2A1-like","Myeloid-CLEC10A-APC","TGFB1","TGFbR1_R2",0.0044404805799919,0,"TGFB1_TGFBR1_TGFBR2","TGFB1 - (TGFBR1+TGFBR2)","TGFb","Secreted Signaling","KEGG: hsa04350","Early"
"C7-APOBEC3A-like","Myeloid-CLEC10A-APC","TGFB1","TGFbR1_R2",0.00671797222855816,0,"TGFB1_TGFBR1_TGFBR2","TGFB1 - (TGFBR1+TGFBR2)","TGFb","Secreted Signaling","KEGG: hsa04350","Early"
"Mac-Cycling","Myeloid-CLEC10A-APC","TGFB1","TGFbR1_R2",0.00631660319614322,0,"TGFB1_TGFBR1_TGFBR2","TGFB1 - (TGFBR1+TGFBR2)","TGFb","Secreted Signaling","KEGG: hsa04350","Early"
"Mac-OLFML3-CX3CR1-resident","Myeloid-CLEC10A-APC","TGFB1","TGFbR1_R2",0.00463541617483035,0,"TGFB1_TGFBR1_TGFBR2","TGFB1 - (TGFBR1+TGFBR2)","TGFb","Secreted Signaling","KEGG: hsa04350","Early"
"Mono-FCN1-S100A8-S100A9","Myeloid-CLEC10A-APC","TGFB1","TGFbR1_R2",0.00283342672491443,0,"TGFB1_TGFBR1_TGFBR2","TGFB1 - (TGFBR1+TGFBR2)","TGFb","Secreted Signaling","KEGG: hsa04350","Early"
"Myeloid-CLEC10A-APC","Myeloid-CLEC10A-APC","TGFB1","TGFbR1_R2",0.00716839038233411,0,"TGFB1_TGFBR1_TGFBR2","TGFB1 - (TGFBR1+TGFBR2)","TGFb","Secreted Signaling","KEGG: hsa04350","Early"
"Myeloid-CLEC10A-APC","C7-APOBEC3A-like","TGFB1","ACVR1B_TGFbR2",0.0030930785530129,0,"TGFB1_ACVR1B_TGFBR2","TGFB1 - (ACVR1B+TGFBR2)","TGFb","Secreted Signaling","PMID: 27449815","Early"
"Myeloid-CLEC10A-APC","Mac-FOLR2-LYVE1-resident","CCL5","CCR1",0.00101471372891532,0.03,"CCL5_CCR1","CCL5 - CCR1","CCL","Secreted Signaling","KEGG: hsa04060","Early"
"C6-SLC2A1-like","Myeloid-CLEC10A-APC","CCL5","CCR1",0.0048671592890578,0.04,"CCL5_CCR1","CCL5 - CCR1","CCL","Secreted Signaling","KEGG: hsa04060","Early"
"C7-APOBEC3A-like","Myeloid-CLEC10A-APC","CCL5","CCR1",0.0128956473262552,0,"CCL5_CCR1","CCL5 - CCR1","CCL","Secreted Signaling","KEGG: hsa04060","Early"
"Mac-OLFML3-CX3CR1-resident","Myeloid-CLEC10A-APC","CCL5","CCR1",0.00884472451705517,0,"CCL5_CCR1","CCL5 - CCR1","CCL","Secreted Signaling","KEGG: hsa04060","Early"
"Mac-TNF-CCL4-inflammatory","Myeloid-CLEC10A-APC","CCL5","CCR1",0.00980067799910522,0.02,"CCL5_CCR1","CCL5 - CCR1","CCL","Secreted Signaling","KEGG: hsa04060","Early"
"Myeloid-CLEC10A-APC","C6-SLC2A1-like","CCL3","CCR1",0.0846939030984332,0,"CCL3_CCR1","CCL3 - CCR1","CCL","Secreted Signaling","KEGG: hsa04060","Early"
"Myeloid-CLEC10A-APC","C7-APOBEC3A-like","CCL3","CCR1",0.0933962729349921,0,"CCL3_CCR1","CCL3 - CCR1","CCL","Secreted Signaling","KEGG: hsa04060","Early"
"Myeloid-CLEC10A-APC","Mac-Cycling","CCL3","CCR1",0.0645781793092849,0,"CCL3_CCR1","CCL3 - CCR1","CCL","Secreted Signaling","KEGG: hsa04060","Early"
"Myeloid-CLEC10A-APC","Mac-FOLR2-LYVE1-resident","CCL3","CCR1",0.0294410373642864,0,"CCL3_CCR1","CCL3 - CCR1","CCL","Secreted Signaling","KEGG: hsa04060","Early"
"Myeloid-CLEC10A-APC","Mac-OLFML3-CX3CR1-resident","CCL3","CCR1",0.0279977357600861,0,"CCL3_CCR1","CCL3 - CCR1","CCL","Secreted Signaling","KEGG: hsa04060","Early"
"Myeloid-CLEC10A-APC","Mono-FCN1-S100A8-S100A9","CCL3","CCR1",0.0455885886577645,0,"CCL3_CCR1","CCL3 - CCR1","CCL","Secreted Signaling","KEGG: hsa04060","Early"
"C6-SLC2A1-like","Myeloid-CLEC10A-APC","CCL3","CCR1",0.0310920253064154,0,"CCL3_CCR1","CCL3 - CCR1","CCL","Secreted Signaling","KEGG: hsa04060","Early"
"C7-APOBEC3A-like","Myeloid-CLEC10A-APC","CCL3","CCR1",0.0319056943661449,0,"CCL3_CCR1","CCL3 - CCR1","CCL","Secreted Signaling","KEGG: hsa04060","Early"
"Mac-Cycling","Myeloid-CLEC10A-APC","CCL3","CCR1",0.0397174127751537,0,"CCL3_CCR1","CCL3 - CCR1","CCL","Secreted Signaling","KEGG: hsa04060","Early"
"Mac-FOLR2-LYVE1-resident","Myeloid-CLEC10A-APC","CCL3","CCR1",0.0277235771172667,0,"CCL3_CCR1","CCL3 - CCR1","CCL","Secreted Signaling","KEGG: hsa04060","Early"
"Mac-NUPR1-IGF2-stress","Myeloid-CLEC10A-APC","CCL3","CCR1",0.00814011994679773,0,"CCL3_CCR1","CCL3 - CCR1","CCL","Secreted Signaling","KEGG: hsa04060","Early"
"Mac-OLFML3-CX3CR1-resident","Myeloid-CLEC10A-APC","CCL3","CCR1",0.0434454098312515,0,"CCL3_CCR1","CCL3 - CCR1","CCL","Secreted Signaling","KEGG: hsa04060","Early"
"Mac-TNF-CCL4-inflammatory","Myeloid-CLEC10A-APC","CCL3","CCR1",0.0469333281665237,0,"CCL3_CCR1","CCL3 - CCR1","CCL","Secreted Signaling","KEGG: hsa04060","Early"
"Mono-FCN1-S100A8-S100A9","Myeloid-CLEC10A-APC","CCL3","CCR1",0.0265944022933169,0,"CCL3_CCR1","CCL3 - CCR1","CCL","Secreted Signaling","KEGG: hsa04060","Early"
"Myeloid-CLEC10A-APC","Myeloid-CLEC10A-APC","CCL3","CCR1",0.0401608089801064,0,"CCL3_CCR1","CCL3 - CCR1","CCL","Secreted Signaling","KEGG: hsa04060","Early"
"Myeloid-CLEC10A-APC","C6-SLC2A1-like","CCL3L3","CCR1",0.0733420348109892,0,"CCL3L3_CCR1","CCL3L3 - CCR1","CCL","Secreted Signaling","KEGG: hsa04060","Early"
"Myeloid-CLEC10A-APC","C7-APOBEC3A-like","CCL3L3","CCR1",0.0809811884451959,0,"CCL3L3_CCR1","CCL3L3 - CCR1","CCL","Secreted Signaling","KEGG: hsa04060","Early"
"Myeloid-CLEC10A-APC","Mac-Cycling","CCL3L3","CCR1",0.0557582577101603,0,"CCL3L3_CCR1","CCL3L3 - CCR1","CCL","Secreted Signaling","KEGG: hsa04060","Early"
"Myeloid-CLEC10A-APC","Mac-FOLR2-LYVE1-resident","CCL3L3","CCR1",0.0252903108012538,0,"CCL3L3_CCR1","CCL3L3 - CCR1","CCL","Secreted Signaling","KEGG: hsa04060","Early"
"Myeloid-CLEC10A-APC","Mac-OLFML3-CX3CR1-resident","CCL3L3","CCR1",0.0240454509267224,0,"CCL3L3_CCR1","CCL3L3 - CCR1","CCL","Secreted Signaling","KEGG: hsa04060","Early"
"Myeloid-CLEC10A-APC","Mono-FCN1-S100A8-S100A9","CCL3L3","CCR1",0.0392533826155987,0,"CCL3L3_CCR1","CCL3L3 - CCR1","CCL","Secreted Signaling","KEGG: hsa04060","Early"
"C6-SLC2A1-like","Myeloid-CLEC10A-APC","CCL3L3","CCR1",0.00444538505152251,0,"CCL3L3_CCR1","CCL3L3 - CCR1","CCL","Secreted Signaling","KEGG: hsa04060","Early"
"C7-APOBEC3A-like","Myeloid-CLEC10A-APC","CCL3L3","CCR1",0.005784138242588,0,"CCL3L3_CCR1","CCL3L3 - CCR1","CCL","Secreted Signaling","KEGG: hsa04060","Early"
"Mac-Cycling","Myeloid-CLEC10A-APC","CCL3L3","CCR1",0.0338799631962926,0,"CCL3L3_CCR1","CCL3L3 - CCR1","CCL","Secreted Signaling","KEGG: hsa04060","Early"
"Mac-FOLR2-LYVE1-resident","Myeloid-CLEC10A-APC","CCL3L3","CCR1",0.0140360349183565,0,"CCL3L3_CCR1","CCL3L3 - CCR1","CCL","Secreted Signaling","KEGG: hsa04060","Early"
"Mac-OLFML3-CX3CR1-resident","Myeloid-CLEC10A-APC","CCL3L3","CCR1",0.0395501802146223,0,"CCL3L3_CCR1","CCL3L3 - CCR1","CCL","Secreted Signaling","KEGG: hsa04060","Early"
"Mac-TNF-CCL4-inflammatory","Myeloid-CLEC10A-APC","CCL3L3","CCR1",0.0490676419786805,0,"CCL3L3_CCR1","CCL3L3 - CCR1","CCL","Secreted Signaling","KEGG: hsa04060","Early"
"Mono-FCN1-S100A8-S100A9","Myeloid-CLEC10A-APC","CCL3L3","CCR1",0.017421073113714,0,"CCL3L3_CCR1","CCL3L3 - CCR1","CCL","Secreted Signaling","KEGG: hsa04060","Early"
"Myeloid-CLEC10A-APC","Myeloid-CLEC10A-APC","CCL3L3","CCR1",0.0345525660478355,0,"CCL3L3_CCR1","CCL3L3 - CCR1","CCL","Secreted Signaling","KEGG: hsa04060","Early"
"C6-SLC2A1-like","Myeloid-CLEC10A-APC","CCL8","CCR1",0.00105352393088979,0,"CCL8_CCR1","CCL8 - CCR1","CCL","Secreted Signaling","KEGG: hsa04060","Early"
"C7-APOBEC3A-like","Myeloid-CLEC10A-APC","CCL8","CCR1",0.0191508266507848,0,"CCL8_CCR1","CCL8 - CCR1","CCL","Secreted Signaling","KEGG: hsa04060","Early"
"Mac-Cycling","Myeloid-CLEC10A-APC","CCL8","CCR1",0.00202566395490961,0,"CCL8_CCR1","CCL8 - CCR1","CCL","Secreted Signaling","KEGG: hsa04060","Early"
"C6-SLC2A1-like","Myeloid-CLEC10A-APC","CCL7","CCR1",0.00292416383408371,0,"CCL7_CCR1","CCL7 - CCR1","CCL","Secreted Signaling","KEGG: hsa04060","Early"
"C7-APOBEC3A-like","Myeloid-CLEC10A-APC","CCL13","CCR1",0.00131757204514932,0,"CCL13_CCR1","CCL13 - CCR1","CCL","Secreted Signaling","KEGG: hsa04060","Early"
"C6-SLC2A1-like","Myeloid-CLEC10A-APC","CCL8","CCR2",0.000691900395684842,0,"CCL8_CCR2","CCL8 - CCR2","CCL","Secreted Signaling","KEGG: hsa04060","Early"
"C7-APOBEC3A-like","Myeloid-CLEC10A-APC","CCL8","CCR2",0.012655980018278,0,"CCL8_CCR2","CCL8 - CCR2","CCL","Secreted Signaling","KEGG: hsa04060","Early"
"Mac-Cycling","Myeloid-CLEC10A-APC","CCL8","CCR2",0.00133079656193491,0,"CCL8_CCR2","CCL8 - CCR2","CCL","Secreted Signaling","KEGG: hsa04060","Early"
"C6-SLC2A1-like","Myeloid-CLEC10A-APC","CCL7","CCR2",0.00192167579351533,0,"CCL7_CCR2","CCL7 - CCR2","CCL","Secreted Signaling","KEGG: hsa04060","Early"
"Myeloid-CLEC10A-APC","Mono-FCN1-S100A8-S100A9","CCL2","CCR2",0.00328973902231403,0,"CCL2_CCR2","CCL2 - CCR2","CCL","Secreted Signaling","KEGG: hsa04060","Early"
"C6-SLC2A1-like","Myeloid-CLEC10A-APC","CCL2","CCR2",0.0108724414776508,0,"CCL2_CCR2","CCL2 - CCR2","CCL","Secreted Signaling","KEGG: hsa04060","Early"
"C7-APOBEC3A-like","Myeloid-CLEC10A-APC","CCL2","CCR2",0.0182215486141256,0,"CCL2_CCR2","CCL2 - CCR2","CCL","Secreted Signaling","KEGG: hsa04060","Early"
"Mac-Cycling","Myeloid-CLEC10A-APC","CCL2","CCR2",0.012985025790853,0,"CCL2_CCR2","CCL2 - CCR2","CCL","Secreted Signaling","KEGG: hsa04060","Early"
"Mac-FOLR2-LYVE1-resident","Myeloid-CLEC10A-APC","CCL2","CCR2",0.0029726870449336,0,"CCL2_CCR2","CCL2 - CCR2","CCL","Secreted Signaling","KEGG: hsa04060","Early"
"Mac-OLFML3-CX3CR1-resident","Myeloid-CLEC10A-APC","CCL2","CCR2",0.00349602161122085,0,"CCL2_CCR2","CCL2 - CCR2","CCL","Secreted Signaling","KEGG: hsa04060","Early"
"Mac-TNF-CCL4-inflammatory","Myeloid-CLEC10A-APC","CCL2","CCR2",0.0111924382932149,0,"CCL2_CCR2","CCL2 - CCR2","CCL","Secreted Signaling","KEGG: hsa04060","Early"
"Mono-FCN1-S100A8-S100A9","Myeloid-CLEC10A-APC","CCL2","CCR2",0.00180419550979075,0,"CCL2_CCR2","CCL2 - CCR2","CCL","Secreted Signaling","KEGG: hsa04060","Early"
"Myeloid-CLEC10A-APC","Myeloid-CLEC10A-APC","CCL2","CCR2",0.00254874501438161,0,"CCL2_CCR2","CCL2 - CCR2","CCL","Secreted Signaling","KEGG: hsa04060","Early"
"Myeloid-CLEC10A-APC","C6-SLC2A1-like","CCL4","CCR5",0.0100303235417571,0,"CCL4_CCR5","CCL4 - CCR5","CCL","Secreted Signaling","KEGG: hsa04060","Early"
"Myeloid-CLEC10A-APC","C7-APOBEC3A-like","CCL4","CCR5",0.0160357125126183,0,"CCL4_CCR5","CCL4 - CCR5","CCL","Secreted Signaling","KEGG: hsa04060","Early"
"C6-SLC2A1-like","Myeloid-CLEC10A-APC","CCL4","CCR5",0.00670431543281656,0,"CCL4_CCR5","CCL4 - CCR5","CCL","Secreted Signaling","KEGG: hsa04060","Early"
"C7-APOBEC3A-like","Myeloid-CLEC10A-APC","CCL4","CCR5",0.00818959292077094,0,"CCL4_CCR5","CCL4 - CCR5","CCL","Secreted Signaling","KEGG: hsa04060","Early"
"Mac-Cycling","Myeloid-CLEC10A-APC","CCL4","CCR5",0.00992964769044313,0,"CCL4_CCR5","CCL4 - CCR5","CCL","Secreted Signaling","KEGG: hsa04060","Early"
"Mac-FOLR2-LYVE1-resident","Myeloid-CLEC10A-APC","CCL4","CCR5",0.00594028332457173,0,"CCL4_CCR5","CCL4 - CCR5","CCL","Secreted Signaling","KEGG: hsa04060","Early"
"Mac-NUPR1-IGF2-stress","Myeloid-CLEC10A-APC","CCL4","CCR5",0.00215243390142454,0.02,"CCL4_CCR5","CCL4 - CCR5","CCL","Secreted Signaling","KEGG: hsa04060","Early"
"Mac-OLFML3-CX3CR1-resident","Myeloid-CLEC10A-APC","CCL4","CCR5",0.0119819273564854,0,"CCL4_CCR5","CCL4 - CCR5","CCL","Secreted Signaling","KEGG: hsa04060","Early"
"Mac-TNF-CCL4-inflammatory","Myeloid-CLEC10A-APC","CCL4","CCR5",0.0129460318449728,0,"CCL4_CCR5","CCL4 - CCR5","CCL","Secreted Signaling","KEGG: hsa04060","Early"
"Mono-FCN1-S100A8-S100A9","Myeloid-CLEC10A-APC","CCL4","CCR5",0.00502185686783302,0,"CCL4_CCR5","CCL4 - CCR5","CCL","Secreted Signaling","KEGG: hsa04060","Early"
"Myeloid-CLEC10A-APC","Myeloid-CLEC10A-APC","CCL4","CCR5",0.00812969891815544,0,"CCL4_CCR5","CCL4 - CCR5","CCL","Secreted Signaling","KEGG: hsa04060","Early"
"Myeloid-CLEC10A-APC","C6-SLC2A1-like","CCL5","CCR5",0.000431694384927831,0.02,"CCL5_CCR5","CCL5 - CCR5","CCL","Secreted Signaling","KEGG: hsa04060","Early"
"C6-SLC2A1-like","Myeloid-CLEC10A-APC","CCL5","CCR5",0.00121814323891689,0.03,"CCL5_CCR5","CCL5 - CCR5","CCL","Secreted Signaling","KEGG: hsa04060","Early"
"C7-APOBEC3A-like","Myeloid-CLEC10A-APC","CCL5","CCR5",0.00324713829192605,0.02,"CCL5_CCR5","CCL5 - CCR5","CCL","Secreted Signaling","KEGG: hsa04060","Early"
"Mac-Cycling","Myeloid-CLEC10A-APC","CCL5","CCR5",0.00162967680284043,0.03,"CCL5_CCR5","CCL5 - CCR5","CCL","Secreted Signaling","KEGG: hsa04060","Early"
"Mac-OLFML3-CX3CR1-resident","Myeloid-CLEC10A-APC","CCL5","CCR5",0.00222029404305594,0.03,"CCL5_CCR5","CCL5 - CCR5","CCL","Secreted Signaling","KEGG: hsa04060","Early"
"Mac-TNF-CCL4-inflammatory","Myeloid-CLEC10A-APC","CCL5","CCR5",0.00246204585983882,0.02,"CCL5_CCR5","CCL5 - CCR5","CCL","Secreted Signaling","KEGG: hsa04060","Early"
"Myeloid-CLEC10A-APC","Myeloid-CLEC10A-APC","CCL5","CCR5",0.000349251872582488,0.03,"CCL5_CCR5","CCL5 - CCR5","CCL","Secreted Signaling","KEGG: hsa04060","Early"
"Myeloid-CLEC10A-APC","C6-SLC2A1-like","CCL3","CCR5",0.0127334209823614,0,"CCL3_CCR5","CCL3 - CCR5","CCL","Secreted Signaling","KEGG: hsa04060","Early"
"Myeloid-CLEC10A-APC","C7-APOBEC3A-like","CCL3","CCR5",0.0203239917566415,0,"CCL3_CCR5","CCL3 - CCR5","CCL","Secreted Signaling","KEGG: hsa04060","Early"
"C6-SLC2A1-like","Myeloid-CLEC10A-APC","CCL3","CCR5",0.00793849713933991,0,"CCL3_CCR5","CCL3 - CCR5","CCL","Secreted Signaling","KEGG: hsa04060","Early"
"C7-APOBEC3A-like","Myeloid-CLEC10A-APC","CCL3","CCR5",0.00815134281257887,0,"CCL3_CCR5","CCL3 - CCR5","CCL","Secreted Signaling","KEGG: hsa04060","Early"
"Mac-Cycling","Myeloid-CLEC10A-APC","CCL3","CCR5",0.0102084278014633,0,"CCL3_CCR5","CCL3 - CCR5","CCL","Secreted Signaling","KEGG: hsa04060","Early"
"Mac-FOLR2-LYVE1-resident","Myeloid-CLEC10A-APC","CCL3","CCR5",0.00706017804181033,0,"CCL3_CCR5","CCL3 - CCR5","CCL","Secreted Signaling","KEGG: hsa04060","Early"
"Mac-NUPR1-IGF2-stress","Myeloid-CLEC10A-APC","CCL3","CCR5",0.00204232951971954,0.02,"CCL3_CCR5","CCL3 - CCR5","CCL","Secreted Signaling","KEGG: hsa04060","Early"
"Mac-OLFML3-CX3CR1-resident","Myeloid-CLEC10A-APC","CCL3","CCR5",0.011198923610553,0,"CCL3_CCR5","CCL3 - CCR5","CCL","Secreted Signaling","KEGG: hsa04060","Early"
"Mac-TNF-CCL4-inflammatory","Myeloid-CLEC10A-APC","CCL3","CCR5",0.0121308354700497,0,"CCL3_CCR5","CCL3 - CCR5","CCL","Secreted Signaling","KEGG: hsa04060","Early"
"Mono-FCN1-S100A8-S100A9","Myeloid-CLEC10A-APC","CCL3","CCR5",0.00676676123970833,0,"CCL3_CCR5","CCL3 - CCR5","CCL","Secreted Signaling","KEGG: hsa04060","Early"
"Myeloid-CLEC10A-APC","Myeloid-CLEC10A-APC","CCL3","CCR5",0.0103259347622638,0,"CCL3_CCR5","CCL3 - CCR5","CCL","Secreted Signaling","KEGG: hsa04060","Early"
"Myeloid-CLEC10A-APC","C6-SLC2A1-like","MIF","CD74_CXCR4",0.090169106233481,0,"MIF_CD74_CXCR4","MIF - (CD74+CXCR4)","MIF","Secreted Signaling","PMID: 29637711; PMID: 24760155","Early"
"Myeloid-CLEC10A-APC","C7-APOBEC3A-like","MIF","CD74_CXCR4",0.0580472894857466,0,"MIF_CD74_CXCR4","MIF - (CD74+CXCR4)","MIF","Secreted Signaling","PMID: 29637711; PMID: 24760155","Early"
"Myeloid-CLEC10A-APC","Mac-Cycling","MIF","CD74_CXCR4",0.0639259211947618,0,"MIF_CD74_CXCR4","MIF - (CD74+CXCR4)","MIF","Secreted Signaling","PMID: 29637711; PMID: 24760155","Early"
"Myeloid-CLEC10A-APC","Mac-FOLR2-LYVE1-resident","MIF","CD74_CXCR4",0.0612889041946021,0,"MIF_CD74_CXCR4","MIF - (CD74+CXCR4)","MIF","Secreted Signaling","PMID: 29637711; PMID: 24760155","Early"
"Myeloid-CLEC10A-APC","Mac-OLFML3-CX3CR1-resident","MIF","CD74_CXCR4",0.0904601775874897,0,"MIF_CD74_CXCR4","MIF - (CD74+CXCR4)","MIF","Secreted Signaling","PMID: 29637711; PMID: 24760155","Early"
"Myeloid-CLEC10A-APC","Mac-TNF-CCL4-inflammatory","MIF","CD74_CXCR4",0.0926891108592588,0,"MIF_CD74_CXCR4","MIF - (CD74+CXCR4)","MIF","Secreted Signaling","PMID: 29637711; PMID: 24760155","Early"
"Myeloid-CLEC10A-APC","Mono-FCN1-S100A8-S100A9","MIF","CD74_CXCR4",0.0723575218828572,0,"MIF_CD74_CXCR4","MIF - (CD74+CXCR4)","MIF","Secreted Signaling","PMID: 29637711; PMID: 24760155","Early"
"C6-SLC2A1-like","Myeloid-CLEC10A-APC","MIF","CD74_CXCR4",0.102940080191479,0,"MIF_CD74_CXCR4","MIF - (CD74+CXCR4)","MIF","Secreted Signaling","PMID: 29637711; PMID: 24760155","Early"
"C7-APOBEC3A-like","Myeloid-CLEC10A-APC","MIF","CD74_CXCR4",0.0484849386595254,0,"MIF_CD74_CXCR4","MIF - (CD74+CXCR4)","MIF","Secreted Signaling","PMID: 29637711; PMID: 24760155","Early"
"Mac-Cycling","Myeloid-CLEC10A-APC","MIF","CD74_CXCR4",0.0713733451870029,0,"MIF_CD74_CXCR4","MIF - (CD74+CXCR4)","MIF","Secreted Signaling","PMID: 29637711; PMID: 24760155","Early"
"Mac-OLFML3-CX3CR1-resident","Myeloid-CLEC10A-APC","MIF","CD74_CXCR4",0.0536848943768805,0,"MIF_CD74_CXCR4","MIF - (CD74+CXCR4)","MIF","Secreted Signaling","PMID: 29637711; PMID: 24760155","Early"
"Myeloid-CLEC10A-APC","Myeloid-CLEC10A-APC","MIF","CD74_CXCR4",0.092807118394082,0,"MIF_CD74_CXCR4","MIF - (CD74+CXCR4)","MIF","Secreted Signaling","PMID: 29637711; PMID: 24760155","Early"
"Myeloid-CLEC10A-APC","C6-SLC2A1-like","MIF","CD74_CD44",0.10673789548263,0,"MIF_CD74_CD44","MIF - (CD74+CD44)","MIF","Secreted Signaling","PMID: 29637711; PMID: 26175090","Early"
"Myeloid-CLEC10A-APC","C7-APOBEC3A-like","MIF","CD74_CD44",0.106416351163629,0,"MIF_CD74_CD44","MIF - (CD74+CD44)","MIF","Secreted Signaling","PMID: 29637711; PMID: 26175090","Early"
"Myeloid-CLEC10A-APC","Mac-Cycling","MIF","CD74_CD44",0.09414896218235,0,"MIF_CD74_CD44","MIF - (CD74+CD44)","MIF","Secreted Signaling","PMID: 29637711; PMID: 26175090","Early"
"Myeloid-CLEC10A-APC","Mac-FOLR2-LYVE1-resident","MIF","CD74_CD44",0.0560647592585427,0,"MIF_CD74_CD44","MIF - (CD74+CD44)","MIF","Secreted Signaling","PMID: 29637711; PMID: 26175090","Early"
"Myeloid-CLEC10A-APC","Mac-OLFML3-CX3CR1-resident","MIF","CD74_CD44",0.0950808569036834,0,"MIF_CD74_CD44","MIF - (CD74+CD44)","MIF","Secreted Signaling","PMID: 29637711; PMID: 26175090","Early"
"Myeloid-CLEC10A-APC","Mac-TNF-CCL4-inflammatory","MIF","CD74_CD44",0.100292658454118,0,"MIF_CD74_CD44","MIF - (CD74+CD44)","MIF","Secreted Signaling","PMID: 29637711; PMID: 26175090","Early"
"Myeloid-CLEC10A-APC","Mono-FCN1-S100A8-S100A9","MIF","CD74_CD44",0.108725428970036,0,"MIF_CD74_CD44","MIF - (CD74+CD44)","MIF","Secreted Signaling","PMID: 29637711; PMID: 26175090","Early"
"C6-SLC2A1-like","Myeloid-CLEC10A-APC","MIF","CD74_CD44",0.126510965392672,0,"MIF_CD74_CD44","MIF - (CD74+CD44)","MIF","Secreted Signaling","PMID: 29637711; PMID: 26175090","Early"
"C7-APOBEC3A-like","Myeloid-CLEC10A-APC","MIF","CD74_CD44",0.0604267831659244,0,"MIF_CD74_CD44","MIF - (CD74+CD44)","MIF","Secreted Signaling","PMID: 29637711; PMID: 26175090","Early"
"Mac-Cycling","Myeloid-CLEC10A-APC","MIF","CD74_CD44",0.0884286949804034,0,"MIF_CD74_CD44","MIF - (CD74+CD44)","MIF","Secreted Signaling","PMID: 29637711; PMID: 26175090","Early"
"Mac-OLFML3-CX3CR1-resident","Myeloid-CLEC10A-APC","MIF","CD74_CD44",0.0668175512731181,0,"MIF_CD74_CD44","MIF - (CD74+CD44)","MIF","Secreted Signaling","PMID: 29637711; PMID: 26175090","Early"
"Myeloid-CLEC10A-APC","Myeloid-CLEC10A-APC","MIF","CD74_CD44",0.114353562222984,0,"MIF_CD74_CD44","MIF - (CD74+CD44)","MIF","Secreted Signaling","PMID: 29637711; PMID: 26175090","Early"
"Myeloid-CLEC10A-APC","C6-SLC2A1-like","IL10","IL10RA_IL10RB",0.00307442872915741,0,"IL10_IL10RA_IL10RB","IL10 - (IL10RA+IL10RB)","IL10","Secreted Signaling","KEGG: hsa04060","Early"
"Myeloid-CLEC10A-APC","C7-APOBEC3A-like","IL10","IL10RA_IL10RB",0.00690571740403444,0,"IL10_IL10RA_IL10RB","IL10 - (IL10RA+IL10RB)","IL10","Secreted Signaling","KEGG: hsa04060","Early"
"Myeloid-CLEC10A-APC","Mac-Cycling","IL10","IL10RA_IL10RB",0.00466093164682221,0,"IL10_IL10RA_IL10RB","IL10 - (IL10RA+IL10RB)","IL10","Secreted Signaling","KEGG: hsa04060","Early"
"Myeloid-CLEC10A-APC","Mac-OLFML3-CX3CR1-resident","IL10","IL10RA_IL10RB",0.00375643975778216,0,"IL10_IL10RA_IL10RB","IL10 - (IL10RA+IL10RB)","IL10","Secreted Signaling","KEGG: hsa04060","Early"
"Myeloid-CLEC10A-APC","Mono-FCN1-S100A8-S100A9","IL10","IL10RA_IL10RB",0.00364446954184315,0,"IL10_IL10RA_IL10RB","IL10 - (IL10RA+IL10RB)","IL10","Secreted Signaling","KEGG: hsa04060","Early"
"C7-APOBEC3A-like","Myeloid-CLEC10A-APC","IL10","IL10RA_IL10RB",0.00225952473203366,0,"IL10_IL10RA_IL10RB","IL10 - (IL10RA+IL10RB)","IL10","Secreted Signaling","KEGG: hsa04060","Early"
"Myeloid-CLEC10A-APC","Myeloid-CLEC10A-APC","IL10","IL10RA_IL10RB",0.00478879265053571,0,"IL10_IL10RA_IL10RB","IL10 - (IL10RA+IL10RB)","IL10","Secreted Signaling","KEGG: hsa04060","Early"
"Mac-Cycling","Myeloid-CLEC10A-APC","IL16","CD4",0.00115209473002317,0.04,"IL16_CD4","IL16 - CD4","IL16","Secreted Signaling","KEGG: hsa04060","Early"
"Myeloid-CLEC10A-APC","C6-SLC2A1-like","TNF","TNFRSF1A",0.0159508412948017,0,"TNF_TNFRSF1A","TNF - TNFRSF1A","TNF","Secreted Signaling","KEGG: hsa04060","Early"
"Myeloid-CLEC10A-APC","C7-APOBEC3A-like","TNF","TNFRSF1A",0.0264655496377084,0,"TNF_TNFRSF1A","TNF - TNFRSF1A","TNF","Secreted Signaling","KEGG: hsa04060","Early"
"Myeloid-CLEC10A-APC","Mac-Cycling","TNF","TNFRSF1A",0.0270037385038469,0,"TNF_TNFRSF1A","TNF - TNFRSF1A","TNF","Secreted Signaling","KEGG: hsa04060","Early"
"Myeloid-CLEC10A-APC","Mac-FOLR2-LYVE1-resident","TNF","TNFRSF1A",0.00776552912185503,0,"TNF_TNFRSF1A","TNF - TNFRSF1A","TNF","Secreted Signaling","KEGG: hsa04060","Early"
"Myeloid-CLEC10A-APC","Mac-OLFML3-CX3CR1-resident","TNF","TNFRSF1A",0.0233210003008813,0,"TNF_TNFRSF1A","TNF - TNFRSF1A","TNF","Secreted Signaling","KEGG: hsa04060","Early"
"Myeloid-CLEC10A-APC","Mac-TNF-CCL4-inflammatory","TNF","TNFRSF1A",0.010728156465701,0,"TNF_TNFRSF1A","TNF - TNFRSF1A","TNF","Secreted Signaling","KEGG: hsa04060","Early"
"Myeloid-CLEC10A-APC","Mono-FCN1-S100A8-S100A9","TNF","TNFRSF1A",0.010261815749628,0,"TNF_TNFRSF1A","TNF - TNFRSF1A","TNF","Secreted Signaling","KEGG: hsa04060","Early"
"C6-SLC2A1-like","Myeloid-CLEC10A-APC","TNF","TNFRSF1A",0.0135431018866314,0,"TNF_TNFRSF1A","TNF - TNFRSF1A","TNF","Secreted Signaling","KEGG: hsa04060","Early"
"C7-APOBEC3A-like","Myeloid-CLEC10A-APC","TNF","TNFRSF1A",0.0161128631490062,0,"TNF_TNFRSF1A","TNF - TNFRSF1A","TNF","Secreted Signaling","KEGG: hsa04060","Early"
"Mac-Cycling","Myeloid-CLEC10A-APC","TNF","TNFRSF1A",0.0290391527849841,0,"TNF_TNFRSF1A","TNF - TNFRSF1A","TNF","Secreted Signaling","KEGG: hsa04060","Early"
"Mac-OLFML3-CX3CR1-resident","Myeloid-CLEC10A-APC","TNF","TNFRSF1A",0.0232841260965942,0,"TNF_TNFRSF1A","TNF - TNFRSF1A","TNF","Secreted Signaling","KEGG: hsa04060","Early"
"Mac-TNF-CCL4-inflammatory","Myeloid-CLEC10A-APC","TNF","TNFRSF1A",0.0516742479553392,0,"TNF_TNFRSF1A","TNF - TNFRSF1A","TNF","Secreted Signaling","KEGG: hsa04060","Early"
"Mono-FCN1-S100A8-S100A9","Myeloid-CLEC10A-APC","TNF","TNFRSF1A",0.00768013436470332,0,"TNF_TNFRSF1A","TNF - TNFRSF1A","TNF","Secreted Signaling","KEGG: hsa04060","Early"
"Myeloid-CLEC10A-APC","Myeloid-CLEC10A-APC","TNF","TNFRSF1A",0.0193045818786942,0,"TNF_TNFRSF1A","TNF - TNFRSF1A","TNF","Secreted Signaling","KEGG: hsa04060","Early"
"Myeloid-CLEC10A-APC","C6-SLC2A1-like","TNF","TNFRSF1B",0.0328718604876619,0,"TNF_TNFRSF1B","TNF - TNFRSF1B","TNF","Secreted Signaling","KEGG: hsa04060","Early"
"Myeloid-CLEC10A-APC","C7-APOBEC3A-like","TNF","TNFRSF1B",0.0151479285216265,0,"TNF_TNFRSF1B","TNF - TNFRSF1B","TNF","Secreted Signaling","KEGG: hsa04060","Early"
"Myeloid-CLEC10A-APC","Mac-Cycling","TNF","TNFRSF1B",0.00561833951680867,0,"TNF_TNFRSF1B","TNF - TNFRSF1B","TNF","Secreted Signaling","KEGG: hsa04060","Early"
"Myeloid-CLEC10A-APC","Mac-FOLR2-LYVE1-resident","TNF","TNFRSF1B",0.00593566425075108,0,"TNF_TNFRSF1B","TNF - TNFRSF1B","TNF","Secreted Signaling","KEGG: hsa04060","Early"
"Myeloid-CLEC10A-APC","Mac-OLFML3-CX3CR1-resident","TNF","TNFRSF1B",0.0226671375780524,0,"TNF_TNFRSF1B","TNF - TNFRSF1B","TNF","Secreted Signaling","KEGG: hsa04060","Early"
"Myeloid-CLEC10A-APC","Mac-TNF-CCL4-inflammatory","TNF","TNFRSF1B",0.0109305349901754,0,"TNF_TNFRSF1B","TNF - TNFRSF1B","TNF","Secreted Signaling","KEGG: hsa04060","Early"
"Myeloid-CLEC10A-APC","Mono-FCN1-S100A8-S100A9","TNF","TNFRSF1B",0.0317130001371838,0,"TNF_TNFRSF1B","TNF - TNFRSF1B","TNF","Secreted Signaling","KEGG: hsa04060","Early"
"C6-SLC2A1-like","Myeloid-CLEC10A-APC","TNF","TNFRSF1B",0.0202176234979615,0,"TNF_TNFRSF1B","TNF - TNFRSF1B","TNF","Secreted Signaling","KEGG: hsa04060","Early"
"C7-APOBEC3A-like","Myeloid-CLEC10A-APC","TNF","TNFRSF1B",0.0240230122659219,0,"TNF_TNFRSF1B","TNF - TNFRSF1B","TNF","Secreted Signaling","KEGG: hsa04060","Early"
"Mac-Cycling","Myeloid-CLEC10A-APC","TNF","TNFRSF1B",0.043017642380715,0,"TNF_TNFRSF1B","TNF - TNFRSF1B","TNF","Secreted Signaling","KEGG: hsa04060","Early"
"Mac-OLFML3-CX3CR1-resident","Myeloid-CLEC10A-APC","TNF","TNFRSF1B",0.0345910285979418,0,"TNF_TNFRSF1B","TNF - TNFRSF1B","TNF","Secreted Signaling","KEGG: hsa04060","Early"
"Mac-TNF-CCL4-inflammatory","Myeloid-CLEC10A-APC","TNF","TNFRSF1B",0.0756990565065933,0,"TNF_TNFRSF1B","TNF - TNFRSF1B","TNF","Secreted Signaling","KEGG: hsa04060","Early"
"Mono-FCN1-S100A8-S100A9","Myeloid-CLEC10A-APC","TNF","TNFRSF1B",0.0114988592148509,0,"TNF_TNFRSF1B","TNF - TNFRSF1B","TNF","Secreted Signaling","KEGG: hsa04060","Early"
"Myeloid-CLEC10A-APC","Myeloid-CLEC10A-APC","TNF","TNFRSF1B",0.0287358508893739,0,"TNF_TNFRSF1B","TNF - TNFRSF1B","TNF","Secreted Signaling","KEGG: hsa04060","Early"
"Myeloid-CLEC10A-APC","C6-SLC2A1-like","SPP1","CD44",0.178948827336865,0,"SPP1_CD44","SPP1 - CD44","SPP1","Secreted Signaling","PMID: 21907263","Early"
"Myeloid-CLEC10A-APC","C7-APOBEC3A-like","SPP1","CD44",0.16089258153076,0,"SPP1_CD44","SPP1 - CD44","SPP1","Secreted Signaling","PMID: 21907263","Early"
"Myeloid-CLEC10A-APC","Mac-Cycling","SPP1","CD44",0.131918987969433,0,"SPP1_CD44","SPP1 - CD44","SPP1","Secreted Signaling","PMID: 21907263","Early"
"Myeloid-CLEC10A-APC","Mac-FOLR2-LYVE1-resident","SPP1","CD44",0.0434823705233954,0,"SPP1_CD44","SPP1 - CD44","SPP1","Secreted Signaling","PMID: 21907263","Early"
"Myeloid-CLEC10A-APC","Mac-OLFML3-CX3CR1-resident","SPP1","CD44",0.124609506812408,0,"SPP1_CD44","SPP1 - CD44","SPP1","Secreted Signaling","PMID: 21907263","Early"
"Myeloid-CLEC10A-APC","Mac-TNF-CCL4-inflammatory","SPP1","CD44",0.151667100201315,0,"SPP1_CD44","SPP1 - CD44","SPP1","Secreted Signaling","PMID: 21907263","Early"
"Myeloid-CLEC10A-APC","Mono-FCN1-S100A8-S100A9","SPP1","CD44",0.208641136663262,0,"SPP1_CD44","SPP1 - CD44","SPP1","Secreted Signaling","PMID: 21907263","Early"
"C6-SLC2A1-like","Myeloid-CLEC10A-APC","SPP1","CD44",0.304155765210123,0,"SPP1_CD44","SPP1 - CD44","SPP1","Secreted Signaling","PMID: 21907263","Early"
"C7-APOBEC3A-like","Myeloid-CLEC10A-APC","SPP1","CD44",0.141857417594535,0,"SPP1_CD44","SPP1 - CD44","SPP1","Secreted Signaling","PMID: 21907263","Early"
"Mac-Cycling","Myeloid-CLEC10A-APC","SPP1","CD44",0.252012032679531,0,"SPP1_CD44","SPP1 - CD44","SPP1","Secreted Signaling","PMID: 21907263","Early"
"Mac-FOLR2-LYVE1-resident","Myeloid-CLEC10A-APC","SPP1","CD44",0.114217729241805,0,"SPP1_CD44","SPP1 - CD44","SPP1","Secreted Signaling","PMID: 21907263","Early"
"Mac-NUPR1-IGF2-stress","Myeloid-CLEC10A-APC","SPP1","CD44",0.181966139716774,0,"SPP1_CD44","SPP1 - CD44","SPP1","Secreted Signaling","PMID: 21907263","Early"
"Mac-OLFML3-CX3CR1-resident","Myeloid-CLEC10A-APC","SPP1","CD44",0.205584235360054,0,"SPP1_CD44","SPP1 - CD44","SPP1","Secreted Signaling","PMID: 21907263","Early"
"Mac-TNF-CCL4-inflammatory","Myeloid-CLEC10A-APC","SPP1","CD44",0.26474972848244,0,"SPP1_CD44","SPP1 - CD44","SPP1","Secreted Signaling","PMID: 21907263","Early"
"Mono-FCN1-S100A8-S100A9","Myeloid-CLEC10A-APC","SPP1","CD44",0.0171926318802356,0,"SPP1_CD44","SPP1 - CD44","SPP1","Secreted Signaling","PMID: 21907263","Early"
"Myeloid-CLEC10A-APC","Myeloid-CLEC10A-APC","SPP1","CD44",0.208661527635405,0,"SPP1_CD44","SPP1 - CD44","SPP1","Secreted Signaling","PMID: 21907263","Early"
"Myeloid-CLEC10A-APC","C6-SLC2A1-like","SPP1","ITGAV_ITGB1",0.0298392825218164,0,"SPP1_ITGAV_ITGB1","SPP1 - (ITGAV+ITGB1)","SPP1","Secreted Signaling","PMID: 21907263","Early"
"Myeloid-CLEC10A-APC","C7-APOBEC3A-like","SPP1","ITGAV_ITGB1",0.0495597626399845,0,"SPP1_ITGAV_ITGB1","SPP1 - (ITGAV+ITGB1)","SPP1","Secreted Signaling","PMID: 21907263","Early"
"Myeloid-CLEC10A-APC","Mac-Cycling","SPP1","ITGAV_ITGB1",0.0463683506856754,0,"SPP1_ITGAV_ITGB1","SPP1 - (ITGAV+ITGB1)","SPP1","Secreted Signaling","PMID: 21907263","Early"
"Myeloid-CLEC10A-APC","Mac-OLFML3-CX3CR1-resident","SPP1","ITGAV_ITGB1",0.0537812253724113,0,"SPP1_ITGAV_ITGB1","SPP1 - (ITGAV+ITGB1)","SPP1","Secreted Signaling","PMID: 21907263","Early"
"C6-SLC2A1-like","Myeloid-CLEC10A-APC","SPP1","ITGAV_ITGB1",0.0641383355761474,0,"SPP1_ITGAV_ITGB1","SPP1 - (ITGAV+ITGB1)","SPP1","Secreted Signaling","PMID: 21907263","Early"
"C7-APOBEC3A-like","Myeloid-CLEC10A-APC","SPP1","ITGAV_ITGB1",0.0252639715707538,0,"SPP1_ITGAV_ITGB1","SPP1 - (ITGAV+ITGB1)","SPP1","Secreted Signaling","PMID: 21907263","Early"
"Mac-Cycling","Myeloid-CLEC10A-APC","SPP1","ITGAV_ITGB1",0.0501755365321059,0,"SPP1_ITGAV_ITGB1","SPP1 - (ITGAV+ITGB1)","SPP1","Secreted Signaling","PMID: 21907263","Early"
"Mac-FOLR2-LYVE1-resident","Myeloid-CLEC10A-APC","SPP1","ITGAV_ITGB1",0.0198169017476574,0,"SPP1_ITGAV_ITGB1","SPP1 - (ITGAV+ITGB1)","SPP1","Secreted Signaling","PMID: 21907263","Early"
"Mac-NUPR1-IGF2-stress","Myeloid-CLEC10A-APC","SPP1","ITGAV_ITGB1",0.0337017537643268,0,"SPP1_ITGAV_ITGB1","SPP1 - (ITGAV+ITGB1)","SPP1","Secreted Signaling","PMID: 21907263","Early"
"Mac-OLFML3-CX3CR1-resident","Myeloid-CLEC10A-APC","SPP1","ITGAV_ITGB1",0.0389933334772072,0,"SPP1_ITGAV_ITGB1","SPP1 - (ITGAV+ITGB1)","SPP1","Secreted Signaling","PMID: 21907263","Early"
"Mac-TNF-CCL4-inflammatory","Myeloid-CLEC10A-APC","SPP1","ITGAV_ITGB1",0.0534404701789802,0,"SPP1_ITGAV_ITGB1","SPP1 - (ITGAV+ITGB1)","SPP1","Secreted Signaling","PMID: 21907263","Early"
"Mono-FCN1-S100A8-S100A9","Myeloid-CLEC10A-APC","SPP1","ITGAV_ITGB1",0.00273530910909278,0.02,"SPP1_ITGAV_ITGB1","SPP1 - (ITGAV+ITGB1)","SPP1","Secreted Signaling","PMID: 21907263","Early"
"Myeloid-CLEC10A-APC","Myeloid-CLEC10A-APC","SPP1","ITGAV_ITGB1",0.0397016269089437,0,"SPP1_ITGAV_ITGB1","SPP1 - (ITGAV+ITGB1)","SPP1","Secreted Signaling","PMID: 21907263","Early"
"Myeloid-CLEC10A-APC","C6-SLC2A1-like","SPP1","ITGAV_ITGB5",0.00755386756511564,0,"SPP1_ITGAV_ITGB5","SPP1 - (ITGAV+ITGB5)","SPP1","Secreted Signaling","PMID: 21907263","Early"
"Myeloid-CLEC10A-APC","C7-APOBEC3A-like","SPP1","ITGA4_ITGB1",0.0701858869400665,0,"SPP1_ITGA4_ITGB1","SPP1 - (ITGA4+ITGB1)","SPP1","Secreted Signaling","PMID: 21907263","Early"
"Myeloid-CLEC10A-APC","Mac-Cycling","SPP1","ITGA4_ITGB1",0.0577600440404516,0,"SPP1_ITGA4_ITGB1","SPP1 - (ITGA4+ITGB1)","SPP1","Secreted Signaling","PMID: 21907263","Early"
"Myeloid-CLEC10A-APC","Mac-OLFML3-CX3CR1-resident","SPP1","ITGA4_ITGB1",0.0493050922693432,0,"SPP1_ITGA4_ITGB1","SPP1 - (ITGA4+ITGB1)","SPP1","Secreted Signaling","PMID: 21907263","Early"
"Myeloid-CLEC10A-APC","Mac-TNF-CCL4-inflammatory","SPP1","ITGA4_ITGB1",0.0308410307085091,0,"SPP1_ITGA4_ITGB1","SPP1 - (ITGA4+ITGB1)","SPP1","Secreted Signaling","PMID: 21907263","Early"
"C6-SLC2A1-like","Myeloid-CLEC10A-APC","SPP1","ITGA4_ITGB1",0.0535847599877865,0,"SPP1_ITGA4_ITGB1","SPP1 - (ITGA4+ITGB1)","SPP1","Secreted Signaling","PMID: 21907263","Early"
"C7-APOBEC3A-like","Myeloid-CLEC10A-APC","SPP1","ITGA4_ITGB1",0.0209636527596996,0,"SPP1_ITGA4_ITGB1","SPP1 - (ITGA4+ITGB1)","SPP1","Secreted Signaling","PMID: 21907263","Early"
"Mac-Cycling","Myeloid-CLEC10A-APC","SPP1","ITGA4_ITGB1",0.0418167969880269,0,"SPP1_ITGA4_ITGB1","SPP1 - (ITGA4+ITGB1)","SPP1","Secreted Signaling","PMID: 21907263","Early"
"Mac-FOLR2-LYVE1-resident","Myeloid-CLEC10A-APC","SPP1","ITGA4_ITGB1",0.0164281319390637,0,"SPP1_ITGA4_ITGB1","SPP1 - (ITGA4+ITGB1)","SPP1","Secreted Signaling","PMID: 21907263","Early"
"Mac-NUPR1-IGF2-stress","Myeloid-CLEC10A-APC","SPP1","ITGA4_ITGB1",0.0280064604726154,0,"SPP1_ITGA4_ITGB1","SPP1 - (ITGA4+ITGB1)","SPP1","Secreted Signaling","PMID: 21907263","Early"
"Mac-OLFML3-CX3CR1-resident","Myeloid-CLEC10A-APC","SPP1","ITGA4_ITGB1",0.0324338256358294,0,"SPP1_ITGA4_ITGB1","SPP1 - (ITGA4+ITGB1)","SPP1","Secreted Signaling","PMID: 21907263","Early"
"Mac-TNF-CCL4-inflammatory","Myeloid-CLEC10A-APC","SPP1","ITGA4_ITGB1",0.0445633441810231,0,"SPP1_ITGA4_ITGB1","SPP1 - (ITGA4+ITGB1)","SPP1","Secreted Signaling","PMID: 21907263","Early"
"Myeloid-CLEC10A-APC","Myeloid-CLEC10A-APC","SPP1","ITGA4_ITGB1",0.0330270638981979,0,"SPP1_ITGA4_ITGB1","SPP1 - (ITGA4+ITGB1)","SPP1","Secreted Signaling","PMID: 21907263","Early"
"Myeloid-CLEC10A-APC","C6-SLC2A1-like","SPP1","ITGA5_ITGB1",0.0798213694077727,0,"SPP1_ITGA5_ITGB1","SPP1 - (ITGA5+ITGB1)","SPP1","Secreted Signaling","PMID: 21907263","Early"
"Myeloid-CLEC10A-APC","C7-APOBEC3A-like","SPP1","ITGA5_ITGB1",0.0664245008565676,0,"SPP1_ITGA5_ITGB1","SPP1 - (ITGA5+ITGB1)","SPP1","Secreted Signaling","PMID: 21907263","Early"
"Myeloid-CLEC10A-APC","Mac-Cycling","SPP1","ITGA5_ITGB1",0.0353450379997085,0,"SPP1_ITGA5_ITGB1","SPP1 - (ITGA5+ITGB1)","SPP1","Secreted Signaling","PMID: 21907263","Early"
"Myeloid-CLEC10A-APC","Mac-OLFML3-CX3CR1-resident","SPP1","ITGA5_ITGB1",0.0336948935073321,0,"SPP1_ITGA5_ITGB1","SPP1 - (ITGA5+ITGB1)","SPP1","Secreted Signaling","PMID: 21907263","Early"
"C6-SLC2A1-like","Myeloid-CLEC10A-APC","SPP1","ITGA5_ITGB1",0.0644794170917753,0,"SPP1_ITGA5_ITGB1","SPP1 - (ITGA5+ITGB1)","SPP1","Secreted Signaling","PMID: 21907263","Early"
"C7-APOBEC3A-like","Myeloid-CLEC10A-APC","SPP1","ITGA5_ITGB1",0.0254039346308514,0,"SPP1_ITGA5_ITGB1","SPP1 - (ITGA5+ITGB1)","SPP1","Secreted Signaling","PMID: 21907263","Early"
"Mac-Cycling","Myeloid-CLEC10A-APC","SPP1","ITGA5_ITGB1",0.0504463677208857,0,"SPP1_ITGA5_ITGB1","SPP1 - (ITGA5+ITGB1)","SPP1","Secreted Signaling","PMID: 21907263","Early"
"Mac-FOLR2-LYVE1-resident","Myeloid-CLEC10A-APC","SPP1","ITGA5_ITGB1",0.0199273048297264,0,"SPP1_ITGA5_ITGB1","SPP1 - (ITGA5+ITGB1)","SPP1","Secreted Signaling","PMID: 21907263","Early"
"Mac-NUPR1-IGF2-stress","Myeloid-CLEC10A-APC","SPP1","ITGA5_ITGB1",0.0338868372422735,0,"SPP1_ITGA5_ITGB1","SPP1 - (ITGA5+ITGB1)","SPP1","Secreted Signaling","PMID: 21907263","Early"
"Mac-OLFML3-CX3CR1-resident","Myeloid-CLEC10A-APC","SPP1","ITGA5_ITGB1",0.0392062981968514,0,"SPP1_ITGA5_ITGB1","SPP1 - (ITGA5+ITGB1)","SPP1","Secreted Signaling","PMID: 21907263","Early"
"Mac-TNF-CCL4-inflammatory","Myeloid-CLEC10A-APC","SPP1","ITGA5_ITGB1",0.0537279275469911,0,"SPP1_ITGA5_ITGB1","SPP1 - (ITGA5+ITGB1)","SPP1","Secreted Signaling","PMID: 21907263","Early"
"Mono-FCN1-S100A8-S100A9","Myeloid-CLEC10A-APC","SPP1","ITGA5_ITGB1",0.00275081501889283,0,"SPP1_ITGA5_ITGB1","SPP1 - (ITGA5+ITGB1)","SPP1","Secreted Signaling","PMID: 21907263","Early"
"Myeloid-CLEC10A-APC","Myeloid-CLEC10A-APC","SPP1","ITGA5_ITGB1",0.0399182993356188,0,"SPP1_ITGA5_ITGB1","SPP1 - (ITGA5+ITGB1)","SPP1","Secreted Signaling","PMID: 21907263","Early"
"Myeloid-CLEC10A-APC","C6-SLC2A1-like","RETN","TLR4",0.000486877465987822,0,"RETN_TLR4","RETN - TLR4","RESISTIN","Secreted Signaling","PMID: 30809105","Early"
"Myeloid-CLEC10A-APC","C7-APOBEC3A-like","RETN","TLR4",0.00178613025353288,0,"RETN_TLR4","RETN - TLR4","RESISTIN","Secreted Signaling","PMID: 30809105","Early"
"Myeloid-CLEC10A-APC","Mac-Cycling","RETN","TLR4",0.000471160765053199,0,"RETN_TLR4","RETN - TLR4","RESISTIN","Secreted Signaling","PMID: 30809105","Early"
"Myeloid-CLEC10A-APC","Mac-OLFML3-CX3CR1-resident","RETN","TLR4",0.00111236631721287,0,"RETN_TLR4","RETN - TLR4","RESISTIN","Secreted Signaling","PMID: 30809105","Early"
"Myeloid-CLEC10A-APC","C6-SLC2A1-like","RETN","CAP1",0.00661741335989671,0,"RETN_CAP1","RETN - CAP1","RESISTIN","Secreted Signaling","PMID: 30809105","Early"
"Myeloid-CLEC10A-APC","C7-APOBEC3A-like","RETN","CAP1",0.00744165957317015,0,"RETN_CAP1","RETN - CAP1","RESISTIN","Secreted Signaling","PMID: 30809105","Early"
"Myeloid-CLEC10A-APC","Mac-Cycling","RETN","CAP1",0.00721965689738322,0,"RETN_CAP1","RETN - CAP1","RESISTIN","Secreted Signaling","PMID: 30809105","Early"
"Myeloid-CLEC10A-APC","Mac-FOLR2-LYVE1-resident","RETN","CAP1",0.00181910077748004,0,"RETN_CAP1","RETN - CAP1","RESISTIN","Secreted Signaling","PMID: 30809105","Early"
"Myeloid-CLEC10A-APC","Mac-NUPR1-IGF2-stress","RETN","CAP1",0.0024011327321377,0,"RETN_CAP1","RETN - CAP1","RESISTIN","Secreted Signaling","PMID: 30809105","Early"
"Myeloid-CLEC10A-APC","Mac-OLFML3-CX3CR1-resident","RETN","CAP1",0.00601824411863325,0,"RETN_CAP1","RETN - CAP1","RESISTIN","Secreted Signaling","PMID: 30809105","Early"
"Myeloid-CLEC10A-APC","Mac-TNF-CCL4-inflammatory","RETN","CAP1",0.00161897103520191,0,"RETN_CAP1","RETN - CAP1","RESISTIN","Secreted Signaling","PMID: 30809105","Early"
"Myeloid-CLEC10A-APC","Mono-FCN1-S100A8-S100A9","RETN","CAP1",0.0061836204331884,0,"RETN_CAP1","RETN - CAP1","RESISTIN","Secreted Signaling","PMID: 30809105","Early"
"C6-SLC2A1-like","Myeloid-CLEC10A-APC","RETN","CAP1",0.0101896351309314,0,"RETN_CAP1","RETN - CAP1","RESISTIN","Secreted Signaling","PMID: 30809105","Early"
"C7-APOBEC3A-like","Myeloid-CLEC10A-APC","RETN","CAP1",0.0517107847547764,0,"RETN_CAP1","RETN - CAP1","RESISTIN","Secreted Signaling","PMID: 30809105","Early"
"Mono-FCN1-S100A8-S100A9","Myeloid-CLEC10A-APC","RETN","CAP1",0.0391553440559137,0,"RETN_CAP1","RETN - CAP1","RESISTIN","Secreted Signaling","PMID: 30809105","Early"
"Myeloid-CLEC10A-APC","Myeloid-CLEC10A-APC","RETN","CAP1",0.00642280218409978,0,"RETN_CAP1","RETN - CAP1","RESISTIN","Secreted Signaling","PMID: 30809105","Early"
"Myeloid-CLEC10A-APC","C6-SLC2A1-like","NAMPT","ITGA5_ITGB1",0.0704663543036028,0,"NAMPT_ITGA5_ITGB1","NAMPT - (ITGA5+ITGB1)","VISFATIN","Secreted Signaling","PMID: 28490838","Early"
"Myeloid-CLEC10A-APC","C7-APOBEC3A-like","NAMPT","ITGA5_ITGB1",0.0585397039117658,0,"NAMPT_ITGA5_ITGB1","NAMPT - (ITGA5+ITGB1)","VISFATIN","Secreted Signaling","PMID: 28490838","Early"
"Myeloid-CLEC10A-APC","Mac-Cycling","NAMPT","ITGA5_ITGB1",0.0310268614424456,0,"NAMPT_ITGA5_ITGB1","NAMPT - (ITGA5+ITGB1)","VISFATIN","Secreted Signaling","PMID: 28490838","Early"
"Myeloid-CLEC10A-APC","Mac-OLFML3-CX3CR1-resident","NAMPT","ITGA5_ITGB1",0.0295721382931317,0,"NAMPT_ITGA5_ITGB1","NAMPT - (ITGA5+ITGB1)","VISFATIN","Secreted Signaling","PMID: 28490838","Early"
"C6-SLC2A1-like","Myeloid-CLEC10A-APC","NAMPT","ITGA5_ITGB1",0.0273845871983429,0,"NAMPT_ITGA5_ITGB1","NAMPT - (ITGA5+ITGB1)","VISFATIN","Secreted Signaling","PMID: 28490838","Early"
"C7-APOBEC3A-like","Myeloid-CLEC10A-APC","NAMPT","ITGA5_ITGB1",0.0237012101420108,0,"NAMPT_ITGA5_ITGB1","NAMPT - (ITGA5+ITGB1)","VISFATIN","Secreted Signaling","PMID: 28490838","Early"
"Mac-Cycling","Myeloid-CLEC10A-APC","NAMPT","ITGA5_ITGB1",0.0201973858277509,0,"NAMPT_ITGA5_ITGB1","NAMPT - (ITGA5+ITGB1)","VISFATIN","Secreted Signaling","PMID: 28490838","Early"
"Mac-FOLR2-LYVE1-resident","Myeloid-CLEC10A-APC","NAMPT","ITGA5_ITGB1",0.0158625330975776,0,"NAMPT_ITGA5_ITGB1","NAMPT - (ITGA5+ITGB1)","VISFATIN","Secreted Signaling","PMID: 28490838","Early"
"Mac-OLFML3-CX3CR1-resident","Myeloid-CLEC10A-APC","NAMPT","ITGA5_ITGB1",0.0289069966172975,0,"NAMPT_ITGA5_ITGB1","NAMPT - (ITGA5+ITGB1)","VISFATIN","Secreted Signaling","PMID: 28490838","Early"
"Mac-TNF-CCL4-inflammatory","Myeloid-CLEC10A-APC","NAMPT","ITGA5_ITGB1",0.0323036290690476,0,"NAMPT_ITGA5_ITGB1","NAMPT - (ITGA5+ITGB1)","VISFATIN","Secreted Signaling","PMID: 28490838","Early"
"Mono-FCN1-S100A8-S100A9","Myeloid-CLEC10A-APC","NAMPT","ITGA5_ITGB1",0.0390045826892945,0,"NAMPT_ITGA5_ITGB1","NAMPT - (ITGA5+ITGB1)","VISFATIN","Secreted Signaling","PMID: 28490838","Early"
"Myeloid-CLEC10A-APC","Myeloid-CLEC10A-APC","NAMPT","ITGA5_ITGB1",0.0350617055798661,0,"NAMPT_ITGA5_ITGB1","NAMPT - (ITGA5+ITGB1)","VISFATIN","Secreted Signaling","PMID: 28490838","Early"
"C6-SLC2A1-like","Myeloid-CLEC10A-APC","ANGPTL4","ITGA5_ITGB1",0.000564026939228221,0,"ANGPTL4_ITGA5_ITGB1","ANGPTL4 - (ITGA5+ITGB1)","ANGPTL","Secreted Signaling","PMID: 30049845","Early"
"C7-APOBEC3A-like","Myeloid-CLEC10A-APC","MDK","LRP1",0.00226200281695034,0,"MDK_LRP1","MDK - LRP1","MK","Secreted Signaling","PMID: 28356350","Early"
"Mac-Cycling","Myeloid-CLEC10A-APC","MDK","LRP1",0.00251799815193702,0,"MDK_LRP1","MDK - LRP1","MK","Secreted Signaling","PMID: 28356350","Early"
"Mac-OLFML3-CX3CR1-resident","Myeloid-CLEC10A-APC","MDK","LRP1",0.00194470207310747,0,"MDK_LRP1","MDK - LRP1","MK","Secreted Signaling","PMID: 28356350","Early"
"Myeloid-CLEC10A-APC","C6-SLC2A1-like","C3","C3AR1",0.00735414779406171,0,"C3_C3AR1","C3 - C3AR1","COMPLEMENT","Secreted Signaling","KEGG: hsa04080","Early"
"Myeloid-CLEC10A-APC","C7-APOBEC3A-like","C3","C3AR1",0.0178084192637111,0,"C3_C3AR1","C3 - C3AR1","COMPLEMENT","Secreted Signaling","KEGG: hsa04080","Early"
"Myeloid-CLEC10A-APC","Mac-Cycling","C3","C3AR1",0.00423516225720396,0,"C3_C3AR1","C3 - C3AR1","COMPLEMENT","Secreted Signaling","KEGG: hsa04080","Early"
"Myeloid-CLEC10A-APC","Mac-OLFML3-CX3CR1-resident","C3","C3AR1",0.0104163026597453,0,"C3_C3AR1","C3 - C3AR1","COMPLEMENT","Secreted Signaling","KEGG: hsa04080","Early"
"Myeloid-CLEC10A-APC","Mac-TNF-CCL4-inflammatory","C3","C3AR1",0.00243545662350475,0,"C3_C3AR1","C3 - C3AR1","COMPLEMENT","Secreted Signaling","KEGG: hsa04080","Early"
"Myeloid-CLEC10A-APC","Mono-FCN1-S100A8-S100A9","C3","C3AR1",0.00251813932762574,0,"C3_C3AR1","C3 - C3AR1","COMPLEMENT","Secreted Signaling","KEGG: hsa04080","Early"
"C6-SLC2A1-like","Myeloid-CLEC10A-APC","C3","C3AR1",0.00489281870818636,0,"C3_C3AR1","C3 - C3AR1","COMPLEMENT","Secreted Signaling","KEGG: hsa04080","Early"
"C7-APOBEC3A-like","Myeloid-CLEC10A-APC","C3","C3AR1",0.0295636796035912,0,"C3_C3AR1","C3 - C3AR1","COMPLEMENT","Secreted Signaling","KEGG: hsa04080","Early"
"Mac-Cycling","Myeloid-CLEC10A-APC","C3","C3AR1",0.0377958502267411,0,"C3_C3AR1","C3 - C3AR1","COMPLEMENT","Secreted Signaling","KEGG: hsa04080","Early"
"Mac-FOLR2-LYVE1-resident","Myeloid-CLEC10A-APC","C3","C3AR1",0.0132935739703754,0,"C3_C3AR1","C3 - C3AR1","COMPLEMENT","Secreted Signaling","KEGG: hsa04080","Early"
"Mac-OLFML3-CX3CR1-resident","Myeloid-CLEC10A-APC","C3","C3AR1",0.0451924620866773,0,"C3_C3AR1","C3 - C3AR1","COMPLEMENT","Secreted Signaling","KEGG: hsa04080","Early"
"Mac-TNF-CCL4-inflammatory","Myeloid-CLEC10A-APC","C3","C3AR1",0.0350479456816461,0,"C3_C3AR1","C3 - C3AR1","COMPLEMENT","Secreted Signaling","KEGG: hsa04080","Early"
"Myeloid-CLEC10A-APC","Myeloid-CLEC10A-APC","C3","C3AR1",0.00805448958791642,0,"C3_C3AR1","C3 - C3AR1","COMPLEMENT","Secreted Signaling","KEGG: hsa04080","Early"
"Myeloid-CLEC10A-APC","C6-SLC2A1-like","C3","ITGAM_ITGB2",0.0136524073399857,0,"C3_ITGAM_ITGB2","C3 - (ITGAM+ITGB2)","COMPLEMENT","Secreted Signaling","PMID: 16234578","Early"
"Myeloid-CLEC10A-APC","C7-APOBEC3A-like","C3","ITGAM_ITGB2",0.0177251964840106,0,"C3_ITGAM_ITGB2","C3 - (ITGAM+ITGB2)","COMPLEMENT","Secreted Signaling","PMID: 16234578","Early"
"Myeloid-CLEC10A-APC","Mac-Cycling","C3","ITGAM_ITGB2",0.0143723685026338,0,"C3_ITGAM_ITGB2","C3 - (ITGAM+ITGB2)","COMPLEMENT","Secreted Signaling","PMID: 16234578","Early"
"Myeloid-CLEC10A-APC","Mac-OLFML3-CX3CR1-resident","C3","ITGAM_ITGB2",0.00890969510804656,0,"C3_ITGAM_ITGB2","C3 - (ITGAM+ITGB2)","COMPLEMENT","Secreted Signaling","PMID: 16234578","Early"
"Myeloid-CLEC10A-APC","Mac-TNF-CCL4-inflammatory","C3","ITGAM_ITGB2",0.00999277949633417,0,"C3_ITGAM_ITGB2","C3 - (ITGAM+ITGB2)","COMPLEMENT","Secreted Signaling","PMID: 16234578","Early"
"Myeloid-CLEC10A-APC","Mono-FCN1-S100A8-S100A9","C3","ITGAM_ITGB2",0.00934321787439811,0,"C3_ITGAM_ITGB2","C3 - (ITGAM+ITGB2)","COMPLEMENT","Secreted Signaling","PMID: 16234578","Early"
"C6-SLC2A1-like","Myeloid-CLEC10A-APC","C3","ITGAM_ITGB2",0.00878336995411271,0,"C3_ITGAM_ITGB2","C3 - (ITGAM+ITGB2)","COMPLEMENT","Secreted Signaling","PMID: 16234578","Early"
"C7-APOBEC3A-like","Myeloid-CLEC10A-APC","C3","ITGAM_ITGB2",0.0520453959138907,0,"C3_ITGAM_ITGB2","C3 - (ITGAM+ITGB2)","COMPLEMENT","Secreted Signaling","PMID: 16234578","Early"
"Mac-Cycling","Myeloid-CLEC10A-APC","C3","ITGAM_ITGB2",0.0661112500991372,0,"C3_ITGAM_ITGB2","C3 - (ITGAM+ITGB2)","COMPLEMENT","Secreted Signaling","PMID: 16234578","Early"
"Mac-FOLR2-LYVE1-resident","Myeloid-CLEC10A-APC","C3","ITGAM_ITGB2",0.0237049060630796,0,"C3_ITGAM_ITGB2","C3 - (ITGAM+ITGB2)","COMPLEMENT","Secreted Signaling","PMID: 16234578","Early"
"Mac-OLFML3-CX3CR1-resident","Myeloid-CLEC10A-APC","C3","ITGAM_ITGB2",0.0785965243553172,0,"C3_ITGAM_ITGB2","C3 - (ITGAM+ITGB2)","COMPLEMENT","Secreted Signaling","PMID: 16234578","Early"
"Mac-TNF-CCL4-inflammatory","Myeloid-CLEC10A-APC","C3","ITGAM_ITGB2",0.0614361492849521,0,"C3_ITGAM_ITGB2","C3 - (ITGAM+ITGB2)","COMPLEMENT","Secreted Signaling","PMID: 16234578","Early"
"Myeloid-CLEC10A-APC","Myeloid-CLEC10A-APC","C3","ITGAM_ITGB2",0.0144226234862738,0,"C3_ITGAM_ITGB2","C3 - (ITGAM+ITGB2)","COMPLEMENT","Secreted Signaling","PMID: 16234578","Early"
"Myeloid-CLEC10A-APC","C6-SLC2A1-like","C3","ITGAX_ITGB2",0.0142383569791227,0,"C3_ITGAX_ITGB2","C3 - (ITGAX+ITGB2)","COMPLEMENT","Secreted Signaling","PMID: 16234578","Early"
"Myeloid-CLEC10A-APC","C7-APOBEC3A-like","C3","ITGAX_ITGB2",0.0139159699372585,0,"C3_ITGAX_ITGB2","C3 - (ITGAX+ITGB2)","COMPLEMENT","Secreted Signaling","PMID: 16234578","Early"
"Myeloid-CLEC10A-APC","Mac-Cycling","C3","ITGAX_ITGB2",0.0101969370077825,0,"C3_ITGAX_ITGB2","C3 - (ITGAX+ITGB2)","COMPLEMENT","Secreted Signaling","PMID: 16234578","Early"
"Myeloid-CLEC10A-APC","Mac-FOLR2-LYVE1-resident","C3","ITGAX_ITGB2",0.00806705160252878,0,"C3_ITGAX_ITGB2","C3 - (ITGAX+ITGB2)","COMPLEMENT","Secreted Signaling","PMID: 16234578","Early"
"Myeloid-CLEC10A-APC","Mac-OLFML3-CX3CR1-resident","C3","ITGAX_ITGB2",0.0163547265211645,0,"C3_ITGAX_ITGB2","C3 - (ITGAX+ITGB2)","COMPLEMENT","Secreted Signaling","PMID: 16234578","Early"
"Myeloid-CLEC10A-APC","Mac-TNF-CCL4-inflammatory","C3","ITGAX_ITGB2",0.0122498876407425,0,"C3_ITGAX_ITGB2","C3 - (ITGAX+ITGB2)","COMPLEMENT","Secreted Signaling","PMID: 16234578","Early"
"Myeloid-CLEC10A-APC","Mono-FCN1-S100A8-S100A9","C3","ITGAX_ITGB2",0.0100702711551708,0,"C3_ITGAX_ITGB2","C3 - (ITGAX+ITGB2)","COMPLEMENT","Secreted Signaling","PMID: 16234578","Early"
"C6-SLC2A1-like","Myeloid-CLEC10A-APC","C3","ITGAX_ITGB2",0.00577230609271967,0,"C3_ITGAX_ITGB2","C3 - (ITGAX+ITGB2)","COMPLEMENT","Secreted Signaling","PMID: 16234578","Early"
"C7-APOBEC3A-like","Myeloid-CLEC10A-APC","C3","ITGAX_ITGB2",0.0347230304919729,0,"C3_ITGAX_ITGB2","C3 - (ITGAX+ITGB2)","COMPLEMENT","Secreted Signaling","PMID: 16234578","Early"
"Mac-Cycling","Myeloid-CLEC10A-APC","C3","ITGAX_ITGB2",0.0443262297180814,0,"C3_ITGAX_ITGB2","C3 - (ITGAX+ITGB2)","COMPLEMENT","Secreted Signaling","PMID: 16234578","Early"
"Mac-FOLR2-LYVE1-resident","Myeloid-CLEC10A-APC","C3","ITGAX_ITGB2",0.0156593401290177,0,"C3_ITGAX_ITGB2","C3 - (ITGAX+ITGB2)","COMPLEMENT","Secreted Signaling","PMID: 16234578","Early"
"Mac-OLFML3-CX3CR1-resident","Myeloid-CLEC10A-APC","C3","ITGAX_ITGB2",0.0529305288690275,0,"C3_ITGAX_ITGB2","C3 - (ITGAX+ITGB2)","COMPLEMENT","Secreted Signaling","PMID: 16234578","Early"
"Mac-TNF-CCL4-inflammatory","Myeloid-CLEC10A-APC","C3","ITGAX_ITGB2",0.0411238331986394,0,"C3_ITGAX_ITGB2","C3 - (ITGAX+ITGB2)","COMPLEMENT","Secreted Signaling","PMID: 16234578","Early"
"Myeloid-CLEC10A-APC","Myeloid-CLEC10A-APC","C3","ITGAX_ITGB2",0.00949686567088865,0,"C3_ITGAX_ITGB2","C3 - (ITGAX+ITGB2)","COMPLEMENT","Secreted Signaling","PMID: 16234578","Early"
"C6-SLC2A1-like","Myeloid-CLEC10A-APC","SEMA3C","NRP1_NRP2",0.00105987381971292,0,"SEMA3C_NRP1_NRP2","SEMA3C - (NRP1+NRP2)","SEMA3","Secreted Signaling","PMID: 27533782","Early"
"C6-SLC2A1-like","Myeloid-CLEC10A-APC","SEMA3C","PLXND1",0.00112037085035758,0,"SEMA3C_PLXND1","SEMA3C - PLXND1","SEMA3","Secreted Signaling","PMID: 27533782","Early"
"Myeloid-CLEC10A-APC","C7-APOBEC3A-like","ANXA1","FPR2",0.0026377011375384,0,"ANXA1_FPR2","ANXA1 - FPR2","ANNEXIN","Secreted Signaling","PMID: 23230437","Early"
"Myeloid-CLEC10A-APC","C6-SLC2A1-like","ANXA1","FPR1",0.00813913513419122,0,"ANXA1_FPR1","ANXA1 - FPR1","ANNEXIN","Secreted Signaling","PMID: 23230437","Early"
"Myeloid-CLEC10A-APC","C7-APOBEC3A-like","ANXA1","FPR1",0.0383394860322246,0,"ANXA1_FPR1","ANXA1 - FPR1","ANNEXIN","Secreted Signaling","PMID: 23230437","Early"
"Myeloid-CLEC10A-APC","Mac-Cycling","ANXA1","FPR1",0.0109795911494168,0,"ANXA1_FPR1","ANXA1 - FPR1","ANNEXIN","Secreted Signaling","PMID: 23230437","Early"
"Myeloid-CLEC10A-APC","Mac-OLFML3-CX3CR1-resident","ANXA1","FPR1",0.0174775110420803,0,"ANXA1_FPR1","ANXA1 - FPR1","ANNEXIN","Secreted Signaling","PMID: 23230437","Early"
"Myeloid-CLEC10A-APC","Mono-FCN1-S100A8-S100A9","ANXA1","FPR1",0.0617943295160267,0,"ANXA1_FPR1","ANXA1 - FPR1","ANNEXIN","Secreted Signaling","PMID: 23230437","Early"
"C6-SLC2A1-like","Myeloid-CLEC10A-APC","ANXA1","FPR1",0.0504235119114068,0,"ANXA1_FPR1","ANXA1 - FPR1","ANNEXIN","Secreted Signaling","PMID: 23230437","Early"
"C7-APOBEC3A-like","Myeloid-CLEC10A-APC","ANXA1","FPR1",0.0376317344423849,0,"ANXA1_FPR1","ANXA1 - FPR1","ANNEXIN","Secreted Signaling","PMID: 23230437","Early"
"Mac-Cycling","Myeloid-CLEC10A-APC","ANXA1","FPR1",0.0387153422223872,0,"ANXA1_FPR1","ANXA1 - FPR1","ANNEXIN","Secreted Signaling","PMID: 23230437","Early"
"Mac-FOLR2-LYVE1-resident","Myeloid-CLEC10A-APC","ANXA1","FPR1",0.0125914205848926,0,"ANXA1_FPR1","ANXA1 - FPR1","ANNEXIN","Secreted Signaling","PMID: 23230437","Early"
"Mac-NUPR1-IGF2-stress","Myeloid-CLEC10A-APC","ANXA1","FPR1",0.0170378931438322,0,"ANXA1_FPR1","ANXA1 - FPR1","ANNEXIN","Secreted Signaling","PMID: 23230437","Early"
"Mac-OLFML3-CX3CR1-resident","Myeloid-CLEC10A-APC","ANXA1","FPR1",0.0398870559922813,0,"ANXA1_FPR1","ANXA1 - FPR1","ANNEXIN","Secreted Signaling","PMID: 23230437","Early"
"Mac-TNF-CCL4-inflammatory","Myeloid-CLEC10A-APC","ANXA1","FPR1",0.01227497877192,0,"ANXA1_FPR1","ANXA1 - FPR1","ANNEXIN","Secreted Signaling","PMID: 23230437","Early"
"Mono-FCN1-S100A8-S100A9","Myeloid-CLEC10A-APC","ANXA1","FPR1",0.0448544318301319,0,"ANXA1_FPR1","ANXA1 - FPR1","ANNEXIN","Secreted Signaling","PMID: 23230437","Early"
"Myeloid-CLEC10A-APC","Myeloid-CLEC10A-APC","ANXA1","FPR1",0.0499000156960853,0,"ANXA1_FPR1","ANXA1 - FPR1","ANNEXIN","Secreted Signaling","PMID: 23230437","Early"
"Myeloid-CLEC10A-APC","C6-SLC2A1-like","GAS6","AXL",0.00082269010483557,0,"GAS6_AXL","GAS6 - AXL","GAS","Secreted Signaling","PMID: 27801848","Early"
"Myeloid-CLEC10A-APC","C7-APOBEC3A-like","GAS6","AXL",0.00483179429121212,0,"GAS6_AXL","GAS6 - AXL","GAS","Secreted Signaling","PMID: 27801848","Early"
"Myeloid-CLEC10A-APC","Mac-Cycling","GAS6","AXL",0.00321132528590693,0,"GAS6_AXL","GAS6 - AXL","GAS","Secreted Signaling","PMID: 27801848","Early"
"Myeloid-CLEC10A-APC","Mac-OLFML3-CX3CR1-resident","GAS6","AXL",0.00133116727509807,0,"GAS6_AXL","GAS6 - AXL","GAS","Secreted Signaling","PMID: 27801848","Early"
"Myeloid-CLEC10A-APC","C6-SLC2A1-like","GAS6","MERTK",0.000826327008763369,0,"GAS6_MERTK","GAS6 - MERTK","GAS","Secreted Signaling","PMID: 27801848","Early"
"Myeloid-CLEC10A-APC","C7-APOBEC3A-like","GAS6","MERTK",0.00216608393344291,0,"GAS6_MERTK","GAS6 - MERTK","GAS","Secreted Signaling","PMID: 27801848","Early"
"Myeloid-CLEC10A-APC","Mac-Cycling","GAS6","MERTK",0.000973886576273695,0,"GAS6_MERTK","GAS6 - MERTK","GAS","Secreted Signaling","PMID: 27801848","Early"
"Myeloid-CLEC10A-APC","Mac-OLFML3-CX3CR1-resident","GAS6","MERTK",0.00153092746702643,0,"GAS6_MERTK","GAS6 - MERTK","GAS","Secreted Signaling","PMID: 27801848","Early"
"Myeloid-CLEC10A-APC","Mac-TNF-CCL4-inflammatory","GAS6","MERTK",0.00158465920082796,0,"GAS6_MERTK","GAS6 - MERTK","GAS","Secreted Signaling","PMID: 27801848","Early"
"C7-APOBEC3A-like","Myeloid-CLEC10A-APC","GAS6","MERTK",0.000501376805317982,0,"GAS6_MERTK","GAS6 - MERTK","GAS","Secreted Signaling","PMID: 27801848","Early"
"Mac-Cycling","Myeloid-CLEC10A-APC","GAS6","MERTK",0.00130217950824939,0,"GAS6_MERTK","GAS6 - MERTK","GAS","Secreted Signaling","PMID: 27801848","Early"
"Mac-OLFML3-CX3CR1-resident","Myeloid-CLEC10A-APC","GAS6","MERTK",0.00202021670730024,0,"GAS6_MERTK","GAS6 - MERTK","GAS","Secreted Signaling","PMID: 27801848","Early"
"Myeloid-CLEC10A-APC","Myeloid-CLEC10A-APC","GAS6","MERTK",0.000570174915131332,0,"GAS6_MERTK","GAS6 - MERTK","GAS","Secreted Signaling","PMID: 27801848","Early"
"Myeloid-CLEC10A-APC","C6-SLC2A1-like","GRN","SORT1",0.00335919394617846,0,"GRN_SORT1","GRN - SORT1","GRN","Secreted Signaling","PMID: 29555433","Early"
"Myeloid-CLEC10A-APC","C6-SLC2A1-like","LGALS9","PTPRC",0.0316288511299232,0.01,"LGALS9_CD45","LGALS9 - CD45","GALECTIN","Secreted Signaling","PMID: 30120235","Early"
"Myeloid-CLEC10A-APC","C7-APOBEC3A-like","LGALS9","PTPRC",0.0401426741126748,0,"LGALS9_CD45","LGALS9 - CD45","GALECTIN","Secreted Signaling","PMID: 30120235","Early"
"Myeloid-CLEC10A-APC","Mac-Cycling","LGALS9","PTPRC",0.0319851050535107,0.03,"LGALS9_CD45","LGALS9 - CD45","GALECTIN","Secreted Signaling","PMID: 30120235","Early"
"Myeloid-CLEC10A-APC","Mac-OLFML3-CX3CR1-resident","LGALS9","PTPRC",0.0343855461032561,0.01,"LGALS9_CD45","LGALS9 - CD45","GALECTIN","Secreted Signaling","PMID: 30120235","Early"
"Myeloid-CLEC10A-APC","Mac-TNF-CCL4-inflammatory","LGALS9","PTPRC",0.0320352249940333,0.02,"LGALS9_CD45","LGALS9 - CD45","GALECTIN","Secreted Signaling","PMID: 30120235","Early"
"Myeloid-CLEC10A-APC","Mono-FCN1-S100A8-S100A9","LGALS9","PTPRC",0.0432167608580922,0,"LGALS9_CD45","LGALS9 - CD45","GALECTIN","Secreted Signaling","PMID: 30120235","Early"
"C6-SLC2A1-like","Myeloid-CLEC10A-APC","LGALS9","PTPRC",0.0460784943117917,0,"LGALS9_CD45","LGALS9 - CD45","GALECTIN","Secreted Signaling","PMID: 30120235","Early"
"C7-APOBEC3A-like","Myeloid-CLEC10A-APC","LGALS9","PTPRC",0.0597017541952085,0,"LGALS9_CD45","LGALS9 - CD45","GALECTIN","Secreted Signaling","PMID: 30120235","Early"
"Mac-Cycling","Myeloid-CLEC10A-APC","LGALS9","PTPRC",0.0600216869880809,0,"LGALS9_CD45","LGALS9 - CD45","GALECTIN","Secreted Signaling","PMID: 30120235","Early"
"Mac-FOLR2-LYVE1-resident","Myeloid-CLEC10A-APC","LGALS9","PTPRC",0.01851232930864,0.01,"LGALS9_CD45","LGALS9 - CD45","GALECTIN","Secreted Signaling","PMID: 30120235","Early"
"Mac-OLFML3-CX3CR1-resident","Myeloid-CLEC10A-APC","LGALS9","PTPRC",0.0482459839429854,0,"LGALS9_CD45","LGALS9 - CD45","GALECTIN","Secreted Signaling","PMID: 30120235","Early"
"Myeloid-CLEC10A-APC","Myeloid-CLEC10A-APC","LGALS9","PTPRC",0.0299452713107723,0.03,"LGALS9_CD45","LGALS9 - CD45","GALECTIN","Secreted Signaling","PMID: 30120235","Early"
"Myeloid-CLEC10A-APC","C6-SLC2A1-like","LGALS9","HAVCR2",0.0172663314851979,0,"LGALS9_HAVCR2","LGALS9 - HAVCR2","GALECTIN","Secreted Signaling","PMID: 27192565","Early"
"Myeloid-CLEC10A-APC","C7-APOBEC3A-like","LGALS9","HAVCR2",0.0219398323035081,0,"LGALS9_HAVCR2","LGALS9 - HAVCR2","GALECTIN","Secreted Signaling","PMID: 27192565","Early"
"Myeloid-CLEC10A-APC","Mac-Cycling","LGALS9","HAVCR2",0.0157157584505226,0,"LGALS9_HAVCR2","LGALS9 - HAVCR2","GALECTIN","Secreted Signaling","PMID: 27192565","Early"
"Myeloid-CLEC10A-APC","Mac-FOLR2-LYVE1-resident","LGALS9","HAVCR2",0.00701570722009275,0,"LGALS9_HAVCR2","LGALS9 - HAVCR2","GALECTIN","Secreted Signaling","PMID: 27192565","Early"
"Myeloid-CLEC10A-APC","Mac-OLFML3-CX3CR1-resident","LGALS9","HAVCR2",0.0199236170659323,0,"LGALS9_HAVCR2","LGALS9 - HAVCR2","GALECTIN","Secreted Signaling","PMID: 27192565","Early"
"Myeloid-CLEC10A-APC","Mac-TNF-CCL4-inflammatory","LGALS9","HAVCR2",0.0232681444522756,0,"LGALS9_HAVCR2","LGALS9 - HAVCR2","GALECTIN","Secreted Signaling","PMID: 27192565","Early"
"Myeloid-CLEC10A-APC","Mono-FCN1-S100A8-S100A9","LGALS9","HAVCR2",0.00725148072096894,0.02,"LGALS9_HAVCR2","LGALS9 - HAVCR2","GALECTIN","Secreted Signaling","PMID: 27192565","Early"
"C6-SLC2A1-like","Myeloid-CLEC10A-APC","LGALS9","HAVCR2",0.00841494686823671,0,"LGALS9_HAVCR2","LGALS9 - HAVCR2","GALECTIN","Secreted Signaling","PMID: 27192565","Early"
"C7-APOBEC3A-like","Myeloid-CLEC10A-APC","LGALS9","HAVCR2",0.0110316286869525,0,"LGALS9_HAVCR2","LGALS9 - HAVCR2","GALECTIN","Secreted Signaling","PMID: 27192565","Early"
"Mac-Cycling","Myeloid-CLEC10A-APC","LGALS9","HAVCR2",0.0110938226966045,0,"LGALS9_HAVCR2","LGALS9 - HAVCR2","GALECTIN","Secreted Signaling","PMID: 27192565","Early"
"Mac-FOLR2-LYVE1-resident","Myeloid-CLEC10A-APC","LGALS9","HAVCR2",0.00330274654712266,0.03,"LGALS9_HAVCR2","LGALS9 - HAVCR2","GALECTIN","Secreted Signaling","PMID: 27192565","Early"
"Mac-OLFML3-CX3CR1-resident","Myeloid-CLEC10A-APC","LGALS9","HAVCR2",0.00882717231464725,0,"LGALS9_HAVCR2","LGALS9 - HAVCR2","GALECTIN","Secreted Signaling","PMID: 27192565","Early"
"Myeloid-CLEC10A-APC","Myeloid-CLEC10A-APC","LGALS9","HAVCR2",0.00539409777397484,0,"LGALS9_HAVCR2","LGALS9 - HAVCR2","GALECTIN","Secreted Signaling","PMID: 27192565","Early"
"Myeloid-CLEC10A-APC","C6-SLC2A1-like","LGALS9","CD44",0.0383016305627421,0,"LGALS9_CD44","LGALS9 - CD44","GALECTIN","Secreted Signaling","PMID: 25065622","Early"
"Myeloid-CLEC10A-APC","C7-APOBEC3A-like","LGALS9","CD44",0.0338518146333423,0,"LGALS9_CD44","LGALS9 - CD44","GALECTIN","Secreted Signaling","PMID: 25065622","Early"
"Myeloid-CLEC10A-APC","Mac-Cycling","LGALS9","CD44",0.0270191146882765,0,"LGALS9_CD44","LGALS9 - CD44","GALECTIN","Secreted Signaling","PMID: 25065622","Early"
"Myeloid-CLEC10A-APC","Mac-OLFML3-CX3CR1-resident","LGALS9","CD44",0.0253522658896163,0,"LGALS9_CD44","LGALS9 - CD44","GALECTIN","Secreted Signaling","PMID: 25065622","Early"
"Myeloid-CLEC10A-APC","Mac-TNF-CCL4-inflammatory","LGALS9","CD44",0.0316361336305197,0,"LGALS9_CD44","LGALS9 - CD44","GALECTIN","Secreted Signaling","PMID: 25065622","Early"
"Myeloid-CLEC10A-APC","Mono-FCN1-S100A8-S100A9","LGALS9","CD44",0.0459633101977753,0,"LGALS9_CD44","LGALS9 - CD44","GALECTIN","Secreted Signaling","PMID: 25065622","Early"
"C6-SLC2A1-like","Myeloid-CLEC10A-APC","LGALS9","CD44",0.0701107639616796,0,"LGALS9_CD44","LGALS9 - CD44","GALECTIN","Secreted Signaling","PMID: 25065622","Early"
"C7-APOBEC3A-like","Myeloid-CLEC10A-APC","LGALS9","CD44",0.0901676365931091,0,"LGALS9_CD44","LGALS9 - CD44","GALECTIN","Secreted Signaling","PMID: 25065622","Early"
"Mac-Cycling","Myeloid-CLEC10A-APC","LGALS9","CD44",0.0906350947124608,0,"LGALS9_CD44","LGALS9 - CD44","GALECTIN","Secreted Signaling","PMID: 25065622","Early"
"Mac-FOLR2-LYVE1-resident","Myeloid-CLEC10A-APC","LGALS9","CD44",0.0285984726859826,0,"LGALS9_CD44","LGALS9 - CD44","GALECTIN","Secreted Signaling","PMID: 25065622","Early"
"Mac-OLFML3-CX3CR1-resident","Myeloid-CLEC10A-APC","LGALS9","CD44",0.0733218183996835,0,"LGALS9_CD44","LGALS9 - CD44","GALECTIN","Secreted Signaling","PMID: 25065622","Early"
"Mac-TNF-CCL4-inflammatory","Myeloid-CLEC10A-APC","LGALS9","CD44",0.0255099157086382,0,"LGALS9_CD44","LGALS9 - CD44","GALECTIN","Secreted Signaling","PMID: 25065622","Early"
"Mono-FCN1-S100A8-S100A9","Myeloid-CLEC10A-APC","LGALS9","CD44",0.022617735143222,0,"LGALS9_CD44","LGALS9 - CD44","GALECTIN","Secreted Signaling","PMID: 25065622","Early"
"Myeloid-CLEC10A-APC","Myeloid-CLEC10A-APC","LGALS9","CD44",0.0459687258357,0,"LGALS9_CD44","LGALS9 - CD44","GALECTIN","Secreted Signaling","PMID: 25065622","Early"
"Myeloid-CLEC10A-APC","C7-APOBEC3A-like","ANXA1","FPR2_LXA4",0.0147530721006195,0,"ANXA1_FPR2_LXA4","ANXA1 - (FPR2+LXA4)","ANNEXIN","Secreted Signaling","PMID: 22610094","Early"
"Myeloid-CLEC10A-APC","C6-SLC2A1-like","ANXA1","FPR3",0.0757109017437687,0,"ANXA1_FPR3","ANXA1 - FPR3","ANNEXIN","Secreted Signaling","PMID: 33082511","Early"
"Myeloid-CLEC10A-APC","C7-APOBEC3A-like","ANXA1","FPR3",0.0781555389798916,0,"ANXA1_FPR3","ANXA1 - FPR3","ANNEXIN","Secreted Signaling","PMID: 33082511","Early"
"Myeloid-CLEC10A-APC","Mac-Cycling","ANXA1","FPR3",0.0407671128499611,0,"ANXA1_FPR3","ANXA1 - FPR3","ANNEXIN","Secreted Signaling","PMID: 33082511","Early"
"Myeloid-CLEC10A-APC","Mac-FOLR2-LYVE1-resident","ANXA1","FPR3",0.0210421679933476,0,"ANXA1_FPR3","ANXA1 - FPR3","ANNEXIN","Secreted Signaling","PMID: 33082511","Early"
"Myeloid-CLEC10A-APC","Mac-OLFML3-CX3CR1-resident","ANXA1","FPR3",0.0150750161090639,0,"ANXA1_FPR3","ANXA1 - FPR3","ANNEXIN","Secreted Signaling","PMID: 33082511","Early"
"Myeloid-CLEC10A-APC","Mac-TNF-CCL4-inflammatory","ANXA1","FPR3",0.0220569372804703,0,"ANXA1_FPR3","ANXA1 - FPR3","ANNEXIN","Secreted Signaling","PMID: 33082511","Early"
"C6-SLC2A1-like","Myeloid-CLEC10A-APC","ANXA1","FPR3",0.0742344314631697,0,"ANXA1_FPR3","ANXA1 - FPR3","ANNEXIN","Secreted Signaling","PMID: 33082511","Early"
"C7-APOBEC3A-like","Myeloid-CLEC10A-APC","ANXA1","FPR3",0.0557568232743235,0,"ANXA1_FPR3","ANXA1 - FPR3","ANNEXIN","Secreted Signaling","PMID: 33082511","Early"
"Mac-Cycling","Myeloid-CLEC10A-APC","ANXA1","FPR3",0.0573312519802118,0,"ANXA1_FPR3","ANXA1 - FPR3","ANNEXIN","Secreted Signaling","PMID: 33082511","Early"
"Mac-FOLR2-LYVE1-resident","Myeloid-CLEC10A-APC","ANXA1","FPR3",0.0188927656420763,0,"ANXA1_FPR3","ANXA1 - FPR3","ANNEXIN","Secreted Signaling","PMID: 33082511","Early"
"Mac-NUPR1-IGF2-stress","Myeloid-CLEC10A-APC","ANXA1","FPR3",0.0255069817244448,0,"ANXA1_FPR3","ANXA1 - FPR3","ANNEXIN","Secreted Signaling","PMID: 33082511","Early"
"Mac-OLFML3-CX3CR1-resident","Myeloid-CLEC10A-APC","ANXA1","FPR3",0.0590317749031209,0,"ANXA1_FPR3","ANXA1 - FPR3","ANNEXIN","Secreted Signaling","PMID: 33082511","Early"
"Mac-TNF-CCL4-inflammatory","Myeloid-CLEC10A-APC","ANXA1","FPR3",0.0184209156947351,0,"ANXA1_FPR3","ANXA1 - FPR3","ANNEXIN","Secreted Signaling","PMID: 33082511","Early"
"Mono-FCN1-S100A8-S100A9","Myeloid-CLEC10A-APC","ANXA1","FPR3",0.0662189195328036,0,"ANXA1_FPR3","ANXA1 - FPR3","ANNEXIN","Secreted Signaling","PMID: 33082511","Early"
"Myeloid-CLEC10A-APC","Myeloid-CLEC10A-APC","ANXA1","FPR3",0.0734828605057989,0,"ANXA1_FPR3","ANXA1 - FPR3","ANNEXIN","Secreted Signaling","PMID: 33082511","Early"
"Myeloid-CLEC10A-APC","C6-SLC2A1-like","LGALS9","P4HB",0.0287089526009899,0,"LGALS9_P4HB","LGALS9 - P4HB","GALECTIN","Secreted Signaling","PMID:21670307;uniprot","Early"
"Myeloid-CLEC10A-APC","C7-APOBEC3A-like","LGALS9","P4HB",0.0253661744222011,0,"LGALS9_P4HB","LGALS9 - P4HB","GALECTIN","Secreted Signaling","PMID:21670307;uniprot","Early"
"Myeloid-CLEC10A-APC","Mac-Cycling","LGALS9","P4HB",0.0262101483829314,0,"LGALS9_P4HB","LGALS9 - P4HB","GALECTIN","Secreted Signaling","PMID:21670307;uniprot","Early"
"Myeloid-CLEC10A-APC","Mac-OLFML3-CX3CR1-resident","LGALS9","P4HB",0.0183039535090089,0,"LGALS9_P4HB","LGALS9 - P4HB","GALECTIN","Secreted Signaling","PMID:21670307;uniprot","Early"
"C6-SLC2A1-like","Myeloid-CLEC10A-APC","LGALS9","P4HB",0.0340405416741595,0,"LGALS9_P4HB","LGALS9 - P4HB","GALECTIN","Secreted Signaling","PMID:21670307;uniprot","Early"
"C7-APOBEC3A-like","Myeloid-CLEC10A-APC","LGALS9","P4HB",0.044269910967061,0,"LGALS9_P4HB","LGALS9 - P4HB","GALECTIN","Secreted Signaling","PMID:21670307;uniprot","Early"
"Mac-Cycling","Myeloid-CLEC10A-APC","LGALS9","P4HB",0.0445110614542687,0,"LGALS9_P4HB","LGALS9 - P4HB","GALECTIN","Secreted Signaling","PMID:21670307;uniprot","Early"
"Mac-FOLR2-LYVE1-resident","Myeloid-CLEC10A-APC","LGALS9","P4HB",0.0135735316250982,0,"LGALS9_P4HB","LGALS9 - P4HB","GALECTIN","Secreted Signaling","PMID:21670307;uniprot","Early"
"Mac-OLFML3-CX3CR1-resident","Myeloid-CLEC10A-APC","LGALS9","P4HB",0.0356629469409647,0,"LGALS9_P4HB","LGALS9 - P4HB","GALECTIN","Secreted Signaling","PMID:21670307;uniprot","Early"
"Mac-TNF-CCL4-inflammatory","Myeloid-CLEC10A-APC","LGALS9","P4HB",0.0120874361190289,0.04,"LGALS9_P4HB","LGALS9 - P4HB","GALECTIN","Secreted Signaling","PMID:21670307;uniprot","Early"
"Mono-FCN1-S100A8-S100A9","Myeloid-CLEC10A-APC","LGALS9","P4HB",0.0107003162654384,0.03,"LGALS9_P4HB","LGALS9 - P4HB","GALECTIN","Secreted Signaling","PMID:21670307;uniprot","Early"
"Myeloid-CLEC10A-APC","Myeloid-CLEC10A-APC","LGALS9","P4HB",0.0220247904299123,0,"LGALS9_P4HB","LGALS9 - P4HB","GALECTIN","Secreted Signaling","PMID:21670307;uniprot","Early"
"Myeloid-CLEC10A-APC","C6-SLC2A1-like","PPIA","BSG",0.059672545003466,0,"PPIA_BSG","PPIA - BSG","CypA","Secreted Signaling","PMID: 36012604","Early"
"Myeloid-CLEC10A-APC","Mac-Cycling","PPIA","BSG",0.0616575545269808,0,"PPIA_BSG","PPIA - BSG","CypA","Secreted Signaling","PMID: 36012604","Early"
"Mac-Cycling","Myeloid-CLEC10A-APC","PPIA","BSG",0.0526256337147509,0,"PPIA_BSG","PPIA - BSG","CypA","Secreted Signaling","PMID: 36012604","Early"
"Myeloid-CLEC10A-APC","C6-SLC2A1-like","PLAU","PLAUR",0.0136791464952022,0,"PLAU_PLAUR","PLAU - PLAUR","PLAU","Secreted Signaling","uniprot","Early"
"Myeloid-CLEC10A-APC","C7-APOBEC3A-like","PLAU","PLAUR",0.0124868095954126,0,"PLAU_PLAUR","PLAU - PLAUR","PLAU","Secreted Signaling","uniprot","Early"
"Myeloid-CLEC10A-APC","Mac-Cycling","PLAU","PLAUR",0.00857419973884064,0,"PLAU_PLAUR","PLAU - PLAUR","PLAU","Secreted Signaling","uniprot","Early"
"Myeloid-CLEC10A-APC","Mac-FOLR2-LYVE1-resident","PLAU","PLAUR",0.00256420396771802,0,"PLAU_PLAUR","PLAU - PLAUR","PLAU","Secreted Signaling","uniprot","Early"
"Myeloid-CLEC10A-APC","Mac-NUPR1-IGF2-stress","PLAU","PLAUR",0.0027412035543005,0,"PLAU_PLAUR","PLAU - PLAUR","PLAU","Secreted Signaling","uniprot","Early"
"Myeloid-CLEC10A-APC","Mac-OLFML3-CX3CR1-resident","PLAU","PLAUR",0.00917155577807285,0,"PLAU_PLAUR","PLAU - PLAUR","PLAU","Secreted Signaling","uniprot","Early"
"Myeloid-CLEC10A-APC","Mac-TNF-CCL4-inflammatory","PLAU","PLAUR",0.00741699468753304,0,"PLAU_PLAUR","PLAU - PLAUR","PLAU","Secreted Signaling","uniprot","Early"
"Myeloid-CLEC10A-APC","Mono-FCN1-S100A8-S100A9","PLAU","PLAUR",0.0130646541850241,0,"PLAU_PLAUR","PLAU - PLAUR","PLAU","Secreted Signaling","uniprot","Early"
"C6-SLC2A1-like","Myeloid-CLEC10A-APC","PLAU","PLAUR",0.0550307811412992,0,"PLAU_PLAUR","PLAU - PLAUR","PLAU","Secreted Signaling","uniprot","Early"
"C7-APOBEC3A-like","Myeloid-CLEC10A-APC","PLAU","PLAUR",0.0303792337994804,0,"PLAU_PLAUR","PLAU - PLAUR","PLAU","Secreted Signaling","uniprot","Early"
"Mac-Cycling","Myeloid-CLEC10A-APC","PLAU","PLAUR",0.105860212985303,0,"PLAU_PLAUR","PLAU - PLAUR","PLAU","Secreted Signaling","uniprot","Early"
"Mac-OLFML3-CX3CR1-resident","Myeloid-CLEC10A-APC","PLAU","PLAUR",0.0415573536203813,0,"PLAU_PLAUR","PLAU - PLAUR","PLAU","Secreted Signaling","uniprot","Early"
"Mac-TNF-CCL4-inflammatory","Myeloid-CLEC10A-APC","PLAU","PLAUR",0.045693110076427,0,"PLAU_PLAUR","PLAU - PLAUR","PLAU","Secreted Signaling","uniprot","Early"
"Myeloid-CLEC10A-APC","Myeloid-CLEC10A-APC","PLAU","PLAUR",0.0139076697994519,0,"PLAU_PLAUR","PLAU - PLAUR","PLAU","Secreted Signaling","uniprot","Early"
"Myeloid-CLEC10A-APC","C7-APOBEC3A-like","FN1","ITGA4_ITGB1",0.053131960056639,0,"FN1_ITGA4_ITGB1","FN1 - (ITGA4+ITGB1)","FN1","ECM-Receptor","KEGG: hsa04512","Early"
"Myeloid-CLEC10A-APC","Mac-Cycling","FN1","ITGA4_ITGB1",0.0435838528523822,0,"FN1_ITGA4_ITGB1","FN1 - (ITGA4+ITGB1)","FN1","ECM-Receptor","KEGG: hsa04512","Early"
"Myeloid-CLEC10A-APC","Mac-OLFML3-CX3CR1-resident","FN1","ITGA4_ITGB1",0.037122265570111,0,"FN1_ITGA4_ITGB1","FN1 - (ITGA4+ITGB1)","FN1","ECM-Receptor","KEGG: hsa04512","Early"
"Myeloid-CLEC10A-APC","Mac-TNF-CCL4-inflammatory","FN1","ITGA4_ITGB1",0.0231095999298817,0,"FN1_ITGA4_ITGB1","FN1 - (ITGA4+ITGB1)","FN1","ECM-Receptor","KEGG: hsa04512","Early"
"C6-SLC2A1-like","Myeloid-CLEC10A-APC","FN1","ITGA4_ITGB1",0.025540538028342,0,"FN1_ITGA4_ITGB1","FN1 - (ITGA4+ITGB1)","FN1","ECM-Receptor","KEGG: hsa04512","Early"
"C7-APOBEC3A-like","Myeloid-CLEC10A-APC","FN1","ITGA4_ITGB1",0.0279050330256975,0,"FN1_ITGA4_ITGB1","FN1 - (ITGA4+ITGB1)","FN1","ECM-Receptor","KEGG: hsa04512","Early"
"Mac-Cycling","Myeloid-CLEC10A-APC","FN1","ITGA4_ITGB1",0.0161842987325013,0,"FN1_ITGA4_ITGB1","FN1 - (ITGA4+ITGB1)","FN1","ECM-Receptor","KEGG: hsa04512","Early"
"Mac-FOLR2-LYVE1-resident","Myeloid-CLEC10A-APC","FN1","ITGA4_ITGB1",0.00520447220238936,0,"FN1_ITGA4_ITGB1","FN1 - (ITGA4+ITGB1)","FN1","ECM-Receptor","KEGG: hsa04512","Early"
"Mac-OLFML3-CX3CR1-resident","Myeloid-CLEC10A-APC","FN1","ITGA4_ITGB1",0.0140960468177652,0,"FN1_ITGA4_ITGB1","FN1 - (ITGA4+ITGB1)","FN1","ECM-Receptor","KEGG: hsa04512","Early"
"Myeloid-CLEC10A-APC","Myeloid-CLEC10A-APC","FN1","ITGA4_ITGB1",0.0247616254714847,0,"FN1_ITGA4_ITGB1","FN1 - (ITGA4+ITGB1)","FN1","ECM-Receptor","KEGG: hsa04512","Early"
"Myeloid-CLEC10A-APC","C6-SLC2A1-like","FN1","ITGA5_ITGB1",0.0605787269217464,0,"FN1_ITGA5_ITGB1","FN1 - (ITGA5+ITGB1)","FN1","ECM-Receptor","KEGG: hsa04512","Early"
"Myeloid-CLEC10A-APC","C7-APOBEC3A-like","FN1","ITGA5_ITGB1",0.0502351460789577,0,"FN1_ITGA5_ITGB1","FN1 - (ITGA5+ITGB1)","FN1","ECM-Receptor","KEGG: hsa04512","Early"
"Myeloid-CLEC10A-APC","Mac-Cycling","FN1","ITGA5_ITGB1",0.0265154043854857,0,"FN1_ITGA5_ITGB1","FN1 - (ITGA5+ITGB1)","FN1","ECM-Receptor","KEGG: hsa04512","Early"
"Myeloid-CLEC10A-APC","Mac-OLFML3-CX3CR1-resident","FN1","ITGA5_ITGB1",0.0252666894404649,0,"FN1_ITGA5_ITGB1","FN1 - (ITGA5+ITGB1)","FN1","ECM-Receptor","KEGG: hsa04512","Early"
"C6-SLC2A1-like","Myeloid-CLEC10A-APC","FN1","ITGA5_ITGB1",0.0309196275030637,0,"FN1_ITGA5_ITGB1","FN1 - (ITGA5+ITGB1)","FN1","ECM-Receptor","KEGG: hsa04512","Early"
"C7-APOBEC3A-like","Myeloid-CLEC10A-APC","FN1","ITGA5_ITGB1",0.0337648533626476,0,"FN1_ITGA5_ITGB1","FN1 - (ITGA5+ITGB1)","FN1","ECM-Receptor","KEGG: hsa04512","Early"
"Mac-Cycling","Myeloid-CLEC10A-APC","FN1","ITGA5_ITGB1",0.0196325721068535,0,"FN1_ITGA5_ITGB1","FN1 - (ITGA5+ITGB1)","FN1","ECM-Receptor","KEGG: hsa04512","Early"
"Mac-FOLR2-LYVE1-resident","Myeloid-CLEC10A-APC","FN1","ITGA5_ITGB1",0.00632840022542464,0,"FN1_ITGA5_ITGB1","FN1 - (ITGA5+ITGB1)","FN1","ECM-Receptor","KEGG: hsa04512","Early"
"Mac-OLFML3-CX3CR1-resident","Myeloid-CLEC10A-APC","FN1","ITGA5_ITGB1",0.0171071278847174,0,"FN1_ITGA5_ITGB1","FN1 - (ITGA5+ITGB1)","FN1","ECM-Receptor","KEGG: hsa04512","Early"
"Mac-TNF-CCL4-inflammatory","Myeloid-CLEC10A-APC","FN1","ITGA5_ITGB1",0.00428552064549829,0,"FN1_ITGA5_ITGB1","FN1 - (ITGA5+ITGB1)","FN1","ECM-Receptor","KEGG: hsa04512","Early"
"Myeloid-CLEC10A-APC","Myeloid-CLEC10A-APC","FN1","ITGA5_ITGB1",0.0299817155832054,0,"FN1_ITGA5_ITGB1","FN1 - (ITGA5+ITGB1)","FN1","ECM-Receptor","KEGG: hsa04512","Early"
"Myeloid-CLEC10A-APC","C6-SLC2A1-like","FN1","ITGAV_ITGB1",0.0223531844420511,0,"FN1_ITGAV_ITGB1","FN1 - (ITGAV+ITGB1)","FN1","ECM-Receptor","KEGG: hsa04512","Early"
"Myeloid-CLEC10A-APC","C7-APOBEC3A-like","FN1","ITGAV_ITGB1",0.0373164792607949,0,"FN1_ITGAV_ITGB1","FN1 - (ITGAV+ITGB1)","FN1","ECM-Receptor","KEGG: hsa04512","Early"
"Myeloid-CLEC10A-APC","Mac-Cycling","FN1","ITGAV_ITGB1",0.0348845388524021,0,"FN1_ITGAV_ITGB1","FN1 - (ITGAV+ITGB1)","FN1","ECM-Receptor","KEGG: hsa04512","Early"
"Myeloid-CLEC10A-APC","Mac-OLFML3-CX3CR1-resident","FN1","ITGAV_ITGB1",0.0405395506142021,0,"FN1_ITGAV_ITGB1","FN1 - (ITGAV+ITGB1)","FN1","ECM-Receptor","KEGG: hsa04512","Early"
"C6-SLC2A1-like","Myeloid-CLEC10A-APC","FN1","ITGAV_ITGB1",0.0307502345334903,0,"FN1_ITGAV_ITGB1","FN1 - (ITGAV+ITGB1)","FN1","ECM-Receptor","KEGG: hsa04512","Early"
"C7-APOBEC3A-like","Myeloid-CLEC10A-APC","FN1","ITGAV_ITGB1",0.0335804129797268,0,"FN1_ITGAV_ITGB1","FN1 - (ITGAV+ITGB1)","FN1","ECM-Receptor","KEGG: hsa04512","Early"
"Mac-Cycling","Myeloid-CLEC10A-APC","FN1","ITGAV_ITGB1",0.0195237694013758,0,"FN1_ITGAV_ITGB1","FN1 - (ITGAV+ITGB1)","FN1","ECM-Receptor","KEGG: hsa04512","Early"
"Mac-FOLR2-LYVE1-resident","Myeloid-CLEC10A-APC","FN1","ITGAV_ITGB1",0.00629285528640633,0,"FN1_ITGAV_ITGB1","FN1 - (ITGAV+ITGB1)","FN1","ECM-Receptor","KEGG: hsa04512","Early"
"Mac-OLFML3-CX3CR1-resident","Myeloid-CLEC10A-APC","FN1","ITGAV_ITGB1",0.0170120781941609,0,"FN1_ITGAV_ITGB1","FN1 - (ITGAV+ITGB1)","FN1","ECM-Receptor","KEGG: hsa04512","Early"
"Mac-TNF-CCL4-inflammatory","Myeloid-CLEC10A-APC","FN1","ITGAV_ITGB1",0.00426140080908291,0.01,"FN1_ITGAV_ITGB1","FN1 - (ITGAV+ITGB1)","FN1","ECM-Receptor","KEGG: hsa04512","Early"
"Myeloid-CLEC10A-APC","Myeloid-CLEC10A-APC","FN1","ITGAV_ITGB1",0.0298173028577703,0,"FN1_ITGAV_ITGB1","FN1 - (ITGAV+ITGB1)","FN1","ECM-Receptor","KEGG: hsa04512","Early"
"Myeloid-CLEC10A-APC","C7-APOBEC3A-like","FN1","ITGA4_ITGB7",0.0257723160565453,0,"FN1_ITGA4_ITGB7","FN1 - (ITGA4+ITGB7)","FN1","ECM-Receptor","KEGG: hsa04512","Early"
"Myeloid-CLEC10A-APC","Mac-Cycling","FN1","ITGA4_ITGB7",0.00972769377779143,0,"FN1_ITGA4_ITGB7","FN1 - (ITGA4+ITGB7)","FN1","ECM-Receptor","KEGG: hsa04512","Early"
"Myeloid-CLEC10A-APC","C6-SLC2A1-like","FN1","CD44",0.139430366592877,0,"FN1_CD44","FN1 - CD44","FN1","ECM-Receptor","KEGG: hsa04512","Early"
"Myeloid-CLEC10A-APC","C7-APOBEC3A-like","FN1","CD44",0.124755718615364,0,"FN1_CD44","FN1 - CD44","FN1","ECM-Receptor","KEGG: hsa04512","Early"
"Myeloid-CLEC10A-APC","Mac-Cycling","FN1","CD44",0.101502480907989,0,"FN1_CD44","FN1 - CD44","FN1","ECM-Receptor","KEGG: hsa04512","Early"
"Myeloid-CLEC10A-APC","Mac-FOLR2-LYVE1-resident","FN1","CD44",0.0326888140352251,0,"FN1_CD44","FN1 - CD44","FN1","ECM-Receptor","KEGG: hsa04512","Early"
"Myeloid-CLEC10A-APC","Mac-OLFML3-CX3CR1-resident","FN1","CD44",0.0956925606040914,0,"FN1_CD44","FN1 - CD44","FN1","ECM-Receptor","KEGG: hsa04512","Early"
"Myeloid-CLEC10A-APC","Mac-TNF-CCL4-inflammatory","FN1","CD44",0.117312614629614,0,"FN1_CD44","FN1 - CD44","FN1","ECM-Receptor","KEGG: hsa04512","Early"
"Myeloid-CLEC10A-APC","Mono-FCN1-S100A8-S100A9","FN1","CD44",0.1638742725743,0,"FN1_CD44","FN1 - CD44","FN1","ECM-Receptor","KEGG: hsa04512","Early"
"C6-SLC2A1-like","Myeloid-CLEC10A-APC","FN1","CD44",0.168291396260671,0,"FN1_CD44","FN1 - CD44","FN1","ECM-Receptor","KEGG: hsa04512","Early"
"C7-APOBEC3A-like","Myeloid-CLEC10A-APC","FN1","CD44",0.181411201091731,0,"FN1_CD44","FN1 - CD44","FN1","ECM-Receptor","KEGG: hsa04512","Early"
"Mac-Cycling","Myeloid-CLEC10A-APC","FN1","CD44",0.112688754095465,0,"FN1_CD44","FN1 - CD44","FN1","ECM-Receptor","KEGG: hsa04512","Early"
"Mac-FOLR2-LYVE1-resident","Myeloid-CLEC10A-APC","FN1","CD44",0.0388214192170946,0,"FN1_CD44","FN1 - CD44","FN1","ECM-Receptor","KEGG: hsa04512","Early"
"Mac-OLFML3-CX3CR1-resident","Myeloid-CLEC10A-APC","FN1","CD44",0.0994067484725389,0,"FN1_CD44","FN1 - CD44","FN1","ECM-Receptor","KEGG: hsa04512","Early"
"Mac-TNF-CCL4-inflammatory","Myeloid-CLEC10A-APC","FN1","CD44",0.0265698931091468,0,"FN1_CD44","FN1 - CD44","FN1","ECM-Receptor","KEGG: hsa04512","Early"
"Myeloid-CLEC10A-APC","Myeloid-CLEC10A-APC","FN1","CD44",0.163891194480569,0,"FN1_CD44","FN1 - CD44","FN1","ECM-Receptor","KEGG: hsa04512","Early"
"Myeloid-CLEC10A-APC","C6-SLC2A1-like","FN1","SDC4",0.0123349903635537,0,"FN1_SDC4","FN1 - SDC4","FN1","ECM-Receptor","KEGG: hsa04512","Early"
"Myeloid-CLEC10A-APC","C7-APOBEC3A-like","LTC4-LTC4S","CYSLTR1",0.00112391919778077,0,"LTC4-LTC4S_CYSLTR1","LTC4-LTC4S - CYSLTR1","CysLTs","Non-protein Signaling","PMID:33753496","Early"
"Myeloid-CLEC10A-APC","C7-APOBEC3A-like","LXA4-ALOX5","FPR2",0.000574702642492017,0,"LipoxinA4-ALOX5_FPR-RS7","LXA4-ALOX5 - FPR2","LXA4","Non-protein Signaling","PMID: 33082511","Early"
"Myeloid-CLEC10A-APC","C7-APOBEC3A-like","LTB4-LTA4H","LTB4R",0.00351541126031418,0,"LTB4-LTA4H_LTB4R1","LTB4-LTA4H - LTB4R","CysLTs","Non-protein Signaling","PMID:33753496","Early"
"Myeloid-CLEC10A-APC","Mac-OLFML3-CX3CR1-resident","LTB4-LTA4H","LTB4R",0.0015434839364867,0,"LTB4-LTA4H_LTB4R1","LTB4-LTA4H - LTB4R","CysLTs","Non-protein Signaling","PMID:33753496","Early"
"Myeloid-CLEC10A-APC","C7-APOBEC3A-like","PGE2-PTGES2","PTGER2",8.83089563552944e-05,0,"PGE2-PTGES2_PTGER2","PGE2-PTGES2 - PTGER2","Prostaglandin","Non-protein Signaling","PMID: 34949672;PMID: 21508345","Early"
"Myeloid-CLEC10A-APC","C7-APOBEC3A-like","PGE2-PTGES3","PTGER2",0.00071564780009237,0.02,"PGE2-PTGES3_PTGER2","PGE2-PTGES3 - PTGER2","Prostaglandin","Non-protein Signaling","PMID: 34949672;PMID: 21508345","Early"
"Myeloid-CLEC10A-APC","C6-SLC2A1-like","PGE2-PTGES2","PTGER4",0.00178044198661909,0,"PGE2-PTGES2_PTGER4","PGE2-PTGES2 - PTGER4","Prostaglandin","Non-protein Signaling","PMID: 34949672;PMID: 21508345","Early"
"Myeloid-CLEC10A-APC","C7-APOBEC3A-like","PGE2-PTGES2","PTGER4",0.00206873306989673,0,"PGE2-PTGES2_PTGER4","PGE2-PTGES2 - PTGER4","Prostaglandin","Non-protein Signaling","PMID: 34949672;PMID: 21508345","Early"
"Myeloid-CLEC10A-APC","Mac-Cycling","PGE2-PTGES2","PTGER4",0.00295629640211281,0,"PGE2-PTGES2_PTGER4","PGE2-PTGES2 - PTGER4","Prostaglandin","Non-protein Signaling","PMID: 34949672;PMID: 21508345","Early"
"Myeloid-CLEC10A-APC","Mac-OLFML3-CX3CR1-resident","PGE2-PTGES2","PTGER4",0.00329876954523975,0,"PGE2-PTGES2_PTGER4","PGE2-PTGES2 - PTGER4","Prostaglandin","Non-protein Signaling","PMID: 34949672;PMID: 21508345","Early"
"Myeloid-CLEC10A-APC","Mac-TNF-CCL4-inflammatory","PGE2-PTGES2","PTGER4",0.00479602959189194,0,"PGE2-PTGES2_PTGER4","PGE2-PTGES2 - PTGER4","Prostaglandin","Non-protein Signaling","PMID: 34949672;PMID: 21508345","Early"
"C7-APOBEC3A-like","Myeloid-CLEC10A-APC","PGE2-PTGES2","PTGER4",0.00575812915641062,0,"PGE2-PTGES2_PTGER4","PGE2-PTGES2 - PTGER4","Prostaglandin","Non-protein Signaling","PMID: 34949672;PMID: 21508345","Early"
"Mac-Cycling","Myeloid-CLEC10A-APC","PGE2-PTGES2","PTGER4",0.00216846045545925,0,"PGE2-PTGES2_PTGER4","PGE2-PTGES2 - PTGER4","Prostaglandin","Non-protein Signaling","PMID: 34949672;PMID: 21508345","Early"
"Mac-OLFML3-CX3CR1-resident","Myeloid-CLEC10A-APC","PGE2-PTGES2","PTGER4",0.00348614368883469,0,"PGE2-PTGES2_PTGER4","PGE2-PTGES2 - PTGER4","Prostaglandin","Non-protein Signaling","PMID: 34949672;PMID: 21508345","Early"
"Myeloid-CLEC10A-APC","Myeloid-CLEC10A-APC","PGE2-PTGES2","PTGER4",0.00292146976765041,0,"PGE2-PTGES2_PTGER4","PGE2-PTGES2 - PTGER4","Prostaglandin","Non-protein Signaling","PMID: 34949672;PMID: 21508345","Early"
"Myeloid-CLEC10A-APC","C6-SLC2A1-like","PGE2-PTGES3","PTGER4",0.0142571440815961,0,"PGE2-PTGES3_PTGER4","PGE2-PTGES3 - PTGER4","Prostaglandin","Non-protein Signaling","PMID: 34949672;PMID: 21508345","Early"
"Myeloid-CLEC10A-APC","C7-APOBEC3A-like","PGE2-PTGES3","PTGER4",0.0165322175648809,0,"PGE2-PTGES3_PTGER4","PGE2-PTGES3 - PTGER4","Prostaglandin","Non-protein Signaling","PMID: 34949672;PMID: 21508345","Early"
"Myeloid-CLEC10A-APC","Mac-Cycling","PGE2-PTGES3","PTGER4",0.0234791540858291,0,"PGE2-PTGES3_PTGER4","PGE2-PTGES3 - PTGER4","Prostaglandin","Non-protein Signaling","PMID: 34949672;PMID: 21508345","Early"
"Myeloid-CLEC10A-APC","Mac-OLFML3-CX3CR1-resident","PGE2-PTGES3","PTGER4",0.0261367806747406,0,"PGE2-PTGES3_PTGER4","PGE2-PTGES3 - PTGER4","Prostaglandin","Non-protein Signaling","PMID: 34949672;PMID: 21508345","Early"
"Myeloid-CLEC10A-APC","Mac-TNF-CCL4-inflammatory","PGE2-PTGES3","PTGER4",0.0376087223740605,0,"PGE2-PTGES3_PTGER4","PGE2-PTGES3 - PTGER4","Prostaglandin","Non-protein Signaling","PMID: 34949672;PMID: 21508345","Early"
"C6-SLC2A1-like","Myeloid-CLEC10A-APC","PGE2-PTGES3","PTGER4",0.0288619967304397,0,"PGE2-PTGES3_PTGER4","PGE2-PTGES3 - PTGER4","Prostaglandin","Non-protein Signaling","PMID: 34949672;PMID: 21508345","Early"
"C7-APOBEC3A-like","Myeloid-CLEC10A-APC","PGE2-PTGES3","PTGER4",0.03320211420279,0,"PGE2-PTGES3_PTGER4","PGE2-PTGES3 - PTGER4","Prostaglandin","Non-protein Signaling","PMID: 34949672;PMID: 21508345","Early"
"Mac-Cycling","Myeloid-CLEC10A-APC","PGE2-PTGES3","PTGER4",0.0327091659472305,0,"PGE2-PTGES3_PTGER4","PGE2-PTGES3 - PTGER4","Prostaglandin","Non-protein Signaling","PMID: 34949672;PMID: 21508345","Early"
"Mac-FOLR2-LYVE1-resident","Myeloid-CLEC10A-APC","PGE2-PTGES3","PTGER4",0.0094241546192469,0.01,"PGE2-PTGES3_PTGER4","PGE2-PTGES3 - PTGER4","Prostaglandin","Non-protein Signaling","PMID: 34949672;PMID: 21508345","Early"
"Mac-OLFML3-CX3CR1-resident","Myeloid-CLEC10A-APC","PGE2-PTGES3","PTGER4",0.0281287763273028,0,"PGE2-PTGES3_PTGER4","PGE2-PTGES3 - PTGER4","Prostaglandin","Non-protein Signaling","PMID: 34949672;PMID: 21508345","Early"
"Mono-FCN1-S100A8-S100A9","Myeloid-CLEC10A-APC","PGE2-PTGES3","PTGER4",0.0084672580409321,0.03,"PGE2-PTGES3_PTGER4","PGE2-PTGES3 - PTGER4","Prostaglandin","Non-protein Signaling","PMID: 34949672;PMID: 21508345","Early"
"Myeloid-CLEC10A-APC","Myeloid-CLEC10A-APC","PGE2-PTGES3","PTGER4",0.0232081856992726,0,"PGE2-PTGES3_PTGER4","PGE2-PTGES3 - PTGER4","Prostaglandin","Non-protein Signaling","PMID: 34949672;PMID: 21508345","Early"
"Myeloid-CLEC10A-APC","C6-SLC2A1-like","DHEAS-SULT2B","PPARD",0.000264803982202631,0,"DHEAsulfate-DHEAS-SULT2B_PPARD","DHEAS-SULT2B - PPARD","DHEAS","Non-protein Signaling","HMRbase","Early"
"Myeloid-CLEC10A-APC","C7-APOBEC3A-like","DHEAS-SULT2B","PPARD",0.000288801327791615,0,"DHEAsulfate-DHEAS-SULT2B_PPARD","DHEAS-SULT2B - PPARD","DHEAS","Non-protein Signaling","HMRbase","Early"
"Myeloid-CLEC10A-APC","Mac-Cycling","DHEAS-SULT2B","PPARD",0.000420782260667622,0,"DHEAsulfate-DHEAS-SULT2B_PPARD","DHEAS-SULT2B - PPARD","DHEAS","Non-protein Signaling","HMRbase","Early"
"Myeloid-CLEC10A-APC","Mac-OLFML3-CX3CR1-resident","DHEAS-SULT2B","PPARD",0.000208091283955654,0,"DHEAsulfate-DHEAS-SULT2B_PPARD","DHEAS-SULT2B - PPARD","DHEAS","Non-protein Signaling","HMRbase","Early"
"Myeloid-CLEC10A-APC","Mac-TNF-CCL4-inflammatory","DHEAS-SULT2B","PPARD",0.000538665464250876,0,"DHEAsulfate-DHEAS-SULT2B_PPARD","DHEAS-SULT2B - PPARD","DHEAS","Non-protein Signaling","HMRbase","Early"
"C6-SLC2A1-like","Myeloid-CLEC10A-APC","DHEAS-SULT2B","PPARD",0.000308341168753947,0,"DHEAsulfate-DHEAS-SULT2B_PPARD","DHEAS-SULT2B - PPARD","DHEAS","Non-protein Signaling","HMRbase","Early"
"C7-APOBEC3A-like","Myeloid-CLEC10A-APC","DHEAS-SULT2B","PPARD",0.00146269884596953,0,"DHEAsulfate-DHEAS-SULT2B_PPARD","DHEAS-SULT2B - PPARD","DHEAS","Non-protein Signaling","HMRbase","Early"
"Mac-OLFML3-CX3CR1-resident","Myeloid-CLEC10A-APC","DHEAS-SULT2B","PPARD",0.000792947292553167,0,"DHEAsulfate-DHEAS-SULT2B_PPARD","DHEAS-SULT2B - PPARD","DHEAS","Non-protein Signaling","HMRbase","Early"
"Myeloid-CLEC10A-APC","Myeloid-CLEC10A-APC","DHEAS-SULT2B","PPARD",0.000546928612031748,0,"DHEAsulfate-DHEAS-SULT2B_PPARD","DHEAS-SULT2B - PPARD","DHEAS","Non-protein Signaling","HMRbase","Early"
"Myeloid-CLEC10A-APC","C7-APOBEC3A-like","APP","CD74",0.023005552408857,0.03,"APP_CD74","APP - CD74","APP","Cell-Cell Contact","PMID: 19849849","Early"
"Myeloid-CLEC10A-APC","Mac-Cycling","APP","CD74",0.0221291472210416,0.03,"APP_CD74","APP - CD74","APP","Cell-Cell Contact","PMID: 19849849","Early"
"Myeloid-CLEC10A-APC","Mac-FOLR2-LYVE1-resident","APP","CD74",0.0241095490172879,0,"APP_CD74","APP - CD74","APP","Cell-Cell Contact","PMID: 19849849","Early"
"Myeloid-CLEC10A-APC","Mac-OLFML3-CX3CR1-resident","APP","CD74",0.024095574650996,0,"APP_CD74","APP - CD74","APP","Cell-Cell Contact","PMID: 19849849","Early"
"C6-SLC2A1-like","Myeloid-CLEC10A-APC","APP","CD74",0.0630634135829989,0,"APP_CD74","APP - CD74","APP","Cell-Cell Contact","PMID: 19849849","Early"
"C7-APOBEC3A-like","Myeloid-CLEC10A-APC","APP","CD74",0.0289422502311092,0.02,"APP_CD74","APP - CD74","APP","Cell-Cell Contact","PMID: 19849849","Early"
"Myeloid-CLEC10A-APC","C6-SLC2A1-like","ENTPD1","TMIGD3",0.000385556330944658,0,"ENTPD1_TMIGD3","ENTPD1 - TMIGD3","CD39","Cell-Cell Contact","PMID: 21677139","Early"
"Myeloid-CLEC10A-APC","C6-SLC2A1-like","PTPRC","MRC1",0.00635720195612693,0,"PTPRC_MRC1","PTPRC - MRC1","CD45","Cell-Cell Contact","PMID: 27601670; PMID: 10575006","Early"
"Myeloid-CLEC10A-APC","C6-SLC2A1-like","CD99","PILRA",0.0124374359490776,0,"CD99_PILRA","CD99 - PILRA","CD99","Cell-Cell Contact","PMID: 18234675","Early"
"Myeloid-CLEC10A-APC","C7-APOBEC3A-like","CD99","PILRA",0.0187860453047026,0,"CD99_PILRA","CD99 - PILRA","CD99","Cell-Cell Contact","PMID: 18234675","Early"
"Myeloid-CLEC10A-APC","Mac-Cycling","CD99","PILRA",0.00149435903329931,0,"CD99_PILRA","CD99 - PILRA","CD99","Cell-Cell Contact","PMID: 18234675","Early"
"Myeloid-CLEC10A-APC","Mac-OLFML3-CX3CR1-resident","CD99","PILRA",0.0129587775867334,0,"CD99_PILRA","CD99 - PILRA","CD99","Cell-Cell Contact","PMID: 18234675","Early"
"Myeloid-CLEC10A-APC","Mono-FCN1-S100A8-S100A9","CD99","PILRA",0.00558198116820623,0,"CD99_PILRA","CD99 - PILRA","CD99","Cell-Cell Contact","PMID: 18234675","Early"
"C6-SLC2A1-like","Myeloid-CLEC10A-APC","CD99","PILRA",0.0214813686745346,0,"CD99_PILRA","CD99 - PILRA","CD99","Cell-Cell Contact","PMID: 18234675","Early"
"C7-APOBEC3A-like","Myeloid-CLEC10A-APC","CD99","PILRA",0.00437567717657114,0,"CD99_PILRA","CD99 - PILRA","CD99","Cell-Cell Contact","PMID: 18234675","Early"
"Mac-Cycling","Myeloid-CLEC10A-APC","CD99","PILRA",0.0126740758465873,0,"CD99_PILRA","CD99 - PILRA","CD99","Cell-Cell Contact","PMID: 18234675","Early"
"Mac-OLFML3-CX3CR1-resident","Myeloid-CLEC10A-APC","CD99","PILRA",0.00843426145464816,0,"CD99_PILRA","CD99 - PILRA","CD99","Cell-Cell Contact","PMID: 18234675","Early"
"Mono-FCN1-S100A8-S100A9","Myeloid-CLEC10A-APC","CD99","PILRA",0.00548451048418679,0,"CD99_PILRA","CD99 - PILRA","CD99","Cell-Cell Contact","PMID: 18234675","Early"
"Myeloid-CLEC10A-APC","Myeloid-CLEC10A-APC","CD99","PILRA",0.0148618668082537,0,"CD99_PILRA","CD99 - PILRA","CD99","Cell-Cell Contact","PMID: 18234675","Early"
"Myeloid-CLEC10A-APC","C6-SLC2A1-like","CD99","CD99",0.0265091898275035,0,"CD99_CD99","CD99 - CD99","CD99","Cell-Cell Contact","KEGG: hsa04514","Early"
"C6-SLC2A1-like","Myeloid-CLEC10A-APC","CD99","CD99",0.0265091898275035,0,"CD99_CD99","CD99 - CD99","CD99","Cell-Cell Contact","KEGG: hsa04514","Early"
"Myeloid-CLEC10A-APC","C6-SLC2A1-like","ICAM1","ITGAX_ITGB2",0.0445131294794247,0,"ICAM1_ITGAX_ITGB2","ICAM1 - (ITGAX+ITGB2)","ICAM","Cell-Cell Contact","PMID: 16252253","Early"
"Myeloid-CLEC10A-APC","C7-APOBEC3A-like","ICAM1","ITGAX_ITGB2",0.0435355304884596,0,"ICAM1_ITGAX_ITGB2","ICAM1 - (ITGAX+ITGB2)","ICAM","Cell-Cell Contact","PMID: 16252253","Early"
"Myeloid-CLEC10A-APC","Mac-Cycling","ICAM1","ITGAX_ITGB2",0.0321588470509417,0,"ICAM1_ITGAX_ITGB2","ICAM1 - (ITGAX+ITGB2)","ICAM","Cell-Cell Contact","PMID: 16252253","Early"
"Myeloid-CLEC10A-APC","Mac-FOLR2-LYVE1-resident","ICAM1","ITGAX_ITGB2",0.0255601270343923,0,"ICAM1_ITGAX_ITGB2","ICAM1 - (ITGAX+ITGB2)","ICAM","Cell-Cell Contact","PMID: 16252253","Early"
"Myeloid-CLEC10A-APC","Mac-OLFML3-CX3CR1-resident","ICAM1","ITGAX_ITGB2",0.0508971536137299,0,"ICAM1_ITGAX_ITGB2","ICAM1 - (ITGAX+ITGB2)","ICAM","Cell-Cell Contact","PMID: 16252253","Early"
"Myeloid-CLEC10A-APC","Mac-TNF-CCL4-inflammatory","ICAM1","ITGAX_ITGB2",0.038461578382556,0,"ICAM1_ITGAX_ITGB2","ICAM1 - (ITGAX+ITGB2)","ICAM","Cell-Cell Contact","PMID: 16252253","Early"
"Myeloid-CLEC10A-APC","Mono-FCN1-S100A8-S100A9","ICAM1","ITGAX_ITGB2",0.0317681273656368,0,"ICAM1_ITGAX_ITGB2","ICAM1 - (ITGAX+ITGB2)","ICAM","Cell-Cell Contact","PMID: 16252253","Early"
"C6-SLC2A1-like","Myeloid-CLEC10A-APC","ICAM1","ITGAX_ITGB2",0.030911728141175,0,"ICAM1_ITGAX_ITGB2","ICAM1 - (ITGAX+ITGB2)","ICAM","Cell-Cell Contact","PMID: 16252253","Early"
"C7-APOBEC3A-like","Myeloid-CLEC10A-APC","ICAM1","ITGAX_ITGB2",0.0254123997072699,0,"ICAM1_ITGAX_ITGB2","ICAM1 - (ITGAX+ITGB2)","ICAM","Cell-Cell Contact","PMID: 16252253","Early"
"Mac-Cycling","Myeloid-CLEC10A-APC","ICAM1","ITGAX_ITGB2",0.0108357001576482,0,"ICAM1_ITGAX_ITGB2","ICAM1 - (ITGAX+ITGB2)","ICAM","Cell-Cell Contact","PMID: 16252253","Early"
"Mac-OLFML3-CX3CR1-resident","Myeloid-CLEC10A-APC","ICAM1","ITGAX_ITGB2",0.014870404117086,0,"ICAM1_ITGAX_ITGB2","ICAM1 - (ITGAX+ITGB2)","ICAM","Cell-Cell Contact","PMID: 16252253","Early"
"Mac-TNF-CCL4-inflammatory","Myeloid-CLEC10A-APC","ICAM1","ITGAX_ITGB2",0.0390879080917635,0,"ICAM1_ITGAX_ITGB2","ICAM1 - (ITGAX+ITGB2)","ICAM","Cell-Cell Contact","PMID: 16252253","Early"
"Mono-FCN1-S100A8-S100A9","Myeloid-CLEC10A-APC","ICAM1","ITGAX_ITGB2",0.0107247304856421,0,"ICAM1_ITGAX_ITGB2","ICAM1 - (ITGAX+ITGB2)","ICAM","Cell-Cell Contact","PMID: 16252253","Early"
"Myeloid-CLEC10A-APC","Myeloid-CLEC10A-APC","ICAM1","ITGAX_ITGB2",0.0299966742515969,0,"ICAM1_ITGAX_ITGB2","ICAM1 - (ITGAX+ITGB2)","ICAM","Cell-Cell Contact","PMID: 16252253","Early"
"Myeloid-CLEC10A-APC","C6-SLC2A1-like","ICAM1","ITGAL_ITGB2",0.0138962471621816,0,"ICAM1_ITGAL_ITGB2","ICAM1 - (ITGAL+ITGB2)","ICAM","Cell-Cell Contact","KEGG: hsa04514","Early"
"Myeloid-CLEC10A-APC","C7-APOBEC3A-like","ICAM1","ITGAL_ITGB2",0.0349770377936448,0,"ICAM1_ITGAL_ITGB2","ICAM1 - (ITGAL+ITGB2)","ICAM","Cell-Cell Contact","KEGG: hsa04514","Early"
"Myeloid-CLEC10A-APC","Mac-Cycling","ICAM1","ITGAL_ITGB2",0.0372906654465241,0,"ICAM1_ITGAL_ITGB2","ICAM1 - (ITGAL+ITGB2)","ICAM","Cell-Cell Contact","KEGG: hsa04514","Early"
"Myeloid-CLEC10A-APC","Mac-OLFML3-CX3CR1-resident","ICAM1","ITGAL_ITGB2",0.0278493110857333,0,"ICAM1_ITGAL_ITGB2","ICAM1 - (ITGAL+ITGB2)","ICAM","Cell-Cell Contact","KEGG: hsa04514","Early"
"C6-SLC2A1-like","Myeloid-CLEC10A-APC","ICAM1","ITGAL_ITGB2",0.0242536220669687,0,"ICAM1_ITGAL_ITGB2","ICAM1 - (ITGAL+ITGB2)","ICAM","Cell-Cell Contact","KEGG: hsa04514","Early"
"C7-APOBEC3A-like","Myeloid-CLEC10A-APC","ICAM1","ITGAL_ITGB2",0.0199144579207906,0,"ICAM1_ITGAL_ITGB2","ICAM1 - (ITGAL+ITGB2)","ICAM","Cell-Cell Contact","KEGG: hsa04514","Early"
"Mac-Cycling","Myeloid-CLEC10A-APC","ICAM1","ITGAL_ITGB2",0.00846402102011023,0,"ICAM1_ITGAL_ITGB2","ICAM1 - (ITGAL+ITGB2)","ICAM","Cell-Cell Contact","KEGG: hsa04514","Early"
"Mac-OLFML3-CX3CR1-resident","Myeloid-CLEC10A-APC","ICAM1","ITGAL_ITGB2",0.0116260028751564,0,"ICAM1_ITGAL_ITGB2","ICAM1 - (ITGAL+ITGB2)","ICAM","Cell-Cell Contact","KEGG: hsa04514","Early"
"Mac-TNF-CCL4-inflammatory","Myeloid-CLEC10A-APC","ICAM1","ITGAL_ITGB2",0.0307245611502933,0,"ICAM1_ITGAL_ITGB2","ICAM1 - (ITGAL+ITGB2)","ICAM","Cell-Cell Contact","KEGG: hsa04514","Early"
"Mono-FCN1-S100A8-S100A9","Myeloid-CLEC10A-APC","ICAM1","ITGAL_ITGB2",0.00837713429329084,0,"ICAM1_ITGAL_ITGB2","ICAM1 - (ITGAL+ITGB2)","ICAM","Cell-Cell Contact","KEGG: hsa04514","Early"
"Myeloid-CLEC10A-APC","Myeloid-CLEC10A-APC","ICAM1","ITGAL_ITGB2",0.0235308767542136,0,"ICAM1_ITGAL_ITGB2","ICAM1 - (ITGAL+ITGB2)","ICAM","Cell-Cell Contact","KEGG: hsa04514","Early"
"C7-APOBEC3A-like","Myeloid-CLEC10A-APC","ICAM2","ITGAL_ITGB2",0.00163255935968991,0.01,"ICAM2_ITGAL_ITGB2","ICAM2 - (ITGAL+ITGB2)","ICAM","Cell-Cell Contact","KEGG: hsa04514","Early"
"Myeloid-CLEC10A-APC","C6-SLC2A1-like","ICAM1","ITGAM_ITGB2",0.0427352979732567,0,"ICAM1_ITGAM_ITGB2","ICAM1 - (ITGAM+ITGB2)","ICAM","Cell-Cell Contact","KEGG: hsa04514","Early"
"Myeloid-CLEC10A-APC","C7-APOBEC3A-like","ICAM1","ITGAM_ITGB2",0.0550003130345176,0,"ICAM1_ITGAM_ITGB2","ICAM1 - (ITGAM+ITGB2)","ICAM","Cell-Cell Contact","KEGG: hsa04514","Early"
"Myeloid-CLEC10A-APC","Mac-Cycling","ICAM1","ITGAM_ITGB2",0.0449191029777135,0,"ICAM1_ITGAM_ITGB2","ICAM1 - (ITGAM+ITGB2)","ICAM","Cell-Cell Contact","KEGG: hsa04514","Early"
"Myeloid-CLEC10A-APC","Mac-OLFML3-CX3CR1-resident","ICAM1","ITGAM_ITGB2",0.0281781020874632,0,"ICAM1_ITGAM_ITGB2","ICAM1 - (ITGAM+ITGB2)","ICAM","Cell-Cell Contact","KEGG: hsa04514","Early"
"Myeloid-CLEC10A-APC","Mac-TNF-CCL4-inflammatory","ICAM1","ITGAM_ITGB2",0.03152898656826,0,"ICAM1_ITGAM_ITGB2","ICAM1 - (ITGAM+ITGB2)","ICAM","Cell-Cell Contact","KEGG: hsa04514","Early"
"Myeloid-CLEC10A-APC","Mono-FCN1-S100A8-S100A9","ICAM1","ITGAM_ITGB2",0.0295212493102242,0,"ICAM1_ITGAM_ITGB2","ICAM1 - (ITGAM+ITGB2)","ICAM","Cell-Cell Contact","KEGG: hsa04514","Early"
"C6-SLC2A1-like","Myeloid-CLEC10A-APC","ICAM1","ITGAM_ITGB2",0.0464241836075,0,"ICAM1_ITGAM_ITGB2","ICAM1 - (ITGAM+ITGB2)","ICAM","Cell-Cell Contact","KEGG: hsa04514","Early"
"C7-APOBEC3A-like","Myeloid-CLEC10A-APC","ICAM1","ITGAM_ITGB2",0.0382741186592419,0,"ICAM1_ITGAM_ITGB2","ICAM1 - (ITGAM+ITGB2)","ICAM","Cell-Cell Contact","KEGG: hsa04514","Early"
"Mac-Cycling","Myeloid-CLEC10A-APC","ICAM1","ITGAM_ITGB2",0.0164443451629201,0,"ICAM1_ITGAM_ITGB2","ICAM1 - (ITGAM+ITGB2)","ICAM","Cell-Cell Contact","KEGG: hsa04514","Early"
"Mac-OLFML3-CX3CR1-resident","Myeloid-CLEC10A-APC","ICAM1","ITGAM_ITGB2",0.0225198985048439,0,"ICAM1_ITGAM_ITGB2","ICAM1 - (ITGAM+ITGB2)","ICAM","Cell-Cell Contact","KEGG: hsa04514","Early"
"Mac-TNF-CCL4-inflammatory","Myeloid-CLEC10A-APC","ICAM1","ITGAM_ITGB2",0.0584559233263922,0,"ICAM1_ITGAM_ITGB2","ICAM1 - (ITGAM+ITGB2)","ICAM","Cell-Cell Contact","KEGG: hsa04514","Early"
"Mono-FCN1-S100A8-S100A9","Myeloid-CLEC10A-APC","ICAM1","ITGAM_ITGB2",0.0162768818676854,0,"ICAM1_ITGAM_ITGB2","ICAM1 - (ITGAM+ITGB2)","ICAM","Cell-Cell Contact","KEGG: hsa04514","Early"
"Myeloid-CLEC10A-APC","Myeloid-CLEC10A-APC","ICAM1","ITGAM_ITGB2",0.0450712845596291,0,"ICAM1_ITGAM_ITGB2","ICAM1 - (ITGAM+ITGB2)","ICAM","Cell-Cell Contact","KEGG: hsa04514","Early"
"C7-APOBEC3A-like","Myeloid-CLEC10A-APC","ICAM2","ITGAM_ITGB2",0.0031925611986615,0,"ICAM2_ITGAM_ITGB2","ICAM2 - (ITGAM+ITGB2)","ICAM","Cell-Cell Contact","KEGG: hsa04514","Early"
"Myeloid-CLEC10A-APC","C6-SLC2A1-like","ICAM1","ITGAL",0.00252780370572728,0,"ICAM1_ITGAL","ICAM1 - ITGAL","ICAM","Cell-Cell Contact","PMID: 23602662","Early"
"Myeloid-CLEC10A-APC","C7-APOBEC3A-like","ICAM1","ITGAL",0.0150736593333443,0,"ICAM1_ITGAL","ICAM1 - ITGAL","ICAM","Cell-Cell Contact","PMID: 23602662","Early"
"Myeloid-CLEC10A-APC","Mac-Cycling","ICAM1","ITGAL",0.0151113830518503,0,"ICAM1_ITGAL","ICAM1 - ITGAL","ICAM","Cell-Cell Contact","PMID: 23602662","Early"
"Myeloid-CLEC10A-APC","Mac-OLFML3-CX3CR1-resident","ICAM1","ITGAL",0.00828862514354839,0,"ICAM1_ITGAL","ICAM1 - ITGAL","ICAM","Cell-Cell Contact","PMID: 23602662","Early"
"C6-SLC2A1-like","Myeloid-CLEC10A-APC","ICAM1","ITGAL",0.00656357032916432,0,"ICAM1_ITGAL","ICAM1 - ITGAL","ICAM","Cell-Cell Contact","PMID: 23602662","Early"
"C7-APOBEC3A-like","Myeloid-CLEC10A-APC","ICAM1","ITGAL",0.00537187188909903,0,"ICAM1_ITGAL","ICAM1 - ITGAL","ICAM","Cell-Cell Contact","PMID: 23602662","Early"
"Mac-Cycling","Myeloid-CLEC10A-APC","ICAM1","ITGAL",0.0022638329366963,0,"ICAM1_ITGAL","ICAM1 - ITGAL","ICAM","Cell-Cell Contact","PMID: 23602662","Early"
"Mac-OLFML3-CX3CR1-resident","Myeloid-CLEC10A-APC","ICAM1","ITGAL",0.00311683477123276,0,"ICAM1_ITGAL","ICAM1 - ITGAL","ICAM","Cell-Cell Contact","PMID: 23602662","Early"
"Mac-TNF-CCL4-inflammatory","Myeloid-CLEC10A-APC","ICAM1","ITGAL",0.00835516513559568,0,"ICAM1_ITGAL","ICAM1 - ITGAL","ICAM","Cell-Cell Contact","PMID: 23602662","Early"
"Mono-FCN1-S100A8-S100A9","Myeloid-CLEC10A-APC","ICAM1","ITGAL",0.00224044992544558,0.01,"ICAM1_ITGAL","ICAM1 - ITGAL","ICAM","Cell-Cell Contact","PMID: 23602662","Early"
"Myeloid-CLEC10A-APC","Myeloid-CLEC10A-APC","ICAM1","ITGAL",0.00636454085875872,0,"ICAM1_ITGAL","ICAM1 - ITGAL","ICAM","Cell-Cell Contact","PMID: 23602662","Early"
"Myeloid-CLEC10A-APC","C7-APOBEC3A-like","ICAM1","SPN",0.000770835139476189,0.03,"ICAM1_SPN","ICAM1 - SPN","ICAM","Cell-Cell Contact","PMID: 1683685","Early"
"Myeloid-CLEC10A-APC","Mac-Cycling","ICAM1","SPN",0.00254447859056412,0,"ICAM1_SPN","ICAM1 - SPN","ICAM","Cell-Cell Contact","PMID: 1683685","Early"
"C6-SLC2A1-like","Myeloid-CLEC10A-APC","ICAM1","SPN",0.00642676358298278,0,"ICAM1_SPN","ICAM1 - SPN","ICAM","Cell-Cell Contact","PMID: 1683685","Early"
"C7-APOBEC3A-like","Myeloid-CLEC10A-APC","ICAM1","SPN",0.0052597726114245,0,"ICAM1_SPN","ICAM1 - SPN","ICAM","Cell-Cell Contact","PMID: 1683685","Early"
"Mac-Cycling","Myeloid-CLEC10A-APC","ICAM1","SPN",0.0022164471384277,0,"ICAM1_SPN","ICAM1 - SPN","ICAM","Cell-Cell Contact","PMID: 1683685","Early"
"Mac-OLFML3-CX3CR1-resident","Myeloid-CLEC10A-APC","ICAM1","SPN",0.00305164883225838,0,"ICAM1_SPN","ICAM1 - SPN","ICAM","Cell-Cell Contact","PMID: 1683685","Early"
"Mac-TNF-CCL4-inflammatory","Myeloid-CLEC10A-APC","ICAM1","SPN",0.00818132309697771,0,"ICAM1_SPN","ICAM1 - SPN","ICAM","Cell-Cell Contact","PMID: 1683685","Early"
"Mono-FCN1-S100A8-S100A9","Myeloid-CLEC10A-APC","ICAM1","SPN",0.002193552496533,0.01,"ICAM1_SPN","ICAM1 - SPN","ICAM","Cell-Cell Contact","PMID: 1683685","Early"
"Myeloid-CLEC10A-APC","Myeloid-CLEC10A-APC","ICAM1","SPN",0.00623185652876537,0,"ICAM1_SPN","ICAM1 - SPN","ICAM","Cell-Cell Contact","PMID: 1683685","Early"
"C6-SLC2A1-like","Myeloid-CLEC10A-APC","F11R","ITGAL_ITGB2",0.00203630622253497,0,"JAM1_ITGAL_ITGB2","JAM1 - (ITGAL+ITGB2)","JAM","Cell-Cell Contact","PMID: 11812992","Early"
"C7-APOBEC3A-like","Myeloid-CLEC10A-APC","F11R","ITGAL_ITGB2",0.00148950023211687,0,"JAM1_ITGAL_ITGB2","JAM1 - (ITGAL+ITGB2)","JAM","Cell-Cell Contact","PMID: 11812992","Early"
"Myeloid-CLEC10A-APC","C6-SLC2A1-like","HLA-F","LILRB1",0.00205220479492096,0,"HLA-F_LILRB1","HLA-F - LILRB1","MHC-I","Cell-Cell Contact","PMID: 28484462","Early"
"Myeloid-CLEC10A-APC","C7-APOBEC3A-like","HLA-F","LILRB1",0.0257743405961618,0,"HLA-F_LILRB1","HLA-F - LILRB1","MHC-I","Cell-Cell Contact","PMID: 28484462","Early"
"Myeloid-CLEC10A-APC","Mac-Cycling","HLA-F","LILRB1",0.00706903339663075,0,"HLA-F_LILRB1","HLA-F - LILRB1","MHC-I","Cell-Cell Contact","PMID: 28484462","Early"
"Myeloid-CLEC10A-APC","Mac-FOLR2-LYVE1-resident","HLA-F","LILRB1",0.00759378594232473,0,"HLA-F_LILRB1","HLA-F - LILRB1","MHC-I","Cell-Cell Contact","PMID: 28484462","Early"
"Myeloid-CLEC10A-APC","Mac-OLFML3-CX3CR1-resident","HLA-F","LILRB1",0.00662270607798511,0,"HLA-F_LILRB1","HLA-F - LILRB1","MHC-I","Cell-Cell Contact","PMID: 28484462","Early"
"Myeloid-CLEC10A-APC","Mono-FCN1-S100A8-S100A9","HLA-F","LILRB1",0.00855776673333412,0,"HLA-F_LILRB1","HLA-F - LILRB1","MHC-I","Cell-Cell Contact","PMID: 28484462","Early"
"C6-SLC2A1-like","Myeloid-CLEC10A-APC","HLA-F","LILRB1",0.0157660959276796,0,"HLA-F_LILRB1","HLA-F - LILRB1","MHC-I","Cell-Cell Contact","PMID: 28484462","Early"
"C7-APOBEC3A-like","Myeloid-CLEC10A-APC","HLA-F","LILRB1",0.0230976362353733,0,"HLA-F_LILRB1","HLA-F - LILRB1","MHC-I","Cell-Cell Contact","PMID: 28484462","Early"
"Mac-Cycling","Myeloid-CLEC10A-APC","HLA-F","LILRB1",0.0199605104604392,0,"HLA-F_LILRB1","HLA-F - LILRB1","MHC-I","Cell-Cell Contact","PMID: 28484462","Early"
"Mac-FOLR2-LYVE1-resident","Myeloid-CLEC10A-APC","HLA-F","LILRB1",0.00567894140549207,0,"HLA-F_LILRB1","HLA-F - LILRB1","MHC-I","Cell-Cell Contact","PMID: 28484462","Early"
"Mac-OLFML3-CX3CR1-resident","Myeloid-CLEC10A-APC","HLA-F","LILRB1",0.0203913355477528,0,"HLA-F_LILRB1","HLA-F - LILRB1","MHC-I","Cell-Cell Contact","PMID: 28484462","Early"
"Mac-TNF-CCL4-inflammatory","Myeloid-CLEC10A-APC","HLA-F","LILRB1",0.018470952249243,0,"HLA-F_LILRB1","HLA-F - LILRB1","MHC-I","Cell-Cell Contact","PMID: 28484462","Early"
"Mono-FCN1-S100A8-S100A9","Myeloid-CLEC10A-APC","HLA-F","LILRB1",0.0125634736324205,0,"HLA-F_LILRB1","HLA-F - LILRB1","MHC-I","Cell-Cell Contact","PMID: 28484462","Early"
"Myeloid-CLEC10A-APC","Myeloid-CLEC10A-APC","HLA-F","LILRB1",0.0142103310703758,0,"HLA-F_LILRB1","HLA-F - LILRB1","MHC-I","Cell-Cell Contact","PMID: 28484462","Early"
"Myeloid-CLEC10A-APC","C6-SLC2A1-like","HLA-DPA1","CD4",0.111789968560874,0,"HLA-DPA1_CD4","HLA-DPA1 - CD4","MHC-II","Cell-Cell Contact","KEGG: hsa04514","Early"
"Myeloid-CLEC10A-APC","C7-APOBEC3A-like","HLA-DPA1","CD4",0.135824804271828,0,"HLA-DPA1_CD4","HLA-DPA1 - CD4","MHC-II","Cell-Cell Contact","KEGG: hsa04514","Early"
"Myeloid-CLEC10A-APC","Mac-Cycling","HLA-DPA1","CD4",0.109903217994553,0,"HLA-DPA1_CD4","HLA-DPA1 - CD4","MHC-II","Cell-Cell Contact","KEGG: hsa04514","Early"
"Myeloid-CLEC10A-APC","Mac-FOLR2-LYVE1-resident","HLA-DPA1","CD4",0.0511514664841511,0,"HLA-DPA1_CD4","HLA-DPA1 - CD4","MHC-II","Cell-Cell Contact","KEGG: hsa04514","Early"
"Myeloid-CLEC10A-APC","Mac-OLFML3-CX3CR1-resident","HLA-DPA1","CD4",0.119609241790629,0,"HLA-DPA1_CD4","HLA-DPA1 - CD4","MHC-II","Cell-Cell Contact","KEGG: hsa04514","Early"
"Myeloid-CLEC10A-APC","Mac-TNF-CCL4-inflammatory","HLA-DPA1","CD4",0.047678116152164,0,"HLA-DPA1_CD4","HLA-DPA1 - CD4","MHC-II","Cell-Cell Contact","KEGG: hsa04514","Early"
"Myeloid-CLEC10A-APC","Mono-FCN1-S100A8-S100A9","HLA-DPA1","CD4",0.0284657499276672,0,"HLA-DPA1_CD4","HLA-DPA1 - CD4","MHC-II","Cell-Cell Contact","KEGG: hsa04514","Early"
"C6-SLC2A1-like","Myeloid-CLEC10A-APC","HLA-DPA1","CD4",0.0672316382463551,0,"HLA-DPA1_CD4","HLA-DPA1 - CD4","MHC-II","Cell-Cell Contact","KEGG: hsa04514","Early"
"C7-APOBEC3A-like","Myeloid-CLEC10A-APC","HLA-DPA1","CD4",0.085696596156366,0,"HLA-DPA1_CD4","HLA-DPA1 - CD4","MHC-II","Cell-Cell Contact","KEGG: hsa04514","Early"
"Mac-Cycling","Myeloid-CLEC10A-APC","HLA-DPA1","CD4",0.0741438434423575,0,"HLA-DPA1_CD4","HLA-DPA1 - CD4","MHC-II","Cell-Cell Contact","KEGG: hsa04514","Early"
"Mac-FOLR2-LYVE1-resident","Myeloid-CLEC10A-APC","HLA-DPA1","CD4",0.0742670622245688,0,"HLA-DPA1_CD4","HLA-DPA1 - CD4","MHC-II","Cell-Cell Contact","KEGG: hsa04514","Early"
"Mac-NUPR1-IGF2-stress","Myeloid-CLEC10A-APC","HLA-DPA1","CD4",0.0511806199830438,0,"HLA-DPA1_CD4","HLA-DPA1 - CD4","MHC-II","Cell-Cell Contact","KEGG: hsa04514","Early"
"Mac-OLFML3-CX3CR1-resident","Myeloid-CLEC10A-APC","HLA-DPA1","CD4",0.0847438011164366,0,"HLA-DPA1_CD4","HLA-DPA1 - CD4","MHC-II","Cell-Cell Contact","KEGG: hsa04514","Early"
"Mac-TNF-CCL4-inflammatory","Myeloid-CLEC10A-APC","HLA-DPA1","CD4",0.0406586237218308,0,"HLA-DPA1_CD4","HLA-DPA1 - CD4","MHC-II","Cell-Cell Contact","KEGG: hsa04514","Early"
"Mono-FCN1-S100A8-S100A9","Myeloid-CLEC10A-APC","HLA-DPA1","CD4",0.0518499804580959,0,"HLA-DPA1_CD4","HLA-DPA1 - CD4","MHC-II","Cell-Cell Contact","KEGG: hsa04514","Early"
"Myeloid-CLEC10A-APC","Myeloid-CLEC10A-APC","HLA-DPA1","CD4",0.0762644805572999,0,"HLA-DPA1_CD4","HLA-DPA1 - CD4","MHC-II","Cell-Cell Contact","KEGG: hsa04514","Early"
"Myeloid-CLEC10A-APC","C6-SLC2A1-like","HLA-DPB1","CD4",0.105250817582405,0,"HLA-DPB1_CD4","HLA-DPB1 - CD4","MHC-II","Cell-Cell Contact","KEGG: hsa04514","Early"
"Myeloid-CLEC10A-APC","C7-APOBEC3A-like","HLA-DPB1","CD4",0.12808247360269,0,"HLA-DPB1_CD4","HLA-DPB1 - CD4","MHC-II","Cell-Cell Contact","KEGG: hsa04514","Early"
"Myeloid-CLEC10A-APC","Mac-Cycling","HLA-DPB1","CD4",0.10346157671491,0,"HLA-DPB1_CD4","HLA-DPB1 - CD4","MHC-II","Cell-Cell Contact","KEGG: hsa04514","Early"
"Myeloid-CLEC10A-APC","Mac-FOLR2-LYVE1-resident","HLA-DPB1","CD4",0.0479678045479721,0,"HLA-DPB1_CD4","HLA-DPB1 - CD4","MHC-II","Cell-Cell Contact","KEGG: hsa04514","Early"
"Myeloid-CLEC10A-APC","Mac-OLFML3-CX3CR1-resident","HLA-DPB1","CD4",0.112670722998375,0,"HLA-DPB1_CD4","HLA-DPB1 - CD4","MHC-II","Cell-Cell Contact","KEGG: hsa04514","Early"
"Myeloid-CLEC10A-APC","Mac-TNF-CCL4-inflammatory","HLA-DPB1","CD4",0.04470045084831,0,"HLA-DPB1_CD4","HLA-DPB1 - CD4","MHC-II","Cell-Cell Contact","KEGG: hsa04514","Early"
"Myeloid-CLEC10A-APC","Mono-FCN1-S100A8-S100A9","HLA-DPB1","CD4",0.0266543809370495,0,"HLA-DPB1_CD4","HLA-DPB1 - CD4","MHC-II","Cell-Cell Contact","KEGG: hsa04514","Early"
"C6-SLC2A1-like","Myeloid-CLEC10A-APC","HLA-DPB1","CD4",0.059039715596851,0,"HLA-DPB1_CD4","HLA-DPB1 - CD4","MHC-II","Cell-Cell Contact","KEGG: hsa04514","Early"
"C7-APOBEC3A-like","Myeloid-CLEC10A-APC","HLA-DPB1","CD4",0.0807151650008828,0,"HLA-DPB1_CD4","HLA-DPB1 - CD4","MHC-II","Cell-Cell Contact","KEGG: hsa04514","Early"
"Mac-Cycling","Myeloid-CLEC10A-APC","HLA-DPB1","CD4",0.0646482665971803,0,"HLA-DPB1_CD4","HLA-DPB1 - CD4","MHC-II","Cell-Cell Contact","KEGG: hsa04514","Early"
"Mac-FOLR2-LYVE1-resident","Myeloid-CLEC10A-APC","HLA-DPB1","CD4",0.072176408353906,0,"HLA-DPB1_CD4","HLA-DPB1 - CD4","MHC-II","Cell-Cell Contact","KEGG: hsa04514","Early"
"Mac-NUPR1-IGF2-stress","Myeloid-CLEC10A-APC","HLA-DPB1","CD4",0.0480173385723159,0,"HLA-DPB1_CD4","HLA-DPB1 - CD4","MHC-II","Cell-Cell Contact","KEGG: hsa04514","Early"
"Mac-OLFML3-CX3CR1-resident","Myeloid-CLEC10A-APC","HLA-DPB1","CD4",0.0797397369409674,0,"HLA-DPB1_CD4","HLA-DPB1 - CD4","MHC-II","Cell-Cell Contact","KEGG: hsa04514","Early"
"Mac-TNF-CCL4-inflammatory","Myeloid-CLEC10A-APC","HLA-DPB1","CD4",0.0541013568592514,0,"HLA-DPB1_CD4","HLA-DPB1 - CD4","MHC-II","Cell-Cell Contact","KEGG: hsa04514","Early"
"Mono-FCN1-S100A8-S100A9","Myeloid-CLEC10A-APC","HLA-DPB1","CD4",0.0477745627313902,0,"HLA-DPB1_CD4","HLA-DPB1 - CD4","MHC-II","Cell-Cell Contact","KEGG: hsa04514","Early"
"Myeloid-CLEC10A-APC","Myeloid-CLEC10A-APC","HLA-DPB1","CD4",0.0716357923721564,0,"HLA-DPB1_CD4","HLA-DPB1 - CD4","MHC-II","Cell-Cell Contact","KEGG: hsa04514","Early"
"Myeloid-CLEC10A-APC","C6-SLC2A1-like","HLA-DQA1","CD4",0.0580728552450503,0,"HLA-DQA1_CD4","HLA-DQA1 - CD4","MHC-II","Cell-Cell Contact","KEGG: hsa04514","Early"
"Myeloid-CLEC10A-APC","C7-APOBEC3A-like","HLA-DQA1","CD4",0.0714880567633256,0,"HLA-DQA1_CD4","HLA-DQA1 - CD4","MHC-II","Cell-Cell Contact","KEGG: hsa04514","Early"
"Myeloid-CLEC10A-APC","Mac-Cycling","HLA-DQA1","CD4",0.0570345061129491,0,"HLA-DQA1_CD4","HLA-DQA1 - CD4","MHC-II","Cell-Cell Contact","KEGG: hsa04514","Early"
"Myeloid-CLEC10A-APC","Mac-FOLR2-LYVE1-resident","HLA-DQA1","CD4",0.0257282365930891,0,"HLA-DQA1_CD4","HLA-DQA1 - CD4","MHC-II","Cell-Cell Contact","KEGG: hsa04514","Early"
"Myeloid-CLEC10A-APC","Mac-OLFML3-CX3CR1-resident","HLA-DQA1","CD4",0.0623987845816279,0,"HLA-DQA1_CD4","HLA-DQA1 - CD4","MHC-II","Cell-Cell Contact","KEGG: hsa04514","Early"
"Myeloid-CLEC10A-APC","Mac-TNF-CCL4-inflammatory","HLA-DQA1","CD4",0.0239376541740529,0,"HLA-DQA1_CD4","HLA-DQA1 - CD4","MHC-II","Cell-Cell Contact","KEGG: hsa04514","Early"
"Myeloid-CLEC10A-APC","Mono-FCN1-S100A8-S100A9","HLA-DQA1","CD4",0.0141496023985783,0,"HLA-DQA1_CD4","HLA-DQA1 - CD4","MHC-II","Cell-Cell Contact","KEGG: hsa04514","Early"
"C6-SLC2A1-like","Myeloid-CLEC10A-APC","HLA-DQA1","CD4",0.0349445216524836,0,"HLA-DQA1_CD4","HLA-DQA1 - CD4","MHC-II","Cell-Cell Contact","KEGG: hsa04514","Early"
"C7-APOBEC3A-like","Myeloid-CLEC10A-APC","HLA-DQA1","CD4",0.0704068759432829,0,"HLA-DQA1_CD4","HLA-DQA1 - CD4","MHC-II","Cell-Cell Contact","KEGG: hsa04514","Early"
"Mac-Cycling","Myeloid-CLEC10A-APC","HLA-DQA1","CD4",0.0362239379645234,0,"HLA-DQA1_CD4","HLA-DQA1 - CD4","MHC-II","Cell-Cell Contact","KEGG: hsa04514","Early"
"Mac-FOLR2-LYVE1-resident","Myeloid-CLEC10A-APC","HLA-DQA1","CD4",0.0560258215454871,0,"HLA-DQA1_CD4","HLA-DQA1 - CD4","MHC-II","Cell-Cell Contact","KEGG: hsa04514","Early"
"Mac-OLFML3-CX3CR1-resident","Myeloid-CLEC10A-APC","HLA-DQA1","CD4",0.0493110494840181,0,"HLA-DQA1_CD4","HLA-DQA1 - CD4","MHC-II","Cell-Cell Contact","KEGG: hsa04514","Early"
"Mac-TNF-CCL4-inflammatory","Myeloid-CLEC10A-APC","HLA-DQA1","CD4",0.0303171114987742,0,"HLA-DQA1_CD4","HLA-DQA1 - CD4","MHC-II","Cell-Cell Contact","KEGG: hsa04514","Early"
"Mono-FCN1-S100A8-S100A9","Myeloid-CLEC10A-APC","HLA-DQA1","CD4",0.0268405019898246,0,"HLA-DQA1_CD4","HLA-DQA1 - CD4","MHC-II","Cell-Cell Contact","KEGG: hsa04514","Early"
"Myeloid-CLEC10A-APC","Myeloid-CLEC10A-APC","HLA-DQA1","CD4",0.0388709438638589,0,"HLA-DQA1_CD4","HLA-DQA1 - CD4","MHC-II","Cell-Cell Contact","KEGG: hsa04514","Early"
"Myeloid-CLEC10A-APC","C6-SLC2A1-like","HLA-DMA","CD4",0.0669443019511263,0,"HLA-DMA_CD4","HLA-DMA - CD4","MHC-II","Cell-Cell Contact","KEGG: hsa04514","Early"
"Myeloid-CLEC10A-APC","C7-APOBEC3A-like","HLA-DMA","CD4",0.0822299558814776,0,"HLA-DMA_CD4","HLA-DMA - CD4","MHC-II","Cell-Cell Contact","KEGG: hsa04514","Early"
"Myeloid-CLEC10A-APC","Mac-Cycling","HLA-DMA","CD4",0.0657584042116809,0,"HLA-DMA_CD4","HLA-DMA - CD4","MHC-II","Cell-Cell Contact","KEGG: hsa04514","Early"
"Myeloid-CLEC10A-APC","Mac-FOLR2-LYVE1-resident","HLA-DMA","CD4",0.0298149885648372,0,"HLA-DMA_CD4","HLA-DMA - CD4","MHC-II","Cell-Cell Contact","KEGG: hsa04514","Early"
"Myeloid-CLEC10A-APC","Mac-OLFML3-CX3CR1-resident","HLA-DMA","CD4",0.0718806471911547,0,"HLA-DMA_CD4","HLA-DMA - CD4","MHC-II","Cell-Cell Contact","KEGG: hsa04514","Early"
"Myeloid-CLEC10A-APC","Mac-TNF-CCL4-inflammatory","HLA-DMA","CD4",0.0277480851133475,0,"HLA-DMA_CD4","HLA-DMA - CD4","MHC-II","Cell-Cell Contact","KEGG: hsa04514","Early"
"Myeloid-CLEC10A-APC","Mono-FCN1-S100A8-S100A9","HLA-DMA","CD4",0.0164281809899139,0,"HLA-DMA_CD4","HLA-DMA - CD4","MHC-II","Cell-Cell Contact","KEGG: hsa04514","Early"
"C6-SLC2A1-like","Myeloid-CLEC10A-APC","HLA-DMA","CD4",0.0355025828793666,0,"HLA-DMA_CD4","HLA-DMA - CD4","MHC-II","Cell-Cell Contact","KEGG: hsa04514","Early"
"C7-APOBEC3A-like","Myeloid-CLEC10A-APC","HLA-DMA","CD4",0.0477765462512154,0,"HLA-DMA_CD4","HLA-DMA - CD4","MHC-II","Cell-Cell Contact","KEGG: hsa04514","Early"
"Mac-Cycling","Myeloid-CLEC10A-APC","HLA-DMA","CD4",0.0381553427795846,0,"HLA-DMA_CD4","HLA-DMA - CD4","MHC-II","Cell-Cell Contact","KEGG: hsa04514","Early"
"Mac-FOLR2-LYVE1-resident","Myeloid-CLEC10A-APC","HLA-DMA","CD4",0.0350700137806673,0,"HLA-DMA_CD4","HLA-DMA - CD4","MHC-II","Cell-Cell Contact","KEGG: hsa04514","Early"
"Mac-OLFML3-CX3CR1-resident","Myeloid-CLEC10A-APC","HLA-DMA","CD4",0.0533402433572335,0,"HLA-DMA_CD4","HLA-DMA - CD4","MHC-II","Cell-Cell Contact","KEGG: hsa04514","Early"
"Mac-TNF-CCL4-inflammatory","Myeloid-CLEC10A-APC","HLA-DMA","CD4",0.0297172316179692,0,"HLA-DMA_CD4","HLA-DMA - CD4","MHC-II","Cell-Cell Contact","KEGG: hsa04514","Early"
"Mono-FCN1-S100A8-S100A9","Myeloid-CLEC10A-APC","HLA-DMA","CD4",0.0303566879570869,0,"HLA-DMA_CD4","HLA-DMA - CD4","MHC-II","Cell-Cell Contact","KEGG: hsa04514","Early"
"Myeloid-CLEC10A-APC","Myeloid-CLEC10A-APC","HLA-DMA","CD4",0.0449490089321124,0,"HLA-DMA_CD4","HLA-DMA - CD4","MHC-II","Cell-Cell Contact","KEGG: hsa04514","Early"
"Myeloid-CLEC10A-APC","C6-SLC2A1-like","HLA-DMB","CD4",0.0433774775505221,0,"HLA-DMB_CD4","HLA-DMB - CD4","MHC-II","Cell-Cell Contact","KEGG: hsa04514","Early"
"Myeloid-CLEC10A-APC","C7-APOBEC3A-like","HLA-DMB","CD4",0.0535910961996411,0,"HLA-DMB_CD4","HLA-DMB - CD4","MHC-II","Cell-Cell Contact","KEGG: hsa04514","Early"
"Myeloid-CLEC10A-APC","Mac-Cycling","HLA-DMB","CD4",0.042590002730514,0,"HLA-DMB_CD4","HLA-DMB - CD4","MHC-II","Cell-Cell Contact","KEGG: hsa04514","Early"
"Myeloid-CLEC10A-APC","Mac-FOLR2-LYVE1-resident","HLA-DMB","CD4",0.0190521352802699,0,"HLA-DMB_CD4","HLA-DMB - CD4","MHC-II","Cell-Cell Contact","KEGG: hsa04514","Early"
"Myeloid-CLEC10A-APC","Mac-OLFML3-CX3CR1-resident","HLA-DMB","CD4",0.0466629576562017,0,"HLA-DMB_CD4","HLA-DMB - CD4","MHC-II","Cell-Cell Contact","KEGG: hsa04514","Early"
"Myeloid-CLEC10A-APC","Mac-TNF-CCL4-inflammatory","HLA-DMB","CD4",0.0177177332424773,0,"HLA-DMB_CD4","HLA-DMB - CD4","MHC-II","Cell-Cell Contact","KEGG: hsa04514","Early"
"Myeloid-CLEC10A-APC","Mono-FCN1-S100A8-S100A9","HLA-DMB","CD4",0.010445774438958,0,"HLA-DMB_CD4","HLA-DMB - CD4","MHC-II","Cell-Cell Contact","KEGG: hsa04514","Early"
"C6-SLC2A1-like","Myeloid-CLEC10A-APC","HLA-DMB","CD4",0.0194618958171405,0,"HLA-DMB_CD4","HLA-DMB - CD4","MHC-II","Cell-Cell Contact","KEGG: hsa04514","Early"
"C7-APOBEC3A-like","Myeloid-CLEC10A-APC","HLA-DMB","CD4",0.0421760277017399,0,"HLA-DMB_CD4","HLA-DMB - CD4","MHC-II","Cell-Cell Contact","KEGG: hsa04514","Early"
"Mac-Cycling","Myeloid-CLEC10A-APC","HLA-DMB","CD4",0.0286103079065719,0,"HLA-DMB_CD4","HLA-DMB - CD4","MHC-II","Cell-Cell Contact","KEGG: hsa04514","Early"
"Mac-FOLR2-LYVE1-resident","Myeloid-CLEC10A-APC","HLA-DMB","CD4",0.0343715946556523,0,"HLA-DMB_CD4","HLA-DMB - CD4","MHC-II","Cell-Cell Contact","KEGG: hsa04514","Early"
"Mac-OLFML3-CX3CR1-resident","Myeloid-CLEC10A-APC","HLA-DMB","CD4",0.0427460284841156,0,"HLA-DMB_CD4","HLA-DMB - CD4","MHC-II","Cell-Cell Contact","KEGG: hsa04514","Early"
"Mac-TNF-CCL4-inflammatory","Myeloid-CLEC10A-APC","HLA-DMB","CD4",0.0272112127285425,0,"HLA-DMB_CD4","HLA-DMB - CD4","MHC-II","Cell-Cell Contact","KEGG: hsa04514","Early"
"Mono-FCN1-S100A8-S100A9","Myeloid-CLEC10A-APC","HLA-DMB","CD4",0.010830313970581,0,"HLA-DMB_CD4","HLA-DMB - CD4","MHC-II","Cell-Cell Contact","KEGG: hsa04514","Early"
"Myeloid-CLEC10A-APC","Myeloid-CLEC10A-APC","HLA-DMB","CD4",0.0288856133153788,0,"HLA-DMB_CD4","HLA-DMB - CD4","MHC-II","Cell-Cell Contact","KEGG: hsa04514","Early"
"Myeloid-CLEC10A-APC","C6-SLC2A1-like","HLA-DQA2","CD4",0.047406147797838,0,"HLA-DQA2_CD4","HLA-DQA2 - CD4","MHC-II","Cell-Cell Contact","KEGG: hsa04514","Early"
"Myeloid-CLEC10A-APC","C7-APOBEC3A-like","HLA-DQA2","CD4",0.058510334382306,0,"HLA-DQA2_CD4","HLA-DQA2 - CD4","MHC-II","Cell-Cell Contact","KEGG: hsa04514","Early"
"Myeloid-CLEC10A-APC","Mac-Cycling","HLA-DQA2","CD4",0.0465490952991071,0,"HLA-DQA2_CD4","HLA-DQA2 - CD4","MHC-II","Cell-Cell Contact","KEGG: hsa04514","Early"
"Myeloid-CLEC10A-APC","Mac-FOLR2-LYVE1-resident","HLA-DQA2","CD4",0.0208708864006233,0,"HLA-DQA2_CD4","HLA-DQA2 - CD4","MHC-II","Cell-Cell Contact","KEGG: hsa04514","Early"
"Myeloid-CLEC10A-APC","Mac-OLFML3-CX3CR1-resident","HLA-DQA2","CD4",0.0509805044154305,0,"HLA-DQA2_CD4","HLA-DQA2 - CD4","MHC-II","Cell-Cell Contact","KEGG: hsa04514","Early"
"Myeloid-CLEC10A-APC","Mac-TNF-CCL4-inflammatory","HLA-DQA2","CD4",0.0194116207068738,0,"HLA-DQA2_CD4","HLA-DQA2 - CD4","MHC-II","Cell-Cell Contact","KEGG: hsa04514","Early"
"Myeloid-CLEC10A-APC","Mono-FCN1-S100A8-S100A9","HLA-DQA2","CD4",0.0114525387734493,0,"HLA-DQA2_CD4","HLA-DQA2 - CD4","MHC-II","Cell-Cell Contact","KEGG: hsa04514","Early"
"C6-SLC2A1-like","Myeloid-CLEC10A-APC","HLA-DQA2","CD4",0.00713798223565434,0,"HLA-DQA2_CD4","HLA-DQA2 - CD4","MHC-II","Cell-Cell Contact","KEGG: hsa04514","Early"
"Mac-Cycling","Myeloid-CLEC10A-APC","HLA-DQA2","CD4",0.0238974101717578,0,"HLA-DQA2_CD4","HLA-DQA2 - CD4","MHC-II","Cell-Cell Contact","KEGG: hsa04514","Early"
"Mac-FOLR2-LYVE1-resident","Myeloid-CLEC10A-APC","HLA-DQA2","CD4",0.011194930294157,0,"HLA-DQA2_CD4","HLA-DQA2 - CD4","MHC-II","Cell-Cell Contact","KEGG: hsa04514","Early"
"Mac-OLFML3-CX3CR1-resident","Myeloid-CLEC10A-APC","HLA-DQA2","CD4",0.053104063440819,0,"HLA-DQA2_CD4","HLA-DQA2 - CD4","MHC-II","Cell-Cell Contact","KEGG: hsa04514","Early"
"Mac-TNF-CCL4-inflammatory","Myeloid-CLEC10A-APC","HLA-DQA2","CD4",0.00812665080922042,0,"HLA-DQA2_CD4","HLA-DQA2 - CD4","MHC-II","Cell-Cell Contact","KEGG: hsa04514","Early"
"Myeloid-CLEC10A-APC","Myeloid-CLEC10A-APC","HLA-DQA2","CD4",0.0316128339328007,0,"HLA-DQA2_CD4","HLA-DQA2 - CD4","MHC-II","Cell-Cell Contact","KEGG: hsa04514","Early"
"C6-SLC2A1-like","Myeloid-CLEC10A-APC","HLA-DOA","CD4",0.00123185110434863,0,"HLA-DOA_CD4","HLA-DOA - CD4","MHC-II","Cell-Cell Contact","KEGG: hsa04514","Early"
"C7-APOBEC3A-like","Myeloid-CLEC10A-APC","HLA-DOA","CD4",0.0108233151724455,0,"HLA-DOA_CD4","HLA-DOA - CD4","MHC-II","Cell-Cell Contact","KEGG: hsa04514","Early"
"Mac-Cycling","Myeloid-CLEC10A-APC","HLA-DOA","CD4",0.00398116483494346,0,"HLA-DOA_CD4","HLA-DOA - CD4","MHC-II","Cell-Cell Contact","KEGG: hsa04514","Early"
"Mac-OLFML3-CX3CR1-resident","Myeloid-CLEC10A-APC","HLA-DOA","CD4",0.00555263816908799,0,"HLA-DOA_CD4","HLA-DOA - CD4","MHC-II","Cell-Cell Contact","KEGG: hsa04514","Early"
"Myeloid-CLEC10A-APC","C6-SLC2A1-like","HLA-DQB1","CD4",0.0725844039020602,0,"HLA-DQB1_CD4","HLA-DQB1 - CD4","MHC-II","Cell-Cell Contact","KEGG: hsa04514","Early"
"Myeloid-CLEC10A-APC","C7-APOBEC3A-like","HLA-DQB1","CD4",0.0890349960401571,0,"HLA-DQB1_CD4","HLA-DQB1 - CD4","MHC-II","Cell-Cell Contact","KEGG: hsa04514","Early"
"Myeloid-CLEC10A-APC","Mac-Cycling","HLA-DQB1","CD4",0.0713062290422523,0,"HLA-DQB1_CD4","HLA-DQB1 - CD4","MHC-II","Cell-Cell Contact","KEGG: hsa04514","Early"
"Myeloid-CLEC10A-APC","Mac-FOLR2-LYVE1-resident","HLA-DQB1","CD4",0.0324356652233946,0,"HLA-DQB1_CD4","HLA-DQB1 - CD4","MHC-II","Cell-Cell Contact","KEGG: hsa04514","Early"
"Myeloid-CLEC10A-APC","Mac-OLFML3-CX3CR1-resident","HLA-DQB1","CD4",0.0779019163353114,0,"HLA-DQB1_CD4","HLA-DQB1 - CD4","MHC-II","Cell-Cell Contact","KEGG: hsa04514","Early"
"Myeloid-CLEC10A-APC","Mac-TNF-CCL4-inflammatory","HLA-DQB1","CD4",0.0301927390605113,0,"HLA-DQB1_CD4","HLA-DQB1 - CD4","MHC-II","Cell-Cell Contact","KEGG: hsa04514","Early"
"Myeloid-CLEC10A-APC","Mono-FCN1-S100A8-S100A9","HLA-DQB1","CD4",0.0178938868868012,0,"HLA-DQB1_CD4","HLA-DQB1 - CD4","MHC-II","Cell-Cell Contact","KEGG: hsa04514","Early"
"C6-SLC2A1-like","Myeloid-CLEC10A-APC","HLA-DQB1","CD4",0.0475477681202451,0,"HLA-DQB1_CD4","HLA-DQB1 - CD4","MHC-II","Cell-Cell Contact","KEGG: hsa04514","Early"
"C7-APOBEC3A-like","Myeloid-CLEC10A-APC","HLA-DQB1","CD4",0.0703932861176541,0,"HLA-DQB1_CD4","HLA-DQB1 - CD4","MHC-II","Cell-Cell Contact","KEGG: hsa04514","Early"
"Mac-Cycling","Myeloid-CLEC10A-APC","HLA-DQB1","CD4",0.0534704065011518,0,"HLA-DQB1_CD4","HLA-DQB1 - CD4","MHC-II","Cell-Cell Contact","KEGG: hsa04514","Early"
"Mac-FOLR2-LYVE1-resident","Myeloid-CLEC10A-APC","HLA-DQB1","CD4",0.0464518223625999,0,"HLA-DQB1_CD4","HLA-DQB1 - CD4","MHC-II","Cell-Cell Contact","KEGG: hsa04514","Early"
"Mac-NUPR1-IGF2-stress","Myeloid-CLEC10A-APC","HLA-DQB1","CD4",0.0146110948981503,0,"HLA-DQB1_CD4","HLA-DQB1 - CD4","MHC-II","Cell-Cell Contact","KEGG: hsa04514","Early"
"Mac-OLFML3-CX3CR1-resident","Myeloid-CLEC10A-APC","HLA-DQB1","CD4",0.0641873974055603,0,"HLA-DQB1_CD4","HLA-DQB1 - CD4","MHC-II","Cell-Cell Contact","KEGG: hsa04514","Early"
"Mac-TNF-CCL4-inflammatory","Myeloid-CLEC10A-APC","HLA-DQB1","CD4",0.0352558467401496,0,"HLA-DQB1_CD4","HLA-DQB1 - CD4","MHC-II","Cell-Cell Contact","KEGG: hsa04514","Early"
"Mono-FCN1-S100A8-S100A9","Myeloid-CLEC10A-APC","HLA-DQB1","CD4",0.0358677583391087,0,"HLA-DQB1_CD4","HLA-DQB1 - CD4","MHC-II","Cell-Cell Contact","KEGG: hsa04514","Early"
"Myeloid-CLEC10A-APC","Myeloid-CLEC10A-APC","HLA-DQB1","CD4",0.0488329787517629,0,"HLA-DQB1_CD4","HLA-DQB1 - CD4","MHC-II","Cell-Cell Contact","KEGG: hsa04514","Early"
"Myeloid-CLEC10A-APC","C6-SLC2A1-like","HLA-DRA","CD4",0.142377700868389,0,"HLA-DRA_CD4","HLA-DRA - CD4","MHC-II","Cell-Cell Contact","KEGG: hsa04514","Early"
"Myeloid-CLEC10A-APC","C7-APOBEC3A-like","HLA-DRA","CD4",0.171717490359583,0,"HLA-DRA_CD4","HLA-DRA - CD4","MHC-II","Cell-Cell Contact","KEGG: hsa04514","Early"
"Myeloid-CLEC10A-APC","Mac-Cycling","HLA-DRA","CD4",0.140056105561994,0,"HLA-DRA_CD4","HLA-DRA - CD4","MHC-II","Cell-Cell Contact","KEGG: hsa04514","Early"
"Myeloid-CLEC10A-APC","Mac-FOLR2-LYVE1-resident","HLA-DRA","CD4",0.0663875417593386,0,"HLA-DRA_CD4","HLA-DRA - CD4","MHC-II","Cell-Cell Contact","KEGG: hsa04514","Early"
"Myeloid-CLEC10A-APC","Mac-OLFML3-CX3CR1-resident","HLA-DRA","CD4",0.151970405321315,0,"HLA-DRA_CD4","HLA-DRA - CD4","MHC-II","Cell-Cell Contact","KEGG: hsa04514","Early"
"Myeloid-CLEC10A-APC","Mac-TNF-CCL4-inflammatory","HLA-DRA","CD4",0.0619471567487158,0,"HLA-DRA_CD4","HLA-DRA - CD4","MHC-II","Cell-Cell Contact","KEGG: hsa04514","Early"
"Myeloid-CLEC10A-APC","Mono-FCN1-S100A8-S100A9","HLA-DRA","CD4",0.0372096012131397,0,"HLA-DRA_CD4","HLA-DRA - CD4","MHC-II","Cell-Cell Contact","KEGG: hsa04514","Early"
"C6-SLC2A1-like","Myeloid-CLEC10A-APC","HLA-DRA","CD4",0.0880123346288748,0,"HLA-DRA_CD4","HLA-DRA - CD4","MHC-II","Cell-Cell Contact","KEGG: hsa04514","Early"
"C7-APOBEC3A-like","Myeloid-CLEC10A-APC","HLA-DRA","CD4",0.104650765897951,0,"HLA-DRA_CD4","HLA-DRA - CD4","MHC-II","Cell-Cell Contact","KEGG: hsa04514","Early"
"Mac-Cycling","Myeloid-CLEC10A-APC","HLA-DRA","CD4",0.087235099793324,0,"HLA-DRA_CD4","HLA-DRA - CD4","MHC-II","Cell-Cell Contact","KEGG: hsa04514","Early"
"Mac-FOLR2-LYVE1-resident","Myeloid-CLEC10A-APC","HLA-DRA","CD4",0.0945257677179459,0,"HLA-DRA_CD4","HLA-DRA - CD4","MHC-II","Cell-Cell Contact","KEGG: hsa04514","Early"
"Mac-NUPR1-IGF2-stress","Myeloid-CLEC10A-APC","HLA-DRA","CD4",0.0663508624930613,0,"HLA-DRA_CD4","HLA-DRA - CD4","MHC-II","Cell-Cell Contact","KEGG: hsa04514","Early"
"Mac-OLFML3-CX3CR1-resident","Myeloid-CLEC10A-APC","HLA-DRA","CD4",0.103419645394446,0,"HLA-DRA_CD4","HLA-DRA - CD4","MHC-II","Cell-Cell Contact","KEGG: hsa04514","Early"
"Mac-TNF-CCL4-inflammatory","Myeloid-CLEC10A-APC","HLA-DRA","CD4",0.0766945433991101,0,"HLA-DRA_CD4","HLA-DRA - CD4","MHC-II","Cell-Cell Contact","KEGG: hsa04514","Early"
"Mono-FCN1-S100A8-S100A9","Myeloid-CLEC10A-APC","HLA-DRA","CD4",0.0834839537316063,0,"HLA-DRA_CD4","HLA-DRA - CD4","MHC-II","Cell-Cell Contact","KEGG: hsa04514","Early"
"Myeloid-CLEC10A-APC","Myeloid-CLEC10A-APC","HLA-DRA","CD4",0.0982065593753324,0,"HLA-DRA_CD4","HLA-DRA - CD4","MHC-II","Cell-Cell Contact","KEGG: hsa04514","Early"
"Myeloid-CLEC10A-APC","C6-SLC2A1-like","HLA-DRB1","CD4",0.0977813918446222,0,"HLA-DRB1_CD4","HLA-DRB1 - CD4","MHC-II","Cell-Cell Contact","KEGG: hsa04514","Early"
"Myeloid-CLEC10A-APC","C7-APOBEC3A-like","HLA-DRB1","CD4",0.119208610546857,0,"HLA-DRB1_CD4","HLA-DRB1 - CD4","MHC-II","Cell-Cell Contact","KEGG: hsa04514","Early"
"Myeloid-CLEC10A-APC","Mac-Cycling","HLA-DRB1","CD4",0.0961054907401562,0,"HLA-DRB1_CD4","HLA-DRB1 - CD4","MHC-II","Cell-Cell Contact","KEGG: hsa04514","Early"
"Myeloid-CLEC10A-APC","Mac-FOLR2-LYVE1-resident","HLA-DRB1","CD4",0.0443620747921525,0,"HLA-DRB1_CD4","HLA-DRB1 - CD4","MHC-II","Cell-Cell Contact","KEGG: hsa04514","Early"
"Myeloid-CLEC10A-APC","Mac-OLFML3-CX3CR1-resident","HLA-DRB1","CD4",0.104736361518408,0,"HLA-DRB1_CD4","HLA-DRB1 - CD4","MHC-II","Cell-Cell Contact","KEGG: hsa04514","Early"
"Myeloid-CLEC10A-APC","Mac-TNF-CCL4-inflammatory","HLA-DRB1","CD4",0.041329665109889,0,"HLA-DRB1_CD4","HLA-DRB1 - CD4","MHC-II","Cell-Cell Contact","KEGG: hsa04514","Early"
"Myeloid-CLEC10A-APC","Mono-FCN1-S100A8-S100A9","HLA-DRB1","CD4",0.0246093629216605,0,"HLA-DRB1_CD4","HLA-DRB1 - CD4","MHC-II","Cell-Cell Contact","KEGG: hsa04514","Early"
"C6-SLC2A1-like","Myeloid-CLEC10A-APC","HLA-DRB1","CD4",0.0622790375732374,0,"HLA-DRB1_CD4","HLA-DRB1 - CD4","MHC-II","Cell-Cell Contact","KEGG: hsa04514","Early"
"C7-APOBEC3A-like","Myeloid-CLEC10A-APC","HLA-DRB1","CD4",0.096094383136654,0,"HLA-DRB1_CD4","HLA-DRB1 - CD4","MHC-II","Cell-Cell Contact","KEGG: hsa04514","Early"
"Mac-Cycling","Myeloid-CLEC10A-APC","HLA-DRB1","CD4",0.0599579276189994,0,"HLA-DRB1_CD4","HLA-DRB1 - CD4","MHC-II","Cell-Cell Contact","KEGG: hsa04514","Early"
"Mac-FOLR2-LYVE1-resident","Myeloid-CLEC10A-APC","HLA-DRB1","CD4",0.0524075424096576,0,"HLA-DRB1_CD4","HLA-DRB1 - CD4","MHC-II","Cell-Cell Contact","KEGG: hsa04514","Early"
"Mac-NUPR1-IGF2-stress","Myeloid-CLEC10A-APC","HLA-DRB1","CD4",0.0168394994545477,0.02,"HLA-DRB1_CD4","HLA-DRB1 - CD4","MHC-II","Cell-Cell Contact","KEGG: hsa04514","Early"
"Mac-OLFML3-CX3CR1-resident","Myeloid-CLEC10A-APC","HLA-DRB1","CD4",0.069934762277198,0,"HLA-DRB1_CD4","HLA-DRB1 - CD4","MHC-II","Cell-Cell Contact","KEGG: hsa04514","Early"
"Mac-TNF-CCL4-inflammatory","Myeloid-CLEC10A-APC","HLA-DRB1","CD4",0.0296694251161916,0,"HLA-DRB1_CD4","HLA-DRB1 - CD4","MHC-II","Cell-Cell Contact","KEGG: hsa04514","Early"
"Mono-FCN1-S100A8-S100A9","Myeloid-CLEC10A-APC","HLA-DRB1","CD4",0.0580698742730688,0,"HLA-DRB1_CD4","HLA-DRB1 - CD4","MHC-II","Cell-Cell Contact","KEGG: hsa04514","Early"
"Myeloid-CLEC10A-APC","Myeloid-CLEC10A-APC","HLA-DRB1","CD4",0.0663749837340758,0,"HLA-DRB1_CD4","HLA-DRB1 - CD4","MHC-II","Cell-Cell Contact","KEGG: hsa04514","Early"
"C7-APOBEC3A-like","Myeloid-CLEC10A-APC","HLA-DRB5","CD4",0.00684206529208345,0,"HLA-DRB5_CD4","HLA-DRB5 - CD4","MHC-II","Cell-Cell Contact","KEGG: hsa04514","Early"
"Mac-Cycling","Myeloid-CLEC10A-APC","HLA-DRB5","CD4",0.00219286819596307,0,"HLA-DRB5_CD4","HLA-DRB5 - CD4","MHC-II","Cell-Cell Contact","KEGG: hsa04514","Early"
"Mac-OLFML3-CX3CR1-resident","Myeloid-CLEC10A-APC","HLA-DRB5","CD4",0.0032542130539701,0,"HLA-DRB5_CD4","HLA-DRB5 - CD4","MHC-II","Cell-Cell Contact","KEGG: hsa04514","Early"
"Myeloid-CLEC10A-APC","C7-APOBEC3A-like","NECTIN2","CD226",0.000160628557573863,0.03,"NECTIN2_CD226","NECTIN2 - CD226","NECTIN","Cell-Cell Contact","KEGG: hsa04514","Early"
"Myeloid-CLEC10A-APC","C6-SLC2A1-like","PECAM1","PECAM1",0.0037083879255661,0,"PECAM1_PECAM1","PECAM1 - PECAM1","PECAM1","Cell-Cell Contact","KEGG: hsa04514","Early"
"Myeloid-CLEC10A-APC","C7-APOBEC3A-like","PECAM1","PECAM1",0.00805789926118954,0,"PECAM1_PECAM1","PECAM1 - PECAM1","PECAM1","Cell-Cell Contact","KEGG: hsa04514","Early"
"Myeloid-CLEC10A-APC","Mac-Cycling","PECAM1","PECAM1",0.00640192019130656,0,"PECAM1_PECAM1","PECAM1 - PECAM1","PECAM1","Cell-Cell Contact","KEGG: hsa04514","Early"
"Myeloid-CLEC10A-APC","Mac-OLFML3-CX3CR1-resident","PECAM1","PECAM1",0.0077390423336881,0,"PECAM1_PECAM1","PECAM1 - PECAM1","PECAM1","Cell-Cell Contact","KEGG: hsa04514","Early"
"Myeloid-CLEC10A-APC","Mono-FCN1-S100A8-S100A9","PECAM1","PECAM1",0.00628588367216904,0,"PECAM1_PECAM1","PECAM1 - PECAM1","PECAM1","Cell-Cell Contact","KEGG: hsa04514","Early"
"C6-SLC2A1-like","Myeloid-CLEC10A-APC","PECAM1","PECAM1",0.0037083879255661,0,"PECAM1_PECAM1","PECAM1 - PECAM1","PECAM1","Cell-Cell Contact","KEGG: hsa04514","Early"
"C7-APOBEC3A-like","Myeloid-CLEC10A-APC","PECAM1","PECAM1",0.00805789926118954,0,"PECAM1_PECAM1","PECAM1 - PECAM1","PECAM1","Cell-Cell Contact","KEGG: hsa04514","Early"
"Mac-Cycling","Myeloid-CLEC10A-APC","PECAM1","PECAM1",0.00640192019130656,0,"PECAM1_PECAM1","PECAM1 - PECAM1","PECAM1","Cell-Cell Contact","KEGG: hsa04514","Early"
"Mac-OLFML3-CX3CR1-resident","Myeloid-CLEC10A-APC","PECAM1","PECAM1",0.0077390423336881,0,"PECAM1_PECAM1","PECAM1 - PECAM1","PECAM1","Cell-Cell Contact","KEGG: hsa04514","Early"
"Mono-FCN1-S100A8-S100A9","Myeloid-CLEC10A-APC","PECAM1","PECAM1",0.00628588367216904,0,"PECAM1_PECAM1","PECAM1 - PECAM1","PECAM1","Cell-Cell Contact","KEGG: hsa04514","Early"
"Myeloid-CLEC10A-APC","Myeloid-CLEC10A-APC","PECAM1","PECAM1",0.00820586973224772,0,"PECAM1_PECAM1","PECAM1 - PECAM1","PECAM1","Cell-Cell Contact","KEGG: hsa04514","Early"
"Myeloid-CLEC10A-APC","C7-APOBEC3A-like","SEMA4A","NRP1_PLXNA3",0.000649798945186463,0,"SEMA4A_NRP1_PLXNA3","SEMA4A - (NRP1+PLXNA3)","SEMA4","Cell-Cell Contact","PMID: 27533782","Early"
"Myeloid-CLEC10A-APC","C6-SLC2A1-like","SEMA4A","PLXNB2",0.000845808437788238,0,"SEMA4A_PLXNB2","SEMA4A - PLXNB2","SEMA4","Cell-Cell Contact","PMID: 27533782","Early"
"Myeloid-CLEC10A-APC","C7-APOBEC3A-like","SEMA4A","PLXNB2",0.00548951034318545,0,"SEMA4A_PLXNB2","SEMA4A - PLXNB2","SEMA4","Cell-Cell Contact","PMID: 27533782","Early"
"Myeloid-CLEC10A-APC","Mac-Cycling","SEMA4A","PLXNB2",0.0043954933117418,0,"SEMA4A_PLXNB2","SEMA4A - PLXNB2","SEMA4","Cell-Cell Contact","PMID: 27533782","Early"
"Myeloid-CLEC10A-APC","Mac-OLFML3-CX3CR1-resident","SEMA4A","PLXNB2",0.00200644107013751,0,"SEMA4A_PLXNB2","SEMA4A - PLXNB2","SEMA4","Cell-Cell Contact","PMID: 27533782","Early"
"Myeloid-CLEC10A-APC","Mono-FCN1-S100A8-S100A9","SEMA4A","PLXNB2",0.0014844623285917,0,"SEMA4A_PLXNB2","SEMA4A - PLXNB2","SEMA4","Cell-Cell Contact","PMID: 27533782","Early"
"C6-SLC2A1-like","Myeloid-CLEC10A-APC","SEMA4A","PLXNB2",0.00226861606284973,0,"SEMA4A_PLXNB2","SEMA4A - PLXNB2","SEMA4","Cell-Cell Contact","PMID: 27533782","Early"
"C7-APOBEC3A-like","Myeloid-CLEC10A-APC","SEMA4A","PLXNB2",0.00295016275398263,0,"SEMA4A_PLXNB2","SEMA4A - PLXNB2","SEMA4","Cell-Cell Contact","PMID: 27533782","Early"
"Mac-Cycling","Myeloid-CLEC10A-APC","SEMA4A","PLXNB2",0.00187824724944492,0,"SEMA4A_PLXNB2","SEMA4A - PLXNB2","SEMA4","Cell-Cell Contact","PMID: 27533782","Early"
"Mac-OLFML3-CX3CR1-resident","Myeloid-CLEC10A-APC","SEMA4A","PLXNB2",0.000464477468319874,0,"SEMA4A_PLXNB2","SEMA4A - PLXNB2","SEMA4","Cell-Cell Contact","PMID: 27533782","Early"
"Mono-FCN1-S100A8-S100A9","Myeloid-CLEC10A-APC","SEMA4A","PLXNB2",0.000965825111256249,0,"SEMA4A_PLXNB2","SEMA4A - PLXNB2","SEMA4","Cell-Cell Contact","PMID: 27533782","Early"
"Myeloid-CLEC10A-APC","Myeloid-CLEC10A-APC","SEMA4A","PLXNB2",0.00109430053581463,0,"SEMA4A_PLXNB2","SEMA4A - PLXNB2","SEMA4","Cell-Cell Contact","PMID: 27533782","Early"
"Myeloid-CLEC10A-APC","C7-APOBEC3A-like","SEMA4D","PLXNB2",0.00431801089632804,0,"SEMA4D_PLXNB2","SEMA4D - PLXNB2","SEMA4","Cell-Cell Contact","PMID: 27533782","Early"
"Myeloid-CLEC10A-APC","Mac-Cycling","SEMA4D","PLXNB2",0.00345665317826061,0,"SEMA4D_PLXNB2","SEMA4D - PLXNB2","SEMA4","Cell-Cell Contact","PMID: 27533782","Early"
"Myeloid-CLEC10A-APC","Mac-OLFML3-CX3CR1-resident","SEMA4D","PLXNB2",0.00157707395152726,0.02,"SEMA4D_PLXNB2","SEMA4D - PLXNB2","SEMA4","Cell-Cell Contact","PMID: 27533782","Early"
"Myeloid-CLEC10A-APC","Mono-FCN1-S100A8-S100A9","SEMA4D","PLXNB2",0.00116666514955891,0.04,"SEMA4D_PLXNB2","SEMA4D - PLXNB2","SEMA4","Cell-Cell Contact","PMID: 27533782","Early"
"C7-APOBEC3A-like","Myeloid-CLEC10A-APC","SEMA4D","PLXNB2",0.00336674910311047,0,"SEMA4D_PLXNB2","SEMA4D - PLXNB2","SEMA4","Cell-Cell Contact","PMID: 27533782","Early"
"Mono-FCN1-S100A8-S100A9","Myeloid-CLEC10A-APC","SEMA4D","PLXNB2",0.00110264362846469,0.03,"SEMA4D_PLXNB2","SEMA4D - PLXNB2","SEMA4","Cell-Cell Contact","PMID: 27533782","Early"
"Myeloid-CLEC10A-APC","C6-SLC2A1-like","SEMA4D","CD72",0.00108723491513771,0,"SEMA4D_CD72","SEMA4D - CD72","SEMA4","Cell-Cell Contact","PMID: 22325954","Early"
"Myeloid-CLEC10A-APC","C7-APOBEC3A-like","SEMA4D","CD72",0.00219030181442796,0,"SEMA4D_CD72","SEMA4D - CD72","SEMA4","Cell-Cell Contact","PMID: 22325954","Early"
"Myeloid-CLEC10A-APC","Mac-Cycling","SEMA4D","CD72",0.000449382701684071,0,"SEMA4D_CD72","SEMA4D - CD72","SEMA4","Cell-Cell Contact","PMID: 22325954","Early"
"Myeloid-CLEC10A-APC","Mac-OLFML3-CX3CR1-resident","SEMA4D","CD72",0.00079691715951714,0,"SEMA4D_CD72","SEMA4D - CD72","SEMA4","Cell-Cell Contact","PMID: 22325954","Early"
"C6-SLC2A1-like","Myeloid-CLEC10A-APC","SEMA4D","CD72",0.000600258224681229,0,"SEMA4D_CD72","SEMA4D - CD72","SEMA4","Cell-Cell Contact","PMID: 22325954","Early"
"C7-APOBEC3A-like","Myeloid-CLEC10A-APC","SEMA4D","CD72",0.0024833924565333,0,"SEMA4D_CD72","SEMA4D - CD72","SEMA4","Cell-Cell Contact","PMID: 22325954","Early"
"Mac-Cycling","Myeloid-CLEC10A-APC","SEMA4D","CD72",0.000632779354632086,0,"SEMA4D_CD72","SEMA4D - CD72","SEMA4","Cell-Cell Contact","PMID: 22325954","Early"
"Mac-OLFML3-CX3CR1-resident","Myeloid-CLEC10A-APC","SEMA4D","CD72",0.00071924314439638,0,"SEMA4D_CD72","SEMA4D - CD72","SEMA4","Cell-Cell Contact","PMID: 22325954","Early"
"Mono-FCN1-S100A8-S100A9","Myeloid-CLEC10A-APC","SEMA4D","CD72",0.000812851086040203,0,"SEMA4D_CD72","SEMA4D - CD72","SEMA4","Cell-Cell Contact","PMID: 22325954","Early"
"Myeloid-CLEC10A-APC","Myeloid-CLEC10A-APC","SEMA4D","CD72",0.000633906808787433,0,"SEMA4D_CD72","SEMA4D - CD72","SEMA4","Cell-Cell Contact","PMID: 22325954","Early"
"Myeloid-CLEC10A-APC","C7-APOBEC3A-like","SIGLEC1","SPN",0.000125288486446844,0,"SIGLEC1_SPN","SIGLEC1 - SPN","SN","Cell-Cell Contact","KEGG: hsa04514; PMID: 11238599","Early"
"Myeloid-CLEC10A-APC","Mac-Cycling","SIGLEC1","SPN",0.000414185148410378,0,"SIGLEC1_SPN","SIGLEC1 - SPN","SN","Cell-Cell Contact","KEGG: hsa04514; PMID: 11238599","Early"
"C6-SLC2A1-like","Myeloid-CLEC10A-APC","SIGLEC1","SPN",0.00353348261458815,0,"SIGLEC1_SPN","SIGLEC1 - SPN","SN","Cell-Cell Contact","KEGG: hsa04514; PMID: 11238599","Early"
"C7-APOBEC3A-like","Myeloid-CLEC10A-APC","SIGLEC1","SPN",0.00574297995487044,0,"SIGLEC1_SPN","SIGLEC1 - SPN","SN","Cell-Cell Contact","KEGG: hsa04514; PMID: 11238599","Early"
"Mac-Cycling","Myeloid-CLEC10A-APC","SIGLEC1","SPN",0.00334213723669644,0,"SIGLEC1_SPN","SIGLEC1 - SPN","SN","Cell-Cell Contact","KEGG: hsa04514; PMID: 11238599","Early"
"Mac-FOLR2-LYVE1-resident","Myeloid-CLEC10A-APC","SIGLEC1","SPN",0.00204775172427448,0,"SIGLEC1_SPN","SIGLEC1 - SPN","SN","Cell-Cell Contact","KEGG: hsa04514; PMID: 11238599","Early"
"Mac-OLFML3-CX3CR1-resident","Myeloid-CLEC10A-APC","SIGLEC1","SPN",0.00370048739203735,0,"SIGLEC1_SPN","SIGLEC1 - SPN","SN","Cell-Cell Contact","KEGG: hsa04514; PMID: 11238599","Early"
"Mac-TNF-CCL4-inflammatory","Myeloid-CLEC10A-APC","SIGLEC1","SPN",0.0038561429704964,0,"SIGLEC1_SPN","SIGLEC1 - SPN","SN","Cell-Cell Contact","KEGG: hsa04514; PMID: 11238599","Early"
"Myeloid-CLEC10A-APC","Myeloid-CLEC10A-APC","SIGLEC1","SPN",0.00101755854575868,0,"SIGLEC1_SPN","SIGLEC1 - SPN","SN","Cell-Cell Contact","KEGG: hsa04514; PMID: 11238599","Early"
"Myeloid-CLEC10A-APC","C7-APOBEC3A-like","ITGA4_ITGB1","VCAM1",0.00138501255807363,0,"ITGA4_ITGB1_VCAM1","VCAM1 - (ITGA4+ITGB1)","VCAM","Cell-Cell Contact","KEGG: hsa04514","Early"
"Myeloid-CLEC10A-APC","C6-SLC2A1-like","ITGAV_ITGB1","ADGRE2",0.00239532264430379,0,"ITGAV_ITGB1_ADGRE2","(ITGAV+ITGB1) - ADGRE2","ADGRE","Cell-Cell Contact","PMID: 31462748","Early"
"Myeloid-CLEC10A-APC","C7-APOBEC3A-like","ITGAV_ITGB1","ADGRE2",0.00621524484885858,0,"ITGAV_ITGB1_ADGRE2","(ITGAV+ITGB1) - ADGRE2","ADGRE","Cell-Cell Contact","PMID: 31462748","Early"
"Myeloid-CLEC10A-APC","Mac-Cycling","ITGAV_ITGB1","ADGRE2",0.00145628842892245,0,"ITGAV_ITGB1_ADGRE2","(ITGAV+ITGB1) - ADGRE2","ADGRE","Cell-Cell Contact","PMID: 31462748","Early"
"Myeloid-CLEC10A-APC","Mac-OLFML3-CX3CR1-resident","ITGAV_ITGB1","ADGRE2",0.00216911853846656,0,"ITGAV_ITGB1_ADGRE2","(ITGAV+ITGB1) - ADGRE2","ADGRE","Cell-Cell Contact","PMID: 31462748","Early"
"Myeloid-CLEC10A-APC","Mono-FCN1-S100A8-S100A9","ITGAV_ITGB1","ADGRE2",0.00263063802679796,0,"ITGAV_ITGB1_ADGRE2","(ITGAV+ITGB1) - ADGRE2","ADGRE","Cell-Cell Contact","PMID: 31462748","Early"
"C6-SLC2A1-like","Myeloid-CLEC10A-APC","ITGAV_ITGB1","ADGRE2",0.00201655907259041,0,"ITGAV_ITGB1_ADGRE2","(ITGAV+ITGB1) - ADGRE2","ADGRE","Cell-Cell Contact","PMID: 31462748","Early"
"C7-APOBEC3A-like","Myeloid-CLEC10A-APC","ITGAV_ITGB1","ADGRE2",0.00341398896498373,0,"ITGAV_ITGB1_ADGRE2","(ITGAV+ITGB1) - ADGRE2","ADGRE","Cell-Cell Contact","PMID: 31462748","Early"
"Mac-Cycling","Myeloid-CLEC10A-APC","ITGAV_ITGB1","ADGRE2",0.00318418896483074,0,"ITGAV_ITGB1_ADGRE2","(ITGAV+ITGB1) - ADGRE2","ADGRE","Cell-Cell Contact","PMID: 31462748","Early"
"Mac-OLFML3-CX3CR1-resident","Myeloid-CLEC10A-APC","ITGAV_ITGB1","ADGRE2",0.00372017517683134,0,"ITGAV_ITGB1_ADGRE2","(ITGAV+ITGB1) - ADGRE2","ADGRE","Cell-Cell Contact","PMID: 31462748","Early"
"Myeloid-CLEC10A-APC","Myeloid-CLEC10A-APC","ITGAV_ITGB1","ADGRE2",0.00270873829179925,0,"ITGAV_ITGB1_ADGRE2","(ITGAV+ITGB1) - ADGRE2","ADGRE","Cell-Cell Contact","PMID: 31462748","Early"
"Myeloid-CLEC10A-APC","C7-APOBEC3A-like","CD55","ADGRE5",0.00410915359697892,0.01,"CD55_ADGRE5","CD55 - ADGRE5","ADGRE","Cell-Cell Contact","PMID: 31462748","Early"
"Myeloid-CLEC10A-APC","Mono-FCN1-S100A8-S100A9","CD55","ADGRE5",0.00255708826421775,0,"CD55_ADGRE5","CD55 - ADGRE5","ADGRE","Cell-Cell Contact","PMID: 31462748","Early"
"Mono-FCN1-S100A8-S100A9","Myeloid-CLEC10A-APC","CD55","ADGRE5",0.00547233098241595,0,"CD55_ADGRE5","CD55 - ADGRE5","ADGRE","Cell-Cell Contact","PMID: 31462748","Early"
"Myeloid-CLEC10A-APC","C7-APOBEC3A-like","ITGAV_ITGB1","ADGRE5",0.0074495660573811,0,"ITGAV_ITGB1_ADGRE5","(ITGAV+ITGB1) - ADGRE5","ADGRE","Cell-Cell Contact","PMID: 31462748","Early"
"Myeloid-CLEC10A-APC","Mono-FCN1-S100A8-S100A9","ITGAV_ITGB1","ADGRE5",0.00464167662119951,0.01,"ITGAV_ITGB1_ADGRE5","(ITGAV+ITGB1) - ADGRE5","ADGRE","Cell-Cell Contact","PMID: 31462748","Early"
"Mac-OLFML3-CX3CR1-resident","Myeloid-CLEC10A-APC","ITGAV_ITGB1","ADGRE5",0.00310541348277962,0.01,"ITGAV_ITGB1_ADGRE5","(ITGAV+ITGB1) - ADGRE5","ADGRE","Cell-Cell Contact","PMID: 31462748","Early"
"Myeloid-CLEC10A-APC","C7-APOBEC3A-like","APP","SORL1",0.003242802022279,0,"APP_SORL1","APP - SORL1","APP","Cell-Cell Contact","PMID: 24523320","Early"
"Myeloid-CLEC10A-APC","Mac-Cycling","APP","SORL1",0.00273134433708838,0,"APP_SORL1","APP - SORL1","APP","Cell-Cell Contact","PMID: 24523320","Early"
"Myeloid-CLEC10A-APC","Mac-FOLR2-LYVE1-resident","APP","SORL1",0.00127320126395193,0.04,"APP_SORL1","APP - SORL1","APP","Cell-Cell Contact","PMID: 24523320","Early"
"Myeloid-CLEC10A-APC","Mac-OLFML3-CX3CR1-resident","APP","SORL1",0.00530295302593442,0,"APP_SORL1","APP - SORL1","APP","Cell-Cell Contact","PMID: 24523320","Early"
"Myeloid-CLEC10A-APC","Mac-TNF-CCL4-inflammatory","APP","SORL1",0.00170787605665153,0.01,"APP_SORL1","APP - SORL1","APP","Cell-Cell Contact","PMID: 24523320","Early"
"Myeloid-CLEC10A-APC","Mono-FCN1-S100A8-S100A9","APP","SORL1",0.001612748800865,0.02,"APP_SORL1","APP - SORL1","APP","Cell-Cell Contact","PMID: 24523320","Early"
"C6-SLC2A1-like","Myeloid-CLEC10A-APC","APP","SORL1",0.0117195632079496,0,"APP_SORL1","APP - SORL1","APP","Cell-Cell Contact","PMID: 24523320","Early"
"C7-APOBEC3A-like","Myeloid-CLEC10A-APC","APP","SORL1",0.00522368071481836,0,"APP_SORL1","APP - SORL1","APP","Cell-Cell Contact","PMID: 24523320","Early"
"Mac-Cycling","Myeloid-CLEC10A-APC","APP","SORL1",0.00346519092580269,0,"APP_SORL1","APP - SORL1","APP","Cell-Cell Contact","PMID: 24523320","Early"
"Mac-OLFML3-CX3CR1-resident","Myeloid-CLEC10A-APC","APP","SORL1",0.00332411949797846,0,"APP_SORL1","APP - SORL1","APP","Cell-Cell Contact","PMID: 24523320","Early"
"Myeloid-CLEC10A-APC","Myeloid-CLEC10A-APC","APP","SORL1",0.00353376609113609,0,"APP_SORL1","APP - SORL1","APP","Cell-Cell Contact","PMID: 24523320","Early"
"Myeloid-CLEC10A-APC","C6-SLC2A1-like","APP","TREM2_TYROBP",0.00843955555592336,0,"APP_TREM2_TYROBP","APP - (TREM2+TYROBP)","APP","Cell-Cell Contact","PMID:27477013","Early"
"Myeloid-CLEC10A-APC","C7-APOBEC3A-like","APP","TREM2_TYROBP",0.00852693154807658,0,"APP_TREM2_TYROBP","APP - (TREM2+TYROBP)","APP","Cell-Cell Contact","PMID:27477013","Early"
"Myeloid-CLEC10A-APC","Mac-Cycling","APP","TREM2_TYROBP",0.00912689537920444,0,"APP_TREM2_TYROBP","APP - (TREM2+TYROBP)","APP","Cell-Cell Contact","PMID:27477013","Early"
"Myeloid-CLEC10A-APC","Mac-FOLR2-LYVE1-resident","APP","TREM2_TYROBP",0.00488450946677931,0,"APP_TREM2_TYROBP","APP - (TREM2+TYROBP)","APP","Cell-Cell Contact","PMID:27477013","Early"
"Myeloid-CLEC10A-APC","Mac-OLFML3-CX3CR1-resident","APP","TREM2_TYROBP",0.0106154562612456,0,"APP_TREM2_TYROBP","APP - (TREM2+TYROBP)","APP","Cell-Cell Contact","PMID:27477013","Early"
"Myeloid-CLEC10A-APC","Mac-TNF-CCL4-inflammatory","APP","TREM2_TYROBP",0.00521306353496815,0,"APP_TREM2_TYROBP","APP - (TREM2+TYROBP)","APP","Cell-Cell Contact","PMID:27477013","Early"
"C6-SLC2A1-like","Myeloid-CLEC10A-APC","APP","TREM2_TYROBP",0.0114533107644002,0,"APP_TREM2_TYROBP","APP - (TREM2+TYROBP)","APP","Cell-Cell Contact","PMID:27477013","Early"
"C7-APOBEC3A-like","Myeloid-CLEC10A-APC","APP","TREM2_TYROBP",0.0051042436305056,0,"APP_TREM2_TYROBP","APP - (TREM2+TYROBP)","APP","Cell-Cell Contact","PMID:27477013","Early"
"Mac-Cycling","Myeloid-CLEC10A-APC","APP","TREM2_TYROBP",0.00338582406200421,0,"APP_TREM2_TYROBP","APP - (TREM2+TYROBP)","APP","Cell-Cell Contact","PMID:27477013","Early"
"Mac-OLFML3-CX3CR1-resident","Myeloid-CLEC10A-APC","APP","TREM2_TYROBP",0.00324797320845372,0,"APP_TREM2_TYROBP","APP - (TREM2+TYROBP)","APP","Cell-Cell Contact","PMID:27477013","Early"
"Myeloid-CLEC10A-APC","Myeloid-CLEC10A-APC","APP","TREM2_TYROBP",0.00345283402120683,0,"APP_TREM2_TYROBP","APP - (TREM2+TYROBP)","APP","Cell-Cell Contact","PMID:27477013","Early"
"C7-APOBEC3A-like","Myeloid-CLEC10A-APC","ADORA3","ENTPD1",0.000255838650834463,0,"ENTPD1_ADORA3","ADORA3 - ENTPD1","CD39","Cell-Cell Contact","uniprot","Early"
"Mac-Cycling","Myeloid-CLEC10A-APC","ADORA3","ENTPD1",0.000325513804092476,0,"ENTPD1_ADORA3","ADORA3 - ENTPD1","CD39","Cell-Cell Contact","uniprot","Early"
"Mac-OLFML3-CX3CR1-resident","Myeloid-CLEC10A-APC","ADORA3","ENTPD1",0.000385838561815212,0,"ENTPD1_ADORA3","ADORA3 - ENTPD1","CD39","Cell-Cell Contact","uniprot","Early"
"Myeloid-CLEC10A-APC","C6-SLC2A1-like","APOE","TREM2_TYROBP",0.0226722998095602,0,"APOE_TREM2_TYROBP","APOE - TREM2","ApoE","Cell-Cell Contact","uniprot;PMID:27477015","Early"
"Myeloid-CLEC10A-APC","C7-APOBEC3A-like","APOE","TREM2_TYROBP",0.0229036258900941,0,"APOE_TREM2_TYROBP","APOE - TREM2","ApoE","Cell-Cell Contact","uniprot;PMID:27477015","Early"
"Myeloid-CLEC10A-APC","Mac-Cycling","APOE","TREM2_TYROBP",0.0244901626795193,0,"APOE_TREM2_TYROBP","APOE - TREM2","ApoE","Cell-Cell Contact","uniprot;PMID:27477015","Early"
"Myeloid-CLEC10A-APC","Mac-FOLR2-LYVE1-resident","APOE","TREM2_TYROBP",0.0132017296051749,0,"APOE_TREM2_TYROBP","APOE - TREM2","ApoE","Cell-Cell Contact","uniprot;PMID:27477015","Early"
"Myeloid-CLEC10A-APC","Mac-OLFML3-CX3CR1-resident","APOE","TREM2_TYROBP",0.02841256347714,0,"APOE_TREM2_TYROBP","APOE - TREM2","ApoE","Cell-Cell Contact","uniprot;PMID:27477015","Early"
"Myeloid-CLEC10A-APC","Mac-TNF-CCL4-inflammatory","APOE","TREM2_TYROBP",0.0140818205001409,0,"APOE_TREM2_TYROBP","APOE - TREM2","ApoE","Cell-Cell Contact","uniprot;PMID:27477015","Early"
"C6-SLC2A1-like","Myeloid-CLEC10A-APC","APOE","TREM2_TYROBP",0.0762297394027356,0,"APOE_TREM2_TYROBP","APOE - TREM2","ApoE","Cell-Cell Contact","uniprot;PMID:27477015","Early"
"C7-APOBEC3A-like","Myeloid-CLEC10A-APC","APOE","TREM2_TYROBP",0.0676394909547553,0,"APOE_TREM2_TYROBP","APOE - TREM2","ApoE","Cell-Cell Contact","uniprot;PMID:27477015","Early"
"Mac-Cycling","Myeloid-CLEC10A-APC","APOE","TREM2_TYROBP",0.0414806008325474,0,"APOE_TREM2_TYROBP","APOE - TREM2","ApoE","Cell-Cell Contact","uniprot;PMID:27477015","Early"
"Mac-FOLR2-LYVE1-resident","Myeloid-CLEC10A-APC","APOE","TREM2_TYROBP",0.0797176359478735,0,"APOE_TREM2_TYROBP","APOE - TREM2","ApoE","Cell-Cell Contact","uniprot;PMID:27477015","Early"
"Mac-NUPR1-IGF2-stress","Myeloid-CLEC10A-APC","APOE","TREM2_TYROBP",0.0301814849442931,0,"APOE_TREM2_TYROBP","APOE - TREM2","ApoE","Cell-Cell Contact","uniprot;PMID:27477015","Early"
"Mac-OLFML3-CX3CR1-resident","Myeloid-CLEC10A-APC","APOE","TREM2_TYROBP",0.0589558732443067,0,"APOE_TREM2_TYROBP","APOE - TREM2","ApoE","Cell-Cell Contact","uniprot;PMID:27477015","Early"
"Mac-TNF-CCL4-inflammatory","Myeloid-CLEC10A-APC","APOE","TREM2_TYROBP",0.0362000222432655,0,"APOE_TREM2_TYROBP","APOE - TREM2","ApoE","Cell-Cell Contact","uniprot;PMID:27477015","Early"
"Myeloid-CLEC10A-APC","Myeloid-CLEC10A-APC","APOE","TREM2_TYROBP",0.00935515126842072,0,"APOE_TREM2_TYROBP","APOE - TREM2","ApoE","Cell-Cell Contact","uniprot;PMID:27477015","Early"
"Myeloid-CLEC10A-APC","Mac-Cycling","CD99","PILRB",0.00349632365811013,0.02,"CD99_PILRB","Cd99 - Pilrb","CD99","Cell-Cell Contact","uniprot;PMID:18234675","Early"
"Myeloid-CLEC10A-APC","Mac-OLFML3-CX3CR1-resident","CD99","PILRB",0.00522817261641941,0,"CD99_PILRB","Cd99 - Pilrb","CD99","Cell-Cell Contact","uniprot;PMID:18234675","Early"
"C6-SLC2A1-like","Myeloid-CLEC10A-APC","CD99","PILRB",0.00490548708021359,0,"CD99_PILRB","Cd99 - Pilrb","CD99","Cell-Cell Contact","uniprot;PMID:18234675","Early"
"Myeloid-CLEC10A-APC","Myeloid-CLEC10A-APC","CD99","PILRB",0.00337623314800898,0.04,"CD99_PILRB","Cd99 - Pilrb","CD99","Cell-Cell Contact","uniprot;PMID:18234675","Early"
"Myeloid-CLEC10A-APC","C6-SLC2A1-like","LAIR1","LILRB4",0.0308686982128382,0,"LAIR1_LILRB4","LAIR1 - LILRB4","LAIR1","Cell-Cell Contact","PMID:19283782","Early"
"Myeloid-CLEC10A-APC","C7-APOBEC3A-like","LAIR1","LILRB4",0.0325007999114465,0,"LAIR1_LILRB4","LAIR1 - LILRB4","LAIR1","Cell-Cell Contact","PMID:19283782","Early"
"Myeloid-CLEC10A-APC","Mac-Cycling","LAIR1","LILRB4",0.0241026511260693,0,"LAIR1_LILRB4","LAIR1 - LILRB4","LAIR1","Cell-Cell Contact","PMID:19283782","Early"
"Myeloid-CLEC10A-APC","Mac-FOLR2-LYVE1-resident","LAIR1","LILRB4",0.00958625872498238,0,"LAIR1_LILRB4","LAIR1 - LILRB4","LAIR1","Cell-Cell Contact","PMID:19283782","Early"
"Myeloid-CLEC10A-APC","Mac-OLFML3-CX3CR1-resident","LAIR1","LILRB4",0.0345469085936241,0,"LAIR1_LILRB4","LAIR1 - LILRB4","LAIR1","Cell-Cell Contact","PMID:19283782","Early"
"Myeloid-CLEC10A-APC","Mac-TNF-CCL4-inflammatory","LAIR1","LILRB4",0.0096153006868371,0,"LAIR1_LILRB4","LAIR1 - LILRB4","LAIR1","Cell-Cell Contact","PMID:19283782","Early"
"Myeloid-CLEC10A-APC","Mono-FCN1-S100A8-S100A9","LAIR1","LILRB4",0.00564502299844116,0,"LAIR1_LILRB4","LAIR1 - LILRB4","LAIR1","Cell-Cell Contact","PMID:19283782","Early"
"C6-SLC2A1-like","Myeloid-CLEC10A-APC","LAIR1","LILRB4",0.0231503268291382,0,"LAIR1_LILRB4","LAIR1 - LILRB4","LAIR1","Cell-Cell Contact","PMID:19283782","Early"
"C7-APOBEC3A-like","Myeloid-CLEC10A-APC","LAIR1","LILRB4",0.0351977420368602,0,"LAIR1_LILRB4","LAIR1 - LILRB4","LAIR1","Cell-Cell Contact","PMID:19283782","Early"
"Mac-Cycling","Myeloid-CLEC10A-APC","LAIR1","LILRB4",0.0291588859947134,0,"LAIR1_LILRB4","LAIR1 - LILRB4","LAIR1","Cell-Cell Contact","PMID:19283782","Early"
"Mac-FOLR2-LYVE1-resident","Myeloid-CLEC10A-APC","LAIR1","LILRB4",0.0228817654276583,0,"LAIR1_LILRB4","LAIR1 - LILRB4","LAIR1","Cell-Cell Contact","PMID:19283782","Early"
"Mac-OLFML3-CX3CR1-resident","Myeloid-CLEC10A-APC","LAIR1","LILRB4",0.0310100780822968,0,"LAIR1_LILRB4","LAIR1 - LILRB4","LAIR1","Cell-Cell Contact","PMID:19283782","Early"
"Mac-TNF-CCL4-inflammatory","Myeloid-CLEC10A-APC","LAIR1","LILRB4",0.0248360799769475,0,"LAIR1_LILRB4","LAIR1 - LILRB4","LAIR1","Cell-Cell Contact","PMID:19283782","Early"
"Mono-FCN1-S100A8-S100A9","Myeloid-CLEC10A-APC","LAIR1","LILRB4",0.00906089531911058,0,"LAIR1_LILRB4","LAIR1 - LILRB4","LAIR1","Cell-Cell Contact","PMID:19283782","Early"
"Myeloid-CLEC10A-APC","Myeloid-CLEC10A-APC","LAIR1","LILRB4",0.0209926669879327,0,"LAIR1_LILRB4","LAIR1 - LILRB4","LAIR1","Cell-Cell Contact","PMID:19283782","Early"
"Myeloid-CLEC10A-APC","C6-SLC2A1-like","PECAM1","CD38",0.00174565830988302,0.01,"PECAM1_CD38","PECAM1 - CD38","PECAM2","Cell-Cell Contact","PMID:26407101","Early"
"Myeloid-CLEC10A-APC","C7-APOBEC3A-like","PECAM1","CD38",0.0145096571527072,0,"PECAM1_CD38","PECAM1 - CD38","PECAM2","Cell-Cell Contact","PMID:26407101","Early"
"Myeloid-CLEC10A-APC","Mac-Cycling","PECAM1","CD38",0.00288413717235665,0,"PECAM1_CD38","PECAM1 - CD38","PECAM2","Cell-Cell Contact","PMID:26407101","Early"
"Myeloid-CLEC10A-APC","Mac-OLFML3-CX3CR1-resident","PECAM1","CD38",0.00173254545112734,0,"PECAM1_CD38","PECAM1 - CD38","PECAM2","Cell-Cell Contact","PMID:26407101","Early"
"Myeloid-CLEC10A-APC","C6-SLC2A1-like","TGFB1","TGFbR1_R2",0.0128023481593695,0,"TGFB1_TGFBR1_TGFBR2","TGFB1 - (TGFBR1+TGFBR2)","TGFb","Secreted Signaling","KEGG: hsa04350","Advanced"
"Myeloid-CLEC10A-APC","C7-APOBEC3A-like","TGFB1","TGFbR1_R2",0.00609546133705476,0,"TGFB1_TGFBR1_TGFBR2","TGFB1 - (TGFBR1+TGFBR2)","TGFb","Secreted Signaling","KEGG: hsa04350","Advanced"
"Myeloid-CLEC10A-APC","Mac-Cycling","TGFB1","TGFbR1_R2",0.00936888934207925,0,"TGFB1_TGFBR1_TGFBR2","TGFB1 - (TGFBR1+TGFBR2)","TGFb","Secreted Signaling","KEGG: hsa04350","Advanced"
"Myeloid-CLEC10A-APC","Mac-FOLR2-LYVE1-resident","TGFB1","TGFbR1_R2",0.0112896036653983,0,"TGFB1_TGFBR1_TGFBR2","TGFB1 - (TGFBR1+TGFBR2)","TGFb","Secreted Signaling","KEGG: hsa04350","Advanced"
"Myeloid-CLEC10A-APC","Mac-OLFML3-CX3CR1-resident","TGFB1","TGFbR1_R2",0.0254240141591785,0,"TGFB1_TGFBR1_TGFBR2","TGFB1 - (TGFBR1+TGFBR2)","TGFb","Secreted Signaling","KEGG: hsa04350","Advanced"
"C6-SLC2A1-like","Myeloid-CLEC10A-APC","TGFB1","TGFbR1_R2",0.00299842489138189,0,"TGFB1_TGFBR1_TGFBR2","TGFB1 - (TGFBR1+TGFBR2)","TGFb","Secreted Signaling","KEGG: hsa04350","Advanced"
"C7-APOBEC3A-like","Myeloid-CLEC10A-APC","TGFB1","TGFbR1_R2",0.0137045907454523,0,"TGFB1_TGFBR1_TGFBR2","TGFB1 - (TGFBR1+TGFBR2)","TGFb","Secreted Signaling","KEGG: hsa04350","Advanced"
"Mac-Cycling","Myeloid-CLEC10A-APC","TGFB1","TGFbR1_R2",0.00992377057484953,0,"TGFB1_TGFBR1_TGFBR2","TGFB1 - (TGFBR1+TGFBR2)","TGFb","Secreted Signaling","KEGG: hsa04350","Advanced"
"Mac-FOLR2-LYVE1-resident","Myeloid-CLEC10A-APC","TGFB1","TGFbR1_R2",0.00353188277811075,0,"TGFB1_TGFBR1_TGFBR2","TGFB1 - (TGFBR1+TGFBR2)","TGFb","Secreted Signaling","KEGG: hsa04350","Advanced"
"Mac-OLFML3-CX3CR1-resident","Myeloid-CLEC10A-APC","TGFB1","TGFbR1_R2",0.00881660162534511,0,"TGFB1_TGFBR1_TGFBR2","TGFB1 - (TGFBR1+TGFBR2)","TGFb","Secreted Signaling","KEGG: hsa04350","Advanced"
"Mono-FCN1-S100A8-S100A9","Myeloid-CLEC10A-APC","TGFB1","TGFbR1_R2",0.00328232666528584,0,"TGFB1_TGFBR1_TGFBR2","TGFB1 - (TGFBR1+TGFBR2)","TGFb","Secreted Signaling","KEGG: hsa04350","Advanced"
"Myeloid-CLEC10A-APC","Myeloid-CLEC10A-APC","TGFB1","TGFbR1_R2",0.0124748786594793,0,"TGFB1_TGFBR1_TGFBR2","TGFB1 - (TGFBR1+TGFBR2)","TGFb","Secreted Signaling","KEGG: hsa04350","Advanced"
"C6-SLC2A1-like","Myeloid-CLEC10A-APC","TGFB1","ACVR1B_TGFbR2",0.00129760146692399,0,"TGFB1_ACVR1B_TGFBR2","TGFB1 - (ACVR1B+TGFBR2)","TGFb","Secreted Signaling","PMID: 27449815","Advanced"
"C7-APOBEC3A-like","Myeloid-CLEC10A-APC","TGFB1","ACVR1B_TGFbR2",0.00596716018615909,0,"TGFB1_ACVR1B_TGFBR2","TGFB1 - (ACVR1B+TGFBR2)","TGFb","Secreted Signaling","PMID: 27449815","Advanced"
"Mac-Cycling","Myeloid-CLEC10A-APC","TGFB1","ACVR1B_TGFbR2",0.0043116095960221,0,"TGFB1_ACVR1B_TGFBR2","TGFB1 - (ACVR1B+TGFBR2)","TGFb","Secreted Signaling","PMID: 27449815","Advanced"
"Mac-FOLR2-LYVE1-resident","Myeloid-CLEC10A-APC","TGFB1","ACVR1B_TGFbR2",0.00152892529673866,0,"TGFB1_ACVR1B_TGFBR2","TGFB1 - (ACVR1B+TGFBR2)","TGFb","Secreted Signaling","PMID: 27449815","Advanced"
"Mac-OLFML3-CX3CR1-resident","Myeloid-CLEC10A-APC","TGFB1","ACVR1B_TGFbR2",0.00382815370535754,0,"TGFB1_ACVR1B_TGFBR2","TGFB1 - (ACVR1B+TGFBR2)","TGFb","Secreted Signaling","PMID: 27449815","Advanced"
"Mono-FCN1-S100A8-S100A9","Myeloid-CLEC10A-APC","TGFB1","ACVR1B_TGFbR2",0.00142069256976239,0,"TGFB1_ACVR1B_TGFBR2","TGFB1 - (ACVR1B+TGFBR2)","TGFb","Secreted Signaling","PMID: 27449815","Advanced"
"Myeloid-CLEC10A-APC","Myeloid-CLEC10A-APC","TGFB1","ACVR1B_TGFbR2",0.00542790642362152,0,"TGFB1_ACVR1B_TGFBR2","TGFB1 - (ACVR1B+TGFBR2)","TGFb","Secreted Signaling","PMID: 27449815","Advanced"
"Myeloid-CLEC10A-APC","C6-SLC2A1-like","TGFB1","ACVR1_TGFbR",0.00878480311646108,0,"TGFB1_ACVR1_TGFBR1","TGFB1 - (ACVR1+TGFBR1)","TGFb","Secreted Signaling","PMID: 29376829","Advanced"
"C6-SLC2A1-like","Myeloid-CLEC10A-APC","VEGFA","FLT1",0.0067002019494184,0,"VEGFA_VEGFR1","VEGFA - VEGFR1","VEGF","Secreted Signaling","KEGG: hsa04370; PMID: 16633338","Advanced"
"C7-APOBEC3A-like","Myeloid-CLEC10A-APC","VEGFA","FLT1",0.00148290002623084,0,"VEGFA_VEGFR1","VEGFA - VEGFR1","VEGF","Secreted Signaling","KEGG: hsa04370; PMID: 16633338","Advanced"
"Mac-Cycling","Myeloid-CLEC10A-APC","VEGFA","FLT1",0.00114355363192561,0,"VEGFA_VEGFR1","VEGFA - VEGFR1","VEGF","Secreted Signaling","KEGG: hsa04370; PMID: 16633338","Advanced"
"Mac-NUPR1-IGF2-stress","Myeloid-CLEC10A-APC","VEGFA","FLT1",0.00251194996045603,0,"VEGFA_VEGFR1","VEGFA - VEGFR1","VEGF","Secreted Signaling","KEGG: hsa04370; PMID: 16633338","Advanced"
"Mac-OLFML3-CX3CR1-resident","Myeloid-CLEC10A-APC","VEGFA","FLT1",0.00139977365671092,0,"VEGFA_VEGFR1","VEGFA - VEGFR1","VEGF","Secreted Signaling","KEGG: hsa04370; PMID: 16633338","Advanced"
"Mac-TNF-CCL4-inflammatory","Myeloid-CLEC10A-APC","VEGFA","FLT1",0.00435661070457797,0,"VEGFA_VEGFR1","VEGFA - VEGFR1","VEGF","Secreted Signaling","KEGG: hsa04370; PMID: 16633338","Advanced"
"Mono-FCN1-S100A8-S100A9","Myeloid-CLEC10A-APC","VEGFA","FLT1",0.00191941653751329,0,"VEGFA_VEGFR1","VEGFA - VEGFR1","VEGF","Secreted Signaling","KEGG: hsa04370; PMID: 16633338","Advanced"
"Myeloid-CLEC10A-APC","Myeloid-CLEC10A-APC","VEGFA","FLT1",0.00736124632446076,0,"VEGFA_VEGFR1","VEGFA - VEGFR1","VEGF","Secreted Signaling","KEGG: hsa04370; PMID: 16633338","Advanced"
"C6-SLC2A1-like","Myeloid-CLEC10A-APC","VEGFB","FLT1",0.00322427176645639,0,"VEGFB_VEGFR1","VEGFB - VEGFR1","VEGF","Secreted Signaling","KEGG: hsa04370; PMID: 16633338","Advanced"
"C7-APOBEC3A-like","Myeloid-CLEC10A-APC","VEGFB","FLT1",0.00263105903589995,0,"VEGFB_VEGFR1","VEGFB - VEGFR1","VEGF","Secreted Signaling","KEGG: hsa04370; PMID: 16633338","Advanced"
"Mac-Cycling","Myeloid-CLEC10A-APC","VEGFB","FLT1",0.00207933174771343,0,"VEGFB_VEGFR1","VEGFB - VEGFR1","VEGF","Secreted Signaling","KEGG: hsa04370; PMID: 16633338","Advanced"
"Mac-FOLR2-LYVE1-resident","Myeloid-CLEC10A-APC","VEGFB","FLT1",0.00101667336059778,0,"VEGFB_VEGFR1","VEGFB - VEGFR1","VEGF","Secreted Signaling","KEGG: hsa04370; PMID: 16633338","Advanced"
"Mac-OLFML3-CX3CR1-resident","Myeloid-CLEC10A-APC","VEGFB","FLT1",0.00105710299838946,0,"VEGFB_VEGFR1","VEGFB - VEGFR1","VEGF","Secreted Signaling","KEGG: hsa04370; PMID: 16633338","Advanced"
"Myeloid-CLEC10A-APC","Myeloid-CLEC10A-APC","VEGFB","FLT1",0.00102253086279122,0,"VEGFB_VEGFR1","VEGFB - VEGFR1","VEGF","Secreted Signaling","KEGG: hsa04370; PMID: 16633338","Advanced"
"Myeloid-CLEC10A-APC","C6-SLC2A1-like","CCL5","CCR1",0.0066923778501884,0.01,"CCL5_CCR1","CCL5 - CCR1","CCL","Secreted Signaling","KEGG: hsa04060","Advanced"
"Myeloid-CLEC10A-APC","C7-APOBEC3A-like","CCL5","CCR1",0.00733896307367209,0.04,"CCL5_CCR1","CCL5 - CCR1","CCL","Secreted Signaling","KEGG: hsa04060","Advanced"
"Myeloid-CLEC10A-APC","Mac-Cycling","CCL5","CCR1",0.00354761915843073,0.02,"CCL5_CCR1","CCL5 - CCR1","CCL","Secreted Signaling","KEGG: hsa04060","Advanced"
"Myeloid-CLEC10A-APC","Mac-FOLR2-LYVE1-resident","CCL5","CCR1",0.00258472426632984,0,"CCL5_CCR1","CCL5 - CCR1","CCL","Secreted Signaling","KEGG: hsa04060","Advanced"
"Myeloid-CLEC10A-APC","Mac-OLFML3-CX3CR1-resident","CCL5","CCR1",0.00359891309424123,0.02,"CCL5_CCR1","CCL5 - CCR1","CCL","Secreted Signaling","KEGG: hsa04060","Advanced"
"Myeloid-CLEC10A-APC","Mono-FCN1-S100A8-S100A9","CCL5","CCR1",0.00311186948928334,0.02,"CCL5_CCR1","CCL5 - CCR1","CCL","Secreted Signaling","KEGG: hsa04060","Advanced"
"C6-SLC2A1-like","Myeloid-CLEC10A-APC","CCL5","CCR1",0.0258174207966029,0,"CCL5_CCR1","CCL5 - CCR1","CCL","Secreted Signaling","KEGG: hsa04060","Advanced"
"C7-APOBEC3A-like","Myeloid-CLEC10A-APC","CCL5","CCR1",0.0244184016244493,0,"CCL5_CCR1","CCL5 - CCR1","CCL","Secreted Signaling","KEGG: hsa04060","Advanced"
"Mac-Cycling","Myeloid-CLEC10A-APC","CCL5","CCR1",0.0095254086609541,0,"CCL5_CCR1","CCL5 - CCR1","CCL","Secreted Signaling","KEGG: hsa04060","Advanced"
"Mac-FOLR2-LYVE1-resident","Myeloid-CLEC10A-APC","CCL5","CCR1",0.0164990056461284,0,"CCL5_CCR1","CCL5 - CCR1","CCL","Secreted Signaling","KEGG: hsa04060","Advanced"
"Mac-OLFML3-CX3CR1-resident","Myeloid-CLEC10A-APC","CCL5","CCR1",0.011699553315566,0,"CCL5_CCR1","CCL5 - CCR1","CCL","Secreted Signaling","KEGG: hsa04060","Advanced"
"Mac-TNF-CCL4-inflammatory","Myeloid-CLEC10A-APC","CCL5","CCR1",0.010867349764106,0,"CCL5_CCR1","CCL5 - CCR1","CCL","Secreted Signaling","KEGG: hsa04060","Advanced"
"Myeloid-CLEC10A-APC","Myeloid-CLEC10A-APC","CCL5","CCR1",0.00503871914809239,0.02,"CCL5_CCR1","CCL5 - CCR1","CCL","Secreted Signaling","KEGG: hsa04060","Advanced"
"Myeloid-CLEC10A-APC","C6-SLC2A1-like","CCL3","CCR1",0.0881597201276836,0,"CCL3_CCR1","CCL3 - CCR1","CCL","Secreted Signaling","KEGG: hsa04060","Advanced"
"Myeloid-CLEC10A-APC","C7-APOBEC3A-like","CCL3","CCR1",0.0959172371720643,0,"CCL3_CCR1","CCL3 - CCR1","CCL","Secreted Signaling","KEGG: hsa04060","Advanced"
"Myeloid-CLEC10A-APC","Mac-Cycling","CCL3","CCR1",0.0486066083013665,0,"CCL3_CCR1","CCL3 - CCR1","CCL","Secreted Signaling","KEGG: hsa04060","Advanced"
"Myeloid-CLEC10A-APC","Mac-FOLR2-LYVE1-resident","CCL3","CCR1",0.0358538518936305,0,"CCL3_CCR1","CCL3 - CCR1","CCL","Secreted Signaling","KEGG: hsa04060","Advanced"
"Myeloid-CLEC10A-APC","Mac-OLFML3-CX3CR1-resident","CCL3","CCR1",0.0492771782343215,0,"CCL3_CCR1","CCL3 - CCR1","CCL","Secreted Signaling","KEGG: hsa04060","Advanced"
"Myeloid-CLEC10A-APC","Mono-FCN1-S100A8-S100A9","CCL3","CCR1",0.0428744539675308,0,"CCL3_CCR1","CCL3 - CCR1","CCL","Secreted Signaling","KEGG: hsa04060","Advanced"
"C6-SLC2A1-like","Myeloid-CLEC10A-APC","CCL3","CCR1",0.0659822723521489,0,"CCL3_CCR1","CCL3 - CCR1","CCL","Secreted Signaling","KEGG: hsa04060","Advanced"
"C7-APOBEC3A-like","Myeloid-CLEC10A-APC","CCL3","CCR1",0.0688406347241945,0,"CCL3_CCR1","CCL3 - CCR1","CCL","Secreted Signaling","KEGG: hsa04060","Advanced"
"Mac-Cycling","Myeloid-CLEC10A-APC","CCL3","CCR1",0.0561874060227993,0,"CCL3_CCR1","CCL3 - CCR1","CCL","Secreted Signaling","KEGG: hsa04060","Advanced"
"Mac-FOLR2-LYVE1-resident","Myeloid-CLEC10A-APC","CCL3","CCR1",0.0571454561999187,0,"CCL3_CCR1","CCL3 - CCR1","CCL","Secreted Signaling","KEGG: hsa04060","Advanced"
"Mac-NUPR1-IGF2-stress","Myeloid-CLEC10A-APC","CCL3","CCR1",0.0346119158381349,0,"CCL3_CCR1","CCL3 - CCR1","CCL","Secreted Signaling","KEGG: hsa04060","Advanced"
"Mac-OLFML3-CX3CR1-resident","Myeloid-CLEC10A-APC","CCL3","CCR1",0.0776369166388691,0,"CCL3_CCR1","CCL3 - CCR1","CCL","Secreted Signaling","KEGG: hsa04060","Advanced"
"Mac-TNF-CCL4-inflammatory","Myeloid-CLEC10A-APC","CCL3","CCR1",0.0838534045671988,0,"CCL3_CCR1","CCL3 - CCR1","CCL","Secreted Signaling","KEGG: hsa04060","Advanced"
"Mono-FCN1-S100A8-S100A9","Myeloid-CLEC10A-APC","CCL3","CCR1",0.0511797263462544,0,"CCL3_CCR1","CCL3 - CCR1","CCL","Secreted Signaling","KEGG: hsa04060","Advanced"
"Myeloid-CLEC10A-APC","Myeloid-CLEC10A-APC","CCL3","CCR1",0.0677488087600653,0,"CCL3_CCR1","CCL3 - CCR1","CCL","Secreted Signaling","KEGG: hsa04060","Advanced"
"Myeloid-CLEC10A-APC","C6-SLC2A1-like","CCL3L3","CCR1",0.0631303122405781,0,"CCL3L3_CCR1","CCL3L3 - CCR1","CCL","Secreted Signaling","KEGG: hsa04060","Advanced"
"Myeloid-CLEC10A-APC","C7-APOBEC3A-like","CCL3L3","CCR1",0.0688516968068807,0,"CCL3L3_CCR1","CCL3L3 - CCR1","CCL","Secreted Signaling","KEGG: hsa04060","Advanced"
"Myeloid-CLEC10A-APC","Mac-Cycling","CCL3L3","CCR1",0.0343832784835691,0,"CCL3L3_CCR1","CCL3L3 - CCR1","CCL","Secreted Signaling","KEGG: hsa04060","Advanced"
"Myeloid-CLEC10A-APC","Mac-FOLR2-LYVE1-resident","CCL3L3","CCR1",0.0252631587115134,0,"CCL3L3_CCR1","CCL3L3 - CCR1","CCL","Secreted Signaling","KEGG: hsa04060","Advanced"
"Myeloid-CLEC10A-APC","Mac-OLFML3-CX3CR1-resident","CCL3L3","CCR1",0.0348648161597821,0,"CCL3L3_CCR1","CCL3L3 - CCR1","CCL","Secreted Signaling","KEGG: hsa04060","Advanced"
"Myeloid-CLEC10A-APC","Mono-FCN1-S100A8-S100A9","CCL3L3","CCR1",0.0302750983109708,0,"CCL3L3_CCR1","CCL3L3 - CCR1","CCL","Secreted Signaling","KEGG: hsa04060","Advanced"
"C6-SLC2A1-like","Myeloid-CLEC10A-APC","CCL3L3","CCR1",0.027386569913927,0,"CCL3L3_CCR1","CCL3L3 - CCR1","CCL","Secreted Signaling","KEGG: hsa04060","Advanced"
"C7-APOBEC3A-like","Myeloid-CLEC10A-APC","CCL3L3","CCR1",0.0463327380820551,0,"CCL3L3_CCR1","CCL3L3 - CCR1","CCL","Secreted Signaling","KEGG: hsa04060","Advanced"
"Mac-Cycling","Myeloid-CLEC10A-APC","CCL3L3","CCR1",0.0425610003116117,0,"CCL3L3_CCR1","CCL3L3 - CCR1","CCL","Secreted Signaling","KEGG: hsa04060","Advanced"
"Mac-FOLR2-LYVE1-resident","Myeloid-CLEC10A-APC","CCL3L3","CCR1",0.0274433385221764,0,"CCL3L3_CCR1","CCL3L3 - CCR1","CCL","Secreted Signaling","KEGG: hsa04060","Advanced"
"Mac-NUPR1-IGF2-stress","Myeloid-CLEC10A-APC","CCL3L3","CCR1",0.0114775317674149,0,"CCL3L3_CCR1","CCL3L3 - CCR1","CCL","Secreted Signaling","KEGG: hsa04060","Advanced"
"Mac-OLFML3-CX3CR1-resident","Myeloid-CLEC10A-APC","CCL3L3","CCR1",0.0619173727271999,0,"CCL3L3_CCR1","CCL3L3 - CCR1","CCL","Secreted Signaling","KEGG: hsa04060","Advanced"
"Mac-TNF-CCL4-inflammatory","Myeloid-CLEC10A-APC","CCL3L3","CCR1",0.0721405134169386,0,"CCL3L3_CCR1","CCL3L3 - CCR1","CCL","Secreted Signaling","KEGG: hsa04060","Advanced"
"Mono-FCN1-S100A8-S100A9","Myeloid-CLEC10A-APC","CCL3L3","CCR1",0.0344112043680063,0,"CCL3L3_CCR1","CCL3L3 - CCR1","CCL","Secreted Signaling","KEGG: hsa04060","Advanced"
"Myeloid-CLEC10A-APC","Myeloid-CLEC10A-APC","CCL3L3","CCR1",0.0482078913880671,0,"CCL3L3_CCR1","CCL3L3 - CCR1","CCL","Secreted Signaling","KEGG: hsa04060","Advanced"
"C7-APOBEC3A-like","Myeloid-CLEC10A-APC","CCL8","CCR1",0.00902549428006025,0,"CCL8_CCR1","CCL8 - CCR1","CCL","Secreted Signaling","KEGG: hsa04060","Advanced"
"C7-APOBEC3A-like","Myeloid-CLEC10A-APC","CCL8","CCR2",0.0017082882054867,0,"CCL8_CCR2","CCL8 - CCR2","CCL","Secreted Signaling","KEGG: hsa04060","Advanced"
"Myeloid-CLEC10A-APC","Mono-FCN1-S100A8-S100A9","CCL2","CCR2",0.00826141021394712,0,"CCL2_CCR2","CCL2 - CCR2","CCL","Secreted Signaling","KEGG: hsa04060","Advanced"
"C6-SLC2A1-like","Myeloid-CLEC10A-APC","CCL2","CCR2",0.00257442052156029,0,"CCL2_CCR2","CCL2 - CCR2","CCL","Secreted Signaling","KEGG: hsa04060","Advanced"
"C7-APOBEC3A-like","Myeloid-CLEC10A-APC","CCL2","CCR2",0.0039363837774033,0,"CCL2_CCR2","CCL2 - CCR2","CCL","Secreted Signaling","KEGG: hsa04060","Advanced"
"Mac-Cycling","Myeloid-CLEC10A-APC","CCL2","CCR2",0.00692266136484685,0,"CCL2_CCR2","CCL2 - CCR2","CCL","Secreted Signaling","KEGG: hsa04060","Advanced"
"Mac-FOLR2-LYVE1-resident","Myeloid-CLEC10A-APC","CCL2","CCR2",0.00163949100698946,0,"CCL2_CCR2","CCL2 - CCR2","CCL","Secreted Signaling","KEGG: hsa04060","Advanced"
"Mac-NUPR1-IGF2-stress","Myeloid-CLEC10A-APC","CCL2","CCR2",0.000317898653707346,0,"CCL2_CCR2","CCL2 - CCR2","CCL","Secreted Signaling","KEGG: hsa04060","Advanced"
"Mac-OLFML3-CX3CR1-resident","Myeloid-CLEC10A-APC","CCL2","CCR2",0.00334968033532918,0,"CCL2_CCR2","CCL2 - CCR2","CCL","Secreted Signaling","KEGG: hsa04060","Advanced"
"Mac-TNF-CCL4-inflammatory","Myeloid-CLEC10A-APC","CCL2","CCR2",0.00174024845331857,0,"CCL2_CCR2","CCL2 - CCR2","CCL","Secreted Signaling","KEGG: hsa04060","Advanced"
"Myeloid-CLEC10A-APC","Myeloid-CLEC10A-APC","CCL2","CCR2",0.00389941470853127,0,"CCL2_CCR2","CCL2 - CCR2","CCL","Secreted Signaling","KEGG: hsa04060","Advanced"
"C6-SLC2A1-like","Myeloid-CLEC10A-APC","CCL4","CCR5",0.00546944267999058,0,"CCL4_CCR5","CCL4 - CCR5","CCL","Secreted Signaling","KEGG: hsa04060","Advanced"
"C7-APOBEC3A-like","Myeloid-CLEC10A-APC","CCL4","CCR5",0.00786127990996482,0,"CCL4_CCR5","CCL4 - CCR5","CCL","Secreted Signaling","KEGG: hsa04060","Advanced"
"Mac-Cycling","Myeloid-CLEC10A-APC","CCL4","CCR5",0.00542358103893306,0,"CCL4_CCR5","CCL4 - CCR5","CCL","Secreted Signaling","KEGG: hsa04060","Advanced"
"Mac-FOLR2-LYVE1-resident","Myeloid-CLEC10A-APC","CCL4","CCR5",0.0045993209097736,0,"CCL4_CCR5","CCL4 - CCR5","CCL","Secreted Signaling","KEGG: hsa04060","Advanced"
"Mac-NUPR1-IGF2-stress","Myeloid-CLEC10A-APC","CCL4","CCR5",0.0040880777184358,0,"CCL4_CCR5","CCL4 - CCR5","CCL","Secreted Signaling","KEGG: hsa04060","Advanced"
"Mac-OLFML3-CX3CR1-resident","Myeloid-CLEC10A-APC","CCL4","CCR5",0.00869879101170685,0,"CCL4_CCR5","CCL4 - CCR5","CCL","Secreted Signaling","KEGG: hsa04060","Advanced"
"Mac-TNF-CCL4-inflammatory","Myeloid-CLEC10A-APC","CCL4","CCR5",0.00957224861708712,0,"CCL4_CCR5","CCL4 - CCR5","CCL","Secreted Signaling","KEGG: hsa04060","Advanced"
"Mono-FCN1-S100A8-S100A9","Myeloid-CLEC10A-APC","CCL4","CCR5",0.00398166281359234,0,"CCL4_CCR5","CCL4 - CCR5","CCL","Secreted Signaling","KEGG: hsa04060","Advanced"
"Myeloid-CLEC10A-APC","Myeloid-CLEC10A-APC","CCL4","CCR5",0.00874056361061015,0,"CCL4_CCR5","CCL4 - CCR5","CCL","Secreted Signaling","KEGG: hsa04060","Advanced"
"C6-SLC2A1-like","Myeloid-CLEC10A-APC","CCL5","CCR5",0.00326306443169855,0,"CCL5_CCR5","CCL5 - CCR5","CCL","Secreted Signaling","KEGG: hsa04060","Advanced"
"C7-APOBEC3A-like","Myeloid-CLEC10A-APC","CCL5","CCR5",0.00308237525618988,0,"CCL5_CCR5","CCL5 - CCR5","CCL","Secreted Signaling","KEGG: hsa04060","Advanced"
"Mac-Cycling","Myeloid-CLEC10A-APC","CCL5","CCR5",0.00118658061633186,0.01,"CCL5_CCR5","CCL5 - CCR5","CCL","Secreted Signaling","KEGG: hsa04060","Advanced"
"Mac-FOLR2-LYVE1-resident","Myeloid-CLEC10A-APC","CCL5","CCR5",0.00206802844277296,0,"CCL5_CCR5","CCL5 - CCR5","CCL","Secreted Signaling","KEGG: hsa04060","Advanced"
"Mac-OLFML3-CX3CR1-resident","Myeloid-CLEC10A-APC","CCL5","CCR5",0.00146021990205305,0,"CCL5_CCR5","CCL5 - CCR5","CCL","Secreted Signaling","KEGG: hsa04060","Advanced"
"Mac-TNF-CCL4-inflammatory","Myeloid-CLEC10A-APC","CCL5","CCR5",0.00135535383322699,0,"CCL5_CCR5","CCL5 - CCR5","CCL","Secreted Signaling","KEGG: hsa04060","Advanced"
"Myeloid-CLEC10A-APC","Myeloid-CLEC10A-APC","CCL5","CCR5",0.000625194244568661,0.01,"CCL5_CCR5","CCL5 - CCR5","CCL","Secreted Signaling","KEGG: hsa04060","Advanced"
"C6-SLC2A1-like","Myeloid-CLEC10A-APC","CCL3","CCR5",0.00865109898850485,0,"CCL3_CCR5","CCL3 - CCR5","CCL","Secreted Signaling","KEGG: hsa04060","Advanced"
"C7-APOBEC3A-like","Myeloid-CLEC10A-APC","CCL3","CCR5",0.00904993012534961,0,"CCL3_CCR5","CCL3 - CCR5","CCL","Secreted Signaling","KEGG: hsa04060","Advanced"
"Mac-Cycling","Myeloid-CLEC10A-APC","CCL3","CCR5",0.00730035007326137,0,"CCL3_CCR5","CCL3 - CCR5","CCL","Secreted Signaling","KEGG: hsa04060","Advanced"
"Mac-FOLR2-LYVE1-resident","Myeloid-CLEC10A-APC","CCL3","CCR5",0.00743139155542573,0,"CCL3_CCR5","CCL3 - CCR5","CCL","Secreted Signaling","KEGG: hsa04060","Advanced"
"Mac-NUPR1-IGF2-stress","Myeloid-CLEC10A-APC","CCL3","CCR5",0.00440937571823935,0,"CCL3_CCR5","CCL3 - CCR5","CCL","Secreted Signaling","KEGG: hsa04060","Advanced"
"Mac-OLFML3-CX3CR1-resident","Myeloid-CLEC10A-APC","CCL3","CCR5",0.0102907399429424,0,"CCL3_CCR5","CCL3 - CCR5","CCL","Secreted Signaling","KEGG: hsa04060","Advanced"
"Mac-TNF-CCL4-inflammatory","Myeloid-CLEC10A-APC","CCL3","CCR5",0.0111800959579779,0,"CCL3_CCR5","CCL3 - CCR5","CCL","Secreted Signaling","KEGG: hsa04060","Advanced"
"Mono-FCN1-S100A8-S100A9","Myeloid-CLEC10A-APC","CCL3","CCR5",0.00661915253294216,0,"CCL3_CCR5","CCL3 - CCR5","CCL","Secreted Signaling","KEGG: hsa04060","Advanced"
"Myeloid-CLEC10A-APC","Myeloid-CLEC10A-APC","CCL3","CCR5",0.00889733541659586,0,"CCL3_CCR5","CCL3 - CCR5","CCL","Secreted Signaling","KEGG: hsa04060","Advanced"
"Myeloid-CLEC10A-APC","C6-SLC2A1-like","MIF","CD74_CXCR4",0.123090440393094,0,"MIF_CD74_CXCR4","MIF - (CD74+CXCR4)","MIF","Secreted Signaling","PMID: 29637711; PMID: 24760155","Advanced"
"Myeloid-CLEC10A-APC","C7-APOBEC3A-like","MIF","CD74_CXCR4",0.119540727031809,0,"MIF_CD74_CXCR4","MIF - (CD74+CXCR4)","MIF","Secreted Signaling","PMID: 29637711; PMID: 24760155","Advanced"
"Myeloid-CLEC10A-APC","Mac-Cycling","MIF","CD74_CXCR4",0.081841003479069,0,"MIF_CD74_CXCR4","MIF - (CD74+CXCR4)","MIF","Secreted Signaling","PMID: 29637711; PMID: 24760155","Advanced"
"Myeloid-CLEC10A-APC","Mac-FOLR2-LYVE1-resident","MIF","CD74_CXCR4",0.124598545885158,0,"MIF_CD74_CXCR4","MIF - (CD74+CXCR4)","MIF","Secreted Signaling","PMID: 29637711; PMID: 24760155","Advanced"
"Myeloid-CLEC10A-APC","Mac-NUPR1-IGF2-stress","MIF","CD74_CXCR4",0.0712232903931444,0,"MIF_CD74_CXCR4","MIF - (CD74+CXCR4)","MIF","Secreted Signaling","PMID: 29637711; PMID: 24760155","Advanced"
"Myeloid-CLEC10A-APC","Mac-OLFML3-CX3CR1-resident","MIF","CD74_CXCR4",0.142196782623232,0,"MIF_CD74_CXCR4","MIF - (CD74+CXCR4)","MIF","Secreted Signaling","PMID: 29637711; PMID: 24760155","Advanced"
"Myeloid-CLEC10A-APC","Mac-TNF-CCL4-inflammatory","MIF","CD74_CXCR4",0.123247517019256,0,"MIF_CD74_CXCR4","MIF - (CD74+CXCR4)","MIF","Secreted Signaling","PMID: 29637711; PMID: 24760155","Advanced"
"Myeloid-CLEC10A-APC","Mono-FCN1-S100A8-S100A9","MIF","CD74_CXCR4",0.0574227551039007,0.02,"MIF_CD74_CXCR4","MIF - (CD74+CXCR4)","MIF","Secreted Signaling","PMID: 29637711; PMID: 24760155","Advanced"
"C6-SLC2A1-like","Myeloid-CLEC10A-APC","MIF","CD74_CXCR4",0.0758352987894408,0,"MIF_CD74_CXCR4","MIF - (CD74+CXCR4)","MIF","Secreted Signaling","PMID: 29637711; PMID: 24760155","Advanced"
"Mac-Cycling","Myeloid-CLEC10A-APC","MIF","CD74_CXCR4",0.0842666654357214,0,"MIF_CD74_CXCR4","MIF - (CD74+CXCR4)","MIF","Secreted Signaling","PMID: 29637711; PMID: 24760155","Advanced"
"Myeloid-CLEC10A-APC","Myeloid-CLEC10A-APC","MIF","CD74_CXCR4",0.100274297070351,0,"MIF_CD74_CXCR4","MIF - (CD74+CXCR4)","MIF","Secreted Signaling","PMID: 29637711; PMID: 24760155","Advanced"
"Myeloid-CLEC10A-APC","C6-SLC2A1-like","MIF","CD74_CD44",0.136493292514187,0,"MIF_CD74_CD44","MIF - (CD74+CD44)","MIF","Secreted Signaling","PMID: 29637711; PMID: 26175090","Advanced"
"Myeloid-CLEC10A-APC","C7-APOBEC3A-like","MIF","CD74_CD44",0.143732070253601,0,"MIF_CD74_CD44","MIF - (CD74+CD44)","MIF","Secreted Signaling","PMID: 29637711; PMID: 26175090","Advanced"
"Myeloid-CLEC10A-APC","Mac-Cycling","MIF","CD74_CD44",0.121649904544413,0,"MIF_CD74_CD44","MIF - (CD74+CD44)","MIF","Secreted Signaling","PMID: 29637711; PMID: 26175090","Advanced"
"Myeloid-CLEC10A-APC","Mac-FOLR2-LYVE1-resident","MIF","CD74_CD44",0.10335910062263,0,"MIF_CD74_CD44","MIF - (CD74+CD44)","MIF","Secreted Signaling","PMID: 29637711; PMID: 26175090","Advanced"
"Myeloid-CLEC10A-APC","Mac-NUPR1-IGF2-stress","MIF","CD74_CD44",0.0650776750714451,0,"MIF_CD74_CD44","MIF - (CD74+CD44)","MIF","Secreted Signaling","PMID: 29637711; PMID: 26175090","Advanced"
"Myeloid-CLEC10A-APC","Mac-OLFML3-CX3CR1-resident","MIF","CD74_CD44",0.127107382426573,0,"MIF_CD74_CD44","MIF - (CD74+CD44)","MIF","Secreted Signaling","PMID: 29637711; PMID: 26175090","Advanced"
"Myeloid-CLEC10A-APC","Mac-TNF-CCL4-inflammatory","MIF","CD74_CD44",0.116212013506266,0,"MIF_CD74_CD44","MIF - (CD74+CD44)","MIF","Secreted Signaling","PMID: 29637711; PMID: 26175090","Advanced"
"Myeloid-CLEC10A-APC","Mono-FCN1-S100A8-S100A9","MIF","CD74_CD44",0.130001138544799,0,"MIF_CD74_CD44","MIF - (CD74+CD44)","MIF","Secreted Signaling","PMID: 29637711; PMID: 26175090","Advanced"
"C6-SLC2A1-like","Myeloid-CLEC10A-APC","MIF","CD74_CD44",0.106077659166245,0,"MIF_CD74_CD44","MIF - (CD74+CD44)","MIF","Secreted Signaling","PMID: 29637711; PMID: 26175090","Advanced"
"Mac-Cycling","Myeloid-CLEC10A-APC","MIF","CD74_CD44",0.117444079432769,0,"MIF_CD74_CD44","MIF - (CD74+CD44)","MIF","Secreted Signaling","PMID: 29637711; PMID: 26175090","Advanced"
"Mac-OLFML3-CX3CR1-resident","Myeloid-CLEC10A-APC","MIF","CD74_CD44",0.0637418415189276,0.01,"MIF_CD74_CD44","MIF - (CD74+CD44)","MIF","Secreted Signaling","PMID: 29637711; PMID: 26175090","Advanced"
"Myeloid-CLEC10A-APC","Myeloid-CLEC10A-APC","MIF","CD74_CD44",0.138798944298003,0,"MIF_CD74_CD44","MIF - (CD74+CD44)","MIF","Secreted Signaling","PMID: 29637711; PMID: 26175090","Advanced"
"Myeloid-CLEC10A-APC","C6-SLC2A1-like","IL10","IL10RA_IL10RB",0.00297312936781009,0,"IL10_IL10RA_IL10RB","IL10 - (IL10RA+IL10RB)","IL10","Secreted Signaling","KEGG: hsa04060","Advanced"
"Myeloid-CLEC10A-APC","C7-APOBEC3A-like","IL10","IL10RA_IL10RB",0.00334745621119512,0,"IL10_IL10RA_IL10RB","IL10 - (IL10RA+IL10RB)","IL10","Secreted Signaling","KEGG: hsa04060","Advanced"
"Myeloid-CLEC10A-APC","Mac-Cycling","IL10","IL10RA_IL10RB",0.0031362181766132,0,"IL10_IL10RA_IL10RB","IL10 - (IL10RA+IL10RB)","IL10","Secreted Signaling","KEGG: hsa04060","Advanced"
"Myeloid-CLEC10A-APC","Mac-FOLR2-LYVE1-resident","IL10","IL10RA_IL10RB",0.0028675447494199,0,"IL10_IL10RA_IL10RB","IL10 - (IL10RA+IL10RB)","IL10","Secreted Signaling","KEGG: hsa04060","Advanced"
"Myeloid-CLEC10A-APC","Mac-OLFML3-CX3CR1-resident","IL10","IL10RA_IL10RB",0.00360816169351409,0,"IL10_IL10RA_IL10RB","IL10 - (IL10RA+IL10RB)","IL10","Secreted Signaling","KEGG: hsa04060","Advanced"
"Myeloid-CLEC10A-APC","Mono-FCN1-S100A8-S100A9","IL10","IL10RA_IL10RB",0.0026947700605933,0,"IL10_IL10RA_IL10RB","IL10 - (IL10RA+IL10RB)","IL10","Secreted Signaling","KEGG: hsa04060","Advanced"
"C7-APOBEC3A-like","Myeloid-CLEC10A-APC","IL10","IL10RA_IL10RB",0.0029552150831333,0,"IL10_IL10RA_IL10RB","IL10 - (IL10RA+IL10RB)","IL10","Secreted Signaling","KEGG: hsa04060","Advanced"
"Myeloid-CLEC10A-APC","Myeloid-CLEC10A-APC","IL10","IL10RA_IL10RB",0.00338083557588462,0,"IL10_IL10RA_IL10RB","IL10 - (IL10RA+IL10RB)","IL10","Secreted Signaling","KEGG: hsa04060","Advanced"
"Myeloid-CLEC10A-APC","C6-SLC2A1-like","IL16","CD4",0.00704530718827585,0,"IL16_CD4","IL16 - CD4","IL16","Secreted Signaling","KEGG: hsa04060","Advanced"
"Myeloid-CLEC10A-APC","C7-APOBEC3A-like","IL16","CD4",0.0098741486643963,0,"IL16_CD4","IL16 - CD4","IL16","Secreted Signaling","KEGG: hsa04060","Advanced"
"Myeloid-CLEC10A-APC","Mac-Cycling","IL16","CD4",0.00393388390929611,0,"IL16_CD4","IL16 - CD4","IL16","Secreted Signaling","KEGG: hsa04060","Advanced"
"Myeloid-CLEC10A-APC","Mac-FOLR2-LYVE1-resident","IL16","CD4",0.00568161186940416,0,"IL16_CD4","IL16 - CD4","IL16","Secreted Signaling","KEGG: hsa04060","Advanced"
"Myeloid-CLEC10A-APC","Mac-OLFML3-CX3CR1-resident","IL16","CD4",0.0053772268117915,0,"IL16_CD4","IL16 - CD4","IL16","Secreted Signaling","KEGG: hsa04060","Advanced"
"Myeloid-CLEC10A-APC","Mac-TNF-CCL4-inflammatory","IL16","CD4",0.00202209659896894,0.04,"IL16_CD4","IL16 - CD4","IL16","Secreted Signaling","KEGG: hsa04060","Advanced"
"Mac-OLFML3-CX3CR1-resident","Myeloid-CLEC10A-APC","IL16","CD4",0.00434649604803259,0,"IL16_CD4","IL16 - CD4","IL16","Secreted Signaling","KEGG: hsa04060","Advanced"
"Myeloid-CLEC10A-APC","Myeloid-CLEC10A-APC","IL16","CD4",0.00364331719453202,0,"IL16_CD4","IL16 - CD4","IL16","Secreted Signaling","KEGG: hsa04060","Advanced"
"Myeloid-CLEC10A-APC","C6-SLC2A1-like","TNF","TNFRSF1A",0.00496495399100385,0,"TNF_TNFRSF1A","TNF - TNFRSF1A","TNF","Secreted Signaling","KEGG: hsa04060","Advanced"
"Myeloid-CLEC10A-APC","C7-APOBEC3A-like","TNF","TNFRSF1A",0.0236399891519306,0,"TNF_TNFRSF1A","TNF - TNFRSF1A","TNF","Secreted Signaling","KEGG: hsa04060","Advanced"
"Myeloid-CLEC10A-APC","Mac-Cycling","TNF","TNFRSF1A",0.0160240748245161,0,"TNF_TNFRSF1A","TNF - TNFRSF1A","TNF","Secreted Signaling","KEGG: hsa04060","Advanced"
"Myeloid-CLEC10A-APC","Mac-FOLR2-LYVE1-resident","TNF","TNFRSF1A",0.00722532738573523,0,"TNF_TNFRSF1A","TNF - TNFRSF1A","TNF","Secreted Signaling","KEGG: hsa04060","Advanced"
"Myeloid-CLEC10A-APC","Mac-OLFML3-CX3CR1-resident","TNF","TNFRSF1A",0.0119385030301066,0,"TNF_TNFRSF1A","TNF - TNFRSF1A","TNF","Secreted Signaling","KEGG: hsa04060","Advanced"
"Myeloid-CLEC10A-APC","Mono-FCN1-S100A8-S100A9","TNF","TNFRSF1A",0.0187851693120976,0,"TNF_TNFRSF1A","TNF - TNFRSF1A","TNF","Secreted Signaling","KEGG: hsa04060","Advanced"
"C6-SLC2A1-like","Myeloid-CLEC10A-APC","TNF","TNFRSF1A",0.0100042433014745,0,"TNF_TNFRSF1A","TNF - TNFRSF1A","TNF","Secreted Signaling","KEGG: hsa04060","Advanced"
"C7-APOBEC3A-like","Myeloid-CLEC10A-APC","TNF","TNFRSF1A",0.01799060932473,0,"TNF_TNFRSF1A","TNF - TNFRSF1A","TNF","Secreted Signaling","KEGG: hsa04060","Advanced"
"Mac-Cycling","Myeloid-CLEC10A-APC","TNF","TNFRSF1A",0.0192209192470729,0,"TNF_TNFRSF1A","TNF - TNFRSF1A","TNF","Secreted Signaling","KEGG: hsa04060","Advanced"
"Mac-FOLR2-LYVE1-resident","Myeloid-CLEC10A-APC","TNF","TNFRSF1A",0.00783509846526611,0,"TNF_TNFRSF1A","TNF - TNFRSF1A","TNF","Secreted Signaling","KEGG: hsa04060","Advanced"
"Mac-NUPR1-IGF2-stress","Myeloid-CLEC10A-APC","TNF","TNFRSF1A",0.00877113318198016,0,"TNF_TNFRSF1A","TNF - TNFRSF1A","TNF","Secreted Signaling","KEGG: hsa04060","Advanced"
"Mac-OLFML3-CX3CR1-resident","Myeloid-CLEC10A-APC","TNF","TNFRSF1A",0.0157168336653468,0,"TNF_TNFRSF1A","TNF - TNFRSF1A","TNF","Secreted Signaling","KEGG: hsa04060","Advanced"
"Mac-TNF-CCL4-inflammatory","Myeloid-CLEC10A-APC","TNF","TNFRSF1A",0.053690179738901,0,"TNF_TNFRSF1A","TNF - TNFRSF1A","TNF","Secreted Signaling","KEGG: hsa04060","Advanced"
"Mono-FCN1-S100A8-S100A9","Myeloid-CLEC10A-APC","TNF","TNFRSF1A",0.0120867279746708,0,"TNF_TNFRSF1A","TNF - TNFRSF1A","TNF","Secreted Signaling","KEGG: hsa04060","Advanced"
"Myeloid-CLEC10A-APC","Myeloid-CLEC10A-APC","TNF","TNFRSF1A",0.0140783022161518,0,"TNF_TNFRSF1A","TNF - TNFRSF1A","TNF","Secreted Signaling","KEGG: hsa04060","Advanced"
"Myeloid-CLEC10A-APC","C6-SLC2A1-like","TNF","TNFRSF1B",0.0161806235877218,0,"TNF_TNFRSF1B","TNF - TNFRSF1B","TNF","Secreted Signaling","KEGG: hsa04060","Advanced"
"Myeloid-CLEC10A-APC","C7-APOBEC3A-like","TNF","TNFRSF1B",0.0148027802327556,0,"TNF_TNFRSF1B","TNF - TNFRSF1B","TNF","Secreted Signaling","KEGG: hsa04060","Advanced"
"Myeloid-CLEC10A-APC","Mac-Cycling","TNF","TNFRSF1B",0.0100706752808997,0,"TNF_TNFRSF1B","TNF - TNFRSF1B","TNF","Secreted Signaling","KEGG: hsa04060","Advanced"
"Myeloid-CLEC10A-APC","Mac-FOLR2-LYVE1-resident","TNF","TNFRSF1B",0.00509360335849682,0,"TNF_TNFRSF1B","TNF - TNFRSF1B","TNF","Secreted Signaling","KEGG: hsa04060","Advanced"
"Myeloid-CLEC10A-APC","Mac-OLFML3-CX3CR1-resident","TNF","TNFRSF1B",0.0155977600987892,0,"TNF_TNFRSF1B","TNF - TNFRSF1B","TNF","Secreted Signaling","KEGG: hsa04060","Advanced"
"Myeloid-CLEC10A-APC","Mono-FCN1-S100A8-S100A9","TNF","TNFRSF1B",0.0277505675806617,0,"TNF_TNFRSF1B","TNF - TNFRSF1B","TNF","Secreted Signaling","KEGG: hsa04060","Advanced"
"C6-SLC2A1-like","Myeloid-CLEC10A-APC","TNF","TNFRSF1B",0.0138724015064663,0,"TNF_TNFRSF1B","TNF - TNFRSF1B","TNF","Secreted Signaling","KEGG: hsa04060","Advanced"
"C7-APOBEC3A-like","Myeloid-CLEC10A-APC","TNF","TNFRSF1B",0.0248691394439353,0,"TNF_TNFRSF1B","TNF - TNFRSF1B","TNF","Secreted Signaling","KEGG: hsa04060","Advanced"
"Mac-Cycling","Myeloid-CLEC10A-APC","TNF","TNFRSF1B",0.0265571248518228,0,"TNF_TNFRSF1B","TNF - TNFRSF1B","TNF","Secreted Signaling","KEGG: hsa04060","Advanced"
"Mac-FOLR2-LYVE1-resident","Myeloid-CLEC10A-APC","TNF","TNFRSF1B",0.0108737650437073,0,"TNF_TNFRSF1B","TNF - TNFRSF1B","TNF","Secreted Signaling","KEGG: hsa04060","Advanced"
"Mac-NUPR1-IGF2-stress","Myeloid-CLEC10A-APC","TNF","TNFRSF1B",0.0121683675114706,0,"TNF_TNFRSF1B","TNF - TNFRSF1B","TNF","Secreted Signaling","KEGG: hsa04060","Advanced"
"Mac-OLFML3-CX3CR1-resident","Myeloid-CLEC10A-APC","TNF","TNFRSF1B",0.0217452590206499,0,"TNF_TNFRSF1B","TNF - TNFRSF1B","TNF","Secreted Signaling","KEGG: hsa04060","Advanced"
"Mac-TNF-CCL4-inflammatory","Myeloid-CLEC10A-APC","TNF","TNFRSF1B",0.073200637265473,0,"TNF_TNFRSF1B","TNF - TNFRSF1B","TNF","Secreted Signaling","KEGG: hsa04060","Advanced"
"Mono-FCN1-S100A8-S100A9","Myeloid-CLEC10A-APC","TNF","TNFRSF1B",0.0167464620756838,0,"TNF_TNFRSF1B","TNF - TNFRSF1B","TNF","Secreted Signaling","KEGG: hsa04060","Advanced"
"Myeloid-CLEC10A-APC","Myeloid-CLEC10A-APC","TNF","TNFRSF1B",0.0194906896272981,0,"TNF_TNFRSF1B","TNF - TNFRSF1B","TNF","Secreted Signaling","KEGG: hsa04060","Advanced"
"Myeloid-CLEC10A-APC","Mac-Cycling","TNFSF12","TNFRSF12A",0.000567213822342987,0,"TNFSF12_TNFRSF12A","TNFSF12 - TNFRSF12A","TWEAK","Secreted Signaling","KEGG: hsa04060","Advanced"
"Myeloid-CLEC10A-APC","Mac-OLFML3-CX3CR1-resident","TNFSF12","TNFRSF12A",0.00113216697695881,0.01,"TNFSF12_TNFRSF12A","TNFSF12 - TNFRSF12A","TWEAK","Secreted Signaling","KEGG: hsa04060","Advanced"
"C6-SLC2A1-like","Myeloid-CLEC10A-APC","TNFSF12","TNFRSF12A",0.000736728900394634,0.01,"TNFSF12_TNFRSF12A","TNFSF12 - TNFRSF12A","TWEAK","Secreted Signaling","KEGG: hsa04060","Advanced"
"C7-APOBEC3A-like","Myeloid-CLEC10A-APC","TNFSF12","TNFRSF12A",0.00264236398281678,0,"TNFSF12_TNFRSF12A","TNFSF12 - TNFRSF12A","TWEAK","Secreted Signaling","KEGG: hsa04060","Advanced"
"Mac-Cycling","Myeloid-CLEC10A-APC","TNFSF12","TNFRSF12A",0.00188037409406463,0,"TNFSF12_TNFRSF12A","TNFSF12 - TNFRSF12A","TWEAK","Secreted Signaling","KEGG: hsa04060","Advanced"
"Mac-OLFML3-CX3CR1-resident","Myeloid-CLEC10A-APC","TNFSF12","TNFRSF12A",0.00230656708537729,0,"TNFSF12_TNFRSF12A","TNFSF12 - TNFRSF12A","TWEAK","Secreted Signaling","KEGG: hsa04060","Advanced"
"Myeloid-CLEC10A-APC","Myeloid-CLEC10A-APC","TNFSF12","TNFRSF12A",0.000772252338290989,0.02,"TNFSF12_TNFRSF12A","TNFSF12 - TNFRSF12A","TWEAK","Secreted Signaling","KEGG: hsa04060","Advanced"
"Myeloid-CLEC10A-APC","C6-SLC2A1-like","SPP1","CD44",0.196168548620702,0,"SPP1_CD44","SPP1 - CD44","SPP1","Secreted Signaling","PMID: 21907263","Advanced"
"Myeloid-CLEC10A-APC","C7-APOBEC3A-like","SPP1","CD44",0.176781337096384,0,"SPP1_CD44","SPP1 - CD44","SPP1","Secreted Signaling","PMID: 21907263","Advanced"
"Myeloid-CLEC10A-APC","Mac-Cycling","SPP1","CD44",0.163086056053155,0,"SPP1_CD44","SPP1 - CD44","SPP1","Secreted Signaling","PMID: 21907263","Advanced"
"Myeloid-CLEC10A-APC","Mac-FOLR2-LYVE1-resident","SPP1","CD44",0.0981143916572306,0,"SPP1_CD44","SPP1 - CD44","SPP1","Secreted Signaling","PMID: 21907263","Advanced"
"Myeloid-CLEC10A-APC","Mac-NUPR1-IGF2-stress","SPP1","CD44",0.054273631928954,0,"SPP1_CD44","SPP1 - CD44","SPP1","Secreted Signaling","PMID: 21907263","Advanced"
"Myeloid-CLEC10A-APC","Mac-OLFML3-CX3CR1-resident","SPP1","CD44",0.143399192001229,0,"SPP1_CD44","SPP1 - CD44","SPP1","Secreted Signaling","PMID: 21907263","Advanced"
"Myeloid-CLEC10A-APC","Mac-TNF-CCL4-inflammatory","SPP1","CD44",0.153355827543331,0,"SPP1_CD44","SPP1 - CD44","SPP1","Secreted Signaling","PMID: 21907263","Advanced"
"Myeloid-CLEC10A-APC","Mono-FCN1-S100A8-S100A9","SPP1","CD44",0.219912982075274,0,"SPP1_CD44","SPP1 - CD44","SPP1","Secreted Signaling","PMID: 21907263","Advanced"
"C6-SLC2A1-like","Myeloid-CLEC10A-APC","SPP1","CD44",0.31243821055465,0,"SPP1_CD44","SPP1 - CD44","SPP1","Secreted Signaling","PMID: 21907263","Advanced"
"C7-APOBEC3A-like","Myeloid-CLEC10A-APC","SPP1","CD44",0.173122534426518,0,"SPP1_CD44","SPP1 - CD44","SPP1","Secreted Signaling","PMID: 21907263","Advanced"
"Mac-Cycling","Myeloid-CLEC10A-APC","SPP1","CD44",0.250107687981248,0,"SPP1_CD44","SPP1 - CD44","SPP1","Secreted Signaling","PMID: 21907263","Advanced"
"Mac-FOLR2-LYVE1-resident","Myeloid-CLEC10A-APC","SPP1","CD44",0.129193105636843,0,"SPP1_CD44","SPP1 - CD44","SPP1","Secreted Signaling","PMID: 21907263","Advanced"
"Mac-NUPR1-IGF2-stress","Myeloid-CLEC10A-APC","SPP1","CD44",0.271763727229152,0,"SPP1_CD44","SPP1 - CD44","SPP1","Secreted Signaling","PMID: 21907263","Advanced"
"Mac-OLFML3-CX3CR1-resident","Myeloid-CLEC10A-APC","SPP1","CD44",0.170802673259812,0,"SPP1_CD44","SPP1 - CD44","SPP1","Secreted Signaling","PMID: 21907263","Advanced"
"Mac-TNF-CCL4-inflammatory","Myeloid-CLEC10A-APC","SPP1","CD44",0.221515090389608,0,"SPP1_CD44","SPP1 - CD44","SPP1","Secreted Signaling","PMID: 21907263","Advanced"
"Mono-FCN1-S100A8-S100A9","Myeloid-CLEC10A-APC","SPP1","CD44",0.0282933016658166,0,"SPP1_CD44","SPP1 - CD44","SPP1","Secreted Signaling","PMID: 21907263","Advanced"
"Myeloid-CLEC10A-APC","Myeloid-CLEC10A-APC","SPP1","CD44",0.230689699797451,0,"SPP1_CD44","SPP1 - CD44","SPP1","Secreted Signaling","PMID: 21907263","Advanced"
"Myeloid-CLEC10A-APC","C6-SLC2A1-like","SPP1","ITGAV_ITGB1",0.0546550634133705,0,"SPP1_ITGAV_ITGB1","SPP1 - (ITGAV+ITGB1)","SPP1","Secreted Signaling","PMID: 21907263","Advanced"
"Myeloid-CLEC10A-APC","C7-APOBEC3A-like","SPP1","ITGAV_ITGB1",0.0770957873558663,0,"SPP1_ITGAV_ITGB1","SPP1 - (ITGAV+ITGB1)","SPP1","Secreted Signaling","PMID: 21907263","Advanced"
"Myeloid-CLEC10A-APC","Mac-Cycling","SPP1","ITGAV_ITGB1",0.0674734009030884,0,"SPP1_ITGAV_ITGB1","SPP1 - (ITGAV+ITGB1)","SPP1","Secreted Signaling","PMID: 21907263","Advanced"
"Myeloid-CLEC10A-APC","Mac-FOLR2-LYVE1-resident","SPP1","ITGAV_ITGB1",0.0602167147932574,0,"SPP1_ITGAV_ITGB1","SPP1 - (ITGAV+ITGB1)","SPP1","Secreted Signaling","PMID: 21907263","Advanced"
"Myeloid-CLEC10A-APC","Mac-OLFML3-CX3CR1-resident","SPP1","ITGAV_ITGB1",0.0696379714704154,0,"SPP1_ITGAV_ITGB1","SPP1 - (ITGAV+ITGB1)","SPP1","Secreted Signaling","PMID: 21907263","Advanced"
"C6-SLC2A1-like","Myeloid-CLEC10A-APC","SPP1","ITGAV_ITGB1",0.0957995872277282,0,"SPP1_ITGAV_ITGB1","SPP1 - (ITGAV+ITGB1)","SPP1","Secreted Signaling","PMID: 21907263","Advanced"
"C7-APOBEC3A-like","Myeloid-CLEC10A-APC","SPP1","ITGAV_ITGB1",0.046543583633514,0,"SPP1_ITGAV_ITGB1","SPP1 - (ITGAV+ITGB1)","SPP1","Secreted Signaling","PMID: 21907263","Advanced"
"Mac-Cycling","Myeloid-CLEC10A-APC","SPP1","ITGAV_ITGB1",0.0721524826004453,0,"SPP1_ITGAV_ITGB1","SPP1 - (ITGAV+ITGB1)","SPP1","Secreted Signaling","PMID: 21907263","Advanced"
"Mac-FOLR2-LYVE1-resident","Myeloid-CLEC10A-APC","SPP1","ITGAV_ITGB1",0.0334345345659231,0,"SPP1_ITGAV_ITGB1","SPP1 - (ITGAV+ITGB1)","SPP1","Secreted Signaling","PMID: 21907263","Advanced"
"Mac-NUPR1-IGF2-stress","Myeloid-CLEC10A-APC","SPP1","ITGAV_ITGB1",0.0800446756042054,0,"SPP1_ITGAV_ITGB1","SPP1 - (ITGAV+ITGB1)","SPP1","Secreted Signaling","PMID: 21907263","Advanced"
"Mac-OLFML3-CX3CR1-resident","Myeloid-CLEC10A-APC","SPP1","ITGAV_ITGB1",0.0458258918951316,0,"SPP1_ITGAV_ITGB1","SPP1 - (ITGAV+ITGB1)","SPP1","Secreted Signaling","PMID: 21907263","Advanced"
"Mac-TNF-CCL4-inflammatory","Myeloid-CLEC10A-APC","SPP1","ITGAV_ITGB1",0.0622160510322444,0,"SPP1_ITGAV_ITGB1","SPP1 - (ITGAV+ITGB1)","SPP1","Secreted Signaling","PMID: 21907263","Advanced"
"Mono-FCN1-S100A8-S100A9","Myeloid-CLEC10A-APC","SPP1","ITGAV_ITGB1",0.00674305299912293,0,"SPP1_ITGAV_ITGB1","SPP1 - (ITGAV+ITGB1)","SPP1","Secreted Signaling","PMID: 21907263","Advanced"
"Myeloid-CLEC10A-APC","Myeloid-CLEC10A-APC","SPP1","ITGAV_ITGB1",0.0653467095663337,0,"SPP1_ITGAV_ITGB1","SPP1 - (ITGAV+ITGB1)","SPP1","Secreted Signaling","PMID: 21907263","Advanced"
"Myeloid-CLEC10A-APC","C6-SLC2A1-like","SPP1","ITGAV_ITGB5",0.023896665408786,0,"SPP1_ITGAV_ITGB5","SPP1 - (ITGAV+ITGB5)","SPP1","Secreted Signaling","PMID: 21907263","Advanced"
"Myeloid-CLEC10A-APC","C7-APOBEC3A-like","SPP1","ITGAV_ITGB5",0.0236106050724841,0,"SPP1_ITGAV_ITGB5","SPP1 - (ITGAV+ITGB5)","SPP1","Secreted Signaling","PMID: 21907263","Advanced"
"Myeloid-CLEC10A-APC","Mac-Cycling","SPP1","ITGAV_ITGB5",0.0249072282537948,0,"SPP1_ITGAV_ITGB5","SPP1 - (ITGAV+ITGB5)","SPP1","Secreted Signaling","PMID: 21907263","Advanced"
"Myeloid-CLEC10A-APC","Mac-OLFML3-CX3CR1-resident","SPP1","ITGAV_ITGB5",0.0175167230483434,0,"SPP1_ITGAV_ITGB5","SPP1 - (ITGAV+ITGB5)","SPP1","Secreted Signaling","PMID: 21907263","Advanced"
"C6-SLC2A1-like","Myeloid-CLEC10A-APC","SPP1","ITGAV_ITGB5",0.0395598440213381,0,"SPP1_ITGAV_ITGB5","SPP1 - (ITGAV+ITGB5)","SPP1","Secreted Signaling","PMID: 21907263","Advanced"
"C7-APOBEC3A-like","Myeloid-CLEC10A-APC","SPP1","ITGAV_ITGB5",0.0186242847951207,0,"SPP1_ITGAV_ITGB5","SPP1 - (ITGAV+ITGB5)","SPP1","Secreted Signaling","PMID: 21907263","Advanced"
"Mac-Cycling","Myeloid-CLEC10A-APC","SPP1","ITGAV_ITGB5",0.0293443949659152,0,"SPP1_ITGAV_ITGB5","SPP1 - (ITGAV+ITGB5)","SPP1","Secreted Signaling","PMID: 21907263","Advanced"
"Mac-FOLR2-LYVE1-resident","Myeloid-CLEC10A-APC","SPP1","ITGAV_ITGB5",0.0132692987764779,0,"SPP1_ITGAV_ITGB5","SPP1 - (ITGAV+ITGB5)","SPP1","Secreted Signaling","PMID: 21907263","Advanced"
"Mac-NUPR1-IGF2-stress","Myeloid-CLEC10A-APC","SPP1","ITGAV_ITGB5",0.032719267525561,0,"SPP1_ITGAV_ITGB5","SPP1 - (ITGAV+ITGB5)","SPP1","Secreted Signaling","PMID: 21907263","Advanced"
"Mac-OLFML3-CX3CR1-resident","Myeloid-CLEC10A-APC","SPP1","ITGAV_ITGB5",0.0183288265304205,0,"SPP1_ITGAV_ITGB5","SPP1 - (ITGAV+ITGB5)","SPP1","Secreted Signaling","PMID: 21907263","Advanced"
"Mac-TNF-CCL4-inflammatory","Myeloid-CLEC10A-APC","SPP1","ITGAV_ITGB5",0.025143496112272,0,"SPP1_ITGAV_ITGB5","SPP1 - (ITGAV+ITGB5)","SPP1","Secreted Signaling","PMID: 21907263","Advanced"
"Mono-FCN1-S100A8-S100A9","Myeloid-CLEC10A-APC","SPP1","ITGAV_ITGB5",0.00263230121861768,0,"SPP1_ITGAV_ITGB5","SPP1 - (ITGAV+ITGB5)","SPP1","Secreted Signaling","PMID: 21907263","Advanced"
"Myeloid-CLEC10A-APC","Myeloid-CLEC10A-APC","SPP1","ITGAV_ITGB5",0.0264613327877401,0,"SPP1_ITGAV_ITGB5","SPP1 - (ITGAV+ITGB5)","SPP1","Secreted Signaling","PMID: 21907263","Advanced"
"Myeloid-CLEC10A-APC","C6-SLC2A1-like","SPP1","ITGA4_ITGB1",0.0541980343438176,0,"SPP1_ITGA4_ITGB1","SPP1 - (ITGA4+ITGB1)","SPP1","Secreted Signaling","PMID: 21907263","Advanced"
"Myeloid-CLEC10A-APC","C7-APOBEC3A-like","SPP1","ITGA4_ITGB1",0.0465640216110218,0,"SPP1_ITGA4_ITGB1","SPP1 - (ITGA4+ITGB1)","SPP1","Secreted Signaling","PMID: 21907263","Advanced"
"Myeloid-CLEC10A-APC","Mac-Cycling","SPP1","ITGA4_ITGB1",0.0773887624049483,0,"SPP1_ITGA4_ITGB1","SPP1 - (ITGA4+ITGB1)","SPP1","Secreted Signaling","PMID: 21907263","Advanced"
"Myeloid-CLEC10A-APC","Mac-FOLR2-LYVE1-resident","SPP1","ITGA4_ITGB1",0.0631939393103543,0,"SPP1_ITGA4_ITGB1","SPP1 - (ITGA4+ITGB1)","SPP1","Secreted Signaling","PMID: 21907263","Advanced"
"Myeloid-CLEC10A-APC","Mac-OLFML3-CX3CR1-resident","SPP1","ITGA4_ITGB1",0.0775450482113082,0,"SPP1_ITGA4_ITGB1","SPP1 - (ITGA4+ITGB1)","SPP1","Secreted Signaling","PMID: 21907263","Advanced"
"Myeloid-CLEC10A-APC","Mac-TNF-CCL4-inflammatory","SPP1","ITGA4_ITGB1",0.0423372905331373,0,"SPP1_ITGA4_ITGB1","SPP1 - (ITGA4+ITGB1)","SPP1","Secreted Signaling","PMID: 21907263","Advanced"
"C6-SLC2A1-like","Myeloid-CLEC10A-APC","SPP1","ITGA4_ITGB1",0.0614448645999058,0,"SPP1_ITGA4_ITGB1","SPP1 - (ITGA4+ITGB1)","SPP1","Secreted Signaling","PMID: 21907263","Advanced"
"C7-APOBEC3A-like","Myeloid-CLEC10A-APC","SPP1","ITGA4_ITGB1",0.0292805721757205,0,"SPP1_ITGA4_ITGB1","SPP1 - (ITGA4+ITGB1)","SPP1","Secreted Signaling","PMID: 21907263","Advanced"
"Mac-Cycling","Myeloid-CLEC10A-APC","SPP1","ITGA4_ITGB1",0.0458478693094009,0,"SPP1_ITGA4_ITGB1","SPP1 - (ITGA4+ITGB1)","SPP1","Secreted Signaling","PMID: 21907263","Advanced"
"Mac-FOLR2-LYVE1-resident","Myeloid-CLEC10A-APC","SPP1","ITGA4_ITGB1",0.0209269514986959,0,"SPP1_ITGA4_ITGB1","SPP1 - (ITGA4+ITGB1)","SPP1","Secreted Signaling","PMID: 21907263","Advanced"
"Mac-NUPR1-IGF2-stress","Myeloid-CLEC10A-APC","SPP1","ITGA4_ITGB1",0.0510210235820289,0,"SPP1_ITGA4_ITGB1","SPP1 - (ITGA4+ITGB1)","SPP1","Secreted Signaling","PMID: 21907263","Advanced"
"Mac-OLFML3-CX3CR1-resident","Myeloid-CLEC10A-APC","SPP1","ITGA4_ITGB1",0.0288210258151619,0,"SPP1_ITGA4_ITGB1","SPP1 - (ITGA4+ITGB1)","SPP1","Secreted Signaling","PMID: 21907263","Advanced"
"Mac-TNF-CCL4-inflammatory","Myeloid-CLEC10A-APC","SPP1","ITGA4_ITGB1",0.0393802111392615,0,"SPP1_ITGA4_ITGB1","SPP1 - (ITGA4+ITGB1)","SPP1","Secreted Signaling","PMID: 21907263","Advanced"
"Myeloid-CLEC10A-APC","Myeloid-CLEC10A-APC","SPP1","ITGA4_ITGB1",0.0414125330828577,0,"SPP1_ITGA4_ITGB1","SPP1 - (ITGA4+ITGB1)","SPP1","Secreted Signaling","PMID: 21907263","Advanced"
"Myeloid-CLEC10A-APC","C6-SLC2A1-like","SPP1","ITGA5_ITGB1",0.098119613315064,0,"SPP1_ITGA5_ITGB1","SPP1 - (ITGA5+ITGB1)","SPP1","Secreted Signaling","PMID: 21907263","Advanced"
"Myeloid-CLEC10A-APC","Mac-Cycling","SPP1","ITGA5_ITGB1",0.0431020386692207,0,"SPP1_ITGA5_ITGB1","SPP1 - (ITGA5+ITGB1)","SPP1","Secreted Signaling","PMID: 21907263","Advanced"
"Myeloid-CLEC10A-APC","Mac-OLFML3-CX3CR1-resident","SPP1","ITGA5_ITGB1",0.0429439281533705,0,"SPP1_ITGA5_ITGB1","SPP1 - (ITGA5+ITGB1)","SPP1","Secreted Signaling","PMID: 21907263","Advanced"
"C6-SLC2A1-like","Myeloid-CLEC10A-APC","SPP1","ITGA5_ITGB1",0.0981717828288201,0,"SPP1_ITGA5_ITGB1","SPP1 - (ITGA5+ITGB1)","SPP1","Secreted Signaling","PMID: 21907263","Advanced"
"C7-APOBEC3A-like","Myeloid-CLEC10A-APC","SPP1","ITGA5_ITGB1",0.0477605232779366,0,"SPP1_ITGA5_ITGB1","SPP1 - (ITGA5+ITGB1)","SPP1","Secreted Signaling","PMID: 21907263","Advanced"
"Mac-Cycling","Myeloid-CLEC10A-APC","SPP1","ITGA5_ITGB1",0.0739870403279483,0,"SPP1_ITGA5_ITGB1","SPP1 - (ITGA5+ITGB1)","SPP1","Secreted Signaling","PMID: 21907263","Advanced"
"Mac-FOLR2-LYVE1-resident","Myeloid-CLEC10A-APC","SPP1","ITGA5_ITGB1",0.0343210597570005,0,"SPP1_ITGA5_ITGB1","SPP1 - (ITGA5+ITGB1)","SPP1","Secreted Signaling","PMID: 21907263","Advanced"
"Mac-NUPR1-IGF2-stress","Myeloid-CLEC10A-APC","SPP1","ITGA5_ITGB1",0.0820621534005986,0,"SPP1_ITGA5_ITGB1","SPP1 - (ITGA5+ITGB1)","SPP1","Secreted Signaling","PMID: 21907263","Advanced"
"Mac-OLFML3-CX3CR1-resident","Myeloid-CLEC10A-APC","SPP1","ITGA5_ITGB1",0.0470249920971793,0,"SPP1_ITGA5_ITGB1","SPP1 - (ITGA5+ITGB1)","SPP1","Secreted Signaling","PMID: 21907263","Advanced"
"Mac-TNF-CCL4-inflammatory","Myeloid-CLEC10A-APC","SPP1","ITGA5_ITGB1",0.0638153402208082,0,"SPP1_ITGA5_ITGB1","SPP1 - (ITGA5+ITGB1)","SPP1","Secreted Signaling","PMID: 21907263","Advanced"
"Mono-FCN1-S100A8-S100A9","Myeloid-CLEC10A-APC","SPP1","ITGA5_ITGB1",0.00692691874236543,0,"SPP1_ITGA5_ITGB1","SPP1 - (ITGA5+ITGB1)","SPP1","Secreted Signaling","PMID: 21907263","Advanced"
"Myeloid-CLEC10A-APC","Myeloid-CLEC10A-APC","SPP1","ITGA5_ITGB1",0.0670207223132768,0,"SPP1_ITGA5_ITGB1","SPP1 - (ITGA5+ITGB1)","SPP1","Secreted Signaling","PMID: 21907263","Advanced"
"Myeloid-CLEC10A-APC","C6-SLC2A1-like","RETN","TLR4",0.00879755356433745,0,"RETN_TLR4","RETN - TLR4","RESISTIN","Secreted Signaling","PMID: 30809105","Advanced"
"Myeloid-CLEC10A-APC","C7-APOBEC3A-like","RETN","TLR4",0.0172071725993701,0,"RETN_TLR4","RETN - TLR4","RESISTIN","Secreted Signaling","PMID: 30809105","Advanced"
"Myeloid-CLEC10A-APC","Mac-Cycling","RETN","TLR4",0.00481182558004008,0,"RETN_TLR4","RETN - TLR4","RESISTIN","Secreted Signaling","PMID: 30809105","Advanced"
"Myeloid-CLEC10A-APC","Mac-FOLR2-LYVE1-resident","RETN","TLR4",0.012685577195733,0,"RETN_TLR4","RETN - TLR4","RESISTIN","Secreted Signaling","PMID: 30809105","Advanced"
"Myeloid-CLEC10A-APC","Mac-NUPR1-IGF2-stress","RETN","TLR4",0.00283413258700438,0,"RETN_TLR4","RETN - TLR4","RESISTIN","Secreted Signaling","PMID: 30809105","Advanced"
"Myeloid-CLEC10A-APC","Mac-OLFML3-CX3CR1-resident","RETN","TLR4",0.0201045641269806,0,"RETN_TLR4","RETN - TLR4","RESISTIN","Secreted Signaling","PMID: 30809105","Advanced"
"Mono-FCN1-S100A8-S100A9","Myeloid-CLEC10A-APC","RETN","TLR4",0.0020338246774127,0,"RETN_TLR4","RETN - TLR4","RESISTIN","Secreted Signaling","PMID: 30809105","Advanced"
"Myeloid-CLEC10A-APC","Myeloid-CLEC10A-APC","RETN","TLR4",0.00517285131633785,0,"RETN_TLR4","RETN - TLR4","RESISTIN","Secreted Signaling","PMID: 30809105","Advanced"
"Myeloid-CLEC10A-APC","C6-SLC2A1-like","RETN","CAP1",0.048682286602531,0,"RETN_CAP1","RETN - CAP1","RESISTIN","Secreted Signaling","PMID: 30809105","Advanced"
"Myeloid-CLEC10A-APC","C7-APOBEC3A-like","RETN","CAP1",0.0432442324935002,0,"RETN_CAP1","RETN - CAP1","RESISTIN","Secreted Signaling","PMID: 30809105","Advanced"
"Myeloid-CLEC10A-APC","Mac-Cycling","RETN","CAP1",0.0556425454937997,0,"RETN_CAP1","RETN - CAP1","RESISTIN","Secreted Signaling","PMID: 30809105","Advanced"
"Myeloid-CLEC10A-APC","Mac-FOLR2-LYVE1-resident","RETN","CAP1",0.0373098658309205,0,"RETN_CAP1","RETN - CAP1","RESISTIN","Secreted Signaling","PMID: 30809105","Advanced"
"Myeloid-CLEC10A-APC","Mac-NUPR1-IGF2-stress","RETN","CAP1",0.0298637550221514,0,"RETN_CAP1","RETN - CAP1","RESISTIN","Secreted Signaling","PMID: 30809105","Advanced"
"Myeloid-CLEC10A-APC","Mac-OLFML3-CX3CR1-resident","RETN","CAP1",0.0473324113610307,0,"RETN_CAP1","RETN - CAP1","RESISTIN","Secreted Signaling","PMID: 30809105","Advanced"
"Myeloid-CLEC10A-APC","Mac-TNF-CCL4-inflammatory","RETN","CAP1",0.0116835706366002,0,"RETN_CAP1","RETN - CAP1","RESISTIN","Secreted Signaling","PMID: 30809105","Advanced"
"Myeloid-CLEC10A-APC","Mono-FCN1-S100A8-S100A9","RETN","CAP1",0.0427153383482467,0,"RETN_CAP1","RETN - CAP1","RESISTIN","Secreted Signaling","PMID: 30809105","Advanced"
"Mono-FCN1-S100A8-S100A9","Myeloid-CLEC10A-APC","RETN","CAP1",0.0212568453561429,0,"RETN_CAP1","RETN - CAP1","RESISTIN","Secreted Signaling","PMID: 30809105","Advanced"
"Myeloid-CLEC10A-APC","Myeloid-CLEC10A-APC","RETN","CAP1",0.0525039708616479,0,"RETN_CAP1","RETN - CAP1","RESISTIN","Secreted Signaling","PMID: 30809105","Advanced"
"Myeloid-CLEC10A-APC","C6-SLC2A1-like","NAMPT","ITGA5_ITGB1",0.0835770550491166,0,"NAMPT_ITGA5_ITGB1","NAMPT - (ITGA5+ITGB1)","VISFATIN","Secreted Signaling","PMID: 28490838","Advanced"
"Myeloid-CLEC10A-APC","Mac-Cycling","NAMPT","ITGA5_ITGB1",0.0363848045965915,0,"NAMPT_ITGA5_ITGB1","NAMPT - (ITGA5+ITGB1)","VISFATIN","Secreted Signaling","PMID: 28490838","Advanced"
"Myeloid-CLEC10A-APC","Mac-OLFML3-CX3CR1-resident","NAMPT","ITGA5_ITGB1",0.0362504013320138,0,"NAMPT_ITGA5_ITGB1","NAMPT - (ITGA5+ITGB1)","VISFATIN","Secreted Signaling","PMID: 28490838","Advanced"
"C6-SLC2A1-like","Myeloid-CLEC10A-APC","NAMPT","ITGA5_ITGB1",0.0440184281528945,0,"NAMPT_ITGA5_ITGB1","NAMPT - (ITGA5+ITGB1)","VISFATIN","Secreted Signaling","PMID: 28490838","Advanced"
"C7-APOBEC3A-like","Myeloid-CLEC10A-APC","NAMPT","ITGA5_ITGB1",0.0477249209053259,0,"NAMPT_ITGA5_ITGB1","NAMPT - (ITGA5+ITGB1)","VISFATIN","Secreted Signaling","PMID: 28490838","Advanced"
"Mac-Cycling","Myeloid-CLEC10A-APC","NAMPT","ITGA5_ITGB1",0.0344058894556872,0,"NAMPT_ITGA5_ITGB1","NAMPT - (ITGA5+ITGB1)","VISFATIN","Secreted Signaling","PMID: 28490838","Advanced"
"Mac-FOLR2-LYVE1-resident","Myeloid-CLEC10A-APC","NAMPT","ITGA5_ITGB1",0.0398150128380128,0,"NAMPT_ITGA5_ITGB1","NAMPT - (ITGA5+ITGB1)","VISFATIN","Secreted Signaling","PMID: 28490838","Advanced"
"Mac-NUPR1-IGF2-stress","Myeloid-CLEC10A-APC","NAMPT","ITGA5_ITGB1",0.0329173246150276,0,"NAMPT_ITGA5_ITGB1","NAMPT - (ITGA5+ITGB1)","VISFATIN","Secreted Signaling","PMID: 28490838","Advanced"
"Mac-OLFML3-CX3CR1-resident","Myeloid-CLEC10A-APC","NAMPT","ITGA5_ITGB1",0.042599127829923,0,"NAMPT_ITGA5_ITGB1","NAMPT - (ITGA5+ITGB1)","VISFATIN","Secreted Signaling","PMID: 28490838","Advanced"
"Mac-TNF-CCL4-inflammatory","Myeloid-CLEC10A-APC","NAMPT","ITGA5_ITGB1",0.0578295350771625,0,"NAMPT_ITGA5_ITGB1","NAMPT - (ITGA5+ITGB1)","VISFATIN","Secreted Signaling","PMID: 28490838","Advanced"
"Mono-FCN1-S100A8-S100A9","Myeloid-CLEC10A-APC","NAMPT","ITGA5_ITGB1",0.0692677334936511,0,"NAMPT_ITGA5_ITGB1","NAMPT - (ITGA5+ITGB1)","VISFATIN","Secreted Signaling","PMID: 28490838","Advanced"
"Myeloid-CLEC10A-APC","Myeloid-CLEC10A-APC","NAMPT","ITGA5_ITGB1",0.0567971365419705,0,"NAMPT_ITGA5_ITGB1","NAMPT - (ITGA5+ITGB1)","VISFATIN","Secreted Signaling","PMID: 28490838","Advanced"
"Myeloid-CLEC10A-APC","C6-SLC2A1-like","C3","C3AR1",0.0015666664286279,0,"C3_C3AR1","C3 - C3AR1","COMPLEMENT","Secreted Signaling","KEGG: hsa04080","Advanced"
"Myeloid-CLEC10A-APC","C7-APOBEC3A-like","C3","C3AR1",0.00688139043957364,0,"C3_C3AR1","C3 - C3AR1","COMPLEMENT","Secreted Signaling","KEGG: hsa04080","Advanced"
"Myeloid-CLEC10A-APC","Mac-Cycling","C3","C3AR1",0.00360607751606431,0,"C3_C3AR1","C3 - C3AR1","COMPLEMENT","Secreted Signaling","KEGG: hsa04080","Advanced"
"Myeloid-CLEC10A-APC","Mac-FOLR2-LYVE1-resident","C3","C3AR1",0.00210127187378579,0,"C3_C3AR1","C3 - C3AR1","COMPLEMENT","Secreted Signaling","KEGG: hsa04080","Advanced"
"Myeloid-CLEC10A-APC","Mac-OLFML3-CX3CR1-resident","C3","C3AR1",0.00513539161717197,0,"C3_C3AR1","C3 - C3AR1","COMPLEMENT","Secreted Signaling","KEGG: hsa04080","Advanced"
"C6-SLC2A1-like","Myeloid-CLEC10A-APC","C3","C3AR1",0.010440536320323,0,"C3_C3AR1","C3 - C3AR1","COMPLEMENT","Secreted Signaling","KEGG: hsa04080","Advanced"
"C7-APOBEC3A-like","Myeloid-CLEC10A-APC","C3","C3AR1",0.0265744477330964,0,"C3_C3AR1","C3 - C3AR1","COMPLEMENT","Secreted Signaling","KEGG: hsa04080","Advanced"
"Mac-Cycling","Myeloid-CLEC10A-APC","C3","C3AR1",0.0206663161048043,0,"C3_C3AR1","C3 - C3AR1","COMPLEMENT","Secreted Signaling","KEGG: hsa04080","Advanced"
"Mac-FOLR2-LYVE1-resident","Myeloid-CLEC10A-APC","C3","C3AR1",0.0359913069855538,0,"C3_C3AR1","C3 - C3AR1","COMPLEMENT","Secreted Signaling","KEGG: hsa04080","Advanced"
"Mac-NUPR1-IGF2-stress","Myeloid-CLEC10A-APC","C3","C3AR1",0.00940088029034304,0,"C3_C3AR1","C3 - C3AR1","COMPLEMENT","Secreted Signaling","KEGG: hsa04080","Advanced"
"Mac-OLFML3-CX3CR1-resident","Myeloid-CLEC10A-APC","C3","C3AR1",0.0406081769067139,0,"C3_C3AR1","C3 - C3AR1","COMPLEMENT","Secreted Signaling","KEGG: hsa04080","Advanced"
"Mac-TNF-CCL4-inflammatory","Myeloid-CLEC10A-APC","C3","C3AR1",0.0267337833061827,0,"C3_C3AR1","C3 - C3AR1","COMPLEMENT","Secreted Signaling","KEGG: hsa04080","Advanced"
"Myeloid-CLEC10A-APC","Myeloid-CLEC10A-APC","C3","C3AR1",0.00323098663117827,0,"C3_C3AR1","C3 - C3AR1","COMPLEMENT","Secreted Signaling","KEGG: hsa04080","Advanced"
"Myeloid-CLEC10A-APC","C6-SLC2A1-like","C3","ITGAM_ITGB2",0.00617822987899288,0,"C3_ITGAM_ITGB2","C3 - (ITGAM+ITGB2)","COMPLEMENT","Secreted Signaling","PMID: 16234578","Advanced"
"Myeloid-CLEC10A-APC","C7-APOBEC3A-like","C3","ITGAM_ITGB2",0.00960657730453405,0,"C3_ITGAM_ITGB2","C3 - (ITGAM+ITGB2)","COMPLEMENT","Secreted Signaling","PMID: 16234578","Advanced"
"Myeloid-CLEC10A-APC","Mac-Cycling","C3","ITGAM_ITGB2",0.0065240028266639,0,"C3_ITGAM_ITGB2","C3 - (ITGAM+ITGB2)","COMPLEMENT","Secreted Signaling","PMID: 16234578","Advanced"
"Myeloid-CLEC10A-APC","Mac-FOLR2-LYVE1-resident","C3","ITGAM_ITGB2",0.00479367650596012,0,"C3_ITGAM_ITGB2","C3 - (ITGAM+ITGB2)","COMPLEMENT","Secreted Signaling","PMID: 16234578","Advanced"
"Myeloid-CLEC10A-APC","Mac-NUPR1-IGF2-stress","C3","ITGAM_ITGB2",0.0021701154291034,0.01,"C3_ITGAM_ITGB2","C3 - (ITGAM+ITGB2)","COMPLEMENT","Secreted Signaling","PMID: 16234578","Advanced"
"Myeloid-CLEC10A-APC","Mac-OLFML3-CX3CR1-resident","C3","ITGAM_ITGB2",0.00698116520399281,0,"C3_ITGAM_ITGB2","C3 - (ITGAM+ITGB2)","COMPLEMENT","Secreted Signaling","PMID: 16234578","Advanced"
"Myeloid-CLEC10A-APC","Mono-FCN1-S100A8-S100A9","C3","ITGAM_ITGB2",0.00578937814359255,0,"C3_ITGAM_ITGB2","C3 - (ITGAM+ITGB2)","COMPLEMENT","Secreted Signaling","PMID: 16234578","Advanced"
"C6-SLC2A1-like","Myeloid-CLEC10A-APC","C3","ITGAM_ITGB2",0.0231727502792182,0,"C3_ITGAM_ITGB2","C3 - (ITGAM+ITGB2)","COMPLEMENT","Secreted Signaling","PMID: 16234578","Advanced"
"C7-APOBEC3A-like","Myeloid-CLEC10A-APC","C3","ITGAM_ITGB2",0.0578320686039417,0,"C3_ITGAM_ITGB2","C3 - (ITGAM+ITGB2)","COMPLEMENT","Secreted Signaling","PMID: 16234578","Advanced"
"Mac-Cycling","Myeloid-CLEC10A-APC","C3","ITGAM_ITGB2",0.0452980083552985,0,"C3_ITGAM_ITGB2","C3 - (ITGAM+ITGB2)","COMPLEMENT","Secreted Signaling","PMID: 16234578","Advanced"
"Mac-FOLR2-LYVE1-resident","Myeloid-CLEC10A-APC","C3","ITGAM_ITGB2",0.0774440875773472,0,"C3_ITGAM_ITGB2","C3 - (ITGAM+ITGB2)","COMPLEMENT","Secreted Signaling","PMID: 16234578","Advanced"
"Mac-NUPR1-IGF2-stress","Myeloid-CLEC10A-APC","C3","ITGAM_ITGB2",0.0208920032929592,0,"C3_ITGAM_ITGB2","C3 - (ITGAM+ITGB2)","COMPLEMENT","Secreted Signaling","PMID: 16234578","Advanced"
"Mac-OLFML3-CX3CR1-resident","Myeloid-CLEC10A-APC","C3","ITGAM_ITGB2",0.086899077214348,0,"C3_ITGAM_ITGB2","C3 - (ITGAM+ITGB2)","COMPLEMENT","Secreted Signaling","PMID: 16234578","Advanced"
"Mac-TNF-CCL4-inflammatory","Myeloid-CLEC10A-APC","C3","ITGAM_ITGB2",0.0581676201115202,0,"C3_ITGAM_ITGB2","C3 - (ITGAM+ITGB2)","COMPLEMENT","Secreted Signaling","PMID: 16234578","Advanced"
"Myeloid-CLEC10A-APC","Myeloid-CLEC10A-APC","C3","ITGAM_ITGB2",0.0072354541320747,0,"C3_ITGAM_ITGB2","C3 - (ITGAM+ITGB2)","COMPLEMENT","Secreted Signaling","PMID: 16234578","Advanced"
"Myeloid-CLEC10A-APC","C6-SLC2A1-like","C3","ITGAX_ITGB2",0.0111721982000873,0,"C3_ITGAX_ITGB2","C3 - (ITGAX+ITGB2)","COMPLEMENT","Secreted Signaling","PMID: 16234578","Advanced"
"Myeloid-CLEC10A-APC","C7-APOBEC3A-like","C3","ITGAX_ITGB2",0.00917439434479778,0,"C3_ITGAX_ITGB2","C3 - (ITGAX+ITGB2)","COMPLEMENT","Secreted Signaling","PMID: 16234578","Advanced"
"Myeloid-CLEC10A-APC","Mac-FOLR2-LYVE1-resident","C3","ITGAX_ITGB2",0.00760332156678291,0,"C3_ITGAX_ITGB2","C3 - (ITGAX+ITGB2)","COMPLEMENT","Secreted Signaling","PMID: 16234578","Advanced"
"Myeloid-CLEC10A-APC","Mac-NUPR1-IGF2-stress","C3","ITGAX_ITGB2",0.00566061846658683,0.02,"C3_ITGAX_ITGB2","C3 - (ITGAX+ITGB2)","COMPLEMENT","Secreted Signaling","PMID: 16234578","Advanced"
"Myeloid-CLEC10A-APC","Mac-OLFML3-CX3CR1-resident","C3","ITGAX_ITGB2",0.00826913840540223,0,"C3_ITGAX_ITGB2","C3 - (ITGAX+ITGB2)","COMPLEMENT","Secreted Signaling","PMID: 16234578","Advanced"
"Myeloid-CLEC10A-APC","Mac-TNF-CCL4-inflammatory","C3","ITGAX_ITGB2",0.00977446739764087,0,"C3_ITGAX_ITGB2","C3 - (ITGAX+ITGB2)","COMPLEMENT","Secreted Signaling","PMID: 16234578","Advanced"
"Myeloid-CLEC10A-APC","Mono-FCN1-S100A8-S100A9","C3","ITGAX_ITGB2",0.00848823221810534,0,"C3_ITGAX_ITGB2","C3 - (ITGAX+ITGB2)","COMPLEMENT","Secreted Signaling","PMID: 16234578","Advanced"
"C6-SLC2A1-like","Myeloid-CLEC10A-APC","C3","ITGAX_ITGB2",0.0238743427918682,0,"C3_ITGAX_ITGB2","C3 - (ITGAX+ITGB2)","COMPLEMENT","Secreted Signaling","PMID: 16234578","Advanced"
"C7-APOBEC3A-like","Myeloid-CLEC10A-APC","C3","ITGAX_ITGB2",0.0595190890568197,0,"C3_ITGAX_ITGB2","C3 - (ITGAX+ITGB2)","COMPLEMENT","Secreted Signaling","PMID: 16234578","Advanced"
"Mac-Cycling","Myeloid-CLEC10A-APC","C3","ITGAX_ITGB2",0.0466374963029833,0,"C3_ITGAX_ITGB2","C3 - (ITGAX+ITGB2)","COMPLEMENT","Secreted Signaling","PMID: 16234578","Advanced"
"Mac-FOLR2-LYVE1-resident","Myeloid-CLEC10A-APC","C3","ITGAX_ITGB2",0.0796548426733836,0,"C3_ITGAX_ITGB2","C3 - (ITGAX+ITGB2)","COMPLEMENT","Secreted Signaling","PMID: 16234578","Advanced"
"Mac-NUPR1-IGF2-stress","Myeloid-CLEC10A-APC","C3","ITGAX_ITGB2",0.0215260642079678,0,"C3_ITGAX_ITGB2","C3 - (ITGAX+ITGB2)","COMPLEMENT","Secreted Signaling","PMID: 16234578","Advanced"
"Mac-OLFML3-CX3CR1-resident","Myeloid-CLEC10A-APC","C3","ITGAX_ITGB2",0.0893535972243698,0,"C3_ITGAX_ITGB2","C3 - (ITGAX+ITGB2)","COMPLEMENT","Secreted Signaling","PMID: 16234578","Advanced"
"Mac-TNF-CCL4-inflammatory","Myeloid-CLEC10A-APC","C3","ITGAX_ITGB2",0.0598638070066474,0,"C3_ITGAX_ITGB2","C3 - (ITGAX+ITGB2)","COMPLEMENT","Secreted Signaling","PMID: 16234578","Advanced"
"Myeloid-CLEC10A-APC","Myeloid-CLEC10A-APC","C3","ITGAX_ITGB2",0.00745820337409891,0.01,"C3_ITGAX_ITGB2","C3 - (ITGAX+ITGB2)","COMPLEMENT","Secreted Signaling","PMID: 16234578","Advanced"
"Myeloid-CLEC10A-APC","C7-APOBEC3A-like","ANXA1","FPR1",0.0372305485335615,0,"ANXA1_FPR1","ANXA1 - FPR1","ANNEXIN","Secreted Signaling","PMID: 23230437","Advanced"
"Myeloid-CLEC10A-APC","Mac-Cycling","ANXA1","FPR1",0.0152404215943596,0,"ANXA1_FPR1","ANXA1 - FPR1","ANNEXIN","Secreted Signaling","PMID: 23230437","Advanced"
"Myeloid-CLEC10A-APC","Mac-OLFML3-CX3CR1-resident","ANXA1","FPR1",0.0191348323851235,0,"ANXA1_FPR1","ANXA1 - FPR1","ANNEXIN","Secreted Signaling","PMID: 23230437","Advanced"
"Myeloid-CLEC10A-APC","Mono-FCN1-S100A8-S100A9","ANXA1","FPR1",0.0706841884760238,0,"ANXA1_FPR1","ANXA1 - FPR1","ANNEXIN","Secreted Signaling","PMID: 23230437","Advanced"
"C6-SLC2A1-like","Myeloid-CLEC10A-APC","ANXA1","FPR1",0.0414272906468873,0,"ANXA1_FPR1","ANXA1 - FPR1","ANNEXIN","Secreted Signaling","PMID: 23230437","Advanced"
"C7-APOBEC3A-like","Myeloid-CLEC10A-APC","ANXA1","FPR1",0.0221861274972859,0,"ANXA1_FPR1","ANXA1 - FPR1","ANNEXIN","Secreted Signaling","PMID: 23230437","Advanced"
"Mac-Cycling","Myeloid-CLEC10A-APC","ANXA1","FPR1",0.0375709448590684,0,"ANXA1_FPR1","ANXA1 - FPR1","ANNEXIN","Secreted Signaling","PMID: 23230437","Advanced"
"Mac-FOLR2-LYVE1-resident","Myeloid-CLEC10A-APC","ANXA1","FPR1",0.0232845076091504,0,"ANXA1_FPR1","ANXA1 - FPR1","ANNEXIN","Secreted Signaling","PMID: 23230437","Advanced"
"Mac-NUPR1-IGF2-stress","Myeloid-CLEC10A-APC","ANXA1","FPR1",0.0277715823998491,0,"ANXA1_FPR1","ANXA1 - FPR1","ANNEXIN","Secreted Signaling","PMID: 23230437","Advanced"
"Mac-OLFML3-CX3CR1-resident","Myeloid-CLEC10A-APC","ANXA1","FPR1",0.0281771853987666,0,"ANXA1_FPR1","ANXA1 - FPR1","ANNEXIN","Secreted Signaling","PMID: 23230437","Advanced"
"Mac-TNF-CCL4-inflammatory","Myeloid-CLEC10A-APC","ANXA1","FPR1",0.0234204121643002,0,"ANXA1_FPR1","ANXA1 - FPR1","ANNEXIN","Secreted Signaling","PMID: 23230437","Advanced"
"Mono-FCN1-S100A8-S100A9","Myeloid-CLEC10A-APC","ANXA1","FPR1",0.0360079524915371,0,"ANXA1_FPR1","ANXA1 - FPR1","ANNEXIN","Secreted Signaling","PMID: 23230437","Advanced"
"Myeloid-CLEC10A-APC","Myeloid-CLEC10A-APC","ANXA1","FPR1",0.0381131830219012,0,"ANXA1_FPR1","ANXA1 - FPR1","ANNEXIN","Secreted Signaling","PMID: 23230437","Advanced"
"C7-APOBEC3A-like","Myeloid-CLEC10A-APC","GAS6","MERTK",0.00275948032923378,0,"GAS6_MERTK","GAS6 - MERTK","GAS","Secreted Signaling","PMID: 27801848","Advanced"
"Mac-Cycling","Myeloid-CLEC10A-APC","GAS6","MERTK",0.000985352909504921,0,"GAS6_MERTK","GAS6 - MERTK","GAS","Secreted Signaling","PMID: 27801848","Advanced"
"Mac-FOLR2-LYVE1-resident","Myeloid-CLEC10A-APC","GAS6","MERTK",0.00164317172462403,0,"GAS6_MERTK","GAS6 - MERTK","GAS","Secreted Signaling","PMID: 27801848","Advanced"
"Mac-OLFML3-CX3CR1-resident","Myeloid-CLEC10A-APC","GAS6","MERTK",0.00126256440126241,0,"GAS6_MERTK","GAS6 - MERTK","GAS","Secreted Signaling","PMID: 27801848","Advanced"
"Mac-TNF-CCL4-inflammatory","Myeloid-CLEC10A-APC","GAS6","MERTK",0.0010903457872758,0,"GAS6_MERTK","GAS6 - MERTK","GAS","Secreted Signaling","PMID: 27801848","Advanced"
"Myeloid-CLEC10A-APC","C6-SLC2A1-like","GRN","SORT1",0.0121263404969852,0,"GRN_SORT1","GRN - SORT1","GRN","Secreted Signaling","PMID: 29555433","Advanced"
"Myeloid-CLEC10A-APC","Mac-Cycling","GRN","SORT1",0.00778830665424271,0,"GRN_SORT1","GRN - SORT1","GRN","Secreted Signaling","PMID: 29555433","Advanced"
"Myeloid-CLEC10A-APC","Mac-OLFML3-CX3CR1-resident","GRN","SORT1",0.00979341480903494,0,"GRN_SORT1","GRN - SORT1","GRN","Secreted Signaling","PMID: 29555433","Advanced"
"C6-SLC2A1-like","Myeloid-CLEC10A-APC","GRN","SORT1",0.00829942132295213,0,"GRN_SORT1","GRN - SORT1","GRN","Secreted Signaling","PMID: 29555433","Advanced"
"C7-APOBEC3A-like","Myeloid-CLEC10A-APC","GRN","SORT1",0.0113049843472956,0,"GRN_SORT1","GRN - SORT1","GRN","Secreted Signaling","PMID: 29555433","Advanced"
"Mac-Cycling","Myeloid-CLEC10A-APC","GRN","SORT1",0.00758735315872293,0,"GRN_SORT1","GRN - SORT1","GRN","Secreted Signaling","PMID: 29555433","Advanced"
"Mac-FOLR2-LYVE1-resident","Myeloid-CLEC10A-APC","GRN","SORT1",0.00803676797423333,0,"GRN_SORT1","GRN - SORT1","GRN","Secreted Signaling","PMID: 29555433","Advanced"
"Mac-NUPR1-IGF2-stress","Myeloid-CLEC10A-APC","GRN","SORT1",0.00536202055977388,0,"GRN_SORT1","GRN - SORT1","GRN","Secreted Signaling","PMID: 29555433","Advanced"
"Mac-OLFML3-CX3CR1-resident","Myeloid-CLEC10A-APC","GRN","SORT1",0.00765089186928055,0,"GRN_SORT1","GRN - SORT1","GRN","Secreted Signaling","PMID: 29555433","Advanced"
"Mac-TNF-CCL4-inflammatory","Myeloid-CLEC10A-APC","GRN","SORT1",0.00491912906184414,0.01,"GRN_SORT1","GRN - SORT1","GRN","Secreted Signaling","PMID: 29555433","Advanced"
"Mono-FCN1-S100A8-S100A9","Myeloid-CLEC10A-APC","GRN","SORT1",0.00551765490233383,0.01,"GRN_SORT1","GRN - SORT1","GRN","Secreted Signaling","PMID: 29555433","Advanced"
"Myeloid-CLEC10A-APC","Myeloid-CLEC10A-APC","GRN","SORT1",0.00710902190528999,0,"GRN_SORT1","GRN - SORT1","GRN","Secreted Signaling","PMID: 29555433","Advanced"
"Myeloid-CLEC10A-APC","C6-SLC2A1-like","LGALS9","PTPRC",0.049108880322572,0,"LGALS9_CD45","LGALS9 - CD45","GALECTIN","Secreted Signaling","PMID: 30120235","Advanced"
"Myeloid-CLEC10A-APC","C7-APOBEC3A-like","LGALS9","PTPRC",0.0580339058685096,0,"LGALS9_CD45","LGALS9 - CD45","GALECTIN","Secreted Signaling","PMID: 30120235","Advanced"
"Myeloid-CLEC10A-APC","Mac-Cycling","LGALS9","PTPRC",0.0442262558229288,0,"LGALS9_CD45","LGALS9 - CD45","GALECTIN","Secreted Signaling","PMID: 30120235","Advanced"
"Myeloid-CLEC10A-APC","Mac-FOLR2-LYVE1-resident","LGALS9","PTPRC",0.0560339254911671,0,"LGALS9_CD45","LGALS9 - CD45","GALECTIN","Secreted Signaling","PMID: 30120235","Advanced"
"Myeloid-CLEC10A-APC","Mac-NUPR1-IGF2-stress","LGALS9","PTPRC",0.0186052598831391,0.04,"LGALS9_CD45","LGALS9 - CD45","GALECTIN","Secreted Signaling","PMID: 30120235","Advanced"
"Myeloid-CLEC10A-APC","Mac-OLFML3-CX3CR1-resident","LGALS9","PTPRC",0.0555161420560704,0,"LGALS9_CD45","LGALS9 - CD45","GALECTIN","Secreted Signaling","PMID: 30120235","Advanced"
"Myeloid-CLEC10A-APC","Mac-TNF-CCL4-inflammatory","LGALS9","PTPRC",0.038764219730942,0,"LGALS9_CD45","LGALS9 - CD45","GALECTIN","Secreted Signaling","PMID: 30120235","Advanced"
"Myeloid-CLEC10A-APC","Mono-FCN1-S100A8-S100A9","LGALS9","PTPRC",0.0591930821899715,0,"LGALS9_CD45","LGALS9 - CD45","GALECTIN","Secreted Signaling","PMID: 30120235","Advanced"
"C6-SLC2A1-like","Myeloid-CLEC10A-APC","LGALS9","PTPRC",0.0445290330360227,0,"LGALS9_CD45","LGALS9 - CD45","GALECTIN","Secreted Signaling","PMID: 30120235","Advanced"
"C7-APOBEC3A-like","Myeloid-CLEC10A-APC","LGALS9","PTPRC",0.082136201261057,0,"LGALS9_CD45","LGALS9 - CD45","GALECTIN","Secreted Signaling","PMID: 30120235","Advanced"
"Mac-Cycling","Myeloid-CLEC10A-APC","LGALS9","PTPRC",0.0652285150512954,0,"LGALS9_CD45","LGALS9 - CD45","GALECTIN","Secreted Signaling","PMID: 30120235","Advanced"
"Mac-FOLR2-LYVE1-resident","Myeloid-CLEC10A-APC","LGALS9","PTPRC",0.0440264587714854,0,"LGALS9_CD45","LGALS9 - CD45","GALECTIN","Secreted Signaling","PMID: 30120235","Advanced"
"Mac-OLFML3-CX3CR1-resident","Myeloid-CLEC10A-APC","LGALS9","PTPRC",0.0408502046635064,0,"LGALS9_CD45","LGALS9 - CD45","GALECTIN","Secreted Signaling","PMID: 30120235","Advanced"
"Mac-TNF-CCL4-inflammatory","Myeloid-CLEC10A-APC","LGALS9","PTPRC",0.0187295753842079,0.04,"LGALS9_CD45","LGALS9 - CD45","GALECTIN","Secreted Signaling","PMID: 30120235","Advanced"
"Mono-FCN1-S100A8-S100A9","Myeloid-CLEC10A-APC","LGALS9","PTPRC",0.0190639693917946,0.01,"LGALS9_CD45","LGALS9 - CD45","GALECTIN","Secreted Signaling","PMID: 30120235","Advanced"
"Myeloid-CLEC10A-APC","Myeloid-CLEC10A-APC","LGALS9","PTPRC",0.0462541057773907,0,"LGALS9_CD45","LGALS9 - CD45","GALECTIN","Secreted Signaling","PMID: 30120235","Advanced"
"Myeloid-CLEC10A-APC","C6-SLC2A1-like","LGALS9","HAVCR2",0.0251339703145549,0,"LGALS9_HAVCR2","LGALS9 - HAVCR2","GALECTIN","Secreted Signaling","PMID: 27192565","Advanced"
"Myeloid-CLEC10A-APC","C7-APOBEC3A-like","LGALS9","HAVCR2",0.0366989667639803,0,"LGALS9_HAVCR2","LGALS9 - HAVCR2","GALECTIN","Secreted Signaling","PMID: 27192565","Advanced"
"Myeloid-CLEC10A-APC","Mac-Cycling","LGALS9","HAVCR2",0.0245316318050029,0,"LGALS9_HAVCR2","LGALS9 - HAVCR2","GALECTIN","Secreted Signaling","PMID: 27192565","Advanced"
"Myeloid-CLEC10A-APC","Mac-FOLR2-LYVE1-resident","LGALS9","HAVCR2",0.0297636240662769,0,"LGALS9_HAVCR2","LGALS9 - HAVCR2","GALECTIN","Secreted Signaling","PMID: 27192565","Advanced"
"Myeloid-CLEC10A-APC","Mac-NUPR1-IGF2-stress","LGALS9","HAVCR2",0.0144795337274438,0,"LGALS9_HAVCR2","LGALS9 - HAVCR2","GALECTIN","Secreted Signaling","PMID: 27192565","Advanced"
"Myeloid-CLEC10A-APC","Mac-OLFML3-CX3CR1-resident","LGALS9","HAVCR2",0.0355054321571871,0,"LGALS9_HAVCR2","LGALS9 - HAVCR2","GALECTIN","Secreted Signaling","PMID: 27192565","Advanced"
"Myeloid-CLEC10A-APC","Mac-TNF-CCL4-inflammatory","LGALS9","HAVCR2",0.0139337257381165,0,"LGALS9_HAVCR2","LGALS9 - HAVCR2","GALECTIN","Secreted Signaling","PMID: 27192565","Advanced"
"C6-SLC2A1-like","Myeloid-CLEC10A-APC","LGALS9","HAVCR2",0.0136205062030866,0,"LGALS9_HAVCR2","LGALS9 - HAVCR2","GALECTIN","Secreted Signaling","PMID: 27192565","Advanced"
"C7-APOBEC3A-like","Myeloid-CLEC10A-APC","LGALS9","HAVCR2",0.025829429935599,0,"LGALS9_HAVCR2","LGALS9 - HAVCR2","GALECTIN","Secreted Signaling","PMID: 27192565","Advanced"
"Mac-Cycling","Myeloid-CLEC10A-APC","LGALS9","HAVCR2",0.0202566582296896,0,"LGALS9_HAVCR2","LGALS9 - HAVCR2","GALECTIN","Secreted Signaling","PMID: 27192565","Advanced"
"Mac-FOLR2-LYVE1-resident","Myeloid-CLEC10A-APC","LGALS9","HAVCR2",0.0134618641814941,0,"LGALS9_HAVCR2","LGALS9 - HAVCR2","GALECTIN","Secreted Signaling","PMID: 27192565","Advanced"
"Mac-OLFML3-CX3CR1-resident","Myeloid-CLEC10A-APC","LGALS9","HAVCR2",0.0124619238151256,0,"LGALS9_HAVCR2","LGALS9 - HAVCR2","GALECTIN","Secreted Signaling","PMID: 27192565","Advanced"
"Mac-TNF-CCL4-inflammatory","Myeloid-CLEC10A-APC","LGALS9","HAVCR2",0.00562358779930085,0,"LGALS9_HAVCR2","LGALS9 - HAVCR2","GALECTIN","Secreted Signaling","PMID: 27192565","Advanced"
"Mono-FCN1-S100A8-S100A9","Myeloid-CLEC10A-APC","LGALS9","HAVCR2",0.0057253554413735,0,"LGALS9_HAVCR2","LGALS9 - HAVCR2","GALECTIN","Secreted Signaling","PMID: 27192565","Advanced"
"Myeloid-CLEC10A-APC","Myeloid-CLEC10A-APC","LGALS9","HAVCR2",0.0141659230413925,0,"LGALS9_HAVCR2","LGALS9 - HAVCR2","GALECTIN","Secreted Signaling","PMID: 27192565","Advanced"
"Myeloid-CLEC10A-APC","C6-SLC2A1-like","LGALS9","CD44",0.0622815632200536,0,"LGALS9_CD44","LGALS9 - CD44","GALECTIN","Secreted Signaling","PMID: 25065622","Advanced"
"Myeloid-CLEC10A-APC","C7-APOBEC3A-like","LGALS9","CD44",0.0552173766010736,0,"LGALS9_CD44","LGALS9 - CD44","GALECTIN","Secreted Signaling","PMID: 25065622","Advanced"
"Myeloid-CLEC10A-APC","Mac-Cycling","LGALS9","CD44",0.0503635205850481,0,"LGALS9_CD44","LGALS9 - CD44","GALECTIN","Secreted Signaling","PMID: 25065622","Advanced"
"Myeloid-CLEC10A-APC","Mac-FOLR2-LYVE1-resident","LGALS9","CD44",0.0287562442481427,0,"LGALS9_CD44","LGALS9 - CD44","GALECTIN","Secreted Signaling","PMID: 25065622","Advanced"
"Myeloid-CLEC10A-APC","Mac-NUPR1-IGF2-stress","LGALS9","CD44",0.0153785484746355,0,"LGALS9_CD44","LGALS9 - CD44","GALECTIN","Secreted Signaling","PMID: 25065622","Advanced"
"Myeloid-CLEC10A-APC","Mac-OLFML3-CX3CR1-resident","LGALS9","CD44",0.0435754235665225,0,"LGALS9_CD44","LGALS9 - CD44","GALECTIN","Secreted Signaling","PMID: 25065622","Advanced"
"Myeloid-CLEC10A-APC","Mac-TNF-CCL4-inflammatory","LGALS9","CD44",0.0469811369543735,0,"LGALS9_CD44","LGALS9 - CD44","GALECTIN","Secreted Signaling","PMID: 25065622","Advanced"
"Myeloid-CLEC10A-APC","Mono-FCN1-S100A8-S100A9","LGALS9","CD44",0.0712567717344383,0,"LGALS9_CD44","LGALS9 - CD44","GALECTIN","Secreted Signaling","PMID: 25065622","Advanced"
"C6-SLC2A1-like","Myeloid-CLEC10A-APC","LGALS9","CD44",0.0727222523700734,0,"LGALS9_CD44","LGALS9 - CD44","GALECTIN","Secreted Signaling","PMID: 25065622","Advanced"
"C7-APOBEC3A-like","Myeloid-CLEC10A-APC","LGALS9","CD44",0.13087857091232,0,"LGALS9_CD44","LGALS9 - CD44","GALECTIN","Secreted Signaling","PMID: 25065622","Advanced"
"Mac-Cycling","Myeloid-CLEC10A-APC","LGALS9","CD44",0.105086041380184,0,"LGALS9_CD44","LGALS9 - CD44","GALECTIN","Secreted Signaling","PMID: 25065622","Advanced"
"Mac-FOLR2-LYVE1-resident","Myeloid-CLEC10A-APC","LGALS9","CD44",0.0719254303941535,0,"LGALS9_CD44","LGALS9 - CD44","GALECTIN","Secreted Signaling","PMID: 25065622","Advanced"
"Mac-OLFML3-CX3CR1-resident","Myeloid-CLEC10A-APC","LGALS9","CD44",0.0668772333117391,0,"LGALS9_CD44","LGALS9 - CD44","GALECTIN","Secreted Signaling","PMID: 25065622","Advanced"
"Mac-TNF-CCL4-inflammatory","Myeloid-CLEC10A-APC","LGALS9","CD44",0.0311200929816947,0,"LGALS9_CD44","LGALS9 - CD44","GALECTIN","Secreted Signaling","PMID: 25065622","Advanced"
"Mono-FCN1-S100A8-S100A9","Myeloid-CLEC10A-APC","LGALS9","CD44",0.0316685653892506,0,"LGALS9_CD44","LGALS9 - CD44","GALECTIN","Secreted Signaling","PMID: 25065622","Advanced"
"Myeloid-CLEC10A-APC","Myeloid-CLEC10A-APC","LGALS9","CD44",0.075453289760679,0,"LGALS9_CD44","LGALS9 - CD44","GALECTIN","Secreted Signaling","PMID: 25065622","Advanced"
"Myeloid-CLEC10A-APC","C6-SLC2A1-like","ANXA1","FPR3",0.0694126946803663,0,"ANXA1_FPR3","ANXA1 - FPR3","ANNEXIN","Secreted Signaling","PMID: 33082511","Advanced"
"Myeloid-CLEC10A-APC","C7-APOBEC3A-like","ANXA1","FPR3",0.0879212561233375,0,"ANXA1_FPR3","ANXA1 - FPR3","ANNEXIN","Secreted Signaling","PMID: 33082511","Advanced"
"Myeloid-CLEC10A-APC","Mac-Cycling","ANXA1","FPR3",0.0325208545981258,0,"ANXA1_FPR3","ANXA1 - FPR3","ANNEXIN","Secreted Signaling","PMID: 33082511","Advanced"
"Myeloid-CLEC10A-APC","Mac-FOLR2-LYVE1-resident","ANXA1","FPR3",0.0260342362518643,0,"ANXA1_FPR3","ANXA1 - FPR3","ANNEXIN","Secreted Signaling","PMID: 33082511","Advanced"
"Myeloid-CLEC10A-APC","Mac-NUPR1-IGF2-stress","ANXA1","FPR3",0.00648990318535387,0,"ANXA1_FPR3","ANXA1 - FPR3","ANNEXIN","Secreted Signaling","PMID: 33082511","Advanced"
"Myeloid-CLEC10A-APC","Mac-OLFML3-CX3CR1-resident","ANXA1","FPR3",0.0280251268876184,0,"ANXA1_FPR3","ANXA1 - FPR3","ANNEXIN","Secreted Signaling","PMID: 33082511","Advanced"
"Myeloid-CLEC10A-APC","Mac-TNF-CCL4-inflammatory","ANXA1","FPR3",0.0165654956688264,0,"ANXA1_FPR3","ANXA1 - FPR3","ANNEXIN","Secreted Signaling","PMID: 33082511","Advanced"
"C6-SLC2A1-like","Myeloid-CLEC10A-APC","ANXA1","FPR3",0.0663279654045148,0,"ANXA1_FPR3","ANXA1 - FPR3","ANNEXIN","Secreted Signaling","PMID: 33082511","Advanced"
"C7-APOBEC3A-like","Myeloid-CLEC10A-APC","ANXA1","FPR3",0.035955333395949,0,"ANXA1_FPR3","ANXA1 - FPR3","ANNEXIN","Secreted Signaling","PMID: 33082511","Advanced"
"Mac-Cycling","Myeloid-CLEC10A-APC","ANXA1","FPR3",0.0602994989851316,0,"ANXA1_FPR3","ANXA1 - FPR3","ANNEXIN","Secreted Signaling","PMID: 33082511","Advanced"
"Mac-FOLR2-LYVE1-resident","Myeloid-CLEC10A-APC","ANXA1","FPR3",0.0377091039620441,0,"ANXA1_FPR3","ANXA1 - FPR3","ANNEXIN","Secreted Signaling","PMID: 33082511","Advanced"
"Mac-NUPR1-IGF2-stress","Myeloid-CLEC10A-APC","ANXA1","FPR3",0.0448482542676658,0,"ANXA1_FPR3","ANXA1 - FPR3","ANNEXIN","Secreted Signaling","PMID: 33082511","Advanced"
"Mac-OLFML3-CX3CR1-resident","Myeloid-CLEC10A-APC","ANXA1","FPR3",0.045491591582428,0,"ANXA1_FPR3","ANXA1 - FPR3","ANNEXIN","Secreted Signaling","PMID: 33082511","Advanced"
"Mac-TNF-CCL4-inflammatory","Myeloid-CLEC10A-APC","ANXA1","FPR3",0.0379259312981772,0,"ANXA1_FPR3","ANXA1 - FPR3","ANNEXIN","Secreted Signaling","PMID: 33082511","Advanced"
"Mono-FCN1-S100A8-S100A9","Myeloid-CLEC10A-APC","ANXA1","FPR3",0.0578478061583973,0,"ANXA1_FPR3","ANXA1 - FPR3","ANNEXIN","Secreted Signaling","PMID: 33082511","Advanced"
"Myeloid-CLEC10A-APC","Myeloid-CLEC10A-APC","ANXA1","FPR3",0.0611489227413824,0,"ANXA1_FPR3","ANXA1 - FPR3","ANNEXIN","Secreted Signaling","PMID: 33082511","Advanced"
"Myeloid-CLEC10A-APC","C6-SLC2A1-like","LGALS9","P4HB",0.0489499493512027,0,"LGALS9_P4HB","LGALS9 - P4HB","GALECTIN","Secreted Signaling","PMID:21670307;uniprot","Advanced"
"Myeloid-CLEC10A-APC","C7-APOBEC3A-like","LGALS9","P4HB",0.0374777464344888,0,"LGALS9_P4HB","LGALS9 - P4HB","GALECTIN","Secreted Signaling","PMID:21670307;uniprot","Advanced"
"Myeloid-CLEC10A-APC","Mac-Cycling","LGALS9","P4HB",0.0460091752189613,0,"LGALS9_P4HB","LGALS9 - P4HB","GALECTIN","Secreted Signaling","PMID:21670307;uniprot","Advanced"
"Myeloid-CLEC10A-APC","Mac-FOLR2-LYVE1-resident","LGALS9","P4HB",0.0311280099664068,0,"LGALS9_P4HB","LGALS9 - P4HB","GALECTIN","Secreted Signaling","PMID:21670307;uniprot","Advanced"
"Myeloid-CLEC10A-APC","Mac-NUPR1-IGF2-stress","LGALS9","P4HB",0.011678105286228,0.04,"LGALS9_P4HB","LGALS9 - P4HB","GALECTIN","Secreted Signaling","PMID:21670307;uniprot","Advanced"
"Myeloid-CLEC10A-APC","Mac-OLFML3-CX3CR1-resident","LGALS9","P4HB",0.0233693516276519,0,"LGALS9_P4HB","LGALS9 - P4HB","GALECTIN","Secreted Signaling","PMID:21670307;uniprot","Advanced"
"Myeloid-CLEC10A-APC","Mac-TNF-CCL4-inflammatory","LGALS9","P4HB",0.0292183181299132,0,"LGALS9_P4HB","LGALS9 - P4HB","GALECTIN","Secreted Signaling","PMID:21670307;uniprot","Advanced"
"C6-SLC2A1-like","Myeloid-CLEC10A-APC","LGALS9","P4HB",0.0417359400657273,0,"LGALS9_P4HB","LGALS9 - P4HB","GALECTIN","Secreted Signaling","PMID:21670307;uniprot","Advanced"
"C7-APOBEC3A-like","Myeloid-CLEC10A-APC","LGALS9","P4HB",0.0771747238106767,0,"LGALS9_P4HB","LGALS9 - P4HB","GALECTIN","Secreted Signaling","PMID:21670307;uniprot","Advanced"
"Mac-Cycling","Myeloid-CLEC10A-APC","LGALS9","P4HB",0.061220234241685,0,"LGALS9_P4HB","LGALS9 - P4HB","GALECTIN","Secreted Signaling","PMID:21670307;uniprot","Advanced"
"Mac-FOLR2-LYVE1-resident","Myeloid-CLEC10A-APC","LGALS9","P4HB",0.0412635284605005,0,"LGALS9_P4HB","LGALS9 - P4HB","GALECTIN","Secreted Signaling","PMID:21670307;uniprot","Advanced"
"Mac-OLFML3-CX3CR1-resident","Myeloid-CLEC10A-APC","LGALS9","P4HB",0.038278622327571,0,"LGALS9_P4HB","LGALS9 - P4HB","GALECTIN","Secreted Signaling","PMID:21670307;uniprot","Advanced"
"Mac-TNF-CCL4-inflammatory","Myeloid-CLEC10A-APC","LGALS9","P4HB",0.017525076690769,0,"LGALS9_P4HB","LGALS9 - P4HB","GALECTIN","Secreted Signaling","PMID:21670307;uniprot","Advanced"
"Mono-FCN1-S100A8-S100A9","Myeloid-CLEC10A-APC","LGALS9","P4HB",0.0178383567586977,0,"LGALS9_P4HB","LGALS9 - P4HB","GALECTIN","Secreted Signaling","PMID:21670307;uniprot","Advanced"
"Myeloid-CLEC10A-APC","Myeloid-CLEC10A-APC","LGALS9","P4HB",0.0433577174480662,0,"LGALS9_P4HB","LGALS9 - P4HB","GALECTIN","Secreted Signaling","PMID:21670307;uniprot","Advanced"
"Myeloid-CLEC10A-APC","C6-SLC2A1-like","PPIA","BSG",0.0713304636991972,0.02,"PPIA_BSG","PPIA - BSG","CypA","Secreted Signaling","PMID: 36012604","Advanced"
"Myeloid-CLEC10A-APC","C7-APOBEC3A-like","PPIA","BSG",0.0854086463962147,0,"PPIA_BSG","PPIA - BSG","CypA","Secreted Signaling","PMID: 36012604","Advanced"
"Myeloid-CLEC10A-APC","Mac-Cycling","PPIA","BSG",0.0670486703431875,0.04,"PPIA_BSG","PPIA - BSG","CypA","Secreted Signaling","PMID: 36012604","Advanced"
"C6-SLC2A1-like","Myeloid-CLEC10A-APC","PPIA","BSG",0.0732759532668257,0,"PPIA_BSG","PPIA - BSG","CypA","Secreted Signaling","PMID: 36012604","Advanced"
"Mac-Cycling","Myeloid-CLEC10A-APC","PPIA","BSG",0.0915467127173263,0,"PPIA_BSG","PPIA - BSG","CypA","Secreted Signaling","PMID: 36012604","Advanced"
"Mac-OLFML3-CX3CR1-resident","Myeloid-CLEC10A-APC","PPIA","BSG",0.069708012504125,0.01,"PPIA_BSG","PPIA - BSG","CypA","Secreted Signaling","PMID: 36012604","Advanced"
"Myeloid-CLEC10A-APC","Myeloid-CLEC10A-APC","PPIA","BSG",0.0769250225251122,0,"PPIA_BSG","PPIA - BSG","CypA","Secreted Signaling","PMID: 36012604","Advanced"
"Myeloid-CLEC10A-APC","C6-SLC2A1-like","PLAU","PLAUR",0.0108327874266788,0,"PLAU_PLAUR","PLAU - PLAUR","PLAU","Secreted Signaling","uniprot","Advanced"
"Myeloid-CLEC10A-APC","C7-APOBEC3A-like","PLAU","PLAUR",0.00824996450076287,0,"PLAU_PLAUR","PLAU - PLAUR","PLAU","Secreted Signaling","uniprot","Advanced"
"Myeloid-CLEC10A-APC","Mac-Cycling","PLAU","PLAUR",0.00597438592945447,0,"PLAU_PLAUR","PLAU - PLAUR","PLAU","Secreted Signaling","uniprot","Advanced"
"Myeloid-CLEC10A-APC","Mac-FOLR2-LYVE1-resident","PLAU","PLAUR",0.00542062324877485,0,"PLAU_PLAUR","PLAU - PLAUR","PLAU","Secreted Signaling","uniprot","Advanced"
"Myeloid-CLEC10A-APC","Mac-NUPR1-IGF2-stress","PLAU","PLAUR",0.00638467532115619,0,"PLAU_PLAUR","PLAU - PLAUR","PLAU","Secreted Signaling","uniprot","Advanced"
"Myeloid-CLEC10A-APC","Mac-OLFML3-CX3CR1-resident","PLAU","PLAUR",0.00833499098690713,0,"PLAU_PLAUR","PLAU - PLAUR","PLAU","Secreted Signaling","uniprot","Advanced"
"Myeloid-CLEC10A-APC","Mac-TNF-CCL4-inflammatory","PLAU","PLAUR",0.00863947255292816,0,"PLAU_PLAUR","PLAU - PLAUR","PLAU","Secreted Signaling","uniprot","Advanced"
"Myeloid-CLEC10A-APC","Mono-FCN1-S100A8-S100A9","PLAU","PLAUR",0.00906704690996009,0,"PLAU_PLAUR","PLAU - PLAUR","PLAU","Secreted Signaling","uniprot","Advanced"
"C6-SLC2A1-like","Myeloid-CLEC10A-APC","PLAU","PLAUR",0.0804314722603229,0,"PLAU_PLAUR","PLAU - PLAUR","PLAU","Secreted Signaling","uniprot","Advanced"
"C7-APOBEC3A-like","Myeloid-CLEC10A-APC","PLAU","PLAUR",0.0543230506471732,0,"PLAU_PLAUR","PLAU - PLAUR","PLAU","Secreted Signaling","uniprot","Advanced"
"Mac-Cycling","Myeloid-CLEC10A-APC","PLAU","PLAUR",0.0850327491871853,0,"PLAU_PLAUR","PLAU - PLAUR","PLAU","Secreted Signaling","uniprot","Advanced"
"Mac-FOLR2-LYVE1-resident","Myeloid-CLEC10A-APC","PLAU","PLAUR",0.0708146897618806,0,"PLAU_PLAUR","PLAU - PLAUR","PLAU","Secreted Signaling","uniprot","Advanced"
"Mac-OLFML3-CX3CR1-resident","Myeloid-CLEC10A-APC","PLAU","PLAUR",0.0848009343963321,0,"PLAU_PLAUR","PLAU - PLAUR","PLAU","Secreted Signaling","uniprot","Advanced"
"Mac-TNF-CCL4-inflammatory","Myeloid-CLEC10A-APC","PLAU","PLAUR",0.0363240487370524,0,"PLAU_PLAUR","PLAU - PLAUR","PLAU","Secreted Signaling","uniprot","Advanced"
"Myeloid-CLEC10A-APC","Myeloid-CLEC10A-APC","PLAU","PLAUR",0.0117471391095731,0,"PLAU_PLAUR","PLAU - PLAUR","PLAU","Secreted Signaling","uniprot","Advanced"
"Myeloid-CLEC10A-APC","C6-SLC2A1-like","FN1","ITGA4_ITGB1",0.0364076502969372,0,"FN1_ITGA4_ITGB1","FN1 - (ITGA4+ITGB1)","FN1","ECM-Receptor","KEGG: hsa04512","Advanced"
"Myeloid-CLEC10A-APC","C7-APOBEC3A-like","FN1","ITGA4_ITGB1",0.0311968310370882,0,"FN1_ITGA4_ITGB1","FN1 - (ITGA4+ITGB1)","FN1","ECM-Receptor","KEGG: hsa04512","Advanced"
"Myeloid-CLEC10A-APC","Mac-Cycling","FN1","ITGA4_ITGB1",0.0524078793274861,0,"FN1_ITGA4_ITGB1","FN1 - (ITGA4+ITGB1)","FN1","ECM-Receptor","KEGG: hsa04512","Advanced"
"Myeloid-CLEC10A-APC","Mac-FOLR2-LYVE1-resident","FN1","ITGA4_ITGB1",0.0425836197008964,0,"FN1_ITGA4_ITGB1","FN1 - (ITGA4+ITGB1)","FN1","ECM-Receptor","KEGG: hsa04512","Advanced"
"Myeloid-CLEC10A-APC","Mac-OLFML3-CX3CR1-resident","FN1","ITGA4_ITGB1",0.0525165881199215,0,"FN1_ITGA4_ITGB1","FN1 - (ITGA4+ITGB1)","FN1","ECM-Receptor","KEGG: hsa04512","Advanced"
"Myeloid-CLEC10A-APC","Mac-TNF-CCL4-inflammatory","FN1","ITGA4_ITGB1",0.0283235791334001,0,"FN1_ITGA4_ITGB1","FN1 - (ITGA4+ITGB1)","FN1","ECM-Receptor","KEGG: hsa04512","Advanced"
"C6-SLC2A1-like","Myeloid-CLEC10A-APC","FN1","ITGA4_ITGB1",0.0206784396563735,0,"FN1_ITGA4_ITGB1","FN1 - (ITGA4+ITGB1)","FN1","ECM-Receptor","KEGG: hsa04512","Advanced"
"C7-APOBEC3A-like","Myeloid-CLEC10A-APC","FN1","ITGA4_ITGB1",0.0275732670581221,0,"FN1_ITGA4_ITGB1","FN1 - (ITGA4+ITGB1)","FN1","ECM-Receptor","KEGG: hsa04512","Advanced"
"Mac-Cycling","Myeloid-CLEC10A-APC","FN1","ITGA4_ITGB1",0.0183190066036056,0,"FN1_ITGA4_ITGB1","FN1 - (ITGA4+ITGB1)","FN1","ECM-Receptor","KEGG: hsa04512","Advanced"
"Mac-FOLR2-LYVE1-resident","Myeloid-CLEC10A-APC","FN1","ITGA4_ITGB1",0.0114637284745523,0,"FN1_ITGA4_ITGB1","FN1 - (ITGA4+ITGB1)","FN1","ECM-Receptor","KEGG: hsa04512","Advanced"
"Mac-OLFML3-CX3CR1-resident","Myeloid-CLEC10A-APC","FN1","ITGA4_ITGB1",0.0157225702743114,0,"FN1_ITGA4_ITGB1","FN1 - (ITGA4+ITGB1)","FN1","ECM-Receptor","KEGG: hsa04512","Advanced"
"Mac-TNF-CCL4-inflammatory","Myeloid-CLEC10A-APC","FN1","ITGA4_ITGB1",0.023099488534738,0,"FN1_ITGA4_ITGB1","FN1 - (ITGA4+ITGB1)","FN1","ECM-Receptor","KEGG: hsa04512","Advanced"
"Myeloid-CLEC10A-APC","Myeloid-CLEC10A-APC","FN1","ITGA4_ITGB1",0.0276960654402749,0,"FN1_ITGA4_ITGB1","FN1 - (ITGA4+ITGB1)","FN1","ECM-Receptor","KEGG: hsa04512","Advanced"
"Myeloid-CLEC10A-APC","C6-SLC2A1-like","FN1","ITGA5_ITGB1",0.0669323397697211,0,"FN1_ITGA5_ITGB1","FN1 - (ITGA5+ITGB1)","FN1","ECM-Receptor","KEGG: hsa04512","Advanced"
"Myeloid-CLEC10A-APC","Mac-Cycling","FN1","ITGA5_ITGB1",0.028842818241798,0,"FN1_ITGA5_ITGB1","FN1 - (ITGA5+ITGB1)","FN1","ECM-Receptor","KEGG: hsa04512","Advanced"
"Myeloid-CLEC10A-APC","Mac-OLFML3-CX3CR1-resident","FN1","ITGA5_ITGB1",0.0287354438308705,0,"FN1_ITGA5_ITGB1","FN1 - (ITGA5+ITGB1)","FN1","ECM-Receptor","KEGG: hsa04512","Advanced"
"C6-SLC2A1-like","Myeloid-CLEC10A-APC","FN1","ITGA5_ITGB1",0.0339190005280864,0,"FN1_ITGA5_ITGB1","FN1 - (ITGA5+ITGB1)","FN1","ECM-Receptor","KEGG: hsa04512","Advanced"
"C7-APOBEC3A-like","Myeloid-CLEC10A-APC","FN1","ITGA5_ITGB1",0.0450256609320521,0,"FN1_ITGA5_ITGB1","FN1 - (ITGA5+ITGB1)","FN1","ECM-Receptor","KEGG: hsa04512","Advanced"
"Mac-Cycling","Myeloid-CLEC10A-APC","FN1","ITGA5_ITGB1",0.0300952314855578,0,"FN1_ITGA5_ITGB1","FN1 - (ITGA5+ITGB1)","FN1","ECM-Receptor","KEGG: hsa04512","Advanced"
"Mac-FOLR2-LYVE1-resident","Myeloid-CLEC10A-APC","FN1","ITGA5_ITGB1",0.0189180181822543,0,"FN1_ITGA5_ITGB1","FN1 - (ITGA5+ITGB1)","FN1","ECM-Receptor","KEGG: hsa04512","Advanced"
"Mac-NUPR1-IGF2-stress","Myeloid-CLEC10A-APC","FN1","ITGA5_ITGB1",0.0119003168238012,0,"FN1_ITGA5_ITGB1","FN1 - (ITGA5+ITGB1)","FN1","ECM-Receptor","KEGG: hsa04512","Advanced"
"Mac-OLFML3-CX3CR1-resident","Myeloid-CLEC10A-APC","FN1","ITGA5_ITGB1",0.0258736887171935,0,"FN1_ITGA5_ITGB1","FN1 - (ITGA5+ITGB1)","FN1","ECM-Receptor","KEGG: hsa04512","Advanced"
"Mac-TNF-CCL4-inflammatory","Myeloid-CLEC10A-APC","FN1","ITGA5_ITGB1",0.0378303817070743,0,"FN1_ITGA5_ITGB1","FN1 - (ITGA5+ITGB1)","FN1","ECM-Receptor","KEGG: hsa04512","Advanced"
"Myeloid-CLEC10A-APC","Myeloid-CLEC10A-APC","FN1","ITGA5_ITGB1",0.0452225695008947,0,"FN1_ITGA5_ITGB1","FN1 - (ITGA5+ITGB1)","FN1","ECM-Receptor","KEGG: hsa04512","Advanced"
"Myeloid-CLEC10A-APC","C6-SLC2A1-like","FN1","ITGAV_ITGB1",0.0367204850275232,0,"FN1_ITGAV_ITGB1","FN1 - (ITGAV+ITGB1)","FN1","ECM-Receptor","KEGG: hsa04512","Advanced"
"Myeloid-CLEC10A-APC","C7-APOBEC3A-like","FN1","ITGAV_ITGB1",0.0522041246878892,0,"FN1_ITGAV_ITGB1","FN1 - (ITGAV+ITGB1)","FN1","ECM-Receptor","KEGG: hsa04512","Advanced"
"Myeloid-CLEC10A-APC","Mac-Cycling","FN1","ITGAV_ITGB1",0.0455352024678274,0,"FN1_ITGAV_ITGB1","FN1 - (ITGAV+ITGB1)","FN1","ECM-Receptor","KEGG: hsa04512","Advanced"
"Myeloid-CLEC10A-APC","Mac-FOLR2-LYVE1-resident","FN1","ITGAV_ITGB1",0.0405353837753729,0,"FN1_ITGAV_ITGB1","FN1 - (ITGAV+ITGB1)","FN1","ECM-Receptor","KEGG: hsa04512","Advanced"
"Myeloid-CLEC10A-APC","Mac-OLFML3-CX3CR1-resident","FN1","ITGAV_ITGB1",0.0470314828998816,0,"FN1_ITGAV_ITGB1","FN1 - (ITGAV+ITGB1)","FN1","ECM-Receptor","KEGG: hsa04512","Advanced"
"C6-SLC2A1-like","Myeloid-CLEC10A-APC","FN1","ITGAV_ITGB1",0.0330425053164853,0,"FN1_ITGAV_ITGB1","FN1 - (ITGAV+ITGB1)","FN1","ECM-Receptor","KEGG: hsa04512","Advanced"
"C7-APOBEC3A-like","Myeloid-CLEC10A-APC","FN1","ITGAV_ITGB1",0.0438751949032845,0,"FN1_ITGAV_ITGB1","FN1 - (ITGAV+ITGB1)","FN1","ECM-Receptor","KEGG: hsa04512","Advanced"
"Mac-Cycling","Myeloid-CLEC10A-APC","FN1","ITGAV_ITGB1",0.0293145473995937,0,"FN1_ITGAV_ITGB1","FN1 - (ITGAV+ITGB1)","FN1","ECM-Receptor","KEGG: hsa04512","Advanced"
"Mac-FOLR2-LYVE1-resident","Myeloid-CLEC10A-APC","FN1","ITGAV_ITGB1",0.0184217691486796,0,"FN1_ITGAV_ITGB1","FN1 - (ITGAV+ITGB1)","FN1","ECM-Receptor","KEGG: hsa04512","Advanced"
"Mac-NUPR1-IGF2-stress","Myeloid-CLEC10A-APC","FN1","ITGAV_ITGB1",0.0115859790750471,0,"FN1_ITGAV_ITGB1","FN1 - (ITGAV+ITGB1)","FN1","ECM-Receptor","KEGG: hsa04512","Advanced"
"Mac-OLFML3-CX3CR1-resident","Myeloid-CLEC10A-APC","FN1","ITGAV_ITGB1",0.0251996681722469,0,"FN1_ITGAV_ITGB1","FN1 - (ITGAV+ITGB1)","FN1","ECM-Receptor","KEGG: hsa04512","Advanced"
"Mac-TNF-CCL4-inflammatory","Myeloid-CLEC10A-APC","FN1","ITGAV_ITGB1",0.0368566691687285,0,"FN1_ITGAV_ITGB1","FN1 - (ITGAV+ITGB1)","FN1","ECM-Receptor","KEGG: hsa04512","Advanced"
"Myeloid-CLEC10A-APC","Myeloid-CLEC10A-APC","FN1","ITGAV_ITGB1",0.0440673043624803,0,"FN1_ITGAV_ITGB1","FN1 - (ITGAV+ITGB1)","FN1","ECM-Receptor","KEGG: hsa04512","Advanced"
"Myeloid-CLEC10A-APC","C7-APOBEC3A-like","FN1","ITGA4_ITGB7",0.0137797021223605,0,"FN1_ITGA4_ITGB7","FN1 - (ITGA4+ITGB7)","FN1","ECM-Receptor","KEGG: hsa04512","Advanced"
"Myeloid-CLEC10A-APC","Mac-Cycling","FN1","ITGA4_ITGB7",0.0179209882725281,0,"FN1_ITGA4_ITGB7","FN1 - (ITGA4+ITGB7)","FN1","ECM-Receptor","KEGG: hsa04512","Advanced"
"C6-SLC2A1-like","Myeloid-CLEC10A-APC","FN1","ITGA4_ITGB7",0.00655393838293942,0,"FN1_ITGA4_ITGB7","FN1 - (ITGA4+ITGB7)","FN1","ECM-Receptor","KEGG: hsa04512","Advanced"
"C7-APOBEC3A-like","Myeloid-CLEC10A-APC","FN1","ITGA4_ITGB7",0.00878145277321341,0,"FN1_ITGA4_ITGB7","FN1 - (ITGA4+ITGB7)","FN1","ECM-Receptor","KEGG: hsa04512","Advanced"
"Mac-Cycling","Myeloid-CLEC10A-APC","FN1","ITGA4_ITGB7",0.00579658753656536,0,"FN1_ITGA4_ITGB7","FN1 - (ITGA4+ITGB7)","FN1","ECM-Receptor","KEGG: hsa04512","Advanced"
"Mac-FOLR2-LYVE1-resident","Myeloid-CLEC10A-APC","FN1","ITGA4_ITGB7",0.00361017436991535,0,"FN1_ITGA4_ITGB7","FN1 - (ITGA4+ITGB7)","FN1","ECM-Receptor","KEGG: hsa04512","Advanced"
"Mac-NUPR1-IGF2-stress","Myeloid-CLEC10A-APC","FN1","ITGA4_ITGB7",0.00225789955184802,0,"FN1_ITGA4_ITGB7","FN1 - (ITGA4+ITGB7)","FN1","ECM-Receptor","KEGG: hsa04512","Advanced"
"Mac-OLFML3-CX3CR1-resident","Myeloid-CLEC10A-APC","FN1","ITGA4_ITGB7",0.0049660322693945,0,"FN1_ITGA4_ITGB7","FN1 - (ITGA4+ITGB7)","FN1","ECM-Receptor","KEGG: hsa04512","Advanced"
"Mac-TNF-CCL4-inflammatory","Myeloid-CLEC10A-APC","FN1","ITGA4_ITGB7",0.00733366274588359,0,"FN1_ITGA4_ITGB7","FN1 - (ITGA4+ITGB7)","FN1","ECM-Receptor","KEGG: hsa04512","Advanced"
"Myeloid-CLEC10A-APC","Myeloid-CLEC10A-APC","FN1","ITGA4_ITGB7",0.00882132042868232,0,"FN1_ITGA4_ITGB7","FN1 - (ITGA4+ITGB7)","FN1","ECM-Receptor","KEGG: hsa04512","Advanced"
"Myeloid-CLEC10A-APC","C6-SLC2A1-like","FN1","CD44",0.138606049538894,0,"FN1_CD44","FN1 - CD44","FN1","ECM-Receptor","KEGG: hsa04512","Advanced"
"Myeloid-CLEC10A-APC","C7-APOBEC3A-like","FN1","CD44",0.124029919961181,0,"FN1_CD44","FN1 - CD44","FN1","ECM-Receptor","KEGG: hsa04512","Advanced"
"Myeloid-CLEC10A-APC","Mac-Cycling","FN1","CD44",0.113856090556539,0,"FN1_CD44","FN1 - CD44","FN1","ECM-Receptor","KEGG: hsa04512","Advanced"
"Myeloid-CLEC10A-APC","Mac-FOLR2-LYVE1-resident","FN1","CD44",0.066928654646752,0,"FN1_CD44","FN1 - CD44","FN1","ECM-Receptor","KEGG: hsa04512","Advanced"
"Myeloid-CLEC10A-APC","Mac-NUPR1-IGF2-stress","FN1","CD44",0.0364593897178527,0,"FN1_CD44","FN1 - CD44","FN1","ECM-Receptor","KEGG: hsa04512","Advanced"
"Myeloid-CLEC10A-APC","Mac-OLFML3-CX3CR1-resident","FN1","CD44",0.0994061359251765,0,"FN1_CD44","FN1 - CD44","FN1","ECM-Receptor","KEGG: hsa04512","Advanced"
"Myeloid-CLEC10A-APC","Mac-TNF-CCL4-inflammatory","FN1","CD44",0.106688644915488,0,"FN1_CD44","FN1 - CD44","FN1","ECM-Receptor","KEGG: hsa04512","Advanced"
"Myeloid-CLEC10A-APC","Mono-FCN1-S100A8-S100A9","FN1","CD44",0.156741661400254,0,"FN1_CD44","FN1 - CD44","FN1","ECM-Receptor","KEGG: hsa04512","Advanced"
"C6-SLC2A1-like","Myeloid-CLEC10A-APC","FN1","CD44",0.127826768423342,0,"FN1_CD44","FN1 - CD44","FN1","ECM-Receptor","KEGG: hsa04512","Advanced"
"C7-APOBEC3A-like","Myeloid-CLEC10A-APC","FN1","CD44",0.164448896035351,0,"FN1_CD44","FN1 - CD44","FN1","ECM-Receptor","KEGG: hsa04512","Advanced"
"Mac-Cycling","Myeloid-CLEC10A-APC","FN1","CD44",0.114673158677084,0,"FN1_CD44","FN1 - CD44","FN1","ECM-Receptor","KEGG: hsa04512","Advanced"
"Mac-FOLR2-LYVE1-resident","Myeloid-CLEC10A-APC","FN1","CD44",0.0744968310844126,0,"FN1_CD44","FN1 - CD44","FN1","ECM-Receptor","KEGG: hsa04512","Advanced"
"Mac-NUPR1-IGF2-stress","Myeloid-CLEC10A-APC","FN1","CD44",0.0478679153407911,0,"FN1_CD44","FN1 - CD44","FN1","ECM-Receptor","KEGG: hsa04512","Advanced"
"Mac-OLFML3-CX3CR1-resident","Myeloid-CLEC10A-APC","FN1","CD44",0.0998085009317454,0,"FN1_CD44","FN1 - CD44","FN1","ECM-Receptor","KEGG: hsa04512","Advanced"
"Mac-TNF-CCL4-inflammatory","Myeloid-CLEC10A-APC","FN1","CD44",0.140986805116097,0,"FN1_CD44","FN1 - CD44","FN1","ECM-Receptor","KEGG: hsa04512","Advanced"
"Myeloid-CLEC10A-APC","Myeloid-CLEC10A-APC","FN1","CD44",0.16507779278427,0,"FN1_CD44","FN1 - CD44","FN1","ECM-Receptor","KEGG: hsa04512","Advanced"
"C6-SLC2A1-like","Myeloid-CLEC10A-APC","COL1A1","CD44",0.0181187015394746,0,"COL1A1_CD44","COL1A1 - CD44","COLLAGEN","ECM-Receptor","KEGG: hsa04512","Advanced"
"Mac-Cycling","Myeloid-CLEC10A-APC","COL1A1","CD44",0.00854025376159954,0.01,"COL1A1_CD44","COL1A1 - CD44","COLLAGEN","ECM-Receptor","KEGG: hsa04512","Advanced"
"Mac-Cycling","Myeloid-CLEC10A-APC","COL1A2","CD44",0.00809122396241924,0.04,"COL1A2_CD44","COL1A2 - CD44","COLLAGEN","ECM-Receptor","KEGG: hsa04512","Advanced"
"C6-SLC2A1-like","Myeloid-CLEC10A-APC","COL1A1","SDC4",0.00106531025408576,0.01,"COL1A1_SDC4","COL1A1 - SDC4","COLLAGEN","ECM-Receptor","KEGG: hsa04512","Advanced"
"Myeloid-CLEC10A-APC","C6-SLC2A1-like","FN1","SDC4",0.0163007312142216,0,"FN1_SDC4","FN1 - SDC4","FN1","ECM-Receptor","KEGG: hsa04512","Advanced"
"Myeloid-CLEC10A-APC","C7-APOBEC3A-like","FN1","SDC4",0.0155221077095589,0,"FN1_SDC4","FN1 - SDC4","FN1","ECM-Receptor","KEGG: hsa04512","Advanced"
"Myeloid-CLEC10A-APC","Mac-Cycling","FN1","SDC4",0.00490680639830155,0,"FN1_SDC4","FN1 - SDC4","FN1","ECM-Receptor","KEGG: hsa04512","Advanced"
"C6-SLC2A1-like","Myeloid-CLEC10A-APC","FN1","SDC4",0.00839898773819622,0,"FN1_SDC4","FN1 - SDC4","FN1","ECM-Receptor","KEGG: hsa04512","Advanced"
"C7-APOBEC3A-like","Myeloid-CLEC10A-APC","FN1","SDC4",0.0112464877268179,0,"FN1_SDC4","FN1 - SDC4","FN1","ECM-Receptor","KEGG: hsa04512","Advanced"
"Mac-Cycling","Myeloid-CLEC10A-APC","FN1","SDC4",0.00743002384725077,0,"FN1_SDC4","FN1 - SDC4","FN1","ECM-Receptor","KEGG: hsa04512","Advanced"
"Mac-FOLR2-LYVE1-resident","Myeloid-CLEC10A-APC","FN1","SDC4",0.00463036478579569,0,"FN1_SDC4","FN1 - SDC4","FN1","ECM-Receptor","KEGG: hsa04512","Advanced"
"Mac-NUPR1-IGF2-stress","Myeloid-CLEC10A-APC","FN1","SDC4",0.00289706499210451,0.04,"FN1_SDC4","FN1 - SDC4","FN1","ECM-Receptor","KEGG: hsa04512","Advanced"
"Mac-OLFML3-CX3CR1-resident","Myeloid-CLEC10A-APC","FN1","SDC4",0.00636692296295885,0,"FN1_SDC4","FN1 - SDC4","FN1","ECM-Receptor","KEGG: hsa04512","Advanced"
"Mac-TNF-CCL4-inflammatory","Myeloid-CLEC10A-APC","FN1","SDC4",0.00939614215627793,0,"FN1_SDC4","FN1 - SDC4","FN1","ECM-Receptor","KEGG: hsa04512","Advanced"
"Myeloid-CLEC10A-APC","Myeloid-CLEC10A-APC","FN1","SDC4",0.0112974190496563,0,"FN1_SDC4","FN1 - SDC4","FN1","ECM-Receptor","KEGG: hsa04512","Advanced"
"Myeloid-CLEC10A-APC","Mac-Cycling","LTC4-LTC4S","CYSLTR1",0.00137500253755023,0,"LTC4-LTC4S_CYSLTR1","LTC4-LTC4S - CYSLTR1","CysLTs","Non-protein Signaling","PMID:33753496","Advanced"
"Myeloid-CLEC10A-APC","C7-APOBEC3A-like","LTB4-LTA4H","LTB4R",0.00458355232280932,0,"LTB4-LTA4H_LTB4R1","LTB4-LTA4H - LTB4R","CysLTs","Non-protein Signaling","PMID:33753496","Advanced"
"C7-APOBEC3A-like","Myeloid-CLEC10A-APC","PGE2-PTGES2","PTGER2",0.000483371193392477,0,"PGE2-PTGES2_PTGER2","PGE2-PTGES2 - PTGER2","Prostaglandin","Non-protein Signaling","PMID: 34949672;PMID: 21508345","Advanced"
"Mac-Cycling","Myeloid-CLEC10A-APC","PGE2-PTGES2","PTGER2",0.000369926324132257,0,"PGE2-PTGES2_PTGER2","PGE2-PTGES2 - PTGER2","Prostaglandin","Non-protein Signaling","PMID: 34949672;PMID: 21508345","Advanced"
"Mac-OLFML3-CX3CR1-resident","Myeloid-CLEC10A-APC","PGE2-PTGES2","PTGER2",0.000443736429873314,0,"PGE2-PTGES2_PTGER2","PGE2-PTGES2 - PTGER2","Prostaglandin","Non-protein Signaling","PMID: 34949672;PMID: 21508345","Advanced"
"Myeloid-CLEC10A-APC","Myeloid-CLEC10A-APC","PGE2-PTGES2","PTGER2",0.000376523721750257,0,"PGE2-PTGES2_PTGER2","PGE2-PTGES2 - PTGER2","Prostaglandin","Non-protein Signaling","PMID: 34949672;PMID: 21508345","Advanced"
"C6-SLC2A1-like","Myeloid-CLEC10A-APC","PGE2-PTGES3","PTGER2",0.00369679532910692,0,"PGE2-PTGES3_PTGER2","PGE2-PTGES3 - PTGER2","Prostaglandin","Non-protein Signaling","PMID: 34949672;PMID: 21508345","Advanced"
"C7-APOBEC3A-like","Myeloid-CLEC10A-APC","PGE2-PTGES3","PTGER2",0.00334696910115745,0,"PGE2-PTGES3_PTGER2","PGE2-PTGES3 - PTGER2","Prostaglandin","Non-protein Signaling","PMID: 34949672;PMID: 21508345","Advanced"
"Mac-Cycling","Myeloid-CLEC10A-APC","PGE2-PTGES3","PTGER2",0.00468716953340055,0,"PGE2-PTGES3_PTGER2","PGE2-PTGES3 - PTGER2","Prostaglandin","Non-protein Signaling","PMID: 34949672;PMID: 21508345","Advanced"
"Mac-FOLR2-LYVE1-resident","Myeloid-CLEC10A-APC","PGE2-PTGES3","PTGER2",0.00291844983340734,0,"PGE2-PTGES3_PTGER2","PGE2-PTGES3 - PTGER2","Prostaglandin","Non-protein Signaling","PMID: 34949672;PMID: 21508345","Advanced"
"Mac-NUPR1-IGF2-stress","Myeloid-CLEC10A-APC","PGE2-PTGES3","PTGER2",0.00112850421831397,0,"PGE2-PTGES3_PTGER2","PGE2-PTGES3 - PTGER2","Prostaglandin","Non-protein Signaling","PMID: 34949672;PMID: 21508345","Advanced"
"Mac-OLFML3-CX3CR1-resident","Myeloid-CLEC10A-APC","PGE2-PTGES3","PTGER2",0.00348145752969702,0,"PGE2-PTGES3_PTGER2","PGE2-PTGES3 - PTGER2","Prostaglandin","Non-protein Signaling","PMID: 34949672;PMID: 21508345","Advanced"
"Mac-TNF-CCL4-inflammatory","Myeloid-CLEC10A-APC","PGE2-PTGES3","PTGER2",0.00104422897683188,0,"PGE2-PTGES3_PTGER2","PGE2-PTGES3 - PTGER2","Prostaglandin","Non-protein Signaling","PMID: 34949672;PMID: 21508345","Advanced"
"Mono-FCN1-S100A8-S100A9","Myeloid-CLEC10A-APC","PGE2-PTGES3","PTGER2",0.00274294029801854,0,"PGE2-PTGES3_PTGER2","PGE2-PTGES3 - PTGER2","Prostaglandin","Non-protein Signaling","PMID: 34949672;PMID: 21508345","Advanced"
"Myeloid-CLEC10A-APC","Myeloid-CLEC10A-APC","PGE2-PTGES3","PTGER2",0.00370995439381329,0,"PGE2-PTGES3_PTGER2","PGE2-PTGES3 - PTGER2","Prostaglandin","Non-protein Signaling","PMID: 34949672;PMID: 21508345","Advanced"
"Myeloid-CLEC10A-APC","C6-SLC2A1-like","PGE2-PTGES2","PTGER4",0.0037409521748791,0,"PGE2-PTGES2_PTGER4","PGE2-PTGES2 - PTGER4","Prostaglandin","Non-protein Signaling","PMID: 34949672;PMID: 21508345","Advanced"
"Myeloid-CLEC10A-APC","C7-APOBEC3A-like","PGE2-PTGES2","PTGER4",0.00291311122844019,0,"PGE2-PTGES2_PTGER4","PGE2-PTGES2 - PTGER4","Prostaglandin","Non-protein Signaling","PMID: 34949672;PMID: 21508345","Advanced"
"Myeloid-CLEC10A-APC","Mac-Cycling","PGE2-PTGES2","PTGER4",0.0025172277131805,0,"PGE2-PTGES2_PTGER4","PGE2-PTGES2 - PTGER4","Prostaglandin","Non-protein Signaling","PMID: 34949672;PMID: 21508345","Advanced"
"Myeloid-CLEC10A-APC","Mac-FOLR2-LYVE1-resident","PGE2-PTGES2","PTGER4",0.00377906298399829,0,"PGE2-PTGES2_PTGER4","PGE2-PTGES2 - PTGER4","Prostaglandin","Non-protein Signaling","PMID: 34949672;PMID: 21508345","Advanced"
"Myeloid-CLEC10A-APC","Mac-NUPR1-IGF2-stress","PGE2-PTGES2","PTGER4",0.00166256281593361,0,"PGE2-PTGES2_PTGER4","PGE2-PTGES2 - PTGER4","Prostaglandin","Non-protein Signaling","PMID: 34949672;PMID: 21508345","Advanced"
"Myeloid-CLEC10A-APC","Mac-OLFML3-CX3CR1-resident","PGE2-PTGES2","PTGER4",0.00406845512872533,0,"PGE2-PTGES2_PTGER4","PGE2-PTGES2 - PTGER4","Prostaglandin","Non-protein Signaling","PMID: 34949672;PMID: 21508345","Advanced"
"Myeloid-CLEC10A-APC","Mac-TNF-CCL4-inflammatory","PGE2-PTGES2","PTGER4",0.00415839178114231,0,"PGE2-PTGES2_PTGER4","PGE2-PTGES2 - PTGER4","Prostaglandin","Non-protein Signaling","PMID: 34949672;PMID: 21508345","Advanced"
"Myeloid-CLEC10A-APC","Mono-FCN1-S100A8-S100A9","PGE2-PTGES2","PTGER4",0.00119162473784298,0.01,"PGE2-PTGES2_PTGER4","PGE2-PTGES2 - PTGER4","Prostaglandin","Non-protein Signaling","PMID: 34949672;PMID: 21508345","Advanced"
"C7-APOBEC3A-like","Myeloid-CLEC10A-APC","PGE2-PTGES2","PTGER4",0.00419683296146235,0,"PGE2-PTGES2_PTGER4","PGE2-PTGES2 - PTGER4","Prostaglandin","Non-protein Signaling","PMID: 34949672;PMID: 21508345","Advanced"
"Mac-Cycling","Myeloid-CLEC10A-APC","PGE2-PTGES2","PTGER4",0.00321465969946774,0,"PGE2-PTGES2_PTGER4","PGE2-PTGES2 - PTGER4","Prostaglandin","Non-protein Signaling","PMID: 34949672;PMID: 21508345","Advanced"
"Mac-OLFML3-CX3CR1-resident","Myeloid-CLEC10A-APC","PGE2-PTGES2","PTGER4",0.00385388123559731,0,"PGE2-PTGES2_PTGER4","PGE2-PTGES2 - PTGER4","Prostaglandin","Non-protein Signaling","PMID: 34949672;PMID: 21508345","Advanced"
"Myeloid-CLEC10A-APC","Myeloid-CLEC10A-APC","PGE2-PTGES2","PTGER4",0.00327182502959208,0,"PGE2-PTGES2_PTGER4","PGE2-PTGES2 - PTGER4","Prostaglandin","Non-protein Signaling","PMID: 34949672;PMID: 21508345","Advanced"
"Myeloid-CLEC10A-APC","C6-SLC2A1-like","PGE2-PTGES3","PTGER4",0.0357937105307551,0,"PGE2-PTGES3_PTGER4","PGE2-PTGES3 - PTGER4","Prostaglandin","Non-protein Signaling","PMID: 34949672;PMID: 21508345","Advanced"
"Myeloid-CLEC10A-APC","C7-APOBEC3A-like","PGE2-PTGES3","PTGER4",0.0280727340551598,0.01,"PGE2-PTGES3_PTGER4","PGE2-PTGES3 - PTGER4","Prostaglandin","Non-protein Signaling","PMID: 34949672;PMID: 21508345","Advanced"
"Myeloid-CLEC10A-APC","Mac-Cycling","PGE2-PTGES3","PTGER4",0.0243411981446314,0,"PGE2-PTGES3_PTGER4","PGE2-PTGES3 - PTGER4","Prostaglandin","Non-protein Signaling","PMID: 34949672;PMID: 21508345","Advanced"
"Myeloid-CLEC10A-APC","Mac-FOLR2-LYVE1-resident","PGE2-PTGES3","PTGER4",0.0361465101388673,0,"PGE2-PTGES3_PTGER4","PGE2-PTGES3 - PTGER4","Prostaglandin","Non-protein Signaling","PMID: 34949672;PMID: 21508345","Advanced"
"Myeloid-CLEC10A-APC","Mac-NUPR1-IGF2-stress","PGE2-PTGES3","PTGER4",0.0161970422009506,0.02,"PGE2-PTGES3_PTGER4","PGE2-PTGES3 - PTGER4","Prostaglandin","Non-protein Signaling","PMID: 34949672;PMID: 21508345","Advanced"
"Myeloid-CLEC10A-APC","Mac-OLFML3-CX3CR1-resident","PGE2-PTGES3","PTGER4",0.03881794842588,0,"PGE2-PTGES3_PTGER4","PGE2-PTGES3 - PTGER4","Prostaglandin","Non-protein Signaling","PMID: 34949672;PMID: 21508345","Advanced"
"Myeloid-CLEC10A-APC","Mac-TNF-CCL4-inflammatory","PGE2-PTGES3","PTGER4",0.0396454733562374,0,"PGE2-PTGES3_PTGER4","PGE2-PTGES3 - PTGER4","Prostaglandin","Non-protein Signaling","PMID: 34949672;PMID: 21508345","Advanced"
"C6-SLC2A1-like","Myeloid-CLEC10A-APC","PGE2-PTGES3","PTGER4",0.0313234860499913,0,"PGE2-PTGES3_PTGER4","PGE2-PTGES3 - PTGER4","Prostaglandin","Non-protein Signaling","PMID: 34949672;PMID: 21508345","Advanced"
"C7-APOBEC3A-like","Myeloid-CLEC10A-APC","PGE2-PTGES3","PTGER4",0.0284339682068285,0,"PGE2-PTGES3_PTGER4","PGE2-PTGES3 - PTGER4","Prostaglandin","Non-protein Signaling","PMID: 34949672;PMID: 21508345","Advanced"
"Mac-Cycling","Myeloid-CLEC10A-APC","PGE2-PTGES3","PTGER4",0.0394222163809258,0,"PGE2-PTGES3_PTGER4","PGE2-PTGES3 - PTGER4","Prostaglandin","Non-protein Signaling","PMID: 34949672;PMID: 21508345","Advanced"
"Mac-FOLR2-LYVE1-resident","Myeloid-CLEC10A-APC","PGE2-PTGES3","PTGER4",0.0248736703942883,0,"PGE2-PTGES3_PTGER4","PGE2-PTGES3 - PTGER4","Prostaglandin","Non-protein Signaling","PMID: 34949672;PMID: 21508345","Advanced"
"Mac-OLFML3-CX3CR1-resident","Myeloid-CLEC10A-APC","PGE2-PTGES3","PTGER4",0.0295466218172355,0,"PGE2-PTGES3_PTGER4","PGE2-PTGES3 - PTGER4","Prostaglandin","Non-protein Signaling","PMID: 34949672;PMID: 21508345","Advanced"
"Mono-FCN1-S100A8-S100A9","Myeloid-CLEC10A-APC","PGE2-PTGES3","PTGER4",0.0234088174151385,0,"PGE2-PTGES3_PTGER4","PGE2-PTGES3 - PTGER4","Prostaglandin","Non-protein Signaling","PMID: 34949672;PMID: 21508345","Advanced"
"Myeloid-CLEC10A-APC","Myeloid-CLEC10A-APC","PGE2-PTGES3","PTGER4",0.0314318822564399,0,"PGE2-PTGES3_PTGER4","PGE2-PTGES3 - PTGER4","Prostaglandin","Non-protein Signaling","PMID: 34949672;PMID: 21508345","Advanced"
"Myeloid-CLEC10A-APC","C7-APOBEC3A-like","DHEAS-SULT2B","PPARA",0.00126338798899425,0,"DHEAsulfate-DHEAS-SULT2B_PPARA","DHEAS-SULT2B - PPARA","DHEAS","Non-protein Signaling","HMRbase","Advanced"
"Myeloid-CLEC10A-APC","C6-SLC2A1-like","DHEAS-SULT2B","PPARD",0.00135044588614919,0,"DHEAsulfate-DHEAS-SULT2B_PPARD","DHEAS-SULT2B - PPARD","DHEAS","Non-protein Signaling","HMRbase","Advanced"
"Myeloid-CLEC10A-APC","C7-APOBEC3A-like","DHEAS-SULT2B","PPARD",0.00096598354256122,0,"DHEAsulfate-DHEAS-SULT2B_PPARD","DHEAS-SULT2B - PPARD","DHEAS","Non-protein Signaling","HMRbase","Advanced"
"Myeloid-CLEC10A-APC","Mac-Cycling","DHEAS-SULT2B","PPARD",0.000766519144398515,0,"DHEAsulfate-DHEAS-SULT2B_PPARD","DHEAS-SULT2B - PPARD","DHEAS","Non-protein Signaling","HMRbase","Advanced"
"Myeloid-CLEC10A-APC","Mac-OLFML3-CX3CR1-resident","DHEAS-SULT2B","PPARD",0.000769895457630037,0,"DHEAsulfate-DHEAS-SULT2B_PPARD","DHEAS-SULT2B - PPARD","DHEAS","Non-protein Signaling","HMRbase","Advanced"
"C7-APOBEC3A-like","Myeloid-CLEC10A-APC","DHEAS-SULT2B","PPARD",0.000594770058429035,0,"DHEAsulfate-DHEAS-SULT2B_PPARD","DHEAS-SULT2B - PPARD","DHEAS","Non-protein Signaling","HMRbase","Advanced"
"Mac-Cycling","Myeloid-CLEC10A-APC","DHEAS-SULT2B","PPARD",0.000377172267044081,0,"DHEAsulfate-DHEAS-SULT2B_PPARD","DHEAS-SULT2B - PPARD","DHEAS","Non-protein Signaling","HMRbase","Advanced"
"Myeloid-CLEC10A-APC","Myeloid-CLEC10A-APC","DHEAS-SULT2B","PPARD",0.000875576741619301,0,"DHEAsulfate-DHEAS-SULT2B_PPARD","DHEAS-SULT2B - PPARD","DHEAS","Non-protein Signaling","HMRbase","Advanced"
"Myeloid-CLEC10A-APC","C6-SLC2A1-like","APP","CD74",0.0567871023699421,0,"APP_CD74","APP - CD74","APP","Cell-Cell Contact","PMID: 19849849","Advanced"
"Myeloid-CLEC10A-APC","C7-APOBEC3A-like","APP","CD74",0.0716309368075084,0,"APP_CD74","APP - CD74","APP","Cell-Cell Contact","PMID: 19849849","Advanced"
"Myeloid-CLEC10A-APC","Mac-Cycling","APP","CD74",0.0547175901798559,0,"APP_CD74","APP - CD74","APP","Cell-Cell Contact","PMID: 19849849","Advanced"
"Myeloid-CLEC10A-APC","Mac-FOLR2-LYVE1-resident","APP","CD74",0.0670142668539022,0,"APP_CD74","APP - CD74","APP","Cell-Cell Contact","PMID: 19849849","Advanced"
"Myeloid-CLEC10A-APC","Mac-NUPR1-IGF2-stress","APP","CD74",0.0472997725530879,0,"APP_CD74","APP - CD74","APP","Cell-Cell Contact","PMID: 19849849","Advanced"
"Myeloid-CLEC10A-APC","Mac-OLFML3-CX3CR1-resident","APP","CD74",0.0693209930759249,0,"APP_CD74","APP - CD74","APP","Cell-Cell Contact","PMID: 19849849","Advanced"
"Myeloid-CLEC10A-APC","Mac-TNF-CCL4-inflammatory","APP","CD74",0.0531497208973327,0,"APP_CD74","APP - CD74","APP","Cell-Cell Contact","PMID: 19849849","Advanced"
"Myeloid-CLEC10A-APC","Mono-FCN1-S100A8-S100A9","APP","CD74",0.0445032289708685,0,"APP_CD74","APP - CD74","APP","Cell-Cell Contact","PMID: 19849849","Advanced"
"Mono-FCN1-S100A8-S100A9","Myeloid-CLEC10A-APC","APP","CD74",0.0312520527938498,0,"APP_CD74","APP - CD74","APP","Cell-Cell Contact","PMID: 19849849","Advanced"
"Myeloid-CLEC10A-APC","Myeloid-CLEC10A-APC","APP","CD74",0.048469915117424,0,"APP_CD74","APP - CD74","APP","Cell-Cell Contact","PMID: 19849849","Advanced"
"Myeloid-CLEC10A-APC","C6-SLC2A1-like","PTPRC","MRC1",0.0354714985987172,0,"PTPRC_MRC1","PTPRC - MRC1","CD45","Cell-Cell Contact","PMID: 27601670; PMID: 10575006","Advanced"
"Myeloid-CLEC10A-APC","C7-APOBEC3A-like","PTPRC","MRC1",0.0167496531765565,0,"PTPRC_MRC1","PTPRC - MRC1","CD45","Cell-Cell Contact","PMID: 27601670; PMID: 10575006","Advanced"
"Myeloid-CLEC10A-APC","Mac-Cycling","PTPRC","MRC1",0.00497820157655015,0,"PTPRC_MRC1","PTPRC - MRC1","CD45","Cell-Cell Contact","PMID: 27601670; PMID: 10575006","Advanced"
"Myeloid-CLEC10A-APC","Mac-FOLR2-LYVE1-resident","PTPRC","MRC1",0.018511650446121,0,"PTPRC_MRC1","PTPRC - MRC1","CD45","Cell-Cell Contact","PMID: 27601670; PMID: 10575006","Advanced"
"Myeloid-CLEC10A-APC","Mac-OLFML3-CX3CR1-resident","PTPRC","MRC1",0.00816105405500006,0,"PTPRC_MRC1","PTPRC - MRC1","CD45","Cell-Cell Contact","PMID: 27601670; PMID: 10575006","Advanced"
"C6-SLC2A1-like","Myeloid-CLEC10A-APC","PTPRC","MRC1",0.00926817139302307,0,"PTPRC_MRC1","PTPRC - MRC1","CD45","Cell-Cell Contact","PMID: 27601670; PMID: 10575006","Advanced"
"C7-APOBEC3A-like","Myeloid-CLEC10A-APC","PTPRC","MRC1",0.0110366036942812,0,"PTPRC_MRC1","PTPRC - MRC1","CD45","Cell-Cell Contact","PMID: 27601670; PMID: 10575006","Advanced"
"Mac-Cycling","Myeloid-CLEC10A-APC","PTPRC","MRC1",0.0083120626607335,0,"PTPRC_MRC1","PTPRC - MRC1","CD45","Cell-Cell Contact","PMID: 27601670; PMID: 10575006","Advanced"
"Mac-FOLR2-LYVE1-resident","Myeloid-CLEC10A-APC","PTPRC","MRC1",0.0106379661158725,0,"PTPRC_MRC1","PTPRC - MRC1","CD45","Cell-Cell Contact","PMID: 27601670; PMID: 10575006","Advanced"
"Mac-NUPR1-IGF2-stress","Myeloid-CLEC10A-APC","PTPRC","MRC1",0.00342225133026393,0,"PTPRC_MRC1","PTPRC - MRC1","CD45","Cell-Cell Contact","PMID: 27601670; PMID: 10575006","Advanced"
"Mac-OLFML3-CX3CR1-resident","Myeloid-CLEC10A-APC","PTPRC","MRC1",0.0105349840474308,0,"PTPRC_MRC1","PTPRC - MRC1","CD45","Cell-Cell Contact","PMID: 27601670; PMID: 10575006","Advanced"
"Mac-TNF-CCL4-inflammatory","Myeloid-CLEC10A-APC","PTPRC","MRC1",0.00725185153389334,0,"PTPRC_MRC1","PTPRC - MRC1","CD45","Cell-Cell Contact","PMID: 27601670; PMID: 10575006","Advanced"
"Mono-FCN1-S100A8-S100A9","Myeloid-CLEC10A-APC","PTPRC","MRC1",0.0112682797301292,0,"PTPRC_MRC1","PTPRC - MRC1","CD45","Cell-Cell Contact","PMID: 27601670; PMID: 10575006","Advanced"
"Myeloid-CLEC10A-APC","Myeloid-CLEC10A-APC","PTPRC","MRC1",0.00870818860680863,0,"PTPRC_MRC1","PTPRC - MRC1","CD45","Cell-Cell Contact","PMID: 27601670; PMID: 10575006","Advanced"
"Myeloid-CLEC10A-APC","C6-SLC2A1-like","CD99","PILRA",0.00576400421075154,0,"CD99_PILRA","CD99 - PILRA","CD99","Cell-Cell Contact","PMID: 18234675","Advanced"
"Myeloid-CLEC10A-APC","C7-APOBEC3A-like","CD99","PILRA",0.0241496057983893,0,"CD99_PILRA","CD99 - PILRA","CD99","Cell-Cell Contact","PMID: 18234675","Advanced"
"Myeloid-CLEC10A-APC","Mac-FOLR2-LYVE1-resident","CD99","PILRA",0.00700395629511356,0,"CD99_PILRA","CD99 - PILRA","CD99","Cell-Cell Contact","PMID: 18234675","Advanced"
"Myeloid-CLEC10A-APC","Mac-OLFML3-CX3CR1-resident","CD99","PILRA",0.00767037615916621,0,"CD99_PILRA","CD99 - PILRA","CD99","Cell-Cell Contact","PMID: 18234675","Advanced"
"Myeloid-CLEC10A-APC","Mono-FCN1-S100A8-S100A9","CD99","PILRA",0.0103608074180639,0,"CD99_PILRA","CD99 - PILRA","CD99","Cell-Cell Contact","PMID: 18234675","Advanced"
"C6-SLC2A1-like","Myeloid-CLEC10A-APC","CD99","PILRA",0.017754690655517,0,"CD99_PILRA","CD99 - PILRA","CD99","Cell-Cell Contact","PMID: 18234675","Advanced"
"C7-APOBEC3A-like","Myeloid-CLEC10A-APC","CD99","PILRA",0.00855582811069774,0,"CD99_PILRA","CD99 - PILRA","CD99","Cell-Cell Contact","PMID: 18234675","Advanced"
"Mac-Cycling","Myeloid-CLEC10A-APC","CD99","PILRA",0.0224093849157973,0,"CD99_PILRA","CD99 - PILRA","CD99","Cell-Cell Contact","PMID: 18234675","Advanced"
"Mac-FOLR2-LYVE1-resident","Myeloid-CLEC10A-APC","CD99","PILRA",0.005094867363615,0,"CD99_PILRA","CD99 - PILRA","CD99","Cell-Cell Contact","PMID: 18234675","Advanced"
"Mac-NUPR1-IGF2-stress","Myeloid-CLEC10A-APC","CD99","PILRA",0.00170131445473547,0,"CD99_PILRA","CD99 - PILRA","CD99","Cell-Cell Contact","PMID: 18234675","Advanced"
"Mac-OLFML3-CX3CR1-resident","Myeloid-CLEC10A-APC","CD99","PILRA",0.00545056386192096,0,"CD99_PILRA","CD99 - PILRA","CD99","Cell-Cell Contact","PMID: 18234675","Advanced"
"Mono-FCN1-S100A8-S100A9","Myeloid-CLEC10A-APC","CD99","PILRA",0.0166942369079869,0,"CD99_PILRA","CD99 - PILRA","CD99","Cell-Cell Contact","PMID: 18234675","Advanced"
"Myeloid-CLEC10A-APC","Myeloid-CLEC10A-APC","CD99","PILRA",0.0205022623922864,0,"CD99_PILRA","CD99 - PILRA","CD99","Cell-Cell Contact","PMID: 18234675","Advanced"
"Myeloid-CLEC10A-APC","Mac-Cycling","CD99","CD99",0.0411010691928176,0.02,"CD99_CD99","CD99 - CD99","CD99","Cell-Cell Contact","KEGG: hsa04514","Advanced"
"Mac-Cycling","Myeloid-CLEC10A-APC","CD99","CD99",0.0411010691928176,0.02,"CD99_CD99","CD99 - CD99","CD99","Cell-Cell Contact","KEGG: hsa04514","Advanced"
"Myeloid-CLEC10A-APC","C6-SLC2A1-like","ICAM1","ITGAX_ITGB2",0.0351003988777655,0,"ICAM1_ITGAX_ITGB2","ICAM1 - (ITGAX+ITGB2)","ICAM","Cell-Cell Contact","PMID: 16252253","Advanced"
"Myeloid-CLEC10A-APC","C7-APOBEC3A-like","ICAM1","ITGAX_ITGB2",0.0289490399649369,0,"ICAM1_ITGAX_ITGB2","ICAM1 - (ITGAX+ITGB2)","ICAM","Cell-Cell Contact","PMID: 16252253","Advanced"
"Myeloid-CLEC10A-APC","Mac-Cycling","ICAM1","ITGAX_ITGB2",0.0122959938663475,0,"ICAM1_ITGAX_ITGB2","ICAM1 - (ITGAX+ITGB2)","ICAM","Cell-Cell Contact","PMID: 16252253","Advanced"
"Myeloid-CLEC10A-APC","Mac-FOLR2-LYVE1-resident","ICAM1","ITGAX_ITGB2",0.0240739269860815,0,"ICAM1_ITGAX_ITGB2","ICAM1 - (ITGAX+ITGB2)","ICAM","Cell-Cell Contact","PMID: 16252253","Advanced"
"Myeloid-CLEC10A-APC","Mac-NUPR1-IGF2-stress","ICAM1","ITGAX_ITGB2",0.0179991936568354,0,"ICAM1_ITGAX_ITGB2","ICAM1 - (ITGAX+ITGB2)","ICAM","Cell-Cell Contact","PMID: 16252253","Advanced"
"Myeloid-CLEC10A-APC","Mac-OLFML3-CX3CR1-resident","ICAM1","ITGAX_ITGB2",0.0261440647223855,0,"ICAM1_ITGAX_ITGB2","ICAM1 - (ITGAX+ITGB2)","ICAM","Cell-Cell Contact","PMID: 16252253","Advanced"
"Myeloid-CLEC10A-APC","Mac-TNF-CCL4-inflammatory","ICAM1","ITGAX_ITGB2",0.0308023118446857,0,"ICAM1_ITGAX_ITGB2","ICAM1 - (ITGAX+ITGB2)","ICAM","Cell-Cell Contact","PMID: 16252253","Advanced"
"Myeloid-CLEC10A-APC","Mono-FCN1-S100A8-S100A9","ICAM1","ITGAX_ITGB2",0.0268239513522941,0,"ICAM1_ITGAX_ITGB2","ICAM1 - (ITGAX+ITGB2)","ICAM","Cell-Cell Contact","PMID: 16252253","Advanced"
"C6-SLC2A1-like","Myeloid-CLEC10A-APC","ICAM1","ITGAX_ITGB2",0.0449944983121029,0,"ICAM1_ITGAX_ITGB2","ICAM1 - (ITGAX+ITGB2)","ICAM","Cell-Cell Contact","PMID: 16252253","Advanced"
"C7-APOBEC3A-like","Myeloid-CLEC10A-APC","ICAM1","ITGAX_ITGB2",0.054957484284728,0,"ICAM1_ITGAX_ITGB2","ICAM1 - (ITGAX+ITGB2)","ICAM","Cell-Cell Contact","PMID: 16252253","Advanced"
"Mac-Cycling","Myeloid-CLEC10A-APC","ICAM1","ITGAX_ITGB2",0.0175717194586236,0,"ICAM1_ITGAX_ITGB2","ICAM1 - (ITGAX+ITGB2)","ICAM","Cell-Cell Contact","PMID: 16252253","Advanced"
"Mac-FOLR2-LYVE1-resident","Myeloid-CLEC10A-APC","ICAM1","ITGAX_ITGB2",0.0100521295823392,0,"ICAM1_ITGAX_ITGB2","ICAM1 - (ITGAX+ITGB2)","ICAM","Cell-Cell Contact","PMID: 16252253","Advanced"
"Mac-OLFML3-CX3CR1-resident","Myeloid-CLEC10A-APC","ICAM1","ITGAX_ITGB2",0.00933785226895924,0,"ICAM1_ITGAX_ITGB2","ICAM1 - (ITGAX+ITGB2)","ICAM","Cell-Cell Contact","PMID: 16252253","Advanced"
"Mac-TNF-CCL4-inflammatory","Myeloid-CLEC10A-APC","ICAM1","ITGAX_ITGB2",0.0142043650296472,0,"ICAM1_ITGAX_ITGB2","ICAM1 - (ITGAX+ITGB2)","ICAM","Cell-Cell Contact","PMID: 16252253","Advanced"
"Mono-FCN1-S100A8-S100A9","Myeloid-CLEC10A-APC","ICAM1","ITGAX_ITGB2",0.014831444946936,0,"ICAM1_ITGAX_ITGB2","ICAM1 - (ITGAX+ITGB2)","ICAM","Cell-Cell Contact","PMID: 16252253","Advanced"
"Myeloid-CLEC10A-APC","Myeloid-CLEC10A-APC","ICAM1","ITGAX_ITGB2",0.0236219309218006,0,"ICAM1_ITGAX_ITGB2","ICAM1 - (ITGAX+ITGB2)","ICAM","Cell-Cell Contact","PMID: 16252253","Advanced"
"Myeloid-CLEC10A-APC","C6-SLC2A1-like","ICAM1","ITGAL_ITGB2",0.0128154030628665,0,"ICAM1_ITGAL_ITGB2","ICAM1 - (ITGAL+ITGB2)","ICAM","Cell-Cell Contact","KEGG: hsa04514","Advanced"
"Myeloid-CLEC10A-APC","C7-APOBEC3A-like","ICAM1","ITGAL_ITGB2",0.0115492653606595,0,"ICAM1_ITGAL_ITGB2","ICAM1 - (ITGAL+ITGB2)","ICAM","Cell-Cell Contact","KEGG: hsa04514","Advanced"
"Myeloid-CLEC10A-APC","Mac-Cycling","ICAM1","ITGAL_ITGB2",0.00482807658476393,0,"ICAM1_ITGAL_ITGB2","ICAM1 - (ITGAL+ITGB2)","ICAM","Cell-Cell Contact","KEGG: hsa04514","Advanced"
"Myeloid-CLEC10A-APC","Mac-OLFML3-CX3CR1-resident","ICAM1","ITGAL_ITGB2",0.008726773692514,0,"ICAM1_ITGAL_ITGB2","ICAM1 - (ITGAL+ITGB2)","ICAM","Cell-Cell Contact","KEGG: hsa04514","Advanced"
"Myeloid-CLEC10A-APC","Mono-FCN1-S100A8-S100A9","ICAM1","ITGAL_ITGB2",0.0157287143439478,0,"ICAM1_ITGAL_ITGB2","ICAM1 - (ITGAL+ITGB2)","ICAM","Cell-Cell Contact","KEGG: hsa04514","Advanced"
"C6-SLC2A1-like","Myeloid-CLEC10A-APC","ICAM1","ITGAL_ITGB2",0.0203594064827331,0,"ICAM1_ITGAL_ITGB2","ICAM1 - (ITGAL+ITGB2)","ICAM","Cell-Cell Contact","KEGG: hsa04514","Advanced"
"C7-APOBEC3A-like","Myeloid-CLEC10A-APC","ICAM1","ITGAL_ITGB2",0.0250103799655444,0,"ICAM1_ITGAL_ITGB2","ICAM1 - (ITGAL+ITGB2)","ICAM","Cell-Cell Contact","KEGG: hsa04514","Advanced"
"Mac-Cycling","Myeloid-CLEC10A-APC","ICAM1","ITGAL_ITGB2",0.0078278990505994,0,"ICAM1_ITGAL_ITGB2","ICAM1 - (ITGAL+ITGB2)","ICAM","Cell-Cell Contact","KEGG: hsa04514","Advanced"
"Mac-FOLR2-LYVE1-resident","Myeloid-CLEC10A-APC","ICAM1","ITGAL_ITGB2",0.00445912502237348,0,"ICAM1_ITGAL_ITGB2","ICAM1 - (ITGAL+ITGB2)","ICAM","Cell-Cell Contact","KEGG: hsa04514","Advanced"
"Mac-OLFML3-CX3CR1-resident","Myeloid-CLEC10A-APC","ICAM1","ITGAL_ITGB2",0.00414060929552142,0.01,"ICAM1_ITGAL_ITGB2","ICAM1 - (ITGAL+ITGB2)","ICAM","Cell-Cell Contact","KEGG: hsa04514","Advanced"
"Mac-TNF-CCL4-inflammatory","Myeloid-CLEC10A-APC","ICAM1","ITGAL_ITGB2",0.00631579637868712,0,"ICAM1_ITGAL_ITGB2","ICAM1 - (ITGAL+ITGB2)","ICAM","Cell-Cell Contact","KEGG: hsa04514","Advanced"
"Mono-FCN1-S100A8-S100A9","Myeloid-CLEC10A-APC","ICAM1","ITGAL_ITGB2",0.00659695029369122,0,"ICAM1_ITGAL_ITGB2","ICAM1 - (ITGAL+ITGB2)","ICAM","Cell-Cell Contact","KEGG: hsa04514","Advanced"
"Myeloid-CLEC10A-APC","Myeloid-CLEC10A-APC","ICAM1","ITGAL_ITGB2",0.0105592235353797,0,"ICAM1_ITGAL_ITGB2","ICAM1 - (ITGAL+ITGB2)","ICAM","Cell-Cell Contact","KEGG: hsa04514","Advanced"
"Myeloid-CLEC10A-APC","C6-SLC2A1-like","ICAM2","ITGAL_ITGB2",0.00252486026566001,0,"ICAM2_ITGAL_ITGB2","ICAM2 - (ITGAL+ITGB2)","ICAM","Cell-Cell Contact","KEGG: hsa04514","Advanced"
"Myeloid-CLEC10A-APC","C7-APOBEC3A-like","ICAM2","ITGAL_ITGB2",0.00227306782590213,0,"ICAM2_ITGAL_ITGB2","ICAM2 - (ITGAL+ITGB2)","ICAM","Cell-Cell Contact","KEGG: hsa04514","Advanced"
"Myeloid-CLEC10A-APC","Mac-Cycling","ICAM2","ITGAL_ITGB2",0.000945076072884722,0.01,"ICAM2_ITGAL_ITGB2","ICAM2 - (ITGAL+ITGB2)","ICAM","Cell-Cell Contact","KEGG: hsa04514","Advanced"
"Myeloid-CLEC10A-APC","Mac-OLFML3-CX3CR1-resident","ICAM2","ITGAL_ITGB2",0.00171362917360434,0.01,"ICAM2_ITGAL_ITGB2","ICAM2 - (ITGAL+ITGB2)","ICAM","Cell-Cell Contact","KEGG: hsa04514","Advanced"
"Myeloid-CLEC10A-APC","Mono-FCN1-S100A8-S100A9","ICAM2","ITGAL_ITGB2",0.0031061947023806,0,"ICAM2_ITGAL_ITGB2","ICAM2 - (ITGAL+ITGB2)","ICAM","Cell-Cell Contact","KEGG: hsa04514","Advanced"
"C7-APOBEC3A-like","Myeloid-CLEC10A-APC","ICAM2","ITGAL_ITGB2",0.000496975803626349,0.04,"ICAM2_ITGAL_ITGB2","ICAM2 - (ITGAL+ITGB2)","ICAM","Cell-Cell Contact","KEGG: hsa04514","Advanced"
"Myeloid-CLEC10A-APC","Myeloid-CLEC10A-APC","ICAM2","ITGAL_ITGB2",0.00207654228326179,0,"ICAM2_ITGAL_ITGB2","ICAM2 - (ITGAL+ITGB2)","ICAM","Cell-Cell Contact","KEGG: hsa04514","Advanced"
"Myeloid-CLEC10A-APC","C6-SLC2A1-like","ICAM1","ITGAM_ITGB2",0.0196227886772932,0,"ICAM1_ITGAM_ITGB2","ICAM1 - (ITGAM+ITGB2)","ICAM","Cell-Cell Contact","KEGG: hsa04514","Advanced"
"Myeloid-CLEC10A-APC","C7-APOBEC3A-like","ICAM1","ITGAM_ITGB2",0.0302842853564892,0,"ICAM1_ITGAM_ITGB2","ICAM1 - (ITGAM+ITGB2)","ICAM","Cell-Cell Contact","KEGG: hsa04514","Advanced"
"Myeloid-CLEC10A-APC","Mac-Cycling","ICAM1","ITGAM_ITGB2",0.0207053280190557,0,"ICAM1_ITGAM_ITGB2","ICAM1 - (ITGAM+ITGB2)","ICAM","Cell-Cell Contact","KEGG: hsa04514","Advanced"
"Myeloid-CLEC10A-APC","Mac-FOLR2-LYVE1-resident","ICAM1","ITGAM_ITGB2",0.015271582024611,0,"ICAM1_ITGAM_ITGB2","ICAM1 - (ITGAM+ITGB2)","ICAM","Cell-Cell Contact","KEGG: hsa04514","Advanced"
"Myeloid-CLEC10A-APC","Mac-NUPR1-IGF2-stress","ICAM1","ITGAM_ITGB2",0.00695357021016667,0,"ICAM1_ITGAM_ITGB2","ICAM1 - (ITGAM+ITGB2)","ICAM","Cell-Cell Contact","KEGG: hsa04514","Advanced"
"Myeloid-CLEC10A-APC","Mac-OLFML3-CX3CR1-resident","ICAM1","ITGAM_ITGB2",0.0221340912879317,0,"ICAM1_ITGAM_ITGB2","ICAM1 - (ITGAM+ITGB2)","ICAM","Cell-Cell Contact","KEGG: hsa04514","Advanced"
"Myeloid-CLEC10A-APC","Mono-FCN1-S100A8-S100A9","ICAM1","ITGAM_ITGB2",0.0184034191342786,0,"ICAM1_ITGAM_ITGB2","ICAM1 - (ITGAM+ITGB2)","ICAM","Cell-Cell Contact","KEGG: hsa04514","Advanced"
"C6-SLC2A1-like","Myeloid-CLEC10A-APC","ICAM1","ITGAM_ITGB2",0.0437000363081514,0,"ICAM1_ITGAM_ITGB2","ICAM1 - (ITGAM+ITGB2)","ICAM","Cell-Cell Contact","KEGG: hsa04514","Advanced"
"C7-APOBEC3A-like","Myeloid-CLEC10A-APC","ICAM1","ITGAM_ITGB2",0.0533924185724792,0,"ICAM1_ITGAM_ITGB2","ICAM1 - (ITGAM+ITGB2)","ICAM","Cell-Cell Contact","KEGG: hsa04514","Advanced"
"Mac-Cycling","Myeloid-CLEC10A-APC","ICAM1","ITGAM_ITGB2",0.0170521058560429,0,"ICAM1_ITGAM_ITGB2","ICAM1 - (ITGAM+ITGB2)","ICAM","Cell-Cell Contact","KEGG: hsa04514","Advanced"
"Mac-FOLR2-LYVE1-resident","Myeloid-CLEC10A-APC","ICAM1","ITGAM_ITGB2",0.00975267048409993,0,"ICAM1_ITGAM_ITGB2","ICAM1 - (ITGAM+ITGB2)","ICAM","Cell-Cell Contact","KEGG: hsa04514","Advanced"
"Mac-OLFML3-CX3CR1-resident","Myeloid-CLEC10A-APC","ICAM1","ITGAM_ITGB2",0.00905947719755534,0,"ICAM1_ITGAM_ITGB2","ICAM1 - (ITGAM+ITGB2)","ICAM","Cell-Cell Contact","KEGG: hsa04514","Advanced"
"Mac-TNF-CCL4-inflammatory","Myeloid-CLEC10A-APC","ICAM1","ITGAM_ITGB2",0.0137829305217584,0,"ICAM1_ITGAM_ITGB2","ICAM1 - (ITGAM+ITGB2)","ICAM","Cell-Cell Contact","KEGG: hsa04514","Advanced"
"Mono-FCN1-S100A8-S100A9","Myeloid-CLEC10A-APC","ICAM1","ITGAM_ITGB2",0.0143916769915394,0,"ICAM1_ITGAM_ITGB2","ICAM1 - (ITGAM+ITGB2)","ICAM","Cell-Cell Contact","KEGG: hsa04514","Advanced"
"Myeloid-CLEC10A-APC","Myeloid-CLEC10A-APC","ICAM1","ITGAM_ITGB2",0.0229275817800399,0,"ICAM1_ITGAM_ITGB2","ICAM1 - (ITGAM+ITGB2)","ICAM","Cell-Cell Contact","KEGG: hsa04514","Advanced"
"Myeloid-CLEC10A-APC","C6-SLC2A1-like","ICAM2","ITGAM_ITGB2",0.00388756130164344,0,"ICAM2_ITGAM_ITGB2","ICAM2 - (ITGAM+ITGB2)","ICAM","Cell-Cell Contact","KEGG: hsa04514","Advanced"
"Myeloid-CLEC10A-APC","C7-APOBEC3A-like","ICAM2","ITGAM_ITGB2",0.00605254033073133,0,"ICAM2_ITGAM_ITGB2","ICAM2 - (ITGAM+ITGB2)","ICAM","Cell-Cell Contact","KEGG: hsa04514","Advanced"
"Myeloid-CLEC10A-APC","Mac-Cycling","ICAM2","ITGAM_ITGB2",0.00410566352001282,0,"ICAM2_ITGAM_ITGB2","ICAM2 - (ITGAM+ITGB2)","ICAM","Cell-Cell Contact","KEGG: hsa04514","Advanced"
"Myeloid-CLEC10A-APC","Mac-FOLR2-LYVE1-resident","ICAM2","ITGAM_ITGB2",0.003014793981852,0,"ICAM2_ITGAM_ITGB2","ICAM2 - (ITGAM+ITGB2)","ICAM","Cell-Cell Contact","KEGG: hsa04514","Advanced"
"Myeloid-CLEC10A-APC","Mac-NUPR1-IGF2-stress","ICAM2","ITGAM_ITGB2",0.00136347476316124,0,"ICAM2_ITGAM_ITGB2","ICAM2 - (ITGAM+ITGB2)","ICAM","Cell-Cell Contact","KEGG: hsa04514","Advanced"
"Myeloid-CLEC10A-APC","Mac-OLFML3-CX3CR1-resident","ICAM2","ITGAM_ITGB2",0.00439411293719741,0,"ICAM2_ITGAM_ITGB2","ICAM2 - (ITGAM+ITGB2)","ICAM","Cell-Cell Contact","KEGG: hsa04514","Advanced"
"Myeloid-CLEC10A-APC","Mono-FCN1-S100A8-S100A9","ICAM2","ITGAM_ITGB2",0.00364235361067877,0,"ICAM2_ITGAM_ITGB2","ICAM2 - (ITGAM+ITGB2)","ICAM","Cell-Cell Contact","KEGG: hsa04514","Advanced"
"C7-APOBEC3A-like","Myeloid-CLEC10A-APC","ICAM2","ITGAM_ITGB2",0.00109210876869456,0,"ICAM2_ITGAM_ITGB2","ICAM2 - (ITGAM+ITGB2)","ICAM","Cell-Cell Contact","KEGG: hsa04514","Advanced"
"Myeloid-CLEC10A-APC","Myeloid-CLEC10A-APC","ICAM2","ITGAM_ITGB2",0.00455460070456248,0,"ICAM2_ITGAM_ITGB2","ICAM2 - (ITGAM+ITGB2)","ICAM","Cell-Cell Contact","KEGG: hsa04514","Advanced"
"Myeloid-CLEC10A-APC","C6-SLC2A1-like","ICAM1","ITGAL",0.00367496996607634,0,"ICAM1_ITGAL","ICAM1 - ITGAL","ICAM","Cell-Cell Contact","PMID: 23602662","Advanced"
"Myeloid-CLEC10A-APC","C7-APOBEC3A-like","ICAM1","ITGAL",0.00263094281862924,0,"ICAM1_ITGAL","ICAM1 - ITGAL","ICAM","Cell-Cell Contact","PMID: 23602662","Advanced"
"Myeloid-CLEC10A-APC","Mac-OLFML3-CX3CR1-resident","ICAM1","ITGAL",0.0018486904200124,0.01,"ICAM1_ITGAL","ICAM1 - ITGAL","ICAM","Cell-Cell Contact","PMID: 23602662","Advanced"
"Myeloid-CLEC10A-APC","Mono-FCN1-S100A8-S100A9","ICAM1","ITGAL",0.00587111653640954,0,"ICAM1_ITGAL","ICAM1 - ITGAL","ICAM","Cell-Cell Contact","PMID: 23602662","Advanced"
"C6-SLC2A1-like","Myeloid-CLEC10A-APC","ICAM1","ITGAL",0.00490662212436744,0,"ICAM1_ITGAL","ICAM1 - ITGAL","ICAM","Cell-Cell Contact","PMID: 23602662","Advanced"
"C7-APOBEC3A-like","Myeloid-CLEC10A-APC","ICAM1","ITGAL",0.00604930629683175,0,"ICAM1_ITGAL","ICAM1 - ITGAL","ICAM","Cell-Cell Contact","PMID: 23602662","Advanced"
"Mac-Cycling","Myeloid-CLEC10A-APC","ICAM1","ITGAL",0.0018683853491467,0.03,"ICAM1_ITGAL","ICAM1 - ITGAL","ICAM","Cell-Cell Contact","PMID: 23602662","Advanced"
"Mac-FOLR2-LYVE1-resident","Myeloid-CLEC10A-APC","ICAM1","ITGAL",0.00106157262094294,0.02,"ICAM1_ITGAL","ICAM1 - ITGAL","ICAM","Cell-Cell Contact","PMID: 23602662","Advanced"
"Mac-OLFML3-CX3CR1-resident","Myeloid-CLEC10A-APC","ICAM1","ITGAL",0.000985504146297931,0.01,"ICAM1_ITGAL","ICAM1 - ITGAL","ICAM","Cell-Cell Contact","PMID: 23602662","Advanced"
"Mono-FCN1-S100A8-S100A9","Myeloid-CLEC10A-APC","ICAM1","ITGAL",0.00157309313354338,0.03,"ICAM1_ITGAL","ICAM1 - ITGAL","ICAM","Cell-Cell Contact","PMID: 23602662","Advanced"
"Myeloid-CLEC10A-APC","Myeloid-CLEC10A-APC","ICAM1","ITGAL",0.00252559886951554,0,"ICAM1_ITGAL","ICAM1 - ITGAL","ICAM","Cell-Cell Contact","PMID: 23602662","Advanced"
"Myeloid-CLEC10A-APC","C7-APOBEC3A-like","ICAM1","SPN",0.00235311286298475,0,"ICAM1_SPN","ICAM1 - SPN","ICAM","Cell-Cell Contact","PMID: 1683685","Advanced"
"Myeloid-CLEC10A-APC","Mac-Cycling","ICAM1","SPN",0.00132457525856005,0.02,"ICAM1_SPN","ICAM1 - SPN","ICAM","Cell-Cell Contact","PMID: 1683685","Advanced"
"Myeloid-CLEC10A-APC","Mac-OLFML3-CX3CR1-resident","ICAM1","SPN",0.00356384544015269,0,"ICAM1_SPN","ICAM1 - SPN","ICAM","Cell-Cell Contact","PMID: 1683685","Advanced"
"C6-SLC2A1-like","Myeloid-CLEC10A-APC","ICAM1","SPN",0.0053223296281565,0,"ICAM1_SPN","ICAM1 - SPN","ICAM","Cell-Cell Contact","PMID: 1683685","Advanced"
"C7-APOBEC3A-like","Myeloid-CLEC10A-APC","ICAM1","SPN",0.00656118796971462,0,"ICAM1_SPN","ICAM1 - SPN","ICAM","Cell-Cell Contact","PMID: 1683685","Advanced"
"Mac-Cycling","Myeloid-CLEC10A-APC","ICAM1","SPN",0.00202720638987787,0,"ICAM1_SPN","ICAM1 - SPN","ICAM","Cell-Cell Contact","PMID: 1683685","Advanced"
"Mac-FOLR2-LYVE1-resident","Myeloid-CLEC10A-APC","ICAM1","SPN",0.00115189014923259,0.01,"ICAM1_SPN","ICAM1 - SPN","ICAM","Cell-Cell Contact","PMID: 1683685","Advanced"
"Mac-OLFML3-CX3CR1-resident","Myeloid-CLEC10A-APC","ICAM1","SPN",0.00106935677350758,0.02,"ICAM1_SPN","ICAM1 - SPN","ICAM","Cell-Cell Contact","PMID: 1683685","Advanced"
"Mac-TNF-CCL4-inflammatory","Myeloid-CLEC10A-APC","ICAM1","SPN",0.00163376909277906,0.04,"ICAM1_SPN","ICAM1 - SPN","ICAM","Cell-Cell Contact","PMID: 1683685","Advanced"
"Mono-FCN1-S100A8-S100A9","Myeloid-CLEC10A-APC","ICAM1","SPN",0.00170685595060718,0,"ICAM1_SPN","ICAM1 - SPN","ICAM","Cell-Cell Contact","PMID: 1683685","Advanced"
"Myeloid-CLEC10A-APC","Myeloid-CLEC10A-APC","ICAM1","SPN",0.00274013260716534,0,"ICAM1_SPN","ICAM1 - SPN","ICAM","Cell-Cell Contact","PMID: 1683685","Advanced"
"C6-SLC2A1-like","Myeloid-CLEC10A-APC","F11R","ITGAL_ITGB2",0.00279756780340213,0,"JAM1_ITGAL_ITGB2","JAM1 - (ITGAL+ITGB2)","JAM","Cell-Cell Contact","PMID: 11812992","Advanced"
"C7-APOBEC3A-like","Myeloid-CLEC10A-APC","F11R","ITGAL_ITGB2",0.00268825309804683,0.01,"JAM1_ITGAL_ITGB2","JAM1 - (ITGAL+ITGB2)","JAM","Cell-Cell Contact","PMID: 11812992","Advanced"
"Myeloid-CLEC10A-APC","C6-SLC2A1-like","HLA-F","LILRB1",0.00287754851579786,0,"HLA-F_LILRB1","HLA-F - LILRB1","MHC-I","Cell-Cell Contact","PMID: 28484462","Advanced"
"Myeloid-CLEC10A-APC","C7-APOBEC3A-like","HLA-F","LILRB1",0.0247109953780317,0,"HLA-F_LILRB1","HLA-F - LILRB1","MHC-I","Cell-Cell Contact","PMID: 28484462","Advanced"
"Myeloid-CLEC10A-APC","Mac-Cycling","HLA-F","LILRB1",0.00636977866228107,0,"HLA-F_LILRB1","HLA-F - LILRB1","MHC-I","Cell-Cell Contact","PMID: 28484462","Advanced"
"Myeloid-CLEC10A-APC","Mac-FOLR2-LYVE1-resident","HLA-F","LILRB1",0.00804236741348084,0,"HLA-F_LILRB1","HLA-F - LILRB1","MHC-I","Cell-Cell Contact","PMID: 28484462","Advanced"
"Myeloid-CLEC10A-APC","Mac-OLFML3-CX3CR1-resident","HLA-F","LILRB1",0.0146715113364012,0,"HLA-F_LILRB1","HLA-F - LILRB1","MHC-I","Cell-Cell Contact","PMID: 28484462","Advanced"
"Myeloid-CLEC10A-APC","Mac-TNF-CCL4-inflammatory","HLA-F","LILRB1",0.00681842723592388,0,"HLA-F_LILRB1","HLA-F - LILRB1","MHC-I","Cell-Cell Contact","PMID: 28484462","Advanced"
"Myeloid-CLEC10A-APC","Mono-FCN1-S100A8-S100A9","HLA-F","LILRB1",0.00778568467989882,0,"HLA-F_LILRB1","HLA-F - LILRB1","MHC-I","Cell-Cell Contact","PMID: 28484462","Advanced"
"C6-SLC2A1-like","Myeloid-CLEC10A-APC","HLA-F","LILRB1",0.0044897984928315,0,"HLA-F_LILRB1","HLA-F - LILRB1","MHC-I","Cell-Cell Contact","PMID: 28484462","Advanced"
"C7-APOBEC3A-like","Myeloid-CLEC10A-APC","HLA-F","LILRB1",0.00942922202916158,0,"HLA-F_LILRB1","HLA-F - LILRB1","MHC-I","Cell-Cell Contact","PMID: 28484462","Advanced"
"Mac-Cycling","Myeloid-CLEC10A-APC","HLA-F","LILRB1",0.00372963114325413,0,"HLA-F_LILRB1","HLA-F - LILRB1","MHC-I","Cell-Cell Contact","PMID: 28484462","Advanced"
"Mac-FOLR2-LYVE1-resident","Myeloid-CLEC10A-APC","HLA-F","LILRB1",0.00610465811012213,0,"HLA-F_LILRB1","HLA-F - LILRB1","MHC-I","Cell-Cell Contact","PMID: 28484462","Advanced"
"Mac-NUPR1-IGF2-stress","Myeloid-CLEC10A-APC","HLA-F","LILRB1",0.000545522139482918,0,"HLA-F_LILRB1","HLA-F - LILRB1","MHC-I","Cell-Cell Contact","PMID: 28484462","Advanced"
"Mac-OLFML3-CX3CR1-resident","Myeloid-CLEC10A-APC","HLA-F","LILRB1",0.00675469175958555,0,"HLA-F_LILRB1","HLA-F - LILRB1","MHC-I","Cell-Cell Contact","PMID: 28484462","Advanced"
"Mono-FCN1-S100A8-S100A9","Myeloid-CLEC10A-APC","HLA-F","LILRB1",0.00553360403598664,0,"HLA-F_LILRB1","HLA-F - LILRB1","MHC-I","Cell-Cell Contact","PMID: 28484462","Advanced"
"Myeloid-CLEC10A-APC","Myeloid-CLEC10A-APC","HLA-F","LILRB1",0.00460455917515042,0,"HLA-F_LILRB1","HLA-F - LILRB1","MHC-I","Cell-Cell Contact","PMID: 28484462","Advanced"
"Myeloid-CLEC10A-APC","C6-SLC2A1-like","HLA-DPA1","CD4",0.113183307064249,0,"HLA-DPA1_CD4","HLA-DPA1 - CD4","MHC-II","Cell-Cell Contact","KEGG: hsa04514","Advanced"
"Myeloid-CLEC10A-APC","C7-APOBEC3A-like","HLA-DPA1","CD4",0.152100802303081,0,"HLA-DPA1_CD4","HLA-DPA1 - CD4","MHC-II","Cell-Cell Contact","KEGG: hsa04514","Advanced"
"Myeloid-CLEC10A-APC","Mac-Cycling","HLA-DPA1","CD4",0.0663292583197319,0,"HLA-DPA1_CD4","HLA-DPA1 - CD4","MHC-II","Cell-Cell Contact","KEGG: hsa04514","Advanced"
"Myeloid-CLEC10A-APC","Mac-FOLR2-LYVE1-resident","HLA-DPA1","CD4",0.0932038354428157,0,"HLA-DPA1_CD4","HLA-DPA1 - CD4","MHC-II","Cell-Cell Contact","KEGG: hsa04514","Advanced"
"Myeloid-CLEC10A-APC","Mac-NUPR1-IGF2-stress","HLA-DPA1","CD4",0.0330418035141345,0,"HLA-DPA1_CD4","HLA-DPA1 - CD4","MHC-II","Cell-Cell Contact","KEGG: hsa04514","Advanced"
"Myeloid-CLEC10A-APC","Mac-OLFML3-CX3CR1-resident","HLA-DPA1","CD4",0.0886285036455818,0,"HLA-DPA1_CD4","HLA-DPA1 - CD4","MHC-II","Cell-Cell Contact","KEGG: hsa04514","Advanced"
"Myeloid-CLEC10A-APC","Mac-TNF-CCL4-inflammatory","HLA-DPA1","CD4",0.0351651108949092,0,"HLA-DPA1_CD4","HLA-DPA1 - CD4","MHC-II","Cell-Cell Contact","KEGG: hsa04514","Advanced"
"Myeloid-CLEC10A-APC","Mono-FCN1-S100A8-S100A9","HLA-DPA1","CD4",0.0283546584820506,0,"HLA-DPA1_CD4","HLA-DPA1 - CD4","MHC-II","Cell-Cell Contact","KEGG: hsa04514","Advanced"
"C6-SLC2A1-like","Myeloid-CLEC10A-APC","HLA-DPA1","CD4",0.0517631839657779,0,"HLA-DPA1_CD4","HLA-DPA1 - CD4","MHC-II","Cell-Cell Contact","KEGG: hsa04514","Advanced"
"C7-APOBEC3A-like","Myeloid-CLEC10A-APC","HLA-DPA1","CD4",0.0811805219107434,0,"HLA-DPA1_CD4","HLA-DPA1 - CD4","MHC-II","Cell-Cell Contact","KEGG: hsa04514","Advanced"
"Mac-Cycling","Myeloid-CLEC10A-APC","HLA-DPA1","CD4",0.0617907465785959,0,"HLA-DPA1_CD4","HLA-DPA1 - CD4","MHC-II","Cell-Cell Contact","KEGG: hsa04514","Advanced"
"Mac-FOLR2-LYVE1-resident","Myeloid-CLEC10A-APC","HLA-DPA1","CD4",0.0765368761661464,0,"HLA-DPA1_CD4","HLA-DPA1 - CD4","MHC-II","Cell-Cell Contact","KEGG: hsa04514","Advanced"
"Mac-NUPR1-IGF2-stress","Myeloid-CLEC10A-APC","HLA-DPA1","CD4",0.0153186070924895,0.01,"HLA-DPA1_CD4","HLA-DPA1 - CD4","MHC-II","Cell-Cell Contact","KEGG: hsa04514","Advanced"
"Mac-OLFML3-CX3CR1-resident","Myeloid-CLEC10A-APC","HLA-DPA1","CD4",0.0937877483130234,0,"HLA-DPA1_CD4","HLA-DPA1 - CD4","MHC-II","Cell-Cell Contact","KEGG: hsa04514","Advanced"
"Mac-TNF-CCL4-inflammatory","Myeloid-CLEC10A-APC","HLA-DPA1","CD4",0.041243579198653,0,"HLA-DPA1_CD4","HLA-DPA1 - CD4","MHC-II","Cell-Cell Contact","KEGG: hsa04514","Advanced"
"Mono-FCN1-S100A8-S100A9","Myeloid-CLEC10A-APC","HLA-DPA1","CD4",0.0442790013669345,0,"HLA-DPA1_CD4","HLA-DPA1 - CD4","MHC-II","Cell-Cell Contact","KEGG: hsa04514","Advanced"
"Myeloid-CLEC10A-APC","Myeloid-CLEC10A-APC","HLA-DPA1","CD4",0.0617155605608057,0,"HLA-DPA1_CD4","HLA-DPA1 - CD4","MHC-II","Cell-Cell Contact","KEGG: hsa04514","Advanced"
"Myeloid-CLEC10A-APC","C6-SLC2A1-like","HLA-DPB1","CD4",0.0989577306015182,0,"HLA-DPB1_CD4","HLA-DPB1 - CD4","MHC-II","Cell-Cell Contact","KEGG: hsa04514","Advanced"
"Myeloid-CLEC10A-APC","C7-APOBEC3A-like","HLA-DPB1","CD4",0.13372139840327,0,"HLA-DPB1_CD4","HLA-DPB1 - CD4","MHC-II","Cell-Cell Contact","KEGG: hsa04514","Advanced"
"Myeloid-CLEC10A-APC","Mac-Cycling","HLA-DPB1","CD4",0.0576100284539209,0,"HLA-DPB1_CD4","HLA-DPB1 - CD4","MHC-II","Cell-Cell Contact","KEGG: hsa04514","Advanced"
"Myeloid-CLEC10A-APC","Mac-FOLR2-LYVE1-resident","HLA-DPB1","CD4",0.0812593053774083,0,"HLA-DPB1_CD4","HLA-DPB1 - CD4","MHC-II","Cell-Cell Contact","KEGG: hsa04514","Advanced"
"Myeloid-CLEC10A-APC","Mac-NUPR1-IGF2-stress","HLA-DPB1","CD4",0.0285644636603965,0,"HLA-DPB1_CD4","HLA-DPB1 - CD4","MHC-II","Cell-Cell Contact","KEGG: hsa04514","Advanced"
"Myeloid-CLEC10A-APC","Mac-OLFML3-CX3CR1-resident","HLA-DPB1","CD4",0.0772203927167722,0,"HLA-DPB1_CD4","HLA-DPB1 - CD4","MHC-II","Cell-Cell Contact","KEGG: hsa04514","Advanced"
"Myeloid-CLEC10A-APC","Mac-TNF-CCL4-inflammatory","HLA-DPB1","CD4",0.030409099874261,0,"HLA-DPB1_CD4","HLA-DPB1 - CD4","MHC-II","Cell-Cell Contact","KEGG: hsa04514","Advanced"
"Myeloid-CLEC10A-APC","Mono-FCN1-S100A8-S100A9","HLA-DPB1","CD4",0.0244963615780905,0,"HLA-DPB1_CD4","HLA-DPB1 - CD4","MHC-II","Cell-Cell Contact","KEGG: hsa04514","Advanced"
"C6-SLC2A1-like","Myeloid-CLEC10A-APC","HLA-DPB1","CD4",0.0480137300345549,0,"HLA-DPB1_CD4","HLA-DPB1 - CD4","MHC-II","Cell-Cell Contact","KEGG: hsa04514","Advanced"
"C7-APOBEC3A-like","Myeloid-CLEC10A-APC","HLA-DPB1","CD4",0.0764406417129939,0,"HLA-DPB1_CD4","HLA-DPB1 - CD4","MHC-II","Cell-Cell Contact","KEGG: hsa04514","Advanced"
"Mac-Cycling","Myeloid-CLEC10A-APC","HLA-DPB1","CD4",0.0582576268354681,0,"HLA-DPB1_CD4","HLA-DPB1 - CD4","MHC-II","Cell-Cell Contact","KEGG: hsa04514","Advanced"
"Mac-FOLR2-LYVE1-resident","Myeloid-CLEC10A-APC","HLA-DPB1","CD4",0.068952360366146,0,"HLA-DPB1_CD4","HLA-DPB1 - CD4","MHC-II","Cell-Cell Contact","KEGG: hsa04514","Advanced"
"Mac-NUPR1-IGF2-stress","Myeloid-CLEC10A-APC","HLA-DPB1","CD4",0.0353260374443444,0,"HLA-DPB1_CD4","HLA-DPB1 - CD4","MHC-II","Cell-Cell Contact","KEGG: hsa04514","Advanced"
"Mac-OLFML3-CX3CR1-resident","Myeloid-CLEC10A-APC","HLA-DPB1","CD4",0.0853926388627431,0,"HLA-DPB1_CD4","HLA-DPB1 - CD4","MHC-II","Cell-Cell Contact","KEGG: hsa04514","Advanced"
"Mac-TNF-CCL4-inflammatory","Myeloid-CLEC10A-APC","HLA-DPB1","CD4",0.0403758844949971,0,"HLA-DPB1_CD4","HLA-DPB1 - CD4","MHC-II","Cell-Cell Contact","KEGG: hsa04514","Advanced"
"Mono-FCN1-S100A8-S100A9","Myeloid-CLEC10A-APC","HLA-DPB1","CD4",0.0346317007629988,0,"HLA-DPB1_CD4","HLA-DPB1 - CD4","MHC-II","Cell-Cell Contact","KEGG: hsa04514","Advanced"
"Myeloid-CLEC10A-APC","Myeloid-CLEC10A-APC","HLA-DPB1","CD4",0.053568022201544,0,"HLA-DPB1_CD4","HLA-DPB1 - CD4","MHC-II","Cell-Cell Contact","KEGG: hsa04514","Advanced"
"Myeloid-CLEC10A-APC","C6-SLC2A1-like","HLA-DQA1","CD4",0.0505149946631529,0,"HLA-DQA1_CD4","HLA-DQA1 - CD4","MHC-II","Cell-Cell Contact","KEGG: hsa04514","Advanced"
"Myeloid-CLEC10A-APC","C7-APOBEC3A-like","HLA-DQA1","CD4",0.0695748684875507,0,"HLA-DQA1_CD4","HLA-DQA1 - CD4","MHC-II","Cell-Cell Contact","KEGG: hsa04514","Advanced"
"Myeloid-CLEC10A-APC","Mac-Cycling","HLA-DQA1","CD4",0.0287621065558559,0,"HLA-DQA1_CD4","HLA-DQA1 - CD4","MHC-II","Cell-Cell Contact","KEGG: hsa04514","Advanced"
"Myeloid-CLEC10A-APC","Mac-FOLR2-LYVE1-resident","HLA-DQA1","CD4",0.0410854183625879,0,"HLA-DQA1_CD4","HLA-DQA1 - CD4","MHC-II","Cell-Cell Contact","KEGG: hsa04514","Advanced"
"Myeloid-CLEC10A-APC","Mac-NUPR1-IGF2-stress","HLA-DQA1","CD4",0.0140442053200959,0,"HLA-DQA1_CD4","HLA-DQA1 - CD4","MHC-II","Cell-Cell Contact","KEGG: hsa04514","Advanced"
"Myeloid-CLEC10A-APC","Mac-OLFML3-CX3CR1-resident","HLA-DQA1","CD4",0.038958635450361,0,"HLA-DQA1_CD4","HLA-DQA1 - CD4","MHC-II","Cell-Cell Contact","KEGG: hsa04514","Advanced"
"Myeloid-CLEC10A-APC","Mac-TNF-CCL4-inflammatory","HLA-DQA1","CD4",0.0149655978651319,0,"HLA-DQA1_CD4","HLA-DQA1 - CD4","MHC-II","Cell-Cell Contact","KEGG: hsa04514","Advanced"
"Myeloid-CLEC10A-APC","Mono-FCN1-S100A8-S100A9","HLA-DQA1","CD4",0.0120184692050203,0,"HLA-DQA1_CD4","HLA-DQA1 - CD4","MHC-II","Cell-Cell Contact","KEGG: hsa04514","Advanced"
"C6-SLC2A1-like","Myeloid-CLEC10A-APC","HLA-DQA1","CD4",0.0446588086018433,0,"HLA-DQA1_CD4","HLA-DQA1 - CD4","MHC-II","Cell-Cell Contact","KEGG: hsa04514","Advanced"
"C7-APOBEC3A-like","Myeloid-CLEC10A-APC","HLA-DQA1","CD4",0.0844381380408556,0,"HLA-DQA1_CD4","HLA-DQA1 - CD4","MHC-II","Cell-Cell Contact","KEGG: hsa04514","Advanced"
"Mac-Cycling","Myeloid-CLEC10A-APC","HLA-DQA1","CD4",0.0366954783067486,0,"HLA-DQA1_CD4","HLA-DQA1 - CD4","MHC-II","Cell-Cell Contact","KEGG: hsa04514","Advanced"
"Mac-FOLR2-LYVE1-resident","Myeloid-CLEC10A-APC","HLA-DQA1","CD4",0.0669586021131364,0,"HLA-DQA1_CD4","HLA-DQA1 - CD4","MHC-II","Cell-Cell Contact","KEGG: hsa04514","Advanced"
"Mac-NUPR1-IGF2-stress","Myeloid-CLEC10A-APC","HLA-DQA1","CD4",0.0378456581539242,0,"HLA-DQA1_CD4","HLA-DQA1 - CD4","MHC-II","Cell-Cell Contact","KEGG: hsa04514","Advanced"
"Mac-OLFML3-CX3CR1-resident","Myeloid-CLEC10A-APC","HLA-DQA1","CD4",0.0688268472842335,0,"HLA-DQA1_CD4","HLA-DQA1 - CD4","MHC-II","Cell-Cell Contact","KEGG: hsa04514","Advanced"
"Mac-TNF-CCL4-inflammatory","Myeloid-CLEC10A-APC","HLA-DQA1","CD4",0.0462513689403482,0,"HLA-DQA1_CD4","HLA-DQA1 - CD4","MHC-II","Cell-Cell Contact","KEGG: hsa04514","Advanced"
"Myeloid-CLEC10A-APC","Myeloid-CLEC10A-APC","HLA-DQA1","CD4",0.0266867974537206,0,"HLA-DQA1_CD4","HLA-DQA1 - CD4","MHC-II","Cell-Cell Contact","KEGG: hsa04514","Advanced"
"Myeloid-CLEC10A-APC","C6-SLC2A1-like","HLA-DMA","CD4",0.0662108692658781,0,"HLA-DMA_CD4","HLA-DMA - CD4","MHC-II","Cell-Cell Contact","KEGG: hsa04514","Advanced"
"Myeloid-CLEC10A-APC","C7-APOBEC3A-like","HLA-DMA","CD4",0.0906276997637859,0,"HLA-DMA_CD4","HLA-DMA - CD4","MHC-II","Cell-Cell Contact","KEGG: hsa04514","Advanced"
"Myeloid-CLEC10A-APC","Mac-Cycling","HLA-DMA","CD4",0.0379692737273451,0,"HLA-DMA_CD4","HLA-DMA - CD4","MHC-II","Cell-Cell Contact","KEGG: hsa04514","Advanced"
"Myeloid-CLEC10A-APC","Mac-FOLR2-LYVE1-resident","HLA-DMA","CD4",0.0540180514781386,0,"HLA-DMA_CD4","HLA-DMA - CD4","MHC-II","Cell-Cell Contact","KEGG: hsa04514","Advanced"
"Myeloid-CLEC10A-APC","Mac-NUPR1-IGF2-stress","HLA-DMA","CD4",0.0186303335604245,0,"HLA-DMA_CD4","HLA-DMA - CD4","MHC-II","Cell-Cell Contact","KEGG: hsa04514","Advanced"
"Myeloid-CLEC10A-APC","Mac-OLFML3-CX3CR1-resident","HLA-DMA","CD4",0.0512575969747511,0,"HLA-DMA_CD4","HLA-DMA - CD4","MHC-II","Cell-Cell Contact","KEGG: hsa04514","Advanced"
"Myeloid-CLEC10A-APC","Mac-TNF-CCL4-inflammatory","HLA-DMA","CD4",0.0198465498872886,0,"HLA-DMA_CD4","HLA-DMA - CD4","MHC-II","Cell-Cell Contact","KEGG: hsa04514","Advanced"
"Myeloid-CLEC10A-APC","Mono-FCN1-S100A8-S100A9","HLA-DMA","CD4",0.0159537981414211,0,"HLA-DMA_CD4","HLA-DMA - CD4","MHC-II","Cell-Cell Contact","KEGG: hsa04514","Advanced"
"C6-SLC2A1-like","Myeloid-CLEC10A-APC","HLA-DMA","CD4",0.0289899676808018,0,"HLA-DMA_CD4","HLA-DMA - CD4","MHC-II","Cell-Cell Contact","KEGG: hsa04514","Advanced"
"C7-APOBEC3A-like","Myeloid-CLEC10A-APC","HLA-DMA","CD4",0.0540480790190642,0,"HLA-DMA_CD4","HLA-DMA - CD4","MHC-II","Cell-Cell Contact","KEGG: hsa04514","Advanced"
"Mac-Cycling","Myeloid-CLEC10A-APC","HLA-DMA","CD4",0.038900056261006,0,"HLA-DMA_CD4","HLA-DMA - CD4","MHC-II","Cell-Cell Contact","KEGG: hsa04514","Advanced"
"Mac-FOLR2-LYVE1-resident","Myeloid-CLEC10A-APC","HLA-DMA","CD4",0.0470825043655398,0,"HLA-DMA_CD4","HLA-DMA - CD4","MHC-II","Cell-Cell Contact","KEGG: hsa04514","Advanced"
"Mac-NUPR1-IGF2-stress","Myeloid-CLEC10A-APC","HLA-DMA","CD4",0.00853311763185005,0,"HLA-DMA_CD4","HLA-DMA - CD4","MHC-II","Cell-Cell Contact","KEGG: hsa04514","Advanced"
"Mac-OLFML3-CX3CR1-resident","Myeloid-CLEC10A-APC","HLA-DMA","CD4",0.0594063501890273,0,"HLA-DMA_CD4","HLA-DMA - CD4","MHC-II","Cell-Cell Contact","KEGG: hsa04514","Advanced"
"Mac-TNF-CCL4-inflammatory","Myeloid-CLEC10A-APC","HLA-DMA","CD4",0.00864792478152474,0.01,"HLA-DMA_CD4","HLA-DMA - CD4","MHC-II","Cell-Cell Contact","KEGG: hsa04514","Advanced"
"Mono-FCN1-S100A8-S100A9","Myeloid-CLEC10A-APC","HLA-DMA","CD4",0.0269557339295618,0,"HLA-DMA_CD4","HLA-DMA - CD4","MHC-II","Cell-Cell Contact","KEGG: hsa04514","Advanced"
"Myeloid-CLEC10A-APC","Myeloid-CLEC10A-APC","HLA-DMA","CD4",0.035253742018534,0,"HLA-DMA_CD4","HLA-DMA - CD4","MHC-II","Cell-Cell Contact","KEGG: hsa04514","Advanced"
"Myeloid-CLEC10A-APC","C6-SLC2A1-like","HLA-DMB","CD4",0.0408403000416015,0,"HLA-DMB_CD4","HLA-DMB - CD4","MHC-II","Cell-Cell Contact","KEGG: hsa04514","Advanced"
"Myeloid-CLEC10A-APC","C7-APOBEC3A-like","HLA-DMB","CD4",0.056466894594397,0,"HLA-DMB_CD4","HLA-DMB - CD4","MHC-II","Cell-Cell Contact","KEGG: hsa04514","Advanced"
"Myeloid-CLEC10A-APC","Mac-Cycling","HLA-DMB","CD4",0.0231519661759388,0,"HLA-DMB_CD4","HLA-DMB - CD4","MHC-II","Cell-Cell Contact","KEGG: hsa04514","Advanced"
"Myeloid-CLEC10A-APC","Mac-FOLR2-LYVE1-resident","HLA-DMB","CD4",0.0331536281982128,0,"HLA-DMB_CD4","HLA-DMB - CD4","MHC-II","Cell-Cell Contact","KEGG: hsa04514","Advanced"
"Myeloid-CLEC10A-APC","Mac-NUPR1-IGF2-stress","HLA-DMB","CD4",0.0112715221642332,0,"HLA-DMB_CD4","HLA-DMB - CD4","MHC-II","Cell-Cell Contact","KEGG: hsa04514","Advanced"
"Myeloid-CLEC10A-APC","Mac-OLFML3-CX3CR1-resident","HLA-DMB","CD4",0.0314239785457296,0,"HLA-DMB_CD4","HLA-DMB - CD4","MHC-II","Cell-Cell Contact","KEGG: hsa04514","Advanced"
"Myeloid-CLEC10A-APC","Mac-TNF-CCL4-inflammatory","HLA-DMB","CD4",0.0120132248067589,0,"HLA-DMB_CD4","HLA-DMB - CD4","MHC-II","Cell-Cell Contact","KEGG: hsa04514","Advanced"
"Myeloid-CLEC10A-APC","Mono-FCN1-S100A8-S100A9","HLA-DMB","CD4",0.00964180686364378,0,"HLA-DMB_CD4","HLA-DMB - CD4","MHC-II","Cell-Cell Contact","KEGG: hsa04514","Advanced"
"C6-SLC2A1-like","Myeloid-CLEC10A-APC","HLA-DMB","CD4",0.0205860486621394,0,"HLA-DMB_CD4","HLA-DMB - CD4","MHC-II","Cell-Cell Contact","KEGG: hsa04514","Advanced"
"C7-APOBEC3A-like","Myeloid-CLEC10A-APC","HLA-DMB","CD4",0.0460936463700244,0,"HLA-DMB_CD4","HLA-DMB - CD4","MHC-II","Cell-Cell Contact","KEGG: hsa04514","Advanced"
"Mac-Cycling","Myeloid-CLEC10A-APC","HLA-DMB","CD4",0.0256035844863267,0,"HLA-DMB_CD4","HLA-DMB - CD4","MHC-II","Cell-Cell Contact","KEGG: hsa04514","Advanced"
"Mac-FOLR2-LYVE1-resident","Myeloid-CLEC10A-APC","HLA-DMB","CD4",0.0437760986227281,0,"HLA-DMB_CD4","HLA-DMB - CD4","MHC-II","Cell-Cell Contact","KEGG: hsa04514","Advanced"
"Mac-NUPR1-IGF2-stress","Myeloid-CLEC10A-APC","HLA-DMB","CD4",0.0119240861454511,0,"HLA-DMB_CD4","HLA-DMB - CD4","MHC-II","Cell-Cell Contact","KEGG: hsa04514","Advanced"
"Mac-OLFML3-CX3CR1-resident","Myeloid-CLEC10A-APC","HLA-DMB","CD4",0.0466090399296218,0,"HLA-DMB_CD4","HLA-DMB - CD4","MHC-II","Cell-Cell Contact","KEGG: hsa04514","Advanced"
"Mac-TNF-CCL4-inflammatory","Myeloid-CLEC10A-APC","HLA-DMB","CD4",0.0284175078415052,0,"HLA-DMB_CD4","HLA-DMB - CD4","MHC-II","Cell-Cell Contact","KEGG: hsa04514","Advanced"
"Mono-FCN1-S100A8-S100A9","Myeloid-CLEC10A-APC","HLA-DMB","CD4",0.00820529516849286,0,"HLA-DMB_CD4","HLA-DMB - CD4","MHC-II","Cell-Cell Contact","KEGG: hsa04514","Advanced"
"Myeloid-CLEC10A-APC","Myeloid-CLEC10A-APC","HLA-DMB","CD4",0.0214725033372533,0,"HLA-DMB_CD4","HLA-DMB - CD4","MHC-II","Cell-Cell Contact","KEGG: hsa04514","Advanced"
"Myeloid-CLEC10A-APC","C6-SLC2A1-like","HLA-DQA2","CD4",0.0157119421491121,0,"HLA-DQA2_CD4","HLA-DQA2 - CD4","MHC-II","Cell-Cell Contact","KEGG: hsa04514","Advanced"
"Myeloid-CLEC10A-APC","C7-APOBEC3A-like","HLA-DQA2","CD4",0.0219437204478995,0,"HLA-DQA2_CD4","HLA-DQA2 - CD4","MHC-II","Cell-Cell Contact","KEGG: hsa04514","Advanced"
"Myeloid-CLEC10A-APC","Mac-Cycling","HLA-DQA2","CD4",0.00880701521793726,0,"HLA-DQA2_CD4","HLA-DQA2 - CD4","MHC-II","Cell-Cell Contact","KEGG: hsa04514","Advanced"
"Myeloid-CLEC10A-APC","Mac-FOLR2-LYVE1-resident","HLA-DQA2","CD4",0.0126921684508016,0,"HLA-DQA2_CD4","HLA-DQA2 - CD4","MHC-II","Cell-Cell Contact","KEGG: hsa04514","Advanced"
"Myeloid-CLEC10A-APC","Mac-NUPR1-IGF2-stress","HLA-DQA2","CD4",0.00425562198538163,0,"HLA-DQA2_CD4","HLA-DQA2 - CD4","MHC-II","Cell-Cell Contact","KEGG: hsa04514","Advanced"
"Myeloid-CLEC10A-APC","Mac-OLFML3-CX3CR1-resident","HLA-DQA2","CD4",0.0120167408852025,0,"HLA-DQA2_CD4","HLA-DQA2 - CD4","MHC-II","Cell-Cell Contact","KEGG: hsa04514","Advanced"
"Myeloid-CLEC10A-APC","Mac-TNF-CCL4-inflammatory","HLA-DQA2","CD4",0.00453777451880843,0,"HLA-DQA2_CD4","HLA-DQA2 - CD4","MHC-II","Cell-Cell Contact","KEGG: hsa04514","Advanced"
"Myeloid-CLEC10A-APC","Mono-FCN1-S100A8-S100A9","HLA-DQA2","CD4",0.00363658344006157,0,"HLA-DQA2_CD4","HLA-DQA2 - CD4","MHC-II","Cell-Cell Contact","KEGG: hsa04514","Advanced"
"C7-APOBEC3A-like","Myeloid-CLEC10A-APC","HLA-DQA2","CD4",0.00595989848361731,0,"HLA-DQA2_CD4","HLA-DQA2 - CD4","MHC-II","Cell-Cell Contact","KEGG: hsa04514","Advanced"
"Mac-FOLR2-LYVE1-resident","Myeloid-CLEC10A-APC","HLA-DQA2","CD4",0.00716967090833042,0,"HLA-DQA2_CD4","HLA-DQA2 - CD4","MHC-II","Cell-Cell Contact","KEGG: hsa04514","Advanced"
"Mac-OLFML3-CX3CR1-resident","Myeloid-CLEC10A-APC","HLA-DQA2","CD4",0.035823606888561,0,"HLA-DQA2_CD4","HLA-DQA2 - CD4","MHC-II","Cell-Cell Contact","KEGG: hsa04514","Advanced"
"Myeloid-CLEC10A-APC","Myeloid-CLEC10A-APC","HLA-DQA2","CD4",0.00815945510532348,0,"HLA-DQA2_CD4","HLA-DQA2 - CD4","MHC-II","Cell-Cell Contact","KEGG: hsa04514","Advanced"
"C7-APOBEC3A-like","Myeloid-CLEC10A-APC","HLA-DOA","CD4",0.00834772038645348,0,"HLA-DOA_CD4","HLA-DOA - CD4","MHC-II","Cell-Cell Contact","KEGG: hsa04514","Advanced"
"Mac-Cycling","Myeloid-CLEC10A-APC","HLA-DOA","CD4",0.00139930366446605,0,"HLA-DOA_CD4","HLA-DOA - CD4","MHC-II","Cell-Cell Contact","KEGG: hsa04514","Advanced"
"Mac-FOLR2-LYVE1-resident","Myeloid-CLEC10A-APC","HLA-DOA","CD4",0.0053300371187485,0,"HLA-DOA_CD4","HLA-DOA - CD4","MHC-II","Cell-Cell Contact","KEGG: hsa04514","Advanced"
"Mac-OLFML3-CX3CR1-resident","Myeloid-CLEC10A-APC","HLA-DOA","CD4",0.0179162235572742,0,"HLA-DOA_CD4","HLA-DOA - CD4","MHC-II","Cell-Cell Contact","KEGG: hsa04514","Advanced"
"Myeloid-CLEC10A-APC","C6-SLC2A1-like","HLA-DQB1","CD4",0.0974377160115522,0,"HLA-DQB1_CD4","HLA-DQB1 - CD4","MHC-II","Cell-Cell Contact","KEGG: hsa04514","Advanced"
"Myeloid-CLEC10A-APC","C7-APOBEC3A-like","HLA-DQB1","CD4",0.131745480891829,0,"HLA-DQB1_CD4","HLA-DQB1 - CD4","MHC-II","Cell-Cell Contact","KEGG: hsa04514","Advanced"
"Myeloid-CLEC10A-APC","Mac-Cycling","HLA-DQB1","CD4",0.0566851692981459,0,"HLA-DQB1_CD4","HLA-DQB1 - CD4","MHC-II","Cell-Cell Contact","KEGG: hsa04514","Advanced"
"Myeloid-CLEC10A-APC","Mac-FOLR2-LYVE1-resident","HLA-DQB1","CD4",0.0799870101063089,0,"HLA-DQB1_CD4","HLA-DQB1 - CD4","MHC-II","Cell-Cell Contact","KEGG: hsa04514","Advanced"
"Myeloid-CLEC10A-APC","Mac-NUPR1-IGF2-stress","HLA-DQB1","CD4",0.0280919960069221,0,"HLA-DQB1_CD4","HLA-DQB1 - CD4","MHC-II","Cell-Cell Contact","KEGG: hsa04514","Advanced"
"Myeloid-CLEC10A-APC","Mac-OLFML3-CX3CR1-resident","HLA-DQB1","CD4",0.0760061040090269,0,"HLA-DQB1_CD4","HLA-DQB1 - CD4","MHC-II","Cell-Cell Contact","KEGG: hsa04514","Advanced"
"Myeloid-CLEC10A-APC","Mac-TNF-CCL4-inflammatory","HLA-DQB1","CD4",0.029907060526332,0,"HLA-DQB1_CD4","HLA-DQB1 - CD4","MHC-II","Cell-Cell Contact","KEGG: hsa04514","Advanced"
"Myeloid-CLEC10A-APC","Mono-FCN1-S100A8-S100A9","HLA-DQB1","CD4",0.0240895133614638,0,"HLA-DQB1_CD4","HLA-DQB1 - CD4","MHC-II","Cell-Cell Contact","KEGG: hsa04514","Advanced"
"C6-SLC2A1-like","Myeloid-CLEC10A-APC","HLA-DQB1","CD4",0.05899672916606,0,"HLA-DQB1_CD4","HLA-DQB1 - CD4","MHC-II","Cell-Cell Contact","KEGG: hsa04514","Advanced"
"C7-APOBEC3A-like","Myeloid-CLEC10A-APC","HLA-DQB1","CD4",0.0760789274605658,0,"HLA-DQB1_CD4","HLA-DQB1 - CD4","MHC-II","Cell-Cell Contact","KEGG: hsa04514","Advanced"
"Mac-Cycling","Myeloid-CLEC10A-APC","HLA-DQB1","CD4",0.0561898616950917,0,"HLA-DQB1_CD4","HLA-DQB1 - CD4","MHC-II","Cell-Cell Contact","KEGG: hsa04514","Advanced"
"Mac-FOLR2-LYVE1-resident","Myeloid-CLEC10A-APC","HLA-DQB1","CD4",0.0713593964472748,0,"HLA-DQB1_CD4","HLA-DQB1 - CD4","MHC-II","Cell-Cell Contact","KEGG: hsa04514","Advanced"
"Mac-NUPR1-IGF2-stress","Myeloid-CLEC10A-APC","HLA-DQB1","CD4",0.0384289731110446,0,"HLA-DQB1_CD4","HLA-DQB1 - CD4","MHC-II","Cell-Cell Contact","KEGG: hsa04514","Advanced"
"Mac-OLFML3-CX3CR1-resident","Myeloid-CLEC10A-APC","HLA-DQB1","CD4",0.0842367652766887,0,"HLA-DQB1_CD4","HLA-DQB1 - CD4","MHC-II","Cell-Cell Contact","KEGG: hsa04514","Advanced"
"Mac-TNF-CCL4-inflammatory","Myeloid-CLEC10A-APC","HLA-DQB1","CD4",0.0659962027322232,0,"HLA-DQB1_CD4","HLA-DQB1 - CD4","MHC-II","Cell-Cell Contact","KEGG: hsa04514","Advanced"
"Mono-FCN1-S100A8-S100A9","Myeloid-CLEC10A-APC","HLA-DQB1","CD4",0.027676415181593,0,"HLA-DQB1_CD4","HLA-DQB1 - CD4","MHC-II","Cell-Cell Contact","KEGG: hsa04514","Advanced"
"Myeloid-CLEC10A-APC","Myeloid-CLEC10A-APC","HLA-DQB1","CD4",0.0527044235224162,0,"HLA-DQB1_CD4","HLA-DQB1 - CD4","MHC-II","Cell-Cell Contact","KEGG: hsa04514","Advanced"
"Myeloid-CLEC10A-APC","C6-SLC2A1-like","HLA-DRA","CD4",0.154047758470865,0,"HLA-DRA_CD4","HLA-DRA - CD4","MHC-II","Cell-Cell Contact","KEGG: hsa04514","Advanced"
"Myeloid-CLEC10A-APC","C7-APOBEC3A-like","HLA-DRA","CD4",0.203787405998654,0,"HLA-DRA_CD4","HLA-DRA - CD4","MHC-II","Cell-Cell Contact","KEGG: hsa04514","Advanced"
"Myeloid-CLEC10A-APC","Mac-Cycling","HLA-DRA","CD4",0.0920327873785046,0,"HLA-DRA_CD4","HLA-DRA - CD4","MHC-II","Cell-Cell Contact","KEGG: hsa04514","Advanced"
"Myeloid-CLEC10A-APC","Mac-FOLR2-LYVE1-resident","HLA-DRA","CD4",0.127895086812575,0,"HLA-DRA_CD4","HLA-DRA - CD4","MHC-II","Cell-Cell Contact","KEGG: hsa04514","Advanced"
"Myeloid-CLEC10A-APC","Mac-NUPR1-IGF2-stress","HLA-DRA","CD4",0.0464882412648254,0,"HLA-DRA_CD4","HLA-DRA - CD4","MHC-II","Cell-Cell Contact","KEGG: hsa04514","Advanced"
"Myeloid-CLEC10A-APC","Mac-OLFML3-CX3CR1-resident","HLA-DRA","CD4",0.121845605942078,0,"HLA-DRA_CD4","HLA-DRA - CD4","MHC-II","Cell-Cell Contact","KEGG: hsa04514","Advanced"
"Myeloid-CLEC10A-APC","Mac-TNF-CCL4-inflammatory","HLA-DRA","CD4",0.0494314609418094,0,"HLA-DRA_CD4","HLA-DRA - CD4","MHC-II","Cell-Cell Contact","KEGG: hsa04514","Advanced"
"Myeloid-CLEC10A-APC","Mono-FCN1-S100A8-S100A9","HLA-DRA","CD4",0.0399725025040847,0,"HLA-DRA_CD4","HLA-DRA - CD4","MHC-II","Cell-Cell Contact","KEGG: hsa04514","Advanced"
"C6-SLC2A1-like","Myeloid-CLEC10A-APC","HLA-DRA","CD4",0.0762119231984882,0,"HLA-DRA_CD4","HLA-DRA - CD4","MHC-II","Cell-Cell Contact","KEGG: hsa04514","Advanced"
"C7-APOBEC3A-like","Myeloid-CLEC10A-APC","HLA-DRA","CD4",0.104586196202423,0,"HLA-DRA_CD4","HLA-DRA - CD4","MHC-II","Cell-Cell Contact","KEGG: hsa04514","Advanced"
"Mac-Cycling","Myeloid-CLEC10A-APC","HLA-DRA","CD4",0.0791646858406742,0,"HLA-DRA_CD4","HLA-DRA - CD4","MHC-II","Cell-Cell Contact","KEGG: hsa04514","Advanced"
"Mac-FOLR2-LYVE1-resident","Myeloid-CLEC10A-APC","HLA-DRA","CD4",0.0975239509777437,0,"HLA-DRA_CD4","HLA-DRA - CD4","MHC-II","Cell-Cell Contact","KEGG: hsa04514","Advanced"
"Mac-NUPR1-IGF2-stress","Myeloid-CLEC10A-APC","HLA-DRA","CD4",0.0694060424588835,0,"HLA-DRA_CD4","HLA-DRA - CD4","MHC-II","Cell-Cell Contact","KEGG: hsa04514","Advanced"
"Mac-OLFML3-CX3CR1-resident","Myeloid-CLEC10A-APC","HLA-DRA","CD4",0.110961429429557,0,"HLA-DRA_CD4","HLA-DRA - CD4","MHC-II","Cell-Cell Contact","KEGG: hsa04514","Advanced"
"Mac-TNF-CCL4-inflammatory","Myeloid-CLEC10A-APC","HLA-DRA","CD4",0.0760174247225461,0,"HLA-DRA_CD4","HLA-DRA - CD4","MHC-II","Cell-Cell Contact","KEGG: hsa04514","Advanced"
"Mono-FCN1-S100A8-S100A9","Myeloid-CLEC10A-APC","HLA-DRA","CD4",0.0789601096214959,0,"HLA-DRA_CD4","HLA-DRA - CD4","MHC-II","Cell-Cell Contact","KEGG: hsa04514","Advanced"
"Myeloid-CLEC10A-APC","Myeloid-CLEC10A-APC","HLA-DRA","CD4",0.0857955048943929,0,"HLA-DRA_CD4","HLA-DRA - CD4","MHC-II","Cell-Cell Contact","KEGG: hsa04514","Advanced"
"Myeloid-CLEC10A-APC","C6-SLC2A1-like","HLA-DRB1","CD4",0.141186328367291,0,"HLA-DRB1_CD4","HLA-DRB1 - CD4","MHC-II","Cell-Cell Contact","KEGG: hsa04514","Advanced"
"Myeloid-CLEC10A-APC","C7-APOBEC3A-like","HLA-DRB1","CD4",0.187694606244666,0,"HLA-DRB1_CD4","HLA-DRB1 - CD4","MHC-II","Cell-Cell Contact","KEGG: hsa04514","Advanced"
"Myeloid-CLEC10A-APC","Mac-Cycling","HLA-DRB1","CD4",0.0838358655966433,0,"HLA-DRB1_CD4","HLA-DRB1 - CD4","MHC-II","Cell-Cell Contact","KEGG: hsa04514","Advanced"
"Myeloid-CLEC10A-APC","Mac-FOLR2-LYVE1-resident","HLA-DRB1","CD4",0.116915370585724,0,"HLA-DRB1_CD4","HLA-DRB1 - CD4","MHC-II","Cell-Cell Contact","KEGG: hsa04514","Advanced"
"Myeloid-CLEC10A-APC","Mac-NUPR1-IGF2-stress","HLA-DRB1","CD4",0.0421594037437974,0,"HLA-DRB1_CD4","HLA-DRB1 - CD4","MHC-II","Cell-Cell Contact","KEGG: hsa04514","Advanced"
"Myeloid-CLEC10A-APC","Mac-OLFML3-CX3CR1-resident","HLA-DRB1","CD4",0.111318942834141,0,"HLA-DRB1_CD4","HLA-DRB1 - CD4","MHC-II","Cell-Cell Contact","KEGG: hsa04514","Advanced"
"Myeloid-CLEC10A-APC","Mac-TNF-CCL4-inflammatory","HLA-DRB1","CD4",0.0448414487041269,0,"HLA-DRB1_CD4","HLA-DRB1 - CD4","MHC-II","Cell-Cell Contact","KEGG: hsa04514","Advanced"
"Myeloid-CLEC10A-APC","Mono-FCN1-S100A8-S100A9","HLA-DRB1","CD4",0.0362273382422481,0,"HLA-DRB1_CD4","HLA-DRB1 - CD4","MHC-II","Cell-Cell Contact","KEGG: hsa04514","Advanced"
"C6-SLC2A1-like","Myeloid-CLEC10A-APC","HLA-DRB1","CD4",0.0655921078257039,0,"HLA-DRB1_CD4","HLA-DRB1 - CD4","MHC-II","Cell-Cell Contact","KEGG: hsa04514","Advanced"
"C7-APOBEC3A-like","Myeloid-CLEC10A-APC","HLA-DRB1","CD4",0.0971976469353876,0,"HLA-DRB1_CD4","HLA-DRB1 - CD4","MHC-II","Cell-Cell Contact","KEGG: hsa04514","Advanced"
"Mac-Cycling","Myeloid-CLEC10A-APC","HLA-DRB1","CD4",0.0792386226838361,0,"HLA-DRB1_CD4","HLA-DRB1 - CD4","MHC-II","Cell-Cell Contact","KEGG: hsa04514","Advanced"
"Mac-FOLR2-LYVE1-resident","Myeloid-CLEC10A-APC","HLA-DRB1","CD4",0.0866554095274149,0,"HLA-DRB1_CD4","HLA-DRB1 - CD4","MHC-II","Cell-Cell Contact","KEGG: hsa04514","Advanced"
"Mac-NUPR1-IGF2-stress","Myeloid-CLEC10A-APC","HLA-DRB1","CD4",0.0634653113960055,0,"HLA-DRB1_CD4","HLA-DRB1 - CD4","MHC-II","Cell-Cell Contact","KEGG: hsa04514","Advanced"
"Mac-OLFML3-CX3CR1-resident","Myeloid-CLEC10A-APC","HLA-DRB1","CD4",0.102222470219719,0,"HLA-DRB1_CD4","HLA-DRB1 - CD4","MHC-II","Cell-Cell Contact","KEGG: hsa04514","Advanced"
"Mac-TNF-CCL4-inflammatory","Myeloid-CLEC10A-APC","HLA-DRB1","CD4",0.057105225202407,0,"HLA-DRB1_CD4","HLA-DRB1 - CD4","MHC-II","Cell-Cell Contact","KEGG: hsa04514","Advanced"
"Mono-FCN1-S100A8-S100A9","Myeloid-CLEC10A-APC","HLA-DRB1","CD4",0.0675571736513275,0,"HLA-DRB1_CD4","HLA-DRB1 - CD4","MHC-II","Cell-Cell Contact","KEGG: hsa04514","Advanced"
"Myeloid-CLEC10A-APC","Myeloid-CLEC10A-APC","HLA-DRB1","CD4",0.0781063200527913,0,"HLA-DRB1_CD4","HLA-DRB1 - CD4","MHC-II","Cell-Cell Contact","KEGG: hsa04514","Advanced"
"Mac-Cycling","Myeloid-CLEC10A-APC","HLA-DRB5","CD4",0.00273933083851029,0,"HLA-DRB5_CD4","HLA-DRB5 - CD4","MHC-II","Cell-Cell Contact","KEGG: hsa04514","Advanced"
"Mac-FOLR2-LYVE1-resident","Myeloid-CLEC10A-APC","HLA-DRB5","CD4",0.00690441109164012,0,"HLA-DRB5_CD4","HLA-DRB5 - CD4","MHC-II","Cell-Cell Contact","KEGG: hsa04514","Advanced"
"Mac-NUPR1-IGF2-stress","Myeloid-CLEC10A-APC","HLA-DRB5","CD4",0.00827717236095053,0,"HLA-DRB5_CD4","HLA-DRB5 - CD4","MHC-II","Cell-Cell Contact","KEGG: hsa04514","Advanced"
"Mac-OLFML3-CX3CR1-resident","Myeloid-CLEC10A-APC","HLA-DRB5","CD4",0.00419797311990438,0,"HLA-DRB5_CD4","HLA-DRB5 - CD4","MHC-II","Cell-Cell Contact","KEGG: hsa04514","Advanced"
"Myeloid-CLEC10A-APC","C6-SLC2A1-like","MPZL1","MPZL1",0.000572920981597515,0.03,"MPZL1_MPZL1","MPZL1 - MPZL1","MPZ","Cell-Cell Contact","KEGG: hsa04514","Advanced"
"C6-SLC2A1-like","Myeloid-CLEC10A-APC","MPZL1","MPZL1",0.000572920981597515,0.03,"MPZL1_MPZL1","MPZL1 - MPZL1","MPZ","Cell-Cell Contact","KEGG: hsa04514","Advanced"
"Myeloid-CLEC10A-APC","C7-APOBEC3A-like","NECTIN2","CD226",0.000201233852013663,0,"NECTIN2_CD226","NECTIN2 - CD226","NECTIN","Cell-Cell Contact","KEGG: hsa04514","Advanced"
"Myeloid-CLEC10A-APC","C6-SLC2A1-like","PECAM1","PECAM1",0.000688279414336697,0,"PECAM1_PECAM1","PECAM1 - PECAM1","PECAM1","Cell-Cell Contact","KEGG: hsa04514","Advanced"
"Myeloid-CLEC10A-APC","C7-APOBEC3A-like","PECAM1","PECAM1",0.00363375311911003,0,"PECAM1_PECAM1","PECAM1 - PECAM1","PECAM1","Cell-Cell Contact","KEGG: hsa04514","Advanced"
"Myeloid-CLEC10A-APC","Mac-Cycling","PECAM1","PECAM1",0.000815076896201317,0,"PECAM1_PECAM1","PECAM1 - PECAM1","PECAM1","Cell-Cell Contact","KEGG: hsa04514","Advanced"
"Myeloid-CLEC10A-APC","Mac-FOLR2-LYVE1-resident","PECAM1","PECAM1",0.00153787219603306,0,"PECAM1_PECAM1","PECAM1 - PECAM1","PECAM1","Cell-Cell Contact","KEGG: hsa04514","Advanced"
"Myeloid-CLEC10A-APC","Mac-OLFML3-CX3CR1-resident","PECAM1","PECAM1",0.00232239930902636,0,"PECAM1_PECAM1","PECAM1 - PECAM1","PECAM1","Cell-Cell Contact","KEGG: hsa04514","Advanced"
"Myeloid-CLEC10A-APC","Mono-FCN1-S100A8-S100A9","PECAM1","PECAM1",0.00249613784458082,0,"PECAM1_PECAM1","PECAM1 - PECAM1","PECAM1","Cell-Cell Contact","KEGG: hsa04514","Advanced"
"C6-SLC2A1-like","Myeloid-CLEC10A-APC","PECAM1","PECAM1",0.000688279414336697,0,"PECAM1_PECAM1","PECAM1 - PECAM1","PECAM1","Cell-Cell Contact","KEGG: hsa04514","Advanced"
"C7-APOBEC3A-like","Myeloid-CLEC10A-APC","PECAM1","PECAM1",0.00363375311911003,0,"PECAM1_PECAM1","PECAM1 - PECAM1","PECAM1","Cell-Cell Contact","KEGG: hsa04514","Advanced"
"Mac-Cycling","Myeloid-CLEC10A-APC","PECAM1","PECAM1",0.000815076896201317,0,"PECAM1_PECAM1","PECAM1 - PECAM1","PECAM1","Cell-Cell Contact","KEGG: hsa04514","Advanced"
"Mac-FOLR2-LYVE1-resident","Myeloid-CLEC10A-APC","PECAM1","PECAM1",0.00153787219603306,0,"PECAM1_PECAM1","PECAM1 - PECAM1","PECAM1","Cell-Cell Contact","KEGG: hsa04514","Advanced"
"Mac-OLFML3-CX3CR1-resident","Myeloid-CLEC10A-APC","PECAM1","PECAM1",0.00232239930902636,0,"PECAM1_PECAM1","PECAM1 - PECAM1","PECAM1","Cell-Cell Contact","KEGG: hsa04514","Advanced"
"Mono-FCN1-S100A8-S100A9","Myeloid-CLEC10A-APC","PECAM1","PECAM1",0.00249613784458082,0,"PECAM1_PECAM1","PECAM1 - PECAM1","PECAM1","Cell-Cell Contact","KEGG: hsa04514","Advanced"
"Myeloid-CLEC10A-APC","Myeloid-CLEC10A-APC","PECAM1","PECAM1",0.00111500357327376,0.01,"PECAM1_PECAM1","PECAM1 - PECAM1","PECAM1","Cell-Cell Contact","KEGG: hsa04514","Advanced"
"Myeloid-CLEC10A-APC","C6-SLC2A1-like","SEMA4A","NRP1_PLXNA1",0.00227441907695379,0,"SEMA4A_NRP1_PLXNA1","SEMA4A - (NRP1+PLXNA1)","SEMA4","Cell-Cell Contact","PMID: 27533782","Advanced"
"Myeloid-CLEC10A-APC","C7-APOBEC3A-like","SEMA4A","NRP1_PLXNA1",0.000831399105069672,0,"SEMA4A_NRP1_PLXNA1","SEMA4A - (NRP1+PLXNA1)","SEMA4","Cell-Cell Contact","PMID: 27533782","Advanced"
"Myeloid-CLEC10A-APC","C6-SLC2A1-like","SEMA4A","NRP1_PLXNA3",0.00227441907695379,0,"SEMA4A_NRP1_PLXNA3","SEMA4A - (NRP1+PLXNA3)","SEMA4","Cell-Cell Contact","PMID: 27533782","Advanced"
"Myeloid-CLEC10A-APC","C7-APOBEC3A-like","SEMA4A","NRP1_PLXNA3",0.000801713666875869,0,"SEMA4A_NRP1_PLXNA3","SEMA4A - (NRP1+PLXNA3)","SEMA4","Cell-Cell Contact","PMID: 27533782","Advanced"
"Myeloid-CLEC10A-APC","C6-SLC2A1-like","SEMA4A","PLXNB2",0.00124442652267761,0,"SEMA4A_PLXNB2","SEMA4A - PLXNB2","SEMA4","Cell-Cell Contact","PMID: 27533782","Advanced"
"Myeloid-CLEC10A-APC","C7-APOBEC3A-like","SEMA4A","PLXNB2",0.00506088800529108,0,"SEMA4A_PLXNB2","SEMA4A - PLXNB2","SEMA4","Cell-Cell Contact","PMID: 27533782","Advanced"
"Myeloid-CLEC10A-APC","Mac-Cycling","SEMA4A","PLXNB2",0.00286269073146565,0,"SEMA4A_PLXNB2","SEMA4A - PLXNB2","SEMA4","Cell-Cell Contact","PMID: 27533782","Advanced"
"Myeloid-CLEC10A-APC","Mac-FOLR2-LYVE1-resident","SEMA4A","PLXNB2",0.00161186533396567,0,"SEMA4A_PLXNB2","SEMA4A - PLXNB2","SEMA4","Cell-Cell Contact","PMID: 27533782","Advanced"
"Myeloid-CLEC10A-APC","Mac-NUPR1-IGF2-stress","SEMA4A","PLXNB2",0.000500990068828299,0,"SEMA4A_PLXNB2","SEMA4A - PLXNB2","SEMA4","Cell-Cell Contact","PMID: 27533782","Advanced"
"Myeloid-CLEC10A-APC","Mac-OLFML3-CX3CR1-resident","SEMA4A","PLXNB2",0.00217697567891657,0,"SEMA4A_PLXNB2","SEMA4A - PLXNB2","SEMA4","Cell-Cell Contact","PMID: 27533782","Advanced"
"Myeloid-CLEC10A-APC","Mac-TNF-CCL4-inflammatory","SEMA4A","PLXNB2",0.00227995684596969,0,"SEMA4A_PLXNB2","SEMA4A - PLXNB2","SEMA4","Cell-Cell Contact","PMID: 27533782","Advanced"
"Myeloid-CLEC10A-APC","Mono-FCN1-S100A8-S100A9","SEMA4A","PLXNB2",0.00221068962297153,0,"SEMA4A_PLXNB2","SEMA4A - PLXNB2","SEMA4","Cell-Cell Contact","PMID: 27533782","Advanced"
"C6-SLC2A1-like","Myeloid-CLEC10A-APC","SEMA4A","PLXNB2",0.00238860250228669,0,"SEMA4A_PLXNB2","SEMA4A - PLXNB2","SEMA4","Cell-Cell Contact","PMID: 27533782","Advanced"
"C7-APOBEC3A-like","Myeloid-CLEC10A-APC","SEMA4A","PLXNB2",0.00780797189615298,0,"SEMA4A_PLXNB2","SEMA4A - PLXNB2","SEMA4","Cell-Cell Contact","PMID: 27533782","Advanced"
"Mac-Cycling","Myeloid-CLEC10A-APC","SEMA4A","PLXNB2",0.00121523769317964,0,"SEMA4A_PLXNB2","SEMA4A - PLXNB2","SEMA4","Cell-Cell Contact","PMID: 27533782","Advanced"
"Mac-OLFML3-CX3CR1-resident","Myeloid-CLEC10A-APC","SEMA4A","PLXNB2",0.00163182087923331,0,"SEMA4A_PLXNB2","SEMA4A - PLXNB2","SEMA4","Cell-Cell Contact","PMID: 27533782","Advanced"
"Myeloid-CLEC10A-APC","Myeloid-CLEC10A-APC","SEMA4A","PLXNB2",0.00162429719834548,0,"SEMA4A_PLXNB2","SEMA4A - PLXNB2","SEMA4","Cell-Cell Contact","PMID: 27533782","Advanced"
"Myeloid-CLEC10A-APC","C7-APOBEC3A-like","SEMA4D","PLXNB2",0.00507639417499448,0,"SEMA4D_PLXNB2","SEMA4D - PLXNB2","SEMA4","Cell-Cell Contact","PMID: 27533782","Advanced"
"Myeloid-CLEC10A-APC","Mac-Cycling","SEMA4D","PLXNB2",0.00287148123272199,0,"SEMA4D_PLXNB2","SEMA4D - PLXNB2","SEMA4","Cell-Cell Contact","PMID: 27533782","Advanced"
"Myeloid-CLEC10A-APC","Mac-OLFML3-CX3CR1-resident","SEMA4D","PLXNB2",0.00218366515733974,0,"SEMA4D_PLXNB2","SEMA4D - PLXNB2","SEMA4","Cell-Cell Contact","PMID: 27533782","Advanced"
"Myeloid-CLEC10A-APC","Mac-TNF-CCL4-inflammatory","SEMA4D","PLXNB2",0.00228696204284505,0.02,"SEMA4D_PLXNB2","SEMA4D - PLXNB2","SEMA4","Cell-Cell Contact","PMID: 27533782","Advanced"
"Myeloid-CLEC10A-APC","Mono-FCN1-S100A8-S100A9","SEMA4D","PLXNB2",0.00221748246842193,0,"SEMA4D_PLXNB2","SEMA4D - PLXNB2","SEMA4","Cell-Cell Contact","PMID: 27533782","Advanced"
"C7-APOBEC3A-like","Myeloid-CLEC10A-APC","SEMA4D","PLXNB2",0.00620831574407429,0,"SEMA4D_PLXNB2","SEMA4D - PLXNB2","SEMA4","Cell-Cell Contact","PMID: 27533782","Advanced"
"Mac-FOLR2-LYVE1-resident","Myeloid-CLEC10A-APC","SEMA4D","PLXNB2",0.00233114584270346,0.01,"SEMA4D_PLXNB2","SEMA4D - PLXNB2","SEMA4","Cell-Cell Contact","PMID: 27533782","Advanced"
"Mac-OLFML3-CX3CR1-resident","Myeloid-CLEC10A-APC","SEMA4D","PLXNB2",0.00216012512290382,0,"SEMA4D_PLXNB2","SEMA4D - PLXNB2","SEMA4","Cell-Cell Contact","PMID: 27533782","Advanced"
"Myeloid-CLEC10A-APC","C7-APOBEC3A-like","SEMA4D","CD72",0.000769964146618781,0,"SEMA4D_CD72","SEMA4D - CD72","SEMA4","Cell-Cell Contact","PMID: 22325954","Advanced"
"Myeloid-CLEC10A-APC","C7-APOBEC3A-like","SIGLEC1","SPN",0.000646963991271515,0,"SIGLEC1_SPN","SIGLEC1 - SPN","SN","Cell-Cell Contact","KEGG: hsa04514; PMID: 11238599","Advanced"
"Myeloid-CLEC10A-APC","Mac-Cycling","SIGLEC1","SPN",0.000363906214062724,0,"SIGLEC1_SPN","SIGLEC1 - SPN","SN","Cell-Cell Contact","KEGG: hsa04514; PMID: 11238599","Advanced"
"Myeloid-CLEC10A-APC","Mac-OLFML3-CX3CR1-resident","SIGLEC1","SPN",0.000980705310811259,0,"SIGLEC1_SPN","SIGLEC1 - SPN","SN","Cell-Cell Contact","KEGG: hsa04514; PMID: 11238599","Advanced"
"C6-SLC2A1-like","Myeloid-CLEC10A-APC","SIGLEC1","SPN",0.00132122885878128,0,"SIGLEC1_SPN","SIGLEC1 - SPN","SN","Cell-Cell Contact","KEGG: hsa04514; PMID: 11238599","Advanced"
"C7-APOBEC3A-like","Myeloid-CLEC10A-APC","SIGLEC1","SPN",0.00596639034298817,0,"SIGLEC1_SPN","SIGLEC1 - SPN","SN","Cell-Cell Contact","KEGG: hsa04514; PMID: 11238599","Advanced"
"Mac-Cycling","Myeloid-CLEC10A-APC","SIGLEC1","SPN",0.000933621894672458,0,"SIGLEC1_SPN","SIGLEC1 - SPN","SN","Cell-Cell Contact","KEGG: hsa04514; PMID: 11238599","Advanced"
"Mac-FOLR2-LYVE1-resident","Myeloid-CLEC10A-APC","SIGLEC1","SPN",0.00179743856718912,0,"SIGLEC1_SPN","SIGLEC1 - SPN","SN","Cell-Cell Contact","KEGG: hsa04514; PMID: 11238599","Advanced"
"Mac-OLFML3-CX3CR1-resident","Myeloid-CLEC10A-APC","SIGLEC1","SPN",0.00195636129523634,0,"SIGLEC1_SPN","SIGLEC1 - SPN","SN","Cell-Cell Contact","KEGG: hsa04514; PMID: 11238599","Advanced"
"Mac-TNF-CCL4-inflammatory","Myeloid-CLEC10A-APC","SIGLEC1","SPN",0.00159016906235472,0.02,"SIGLEC1_SPN","SIGLEC1 - SPN","SN","Cell-Cell Contact","KEGG: hsa04514; PMID: 11238599","Advanced"
"Myeloid-CLEC10A-APC","Myeloid-CLEC10A-APC","SIGLEC1","SPN",0.00075358302213374,0,"SIGLEC1_SPN","SIGLEC1 - SPN","SN","Cell-Cell Contact","KEGG: hsa04514; PMID: 11238599","Advanced"
"Myeloid-CLEC10A-APC","C7-APOBEC3A-like","ITGA4_ITGB1","VCAM1",0.000386650646167144,0.01,"ITGA4_ITGB1_VCAM1","VCAM1 - (ITGA4+ITGB1)","VCAM","Cell-Cell Contact","KEGG: hsa04514","Advanced"
"Myeloid-CLEC10A-APC","C7-APOBEC3A-like","ITGA4_ITGB7","VCAM1",0.000120836969130005,0.01,"ITGA4_ITGB7_VCAM1","VCAM1 - (ITGA4+ITGB7)","VCAM","Cell-Cell Contact","KEGG: hsa04514","Advanced"
"Myeloid-CLEC10A-APC","C6-SLC2A1-like","ITGAV_ITGB1","ADGRE2",0.00354972368899222,0,"ITGAV_ITGB1_ADGRE2","(ITGAV+ITGB1) - ADGRE2","ADGRE","Cell-Cell Contact","PMID: 31462748","Advanced"
"Myeloid-CLEC10A-APC","C7-APOBEC3A-like","ITGAV_ITGB1","ADGRE2",0.00121885528447954,0,"ITGAV_ITGB1_ADGRE2","(ITGAV+ITGB1) - ADGRE2","ADGRE","Cell-Cell Contact","PMID: 31462748","Advanced"
"Myeloid-CLEC10A-APC","Mac-Cycling","ITGAV_ITGB1","ADGRE2",0.00251613050581896,0,"ITGAV_ITGB1_ADGRE2","(ITGAV+ITGB1) - ADGRE2","ADGRE","Cell-Cell Contact","PMID: 31462748","Advanced"
"Myeloid-CLEC10A-APC","Mac-OLFML3-CX3CR1-resident","ITGAV_ITGB1","ADGRE2",0.00426350163143981,0,"ITGAV_ITGB1_ADGRE2","(ITGAV+ITGB1) - ADGRE2","ADGRE","Cell-Cell Contact","PMID: 31462748","Advanced"
"Myeloid-CLEC10A-APC","Mac-TNF-CCL4-inflammatory","ITGAV_ITGB1","ADGRE2",0.0066458105305382,0,"ITGAV_ITGB1_ADGRE2","(ITGAV+ITGB1) - ADGRE2","ADGRE","Cell-Cell Contact","PMID: 31462748","Advanced"
"Myeloid-CLEC10A-APC","Mono-FCN1-S100A8-S100A9","ITGAV_ITGB1","ADGRE2",0.00508846636650274,0,"ITGAV_ITGB1_ADGRE2","(ITGAV+ITGB1) - ADGRE2","ADGRE","Cell-Cell Contact","PMID: 31462748","Advanced"
"C6-SLC2A1-like","Myeloid-CLEC10A-APC","ITGAV_ITGB1","ADGRE2",0.00743838577549852,0,"ITGAV_ITGB1_ADGRE2","(ITGAV+ITGB1) - ADGRE2","ADGRE","Cell-Cell Contact","PMID: 31462748","Advanced"
"C7-APOBEC3A-like","Myeloid-CLEC10A-APC","ITGAV_ITGB1","ADGRE2",0.0107121786072013,0,"ITGAV_ITGB1_ADGRE2","(ITGAV+ITGB1) - ADGRE2","ADGRE","Cell-Cell Contact","PMID: 31462748","Advanced"
"Mac-Cycling","Myeloid-CLEC10A-APC","ITGAV_ITGB1","ADGRE2",0.00929176607234961,0,"ITGAV_ITGB1_ADGRE2","(ITGAV+ITGB1) - ADGRE2","ADGRE","Cell-Cell Contact","PMID: 31462748","Advanced"
"Mac-FOLR2-LYVE1-resident","Myeloid-CLEC10A-APC","ITGAV_ITGB1","ADGRE2",0.00823717494388367,0,"ITGAV_ITGB1_ADGRE2","(ITGAV+ITGB1) - ADGRE2","ADGRE","Cell-Cell Contact","PMID: 31462748","Advanced"
"Mac-OLFML3-CX3CR1-resident","Myeloid-CLEC10A-APC","ITGAV_ITGB1","ADGRE2",0.00960908215768176,0,"ITGAV_ITGB1_ADGRE2","(ITGAV+ITGB1) - ADGRE2","ADGRE","Cell-Cell Contact","PMID: 31462748","Advanced"
"Myeloid-CLEC10A-APC","Myeloid-CLEC10A-APC","ITGAV_ITGB1","ADGRE2",0.00898123757170225,0,"ITGAV_ITGB1_ADGRE2","(ITGAV+ITGB1) - ADGRE2","ADGRE","Cell-Cell Contact","PMID: 31462748","Advanced"
"Myeloid-CLEC10A-APC","C6-SLC2A1-like","CD55","ADGRE5",0.00309416948674711,0,"CD55_ADGRE5","CD55 - ADGRE5","ADGRE","Cell-Cell Contact","PMID: 31462748","Advanced"
"Myeloid-CLEC10A-APC","C7-APOBEC3A-like","CD55","ADGRE5",0.0074332744392615,0,"CD55_ADGRE5","CD55 - ADGRE5","ADGRE","Cell-Cell Contact","PMID: 31462748","Advanced"
"Myeloid-CLEC10A-APC","Mac-Cycling","CD55","ADGRE5",0.00262154573337996,0.01,"CD55_ADGRE5","CD55 - ADGRE5","ADGRE","Cell-Cell Contact","PMID: 31462748","Advanced"
"Myeloid-CLEC10A-APC","Mono-FCN1-S100A8-S100A9","CD55","ADGRE5",0.00586702185973625,0,"CD55_ADGRE5","CD55 - ADGRE5","ADGRE","Cell-Cell Contact","PMID: 31462748","Advanced"
"Mono-FCN1-S100A8-S100A9","Myeloid-CLEC10A-APC","CD55","ADGRE5",0.0115607581005489,0,"CD55_ADGRE5","CD55 - ADGRE5","ADGRE","Cell-Cell Contact","PMID: 31462748","Advanced"
"Myeloid-CLEC10A-APC","Myeloid-CLEC10A-APC","CD55","ADGRE5",0.00472017704937355,0,"CD55_ADGRE5","CD55 - ADGRE5","ADGRE","Cell-Cell Contact","PMID: 31462748","Advanced"
"Myeloid-CLEC10A-APC","C7-APOBEC3A-like","ITGAV_ITGB1","ADGRE5",0.00967311640113828,0,"ITGAV_ITGB1_ADGRE5","(ITGAV+ITGB1) - ADGRE5","ADGRE","Cell-Cell Contact","PMID: 31462748","Advanced"
"Myeloid-CLEC10A-APC","Mono-FCN1-S100A8-S100A9","ITGAV_ITGB1","ADGRE5",0.00763854257503256,0,"ITGAV_ITGB1_ADGRE5","(ITGAV+ITGB1) - ADGRE5","ADGRE","Cell-Cell Contact","PMID: 31462748","Advanced"
"C6-SLC2A1-like","Myeloid-CLEC10A-APC","ITGAV_ITGB1","ADGRE5",0.00508899039035317,0.02,"ITGAV_ITGB1_ADGRE5","(ITGAV+ITGB1) - ADGRE5","ADGRE","Cell-Cell Contact","PMID: 31462748","Advanced"
"C7-APOBEC3A-like","Myeloid-CLEC10A-APC","ITGAV_ITGB1","ADGRE5",0.0073364068497056,0,"ITGAV_ITGB1_ADGRE5","(ITGAV+ITGB1) - ADGRE5","ADGRE","Cell-Cell Contact","PMID: 31462748","Advanced"
"Mac-Cycling","Myeloid-CLEC10A-APC","ITGAV_ITGB1","ADGRE5",0.00636073658245451,0,"ITGAV_ITGB1_ADGRE5","(ITGAV+ITGB1) - ADGRE5","ADGRE","Cell-Cell Contact","PMID: 31462748","Advanced"
"Mac-FOLR2-LYVE1-resident","Myeloid-CLEC10A-APC","ITGAV_ITGB1","ADGRE5",0.00563691684163242,0,"ITGAV_ITGB1_ADGRE5","(ITGAV+ITGB1) - ADGRE5","ADGRE","Cell-Cell Contact","PMID: 31462748","Advanced"
"Mac-OLFML3-CX3CR1-resident","Myeloid-CLEC10A-APC","ITGAV_ITGB1","ADGRE5",0.00657862195894453,0,"ITGAV_ITGB1_ADGRE5","(ITGAV+ITGB1) - ADGRE5","ADGRE","Cell-Cell Contact","PMID: 31462748","Advanced"
"Myeloid-CLEC10A-APC","Myeloid-CLEC10A-APC","ITGAV_ITGB1","ADGRE5",0.00614755452803719,0.01,"ITGAV_ITGB1_ADGRE5","(ITGAV+ITGB1) - ADGRE5","ADGRE","Cell-Cell Contact","PMID: 31462748","Advanced"
"Myeloid-CLEC10A-APC","C6-SLC2A1-like","APP","SORL1",0.00380597626034555,0,"APP_SORL1","APP - SORL1","APP","Cell-Cell Contact","PMID: 24523320","Advanced"
"Myeloid-CLEC10A-APC","C7-APOBEC3A-like","APP","SORL1",0.00968134211179933,0.01,"APP_SORL1","APP - SORL1","APP","Cell-Cell Contact","PMID: 24523320","Advanced"
"Myeloid-CLEC10A-APC","Mac-Cycling","APP","SORL1",0.00750690063268991,0,"APP_SORL1","APP - SORL1","APP","Cell-Cell Contact","PMID: 24523320","Advanced"
"Myeloid-CLEC10A-APC","Mac-FOLR2-LYVE1-resident","APP","SORL1",0.012955141043965,0,"APP_SORL1","APP - SORL1","APP","Cell-Cell Contact","PMID: 24523320","Advanced"
"Myeloid-CLEC10A-APC","Mac-OLFML3-CX3CR1-resident","APP","SORL1",0.017124557473945,0,"APP_SORL1","APP - SORL1","APP","Cell-Cell Contact","PMID: 24523320","Advanced"
"Myeloid-CLEC10A-APC","Mac-TNF-CCL4-inflammatory","APP","SORL1",0.00658959664908283,0,"APP_SORL1","APP - SORL1","APP","Cell-Cell Contact","PMID: 24523320","Advanced"
"Myeloid-CLEC10A-APC","Mono-FCN1-S100A8-S100A9","APP","SORL1",0.0055006102414439,0,"APP_SORL1","APP - SORL1","APP","Cell-Cell Contact","PMID: 24523320","Advanced"
"C6-SLC2A1-like","Myeloid-CLEC10A-APC","APP","SORL1",0.00525532613197903,0,"APP_SORL1","APP - SORL1","APP","Cell-Cell Contact","PMID: 24523320","Advanced"
"C7-APOBEC3A-like","Myeloid-CLEC10A-APC","APP","SORL1",0.00535948666378002,0.01,"APP_SORL1","APP - SORL1","APP","Cell-Cell Contact","PMID: 24523320","Advanced"
"Mac-Cycling","Myeloid-CLEC10A-APC","APP","SORL1",0.00403002376038212,0,"APP_SORL1","APP - SORL1","APP","Cell-Cell Contact","PMID: 24523320","Advanced"
"Mac-OLFML3-CX3CR1-resident","Myeloid-CLEC10A-APC","APP","SORL1",0.00458803018296708,0,"APP_SORL1","APP - SORL1","APP","Cell-Cell Contact","PMID: 24523320","Advanced"
"Mono-FCN1-S100A8-S100A9","Myeloid-CLEC10A-APC","APP","SORL1",0.00732242009146174,0,"APP_SORL1","APP - SORL1","APP","Cell-Cell Contact","PMID: 24523320","Advanced"
"Myeloid-CLEC10A-APC","Myeloid-CLEC10A-APC","APP","SORL1",0.0115132847465153,0,"APP_SORL1","APP - SORL1","APP","Cell-Cell Contact","PMID: 24523320","Advanced"
"Myeloid-CLEC10A-APC","C6-SLC2A1-like","APP","TREM2_TYROBP",0.0279985919296415,0,"APP_TREM2_TYROBP","APP - (TREM2+TYROBP)","APP","Cell-Cell Contact","PMID:27477013","Advanced"
"Myeloid-CLEC10A-APC","C7-APOBEC3A-like","APP","TREM2_TYROBP",0.0253046655847418,0,"APP_TREM2_TYROBP","APP - (TREM2+TYROBP)","APP","Cell-Cell Contact","PMID:27477013","Advanced"
"Myeloid-CLEC10A-APC","Mac-Cycling","APP","TREM2_TYROBP",0.0264854163639117,0,"APP_TREM2_TYROBP","APP - (TREM2+TYROBP)","APP","Cell-Cell Contact","PMID:27477013","Advanced"
"Myeloid-CLEC10A-APC","Mac-FOLR2-LYVE1-resident","APP","TREM2_TYROBP",0.0290472727042371,0,"APP_TREM2_TYROBP","APP - (TREM2+TYROBP)","APP","Cell-Cell Contact","PMID:27477013","Advanced"
"Myeloid-CLEC10A-APC","Mac-NUPR1-IGF2-stress","APP","TREM2_TYROBP",0.0065079908121033,0,"APP_TREM2_TYROBP","APP - (TREM2+TYROBP)","APP","Cell-Cell Contact","PMID:27477013","Advanced"
"Myeloid-CLEC10A-APC","Mac-OLFML3-CX3CR1-resident","APP","TREM2_TYROBP",0.0365609513388611,0,"APP_TREM2_TYROBP","APP - (TREM2+TYROBP)","APP","Cell-Cell Contact","PMID:27477013","Advanced"
"Myeloid-CLEC10A-APC","Mac-TNF-CCL4-inflammatory","APP","TREM2_TYROBP",0.0232168982213489,0,"APP_TREM2_TYROBP","APP - (TREM2+TYROBP)","APP","Cell-Cell Contact","PMID:27477013","Advanced"
"C6-SLC2A1-like","Myeloid-CLEC10A-APC","APP","TREM2_TYROBP",0.0092612211020962,0,"APP_TREM2_TYROBP","APP - (TREM2+TYROBP)","APP","Cell-Cell Contact","PMID:27477013","Advanced"
"C7-APOBEC3A-like","Myeloid-CLEC10A-APC","APP","TREM2_TYROBP",0.00944402466084656,0,"APP_TREM2_TYROBP","APP - (TREM2+TYROBP)","APP","Cell-Cell Contact","PMID:27477013","Advanced"
"Mac-Cycling","Myeloid-CLEC10A-APC","APP","TREM2_TYROBP",0.00710860117550909,0,"APP_TREM2_TYROBP","APP - (TREM2+TYROBP)","APP","Cell-Cell Contact","PMID:27477013","Advanced"
"Mac-OLFML3-CX3CR1-resident","Myeloid-CLEC10A-APC","APP","TREM2_TYROBP",0.0080894123544025,0,"APP_TREM2_TYROBP","APP - (TREM2+TYROBP)","APP","Cell-Cell Contact","PMID:27477013","Advanced"
"Mono-FCN1-S100A8-S100A9","Myeloid-CLEC10A-APC","APP","TREM2_TYROBP",0.0128835590887968,0,"APP_TREM2_TYROBP","APP - (TREM2+TYROBP)","APP","Cell-Cell Contact","PMID:27477013","Advanced"
"Myeloid-CLEC10A-APC","Myeloid-CLEC10A-APC","APP","TREM2_TYROBP",0.0201925053401816,0,"APP_TREM2_TYROBP","APP - (TREM2+TYROBP)","APP","Cell-Cell Contact","PMID:27477013","Advanced"
"C7-APOBEC3A-like","Myeloid-CLEC10A-APC","ADORA3","ENTPD1",0.000118696855292344,0,"ENTPD1_ADORA3","ADORA3 - ENTPD1","CD39","Cell-Cell Contact","uniprot","Advanced"
"Mac-FOLR2-LYVE1-resident","Myeloid-CLEC10A-APC","ADORA3","ENTPD1",0.00056069988652403,0,"ENTPD1_ADORA3","ADORA3 - ENTPD1","CD39","Cell-Cell Contact","uniprot","Advanced"
"Mac-OLFML3-CX3CR1-resident","Myeloid-CLEC10A-APC","ADORA3","ENTPD1",0.000777696744200868,0,"ENTPD1_ADORA3","ADORA3 - ENTPD1","CD39","Cell-Cell Contact","uniprot","Advanced"
"Myeloid-CLEC10A-APC","C6-SLC2A1-like","APOE","TREM2_TYROBP",0.0262680590177535,0,"APOE_TREM2_TYROBP","APOE - TREM2","ApoE","Cell-Cell Contact","uniprot;PMID:27477015","Advanced"
"Myeloid-CLEC10A-APC","C7-APOBEC3A-like","APOE","TREM2_TYROBP",0.0237365723590222,0,"APOE_TREM2_TYROBP","APOE - TREM2","ApoE","Cell-Cell Contact","uniprot;PMID:27477015","Advanced"
"Myeloid-CLEC10A-APC","Mac-Cycling","APOE","TREM2_TYROBP",0.0248460189000287,0,"APOE_TREM2_TYROBP","APOE - TREM2","ApoE","Cell-Cell Contact","uniprot;PMID:27477015","Advanced"
"Myeloid-CLEC10A-APC","Mac-FOLR2-LYVE1-resident","APOE","TREM2_TYROBP",0.027253740464936,0,"APOE_TREM2_TYROBP","APOE - TREM2","ApoE","Cell-Cell Contact","uniprot;PMID:27477015","Advanced"
"Myeloid-CLEC10A-APC","Mac-NUPR1-IGF2-stress","APOE","TREM2_TYROBP",0.00609741344245861,0,"APOE_TREM2_TYROBP","APOE - TREM2","ApoE","Cell-Cell Contact","uniprot;PMID:27477015","Advanced"
"Myeloid-CLEC10A-APC","Mac-OLFML3-CX3CR1-resident","APOE","TREM2_TYROBP",0.0343198833443102,0,"APOE_TREM2_TYROBP","APOE - TREM2","ApoE","Cell-Cell Contact","uniprot;PMID:27477015","Advanced"
"Myeloid-CLEC10A-APC","Mac-TNF-CCL4-inflammatory","APOE","TREM2_TYROBP",0.0217752905578504,0,"APOE_TREM2_TYROBP","APOE - TREM2","ApoE","Cell-Cell Contact","uniprot;PMID:27477015","Advanced"
"C6-SLC2A1-like","Myeloid-CLEC10A-APC","APOE","TREM2_TYROBP",0.15519151329379,0,"APOE_TREM2_TYROBP","APOE - TREM2","ApoE","Cell-Cell Contact","uniprot;PMID:27477015","Advanced"
"C7-APOBEC3A-like","Myeloid-CLEC10A-APC","APOE","TREM2_TYROBP",0.198618316428802,0,"APOE_TREM2_TYROBP","APOE - TREM2","ApoE","Cell-Cell Contact","uniprot;PMID:27477015","Advanced"
"Mac-Cycling","Myeloid-CLEC10A-APC","APOE","TREM2_TYROBP",0.0870462471602482,0,"APOE_TREM2_TYROBP","APOE - TREM2","ApoE","Cell-Cell Contact","uniprot;PMID:27477015","Advanced"
"Mac-FOLR2-LYVE1-resident","Myeloid-CLEC10A-APC","APOE","TREM2_TYROBP",0.16854644184592,0,"APOE_TREM2_TYROBP","APOE - TREM2","ApoE","Cell-Cell Contact","uniprot;PMID:27477015","Advanced"
"Mac-NUPR1-IGF2-stress","Myeloid-CLEC10A-APC","APOE","TREM2_TYROBP",0.0922123515732926,0,"APOE_TREM2_TYROBP","APOE - TREM2","ApoE","Cell-Cell Contact","uniprot;PMID:27477015","Advanced"
"Mac-OLFML3-CX3CR1-resident","Myeloid-CLEC10A-APC","APOE","TREM2_TYROBP",0.148826191631295,0,"APOE_TREM2_TYROBP","APOE - TREM2","ApoE","Cell-Cell Contact","uniprot;PMID:27477015","Advanced"
"Mac-TNF-CCL4-inflammatory","Myeloid-CLEC10A-APC","APOE","TREM2_TYROBP",0.12213524012119,0,"APOE_TREM2_TYROBP","APOE - TREM2","ApoE","Cell-Cell Contact","uniprot;PMID:27477015","Advanced"
"Mono-FCN1-S100A8-S100A9","Myeloid-CLEC10A-APC","APOE","TREM2_TYROBP",0.0107063594621385,0,"APOE_TREM2_TYROBP","APOE - TREM2","ApoE","Cell-Cell Contact","uniprot;PMID:27477015","Advanced"
"Myeloid-CLEC10A-APC","Myeloid-CLEC10A-APC","APOE","TREM2_TYROBP",0.0189350510056109,0,"APOE_TREM2_TYROBP","APOE - TREM2","ApoE","Cell-Cell Contact","uniprot;PMID:27477015","Advanced"
"Myeloid-CLEC10A-APC","C6-SLC2A1-like","LAIR1","LILRB4",0.0347902239631915,0,"LAIR1_LILRB4","LAIR1 - LILRB4","LAIR1","Cell-Cell Contact","PMID:19283782","Advanced"
"Myeloid-CLEC10A-APC","C7-APOBEC3A-like","LAIR1","LILRB4",0.0459941227670648,0,"LAIR1_LILRB4","LAIR1 - LILRB4","LAIR1","Cell-Cell Contact","PMID:19283782","Advanced"
"Myeloid-CLEC10A-APC","Mac-Cycling","LAIR1","LILRB4",0.0197274134040623,0,"LAIR1_LILRB4","LAIR1 - LILRB4","LAIR1","Cell-Cell Contact","PMID:19283782","Advanced"
"Myeloid-CLEC10A-APC","Mac-FOLR2-LYVE1-resident","LAIR1","LILRB4",0.0273089364087386,0,"LAIR1_LILRB4","LAIR1 - LILRB4","LAIR1","Cell-Cell Contact","PMID:19283782","Advanced"
"Myeloid-CLEC10A-APC","Mac-OLFML3-CX3CR1-resident","LAIR1","LILRB4",0.0295886467668593,0,"LAIR1_LILRB4","LAIR1 - LILRB4","LAIR1","Cell-Cell Contact","PMID:19283782","Advanced"
"C6-SLC2A1-like","Myeloid-CLEC10A-APC","LAIR1","LILRB4",0.0167378369355173,0,"LAIR1_LILRB4","LAIR1 - LILRB4","LAIR1","Cell-Cell Contact","PMID:19283782","Advanced"
"C7-APOBEC3A-like","Myeloid-CLEC10A-APC","LAIR1","LILRB4",0.0258029872545129,0,"LAIR1_LILRB4","LAIR1 - LILRB4","LAIR1","Cell-Cell Contact","PMID:19283782","Advanced"
"Mac-Cycling","Myeloid-CLEC10A-APC","LAIR1","LILRB4",0.0127689161787047,0,"LAIR1_LILRB4","LAIR1 - LILRB4","LAIR1","Cell-Cell Contact","PMID:19283782","Advanced"
"Mac-FOLR2-LYVE1-resident","Myeloid-CLEC10A-APC","LAIR1","LILRB4",0.0186321738153847,0,"LAIR1_LILRB4","LAIR1 - LILRB4","LAIR1","Cell-Cell Contact","PMID:19283782","Advanced"
"Mac-NUPR1-IGF2-stress","Myeloid-CLEC10A-APC","LAIR1","LILRB4",0.00155719469980233,0,"LAIR1_LILRB4","LAIR1 - LILRB4","LAIR1","Cell-Cell Contact","PMID:19283782","Advanced"
"Mac-OLFML3-CX3CR1-resident","Myeloid-CLEC10A-APC","LAIR1","LILRB4",0.0215249799334719,0,"LAIR1_LILRB4","LAIR1 - LILRB4","LAIR1","Cell-Cell Contact","PMID:19283782","Advanced"
"Mac-TNF-CCL4-inflammatory","Myeloid-CLEC10A-APC","LAIR1","LILRB4",0.0131221411203959,0,"LAIR1_LILRB4","LAIR1 - LILRB4","LAIR1","Cell-Cell Contact","PMID:19283782","Advanced"
"Mono-FCN1-S100A8-S100A9","Myeloid-CLEC10A-APC","LAIR1","LILRB4",0.00454655846479646,0,"LAIR1_LILRB4","LAIR1 - LILRB4","LAIR1","Cell-Cell Contact","PMID:19283782","Advanced"
"Myeloid-CLEC10A-APC","Myeloid-CLEC10A-APC","LAIR1","LILRB4",0.0143367675999285,0,"LAIR1_LILRB4","LAIR1 - LILRB4","LAIR1","Cell-Cell Contact","PMID:19283782","Advanced"
"Myeloid-CLEC10A-APC","C7-APOBEC3A-like","PECAM1","CD38",0.0011487590418345,0,"PECAM1_CD38","PECAM1 - CD38","PECAM2","Cell-Cell Contact","PMID:26407101","Advanced"
