"source","target","ligand","receptor","prob","pval","interaction_name","interaction_name_2","pathway_name","annotation","evidence","stage"
"C6-SLC2A1-like","Epithelia","AREG","EGFR",0.000548763262565909,0,"AREG_EGFR","AREG - EGFR","EGF","Secreted Signaling","KEGG: hsa04012","Non-malignant"
"C7-APOBEC3A-like","Epithelia","AREG","EGFR",0.000676481606809947,0,"AREG_EGFR","AREG - EGFR","EGF","Secreted Signaling","KEGG: hsa04012","Non-malignant"
"Mono-FCN1-S100A8-S100A9","Epithelia","AREG","EGFR",0.00152400004531619,0,"AREG_EGFR","AREG - EGFR","EGF","Secreted Signaling","KEGG: hsa04012","Non-malignant"
"Myeloid-CLEC10A-APC","Epithelia","AREG","EGFR",0.00239114980631084,0,"AREG_EGFR","AREG - EGFR","EGF","Secreted Signaling","KEGG: hsa04012","Non-malignant"
"C6-SLC2A1-like","Epithelia","HBEGF","EGFR",0.00396704214545813,0,"HBEGF_EGFR","HBEGF - EGFR","EGF","Secreted Signaling","KEGG: hsa04012","Non-malignant"
"C7-APOBEC3A-like","Epithelia","HBEGF","EGFR",0.00347435608358484,0,"HBEGF_EGFR","HBEGF - EGFR","EGF","Secreted Signaling","KEGG: hsa04012","Non-malignant"
"Mac-Cycling","Epithelia","HBEGF","EGFR",0.00111668121260232,0,"HBEGF_EGFR","HBEGF - EGFR","EGF","Secreted Signaling","KEGG: hsa04012","Non-malignant"
"Mac-FOLR2-LYVE1-resident","Epithelia","HBEGF","EGFR",0.000800099381605516,0,"HBEGF_EGFR","HBEGF - EGFR","EGF","Secreted Signaling","KEGG: hsa04012","Non-malignant"
"Mac-OLFML3-CX3CR1-resident","Epithelia","HBEGF","EGFR",0.00308231923153667,0,"HBEGF_EGFR","HBEGF - EGFR","EGF","Secreted Signaling","KEGG: hsa04012","Non-malignant"
"Mac-TNF-CCL4-inflammatory","Epithelia","HBEGF","EGFR",0.00177155453095505,0,"HBEGF_EGFR","HBEGF - EGFR","EGF","Secreted Signaling","KEGG: hsa04012","Non-malignant"
"Mono-FCN1-S100A8-S100A9","Epithelia","HBEGF","EGFR",0.00135488969139701,0,"HBEGF_EGFR","HBEGF - EGFR","EGF","Secreted Signaling","KEGG: hsa04012","Non-malignant"
"Myeloid-CLEC10A-APC","Epithelia","HBEGF","EGFR",0.00635929780537272,0,"HBEGF_EGFR","HBEGF - EGFR","EGF","Secreted Signaling","KEGG: hsa04012","Non-malignant"
"C6-SLC2A1-like","Epithelia","EREG","EGFR",0.00496261026620528,0,"EREG_EGFR","EREG - EGFR","EGF","Secreted Signaling","KEGG: hsa04012","Non-malignant"
"C7-APOBEC3A-like","Epithelia","EREG","EGFR",0.000337456005443357,0,"EREG_EGFR","EREG - EGFR","EGF","Secreted Signaling","KEGG: hsa04012","Non-malignant"
"Mac-TNF-CCL4-inflammatory","Epithelia","EREG","EGFR",0.00239567371835768,0,"EREG_EGFR","EREG - EGFR","EGF","Secreted Signaling","KEGG: hsa04012","Non-malignant"
"Mono-FCN1-S100A8-S100A9","Epithelia","EREG","EGFR",0.00668175500826594,0,"EREG_EGFR","EREG - EGFR","EGF","Secreted Signaling","KEGG: hsa04012","Non-malignant"
"Myeloid-CLEC10A-APC","Epithelia","EREG","EGFR",0.010901043595513,0,"EREG_EGFR","EREG - EGFR","EGF","Secreted Signaling","KEGG: hsa04012","Non-malignant"
"Mac-OLFML3-CX3CR1-resident","Epithelia","PDGFB","PDGFRA",0.00306734413661132,0,"PDGFB_PDGFRA","PDGFB - PDGFRA","PDGF","Secreted Signaling","PMID: 15207812","Non-malignant"
"Mac-OLFML3-CX3CR1-resident","Epithelia","PDGFB","PDGFRB",0.000632316048149926,0,"PDGFB_PDGFRB","PDGFB - PDGFRB","PDGF","Secreted Signaling","PMID: 15207812","Non-malignant"
"Mac-Cycling","Epithelia","IGF1","IGF1R",0.000495038487806635,0,"IGF1_IGF1R","IGF1 - IGF1R","IGF","Secreted Signaling","PMID: 14604834","Non-malignant"
"Mac-FOLR2-LYVE1-resident","Epithelia","IGF1","IGF1R",0.000711591804880404,0,"IGF1_IGF1R","IGF1 - IGF1R","IGF","Secreted Signaling","PMID: 14604834","Non-malignant"
"Mac-OLFML3-CX3CR1-resident","Epithelia","IGF1","IGF1R",0.000300301815450166,0,"IGF1_IGF1R","IGF1 - IGF1R","IGF","Secreted Signaling","PMID: 14604834","Non-malignant"
"Epithelia","C6-SLC2A1-like","IGF2","IGF2R",0.00101650301953345,0,"IGF2_IGF2R","IGF2 - IGF2R","IGF","Secreted Signaling","PMID: 14604834","Non-malignant"
"Epithelia","C7-APOBEC3A-like","IGF2","IGF2R",6.17223073729485e-05,0,"IGF2_IGF2R","IGF2 - IGF2R","IGF","Secreted Signaling","PMID: 14604834","Non-malignant"
"Epithelia","Mac-Cycling","IGF2","IGF2R",0.000173234744275195,0,"IGF2_IGF2R","IGF2 - IGF2R","IGF","Secreted Signaling","PMID: 14604834","Non-malignant"
"Epithelia","C6-SLC2A1-like","CXCL12","CXCR4",0.00403549538385173,0,"CXCL12_CXCR4","CXCL12 - CXCR4","CXCL","Secreted Signaling","KEGG: hsa04060","Non-malignant"
"Epithelia","C7-APOBEC3A-like","CXCL12","CXCR4",0.00776732787984741,0,"CXCL12_CXCR4","CXCL12 - CXCR4","CXCL","Secreted Signaling","KEGG: hsa04060","Non-malignant"
"Epithelia","Mac-Cycling","CXCL12","CXCR4",0.00268546659395167,0,"CXCL12_CXCR4","CXCL12 - CXCR4","CXCL","Secreted Signaling","KEGG: hsa04060","Non-malignant"
"Epithelia","Mac-FOLR2-LYVE1-resident","CXCL12","CXCR4",0.00219095347055429,0,"CXCL12_CXCR4","CXCL12 - CXCR4","CXCL","Secreted Signaling","KEGG: hsa04060","Non-malignant"
"Epithelia","Mac-OLFML3-CX3CR1-resident","CXCL12","CXCR4",0.0153411696097568,0,"CXCL12_CXCR4","CXCL12 - CXCR4","CXCL","Secreted Signaling","KEGG: hsa04060","Non-malignant"
"Epithelia","Mac-TNF-CCL4-inflammatory","CXCL12","CXCR4",0.00298940897123672,0,"CXCL12_CXCR4","CXCL12 - CXCR4","CXCL","Secreted Signaling","KEGG: hsa04060","Non-malignant"
"Epithelia","Mono-FCN1-S100A8-S100A9","CXCL12","CXCR4",0.00279083933533465,0,"CXCL12_CXCR4","CXCL12 - CXCR4","CXCL","Secreted Signaling","KEGG: hsa04060","Non-malignant"
"Epithelia","Myeloid-CLEC10A-APC","CXCL12","CXCR4",0.0104443786220268,0,"CXCL12_CXCR4","CXCL12 - CXCR4","CXCL","Secreted Signaling","KEGG: hsa04060","Non-malignant"
"Epithelia","C6-SLC2A1-like","MIF","CD74_CXCR4",0.0393312640774637,0,"MIF_CD74_CXCR4","MIF - (CD74+CXCR4)","MIF","Secreted Signaling","PMID: 29637711; PMID: 24760155","Non-malignant"
"Epithelia","C7-APOBEC3A-like","MIF","CD74_CXCR4",0.0593884807742564,0,"MIF_CD74_CXCR4","MIF - (CD74+CXCR4)","MIF","Secreted Signaling","PMID: 29637711; PMID: 24760155","Non-malignant"
"Epithelia","Mac-Cycling","MIF","CD74_CXCR4",0.0348171472587632,0.02,"MIF_CD74_CXCR4","MIF - (CD74+CXCR4)","MIF","Secreted Signaling","PMID: 29637711; PMID: 24760155","Non-malignant"
"Epithelia","Mac-FOLR2-LYVE1-resident","MIF","CD74_CXCR4",0.0332874412676426,0,"MIF_CD74_CXCR4","MIF - (CD74+CXCR4)","MIF","Secreted Signaling","PMID: 29637711; PMID: 24760155","Non-malignant"
"Epithelia","Mac-OLFML3-CX3CR1-resident","MIF","CD74_CXCR4",0.0883419589332113,0,"MIF_CD74_CXCR4","MIF - (CD74+CXCR4)","MIF","Secreted Signaling","PMID: 29637711; PMID: 24760155","Non-malignant"
"Epithelia","Mono-FCN1-S100A8-S100A9","MIF","CD74_CXCR4",0.032022122034255,0.01,"MIF_CD74_CXCR4","MIF - (CD74+CXCR4)","MIF","Secreted Signaling","PMID: 29637711; PMID: 24760155","Non-malignant"
"Epithelia","Myeloid-CLEC10A-APC","MIF","CD74_CXCR4",0.0668119693420744,0,"MIF_CD74_CXCR4","MIF - (CD74+CXCR4)","MIF","Secreted Signaling","PMID: 29637711; PMID: 24760155","Non-malignant"
"Epithelia","C6-SLC2A1-like","MIF","CD74_CD44",0.0625055911514125,0,"MIF_CD74_CD44","MIF - (CD74+CD44)","MIF","Secreted Signaling","PMID: 29637711; PMID: 26175090","Non-malignant"
"Epithelia","C7-APOBEC3A-like","MIF","CD74_CD44",0.0658539744447934,0,"MIF_CD74_CD44","MIF - (CD74+CD44)","MIF","Secreted Signaling","PMID: 29637711; PMID: 26175090","Non-malignant"
"Epithelia","Mac-Cycling","MIF","CD74_CD44",0.0580452762977198,0,"MIF_CD74_CD44","MIF - (CD74+CD44)","MIF","Secreted Signaling","PMID: 29637711; PMID: 26175090","Non-malignant"
"Epithelia","Mac-FOLR2-LYVE1-resident","MIF","CD74_CD44",0.0536670876770472,0,"MIF_CD74_CD44","MIF - (CD74+CD44)","MIF","Secreted Signaling","PMID: 29637711; PMID: 26175090","Non-malignant"
"Epithelia","Mac-OLFML3-CX3CR1-resident","MIF","CD74_CD44",0.0658796710006758,0,"MIF_CD74_CD44","MIF - (CD74+CD44)","MIF","Secreted Signaling","PMID: 29637711; PMID: 26175090","Non-malignant"
"Epithelia","Mac-TNF-CCL4-inflammatory","MIF","CD74_CD44",0.0618053216892095,0,"MIF_CD74_CD44","MIF - (CD74+CD44)","MIF","Secreted Signaling","PMID: 29637711; PMID: 26175090","Non-malignant"
"Epithelia","Mono-FCN1-S100A8-S100A9","MIF","CD74_CD44",0.0724141403816866,0,"MIF_CD74_CD44","MIF - (CD74+CD44)","MIF","Secreted Signaling","PMID: 29637711; PMID: 26175090","Non-malignant"
"Epithelia","Myeloid-CLEC10A-APC","MIF","CD74_CD44",0.073315783666765,0,"MIF_CD74_CD44","MIF - (CD74+CD44)","MIF","Secreted Signaling","PMID: 29637711; PMID: 26175090","Non-malignant"
"C6-SLC2A1-like","Epithelia","TNF","TNFRSF1A",0.00767294824124807,0,"TNF_TNFRSF1A","TNF - TNFRSF1A","TNF","Secreted Signaling","KEGG: hsa04060","Non-malignant"
"C7-APOBEC3A-like","Epithelia","TNF","TNFRSF1A",0.00536065025794761,0,"TNF_TNFRSF1A","TNF - TNFRSF1A","TNF","Secreted Signaling","KEGG: hsa04060","Non-malignant"
"Mac-OLFML3-CX3CR1-resident","Epithelia","TNF","TNFRSF1A",0.00220971068219948,0.03,"TNF_TNFRSF1A","TNF - TNFRSF1A","TNF","Secreted Signaling","KEGG: hsa04060","Non-malignant"
"Mac-TNF-CCL4-inflammatory","Epithelia","TNF","TNFRSF1A",0.0164845755689383,0,"TNF_TNFRSF1A","TNF - TNFRSF1A","TNF","Secreted Signaling","KEGG: hsa04060","Non-malignant"
"Mono-FCN1-S100A8-S100A9","Epithelia","TNF","TNFRSF1A",0.00344184700009178,0,"TNF_TNFRSF1A","TNF - TNFRSF1A","TNF","Secreted Signaling","KEGG: hsa04060","Non-malignant"
"Myeloid-CLEC10A-APC","Epithelia","TNF","TNFRSF1A",0.0110014182694145,0,"TNF_TNFRSF1A","TNF - TNFRSF1A","TNF","Secreted Signaling","KEGG: hsa04060","Non-malignant"
"C6-SLC2A1-like","Epithelia","SPP1","ITGAV_ITGB1",0.0379315271066492,0,"SPP1_ITGAV_ITGB1","SPP1 - (ITGAV+ITGB1)","SPP1","Secreted Signaling","PMID: 21907263","Non-malignant"
"C7-APOBEC3A-like","Epithelia","SPP1","ITGAV_ITGB1",0.00245651509264792,0,"SPP1_ITGAV_ITGB1","SPP1 - (ITGAV+ITGB1)","SPP1","Secreted Signaling","PMID: 21907263","Non-malignant"
"Mac-Cycling","Epithelia","SPP1","ITGAV_ITGB1",0.027029685209409,0,"SPP1_ITGAV_ITGB1","SPP1 - (ITGAV+ITGB1)","SPP1","Secreted Signaling","PMID: 21907263","Non-malignant"
"Mac-OLFML3-CX3CR1-resident","Epithelia","SPP1","ITGAV_ITGB1",0.00988618517373122,0,"SPP1_ITGAV_ITGB1","SPP1 - (ITGAV+ITGB1)","SPP1","Secreted Signaling","PMID: 21907263","Non-malignant"
"Mac-TNF-CCL4-inflammatory","Epithelia","SPP1","ITGAV_ITGB1",0.0113494931412915,0,"SPP1_ITGAV_ITGB1","SPP1 - (ITGAV+ITGB1)","SPP1","Secreted Signaling","PMID: 21907263","Non-malignant"
"Mac-Cycling","Epithelia","RETN","CAP1",0.000534956872465814,0,"RETN_CAP1","RETN - CAP1","RESISTIN","Secreted Signaling","PMID: 30809105","Non-malignant"
"Mac-FOLR2-LYVE1-resident","Epithelia","RETN","CAP1",0.00178242668264424,0,"RETN_CAP1","RETN - CAP1","RESISTIN","Secreted Signaling","PMID: 30809105","Non-malignant"
"Mono-FCN1-S100A8-S100A9","Epithelia","RETN","CAP1",0.00807436264493118,0,"RETN_CAP1","RETN - CAP1","RESISTIN","Secreted Signaling","PMID: 30809105","Non-malignant"
"Myeloid-CLEC10A-APC","Epithelia","RETN","CAP1",0.00229895647174176,0,"RETN_CAP1","RETN - CAP1","RESISTIN","Secreted Signaling","PMID: 30809105","Non-malignant"
"Epithelia","C6-SLC2A1-like","ANGPTL4","ITGA5_ITGB1",0.00139137118778726,0,"ANGPTL4_ITGA5_ITGB1","ANGPTL4 - (ITGA5+ITGB1)","ANGPTL","Secreted Signaling","PMID: 30049845","Non-malignant"
"Epithelia","Mac-Cycling","ANGPTL4","ITGA5_ITGB1",0.000642859832094861,0,"ANGPTL4_ITGA5_ITGB1","ANGPTL4 - (ITGA5+ITGB1)","ANGPTL","Secreted Signaling","PMID: 30049845","Non-malignant"
"Epithelia","Mono-FCN1-S100A8-S100A9","ANGPTL4","ITGA5_ITGB1",0.000625472551713358,0,"ANGPTL4_ITGA5_ITGB1","ANGPTL4 - (ITGA5+ITGB1)","ANGPTL","Secreted Signaling","PMID: 30049845","Non-malignant"
"Epithelia","C6-SLC2A1-like","ANGPTL4","SDC2",0.00144318473252851,0,"ANGPTL4_SDC2","ANGPTL4 - SDC2","ANGPTL","Secreted Signaling","PMID: 29017031","Non-malignant"
"Epithelia","Mac-Cycling","ANGPTL4","SDC2",0.000132361769569132,0,"ANGPTL4_SDC2","ANGPTL4 - SDC2","ANGPTL","Secreted Signaling","PMID: 29017031","Non-malignant"
"Epithelia","Myeloid-CLEC10A-APC","ANGPTL4","SDC2",0.000258327128527092,0,"ANGPTL4_SDC2","ANGPTL4 - SDC2","ANGPTL","Secreted Signaling","PMID: 29017031","Non-malignant"
"Epithelia","C6-SLC2A1-like","ANGPTL4","SDC3",0.00154569960928621,0,"ANGPTL4_SDC3","ANGPTL4 - SDC3","ANGPTL","Secreted Signaling","PMID: 29017031","Non-malignant"
"Epithelia","Mac-Cycling","ANGPTL4","SDC3",0.000666686088932738,0,"ANGPTL4_SDC3","ANGPTL4 - SDC3","ANGPTL","Secreted Signaling","PMID: 29017031","Non-malignant"
"Epithelia","Mac-FOLR2-LYVE1-resident","ANGPTL4","SDC3",0.000720795227580591,0,"ANGPTL4_SDC3","ANGPTL4 - SDC3","ANGPTL","Secreted Signaling","PMID: 29017031","Non-malignant"
"Epithelia","Mac-OLFML3-CX3CR1-resident","ANGPTL4","SDC3",0.000356769739068858,0,"ANGPTL4_SDC3","ANGPTL4 - SDC3","ANGPTL","Secreted Signaling","PMID: 29017031","Non-malignant"
"Epithelia","C6-SLC2A1-like","MDK","SDC2",0.024974692687411,0,"MDK_SDC2","MDK - SDC2","MK","Secreted Signaling","PMID: 28356350","Non-malignant"
"Epithelia","Mac-Cycling","MDK","SDC2",0.00234065521901619,0,"MDK_SDC2","MDK - SDC2","MK","Secreted Signaling","PMID: 28356350","Non-malignant"
"Epithelia","Myeloid-CLEC10A-APC","MDK","SDC2",0.00455861622556382,0,"MDK_SDC2","MDK - SDC2","MK","Secreted Signaling","PMID: 28356350","Non-malignant"
"Epithelia","C7-APOBEC3A-like","MDK","ITGA4_ITGB1",0.0204285938041119,0,"MDK_ITGA4_ITGB1","MDK - (ITGA4+ITGB1)","MK","Secreted Signaling","PMID: 28356350","Non-malignant"
"Epithelia","Mac-Cycling","MDK","ITGA4_ITGB1",0.0225763960025445,0,"MDK_ITGA4_ITGB1","MDK - (ITGA4+ITGB1)","MK","Secreted Signaling","PMID: 28356350","Non-malignant"
"Epithelia","Mac-OLFML3-CX3CR1-resident","MDK","ITGA4_ITGB1",0.019990415712667,0,"MDK_ITGA4_ITGB1","MDK - (ITGA4+ITGB1)","MK","Secreted Signaling","PMID: 28356350","Non-malignant"
"Epithelia","C6-SLC2A1-like","MDK","LRP1",0.0717009706985447,0,"MDK_LRP1","MDK - LRP1","MK","Secreted Signaling","PMID: 28356350","Non-malignant"
"Epithelia","C7-APOBEC3A-like","MDK","LRP1",0.0373284614053116,0,"MDK_LRP1","MDK - LRP1","MK","Secreted Signaling","PMID: 28356350","Non-malignant"
"Epithelia","Mac-Cycling","MDK","LRP1",0.0363239864661907,0,"MDK_LRP1","MDK - LRP1","MK","Secreted Signaling","PMID: 28356350","Non-malignant"
"Epithelia","Mac-FOLR2-LYVE1-resident","MDK","LRP1",0.0578064501223106,0,"MDK_LRP1","MDK - LRP1","MK","Secreted Signaling","PMID: 28356350","Non-malignant"
"Epithelia","Mac-OLFML3-CX3CR1-resident","MDK","LRP1",0.0400924676364971,0,"MDK_LRP1","MDK - LRP1","MK","Secreted Signaling","PMID: 28356350","Non-malignant"
"Epithelia","Mac-TNF-CCL4-inflammatory","MDK","LRP1",0.0161897551808684,0,"MDK_LRP1","MDK - LRP1","MK","Secreted Signaling","PMID: 28356350","Non-malignant"
"Epithelia","Mono-FCN1-S100A8-S100A9","MDK","LRP1",0.0165935734064352,0,"MDK_LRP1","MDK - LRP1","MK","Secreted Signaling","PMID: 28356350","Non-malignant"
"Epithelia","Myeloid-CLEC10A-APC","MDK","LRP1",0.0328804799573771,0,"MDK_LRP1","MDK - LRP1","MK","Secreted Signaling","PMID: 28356350","Non-malignant"
"Epithelia","C6-SLC2A1-like","MDK","NCL",0.0516717332831613,0,"MDK_NCL","MDK - NCL","MK","Secreted Signaling","PMID: 28356350","Non-malignant"
"Epithelia","C7-APOBEC3A-like","MDK","NCL",0.0406176386338306,0,"MDK_NCL","MDK - NCL","MK","Secreted Signaling","PMID: 28356350","Non-malignant"
"Epithelia","Mac-Cycling","MDK","NCL",0.0625567039298329,0,"MDK_NCL","MDK - NCL","MK","Secreted Signaling","PMID: 28356350","Non-malignant"
"Epithelia","Mac-FOLR2-LYVE1-resident","MDK","NCL",0.0401949860232827,0,"MDK_NCL","MDK - NCL","MK","Secreted Signaling","PMID: 28356350","Non-malignant"
"Epithelia","Mac-NUPR1-IGF2-stress","MDK","NCL",0.021499215186212,0,"MDK_NCL","MDK - NCL","MK","Secreted Signaling","PMID: 28356350","Non-malignant"
"Epithelia","Mac-OLFML3-CX3CR1-resident","MDK","NCL",0.0483697587025739,0,"MDK_NCL","MDK - NCL","MK","Secreted Signaling","PMID: 28356350","Non-malignant"
"Epithelia","Mac-TNF-CCL4-inflammatory","MDK","NCL",0.0161003094277799,0,"MDK_NCL","MDK - NCL","MK","Secreted Signaling","PMID: 28356350","Non-malignant"
"Epithelia","Mono-FCN1-S100A8-S100A9","MDK","NCL",0.0163404596139877,0,"MDK_NCL","MDK - NCL","MK","Secreted Signaling","PMID: 28356350","Non-malignant"
"Epithelia","Myeloid-CLEC10A-APC","MDK","NCL",0.0409642859506197,0,"MDK_NCL","MDK - NCL","MK","Secreted Signaling","PMID: 28356350","Non-malignant"
"Epithelia","C7-APOBEC3A-like","ANXA1","FPR2",0.00194413892376912,0,"ANXA1_FPR2","ANXA1 - FPR2","ANNEXIN","Secreted Signaling","PMID: 23230437","Non-malignant"
"Epithelia","C6-SLC2A1-like","ANXA1","FPR1",0.00179415572561705,0,"ANXA1_FPR1","ANXA1 - FPR1","ANNEXIN","Secreted Signaling","PMID: 23230437","Non-malignant"
"Epithelia","C7-APOBEC3A-like","ANXA1","FPR1",0.0122311974614283,0,"ANXA1_FPR1","ANXA1 - FPR1","ANNEXIN","Secreted Signaling","PMID: 23230437","Non-malignant"
"Epithelia","Mac-Cycling","ANXA1","FPR1",0.00543616338063977,0,"ANXA1_FPR1","ANXA1 - FPR1","ANNEXIN","Secreted Signaling","PMID: 23230437","Non-malignant"
"Epithelia","Mac-FOLR2-LYVE1-resident","ANXA1","FPR1",0.0033638867825145,0,"ANXA1_FPR1","ANXA1 - FPR1","ANNEXIN","Secreted Signaling","PMID: 23230437","Non-malignant"
"Epithelia","Mac-OLFML3-CX3CR1-resident","ANXA1","FPR1",0.00771710206554903,0,"ANXA1_FPR1","ANXA1 - FPR1","ANNEXIN","Secreted Signaling","PMID: 23230437","Non-malignant"
"Epithelia","Mono-FCN1-S100A8-S100A9","ANXA1","FPR1",0.0118296149245983,0,"ANXA1_FPR1","ANXA1 - FPR1","ANNEXIN","Secreted Signaling","PMID: 23230437","Non-malignant"
"Epithelia","Myeloid-CLEC10A-APC","ANXA1","FPR1",0.00937992672783845,0,"ANXA1_FPR1","ANXA1 - FPR1","ANNEXIN","Secreted Signaling","PMID: 23230437","Non-malignant"
"Epithelia","Mac-FOLR2-LYVE1-resident","GAS6","AXL",0.00325334705820429,0,"GAS6_AXL","GAS6 - AXL","GAS","Secreted Signaling","PMID: 27801848","Non-malignant"
"Epithelia","Mac-OLFML3-CX3CR1-resident","GAS6","AXL",0.0100538692634385,0,"GAS6_AXL","GAS6 - AXL","GAS","Secreted Signaling","PMID: 27801848","Non-malignant"
"Epithelia","C6-SLC2A1-like","GAS6","MERTK",0.0149842775999935,0,"GAS6_MERTK","GAS6 - MERTK","GAS","Secreted Signaling","PMID: 27801848","Non-malignant"
"Epithelia","Mac-Cycling","GAS6","MERTK",0.00272173753299568,0,"GAS6_MERTK","GAS6 - MERTK","GAS","Secreted Signaling","PMID: 27801848","Non-malignant"
"Epithelia","Mac-FOLR2-LYVE1-resident","GAS6","MERTK",0.00325334705820429,0,"GAS6_MERTK","GAS6 - MERTK","GAS","Secreted Signaling","PMID: 27801848","Non-malignant"
"Epithelia","Mac-OLFML3-CX3CR1-resident","GAS6","MERTK",0.00338316484961896,0,"GAS6_MERTK","GAS6 - MERTK","GAS","Secreted Signaling","PMID: 27801848","Non-malignant"
"Epithelia","Mac-TNF-CCL4-inflammatory","GAS6","MERTK",0.00496083198515715,0,"GAS6_MERTK","GAS6 - MERTK","GAS","Secreted Signaling","PMID: 27801848","Non-malignant"
"Epithelia","Myeloid-CLEC10A-APC","GAS6","MERTK",0.0032888195228415,0,"GAS6_MERTK","GAS6 - MERTK","GAS","Secreted Signaling","PMID: 27801848","Non-malignant"
"Epithelia","C7-APOBEC3A-like","GRN","SORT1",0.000210227891380766,0.01,"GRN_SORT1","GRN - SORT1","GRN","Secreted Signaling","PMID: 29555433","Non-malignant"
"Epithelia","Mac-FOLR2-LYVE1-resident","PROS1","AXL",0.000737456819636278,0,"PROS1_AXL","PROS1 - AXL","PROS","Secreted Signaling","PMID: 29531161","Non-malignant"
"Epithelia","Mac-OLFML3-CX3CR1-resident","PROS1","AXL",0.00229106237041312,0,"PROS1_AXL","PROS1 - AXL","PROS","Secreted Signaling","PMID: 29531161","Non-malignant"
"Epithelia","C6-SLC2A1-like","RARRES2","CMKLR1",0.0185143698146347,0,"RARRES2_CMKLR1","RARRES2 - CMKLR1","CHEMERIN","Secreted Signaling","PMID: 24671882","Non-malignant"
"Epithelia","C7-APOBEC3A-like","RARRES2","CMKLR1",0.00250820601797966,0,"RARRES2_CMKLR1","RARRES2 - CMKLR1","CHEMERIN","Secreted Signaling","PMID: 24671882","Non-malignant"
"Epithelia","C7-APOBEC3A-like","ANXA1","FPR2_LXA4",0.00475626735447275,0,"ANXA1_FPR2_LXA4","ANXA1 - (FPR2+LXA4)","ANNEXIN","Secreted Signaling","PMID: 22610094","Non-malignant"
"Epithelia","C6-SLC2A1-like","ANXA1","FPR3",0.0193008144000277,0,"ANXA1_FPR3","ANXA1 - FPR3","ANNEXIN","Secreted Signaling","PMID: 33082511","Non-malignant"
"Epithelia","C7-APOBEC3A-like","ANXA1","FPR3",0.0115888094622553,0,"ANXA1_FPR3","ANXA1 - FPR3","ANNEXIN","Secreted Signaling","PMID: 33082511","Non-malignant"
"Epithelia","Mac-Cycling","ANXA1","FPR3",0.0105272055327955,0,"ANXA1_FPR3","ANXA1 - FPR3","ANNEXIN","Secreted Signaling","PMID: 33082511","Non-malignant"
"Epithelia","Mac-FOLR2-LYVE1-resident","ANXA1","FPR3",0.0108106079686074,0,"ANXA1_FPR3","ANXA1 - FPR3","ANNEXIN","Secreted Signaling","PMID: 33082511","Non-malignant"
"Epithelia","Mac-OLFML3-CX3CR1-resident","ANXA1","FPR3",0.00961334753147109,0.01,"ANXA1_FPR3","ANXA1 - FPR3","ANNEXIN","Secreted Signaling","PMID: 33082511","Non-malignant"
"Epithelia","Myeloid-CLEC10A-APC","ANXA1","FPR3",0.00930080828506397,0,"ANXA1_FPR3","ANXA1 - FPR3","ANNEXIN","Secreted Signaling","PMID: 33082511","Non-malignant"
"C6-SLC2A1-like","Epithelia","LGALS9","P4HB",0.0376476547969726,0,"LGALS9_P4HB","LGALS9 - P4HB","GALECTIN","Secreted Signaling","PMID:21670307;uniprot","Non-malignant"
"C7-APOBEC3A-like","Epithelia","LGALS9","P4HB",0.0400424875019406,0,"LGALS9_P4HB","LGALS9 - P4HB","GALECTIN","Secreted Signaling","PMID:21670307;uniprot","Non-malignant"
"Mac-Cycling","Epithelia","LGALS9","P4HB",0.0353390233049939,0,"LGALS9_P4HB","LGALS9 - P4HB","GALECTIN","Secreted Signaling","PMID:21670307;uniprot","Non-malignant"
"Mac-FOLR2-LYVE1-resident","Epithelia","LGALS9","P4HB",0.0297508108701893,0,"LGALS9_P4HB","LGALS9 - P4HB","GALECTIN","Secreted Signaling","PMID:21670307;uniprot","Non-malignant"
"Mac-OLFML3-CX3CR1-resident","Epithelia","LGALS9","P4HB",0.0314084947460046,0,"LGALS9_P4HB","LGALS9 - P4HB","GALECTIN","Secreted Signaling","PMID:21670307;uniprot","Non-malignant"
"Mac-TNF-CCL4-inflammatory","Epithelia","LGALS9","P4HB",0.00879340157445008,0.01,"LGALS9_P4HB","LGALS9 - P4HB","GALECTIN","Secreted Signaling","PMID:21670307;uniprot","Non-malignant"
"Mono-FCN1-S100A8-S100A9","Epithelia","LGALS9","P4HB",0.0096193212015308,0,"LGALS9_P4HB","LGALS9 - P4HB","GALECTIN","Secreted Signaling","PMID:21670307;uniprot","Non-malignant"
"Myeloid-CLEC10A-APC","Epithelia","LGALS9","P4HB",0.0240172908882051,0,"LGALS9_P4HB","LGALS9 - P4HB","GALECTIN","Secreted Signaling","PMID:21670307;uniprot","Non-malignant"
"Epithelia","C6-SLC2A1-like","PPIA","BSG",0.0626858149068892,0.02,"PPIA_BSG","PPIA - BSG","CypA","Secreted Signaling","PMID: 36012604","Non-malignant"
"C6-SLC2A1-like","Epithelia","PPIA","BSG",0.0584892411882488,0,"PPIA_BSG","PPIA - BSG","CypA","Secreted Signaling","PMID: 36012604","Non-malignant"
"C7-APOBEC3A-like","Epithelia","PPIA","BSG",0.0559462357188786,0.03,"PPIA_BSG","PPIA - BSG","CypA","Secreted Signaling","PMID: 36012604","Non-malignant"
"Mac-Cycling","Epithelia","PPIA","BSG",0.0723577068949613,0,"PPIA_BSG","PPIA - BSG","CypA","Secreted Signaling","PMID: 36012604","Non-malignant"
"Mac-FOLR2-LYVE1-resident","Epithelia","PPIA","BSG",0.0553127128324644,0.02,"PPIA_BSG","PPIA - BSG","CypA","Secreted Signaling","PMID: 36012604","Non-malignant"
"Mac-OLFML3-CX3CR1-resident","Epithelia","PPIA","BSG",0.0573268101521049,0.01,"PPIA_BSG","PPIA - BSG","CypA","Secreted Signaling","PMID: 36012604","Non-malignant"
"Epithelia","C6-SLC2A1-like","PROS1","MERTK",0.00342777891878435,0,"PROS1_MERTK","PROS1 - MERTK","PROS","Secreted Signaling","PMID: 34631419","Non-malignant"
"Epithelia","Mac-Cycling","PROS1","MERTK",0.000616699159211577,0,"PROS1_MERTK","PROS1 - MERTK","PROS","Secreted Signaling","PMID: 34631419","Non-malignant"
"Epithelia","Mac-FOLR2-LYVE1-resident","PROS1","MERTK",0.000737456819636278,0,"PROS1_MERTK","PROS1 - MERTK","PROS","Secreted Signaling","PMID: 34631419","Non-malignant"
"Epithelia","Mac-OLFML3-CX3CR1-resident","PROS1","MERTK",0.000766960689481565,0,"PROS1_MERTK","PROS1 - MERTK","PROS","Secreted Signaling","PMID: 34631419","Non-malignant"
"Epithelia","Mac-TNF-CCL4-inflammatory","PROS1","MERTK",0.00112599492165599,0,"PROS1_MERTK","PROS1 - MERTK","PROS","Secreted Signaling","PMID: 34631419","Non-malignant"
"Epithelia","Myeloid-CLEC10A-APC","PROS1","MERTK",0.000745518105839409,0,"PROS1_MERTK","PROS1 - MERTK","PROS","Secreted Signaling","PMID: 34631419","Non-malignant"
"Epithelia","C7-APOBEC3A-like","FN1","ITGA4_ITGB1",0.00995336845770033,0,"FN1_ITGA4_ITGB1","FN1 - (ITGA4+ITGB1)","FN1","ECM-Receptor","KEGG: hsa04512","Non-malignant"
"Epithelia","Mac-Cycling","FN1","ITGA4_ITGB1",0.0110122173695035,0,"FN1_ITGA4_ITGB1","FN1 - (ITGA4+ITGB1)","FN1","ECM-Receptor","KEGG: hsa04512","Non-malignant"
"Epithelia","Mac-OLFML3-CX3CR1-resident","FN1","ITGA4_ITGB1",0.00973764259465953,0,"FN1_ITGA4_ITGB1","FN1 - (ITGA4+ITGB1)","FN1","ECM-Receptor","KEGG: hsa04512","Non-malignant"
"Epithelia","C6-SLC2A1-like","FN1","ITGA5_ITGB1",0.0117640139835079,0,"FN1_ITGA5_ITGB1","FN1 - (ITGA5+ITGB1)","FN1","ECM-Receptor","KEGG: hsa04512","Non-malignant"
"Epithelia","Mac-Cycling","FN1","ITGA5_ITGB1",0.00546590930812565,0,"FN1_ITGA5_ITGB1","FN1 - (ITGA5+ITGB1)","FN1","ECM-Receptor","KEGG: hsa04512","Non-malignant"
"Epithelia","Mono-FCN1-S100A8-S100A9","FN1","ITGA5_ITGB1",0.00531876839863956,0,"FN1_ITGA5_ITGB1","FN1 - (ITGA5+ITGB1)","FN1","ECM-Receptor","KEGG: hsa04512","Non-malignant"
"Epithelia","C6-SLC2A1-like","FN1","ITGAV_ITGB1",0.0104157553832821,0,"FN1_ITGAV_ITGB1","FN1 - (ITGAV+ITGB1)","FN1","ECM-Receptor","KEGG: hsa04512","Non-malignant"
"C7-APOBEC3A-like","Epithelia","FN1","ITGAV_ITGB1",0.012294750846688,0,"FN1_ITGAV_ITGB1","FN1 - (ITGAV+ITGB1)","FN1","ECM-Receptor","KEGG: hsa04512","Non-malignant"
"Mac-Cycling","Epithelia","FN1","ITGAV_ITGB1",0.00730322414296666,0,"FN1_ITGAV_ITGB1","FN1 - (ITGAV+ITGB1)","FN1","ECM-Receptor","KEGG: hsa04512","Non-malignant"
"Mac-OLFML3-CX3CR1-resident","Epithelia","FN1","ITGAV_ITGB1",0.00524627436374234,0,"FN1_ITGAV_ITGB1","FN1 - (ITGAV+ITGB1)","FN1","ECM-Receptor","KEGG: hsa04512","Non-malignant"
"Mac-TNF-CCL4-inflammatory","Epithelia","FN1","ITGAV_ITGB1",0.00466822332118522,0.02,"FN1_ITGAV_ITGB1","FN1 - (ITGAV+ITGB1)","FN1","ECM-Receptor","KEGG: hsa04512","Non-malignant"
"Epithelia","Mac-Cycling","FN1","ITGAV_ITGB1",0.00913842584155791,0,"FN1_ITGAV_ITGB1","FN1 - (ITGAV+ITGB1)","FN1","ECM-Receptor","KEGG: hsa04512","Non-malignant"
"Epithelia","Mac-OLFML3-CX3CR1-resident","FN1","ITGAV_ITGB1",0.00964646312108406,0,"FN1_ITGAV_ITGB1","FN1 - (ITGAV+ITGB1)","FN1","ECM-Receptor","KEGG: hsa04512","Non-malignant"
"Epithelia","Myeloid-CLEC10A-APC","FN1","ITGAV_ITGB1",0.00799318699794633,0,"FN1_ITGAV_ITGB1","FN1 - (ITGAV+ITGB1)","FN1","ECM-Receptor","KEGG: hsa04512","Non-malignant"
"Epithelia","C6-SLC2A1-like","FN1","CD44",0.0367313985391584,0,"FN1_CD44","FN1 - CD44","FN1","ECM-Receptor","KEGG: hsa04512","Non-malignant"
"Epithelia","C7-APOBEC3A-like","FN1","CD44",0.0334724981306172,0,"FN1_CD44","FN1 - CD44","FN1","ECM-Receptor","KEGG: hsa04512","Non-malignant"
"Epithelia","Mac-Cycling","FN1","CD44",0.027127834030643,0,"FN1_CD44","FN1 - CD44","FN1","ECM-Receptor","KEGG: hsa04512","Non-malignant"
"Epithelia","Mac-FOLR2-LYVE1-resident","FN1","CD44",0.0206980577762965,0,"FN1_CD44","FN1 - CD44","FN1","ECM-Receptor","KEGG: hsa04512","Non-malignant"
"Epithelia","Mac-NUPR1-IGF2-stress","FN1","CD44",0.0107375837880123,0.01,"FN1_CD44","FN1 - CD44","FN1","ECM-Receptor","KEGG: hsa04512","Non-malignant"
"Epithelia","Mac-OLFML3-CX3CR1-resident","FN1","CD44",0.0284530459192693,0,"FN1_CD44","FN1 - CD44","FN1","ECM-Receptor","KEGG: hsa04512","Non-malignant"
"Epithelia","Mac-TNF-CCL4-inflammatory","FN1","CD44",0.0328894818820391,0,"FN1_CD44","FN1 - CD44","FN1","ECM-Receptor","KEGG: hsa04512","Non-malignant"
"Epithelia","Mono-FCN1-S100A8-S100A9","FN1","CD44",0.0524087710017899,0,"FN1_CD44","FN1 - CD44","FN1","ECM-Receptor","KEGG: hsa04512","Non-malignant"
"Epithelia","Myeloid-CLEC10A-APC","FN1","CD44",0.0437367266157361,0,"FN1_CD44","FN1 - CD44","FN1","ECM-Receptor","KEGG: hsa04512","Non-malignant"
"Epithelia","C6-SLC2A1-like","COL1A1","CD44",0.0758404520593,0,"COL1A1_CD44","COL1A1 - CD44","COLLAGEN","ECM-Receptor","KEGG: hsa04512","Non-malignant"
"Epithelia","C7-APOBEC3A-like","COL1A1","CD44",0.0693615515285818,0,"COL1A1_CD44","COL1A1 - CD44","COLLAGEN","ECM-Receptor","KEGG: hsa04512","Non-malignant"
"Epithelia","Mac-Cycling","COL1A1","CD44",0.0566126258607763,0,"COL1A1_CD44","COL1A1 - CD44","COLLAGEN","ECM-Receptor","KEGG: hsa04512","Non-malignant"
"Epithelia","Mac-FOLR2-LYVE1-resident","COL1A1","CD44",0.0435069554962081,0,"COL1A1_CD44","COL1A1 - CD44","COLLAGEN","ECM-Receptor","KEGG: hsa04512","Non-malignant"
"Epithelia","Mac-NUPR1-IGF2-stress","COL1A1","CD44",0.0228260536354834,0,"COL1A1_CD44","COL1A1 - CD44","COLLAGEN","ECM-Receptor","KEGG: hsa04512","Non-malignant"
"Epithelia","Mac-OLFML3-CX3CR1-resident","COL1A1","CD44",0.059290408246655,0,"COL1A1_CD44","COL1A1 - CD44","COLLAGEN","ECM-Receptor","KEGG: hsa04512","Non-malignant"
"Epithelia","Mac-TNF-CCL4-inflammatory","COL1A1","CD44",0.068197535179622,0,"COL1A1_CD44","COL1A1 - CD44","COLLAGEN","ECM-Receptor","KEGG: hsa04512","Non-malignant"
"Epithelia","Mono-FCN1-S100A8-S100A9","COL1A1","CD44",0.106366809386152,0,"COL1A1_CD44","COL1A1 - CD44","COLLAGEN","ECM-Receptor","KEGG: hsa04512","Non-malignant"
"Epithelia","Myeloid-CLEC10A-APC","COL1A1","CD44",0.0896106948820771,0,"COL1A1_CD44","COL1A1 - CD44","COLLAGEN","ECM-Receptor","KEGG: hsa04512","Non-malignant"
"Epithelia","C6-SLC2A1-like","COL1A2","CD44",0.0711208808814714,0,"COL1A2_CD44","COL1A2 - CD44","COLLAGEN","ECM-Receptor","KEGG: hsa04512","Non-malignant"
"Epithelia","C7-APOBEC3A-like","COL1A2","CD44",0.0650167991057836,0,"COL1A2_CD44","COL1A2 - CD44","COLLAGEN","ECM-Receptor","KEGG: hsa04512","Non-malignant"
"Epithelia","Mac-Cycling","COL1A2","CD44",0.0530209586201646,0,"COL1A2_CD44","COL1A2 - CD44","COLLAGEN","ECM-Receptor","KEGG: hsa04512","Non-malignant"
"Epithelia","Mac-FOLR2-LYVE1-resident","COL1A2","CD44",0.0407108687265642,0,"COL1A2_CD44","COL1A2 - CD44","COLLAGEN","ECM-Receptor","KEGG: hsa04512","Non-malignant"
"Epithelia","Mac-NUPR1-IGF2-stress","COL1A2","CD44",0.0213294396998546,0,"COL1A2_CD44","COL1A2 - CD44","COLLAGEN","ECM-Receptor","KEGG: hsa04512","Non-malignant"
"Epithelia","Mac-OLFML3-CX3CR1-resident","COL1A2","CD44",0.0555388563123428,0,"COL1A2_CD44","COL1A2 - CD44","COLLAGEN","ECM-Receptor","KEGG: hsa04512","Non-malignant"
"Epithelia","Mac-TNF-CCL4-inflammatory","COL1A2","CD44",0.0639206877985096,0,"COL1A2_CD44","COL1A2 - CD44","COLLAGEN","ECM-Receptor","KEGG: hsa04512","Non-malignant"
"Epithelia","Mono-FCN1-S100A8-S100A9","COL1A2","CD44",0.0999530342251936,0,"COL1A2_CD44","COL1A2 - CD44","COLLAGEN","ECM-Receptor","KEGG: hsa04512","Non-malignant"
"Epithelia","Myeloid-CLEC10A-APC","COL1A2","CD44",0.084112190816349,0,"COL1A2_CD44","COL1A2 - CD44","COLLAGEN","ECM-Receptor","KEGG: hsa04512","Non-malignant"
"Epithelia","C6-SLC2A1-like","COL4A1","CD44",0.01428456406372,0,"COL4A1_CD44","COL4A1 - CD44","COLLAGEN","ECM-Receptor","KEGG: hsa04512","Non-malignant"
"Epithelia","C7-APOBEC3A-like","COL4A1","CD44",0.0129903449768468,0,"COL4A1_CD44","COL4A1 - CD44","COLLAGEN","ECM-Receptor","KEGG: hsa04512","Non-malignant"
"Epithelia","Mac-Cycling","COL4A1","CD44",0.010485923661635,0,"COL4A1_CD44","COL4A1 - CD44","COLLAGEN","ECM-Receptor","KEGG: hsa04512","Non-malignant"
"Epithelia","Mac-FOLR2-LYVE1-resident","COL4A1","CD44",0.00796826771492582,0,"COL4A1_CD44","COL4A1 - CD44","COLLAGEN","ECM-Receptor","KEGG: hsa04512","Non-malignant"
"Epithelia","Mac-OLFML3-CX3CR1-resident","COL4A1","CD44",0.0110073658404463,0,"COL4A1_CD44","COL4A1 - CD44","COLLAGEN","ECM-Receptor","KEGG: hsa04512","Non-malignant"
"Epithelia","Mac-TNF-CCL4-inflammatory","COL4A1","CD44",0.0127593725540379,0,"COL4A1_CD44","COL4A1 - CD44","COLLAGEN","ECM-Receptor","KEGG: hsa04512","Non-malignant"
"Epithelia","Mono-FCN1-S100A8-S100A9","COL4A1","CD44",0.0205861233131399,0,"COL4A1_CD44","COL4A1 - CD44","COLLAGEN","ECM-Receptor","KEGG: hsa04512","Non-malignant"
"Epithelia","Myeloid-CLEC10A-APC","COL4A1","CD44",0.0170848125757811,0,"COL4A1_CD44","COL4A1 - CD44","COLLAGEN","ECM-Receptor","KEGG: hsa04512","Non-malignant"
"Epithelia","C6-SLC2A1-like","COL4A2","CD44",0.0273545026224538,0,"COL4A2_CD44","COL4A2 - CD44","COLLAGEN","ECM-Receptor","KEGG: hsa04512","Non-malignant"
"Epithelia","C7-APOBEC3A-like","COL4A2","CD44",0.0249060331126398,0,"COL4A2_CD44","COL4A2 - CD44","COLLAGEN","ECM-Receptor","KEGG: hsa04512","Non-malignant"
"Epithelia","Mac-Cycling","COL4A2","CD44",0.0201512761534889,0,"COL4A2_CD44","COL4A2 - CD44","COLLAGEN","ECM-Receptor","KEGG: hsa04512","Non-malignant"
"Epithelia","Mac-FOLR2-LYVE1-resident","COL4A2","CD44",0.0153489791607815,0,"COL4A2_CD44","COL4A2 - CD44","COLLAGEN","ECM-Receptor","KEGG: hsa04512","Non-malignant"
"Epithelia","Mac-NUPR1-IGF2-stress","COL4A2","CD44",0.00794175361441068,0.02,"COL4A2_CD44","COL4A2 - CD44","COLLAGEN","ECM-Receptor","KEGG: hsa04512","Non-malignant"
"Epithelia","Mac-OLFML3-CX3CR1-resident","COL4A2","CD44",0.0211430854543975,0,"COL4A2_CD44","COL4A2 - CD44","COLLAGEN","ECM-Receptor","KEGG: hsa04512","Non-malignant"
"Epithelia","Mac-TNF-CCL4-inflammatory","COL4A2","CD44",0.0244684482322954,0,"COL4A2_CD44","COL4A2 - CD44","COLLAGEN","ECM-Receptor","KEGG: hsa04512","Non-malignant"
"Epithelia","Mono-FCN1-S100A8-S100A9","COL4A2","CD44",0.0391925470542874,0,"COL4A2_CD44","COL4A2 - CD44","COLLAGEN","ECM-Receptor","KEGG: hsa04512","Non-malignant"
"Epithelia","Myeloid-CLEC10A-APC","COL4A2","CD44",0.0326320731432989,0,"COL4A2_CD44","COL4A2 - CD44","COLLAGEN","ECM-Receptor","KEGG: hsa04512","Non-malignant"
"Epithelia","C6-SLC2A1-like","COL6A1","CD44",0.0811757682805038,0,"COL6A1_CD44","COL6A1 - CD44","COLLAGEN","ECM-Receptor","KEGG: hsa04512","Non-malignant"
"Epithelia","C7-APOBEC3A-like","COL6A1","CD44",0.0742777151586337,0,"COL6A1_CD44","COL6A1 - CD44","COLLAGEN","ECM-Receptor","KEGG: hsa04512","Non-malignant"
"Epithelia","Mac-Cycling","COL6A1","CD44",0.0606841009721997,0,"COL6A1_CD44","COL6A1 - CD44","COLLAGEN","ECM-Receptor","KEGG: hsa04512","Non-malignant"
"Epithelia","Mac-FOLR2-LYVE1-resident","COL6A1","CD44",0.0466825354707719,0,"COL6A1_CD44","COL6A1 - CD44","COLLAGEN","ECM-Receptor","KEGG: hsa04512","Non-malignant"
"Epithelia","Mac-NUPR1-IGF2-stress","COL6A1","CD44",0.0245308448025875,0,"COL6A1_CD44","COL6A1 - CD44","COLLAGEN","ECM-Receptor","KEGG: hsa04512","Non-malignant"
"Epithelia","Mac-OLFML3-CX3CR1-resident","COL6A1","CD44",0.0635414932746866,0,"COL6A1_CD44","COL6A1 - CD44","COLLAGEN","ECM-Receptor","KEGG: hsa04512","Non-malignant"
"Epithelia","Mac-TNF-CCL4-inflammatory","COL6A1","CD44",0.0730376712964559,0,"COL6A1_CD44","COL6A1 - CD44","COLLAGEN","ECM-Receptor","KEGG: hsa04512","Non-malignant"
"Epithelia","Mono-FCN1-S100A8-S100A9","COL6A1","CD44",0.113585687412024,0,"COL6A1_CD44","COL6A1 - CD44","COLLAGEN","ECM-Receptor","KEGG: hsa04512","Non-malignant"
"Epithelia","Myeloid-CLEC10A-APC","COL6A1","CD44",0.0958143020638431,0,"COL6A1_CD44","COL6A1 - CD44","COLLAGEN","ECM-Receptor","KEGG: hsa04512","Non-malignant"
"Epithelia","C6-SLC2A1-like","COL6A2","CD44",0.062914179032335,0,"COL6A2_CD44","COL6A2 - CD44","COLLAGEN","ECM-Receptor","KEGG: hsa04512","Non-malignant"
"Epithelia","C7-APOBEC3A-like","COL6A2","CD44",0.0574708733725843,0,"COL6A2_CD44","COL6A2 - CD44","COLLAGEN","ECM-Receptor","KEGG: hsa04512","Non-malignant"
"Epithelia","Mac-Cycling","COL6A2","CD44",0.0467975994681591,0,"COL6A2_CD44","COL6A2 - CD44","COLLAGEN","ECM-Receptor","KEGG: hsa04512","Non-malignant"
"Epithelia","Mac-FOLR2-LYVE1-resident","COL6A2","CD44",0.0358776697630162,0,"COL6A2_CD44","COL6A2 - CD44","COLLAGEN","ECM-Receptor","KEGG: hsa04512","Non-malignant"
"Epithelia","Mac-NUPR1-IGF2-stress","COL6A2","CD44",0.0187522268181745,0.01,"COL6A2_CD44","COL6A2 - CD44","COLLAGEN","ECM-Receptor","KEGG: hsa04512","Non-malignant"
"Epithelia","Mac-OLFML3-CX3CR1-resident","COL6A2","CD44",0.0490352610162929,0,"COL6A2_CD44","COL6A2 - CD44","COLLAGEN","ECM-Receptor","KEGG: hsa04512","Non-malignant"
"Epithelia","Mac-TNF-CCL4-inflammatory","COL6A2","CD44",0.0564942912824716,0,"COL6A2_CD44","COL6A2 - CD44","COLLAGEN","ECM-Receptor","KEGG: hsa04512","Non-malignant"
"Epithelia","Mono-FCN1-S100A8-S100A9","COL6A2","CD44",0.0887371946548266,0,"COL6A2_CD44","COL6A2 - CD44","COLLAGEN","ECM-Receptor","KEGG: hsa04512","Non-malignant"
"Epithelia","Myeloid-CLEC10A-APC","COL6A2","CD44",0.0745266856068408,0,"COL6A2_CD44","COL6A2 - CD44","COLLAGEN","ECM-Receptor","KEGG: hsa04512","Non-malignant"
"Epithelia","C6-SLC2A1-like","COL6A3","CD44",0.0491032277260549,0,"COL6A3_CD44","COL6A3 - CD44","COLLAGEN","ECM-Receptor","KEGG: hsa04512","Non-malignant"
"Epithelia","C7-APOBEC3A-like","COL6A3","CD44",0.0447977157519389,0,"COL6A3_CD44","COL6A3 - CD44","COLLAGEN","ECM-Receptor","KEGG: hsa04512","Non-malignant"
"Epithelia","Mac-Cycling","COL6A3","CD44",0.0363871896119496,0,"COL6A3_CD44","COL6A3 - CD44","COLLAGEN","ECM-Receptor","KEGG: hsa04512","Non-malignant"
"Epithelia","Mac-FOLR2-LYVE1-resident","COL6A3","CD44",0.0278255520120394,0,"COL6A3_CD44","COL6A3 - CD44","COLLAGEN","ECM-Receptor","KEGG: hsa04512","Non-malignant"
"Epithelia","Mac-NUPR1-IGF2-stress","COL6A3","CD44",0.0144858678806417,0,"COL6A3_CD44","COL6A3 - CD44","COLLAGEN","ECM-Receptor","KEGG: hsa04512","Non-malignant"
"Epithelia","Mac-OLFML3-CX3CR1-resident","COL6A3","CD44",0.0381469908986362,0,"COL6A3_CD44","COL6A3 - CD44","COLLAGEN","ECM-Receptor","KEGG: hsa04512","Non-malignant"
"Epithelia","Mac-TNF-CCL4-inflammatory","COL6A3","CD44",0.0440264248943196,0,"COL6A3_CD44","COL6A3 - CD44","COLLAGEN","ECM-Receptor","KEGG: hsa04512","Non-malignant"
"Epithelia","Mono-FCN1-S100A8-S100A9","COL6A3","CD44",0.0696790695449453,0,"COL6A3_CD44","COL6A3 - CD44","COLLAGEN","ECM-Receptor","KEGG: hsa04512","Non-malignant"
"Epithelia","Myeloid-CLEC10A-APC","COL6A3","CD44",0.0583252150460005,0,"COL6A3_CD44","COL6A3 - CD44","COLLAGEN","ECM-Receptor","KEGG: hsa04512","Non-malignant"
"Epithelia","C6-SLC2A1-like","LAMA2","CD44",0.00921024902210542,0,"LAMA2_CD44","LAMA2 - CD44","LAMININ","ECM-Receptor","KEGG: hsa04512","Non-malignant"
"Epithelia","C7-APOBEC3A-like","LAMA2","CD44",0.00837187151449518,0,"LAMA2_CD44","LAMA2 - CD44","LAMININ","ECM-Receptor","KEGG: hsa04512","Non-malignant"
"Epithelia","Mac-Cycling","LAMA2","CD44",0.00675175932649978,0,"LAMA2_CD44","LAMA2 - CD44","LAMININ","ECM-Receptor","KEGG: hsa04512","Non-malignant"
"Epithelia","Mac-FOLR2-LYVE1-resident","LAMA2","CD44",0.00512602660316724,0,"LAMA2_CD44","LAMA2 - CD44","LAMININ","ECM-Receptor","KEGG: hsa04512","Non-malignant"
"Epithelia","Mac-NUPR1-IGF2-stress","LAMA2","CD44",0.00263904760430642,0,"LAMA2_CD44","LAMA2 - CD44","LAMININ","ECM-Receptor","KEGG: hsa04512","Non-malignant"
"Epithelia","Mac-OLFML3-CX3CR1-resident","LAMA2","CD44",0.00708883992328151,0,"LAMA2_CD44","LAMA2 - CD44","LAMININ","ECM-Receptor","KEGG: hsa04512","Non-malignant"
"Epithelia","Mac-TNF-CCL4-inflammatory","LAMA2","CD44",0.00822233291631583,0,"LAMA2_CD44","LAMA2 - CD44","LAMININ","ECM-Receptor","KEGG: hsa04512","Non-malignant"
"Epithelia","Mono-FCN1-S100A8-S100A9","LAMA2","CD44",0.0133035128208199,0,"LAMA2_CD44","LAMA2 - CD44","LAMININ","ECM-Receptor","KEGG: hsa04512","Non-malignant"
"Epithelia","Myeloid-CLEC10A-APC","LAMA2","CD44",0.0110268912027783,0,"LAMA2_CD44","LAMA2 - CD44","LAMININ","ECM-Receptor","KEGG: hsa04512","Non-malignant"
"Epithelia","C6-SLC2A1-like","LAMA4","CD44",0.0137926711722223,0,"LAMA4_CD44","LAMA4 - CD44","LAMININ","ECM-Receptor","KEGG: hsa04512","Non-malignant"
"Epithelia","C7-APOBEC3A-like","LAMA4","CD44",0.0125424517982208,0,"LAMA4_CD44","LAMA4 - CD44","LAMININ","ECM-Receptor","KEGG: hsa04512","Non-malignant"
"Epithelia","Mac-Cycling","LAMA4","CD44",0.010123494580563,0,"LAMA4_CD44","LAMA4 - CD44","LAMININ","ECM-Receptor","KEGG: hsa04512","Non-malignant"
"Epithelia","Mac-FOLR2-LYVE1-resident","LAMA4","CD44",0.00769218090404828,0,"LAMA4_CD44","LAMA4 - CD44","LAMININ","ECM-Receptor","KEGG: hsa04512","Non-malignant"
"Epithelia","Mac-NUPR1-IGF2-stress","LAMA4","CD44",0.00396515059804674,0,"LAMA4_CD44","LAMA4 - CD44","LAMININ","ECM-Receptor","KEGG: hsa04512","Non-malignant"
"Epithelia","Mac-OLFML3-CX3CR1-resident","LAMA4","CD44",0.0106271075093812,0,"LAMA4_CD44","LAMA4 - CD44","LAMININ","ECM-Receptor","KEGG: hsa04512","Non-malignant"
"Epithelia","Mac-TNF-CCL4-inflammatory","LAMA4","CD44",0.0123193436585631,0,"LAMA4_CD44","LAMA4 - CD44","LAMININ","ECM-Receptor","KEGG: hsa04512","Non-malignant"
"Epithelia","Mono-FCN1-S100A8-S100A9","LAMA4","CD44",0.0198816112446673,0,"LAMA4_CD44","LAMA4 - CD44","LAMININ","ECM-Receptor","KEGG: hsa04512","Non-malignant"
"Epithelia","Myeloid-CLEC10A-APC","LAMA4","CD44",0.0164981062792362,0,"LAMA4_CD44","LAMA4 - CD44","LAMININ","ECM-Receptor","KEGG: hsa04512","Non-malignant"
"Epithelia","C6-SLC2A1-like","LAMB1","CD44",0.0130912228920317,0,"LAMB1_CD44","LAMB1 - CD44","LAMININ","ECM-Receptor","KEGG: hsa04512","Non-malignant"
"Epithelia","C7-APOBEC3A-like","LAMB1","CD44",0.0119038179647686,0,"LAMB1_CD44","LAMB1 - CD44","LAMININ","ECM-Receptor","KEGG: hsa04512","Non-malignant"
"Epithelia","Mac-Cycling","LAMB1","CD44",0.00960683040185229,0,"LAMB1_CD44","LAMB1 - CD44","LAMININ","ECM-Receptor","KEGG: hsa04512","Non-malignant"
"Epithelia","Mac-FOLR2-LYVE1-resident","LAMB1","CD44",0.00729868669372113,0,"LAMB1_CD44","LAMB1 - CD44","LAMININ","ECM-Receptor","KEGG: hsa04512","Non-malignant"
"Epithelia","Mac-NUPR1-IGF2-stress","LAMB1","CD44",0.00376159022905743,0,"LAMB1_CD44","LAMB1 - CD44","LAMININ","ECM-Receptor","KEGG: hsa04512","Non-malignant"
"Epithelia","Mac-OLFML3-CX3CR1-resident","LAMB1","CD44",0.0100850027265192,0,"LAMB1_CD44","LAMB1 - CD44","LAMININ","ECM-Receptor","KEGG: hsa04512","Non-malignant"
"Epithelia","Mac-TNF-CCL4-inflammatory","LAMB1","CD44",0.0116919354873801,0,"LAMB1_CD44","LAMB1 - CD44","LAMININ","ECM-Receptor","KEGG: hsa04512","Non-malignant"
"Epithelia","Mono-FCN1-S100A8-S100A9","LAMB1","CD44",0.0188764272870282,0,"LAMB1_CD44","LAMB1 - CD44","LAMININ","ECM-Receptor","KEGG: hsa04512","Non-malignant"
"Epithelia","Myeloid-CLEC10A-APC","LAMB1","CD44",0.0156612537397731,0,"LAMB1_CD44","LAMB1 - CD44","LAMININ","ECM-Receptor","KEGG: hsa04512","Non-malignant"
"Epithelia","C6-SLC2A1-like","LAMB2","CD44",0.0113797616489839,0,"LAMB2_CD44","LAMB2 - CD44","LAMININ","ECM-Receptor","KEGG: hsa04512","Non-malignant"
"Epithelia","C7-APOBEC3A-like","LAMB2","CD44",0.010345962965739,0,"LAMB2_CD44","LAMB2 - CD44","LAMININ","ECM-Receptor","KEGG: hsa04512","Non-malignant"
"Epithelia","Mac-Cycling","LAMB2","CD44",0.00834704320701412,0,"LAMB2_CD44","LAMB2 - CD44","LAMININ","ECM-Receptor","KEGG: hsa04512","Non-malignant"
"Epithelia","Mac-FOLR2-LYVE1-resident","LAMB2","CD44",0.00633963936228139,0,"LAMB2_CD44","LAMB2 - CD44","LAMININ","ECM-Receptor","KEGG: hsa04512","Non-malignant"
"Epithelia","Mac-NUPR1-IGF2-stress","LAMB2","CD44",0.00326578830986718,0.03,"LAMB2_CD44","LAMB2 - CD44","LAMININ","ECM-Receptor","KEGG: hsa04512","Non-malignant"
"Epithelia","Mac-OLFML3-CX3CR1-resident","LAMB2","CD44",0.00876306544556931,0,"LAMB2_CD44","LAMB2 - CD44","LAMININ","ECM-Receptor","KEGG: hsa04512","Non-malignant"
"Epithelia","Mac-TNF-CCL4-inflammatory","LAMB2","CD44",0.0101615244253641,0,"LAMB2_CD44","LAMB2 - CD44","LAMININ","ECM-Receptor","KEGG: hsa04512","Non-malignant"
"Epithelia","Mono-FCN1-S100A8-S100A9","LAMB2","CD44",0.0164212305394245,0,"LAMB2_CD44","LAMB2 - CD44","LAMININ","ECM-Receptor","KEGG: hsa04512","Non-malignant"
"Epithelia","Myeloid-CLEC10A-APC","LAMB2","CD44",0.0136184397400389,0,"LAMB2_CD44","LAMB2 - CD44","LAMININ","ECM-Receptor","KEGG: hsa04512","Non-malignant"
"Epithelia","C6-SLC2A1-like","LAMC1","CD44",0.0125388746924108,0,"LAMC1_CD44","LAMC1 - CD44","LAMININ","ECM-Receptor","KEGG: hsa04512","Non-malignant"
"Epithelia","C7-APOBEC3A-like","LAMC1","CD44",0.0114009902971025,0,"LAMC1_CD44","LAMC1 - CD44","LAMININ","ECM-Receptor","KEGG: hsa04512","Non-malignant"
"Epithelia","Mac-Cycling","LAMC1","CD44",0.00920012608254931,0,"LAMC1_CD44","LAMC1 - CD44","LAMININ","ECM-Receptor","KEGG: hsa04512","Non-malignant"
"Epithelia","Mac-FOLR2-LYVE1-resident","LAMC1","CD44",0.00698900787932473,0,"LAMC1_CD44","LAMC1 - CD44","LAMININ","ECM-Receptor","KEGG: hsa04512","Non-malignant"
"Epithelia","Mac-OLFML3-CX3CR1-resident","LAMC1","CD44",0.00965825243615987,0,"LAMC1_CD44","LAMC1 - CD44","LAMININ","ECM-Receptor","KEGG: hsa04512","Non-malignant"
"Epithelia","Mac-TNF-CCL4-inflammatory","LAMC1","CD44",0.0111979564903701,0,"LAMC1_CD44","LAMC1 - CD44","LAMININ","ECM-Receptor","KEGG: hsa04512","Non-malignant"
"Epithelia","Mono-FCN1-S100A8-S100A9","LAMC1","CD44",0.0180844610802209,0,"LAMC1_CD44","LAMC1 - CD44","LAMININ","ECM-Receptor","KEGG: hsa04512","Non-malignant"
"Epithelia","Myeloid-CLEC10A-APC","LAMC1","CD44",0.0150021184855986,0,"LAMC1_CD44","LAMC1 - CD44","LAMININ","ECM-Receptor","KEGG: hsa04512","Non-malignant"
"Epithelia","C6-SLC2A1-like","THBS1","CD36",0.00906144299085957,0,"THBS1_CD36","THBS1 - CD36","THBS","ECM-Receptor","KEGG: hsa04512","Non-malignant"
"Epithelia","C7-APOBEC3A-like","THBS1","CD36",0.00110770061765442,0,"THBS1_CD36","THBS1 - CD36","THBS","ECM-Receptor","KEGG: hsa04512","Non-malignant"
"Epithelia","Mac-Cycling","THBS1","CD36",0.00072103618137194,0,"THBS1_CD36","THBS1 - CD36","THBS","ECM-Receptor","KEGG: hsa04512","Non-malignant"
"Epithelia","Mac-FOLR2-LYVE1-resident","THBS1","CD36",0.00140124233647176,0,"THBS1_CD36","THBS1 - CD36","THBS","ECM-Receptor","KEGG: hsa04512","Non-malignant"
"Epithelia","Mac-TNF-CCL4-inflammatory","THBS1","CD36",0.00141712926228582,0,"THBS1_CD36","THBS1 - CD36","THBS","ECM-Receptor","KEGG: hsa04512","Non-malignant"
"Epithelia","Mono-FCN1-S100A8-S100A9","THBS1","CD36",0.0049413105547735,0,"THBS1_CD36","THBS1 - CD36","THBS","ECM-Receptor","KEGG: hsa04512","Non-malignant"
"Epithelia","Myeloid-CLEC10A-APC","THBS1","CD36",0.00132075082795173,0,"THBS1_CD36","THBS1 - CD36","THBS","ECM-Receptor","KEGG: hsa04512","Non-malignant"
"Epithelia","C6-SLC2A1-like","THBS1","CD47",0.00449819120002532,0,"THBS1_CD47","THBS1 - CD47","THBS","ECM-Receptor","KEGG: hsa04512","Non-malignant"
"Epithelia","C7-APOBEC3A-like","THBS1","CD47",0.00111860824626261,0.04,"THBS1_CD47","THBS1 - CD47","THBS","ECM-Receptor","KEGG: hsa04512","Non-malignant"
"C6-SLC2A1-like","Epithelia","THBS1","CD47",0.00568588038095245,0,"THBS1_CD47","THBS1 - CD47","THBS","ECM-Receptor","KEGG: hsa04512","Non-malignant"
"Mono-FCN1-S100A8-S100A9","Epithelia","THBS1","CD47",0.00448055879028977,0,"THBS1_CD47","THBS1 - CD47","THBS","ECM-Receptor","KEGG: hsa04512","Non-malignant"
"Myeloid-CLEC10A-APC","Epithelia","THBS1","CD47",0.00461242213755012,0,"THBS1_CD47","THBS1 - CD47","THBS","ECM-Receptor","KEGG: hsa04512","Non-malignant"
"Epithelia","Mac-Cycling","THBS1","CD47",0.00239218428045397,0,"THBS1_CD47","THBS1 - CD47","THBS","ECM-Receptor","KEGG: hsa04512","Non-malignant"
"Epithelia","Mac-FOLR2-LYVE1-resident","THBS1","CD47",0.00124203080454538,0.03,"THBS1_CD47","THBS1 - CD47","THBS","ECM-Receptor","KEGG: hsa04512","Non-malignant"
"Epithelia","Mac-OLFML3-CX3CR1-resident","THBS1","CD47",0.0021837107749522,0,"THBS1_CD47","THBS1 - CD47","THBS","ECM-Receptor","KEGG: hsa04512","Non-malignant"
"Epithelia","Myeloid-CLEC10A-APC","THBS1","CD47",0.00142882496623152,0.02,"THBS1_CD47","THBS1 - CD47","THBS","ECM-Receptor","KEGG: hsa04512","Non-malignant"
"Epithelia","Myeloid-CLEC10A-APC","LTB4-LTA4H","LTB4R",0.000477119657060662,0,"LTB4-LTA4H_LTB4R1","LTB4-LTA4H - LTB4R","CysLTs","Non-protein Signaling","PMID:33753496","Non-malignant"
"Epithelia","C6-SLC2A1-like","PGE2-PTGES2","PTGER2",0.000459184667716717,0,"PGE2-PTGES2_PTGER2","PGE2-PTGES2 - PTGER2","Prostaglandin","Non-protein Signaling","PMID: 34949672;PMID: 21508345","Non-malignant"
"Epithelia","C7-APOBEC3A-like","PGE2-PTGES2","PTGER2",0.000537734727241433,0,"PGE2-PTGES2_PTGER2","PGE2-PTGES2 - PTGER2","Prostaglandin","Non-protein Signaling","PMID: 34949672;PMID: 21508345","Non-malignant"
"Epithelia","Myeloid-CLEC10A-APC","PGE2-PTGES2","PTGER2",0.000477219952434363,0,"PGE2-PTGES2_PTGER2","PGE2-PTGES2 - PTGER2","Prostaglandin","Non-protein Signaling","PMID: 34949672;PMID: 21508345","Non-malignant"
"Epithelia","C6-SLC2A1-like","PGE2-PTGES3","PTGER2",0.00741010672732114,0,"PGE2-PTGES3_PTGER2","PGE2-PTGES3 - PTGER2","Prostaglandin","Non-protein Signaling","PMID: 34949672;PMID: 21508345","Non-malignant"
"Epithelia","C7-APOBEC3A-like","PGE2-PTGES3","PTGER2",0.00866739999310339,0.01,"PGE2-PTGES3_PTGER2","PGE2-PTGES3 - PTGER2","Prostaglandin","Non-protein Signaling","PMID: 34949672;PMID: 21508345","Non-malignant"
"Epithelia","Myeloid-CLEC10A-APC","PGE2-PTGES3","PTGER2",0.00769904880984955,0,"PGE2-PTGES3_PTGER2","PGE2-PTGES3 - PTGER2","Prostaglandin","Non-protein Signaling","PMID: 34949672;PMID: 21508345","Non-malignant"
"Epithelia","C6-SLC2A1-like","PGE2-PTGES2","PTGER4",0.000578114548099437,0,"PGE2-PTGES2_PTGER4","PGE2-PTGES2 - PTGER4","Prostaglandin","Non-protein Signaling","PMID: 34949672;PMID: 21508345","Non-malignant"
"Epithelia","C7-APOBEC3A-like","PGE2-PTGES2","PTGER4",0.00213547723543436,0,"PGE2-PTGES2_PTGER4","PGE2-PTGES2 - PTGER4","Prostaglandin","Non-protein Signaling","PMID: 34949672;PMID: 21508345","Non-malignant"
"Epithelia","Mac-Cycling","PGE2-PTGES2","PTGER4",0.000560566387867702,0,"PGE2-PTGES2_PTGER4","PGE2-PTGES2 - PTGER4","Prostaglandin","Non-protein Signaling","PMID: 34949672;PMID: 21508345","Non-malignant"
"Epithelia","Mac-FOLR2-LYVE1-resident","PGE2-PTGES2","PTGER4",0.000225055262746553,0,"PGE2-PTGES2_PTGER4","PGE2-PTGES2 - PTGER4","Prostaglandin","Non-protein Signaling","PMID: 34949672;PMID: 21508345","Non-malignant"
"Epithelia","Mac-OLFML3-CX3CR1-resident","PGE2-PTGES2","PTGER4",0.00182900578044958,0,"PGE2-PTGES2_PTGER4","PGE2-PTGES2 - PTGER4","Prostaglandin","Non-protein Signaling","PMID: 34949672;PMID: 21508345","Non-malignant"
"Epithelia","Myeloid-CLEC10A-APC","PGE2-PTGES2","PTGER4",0.00203300962220271,0,"PGE2-PTGES2_PTGER4","PGE2-PTGES2 - PTGER4","Prostaglandin","Non-protein Signaling","PMID: 34949672;PMID: 21508345","Non-malignant"
"Epithelia","C6-SLC2A1-like","PGE2-PTGES3","PTGER4",0.00931256817489871,0.04,"PGE2-PTGES3_PTGER4","PGE2-PTGES3 - PTGER4","Prostaglandin","Non-protein Signaling","PMID: 34949672;PMID: 21508345","Non-malignant"
"Epithelia","C7-APOBEC3A-like","PGE2-PTGES3","PTGER4",0.0336081338695992,0,"PGE2-PTGES3_PTGER4","PGE2-PTGES3 - PTGER4","Prostaglandin","Non-protein Signaling","PMID: 34949672;PMID: 21508345","Non-malignant"
"Epithelia","Mac-Cycling","PGE2-PTGES3","PTGER4",0.00903228941910169,0.02,"PGE2-PTGES3_PTGER4","PGE2-PTGES3 - PTGER4","Prostaglandin","Non-protein Signaling","PMID: 34949672;PMID: 21508345","Non-malignant"
"Epithelia","Mac-FOLR2-LYVE1-resident","PGE2-PTGES3","PTGER4",0.00364475971567213,0.04,"PGE2-PTGES3_PTGER4","PGE2-PTGES3 - PTGER4","Prostaglandin","Non-protein Signaling","PMID: 34949672;PMID: 21508345","Non-malignant"
"Epithelia","Mac-OLFML3-CX3CR1-resident","PGE2-PTGES3","PTGER4",0.0289157726471284,0,"PGE2-PTGES3_PTGER4","PGE2-PTGES3 - PTGER4","Prostaglandin","Non-protein Signaling","PMID: 34949672;PMID: 21508345","Non-malignant"
"Epithelia","Myeloid-CLEC10A-APC","PGE2-PTGES3","PTGER4",0.0320439942565683,0,"PGE2-PTGES3_PTGER4","PGE2-PTGES3 - PTGER4","Prostaglandin","Non-protein Signaling","PMID: 34949672;PMID: 21508345","Non-malignant"
"Epithelia","Myeloid-CLEC10A-APC","12oxoLTB4-PTGR1","LTB4R",0.000327188547730204,0,"12oxoLeukotrieneB4-12oxoLTB4-PTGR1_LTB4R1","12oxoLTB4-PTGR1 - LTB4R","12oxoLTB4","Non-protein Signaling","PMID: 33037399","Non-malignant"
"C6-SLC2A1-like","Epithelia","5alphaP-DHRS9","PGR",0.000817597295312796,0,"5alphaDihydroprogesterone-DHRS9_PGR","5alphaP-DHRS9 - PGR","5alphaP","Non-protein Signaling","HMRbase","Non-malignant"
"Epithelia","C6-SLC2A1-like","Desmosterol-DHCR7","NR1H2",0.000237963753440752,0,"Desmosterol-Desmosterol-DHCR7_NR1H2","Desmosterol-DHCR7 - NR1H2","Desmosterol","Non-protein Signaling","HMRbase;uniprot","Non-malignant"
"Epithelia","C7-APOBEC3A-like","Desmosterol-DHCR7","NR1H2",0.000401104719419867,0,"Desmosterol-Desmosterol-DHCR7_NR1H2","Desmosterol-DHCR7 - NR1H2","Desmosterol","Non-protein Signaling","HMRbase;uniprot","Non-malignant"
"Epithelia","Mac-Cycling","Desmosterol-DHCR7","NR1H2",0.000349052476473988,0,"Desmosterol-Desmosterol-DHCR7_NR1H2","Desmosterol-DHCR7 - NR1H2","Desmosterol","Non-protein Signaling","HMRbase;uniprot","Non-malignant"
"Epithelia","Mac-OLFML3-CX3CR1-resident","Desmosterol-DHCR7","NR1H2",0.000383435041301917,0,"Desmosterol-Desmosterol-DHCR7_NR1H2","Desmosterol-DHCR7 - NR1H2","Desmosterol","Non-protein Signaling","HMRbase;uniprot","Non-malignant"
"Epithelia","Myeloid-CLEC10A-APC","Desmosterol-DHCR7","NR1H2",0.000346209524188817,0,"Desmosterol-Desmosterol-DHCR7_NR1H2","Desmosterol-DHCR7 - NR1H2","Desmosterol","Non-protein Signaling","HMRbase;uniprot","Non-malignant"
"Epithelia","C6-SLC2A1-like","Desmosterol-DHCR7","NR1H3",0.000244522587134274,0,"Desmosterol-Desmosterol-DHCR7_NR1H3","Desmosterol-DHCR7 - NR1H3","Desmosterol","Non-protein Signaling","HMRbase","Non-malignant"
"C6-SLC2A1-like","Epithelia","DHT-SRD5A3","AR",0.0011492263167742,0,"Dihydrotestosterone-DHT-SRD5A3_AR","DHT-SRD5A3 - AR","DHT","Non-protein Signaling","HMRbase;uniprot","Non-malignant"
"Mac-Cycling","Epithelia","DHT-SRD5A3","AR",0.000882209223426025,0,"Dihydrotestosterone-DHT-SRD5A3_AR","DHT-SRD5A3 - AR","DHT","Non-protein Signaling","HMRbase;uniprot","Non-malignant"
"Mac-OLFML3-CX3CR1-resident","Epithelia","DHT-SRD5A3","AR",0.00106194343767717,0,"Dihydrotestosterone-DHT-SRD5A3_AR","DHT-SRD5A3 - AR","DHT","Non-protein Signaling","HMRbase;uniprot","Non-malignant"
"C6-SLC2A1-like","Epithelia","Testosterone-HSD17B12","AR",0.00387192651002283,0,"Testosterone-Testosterone-HSD17B12_AR","TESTOSTERONE-HSD17B12 - AR","Testosterone","Non-protein Signaling","HMRbase;uniprot","Non-malignant"
"C7-APOBEC3A-like","Epithelia","Testosterone-HSD17B12","AR",0.000332707591455949,0,"Testosterone-Testosterone-HSD17B12_AR","TESTOSTERONE-HSD17B12 - AR","Testosterone","Non-protein Signaling","HMRbase;uniprot","Non-malignant"
"Mac-Cycling","Epithelia","Testosterone-HSD17B12","AR",0.00168401439492702,0,"Testosterone-Testosterone-HSD17B12_AR","TESTOSTERONE-HSD17B12 - AR","Testosterone","Non-protein Signaling","HMRbase;uniprot","Non-malignant"
"Mac-FOLR2-LYVE1-resident","Epithelia","Testosterone-HSD17B12","AR",0.00168110843578965,0,"Testosterone-Testosterone-HSD17B12_AR","TESTOSTERONE-HSD17B12 - AR","Testosterone","Non-protein Signaling","HMRbase;uniprot","Non-malignant"
"Mac-OLFML3-CX3CR1-resident","Epithelia","Testosterone-HSD17B12","AR",0.00118866550292546,0,"Testosterone-Testosterone-HSD17B12_AR","TESTOSTERONE-HSD17B12 - AR","Testosterone","Non-protein Signaling","HMRbase;uniprot","Non-malignant"
"Myeloid-CLEC10A-APC","Epithelia","Testosterone-HSD17B12","AR",0.000906037408608469,0,"Testosterone-Testosterone-HSD17B12_AR","TESTOSTERONE-HSD17B12 - AR","Testosterone","Non-protein Signaling","HMRbase;uniprot","Non-malignant"
"Epithelia","C6-SLC2A1-like","APP","CD74",0.12045286166165,0,"APP_CD74","APP - CD74","APP","Cell-Cell Contact","PMID: 19849849","Non-malignant"
"Epithelia","C7-APOBEC3A-like","APP","CD74",0.144261175933368,0,"APP_CD74","APP - CD74","APP","Cell-Cell Contact","PMID: 19849849","Non-malignant"
"Epithelia","Mac-Cycling","APP","CD74",0.137915178863489,0,"APP_CD74","APP - CD74","APP","Cell-Cell Contact","PMID: 19849849","Non-malignant"
"Epithelia","Mac-FOLR2-LYVE1-resident","APP","CD74",0.151648678494481,0,"APP_CD74","APP - CD74","APP","Cell-Cell Contact","PMID: 19849849","Non-malignant"
"Epithelia","Mac-NUPR1-IGF2-stress","APP","CD74",0.0254023717553337,0.01,"APP_CD74","APP - CD74","APP","Cell-Cell Contact","PMID: 19849849","Non-malignant"
"Epithelia","Mac-OLFML3-CX3CR1-resident","APP","CD74",0.166331121631051,0,"APP_CD74","APP - CD74","APP","Cell-Cell Contact","PMID: 19849849","Non-malignant"
"Epithelia","Mac-TNF-CCL4-inflammatory","APP","CD74",0.130367242173541,0,"APP_CD74","APP - CD74","APP","Cell-Cell Contact","PMID: 19849849","Non-malignant"
"Epithelia","Mono-FCN1-S100A8-S100A9","APP","CD74",0.114613593164187,0,"APP_CD74","APP - CD74","APP","Cell-Cell Contact","PMID: 19849849","Non-malignant"
"Epithelia","Myeloid-CLEC10A-APC","APP","CD74",0.138504351915606,0,"APP_CD74","APP - CD74","APP","Cell-Cell Contact","PMID: 19849849","Non-malignant"
"C6-SLC2A1-like","Epithelia","PTPRC","CD22",0.00252177942182874,0,"PTPRC_CD22","PTPRC - CD22","CD45","Cell-Cell Contact","PMID: 12115612","Non-malignant"
"C7-APOBEC3A-like","Epithelia","PTPRC","CD22",0.00441753517279603,0,"PTPRC_CD22","PTPRC - CD22","CD45","Cell-Cell Contact","PMID: 12115612","Non-malignant"
"Mac-Cycling","Epithelia","PTPRC","CD22",0.00318612825576329,0,"PTPRC_CD22","PTPRC - CD22","CD45","Cell-Cell Contact","PMID: 12115612","Non-malignant"
"Mac-FOLR2-LYVE1-resident","Epithelia","PTPRC","CD22",0.0027116686279189,0,"PTPRC_CD22","PTPRC - CD22","CD45","Cell-Cell Contact","PMID: 12115612","Non-malignant"
"Mac-OLFML3-CX3CR1-resident","Epithelia","PTPRC","CD22",0.00409080838003574,0,"PTPRC_CD22","PTPRC - CD22","CD45","Cell-Cell Contact","PMID: 12115612","Non-malignant"
"Mac-TNF-CCL4-inflammatory","Epithelia","PTPRC","CD22",0.00243620689025534,0,"PTPRC_CD22","PTPRC - CD22","CD45","Cell-Cell Contact","PMID: 12115612","Non-malignant"
"Mono-FCN1-S100A8-S100A9","Epithelia","PTPRC","CD22",0.00464491593570713,0,"PTPRC_CD22","PTPRC - CD22","CD45","Cell-Cell Contact","PMID: 12115612","Non-malignant"
"Myeloid-CLEC10A-APC","Epithelia","PTPRC","CD22",0.0031885818932817,0,"PTPRC_CD22","PTPRC - CD22","CD45","Cell-Cell Contact","PMID: 12115612","Non-malignant"
"Epithelia","C6-SLC2A1-like","CD99","PILRA",0.0274290475814358,0,"CD99_PILRA","CD99 - PILRA","CD99","Cell-Cell Contact","PMID: 18234675","Non-malignant"
"Epithelia","C7-APOBEC3A-like","CD99","PILRA",0.0593110188870289,0,"CD99_PILRA","CD99 - PILRA","CD99","Cell-Cell Contact","PMID: 18234675","Non-malignant"
"Epithelia","Mac-FOLR2-LYVE1-resident","CD99","PILRA",0.0109188043771971,0,"CD99_PILRA","CD99 - PILRA","CD99","Cell-Cell Contact","PMID: 18234675","Non-malignant"
"Epithelia","Mac-OLFML3-CX3CR1-resident","CD99","PILRA",0.0358677352668767,0,"CD99_PILRA","CD99 - PILRA","CD99","Cell-Cell Contact","PMID: 18234675","Non-malignant"
"Epithelia","Mono-FCN1-S100A8-S100A9","CD99","PILRA",0.0150531192243073,0,"CD99_PILRA","CD99 - PILRA","CD99","Cell-Cell Contact","PMID: 18234675","Non-malignant"
"Epithelia","Myeloid-CLEC10A-APC","CD99","PILRA",0.0281844247311107,0,"CD99_PILRA","CD99 - PILRA","CD99","Cell-Cell Contact","PMID: 18234675","Non-malignant"
"Mac-Cycling","Epithelia","CD99","CD99",0.0500615456932826,0.03,"CD99_CD99","CD99 - CD99","CD99","Cell-Cell Contact","KEGG: hsa04514","Non-malignant"
"Epithelia","Mac-Cycling","CD99","CD99",0.0500615456932826,0.03,"CD99_CD99","CD99 - CD99","CD99","Cell-Cell Contact","KEGG: hsa04514","Non-malignant"
"Epithelia","C6-SLC2A1-like","MPZL1","MPZL1",0.000840852530705517,0,"MPZL1_MPZL1","MPZL1 - MPZL1","MPZ","Cell-Cell Contact","KEGG: hsa04514","Non-malignant"
"C6-SLC2A1-like","Epithelia","MPZL1","MPZL1",0.000840852530705517,0,"MPZL1_MPZL1","MPZL1 - MPZL1","MPZ","Cell-Cell Contact","KEGG: hsa04514","Non-malignant"
"Mac-Cycling","Epithelia","MPZL1","MPZL1",0.000693997075721471,0,"MPZL1_MPZL1","MPZL1 - MPZL1","MPZ","Cell-Cell Contact","KEGG: hsa04514","Non-malignant"
"Epithelia","Mac-Cycling","MPZL1","MPZL1",0.000693997075721471,0,"MPZL1_MPZL1","MPZL1 - MPZL1","MPZ","Cell-Cell Contact","KEGG: hsa04514","Non-malignant"
"Epithelia","C6-SLC2A1-like","NECTIN3","NECTIN2",0.000388485317647137,0,"NECTIN3_NECTIN2","NECTIN3 - NECTIN2","NECTIN","Cell-Cell Contact","PMID: 23027581","Non-malignant"
"Epithelia","C7-APOBEC3A-like","NECTIN3","NECTIN2",0.000108224940493564,0,"NECTIN3_NECTIN2","NECTIN3 - NECTIN2","NECTIN","Cell-Cell Contact","PMID: 23027581","Non-malignant"
"Epithelia","Mac-Cycling","NECTIN3","NECTIN2",0.000347277550096989,0,"NECTIN3_NECTIN2","NECTIN3 - NECTIN2","NECTIN","Cell-Cell Contact","PMID: 23027581","Non-malignant"
"Epithelia","Mac-FOLR2-LYVE1-resident","NECTIN3","NECTIN2",0.000400024789555146,0,"NECTIN3_NECTIN2","NECTIN3 - NECTIN2","NECTIN","Cell-Cell Contact","PMID: 23027581","Non-malignant"
"Epithelia","Mac-OLFML3-CX3CR1-resident","NECTIN3","NECTIN2",0.000444937460769727,0,"NECTIN3_NECTIN2","NECTIN3 - NECTIN2","NECTIN","Cell-Cell Contact","PMID: 23027581","Non-malignant"
"C6-SLC2A1-like","Epithelia","SEMA4A","PLXNB2",0.0025854478064045,0,"SEMA4A_PLXNB2","SEMA4A - PLXNB2","SEMA4","Cell-Cell Contact","PMID: 27533782","Non-malignant"
"C7-APOBEC3A-like","Epithelia","SEMA4D","PLXNB2",0.000921272306533516,0,"SEMA4D_PLXNB2","SEMA4D - PLXNB2","SEMA4","Cell-Cell Contact","PMID: 27533782","Non-malignant"
"Mac-OLFML3-CX3CR1-resident","Epithelia","SEMA4D","PLXNB2",0.000749873415632386,0,"SEMA4D_PLXNB2","SEMA4D - PLXNB2","SEMA4","Cell-Cell Contact","PMID: 27533782","Non-malignant"
"C7-APOBEC3A-like","Epithelia","ITGA4_ITGB1","VCAM1",0.00178535251562773,0,"ITGA4_ITGB1_VCAM1","VCAM1 - (ITGA4+ITGB1)","VCAM","Cell-Cell Contact","KEGG: hsa04514","Non-malignant"
"Mac-Cycling","Epithelia","ITGA4_ITGB1","VCAM1",0.0019770151750548,0,"ITGA4_ITGB1_VCAM1","VCAM1 - (ITGA4+ITGB1)","VCAM","Cell-Cell Contact","KEGG: hsa04514","Non-malignant"
"Mac-OLFML3-CX3CR1-resident","Epithelia","ITGA4_ITGB1","VCAM1",0.00174634513824568,0,"ITGA4_ITGB1_VCAM1","VCAM1 - (ITGA4+ITGB1)","VCAM","Cell-Cell Contact","KEGG: hsa04514","Non-malignant"
"Epithelia","C6-SLC2A1-like","ITGAV_ITGB1","ADGRE2",0.00278789619789375,0,"ITGAV_ITGB1_ADGRE2","(ITGAV+ITGB1) - ADGRE2","ADGRE","Cell-Cell Contact","PMID: 31462748","Non-malignant"
"Epithelia","C7-APOBEC3A-like","ITGAV_ITGB1","ADGRE2",0.00448106620843278,0,"ITGAV_ITGB1_ADGRE2","(ITGAV+ITGB1) - ADGRE2","ADGRE","Cell-Cell Contact","PMID: 31462748","Non-malignant"
"Epithelia","Mac-OLFML3-CX3CR1-resident","ITGAV_ITGB1","ADGRE2",0.0013504610705984,0,"ITGAV_ITGB1_ADGRE2","(ITGAV+ITGB1) - ADGRE2","ADGRE","Cell-Cell Contact","PMID: 31462748","Non-malignant"
"Epithelia","Mono-FCN1-S100A8-S100A9","ITGAV_ITGB1","ADGRE2",0.00455550412905547,0,"ITGAV_ITGB1_ADGRE2","(ITGAV+ITGB1) - ADGRE2","ADGRE","Cell-Cell Contact","PMID: 31462748","Non-malignant"
"Epithelia","Myeloid-CLEC10A-APC","ITGAV_ITGB1","ADGRE2",0.00290623929239713,0,"ITGAV_ITGB1_ADGRE2","(ITGAV+ITGB1) - ADGRE2","ADGRE","Cell-Cell Contact","PMID: 31462748","Non-malignant"
"Epithelia","C6-SLC2A1-like","CD55","ADGRE5",0.00425956292467118,0.01,"CD55_ADGRE5","CD55 - ADGRE5","ADGRE","Cell-Cell Contact","PMID: 31462748","Non-malignant"
"Epithelia","C7-APOBEC3A-like","CD55","ADGRE5",0.02089602498847,0,"CD55_ADGRE5","CD55 - ADGRE5","ADGRE","Cell-Cell Contact","PMID: 31462748","Non-malignant"
"Epithelia","Mac-FOLR2-LYVE1-resident","CD55","ADGRE5",0.0048500952981752,0,"CD55_ADGRE5","CD55 - ADGRE5","ADGRE","Cell-Cell Contact","PMID: 31462748","Non-malignant"
"Epithelia","Mac-OLFML3-CX3CR1-resident","CD55","ADGRE5",0.00326693456024538,0.04,"CD55_ADGRE5","CD55 - ADGRE5","ADGRE","Cell-Cell Contact","PMID: 31462748","Non-malignant"
"Epithelia","Mono-FCN1-S100A8-S100A9","CD55","ADGRE5",0.0196282527498578,0,"CD55_ADGRE5","CD55 - ADGRE5","ADGRE","Cell-Cell Contact","PMID: 31462748","Non-malignant"
"Epithelia","Myeloid-CLEC10A-APC","CD55","ADGRE5",0.0141309692231426,0,"CD55_ADGRE5","CD55 - ADGRE5","ADGRE","Cell-Cell Contact","PMID: 31462748","Non-malignant"
"Epithelia","C6-SLC2A1-like","ITGAV_ITGB1","ADGRE5",0.00283422201458804,0.03,"ITGAV_ITGB1_ADGRE5","(ITGAV+ITGB1) - ADGRE5","ADGRE","Cell-Cell Contact","PMID: 31462748","Non-malignant"
"Epithelia","C7-APOBEC3A-like","ITGAV_ITGB1","ADGRE5",0.0139819370875595,0,"ITGAV_ITGB1_ADGRE5","(ITGAV+ITGB1) - ADGRE5","ADGRE","Cell-Cell Contact","PMID: 31462748","Non-malignant"
"Epithelia","Mac-FOLR2-LYVE1-resident","ITGAV_ITGB1","ADGRE5",0.00322779017362726,0,"ITGAV_ITGB1_ADGRE5","(ITGAV+ITGB1) - ADGRE5","ADGRE","Cell-Cell Contact","PMID: 31462748","Non-malignant"
"Epithelia","Mono-FCN1-S100A8-S100A9","ITGAV_ITGB1","ADGRE5",0.0131280215168506,0,"ITGAV_ITGB1_ADGRE5","(ITGAV+ITGB1) - ADGRE5","ADGRE","Cell-Cell Contact","PMID: 31462748","Non-malignant"
"Epithelia","Myeloid-CLEC10A-APC","ITGAV_ITGB1","ADGRE5",0.00943373919163557,0,"ITGAV_ITGB1_ADGRE5","(ITGAV+ITGB1) - ADGRE5","ADGRE","Cell-Cell Contact","PMID: 31462748","Non-malignant"
"Epithelia","C6-SLC2A1-like","APP","SORL1",0.00543304272742415,0,"APP_SORL1","APP - SORL1","APP","Cell-Cell Contact","PMID: 24523320","Non-malignant"
"Epithelia","C7-APOBEC3A-like","APP","SORL1",0.00891212904965908,0,"APP_SORL1","APP - SORL1","APP","Cell-Cell Contact","PMID: 24523320","Non-malignant"
"Epithelia","Mac-Cycling","APP","SORL1",0.0121876964248795,0,"APP_SORL1","APP - SORL1","APP","Cell-Cell Contact","PMID: 24523320","Non-malignant"
"Epithelia","Mac-FOLR2-LYVE1-resident","APP","SORL1",0.0114432573962311,0,"APP_SORL1","APP - SORL1","APP","Cell-Cell Contact","PMID: 24523320","Non-malignant"
"Epithelia","Mac-OLFML3-CX3CR1-resident","APP","SORL1",0.0436818833715386,0,"APP_SORL1","APP - SORL1","APP","Cell-Cell Contact","PMID: 24523320","Non-malignant"
"Epithelia","Mono-FCN1-S100A8-S100A9","APP","SORL1",0.0151125569924997,0,"APP_SORL1","APP - SORL1","APP","Cell-Cell Contact","PMID: 24523320","Non-malignant"
"Epithelia","Myeloid-CLEC10A-APC","APP","SORL1",0.0245633842748992,0,"APP_SORL1","APP - SORL1","APP","Cell-Cell Contact","PMID: 24523320","Non-malignant"
"Epithelia","C6-SLC2A1-like","APP","TNFRSF21",0.00316070427737398,0,"APP_TNFRSF21","APP - TNFRSF21","APP","Cell-Cell Contact","PMID: 33075465","Non-malignant"
"Epithelia","C6-SLC2A1-like","APP","TREM2_TYROBP",0.0851227241625042,0,"APP_TREM2_TYROBP","APP - (TREM2+TYROBP)","APP","Cell-Cell Contact","PMID:27477013","Non-malignant"
"Epithelia","Mac-Cycling","APP","TREM2_TYROBP",0.0481289893396632,0,"APP_TREM2_TYROBP","APP - (TREM2+TYROBP)","APP","Cell-Cell Contact","PMID:27477013","Non-malignant"
"Epithelia","Mac-FOLR2-LYVE1-resident","APP","TREM2_TYROBP",0.0395603517007655,0,"APP_TREM2_TYROBP","APP - (TREM2+TYROBP)","APP","Cell-Cell Contact","PMID:27477013","Non-malignant"
"Epithelia","Mac-OLFML3-CX3CR1-resident","APP","TREM2_TYROBP",0.0820122886636707,0,"APP_TREM2_TYROBP","APP - (TREM2+TYROBP)","APP","Cell-Cell Contact","PMID:27477013","Non-malignant"
"Epithelia","Myeloid-CLEC10A-APC","APP","TREM2_TYROBP",0.030323894460423,0,"APP_TREM2_TYROBP","APP - (TREM2+TYROBP)","APP","Cell-Cell Contact","PMID:27477013","Non-malignant"
"Epithelia","C6-SLC2A1-like","APOA1","ABCA1",0.00831477843881761,0,"APOA1_ABCA1","APOA1 - ABCA1","ApoA","Cell-Cell Contact","PMID: 20064972","Non-malignant"
"Epithelia","C7-APOBEC3A-like","APOA1","ABCA1",0.00149297686770419,0,"APOA1_ABCA1","APOA1 - ABCA1","ApoA","Cell-Cell Contact","PMID: 20064972","Non-malignant"
"Epithelia","Mac-Cycling","APOA1","ABCA1",0.000840306976112429,0,"APOA1_ABCA1","APOA1 - ABCA1","ApoA","Cell-Cell Contact","PMID: 20064972","Non-malignant"
"Epithelia","Mac-FOLR2-LYVE1-resident","APOA1","ABCA1",0.00183047744081379,0,"APOA1_ABCA1","APOA1 - ABCA1","ApoA","Cell-Cell Contact","PMID: 20064972","Non-malignant"
"Epithelia","Myeloid-CLEC10A-APC","APOA1","ABCA1",0.0010824255537815,0,"APOA1_ABCA1","APOA1 - ABCA1","ApoA","Cell-Cell Contact","PMID: 20064972","Non-malignant"
"Epithelia","C6-SLC2A1-like","APOA1","TREM2_TYROBP",0.0128587514661655,0,"APOA1_TREM2_TYROBP","APOA1 - TREM2","ApoA","Cell-Cell Contact","uniprot;PMID:27477018","Non-malignant"
"Epithelia","Mac-Cycling","APOA1","TREM2_TYROBP",0.00702913648663123,0,"APOA1_TREM2_TYROBP","APOA1 - TREM2","ApoA","Cell-Cell Contact","uniprot;PMID:27477018","Non-malignant"
"Epithelia","Mac-FOLR2-LYVE1-resident","APOA1","TREM2_TYROBP",0.00573362973223102,0,"APOA1_TREM2_TYROBP","APOA1 - TREM2","ApoA","Cell-Cell Contact","uniprot;PMID:27477018","Non-malignant"
"Epithelia","Mac-OLFML3-CX3CR1-resident","APOA1","TREM2_TYROBP",0.0123532303882456,0,"APOA1_TREM2_TYROBP","APOA1 - TREM2","ApoA","Cell-Cell Contact","uniprot;PMID:27477018","Non-malignant"
"Epithelia","Myeloid-CLEC10A-APC","APOA1","TREM2_TYROBP",0.00435911007867755,0,"APOA1_TREM2_TYROBP","APOA1 - TREM2","ApoA","Cell-Cell Contact","uniprot;PMID:27477018","Non-malignant"
"Epithelia","C6-SLC2A1-like","APOE","TREM2_TYROBP",0.123915740925702,0,"APOE_TREM2_TYROBP","APOE - TREM2","ApoE","Cell-Cell Contact","uniprot;PMID:27477015","Non-malignant"
"Epithelia","Mac-Cycling","APOE","TREM2_TYROBP",0.0713781773969317,0,"APOE_TREM2_TYROBP","APOE - TREM2","ApoE","Cell-Cell Contact","uniprot;PMID:27477015","Non-malignant"
"Epithelia","Mac-FOLR2-LYVE1-resident","APOE","TREM2_TYROBP",0.0589266135098125,0,"APOE_TREM2_TYROBP","APOE - TREM2","ApoE","Cell-Cell Contact","uniprot;PMID:27477015","Non-malignant"
"Epithelia","Mac-OLFML3-CX3CR1-resident","APOE","TREM2_TYROBP",0.119573052983323,0,"APOE_TREM2_TYROBP","APOE - TREM2","ApoE","Cell-Cell Contact","uniprot;PMID:27477015","Non-malignant"
"Epithelia","Myeloid-CLEC10A-APC","APOE","TREM2_TYROBP",0.0453822192041356,0,"APOE_TREM2_TYROBP","APOE - TREM2","ApoE","Cell-Cell Contact","uniprot;PMID:27477015","Non-malignant"
"Mac-Cycling","Epithelia","CADM1","NECTIN3",0.000344179134915581,0,"CADM1_NECTIN3","CADM1 - NECTIN3","CADM","Cell-Cell Contact","uniprot","Non-malignant"
"Mac-OLFML3-CX3CR1-resident","Epithelia","CADM1","NECTIN3",0.00144128766335346,0,"CADM1_NECTIN3","CADM1 - NECTIN3","CADM","Cell-Cell Contact","uniprot","Non-malignant"
"C6-SLC2A1-like","Epithelia","TGFB1","TGFbR1_R2",0.000537314379202492,0,"TGFB1_TGFBR1_TGFBR2","TGFB1 - (TGFBR1+TGFBR2)","TGFb","Secreted Signaling","KEGG: hsa04350","Early"
"C7-APOBEC3A-like","Epithelia","TGFB1","TGFbR1_R2",0.000814534516249496,0,"TGFB1_TGFBR1_TGFBR2","TGFB1 - (TGFBR1+TGFBR2)","TGFb","Secreted Signaling","KEGG: hsa04350","Early"
"Mac-Cycling","Epithelia","TGFB1","TGFbR1_R2",0.000765598264795818,0,"TGFB1_TGFBR1_TGFBR2","TGFB1 - (TGFBR1+TGFBR2)","TGFb","Secreted Signaling","KEGG: hsa04350","Early"
"Mac-OLFML3-CX3CR1-resident","Epithelia","TGFB1","TGFbR1_R2",0.000560998701611272,0,"TGFB1_TGFBR1_TGFBR2","TGFB1 - (TGFBR1+TGFBR2)","TGFb","Secreted Signaling","KEGG: hsa04350","Early"
"Mono-FCN1-S100A8-S100A9","Epithelia","TGFB1","TGFbR1_R2",0.00034236996491793,0,"TGFB1_TGFBR1_TGFBR2","TGFB1 - (TGFBR1+TGFBR2)","TGFb","Secreted Signaling","KEGG: hsa04350","Early"
"Myeloid-CLEC10A-APC","Epithelia","TGFB1","TGFbR1_R2",0.000869492335117161,0,"TGFB1_TGFBR1_TGFBR2","TGFB1 - (TGFBR1+TGFBR2)","TGFb","Secreted Signaling","KEGG: hsa04350","Early"
"C6-SLC2A1-like","Epithelia","TGFB1","ACVR1B_TGFbR2",0.000950436653624631,0,"TGFB1_ACVR1B_TGFBR2","TGFB1 - (ACVR1B+TGFBR2)","TGFb","Secreted Signaling","PMID: 27449815","Early"
"C7-APOBEC3A-like","Epithelia","TGFB1","ACVR1B_TGFbR2",0.00144049097561402,0,"TGFB1_ACVR1B_TGFBR2","TGFB1 - (ACVR1B+TGFBR2)","TGFb","Secreted Signaling","PMID: 27449815","Early"
"Mac-Cycling","Epithelia","TGFB1","ACVR1B_TGFbR2",0.00135399955759424,0,"TGFB1_ACVR1B_TGFBR2","TGFB1 - (ACVR1B+TGFBR2)","TGFb","Secreted Signaling","PMID: 27449815","Early"
"Mac-OLFML3-CX3CR1-resident","Epithelia","TGFB1","ACVR1B_TGFbR2",0.000992312738891517,0,"TGFB1_ACVR1B_TGFBR2","TGFB1 - (ACVR1B+TGFBR2)","TGFb","Secreted Signaling","PMID: 27449815","Early"
"Mono-FCN1-S100A8-S100A9","Epithelia","TGFB1","ACVR1B_TGFbR2",0.000605698153511397,0,"TGFB1_ACVR1B_TGFBR2","TGFB1 - (ACVR1B+TGFBR2)","TGFb","Secreted Signaling","PMID: 27449815","Early"
"Myeloid-CLEC10A-APC","Epithelia","TGFB1","ACVR1B_TGFbR2",0.001537617245028,0,"TGFB1_ACVR1B_TGFBR2","TGFB1 - (ACVR1B+TGFBR2)","TGFb","Secreted Signaling","PMID: 27449815","Early"
"C6-SLC2A1-like","Epithelia","HBEGF","EGFR",0.000271241846911345,0,"HBEGF_EGFR","HBEGF - EGFR","EGF","Secreted Signaling","KEGG: hsa04012","Early"
"C7-APOBEC3A-like","Epithelia","HBEGF","EGFR",0.00041108739363543,0,"HBEGF_EGFR","HBEGF - EGFR","EGF","Secreted Signaling","KEGG: hsa04012","Early"
"Mac-Cycling","Epithelia","HBEGF","EGFR",0.000197117720620863,0,"HBEGF_EGFR","HBEGF - EGFR","EGF","Secreted Signaling","KEGG: hsa04012","Early"
"Mac-OLFML3-CX3CR1-resident","Epithelia","HBEGF","EGFR",0.000522291506942205,0,"HBEGF_EGFR","HBEGF - EGFR","EGF","Secreted Signaling","KEGG: hsa04012","Early"
"Mono-FCN1-S100A8-S100A9","Epithelia","HBEGF","EGFR",0.000807971762146835,0,"HBEGF_EGFR","HBEGF - EGFR","EGF","Secreted Signaling","KEGG: hsa04012","Early"
"Myeloid-CLEC10A-APC","Epithelia","HBEGF","EGFR",0.000608408729240785,0,"HBEGF_EGFR","HBEGF - EGFR","EGF","Secreted Signaling","KEGG: hsa04012","Early"
"C6-SLC2A1-like","Epithelia","HBEGF","EGFR_ERBB2",0.000789955896911854,0,"HBEGF_EGFR_ERBB2","HBEGF - (EGFR+ERBB2)","EGF","Secreted Signaling","KEGG: hsa04012","Early"
"C7-APOBEC3A-like","Epithelia","HBEGF","EGFR_ERBB2",0.00119691731451542,0,"HBEGF_EGFR_ERBB2","HBEGF - (EGFR+ERBB2)","EGF","Secreted Signaling","KEGG: hsa04012","Early"
"Mac-Cycling","Epithelia","HBEGF","EGFR_ERBB2",0.000574160623018308,0,"HBEGF_EGFR_ERBB2","HBEGF - (EGFR+ERBB2)","EGF","Secreted Signaling","KEGG: hsa04012","Early"
"Mac-OLFML3-CX3CR1-resident","Epithelia","HBEGF","EGFR_ERBB2",0.00152037459954912,0,"HBEGF_EGFR_ERBB2","HBEGF - (EGFR+ERBB2)","EGF","Secreted Signaling","KEGG: hsa04012","Early"
"Mono-FCN1-S100A8-S100A9","Epithelia","HBEGF","EGFR_ERBB2",0.00235069710553115,0,"HBEGF_EGFR_ERBB2","HBEGF - (EGFR+ERBB2)","EGF","Secreted Signaling","KEGG: hsa04012","Early"
"Myeloid-CLEC10A-APC","Epithelia","HBEGF","EGFR_ERBB2",0.00177076763642439,0,"HBEGF_EGFR_ERBB2","HBEGF - (EGFR+ERBB2)","EGF","Secreted Signaling","KEGG: hsa04012","Early"
"C6-SLC2A1-like","Epithelia","EREG","EGFR",0.000762679574025785,0,"EREG_EGFR","EREG - EGFR","EGF","Secreted Signaling","KEGG: hsa04012","Early"
"C7-APOBEC3A-like","Epithelia","EREG","EGFR",0.000633119105093657,0,"EREG_EGFR","EREG - EGFR","EGF","Secreted Signaling","KEGG: hsa04012","Early"
"Mono-FCN1-S100A8-S100A9","Epithelia","EREG","EGFR",0.00130881970641201,0,"EREG_EGFR","EREG - EGFR","EGF","Secreted Signaling","KEGG: hsa04012","Early"
"Myeloid-CLEC10A-APC","Epithelia","EREG","EGFR",0.00508599613944774,0,"EREG_EGFR","EREG - EGFR","EGF","Secreted Signaling","KEGG: hsa04012","Early"
"C6-SLC2A1-like","Epithelia","EREG","EGFR_ERBB2",0.0022191169713548,0,"EREG_EGFR_ERBB2","EREG - (EGFR+ERBB2)","EGF","Secreted Signaling","KEGG: hsa04012","Early"
"C7-APOBEC3A-like","Epithelia","EREG","EGFR_ERBB2",0.00184259990274589,0,"EREG_EGFR_ERBB2","EREG - (EGFR+ERBB2)","EGF","Secreted Signaling","KEGG: hsa04012","Early"
"Mono-FCN1-S100A8-S100A9","Epithelia","EREG","EGFR_ERBB2",0.00380421328821291,0,"EREG_EGFR_ERBB2","EREG - (EGFR+ERBB2)","EGF","Secreted Signaling","KEGG: hsa04012","Early"
"Myeloid-CLEC10A-APC","Epithelia","EREG","EGFR_ERBB2",0.0146771117318725,0,"EREG_EGFR_ERBB2","EREG - (EGFR+ERBB2)","EGF","Secreted Signaling","KEGG: hsa04012","Early"
"Mono-FCN1-S100A8-S100A9","Epithelia","NRG1","ERBB3",0.00397547138964367,0,"NRG1_ERBB3","NRG1 - ERBB3","NRG","Secreted Signaling","KEGG: hsa04012","Early"
"Mono-FCN1-S100A8-S100A9","Epithelia","NRG1","ERBB2_ERBB3",0.00393022360977187,0,"NRG1_ERBB2_ERBB3","NRG1 - (ERBB2+ERBB3)","NRG","Secreted Signaling","KEGG: hsa04012","Early"
"Epithelia","C6-SLC2A1-like","CCL4","CCR5",8.87783610106714e-05,0.02,"CCL4_CCR5","CCL4 - CCR5","CCL","Secreted Signaling","KEGG: hsa04060","Early"
"Epithelia","Myeloid-CLEC10A-APC","CCL4","CCR5",7.18192745627799e-05,0.03,"CCL4_CCR5","CCL4 - CCR5","CCL","Secreted Signaling","KEGG: hsa04060","Early"
"Epithelia","C6-SLC2A1-like","MIF","CD74_CXCR4",0.0727354569327782,0,"MIF_CD74_CXCR4","MIF - (CD74+CXCR4)","MIF","Secreted Signaling","PMID: 29637711; PMID: 24760155","Early"
"Epithelia","C7-APOBEC3A-like","MIF","CD74_CXCR4",0.0465067407510109,0,"MIF_CD74_CXCR4","MIF - (CD74+CXCR4)","MIF","Secreted Signaling","PMID: 29637711; PMID: 24760155","Early"
"Epithelia","Mac-Cycling","MIF","CD74_CXCR4",0.0512802518200833,0,"MIF_CD74_CXCR4","MIF - (CD74+CXCR4)","MIF","Secreted Signaling","PMID: 29637711; PMID: 24760155","Early"
"Epithelia","Mac-FOLR2-LYVE1-resident","MIF","CD74_CXCR4",0.0491375001001754,0,"MIF_CD74_CXCR4","MIF - (CD74+CXCR4)","MIF","Secreted Signaling","PMID: 29637711; PMID: 24760155","Early"
"Epithelia","Mac-OLFML3-CX3CR1-resident","MIF","CD74_CXCR4",0.0729747652045992,0,"MIF_CD74_CXCR4","MIF - (CD74+CXCR4)","MIF","Secreted Signaling","PMID: 29637711; PMID: 24760155","Early"
"Epithelia","Mac-TNF-CCL4-inflammatory","MIF","CD74_CXCR4",0.0748082948856987,0,"MIF_CD74_CXCR4","MIF - (CD74+CXCR4)","MIF","Secreted Signaling","PMID: 29637711; PMID: 24760155","Early"
"Epithelia","Mono-FCN1-S100A8-S100A9","MIF","CD74_CXCR4",0.0581475425303,0,"MIF_CD74_CXCR4","MIF - (CD74+CXCR4)","MIF","Secreted Signaling","PMID: 29637711; PMID: 24760155","Early"
"Epithelia","Myeloid-CLEC10A-APC","MIF","CD74_CXCR4",0.0749054168107678,0,"MIF_CD74_CXCR4","MIF - (CD74+CXCR4)","MIF","Secreted Signaling","PMID: 29637711; PMID: 24760155","Early"
"Epithelia","C6-SLC2A1-like","MIF","CD74_CD44",0.0864049995923948,0,"MIF_CD74_CD44","MIF - (CD74+CD44)","MIF","Secreted Signaling","PMID: 29637711; PMID: 26175090","Early"
"Epithelia","C7-APOBEC3A-like","MIF","CD74_CD44",0.0861388007865951,0,"MIF_CD74_CD44","MIF - (CD74+CD44)","MIF","Secreted Signaling","PMID: 29637711; PMID: 26175090","Early"
"Epithelia","Mac-Cycling","MIF","CD74_CD44",0.0760101167412952,0,"MIF_CD74_CD44","MIF - (CD74+CD44)","MIF","Secreted Signaling","PMID: 29637711; PMID: 26175090","Early"
"Epithelia","Mac-FOLR2-LYVE1-resident","MIF","CD74_CD44",0.0448995751993556,0,"MIF_CD74_CD44","MIF - (CD74+CD44)","MIF","Secreted Signaling","PMID: 29637711; PMID: 26175090","Early"
"Epithelia","Mac-OLFML3-CX3CR1-resident","MIF","CD74_CD44",0.0767776889287016,0,"MIF_CD74_CD44","MIF - (CD74+CD44)","MIF","Secreted Signaling","PMID: 29637711; PMID: 26175090","Early"
"Epithelia","Mac-TNF-CCL4-inflammatory","MIF","CD74_CD44",0.0810761015332457,0,"MIF_CD74_CD44","MIF - (CD74+CD44)","MIF","Secreted Signaling","PMID: 29637711; PMID: 26175090","Early"
"Epithelia","Mono-FCN1-S100A8-S100A9","MIF","CD74_CD44",0.0880512413446953,0,"MIF_CD74_CD44","MIF - (CD74+CD44)","MIF","Secreted Signaling","PMID: 29637711; PMID: 26175090","Early"
"Epithelia","Myeloid-CLEC10A-APC","MIF","CD74_CD44",0.0927205161511151,0,"MIF_CD74_CD44","MIF - (CD74+CD44)","MIF","Secreted Signaling","PMID: 29637711; PMID: 26175090","Early"
"Epithelia","Mac-Cycling","CX3CL1","CX3CR1",0.000264256190648739,0,"CX3CL1_CX3CR1","CX3CL1 - CX3CR1","CX3C","Secreted Signaling","KEGG: hsa04060","Early"
"Epithelia","Mac-OLFML3-CX3CR1-resident","CX3CL1","CX3CR1",0.0011465647199259,0,"CX3CL1_CX3CR1","CX3CL1 - CX3CR1","CX3C","Secreted Signaling","KEGG: hsa04060","Early"
"C6-SLC2A1-like","Epithelia","OSM","LIFR_IL6ST",0.000264665391717833,0,"OSM_LIFR_IL6ST","OSM - (LIFR+IL6ST)","OSM","Secreted Signaling","KEGG: hsa04060","Early"
"C7-APOBEC3A-like","Epithelia","OSM","LIFR_IL6ST",0.000918847391952166,0,"OSM_LIFR_IL6ST","OSM - (LIFR+IL6ST)","OSM","Secreted Signaling","KEGG: hsa04060","Early"
"Mac-Cycling","Epithelia","OSM","LIFR_IL6ST",0.000964181887718586,0,"OSM_LIFR_IL6ST","OSM - (LIFR+IL6ST)","OSM","Secreted Signaling","KEGG: hsa04060","Early"
"Mac-OLFML3-CX3CR1-resident","Epithelia","OSM","LIFR_IL6ST",0.000761736912961918,0,"OSM_LIFR_IL6ST","OSM - (LIFR+IL6ST)","OSM","Secreted Signaling","KEGG: hsa04060","Early"
"Mono-FCN1-S100A8-S100A9","Epithelia","OSM","LIFR_IL6ST",0.00117216483864246,0,"OSM_LIFR_IL6ST","OSM - (LIFR+IL6ST)","OSM","Secreted Signaling","KEGG: hsa04060","Early"
"Myeloid-CLEC10A-APC","Epithelia","OSM","LIFR_IL6ST",0.00230936571151405,0,"OSM_LIFR_IL6ST","OSM - (LIFR+IL6ST)","OSM","Secreted Signaling","KEGG: hsa04060","Early"
"C6-SLC2A1-like","Epithelia","OSM","OSMR_IL6ST",0.00036868550569545,0,"OSM_OSMR_IL6ST","OSM - (OSMR+IL6ST)","OSM","Secreted Signaling","KEGG: hsa04060","Early"
"C7-APOBEC3A-like","Epithelia","OSM","OSMR_IL6ST",0.00127964828529796,0,"OSM_OSMR_IL6ST","OSM - (OSMR+IL6ST)","OSM","Secreted Signaling","KEGG: hsa04060","Early"
"Mac-Cycling","Epithelia","OSM","OSMR_IL6ST",0.00134276020890935,0,"OSM_OSMR_IL6ST","OSM - (OSMR+IL6ST)","OSM","Secreted Signaling","KEGG: hsa04060","Early"
"Mac-OLFML3-CX3CR1-resident","Epithelia","OSM","OSMR_IL6ST",0.00106091124245257,0,"OSM_OSMR_IL6ST","OSM - (OSMR+IL6ST)","OSM","Secreted Signaling","KEGG: hsa04060","Early"
"Mono-FCN1-S100A8-S100A9","Epithelia","OSM","OSMR_IL6ST",0.00163227258052567,0,"OSM_OSMR_IL6ST","OSM - (OSMR+IL6ST)","OSM","Secreted Signaling","KEGG: hsa04060","Early"
"Myeloid-CLEC10A-APC","Epithelia","OSM","OSMR_IL6ST",0.00321442030536472,0,"OSM_OSMR_IL6ST","OSM - (OSMR+IL6ST)","OSM","Secreted Signaling","KEGG: hsa04060","Early"
"C6-SLC2A1-like","Epithelia","IL1B","IL1R1_IL1RAP",0.00781987105550943,0,"IL1B_IL1R1_IL1RAP","IL1B - (IL1R1+IL1RAP)","IL1","Secreted Signaling","KEGG: hsa04060","Early"
"C7-APOBEC3A-like","Epithelia","IL1B","IL1R1_IL1RAP",0.00835203796563565,0,"IL1B_IL1R1_IL1RAP","IL1B - (IL1R1+IL1RAP)","IL1","Secreted Signaling","KEGG: hsa04060","Early"
"Mac-Cycling","Epithelia","IL1B","IL1R1_IL1RAP",0.00741458679343023,0,"IL1B_IL1R1_IL1RAP","IL1B - (IL1R1+IL1RAP)","IL1","Secreted Signaling","KEGG: hsa04060","Early"
"Mac-FOLR2-LYVE1-resident","Epithelia","IL1B","IL1R1_IL1RAP",0.00158872211940573,0,"IL1B_IL1R1_IL1RAP","IL1B - (IL1R1+IL1RAP)","IL1","Secreted Signaling","KEGG: hsa04060","Early"
"Mac-OLFML3-CX3CR1-resident","Epithelia","IL1B","IL1R1_IL1RAP",0.00934102019625177,0,"IL1B_IL1R1_IL1RAP","IL1B - (IL1R1+IL1RAP)","IL1","Secreted Signaling","KEGG: hsa04060","Early"
"Mac-TNF-CCL4-inflammatory","Epithelia","IL1B","IL1R1_IL1RAP",0.0198613974785933,0,"IL1B_IL1R1_IL1RAP","IL1B - (IL1R1+IL1RAP)","IL1","Secreted Signaling","KEGG: hsa04060","Early"
"Mono-FCN1-S100A8-S100A9","Epithelia","IL1B","IL1R1_IL1RAP",0.0167968007991082,0,"IL1B_IL1R1_IL1RAP","IL1B - (IL1R1+IL1RAP)","IL1","Secreted Signaling","KEGG: hsa04060","Early"
"Myeloid-CLEC10A-APC","Epithelia","IL1B","IL1R1_IL1RAP",0.0158402690751112,0,"IL1B_IL1R1_IL1RAP","IL1B - (IL1R1+IL1RAP)","IL1","Secreted Signaling","KEGG: hsa04060","Early"
"Epithelia","C6-SLC2A1-like","CSF1","CSF1R",0.00294327253271728,0,"CSF1_CSF1R","CSF1 - CSF1R","CSF","Secreted Signaling","KEGG: hsa04060","Early"
"Epithelia","C7-APOBEC3A-like","CSF1","CSF1R",0.00581126120566302,0,"CSF1_CSF1R","CSF1 - CSF1R","CSF","Secreted Signaling","KEGG: hsa04060","Early"
"Epithelia","Mac-Cycling","CSF1","CSF1R",0.00426945622764428,0,"CSF1_CSF1R","CSF1 - CSF1R","CSF","Secreted Signaling","KEGG: hsa04060","Early"
"Epithelia","Mac-FOLR2-LYVE1-resident","CSF1","CSF1R",0.00165368139108547,0,"CSF1_CSF1R","CSF1 - CSF1R","CSF","Secreted Signaling","KEGG: hsa04060","Early"
"Epithelia","Mac-OLFML3-CX3CR1-resident","CSF1","CSF1R",0.00527324767604851,0,"CSF1_CSF1R","CSF1 - CSF1R","CSF","Secreted Signaling","KEGG: hsa04060","Early"
"Epithelia","Mac-TNF-CCL4-inflammatory","CSF1","CSF1R",0.00155621201602547,0,"CSF1_CSF1R","CSF1 - CSF1R","CSF","Secreted Signaling","KEGG: hsa04060","Early"
"Epithelia","Mono-FCN1-S100A8-S100A9","CSF1","CSF1R",0.00134530119216211,0,"CSF1_CSF1R","CSF1 - CSF1R","CSF","Secreted Signaling","KEGG: hsa04060","Early"
"Epithelia","Myeloid-CLEC10A-APC","CSF1","CSF1R",0.00442487352121997,0,"CSF1_CSF1R","CSF1 - CSF1R","CSF","Secreted Signaling","KEGG: hsa04060","Early"
"C6-SLC2A1-like","Epithelia","TNF","TNFRSF1A",0.0116789786922141,0,"TNF_TNFRSF1A","TNF - TNFRSF1A","TNF","Secreted Signaling","KEGG: hsa04060","Early"
"C7-APOBEC3A-like","Epithelia","TNF","TNFRSF1A",0.0139000124987028,0,"TNF_TNFRSF1A","TNF - TNFRSF1A","TNF","Secreted Signaling","KEGG: hsa04060","Early"
"Mac-Cycling","Epithelia","TNF","TNFRSF1A",0.0250963589776015,0,"TNF_TNFRSF1A","TNF - TNFRSF1A","TNF","Secreted Signaling","KEGG: hsa04060","Early"
"Mac-OLFML3-CX3CR1-resident","Epithelia","TNF","TNFRSF1A",0.0201065406842007,0,"TNF_TNFRSF1A","TNF - TNFRSF1A","TNF","Secreted Signaling","KEGG: hsa04060","Early"
"Mac-TNF-CCL4-inflammatory","Epithelia","TNF","TNFRSF1A",0.0447999726233186,0,"TNF_TNFRSF1A","TNF - TNFRSF1A","TNF","Secreted Signaling","KEGG: hsa04060","Early"
"Mono-FCN1-S100A8-S100A9","Epithelia","TNF","TNFRSF1A",0.00661759822176015,0,"TNF_TNFRSF1A","TNF - TNFRSF1A","TNF","Secreted Signaling","KEGG: hsa04060","Early"
"Myeloid-CLEC10A-APC","Epithelia","TNF","TNFRSF1A",0.0166608209845347,0,"TNF_TNFRSF1A","TNF - TNFRSF1A","TNF","Secreted Signaling","KEGG: hsa04060","Early"
"C6-SLC2A1-like","Epithelia","TNFSF12","TNFRSF12A",0.00498326664888064,0,"TNFSF12_TNFRSF12A","TNFSF12 - TNFRSF12A","TWEAK","Secreted Signaling","KEGG: hsa04060","Early"
"C7-APOBEC3A-like","Epithelia","TNFSF12","TNFRSF12A",0.00499375395272862,0,"TNFSF12_TNFRSF12A","TNFSF12 - TNFRSF12A","TWEAK","Secreted Signaling","KEGG: hsa04060","Early"
"Mac-Cycling","Epithelia","TNFSF12","TNFRSF12A",0.00300809137170322,0,"TNFSF12_TNFRSF12A","TNFSF12 - TNFRSF12A","TWEAK","Secreted Signaling","KEGG: hsa04060","Early"
"Mac-OLFML3-CX3CR1-resident","Epithelia","TNFSF12","TNFRSF12A",0.00369969670580728,0,"TNFSF12_TNFRSF12A","TNFSF12 - TNFRSF12A","TWEAK","Secreted Signaling","KEGG: hsa04060","Early"
"Myeloid-CLEC10A-APC","Epithelia","TNFSF12","TNFRSF12A",0.00293304953235554,0,"TNFSF12_TNFRSF12A","TNFSF12 - TNFRSF12A","TWEAK","Secreted Signaling","KEGG: hsa04060","Early"
"C6-SLC2A1-like","Epithelia","SPP1","CD44",0.0207196034324746,0,"SPP1_CD44","SPP1 - CD44","SPP1","Secreted Signaling","PMID: 21907263","Early"
"Mac-Cycling","Epithelia","SPP1","CD44",0.0160469100517895,0,"SPP1_CD44","SPP1 - CD44","SPP1","Secreted Signaling","PMID: 21907263","Early"
"Mac-FOLR2-LYVE1-resident","Epithelia","SPP1","CD44",0.00620289776019647,0,"SPP1_CD44","SPP1 - CD44","SPP1","Secreted Signaling","PMID: 21907263","Early"
"Mac-NUPR1-IGF2-stress","Epithelia","SPP1","CD44",0.0106526693332314,0.01,"SPP1_CD44","SPP1 - CD44","SPP1","Secreted Signaling","PMID: 21907263","Early"
"Mac-OLFML3-CX3CR1-resident","Epithelia","SPP1","CD44",0.0123716003863423,0,"SPP1_CD44","SPP1 - CD44","SPP1","Secreted Signaling","PMID: 21907263","Early"
"Mac-TNF-CCL4-inflammatory","Epithelia","SPP1","CD44",0.0171311399925512,0,"SPP1_CD44","SPP1 - CD44","SPP1","Secreted Signaling","PMID: 21907263","Early"
"Myeloid-CLEC10A-APC","Epithelia","SPP1","CD44",0.0126026655590426,0.01,"SPP1_CD44","SPP1 - CD44","SPP1","Secreted Signaling","PMID: 21907263","Early"
"C6-SLC2A1-like","Epithelia","SPP1","ITGAV_ITGB1",0.0699099821773782,0,"SPP1_ITGAV_ITGB1","SPP1 - (ITGAV+ITGB1)","SPP1","Secreted Signaling","PMID: 21907263","Early"
"C7-APOBEC3A-like","Epithelia","SPP1","ITGAV_ITGB1",0.0276407321971468,0,"SPP1_ITGAV_ITGB1","SPP1 - (ITGAV+ITGB1)","SPP1","Secreted Signaling","PMID: 21907263","Early"
"Mac-Cycling","Epithelia","SPP1","ITGAV_ITGB1",0.0547642319818395,0,"SPP1_ITGAV_ITGB1","SPP1 - (ITGAV+ITGB1)","SPP1","Secreted Signaling","PMID: 21907263","Early"
"Mac-FOLR2-LYVE1-resident","Epithelia","SPP1","ITGAV_ITGB1",0.0216926223440643,0,"SPP1_ITGAV_ITGB1","SPP1 - (ITGAV+ITGB1)","SPP1","Secreted Signaling","PMID: 21907263","Early"
"Mac-NUPR1-IGF2-stress","Epithelia","SPP1","ITGAV_ITGB1",0.0368423127796897,0,"SPP1_ITGAV_ITGB1","SPP1 - (ITGAV+ITGB1)","SPP1","Secreted Signaling","PMID: 21907263","Early"
"Mac-OLFML3-CX3CR1-resident","Epithelia","SPP1","ITGAV_ITGB1",0.0426052563255816,0,"SPP1_ITGAV_ITGB1","SPP1 - (ITGAV+ITGB1)","SPP1","Secreted Signaling","PMID: 21907263","Early"
"Mac-TNF-CCL4-inflammatory","Epithelia","SPP1","ITGAV_ITGB1",0.0583094229021662,0,"SPP1_ITGAV_ITGB1","SPP1 - (ITGAV+ITGB1)","SPP1","Secreted Signaling","PMID: 21907263","Early"
"Mono-FCN1-S100A8-S100A9","Epithelia","SPP1","ITGAV_ITGB1",0.00299916026327247,0,"SPP1_ITGAV_ITGB1","SPP1 - (ITGAV+ITGB1)","SPP1","Secreted Signaling","PMID: 21907263","Early"
"Myeloid-CLEC10A-APC","Epithelia","SPP1","ITGAV_ITGB1",0.0433761971125023,0,"SPP1_ITGAV_ITGB1","SPP1 - (ITGAV+ITGB1)","SPP1","Secreted Signaling","PMID: 21907263","Early"
"C6-SLC2A1-like","Epithelia","SPP1","ITGAV_ITGB5",0.0352947796473939,0,"SPP1_ITGAV_ITGB5","SPP1 - (ITGAV+ITGB5)","SPP1","Secreted Signaling","PMID: 21907263","Early"
"C7-APOBEC3A-like","Epithelia","SPP1","ITGAV_ITGB5",0.0136476075592263,0,"SPP1_ITGAV_ITGB5","SPP1 - (ITGAV+ITGB5)","SPP1","Secreted Signaling","PMID: 21907263","Early"
"Mac-Cycling","Epithelia","SPP1","ITGAV_ITGB5",0.0274271470872478,0,"SPP1_ITGAV_ITGB5","SPP1 - (ITGAV+ITGB5)","SPP1","Secreted Signaling","PMID: 21907263","Early"
"Mac-FOLR2-LYVE1-resident","Epithelia","SPP1","ITGAV_ITGB5",0.0106776622660097,0,"SPP1_ITGAV_ITGB5","SPP1 - (ITGAV+ITGB5)","SPP1","Secreted Signaling","PMID: 21907263","Early"
"Mac-NUPR1-IGF2-stress","Epithelia","SPP1","ITGAV_ITGB5",0.0182784536151994,0,"SPP1_ITGAV_ITGB5","SPP1 - (ITGAV+ITGB5)","SPP1","Secreted Signaling","PMID: 21907263","Early"
"Mac-OLFML3-CX3CR1-resident","Epithelia","SPP1","ITGAV_ITGB5",0.0212015233542607,0,"SPP1_ITGAV_ITGB5","SPP1 - (ITGAV+ITGB5)","SPP1","Secreted Signaling","PMID: 21907263","Early"
"Mac-TNF-CCL4-inflammatory","Epithelia","SPP1","ITGAV_ITGB5",0.0292574337339807,0,"SPP1_ITGAV_ITGB5","SPP1 - (ITGAV+ITGB5)","SPP1","Secreted Signaling","PMID: 21907263","Early"
"Mono-FCN1-S100A8-S100A9","Epithelia","SPP1","ITGAV_ITGB5",0.0014620773547082,0,"SPP1_ITGAV_ITGB5","SPP1 - (ITGAV+ITGB5)","SPP1","Secreted Signaling","PMID: 21907263","Early"
"Myeloid-CLEC10A-APC","Epithelia","SPP1","ITGAV_ITGB5",0.021593899752087,0,"SPP1_ITGAV_ITGB5","SPP1 - (ITGAV+ITGB5)","SPP1","Secreted Signaling","PMID: 21907263","Early"
"C6-SLC2A1-like","Epithelia","RETN","CAP1",0.00496626006812455,0,"RETN_CAP1","RETN - CAP1","RESISTIN","Secreted Signaling","PMID: 30809105","Early"
"C7-APOBEC3A-like","Epithelia","RETN","CAP1",0.0257568468076881,0,"RETN_CAP1","RETN - CAP1","RESISTIN","Secreted Signaling","PMID: 30809105","Early"
"Mono-FCN1-S100A8-S100A9","Epithelia","RETN","CAP1",0.0193743057549837,0,"RETN_CAP1","RETN - CAP1","RESISTIN","Secreted Signaling","PMID: 30809105","Early"
"Myeloid-CLEC10A-APC","Epithelia","RETN","CAP1",0.00312427293939301,0,"RETN_CAP1","RETN - CAP1","RESISTIN","Secreted Signaling","PMID: 30809105","Early"
"Epithelia","C6-SLC2A1-like","NAMPT","ITGA5_ITGB1",0.0125155421048034,0,"NAMPT_ITGA5_ITGB1","NAMPT - (ITGA5+ITGB1)","VISFATIN","Secreted Signaling","PMID: 28490838","Early"
"Epithelia","C7-APOBEC3A-like","NAMPT","ITGA5_ITGB1",0.0102886822878852,0,"NAMPT_ITGA5_ITGB1","NAMPT - (ITGA5+ITGB1)","VISFATIN","Secreted Signaling","PMID: 28490838","Early"
"Epithelia","Mac-Cycling","NAMPT","ITGA5_ITGB1",0.00532488300079434,0,"NAMPT_ITGA5_ITGB1","NAMPT - (ITGA5+ITGB1)","VISFATIN","Secreted Signaling","PMID: 28490838","Early"
"Epithelia","Mac-OLFML3-CX3CR1-resident","NAMPT","ITGA5_ITGB1",0.00506891698086277,0,"NAMPT_ITGA5_ITGB1","NAMPT - (ITGA5+ITGB1)","VISFATIN","Secreted Signaling","PMID: 28490838","Early"
"Epithelia","Myeloid-CLEC10A-APC","NAMPT","ITGA5_ITGB1",0.00603817794857194,0,"NAMPT_ITGA5_ITGB1","NAMPT - (ITGA5+ITGB1)","VISFATIN","Secreted Signaling","PMID: 28490838","Early"
"C6-SLC2A1-like","Epithelia","ANGPTL4","SDC2",4.16463279141269e-05,0,"ANGPTL4_SDC2","ANGPTL4 - SDC2","ANGPTL","Secreted Signaling","PMID: 29017031","Early"
"C6-SLC2A1-like","Epithelia","ANGPTL4","SDC3",0.000210795238123641,0,"ANGPTL4_SDC3","ANGPTL4 - SDC3","ANGPTL","Secreted Signaling","PMID: 29017031","Early"
"C6-SLC2A1-like","Epithelia","ANGPTL4","SDC4",0.00122783768002,0,"ANGPTL4_SDC4","ANGPTL4 - SDC4","ANGPTL","Secreted Signaling","PMID: 29017031","Early"
"C7-APOBEC3A-like","Epithelia","MDK","SDC2",8.21992846517341e-05,0,"MDK_SDC2","MDK - SDC2","MK","Secreted Signaling","PMID: 28356350","Early"
"Mac-Cycling","Epithelia","MDK","SDC2",9.15245699865237e-05,0,"MDK_SDC2","MDK - SDC2","MK","Secreted Signaling","PMID: 28356350","Early"
"Mac-OLFML3-CX3CR1-resident","Epithelia","MDK","SDC2",7.06471910341933e-05,0,"MDK_SDC2","MDK - SDC2","MK","Secreted Signaling","PMID: 28356350","Early"
"Epithelia","C6-SLC2A1-like","MDK","SDC4",0.00576018194820653,0,"MDK_SDC4","MDK - SDC4","MK","Secreted Signaling","PMID: 28356350","Early"
"C7-APOBEC3A-like","Epithelia","MDK","SDC4",0.0024206439692843,0,"MDK_SDC4","MDK - SDC4","MK","Secreted Signaling","PMID: 28356350","Early"
"Mac-Cycling","Epithelia","MDK","SDC4",0.00269454455059853,0,"MDK_SDC4","MDK - SDC4","MK","Secreted Signaling","PMID: 28356350","Early"
"Mac-OLFML3-CX3CR1-resident","Epithelia","MDK","SDC4",0.0020811363741972,0,"MDK_SDC4","MDK - SDC4","MK","Secreted Signaling","PMID: 28356350","Early"
"Epithelia","C7-APOBEC3A-like","MDK","ITGA4_ITGB1",0.0253700905784506,0,"MDK_ITGA4_ITGB1","MDK - (ITGA4+ITGB1)","MK","Secreted Signaling","PMID: 28356350","Early"
"Epithelia","Mac-Cycling","MDK","ITGA4_ITGB1",0.0207018686649171,0,"MDK_ITGA4_ITGB1","MDK - (ITGA4+ITGB1)","MK","Secreted Signaling","PMID: 28356350","Early"
"Epithelia","Mac-OLFML3-CX3CR1-resident","MDK","ITGA4_ITGB1",0.0175703611627043,0,"MDK_ITGA4_ITGB1","MDK - (ITGA4+ITGB1)","MK","Secreted Signaling","PMID: 28356350","Early"
"Epithelia","Mac-TNF-CCL4-inflammatory","MDK","ITGA4_ITGB1",0.0108548175646777,0,"MDK_ITGA4_ITGB1","MDK - (ITGA4+ITGB1)","MK","Secreted Signaling","PMID: 28356350","Early"
"Epithelia","Myeloid-CLEC10A-APC","MDK","ITGA4_ITGB1",0.0116412305884693,0,"MDK_ITGA4_ITGB1","MDK - (ITGA4+ITGB1)","MK","Secreted Signaling","PMID: 28356350","Early"
"C7-APOBEC3A-like","Epithelia","MDK","ITGA6_ITGB1",0.000651931638549176,0,"MDK_ITGA6_ITGB1","MDK - (ITGA6+ITGB1)","MK","Secreted Signaling","PMID: 28356350","Early"
"Mac-Cycling","Epithelia","MDK","ITGA6_ITGB1",0.000725844591746688,0,"MDK_ITGA6_ITGB1","MDK - (ITGA6+ITGB1)","MK","Secreted Signaling","PMID: 28356350","Early"
"Mac-OLFML3-CX3CR1-resident","Epithelia","MDK","ITGA6_ITGB1",0.000560355574202763,0,"MDK_ITGA6_ITGB1","MDK - (ITGA6+ITGB1)","MK","Secreted Signaling","PMID: 28356350","Early"
"Epithelia","C6-SLC2A1-like","MDK","LRP1",0.0316432103546249,0,"MDK_LRP1","MDK - LRP1","MK","Secreted Signaling","PMID: 28356350","Early"
"Epithelia","C7-APOBEC3A-like","MDK","LRP1",0.0473666765196813,0,"MDK_LRP1","MDK - LRP1","MK","Secreted Signaling","PMID: 28356350","Early"
"Epithelia","Mac-Cycling","MDK","LRP1",0.0332095880835246,0,"MDK_LRP1","MDK - LRP1","MK","Secreted Signaling","PMID: 28356350","Early"
"Epithelia","Mac-FOLR2-LYVE1-resident","MDK","LRP1",0.0152266722004331,0,"MDK_LRP1","MDK - LRP1","MK","Secreted Signaling","PMID: 28356350","Early"
"Epithelia","Mac-OLFML3-CX3CR1-resident","MDK","LRP1",0.037819885927143,0,"MDK_LRP1","MDK - LRP1","MK","Secreted Signaling","PMID: 28356350","Early"
"Epithelia","Mac-TNF-CCL4-inflammatory","MDK","LRP1",0.0238415672422059,0,"MDK_LRP1","MDK - LRP1","MK","Secreted Signaling","PMID: 28356350","Early"
"Epithelia","Mono-FCN1-S100A8-S100A9","MDK","LRP1",0.0340863700151505,0,"MDK_LRP1","MDK - LRP1","MK","Secreted Signaling","PMID: 28356350","Early"
"Epithelia","Myeloid-CLEC10A-APC","MDK","LRP1",0.0283545720294044,0,"MDK_LRP1","MDK - LRP1","MK","Secreted Signaling","PMID: 28356350","Early"
"Epithelia","C6-SLC2A1-like","MDK","NCL",0.0305018937445546,0,"MDK_NCL","MDK - NCL","MK","Secreted Signaling","PMID: 28356350","Early"
"Epithelia","C7-APOBEC3A-like","MDK","NCL",0.037627699844242,0,"MDK_NCL","MDK - NCL","MK","Secreted Signaling","PMID: 28356350","Early"
"Epithelia","Mac-Cycling","MDK","NCL",0.058584381620211,0,"MDK_NCL","MDK - NCL","MK","Secreted Signaling","PMID: 28356350","Early"
"Epithelia","Mac-FOLR2-LYVE1-resident","MDK","NCL",0.00748734429680611,0,"MDK_NCL","MDK - NCL","MK","Secreted Signaling","PMID: 28356350","Early"
"Epithelia","Mac-OLFML3-CX3CR1-resident","MDK","NCL",0.0417201331063949,0,"MDK_NCL","MDK - NCL","MK","Secreted Signaling","PMID: 28356350","Early"
"Epithelia","Mac-TNF-CCL4-inflammatory","MDK","NCL",0.0102833174847579,0,"MDK_NCL","MDK - NCL","MK","Secreted Signaling","PMID: 28356350","Early"
"Epithelia","Mono-FCN1-S100A8-S100A9","MDK","NCL",0.00704169254341572,0,"MDK_NCL","MDK - NCL","MK","Secreted Signaling","PMID: 28356350","Early"
"Epithelia","Myeloid-CLEC10A-APC","MDK","NCL",0.0417576008880904,0,"MDK_NCL","MDK - NCL","MK","Secreted Signaling","PMID: 28356350","Early"
"Epithelia","C6-SLC2A1-like","PTN","SDC3",0.00137114302917505,0,"PTN_SDC3","PTN - SDC3","PTN","Secreted Signaling","PMID: 28356350; PMID: 25620911","Early"
"Epithelia","C7-APOBEC3A-like","PTN","SDC3",0.00412419500060287,0,"PTN_SDC3","PTN - SDC3","PTN","Secreted Signaling","PMID: 28356350; PMID: 25620911","Early"
"Epithelia","Mac-Cycling","PTN","SDC3",0.00108781294240133,0,"PTN_SDC3","PTN - SDC3","PTN","Secreted Signaling","PMID: 28356350; PMID: 25620911","Early"
"Epithelia","Mac-FOLR2-LYVE1-resident","PTN","SDC3",0.00256542115833086,0,"PTN_SDC3","PTN - SDC3","PTN","Secreted Signaling","PMID: 28356350; PMID: 25620911","Early"
"Epithelia","Mac-OLFML3-CX3CR1-resident","PTN","SDC3",0.00115301153928911,0,"PTN_SDC3","PTN - SDC3","PTN","Secreted Signaling","PMID: 28356350; PMID: 25620911","Early"
"Epithelia","Mac-TNF-CCL4-inflammatory","PTN","SDC3",0.000987172542691942,0,"PTN_SDC3","PTN - SDC3","PTN","Secreted Signaling","PMID: 28356350; PMID: 25620911","Early"
"Epithelia","C6-SLC2A1-like","PTN","SDC4",0.000769219876505028,0,"PTN_SDC4","PTN - SDC4","PTN","Secreted Signaling","PMID: 28356350; PMID: 25620911","Early"
"Epithelia","C6-SLC2A1-like","PTN","NCL",0.00416301270326015,0,"PTN_NCL","PTN - NCL","PTN","Secreted Signaling","PMID: 28356350; PMID: 25620911","Early"
"Epithelia","C7-APOBEC3A-like","PTN","NCL",0.00516837224134051,0,"PTN_NCL","PTN - NCL","PTN","Secreted Signaling","PMID: 28356350; PMID: 25620911","Early"
"Epithelia","Mac-Cycling","PTN","NCL",0.00820094287422318,0,"PTN_NCL","PTN - NCL","PTN","Secreted Signaling","PMID: 28356350; PMID: 25620911","Early"
"Epithelia","Mac-FOLR2-LYVE1-resident","PTN","NCL",0.00100137394319587,0,"PTN_NCL","PTN - NCL","PTN","Secreted Signaling","PMID: 28356350; PMID: 25620911","Early"
"Epithelia","Mac-OLFML3-CX3CR1-resident","PTN","NCL",0.0057515893582307,0,"PTN_NCL","PTN - NCL","PTN","Secreted Signaling","PMID: 28356350; PMID: 25620911","Early"
"Epithelia","Mac-TNF-CCL4-inflammatory","PTN","NCL",0.00137867795989369,0,"PTN_NCL","PTN - NCL","PTN","Secreted Signaling","PMID: 28356350; PMID: 25620911","Early"
"Epithelia","Mono-FCN1-S100A8-S100A9","PTN","NCL",0.000941405324082419,0,"PTN_NCL","PTN - NCL","PTN","Secreted Signaling","PMID: 28356350; PMID: 25620911","Early"
"Epithelia","Myeloid-CLEC10A-APC","PTN","NCL",0.0057569487727518,0,"PTN_NCL","PTN - NCL","PTN","Secreted Signaling","PMID: 28356350; PMID: 25620911","Early"
"Epithelia","C6-SLC2A1-like","C3","C3AR1",0.0102239436822625,0,"C3_C3AR1","C3 - C3AR1","COMPLEMENT","Secreted Signaling","KEGG: hsa04080","Early"
"Epithelia","C7-APOBEC3A-like","C3","C3AR1",0.0246564343260906,0,"C3_C3AR1","C3 - C3AR1","COMPLEMENT","Secreted Signaling","KEGG: hsa04080","Early"
"Epithelia","Mac-Cycling","C3","C3AR1",0.00589507016174068,0,"C3_C3AR1","C3 - C3AR1","COMPLEMENT","Secreted Signaling","KEGG: hsa04080","Early"
"Epithelia","Mac-OLFML3-CX3CR1-resident","C3","C3AR1",0.0144636265438397,0,"C3_C3AR1","C3 - C3AR1","COMPLEMENT","Secreted Signaling","KEGG: hsa04080","Early"
"Epithelia","Mac-TNF-CCL4-inflammatory","C3","C3AR1",0.00339240014275594,0,"C3_C3AR1","C3 - C3AR1","COMPLEMENT","Secreted Signaling","KEGG: hsa04080","Early"
"Epithelia","Mono-FCN1-S100A8-S100A9","C3","C3AR1",0.00350745643966416,0,"C3_C3AR1","C3 - C3AR1","COMPLEMENT","Secreted Signaling","KEGG: hsa04080","Early"
"Epithelia","Myeloid-CLEC10A-APC","C3","C3AR1",0.0111944965520553,0,"C3_C3AR1","C3 - C3AR1","COMPLEMENT","Secreted Signaling","KEGG: hsa04080","Early"
"Epithelia","C6-SLC2A1-like","C3","ITGAM_ITGB2",0.0189330840473352,0,"C3_ITGAM_ITGB2","C3 - (ITGAM+ITGB2)","COMPLEMENT","Secreted Signaling","PMID: 16234578","Early"
"Epithelia","C7-APOBEC3A-like","C3","ITGAM_ITGB2",0.0245420088615604,0,"C3_ITGAM_ITGB2","C3 - (ITGAM+ITGB2)","COMPLEMENT","Secreted Signaling","PMID: 16234578","Early"
"Epithelia","Mac-Cycling","C3","ITGAM_ITGB2",0.0199258965520778,0,"C3_ITGAM_ITGB2","C3 - (ITGAM+ITGB2)","COMPLEMENT","Secreted Signaling","PMID: 16234578","Early"
"Epithelia","Mac-OLFML3-CX3CR1-resident","C3","ITGAM_ITGB2",0.0123789395165993,0,"C3_ITGAM_ITGB2","C3 - (ITGAM+ITGB2)","COMPLEMENT","Secreted Signaling","PMID: 16234578","Early"
"Epithelia","Mac-TNF-CCL4-inflammatory","C3","ITGAM_ITGB2",0.0138778484458413,0,"C3_ITGAM_ITGB2","C3 - (ITGAM+ITGB2)","COMPLEMENT","Secreted Signaling","PMID: 16234578","Early"
"Epithelia","Mono-FCN1-S100A8-S100A9","C3","ITGAM_ITGB2",0.012979056142358,0,"C3_ITGAM_ITGB2","C3 - (ITGAM+ITGB2)","COMPLEMENT","Secreted Signaling","PMID: 16234578","Early"
"Epithelia","Myeloid-CLEC10A-APC","C3","ITGAM_ITGB2",0.0199951762763976,0,"C3_ITGAM_ITGB2","C3 - (ITGAM+ITGB2)","COMPLEMENT","Secreted Signaling","PMID: 16234578","Early"
"Epithelia","C6-SLC2A1-like","C3","ITGAX_ITGB2",0.0197411397089108,0,"C3_ITGAX_ITGB2","C3 - (ITGAX+ITGB2)","COMPLEMENT","Secreted Signaling","PMID: 16234578","Early"
"Epithelia","C7-APOBEC3A-like","C3","ITGAX_ITGB2",0.0192965968080361,0,"C3_ITGAX_ITGB2","C3 - (ITGAX+ITGB2)","COMPLEMENT","Secreted Signaling","PMID: 16234578","Early"
"Epithelia","Mac-Cycling","C3","ITGAX_ITGB2",0.0141602445712974,0,"C3_ITGAX_ITGB2","C3 - (ITGAX+ITGB2)","COMPLEMENT","Secreted Signaling","PMID: 16234578","Early"
"Epithelia","Mac-FOLR2-LYVE1-resident","C3","ITGAX_ITGB2",0.0112119004589548,0,"C3_ITGAX_ITGB2","C3 - (ITGAX+ITGB2)","COMPLEMENT","Secreted Signaling","PMID: 16234578","Early"
"Epithelia","Mac-OLFML3-CX3CR1-resident","C3","ITGAX_ITGB2",0.0226566360891426,0,"C3_ITGAX_ITGB2","C3 - (ITGAX+ITGB2)","COMPLEMENT","Secreted Signaling","PMID: 16234578","Early"
"Epithelia","Mac-TNF-CCL4-inflammatory","C3","ITGAX_ITGB2",0.0169974258886761,0,"C3_ITGAX_ITGB2","C3 - (ITGAX+ITGB2)","COMPLEMENT","Secreted Signaling","PMID: 16234578","Early"
"Epithelia","Mono-FCN1-S100A8-S100A9","C3","ITGAX_ITGB2",0.0139850423108603,0,"C3_ITGAX_ITGB2","C3 - (ITGAX+ITGB2)","COMPLEMENT","Secreted Signaling","PMID: 16234578","Early"
"Epithelia","Myeloid-CLEC10A-APC","C3","ITGAX_ITGB2",0.0131916985648182,0,"C3_ITGAX_ITGB2","C3 - (ITGAX+ITGB2)","COMPLEMENT","Secreted Signaling","PMID: 16234578","Early"
"Epithelia","C7-APOBEC3A-like","SEMA3B","NRP1_PLXNA3",0.000333027818201588,0,"SEMA3B_NRP1_PLXNA3","SEMA3B - (NRP1+PLXNA3)","SEMA3","Secreted Signaling","PMID: 27533782","Early"
"Epithelia","C7-APOBEC3A-like","SEMA3B","NRP2_PLXNA3",0.000258650642821336,0,"SEMA3B_NRP2_PLXNA3","SEMA3B - (NRP2+PLXNA3)","SEMA3","Secreted Signaling","PMID: 27533782","Early"
"C6-SLC2A1-like","Epithelia","SEMA3C","NRP2_PLXNA1",0.000404267501902942,0,"SEMA3C_NRP2_PLXNA1","SEMA3C - (NRP2+PLXNA1)","SEMA3","Secreted Signaling","PMID: 27533782","Early"
"C6-SLC2A1-like","Epithelia","SEMA3C","NRP2_PLXNA2",0.000603488627108493,0,"SEMA3C_NRP2_PLXNA2","SEMA3C - (NRP2+PLXNA2)","SEMA3","Secreted Signaling","PMID: 27533782","Early"
"C6-SLC2A1-like","Epithelia","SEMA3C","NRP2_PLXNA3",0.000685631243414027,0,"SEMA3C_NRP2_PLXNA3","SEMA3C - (NRP2+PLXNA3)","SEMA3","Secreted Signaling","PMID: 27533782","Early"
"Epithelia","C7-APOBEC3A-like","SEMA3F","NRP2_PLXNA3",0.000314045509638671,0,"SEMA3F_NRP2_PLXNA3","SEMA3F - (NRP2+PLXNA3)","SEMA3","Secreted Signaling","PMID: 27533782","Early"
"Epithelia","C7-APOBEC3A-like","ANXA1","FPR2",0.00124160199157193,0,"ANXA1_FPR2","ANXA1 - FPR2","ANNEXIN","Secreted Signaling","PMID: 23230437","Early"
"Epithelia","C6-SLC2A1-like","ANXA1","FPR1",0.00384242027580632,0,"ANXA1_FPR1","ANXA1 - FPR1","ANNEXIN","Secreted Signaling","PMID: 23230437","Early"
"Epithelia","C7-APOBEC3A-like","ANXA1","FPR1",0.0183954485965989,0,"ANXA1_FPR1","ANXA1 - FPR1","ANNEXIN","Secreted Signaling","PMID: 23230437","Early"
"Epithelia","Mac-Cycling","ANXA1","FPR1",0.00519122484572943,0,"ANXA1_FPR1","ANXA1 - FPR1","ANNEXIN","Secreted Signaling","PMID: 23230437","Early"
"Epithelia","Mac-OLFML3-CX3CR1-resident","ANXA1","FPR1",0.00829220688335081,0,"ANXA1_FPR1","ANXA1 - FPR1","ANNEXIN","Secreted Signaling","PMID: 23230437","Early"
"Epithelia","Mono-FCN1-S100A8-S100A9","ANXA1","FPR1",0.0300301917074325,0,"ANXA1_FPR1","ANXA1 - FPR1","ANNEXIN","Secreted Signaling","PMID: 23230437","Early"
"Epithelia","Myeloid-CLEC10A-APC","ANXA1","FPR1",0.0240929047757723,0,"ANXA1_FPR1","ANXA1 - FPR1","ANNEXIN","Secreted Signaling","PMID: 23230437","Early"
"Epithelia","C6-SLC2A1-like","GAS6","AXL",0.00427783804038377,0,"GAS6_AXL","GAS6 - AXL","GAS","Secreted Signaling","PMID: 27801848","Early"
"Epithelia","C7-APOBEC3A-like","GAS6","AXL",0.024708081412473,0,"GAS6_AXL","GAS6 - AXL","GAS","Secreted Signaling","PMID: 27801848","Early"
"Epithelia","Mac-Cycling","GAS6","AXL",0.0165323180278671,0,"GAS6_AXL","GAS6 - AXL","GAS","Secreted Signaling","PMID: 27801848","Early"
"Epithelia","Mac-OLFML3-CX3CR1-resident","GAS6","AXL",0.00690706404714577,0,"GAS6_AXL","GAS6 - AXL","GAS","Secreted Signaling","PMID: 27801848","Early"
"Epithelia","C6-SLC2A1-like","GAS6","MERTK",0.00429668359246021,0,"GAS6_MERTK","GAS6 - MERTK","GAS","Secreted Signaling","PMID: 27801848","Early"
"Epithelia","C7-APOBEC3A-like","GAS6","MERTK",0.0111999976766561,0,"GAS6_MERTK","GAS6 - MERTK","GAS","Secreted Signaling","PMID: 27801848","Early"
"Epithelia","Mac-Cycling","GAS6","MERTK",0.00506081578019565,0,"GAS6_MERTK","GAS6 - MERTK","GAS","Secreted Signaling","PMID: 27801848","Early"
"Epithelia","Mac-OLFML3-CX3CR1-resident","GAS6","MERTK",0.00793691522388661,0,"GAS6_MERTK","GAS6 - MERTK","GAS","Secreted Signaling","PMID: 27801848","Early"
"Epithelia","Mac-TNF-CCL4-inflammatory","GAS6","MERTK",0.0082136316057186,0,"GAS6_MERTK","GAS6 - MERTK","GAS","Secreted Signaling","PMID: 27801848","Early"
"Epithelia","Myeloid-CLEC10A-APC","GAS6","MERTK",0.00296795541017087,0,"GAS6_MERTK","GAS6 - MERTK","GAS","Secreted Signaling","PMID: 27801848","Early"
"Epithelia","C6-SLC2A1-like","GRN","SORT1",0.00114473004660259,0.01,"GRN_SORT1","GRN - SORT1","GRN","Secreted Signaling","PMID: 29555433","Early"
"C6-SLC2A1-like","Epithelia","GRN","SORT1",0.0278409567077126,0,"GRN_SORT1","GRN - SORT1","GRN","Secreted Signaling","PMID: 29555433","Early"
"C7-APOBEC3A-like","Epithelia","GRN","SORT1",0.0332351804658688,0,"GRN_SORT1","GRN - SORT1","GRN","Secreted Signaling","PMID: 29555433","Early"
"Mac-Cycling","Epithelia","GRN","SORT1",0.0309547675969547,0,"GRN_SORT1","GRN - SORT1","GRN","Secreted Signaling","PMID: 29555433","Early"
"Mac-FOLR2-LYVE1-resident","Epithelia","GRN","SORT1",0.0221326130474855,0,"GRN_SORT1","GRN - SORT1","GRN","Secreted Signaling","PMID: 29555433","Early"
"Mac-NUPR1-IGF2-stress","Epithelia","GRN","SORT1",0.00539290127584466,0,"GRN_SORT1","GRN - SORT1","GRN","Secreted Signaling","PMID: 29555433","Early"
"Mac-OLFML3-CX3CR1-resident","Epithelia","GRN","SORT1",0.0292898347057609,0,"GRN_SORT1","GRN - SORT1","GRN","Secreted Signaling","PMID: 29555433","Early"
"Mac-TNF-CCL4-inflammatory","Epithelia","GRN","SORT1",0.0257549780868734,0,"GRN_SORT1","GRN - SORT1","GRN","Secreted Signaling","PMID: 29555433","Early"
"Mono-FCN1-S100A8-S100A9","Epithelia","GRN","SORT1",0.0166061505119027,0,"GRN_SORT1","GRN - SORT1","GRN","Secreted Signaling","PMID: 29555433","Early"
"Myeloid-CLEC10A-APC","Epithelia","GRN","SORT1",0.0245581068873162,0,"GRN_SORT1","GRN - SORT1","GRN","Secreted Signaling","PMID: 29555433","Early"
"Epithelia","C7-APOBEC3A-like","SAA1","FPR2",0.000111771319146512,0,"SAA1_FPR2","SAA1 - FPR2","SAA","Secreted Signaling","PMID: 22610094","Early"
"Epithelia","C6-SLC2A1-like","LGALS9","HAVCR2",0.00347412758112575,0,"LGALS9_HAVCR2","LGALS9 - HAVCR2","GALECTIN","Secreted Signaling","PMID: 27192565","Early"
"Epithelia","C7-APOBEC3A-like","LGALS9","HAVCR2",0.0044313077018821,0.01,"LGALS9_HAVCR2","LGALS9 - HAVCR2","GALECTIN","Secreted Signaling","PMID: 27192565","Early"
"Epithelia","Mac-OLFML3-CX3CR1-resident","LGALS9","HAVCR2",0.00401747263147786,0,"LGALS9_HAVCR2","LGALS9 - HAVCR2","GALECTIN","Secreted Signaling","PMID: 27192565","Early"
"Epithelia","Mac-TNF-CCL4-inflammatory","LGALS9","HAVCR2",0.00470469312399339,0,"LGALS9_HAVCR2","LGALS9 - HAVCR2","GALECTIN","Secreted Signaling","PMID: 27192565","Early"
"Epithelia","Mono-FCN1-S100A8-S100A9","LGALS9","CD44",0.0094690674278199,0.01,"LGALS9_CD44","LGALS9 - CD44","GALECTIN","Secreted Signaling","PMID: 25065622","Early"
"Epithelia","Myeloid-CLEC10A-APC","LGALS9","CD44",0.00947022580623014,0.02,"LGALS9_CD44","LGALS9 - CD44","GALECTIN","Secreted Signaling","PMID: 25065622","Early"
"Epithelia","C7-APOBEC3A-like","ANXA1","FPR2_LXA4",0.00698941089330961,0,"ANXA1_FPR2_LXA4","ANXA1 - (FPR2+LXA4)","ANNEXIN","Secreted Signaling","PMID: 22610094","Early"
"Epithelia","C6-SLC2A1-like","ANXA1","FPR3",0.0370759213460666,0,"ANXA1_FPR3","ANXA1 - FPR3","ANNEXIN","Secreted Signaling","PMID: 33082511","Early"
"Epithelia","C7-APOBEC3A-like","ANXA1","FPR3",0.038324795632358,0,"ANXA1_FPR3","ANXA1 - FPR3","ANNEXIN","Secreted Signaling","PMID: 33082511","Early"
"Epithelia","Mac-Cycling","ANXA1","FPR3",0.0195859543193556,0,"ANXA1_FPR3","ANXA1 - FPR3","ANNEXIN","Secreted Signaling","PMID: 33082511","Early"
"Epithelia","Mac-FOLR2-LYVE1-resident","ANXA1","FPR3",0.0100025308603793,0,"ANXA1_FPR3","ANXA1 - FPR3","ANNEXIN","Secreted Signaling","PMID: 33082511","Early"
"Epithelia","Mac-OLFML3-CX3CR1-resident","ANXA1","FPR3",0.00714316330310829,0,"ANXA1_FPR3","ANXA1 - FPR3","ANNEXIN","Secreted Signaling","PMID: 33082511","Early"
"Epithelia","Mac-TNF-CCL4-inflammatory","ANXA1","FPR3",0.0104906131834349,0,"ANXA1_FPR3","ANXA1 - FPR3","ANNEXIN","Secreted Signaling","PMID: 33082511","Early"
"Epithelia","Myeloid-CLEC10A-APC","ANXA1","FPR3",0.0359406306462293,0,"ANXA1_FPR3","ANXA1 - FPR3","ANNEXIN","Secreted Signaling","PMID: 33082511","Early"
"C6-SLC2A1-like","Epithelia","LGALS9","P4HB",0.0280065752331819,0,"LGALS9_P4HB","LGALS9 - P4HB","GALECTIN","Secreted Signaling","PMID:21670307;uniprot","Early"
"C7-APOBEC3A-like","Epithelia","LGALS9","P4HB",0.0364912036025078,0,"LGALS9_P4HB","LGALS9 - P4HB","GALECTIN","Secreted Signaling","PMID:21670307;uniprot","Early"
"Mac-Cycling","Epithelia","LGALS9","P4HB",0.0366916080535994,0,"LGALS9_P4HB","LGALS9 - P4HB","GALECTIN","Secreted Signaling","PMID:21670307;uniprot","Early"
"Mac-FOLR2-LYVE1-resident","Epithelia","LGALS9","P4HB",0.0111257253757337,0,"LGALS9_P4HB","LGALS9 - P4HB","GALECTIN","Secreted Signaling","PMID:21670307;uniprot","Early"
"Mac-OLFML3-CX3CR1-resident","Epithelia","LGALS9","P4HB",0.0293501338999666,0,"LGALS9_P4HB","LGALS9 - P4HB","GALECTIN","Secreted Signaling","PMID:21670307;uniprot","Early"
"Mono-FCN1-S100A8-S100A9","Epithelia","LGALS9","P4HB",0.00876605166879647,0.01,"LGALS9_P4HB","LGALS9 - P4HB","GALECTIN","Secreted Signaling","PMID:21670307;uniprot","Early"
"Myeloid-CLEC10A-APC","Epithelia","LGALS9","P4HB",0.0180808475455309,0,"LGALS9_P4HB","LGALS9 - P4HB","GALECTIN","Secreted Signaling","PMID:21670307;uniprot","Early"
"Mono-FCN1-S100A8-S100A9","Epithelia","NRG1","ITGA6_ITGB4",0.000829121128743636,0,"NRG1_INTEGRIN_A6B4_COMPLEX","NRG1 - (ITGA6+ITGB4)","NRG","Secreted Signaling","PMID: 20682778","Early"
"Epithelia","C6-SLC2A1-like","PPIA","BSG",0.0681212520799306,0,"PPIA_BSG","PPIA - BSG","CypA","Secreted Signaling","PMID: 36012604","Early"
"Epithelia","C7-APOBEC3A-like","PPIA","BSG",0.0543988641847328,0.02,"PPIA_BSG","PPIA - BSG","CypA","Secreted Signaling","PMID: 36012604","Early"
"C6-SLC2A1-like","Epithelia","PPIA","BSG",0.0497417069704503,0,"PPIA_BSG","PPIA - BSG","CypA","Secreted Signaling","PMID: 36012604","Early"
"C7-APOBEC3A-like","Epithelia","PPIA","BSG",0.041047348462601,0.03,"PPIA_BSG","PPIA - BSG","CypA","Secreted Signaling","PMID: 36012604","Early"
"Mac-Cycling","Epithelia","PPIA","BSG",0.0631647346348066,0,"PPIA_BSG","PPIA - BSG","CypA","Secreted Signaling","PMID: 36012604","Early"
"Mac-OLFML3-CX3CR1-resident","Epithelia","PPIA","BSG",0.0535088556985491,0,"PPIA_BSG","PPIA - BSG","CypA","Secreted Signaling","PMID: 36012604","Early"
"Mono-FCN1-S100A8-S100A9","Epithelia","PPIA","BSG",0.0401295930586129,0.01,"PPIA_BSG","PPIA - BSG","CypA","Secreted Signaling","PMID: 36012604","Early"
"Myeloid-CLEC10A-APC","Epithelia","PPIA","BSG",0.0516341361001908,0,"PPIA_BSG","PPIA - BSG","CypA","Secreted Signaling","PMID: 36012604","Early"
"Epithelia","Mac-Cycling","PPIA","BSG",0.0703662769869454,0,"PPIA_BSG","PPIA - BSG","CypA","Secreted Signaling","PMID: 36012604","Early"
"Epithelia","Mac-OLFML3-CX3CR1-resident","PPIA","BSG",0.0456001257836322,0.04,"PPIA_BSG","PPIA - BSG","CypA","Secreted Signaling","PMID: 36012604","Early"
"Epithelia","Myeloid-CLEC10A-APC","PPIA","BSG",0.049132949290095,0,"PPIA_BSG","PPIA - BSG","CypA","Secreted Signaling","PMID: 36012604","Early"
"C6-SLC2A1-like","Epithelia","PLAU","PLAUR",0.000541733150596714,0,"PLAU_PLAUR","PLAU - PLAUR","PLAU","Secreted Signaling","uniprot","Early"
"C7-APOBEC3A-like","Epithelia","PLAU","PLAUR",0.000291528496604717,0,"PLAU_PLAUR","PLAU - PLAUR","PLAU","Secreted Signaling","uniprot","Early"
"Mac-Cycling","Epithelia","PLAU","PLAUR",0.00110073245129613,0,"PLAU_PLAUR","PLAU - PLAUR","PLAU","Secreted Signaling","uniprot","Early"
"Mac-OLFML3-CX3CR1-resident","Epithelia","PLAU","PLAUR",0.000403403122651633,0,"PLAU_PLAUR","PLAU - PLAUR","PLAU","Secreted Signaling","uniprot","Early"
"Mac-TNF-CCL4-inflammatory","Epithelia","PLAU","PLAUR",0.000445453003348601,0,"PLAU_PLAUR","PLAU - PLAUR","PLAU","Secreted Signaling","uniprot","Early"
"Myeloid-CLEC10A-APC","Epithelia","PLAU","PLAUR",0.000131253990483053,0,"PLAU_PLAUR","PLAU - PLAUR","PLAU","Secreted Signaling","uniprot","Early"
"C6-SLC2A1-like","Epithelia","FN1","ITGA3_ITGB1",0.0343202648469743,0,"FN1_ITGA3_ITGB1","FN1 - (ITGA3+ITGB1)","FN1","ECM-Receptor","KEGG: hsa04512","Early"
"C7-APOBEC3A-like","Epithelia","FN1","ITGA3_ITGB1",0.0374663192544223,0,"FN1_ITGA3_ITGB1","FN1 - (ITGA3+ITGB1)","FN1","ECM-Receptor","KEGG: hsa04512","Early"
"Mac-Cycling","Epithelia","FN1","ITGA3_ITGB1",0.0218197747840069,0,"FN1_ITGA3_ITGB1","FN1 - (ITGA3+ITGB1)","FN1","ECM-Receptor","KEGG: hsa04512","Early"
"Mac-FOLR2-LYVE1-resident","Epithelia","FN1","ITGA3_ITGB1",0.00704407688997289,0,"FN1_ITGA3_ITGB1","FN1 - (ITGA3+ITGB1)","FN1","ECM-Receptor","KEGG: hsa04512","Early"
"Mac-OLFML3-CX3CR1-resident","Epithelia","FN1","ITGA3_ITGB1",0.0190184368452122,0,"FN1_ITGA3_ITGB1","FN1 - (ITGA3+ITGB1)","FN1","ECM-Receptor","KEGG: hsa04512","Early"
"Mac-TNF-CCL4-inflammatory","Epithelia","FN1","ITGA3_ITGB1",0.00477127806349882,0,"FN1_ITGA3_ITGB1","FN1 - (ITGA3+ITGB1)","FN1","ECM-Receptor","KEGG: hsa04512","Early"
"Myeloid-CLEC10A-APC","Epithelia","FN1","ITGA3_ITGB1",0.0332827412468846,0,"FN1_ITGA3_ITGB1","FN1 - (ITGA3+ITGB1)","FN1","ECM-Receptor","KEGG: hsa04512","Early"
"C6-SLC2A1-like","Epithelia","FN1","ITGAV_ITGB1",0.0336253218354383,0,"FN1_ITGAV_ITGB1","FN1 - (ITGAV+ITGB1)","FN1","ECM-Receptor","KEGG: hsa04512","Early"
"C7-APOBEC3A-like","Epithelia","FN1","ITGAV_ITGB1",0.0367100942057261,0,"FN1_ITGAV_ITGB1","FN1 - (ITGAV+ITGB1)","FN1","ECM-Receptor","KEGG: hsa04512","Early"
"Mac-Cycling","Epithelia","FN1","ITGAV_ITGB1",0.021372349249329,0,"FN1_ITGAV_ITGB1","FN1 - (ITGAV+ITGB1)","FN1","ECM-Receptor","KEGG: hsa04512","Early"
"Mac-FOLR2-LYVE1-resident","Epithelia","FN1","ITGAV_ITGB1",0.00689749808266283,0,"FN1_ITGAV_ITGB1","FN1 - (ITGAV+ITGB1)","FN1","ECM-Receptor","KEGG: hsa04512","Early"
"Mac-OLFML3-CX3CR1-resident","Epithelia","FN1","ITGAV_ITGB1",0.0186273602871033,0,"FN1_ITGAV_ITGB1","FN1 - (ITGAV+ITGB1)","FN1","ECM-Receptor","KEGG: hsa04512","Early"
"Mac-TNF-CCL4-inflammatory","Epithelia","FN1","ITGAV_ITGB1",0.004671770963711,0,"FN1_ITGAV_ITGB1","FN1 - (ITGAV+ITGB1)","FN1","ECM-Receptor","KEGG: hsa04512","Early"
"Myeloid-CLEC10A-APC","Epithelia","FN1","ITGAV_ITGB1",0.0326080974116855,0,"FN1_ITGAV_ITGB1","FN1 - (ITGAV+ITGB1)","FN1","ECM-Receptor","KEGG: hsa04512","Early"
"C6-SLC2A1-like","Epithelia","FN1","ITGAV_ITGB8",0.0360492801931175,0,"FN1_ITGAV_ITGB8","FN1 - (ITGAV+ITGB8)","FN1","ECM-Receptor","KEGG: hsa04512","Early"
"C7-APOBEC3A-like","Epithelia","FN1","ITGAV_ITGB8",0.0393473712065835,0,"FN1_ITGAV_ITGB8","FN1 - (ITGAV+ITGB8)","FN1","ECM-Receptor","KEGG: hsa04512","Early"
"Mac-Cycling","Epithelia","FN1","ITGAV_ITGB8",0.0229339860775966,0,"FN1_ITGAV_ITGB8","FN1 - (ITGAV+ITGB8)","FN1","ECM-Receptor","KEGG: hsa04512","Early"
"Mac-FOLR2-LYVE1-resident","Epithelia","FN1","ITGAV_ITGB8",0.00740949291631122,0,"FN1_ITGAV_ITGB8","FN1 - (ITGAV+ITGB8)","FN1","ECM-Receptor","KEGG: hsa04512","Early"
"Mac-OLFML3-CX3CR1-resident","Epithelia","FN1","ITGAV_ITGB8",0.019992523499078,0,"FN1_ITGAV_ITGB8","FN1 - (ITGAV+ITGB8)","FN1","ECM-Receptor","KEGG: hsa04512","Early"
"Mac-TNF-CCL4-inflammatory","Epithelia","FN1","ITGAV_ITGB8",0.00501938718519796,0,"FN1_ITGAV_ITGB8","FN1 - (ITGAV+ITGB8)","FN1","ECM-Receptor","KEGG: hsa04512","Early"
"Myeloid-CLEC10A-APC","Epithelia","FN1","ITGAV_ITGB8",0.0349613797018879,0,"FN1_ITGAV_ITGB8","FN1 - (ITGAV+ITGB8)","FN1","ECM-Receptor","KEGG: hsa04512","Early"
"C6-SLC2A1-like","Epithelia","FN1","CD44",0.00969947189050965,0,"FN1_CD44","FN1 - CD44","FN1","ECM-Receptor","KEGG: hsa04512","Early"
"C7-APOBEC3A-like","Epithelia","FN1","CD44",0.0106134036604547,0.02,"FN1_CD44","FN1 - CD44","FN1","ECM-Receptor","KEGG: hsa04512","Early"
"Mac-Cycling","Epithelia","FN1","CD44",0.00610988898811133,0,"FN1_CD44","FN1 - CD44","FN1","ECM-Receptor","KEGG: hsa04512","Early"
"Mac-FOLR2-LYVE1-resident","Epithelia","FN1","CD44",0.0019512344015341,0.01,"FN1_CD44","FN1 - CD44","FN1","ECM-Receptor","KEGG: hsa04512","Early"
"Mac-OLFML3-CX3CR1-resident","Epithelia","FN1","CD44",0.0053145111317309,0.01,"FN1_CD44","FN1 - CD44","FN1","ECM-Receptor","KEGG: hsa04512","Early"
"Myeloid-CLEC10A-APC","Epithelia","FN1","CD44",0.00939900630966726,0,"FN1_CD44","FN1 - CD44","FN1","ECM-Receptor","KEGG: hsa04512","Early"
"Epithelia","C6-SLC2A1-like","COL4A2","CD44",0.00434836688255821,0,"COL4A2_CD44","COL4A2 - CD44","COLLAGEN","ECM-Receptor","KEGG: hsa04512","Early"
"Epithelia","C7-APOBEC3A-like","COL4A2","CD44",0.00382748197178406,0,"COL4A2_CD44","COL4A2 - CD44","COLLAGEN","ECM-Receptor","KEGG: hsa04512","Early"
"Epithelia","Mac-Cycling","COL4A2","CD44",0.00303589477226759,0,"COL4A2_CD44","COL4A2 - CD44","COLLAGEN","ECM-Receptor","KEGG: hsa04512","Early"
"Epithelia","Mac-FOLR2-LYVE1-resident","COL4A2","CD44",0.000910091260612228,0,"COL4A2_CD44","COL4A2 - CD44","COLLAGEN","ECM-Receptor","KEGG: hsa04512","Early"
"Epithelia","Mac-OLFML3-CX3CR1-resident","COL4A2","CD44",0.00284428082700242,0,"COL4A2_CD44","COL4A2 - CD44","COLLAGEN","ECM-Receptor","KEGG: hsa04512","Early"
"Epithelia","Mac-TNF-CCL4-inflammatory","COL4A2","CD44",0.00356970341859381,0,"COL4A2_CD44","COL4A2 - CD44","COLLAGEN","ECM-Receptor","KEGG: hsa04512","Early"
"Epithelia","Mono-FCN1-S100A8-S100A9","COL4A2","CD44",0.00525530876528094,0,"COL4A2_CD44","COL4A2 - CD44","COLLAGEN","ECM-Receptor","KEGG: hsa04512","Early"
"Epithelia","Myeloid-CLEC10A-APC","COL4A2","CD44",0.00525595439765094,0,"COL4A2_CD44","COL4A2 - CD44","COLLAGEN","ECM-Receptor","KEGG: hsa04512","Early"
"Epithelia","C6-SLC2A1-like","COL6A1","CD44",0.006139773587681,0,"COL6A1_CD44","COL6A1 - CD44","COLLAGEN","ECM-Receptor","KEGG: hsa04512","Early"
"Epithelia","C7-APOBEC3A-like","COL6A1","CD44",0.00540546354748281,0,"COL6A1_CD44","COL6A1 - CD44","COLLAGEN","ECM-Receptor","KEGG: hsa04512","Early"
"Epithelia","Mac-Cycling","COL6A1","CD44",0.00428892848456304,0,"COL6A1_CD44","COL6A1 - CD44","COLLAGEN","ECM-Receptor","KEGG: hsa04512","Early"
"Epithelia","Mac-FOLR2-LYVE1-resident","COL6A1","CD44",0.00128685440732293,0,"COL6A1_CD44","COL6A1 - CD44","COLLAGEN","ECM-Receptor","KEGG: hsa04512","Early"
"Epithelia","Mac-OLFML3-CX3CR1-resident","COL6A1","CD44",0.00401854667511326,0,"COL6A1_CD44","COL6A1 - CD44","COLLAGEN","ECM-Receptor","KEGG: hsa04512","Early"
"Epithelia","Mac-TNF-CCL4-inflammatory","COL6A1","CD44",0.00504194680432628,0,"COL6A1_CD44","COL6A1 - CD44","COLLAGEN","ECM-Receptor","KEGG: hsa04512","Early"
"Epithelia","Mono-FCN1-S100A8-S100A9","COL6A1","CD44",0.00741756683758677,0,"COL6A1_CD44","COL6A1 - CD44","COLLAGEN","ECM-Receptor","KEGG: hsa04512","Early"
"Epithelia","Myeloid-CLEC10A-APC","COL6A1","CD44",0.00741847612957848,0,"COL6A1_CD44","COL6A1 - CD44","COLLAGEN","ECM-Receptor","KEGG: hsa04512","Early"
"Epithelia","C6-SLC2A1-like","COL9A2","CD44",0.00222189434135919,0,"COL9A2_CD44","COL9A2 - CD44","COLLAGEN","ECM-Receptor","KEGG: hsa04512","Early"
"Epithelia","C7-APOBEC3A-like","COL9A2","CD44",0.00195523643548819,0,"COL9A2_CD44","COL9A2 - CD44","COLLAGEN","ECM-Receptor","KEGG: hsa04512","Early"
"Epithelia","Mac-Cycling","COL9A2","CD44",0.00155025829923248,0,"COL9A2_CD44","COL9A2 - CD44","COLLAGEN","ECM-Receptor","KEGG: hsa04512","Early"
"Epithelia","Mac-FOLR2-LYVE1-resident","COL9A2","CD44",0.000464247280766076,0,"COL9A2_CD44","COL9A2 - CD44","COLLAGEN","ECM-Receptor","KEGG: hsa04512","Early"
"Epithelia","Mac-OLFML3-CX3CR1-resident","COL9A2","CD44",0.00145227539553439,0,"COL9A2_CD44","COL9A2 - CD44","COLLAGEN","ECM-Receptor","KEGG: hsa04512","Early"
"Epithelia","Mac-TNF-CCL4-inflammatory","COL9A2","CD44",0.00182332167157447,0,"COL9A2_CD44","COL9A2 - CD44","COLLAGEN","ECM-Receptor","KEGG: hsa04512","Early"
"Epithelia","Mono-FCN1-S100A8-S100A9","COL9A2","CD44",0.00268651310376928,0,"COL9A2_CD44","COL9A2 - CD44","COLLAGEN","ECM-Receptor","KEGG: hsa04512","Early"
"Epithelia","Myeloid-CLEC10A-APC","COL9A2","CD44",0.00268684400335413,0,"COL9A2_CD44","COL9A2 - CD44","COLLAGEN","ECM-Receptor","KEGG: hsa04512","Early"
"Epithelia","C6-SLC2A1-like","LAMA3","CD44",0.0073547013832413,0,"LAMA3_CD44","LAMA3 - CD44","LAMININ","ECM-Receptor","KEGG: hsa04512","Early"
"Epithelia","C7-APOBEC3A-like","LAMA3","CD44",0.00647603414713586,0,"LAMA3_CD44","LAMA3 - CD44","LAMININ","ECM-Receptor","KEGG: hsa04512","Early"
"Epithelia","Mac-Cycling","LAMA3","CD44",0.00513950817933958,0,"LAMA3_CD44","LAMA3 - CD44","LAMININ","ECM-Receptor","KEGG: hsa04512","Early"
"Epithelia","Mac-FOLR2-LYVE1-resident","LAMA3","CD44",0.00154298579852252,0,"LAMA3_CD44","LAMA3 - CD44","LAMININ","ECM-Receptor","KEGG: hsa04512","Early"
"Epithelia","Mac-OLFML3-CX3CR1-resident","LAMA3","CD44",0.00481576363098938,0,"LAMA3_CD44","LAMA3 - CD44","LAMININ","ECM-Receptor","KEGG: hsa04512","Early"
"Epithelia","Mac-TNF-CCL4-inflammatory","LAMA3","CD44",0.00604095895294813,0,"LAMA3_CD44","LAMA3 - CD44","LAMININ","ECM-Receptor","KEGG: hsa04512","Early"
"Epithelia","Mono-FCN1-S100A8-S100A9","LAMA3","CD44",0.00888308221413554,0,"LAMA3_CD44","LAMA3 - CD44","LAMININ","ECM-Receptor","KEGG: hsa04512","Early"
"Epithelia","Myeloid-CLEC10A-APC","LAMA3","CD44",0.00888416955023169,0,"LAMA3_CD44","LAMA3 - CD44","LAMININ","ECM-Receptor","KEGG: hsa04512","Early"
"Epithelia","C6-SLC2A1-like","LAMA5","CD44",0.0317563945458457,0,"LAMA5_CD44","LAMA5 - CD44","LAMININ","ECM-Receptor","KEGG: hsa04512","Early"
"Epithelia","C7-APOBEC3A-like","LAMA5","CD44",0.0280448175899043,0,"LAMA5_CD44","LAMA5 - CD44","LAMININ","ECM-Receptor","KEGG: hsa04512","Early"
"Epithelia","Mac-Cycling","LAMA5","CD44",0.0223570877147134,0,"LAMA5_CD44","LAMA5 - CD44","LAMININ","ECM-Receptor","KEGG: hsa04512","Early"
"Epithelia","Mac-FOLR2-LYVE1-resident","LAMA5","CD44",0.00679434099438484,0,"LAMA5_CD44","LAMA5 - CD44","LAMININ","ECM-Receptor","KEGG: hsa04512","Early"
"Epithelia","Mac-OLFML3-CX3CR1-resident","LAMA5","CD44",0.0209716471028416,0,"LAMA5_CD44","LAMA5 - CD44","LAMININ","ECM-Receptor","KEGG: hsa04512","Early"
"Epithelia","Mac-TNF-CCL4-inflammatory","LAMA5","CD44",0.0261989115984307,0,"LAMA5_CD44","LAMA5 - CD44","LAMININ","ECM-Receptor","KEGG: hsa04512","Early"
"Epithelia","Mono-FCN1-S100A8-S100A9","LAMA5","CD44",0.0381607486083261,0,"LAMA5_CD44","LAMA5 - CD44","LAMININ","ECM-Receptor","KEGG: hsa04512","Early"
"Epithelia","Myeloid-CLEC10A-APC","LAMA5","CD44",0.0381652816848032,0,"LAMA5_CD44","LAMA5 - CD44","LAMININ","ECM-Receptor","KEGG: hsa04512","Early"
"Epithelia","C6-SLC2A1-like","LAMB2","CD44",0.00714765799959398,0,"LAMB2_CD44","LAMB2 - CD44","LAMININ","ECM-Receptor","KEGG: hsa04512","Early"
"Epithelia","C7-APOBEC3A-like","LAMB2","CD44",0.00629356943839654,0,"LAMB2_CD44","LAMB2 - CD44","LAMININ","ECM-Receptor","KEGG: hsa04512","Early"
"Epithelia","Mac-Cycling","LAMB2","CD44",0.00499451128980582,0,"LAMB2_CD44","LAMB2 - CD44","LAMININ","ECM-Receptor","KEGG: hsa04512","Early"
"Epithelia","Mac-FOLR2-LYVE1-resident","LAMB2","CD44",0.00149930184366626,0,"LAMB2_CD44","LAMB2 - CD44","LAMININ","ECM-Receptor","KEGG: hsa04512","Early"
"Epithelia","Mac-OLFML3-CX3CR1-resident","LAMB2","CD44",0.0046798573264601,0,"LAMB2_CD44","LAMB2 - CD44","LAMININ","ECM-Receptor","KEGG: hsa04512","Early"
"Epithelia","Mac-TNF-CCL4-inflammatory","LAMB2","CD44",0.0058706802178963,0,"LAMB2_CD44","LAMB2 - CD44","LAMININ","ECM-Receptor","KEGG: hsa04512","Early"
"Epithelia","Mono-FCN1-S100A8-S100A9","LAMB2","CD44",0.0086333873451527,0,"LAMB2_CD44","LAMB2 - CD44","LAMININ","ECM-Receptor","KEGG: hsa04512","Early"
"Epithelia","Myeloid-CLEC10A-APC","LAMB2","CD44",0.00863444438354862,0,"LAMB2_CD44","LAMB2 - CD44","LAMININ","ECM-Receptor","KEGG: hsa04512","Early"
"Epithelia","C6-SLC2A1-like","LAMB3","CD44",0.00978273657948354,0,"LAMB3_CD44","LAMB3 - CD44","LAMININ","ECM-Receptor","KEGG: hsa04512","Early"
"Epithelia","C7-APOBEC3A-like","LAMB3","CD44",0.0086165096043162,0,"LAMB3_CD44","LAMB3 - CD44","LAMININ","ECM-Receptor","KEGG: hsa04512","Early"
"Epithelia","Mac-Cycling","LAMB3","CD44",0.00684127348256514,0,"LAMB3_CD44","LAMB3 - CD44","LAMININ","ECM-Receptor","KEGG: hsa04512","Early"
"Epithelia","Mac-FOLR2-LYVE1-resident","LAMB3","CD44",0.00205635213549003,0,"LAMB3_CD44","LAMB3 - CD44","LAMININ","ECM-Receptor","KEGG: hsa04512","Early"
"Epithelia","Mac-OLFML3-CX3CR1-resident","LAMB3","CD44",0.00641102323326894,0,"LAMB3_CD44","LAMB3 - CD44","LAMININ","ECM-Receptor","KEGG: hsa04512","Early"
"Epithelia","Mac-TNF-CCL4-inflammatory","LAMB3","CD44",0.00803879576966039,0,"LAMB3_CD44","LAMB3 - CD44","LAMININ","ECM-Receptor","KEGG: hsa04512","Early"
"Epithelia","Mono-FCN1-S100A8-S100A9","LAMB3","CD44",0.0118096845517973,0,"LAMB3_CD44","LAMB3 - CD44","LAMININ","ECM-Receptor","KEGG: hsa04512","Early"
"Epithelia","Myeloid-CLEC10A-APC","LAMB3","CD44",0.0118111258504089,0,"LAMB3_CD44","LAMB3 - CD44","LAMININ","ECM-Receptor","KEGG: hsa04512","Early"
"Epithelia","C6-SLC2A1-like","LAMC1","CD44",0.0266568211702766,0,"LAMC1_CD44","LAMC1 - CD44","LAMININ","ECM-Receptor","KEGG: hsa04512","Early"
"Epithelia","C7-APOBEC3A-like","LAMC1","CD44",0.0235267822663744,0,"LAMC1_CD44","LAMC1 - CD44","LAMININ","ECM-Receptor","KEGG: hsa04512","Early"
"Epithelia","Mac-Cycling","LAMC1","CD44",0.0187376840843186,0,"LAMC1_CD44","LAMC1 - CD44","LAMININ","ECM-Receptor","KEGG: hsa04512","Early"
"Epithelia","Mac-FOLR2-LYVE1-resident","LAMC1","CD44",0.00567976346260555,0,"LAMC1_CD44","LAMC1 - CD44","LAMININ","ECM-Receptor","KEGG: hsa04512","Early"
"Epithelia","Mac-OLFML3-CX3CR1-resident","LAMC1","CD44",0.0175725018976655,0,"LAMC1_CD44","LAMC1 - CD44","LAMININ","ECM-Receptor","KEGG: hsa04512","Early"
"Epithelia","Mac-TNF-CCL4-inflammatory","LAMC1","CD44",0.0219715303885113,0,"LAMC1_CD44","LAMC1 - CD44","LAMININ","ECM-Receptor","KEGG: hsa04512","Early"
"Epithelia","Mono-FCN1-S100A8-S100A9","LAMC1","CD44",0.032066797867138,0,"LAMC1_CD44","LAMC1 - CD44","LAMININ","ECM-Receptor","KEGG: hsa04512","Early"
"Epithelia","Myeloid-CLEC10A-APC","LAMC1","CD44",0.0320706311862339,0,"LAMC1_CD44","LAMC1 - CD44","LAMININ","ECM-Receptor","KEGG: hsa04512","Early"
"Epithelia","C6-SLC2A1-like","LAMC2","CD44",0.00804669549736713,0,"LAMC2_CD44","LAMC2 - CD44","LAMININ","ECM-Receptor","KEGG: hsa04512","Early"
"Epithelia","C7-APOBEC3A-like","LAMC2","CD44",0.00708594577876838,0,"LAMC2_CD44","LAMC2 - CD44","LAMININ","ECM-Receptor","KEGG: hsa04512","Early"
"Epithelia","Mac-Cycling","LAMC2","CD44",0.00562425861738069,0,"LAMC2_CD44","LAMC2 - CD44","LAMININ","ECM-Receptor","KEGG: hsa04512","Early"
"Epithelia","Mac-FOLR2-LYVE1-resident","LAMC2","CD44",0.00168909375695714,0,"LAMC2_CD44","LAMC2 - CD44","LAMININ","ECM-Receptor","KEGG: hsa04512","Early"
"Epithelia","Mac-OLFML3-CX3CR1-resident","LAMC2","CD44",0.00527014074101916,0,"LAMC2_CD44","LAMC2 - CD44","LAMININ","ECM-Receptor","KEGG: hsa04512","Early"
"Epithelia","Mac-TNF-CCL4-inflammatory","LAMC2","CD44",0.00661016790681638,0,"LAMC2_CD44","LAMC2 - CD44","LAMININ","ECM-Receptor","KEGG: hsa04512","Early"
"Epithelia","Mono-FCN1-S100A8-S100A9","LAMC2","CD44",0.00971747189832662,0,"LAMC2_CD44","LAMC2 - CD44","LAMININ","ECM-Receptor","KEGG: hsa04512","Early"
"Epithelia","Myeloid-CLEC10A-APC","LAMC2","CD44",0.00971866036662005,0,"LAMC2_CD44","LAMC2 - CD44","LAMININ","ECM-Receptor","KEGG: hsa04512","Early"
"Epithelia","C6-SLC2A1-like","COL4A2","SDC4",0.000336535112757684,0,"COL4A2_SDC4","COL4A2 - SDC4","COLLAGEN","ECM-Receptor","KEGG: hsa04512","Early"
"Epithelia","C6-SLC2A1-like","COL6A1","SDC4",0.000475968355929019,0,"COL6A1_SDC4","COL6A1 - SDC4","COLLAGEN","ECM-Receptor","KEGG: hsa04512","Early"
"Epithelia","C6-SLC2A1-like","COL9A2","SDC4",0.000171621892444748,0,"COL9A2_SDC4","COL9A2 - SDC4","COLLAGEN","ECM-Receptor","KEGG: hsa04512","Early"
"C6-SLC2A1-like","Epithelia","FN1","SDC4",0.0649863386525159,0,"FN1_SDC4","FN1 - SDC4","FN1","ECM-Receptor","KEGG: hsa04512","Early"
"C7-APOBEC3A-like","Epithelia","FN1","SDC4",0.0707375604429195,0,"FN1_SDC4","FN1 - SDC4","FN1","ECM-Receptor","KEGG: hsa04512","Early"
"Mac-Cycling","Epithelia","FN1","SDC4",0.0417998035355764,0,"FN1_SDC4","FN1 - SDC4","FN1","ECM-Receptor","KEGG: hsa04512","Early"
"Mac-FOLR2-LYVE1-resident","Epithelia","FN1","SDC4",0.0136834943843375,0,"FN1_SDC4","FN1 - SDC4","FN1","ECM-Receptor","KEGG: hsa04512","Early"
"Mac-OLFML3-CX3CR1-resident","Epithelia","FN1","SDC4",0.0365291164998502,0,"FN1_SDC4","FN1 - SDC4","FN1","ECM-Receptor","KEGG: hsa04512","Early"
"Mac-TNF-CCL4-inflammatory","Epithelia","FN1","SDC4",0.00928850096043681,0,"FN1_SDC4","FN1 - SDC4","FN1","ECM-Receptor","KEGG: hsa04512","Early"
"Myeloid-CLEC10A-APC","Epithelia","FN1","SDC4",0.0630823191801284,0,"FN1_SDC4","FN1 - SDC4","FN1","ECM-Receptor","KEGG: hsa04512","Early"
"Epithelia","C6-SLC2A1-like","THBS1","SDC4",6.77759259893858e-05,0,"THBS1_SDC4","THBS1 - SDC4","THBS","ECM-Receptor","KEGG: hsa04512","Early"
"Epithelia","C6-SLC2A1-like","THBS3","SDC4",0.000269005152598504,0,"THBS3_SDC4","THBS3 - SDC4","THBS","ECM-Receptor","KEGG: hsa04512","Early"
"Epithelia","C6-SLC2A1-like","THBS1","CD36",5.2431784253238e-05,0,"THBS1_CD36","THBS1 - CD36","THBS","ECM-Receptor","KEGG: hsa04512","Early"
"Epithelia","C7-APOBEC3A-like","THBS1","CD36",7.71390657373486e-05,0,"THBS1_CD36","THBS1 - CD36","THBS","ECM-Receptor","KEGG: hsa04512","Early"
"Epithelia","Mono-FCN1-S100A8-S100A9","THBS1","CD36",0.000173082124301928,0,"THBS1_CD36","THBS1 - CD36","THBS","ECM-Receptor","KEGG: hsa04512","Early"
"Epithelia","Myeloid-CLEC10A-APC","THBS1","CD36",0.00016841303370825,0,"THBS1_CD36","THBS1 - CD36","THBS","ECM-Receptor","KEGG: hsa04512","Early"
"Epithelia","C6-SLC2A1-like","THBS3","CD36",0.000208113169250136,0,"THBS3_CD36","THBS3 - CD36","THBS","ECM-Receptor","KEGG: hsa04512","Early"
"Epithelia","C7-APOBEC3A-like","THBS3","CD36",0.00030615928829915,0,"THBS3_CD36","THBS3 - CD36","THBS","ECM-Receptor","KEGG: hsa04512","Early"
"Epithelia","Mono-FCN1-S100A8-S100A9","THBS3","CD36",0.000686754607828551,0,"THBS3_CD36","THBS3 - CD36","THBS","ECM-Receptor","KEGG: hsa04512","Early"
"Epithelia","Myeloid-CLEC10A-APC","THBS3","CD36",0.000668237868884698,0,"THBS3_CD36","THBS3 - CD36","THBS","ECM-Receptor","KEGG: hsa04512","Early"
"Epithelia","C6-SLC2A1-like","THBS1","CD47",0.00033316409654978,0,"THBS1_CD47","THBS1 - CD47","THBS","ECM-Receptor","KEGG: hsa04512","Early"
"Epithelia","C7-APOBEC3A-like","THBS1","CD47",0.000501635284064426,0,"THBS1_CD47","THBS1 - CD47","THBS","ECM-Receptor","KEGG: hsa04512","Early"
"Epithelia","Mac-Cycling","THBS1","CD47",0.000306949754086244,0,"THBS1_CD47","THBS1 - CD47","THBS","ECM-Receptor","KEGG: hsa04512","Early"
"Epithelia","Mac-FOLR2-LYVE1-resident","THBS1","CD47",3.42249280231903e-05,0,"THBS1_CD47","THBS1 - CD47","THBS","ECM-Receptor","KEGG: hsa04512","Early"
"Epithelia","Mac-OLFML3-CX3CR1-resident","THBS1","CD47",0.000115127422426186,0,"THBS1_CD47","THBS1 - CD47","THBS","ECM-Receptor","KEGG: hsa04512","Early"
"Epithelia","Mac-TNF-CCL4-inflammatory","THBS1","CD47",9.02856168811274e-05,0,"THBS1_CD47","THBS1 - CD47","THBS","ECM-Receptor","KEGG: hsa04512","Early"
"Epithelia","Myeloid-CLEC10A-APC","THBS1","CD47",9.40443183573164e-05,0,"THBS1_CD47","THBS1 - CD47","THBS","ECM-Receptor","KEGG: hsa04512","Early"
"Epithelia","C6-SLC2A1-like","THBS3","CD47",0.00132129941507357,0,"THBS3_CD47","THBS3 - CD47","THBS","ECM-Receptor","KEGG: hsa04512","Early"
"Epithelia","C7-APOBEC3A-like","THBS3","CD47",0.00198844738218819,0,"THBS3_CD47","THBS3 - CD47","THBS","ECM-Receptor","KEGG: hsa04512","Early"
"Epithelia","Mac-Cycling","THBS3","CD47",0.00121743033155766,0,"THBS3_CD47","THBS3 - CD47","THBS","ECM-Receptor","KEGG: hsa04512","Early"
"Epithelia","Mac-FOLR2-LYVE1-resident","THBS3","CD47",0.000135853536790494,0,"THBS3_CD47","THBS3 - CD47","THBS","ECM-Receptor","KEGG: hsa04512","Early"
"Epithelia","Mac-OLFML3-CX3CR1-resident","THBS3","CD47",0.000456880753753969,0,"THBS3_CD47","THBS3 - CD47","THBS","ECM-Receptor","KEGG: hsa04512","Early"
"Epithelia","Mac-TNF-CCL4-inflammatory","THBS3","CD47",0.000358322997722572,0,"THBS3_CD47","THBS3 - CD47","THBS","ECM-Receptor","KEGG: hsa04512","Early"
"Epithelia","Myeloid-CLEC10A-APC","THBS3","CD47",0.000373236260408082,0,"THBS3_CD47","THBS3 - CD47","THBS","ECM-Receptor","KEGG: hsa04512","Early"
"Mac-Cycling","Epithelia","AGRN","DAG1",0.00111812921864188,0,"AGRN_DAG1","AGRN - DAG1","AGRN","ECM-Receptor","KEGG: hsa04512","Early"
"Epithelia","C7-APOBEC3A-like","LTB4-LTA4H","LTB4R",0.000406689475976909,0,"LTB4-LTA4H_LTB4R1","LTB4-LTA4H - LTB4R","CysLTs","Non-protein Signaling","PMID:33753496","Early"
"Epithelia","Mac-OLFML3-CX3CR1-resident","LTB4-LTA4H","LTB4R",0.000178250016438894,0,"LTB4-LTA4H_LTB4R1","LTB4-LTA4H - LTB4R","CysLTs","Non-protein Signaling","PMID:33753496","Early"
"Epithelia","C7-APOBEC3A-like","PGE2-PTGES2","PTGER2",9.40738776442171e-05,0,"PGE2-PTGES2_PTGER2","PGE2-PTGES2 - PTGER2","Prostaglandin","Non-protein Signaling","PMID: 34949672;PMID: 21508345","Early"
"Epithelia","C7-APOBEC3A-like","PGE2-PTGES3","PTGER2",0.000703106588649468,0.01,"PGE2-PTGES3_PTGER2","PGE2-PTGES3 - PTGER2","Prostaglandin","Non-protein Signaling","PMID: 34949672;PMID: 21508345","Early"
"Epithelia","C6-SLC2A1-like","PGE2-PTGES2","PTGER4",0.00189646199963369,0,"PGE2-PTGES2_PTGER4","PGE2-PTGES2 - PTGER4","Prostaglandin","Non-protein Signaling","PMID: 34949672;PMID: 21508345","Early"
"Epithelia","C7-APOBEC3A-like","PGE2-PTGES2","PTGER4",0.00220349769939551,0,"PGE2-PTGES2_PTGER4","PGE2-PTGES2 - PTGER4","Prostaglandin","Non-protein Signaling","PMID: 34949672;PMID: 21508345","Early"
"Epithelia","Mac-Cycling","PGE2-PTGES2","PTGER4",0.00314869763158574,0,"PGE2-PTGES2_PTGER4","PGE2-PTGES2 - PTGER4","Prostaglandin","Non-protein Signaling","PMID: 34949672;PMID: 21508345","Early"
"Epithelia","Mac-FOLR2-LYVE1-resident","PGE2-PTGES2","PTGER4",0.000300478656335973,0.01,"PGE2-PTGES2_PTGER4","PGE2-PTGES2 - PTGER4","Prostaglandin","Non-protein Signaling","PMID: 34949672;PMID: 21508345","Early"
"Epithelia","Mac-OLFML3-CX3CR1-resident","PGE2-PTGES2","PTGER4",0.00351338101815544,0,"PGE2-PTGES2_PTGER4","PGE2-PTGES2 - PTGER4","Prostaglandin","Non-protein Signaling","PMID: 34949672;PMID: 21508345","Early"
"Epithelia","Mac-TNF-CCL4-inflammatory","PGE2-PTGES2","PTGER4",0.00510755069810937,0,"PGE2-PTGES2_PTGER4","PGE2-PTGES2 - PTGER4","Prostaglandin","Non-protein Signaling","PMID: 34949672;PMID: 21508345","Early"
"Epithelia","Myeloid-CLEC10A-APC","PGE2-PTGES2","PTGER4",0.00311161148906884,0,"PGE2-PTGES2_PTGER4","PGE2-PTGES2 - PTGER4","Prostaglandin","Non-protein Signaling","PMID: 34949672;PMID: 21508345","Early"
"Epithelia","C6-SLC2A1-like","PGE2-PTGES3","PTGER4",0.014010625088201,0,"PGE2-PTGES3_PTGER4","PGE2-PTGES3 - PTGER4","Prostaglandin","Non-protein Signaling","PMID: 34949672;PMID: 21508345","Early"
"Epithelia","C7-APOBEC3A-like","PGE2-PTGES3","PTGER4",0.0162470088511395,0,"PGE2-PTGES3_PTGER4","PGE2-PTGES3 - PTGER4","Prostaglandin","Non-protein Signaling","PMID: 34949672;PMID: 21508345","Early"
"Epithelia","Mac-Cycling","PGE2-PTGES3","PTGER4",0.0230769111441614,0,"PGE2-PTGES3_PTGER4","PGE2-PTGES3 - PTGER4","Prostaglandin","Non-protein Signaling","PMID: 34949672;PMID: 21508345","Early"
"Epithelia","Mac-OLFML3-CX3CR1-resident","PGE2-PTGES3","PTGER4",0.0256902052970435,0,"PGE2-PTGES3_PTGER4","PGE2-PTGES3 - PTGER4","Prostaglandin","Non-protein Signaling","PMID: 34949672;PMID: 21508345","Early"
"Epithelia","Mac-TNF-CCL4-inflammatory","PGE2-PTGES3","PTGER4",0.0369735780887011,0,"PGE2-PTGES3_PTGER4","PGE2-PTGES3 - PTGER4","Prostaglandin","Non-protein Signaling","PMID: 34949672;PMID: 21508345","Early"
"Epithelia","Myeloid-CLEC10A-APC","PGE2-PTGES3","PTGER4",0.0228104765287851,0,"PGE2-PTGES3_PTGER4","PGE2-PTGES3 - PTGER4","Prostaglandin","Non-protein Signaling","PMID: 34949672;PMID: 21508345","Early"
"Epithelia","C7-APOBEC3A-like","12oxoLTB4-PTGR1","LTB4R",0.000794205869482456,0,"12oxoLeukotrieneB4-12oxoLTB4-PTGR1_LTB4R1","12oxoLTB4-PTGR1 - LTB4R","12oxoLTB4","Non-protein Signaling","PMID: 33037399","Early"
"Epithelia","Mac-OLFML3-CX3CR1-resident","12oxoLTB4-PTGR1","LTB4R",0.000348172381680607,0,"12oxoLeukotrieneB4-12oxoLTB4-PTGR1_LTB4R1","12oxoLTB4-PTGR1 - LTB4R","12oxoLTB4","Non-protein Signaling","PMID: 33037399","Early"
"C7-APOBEC3A-like","Epithelia","RA-ALDH1A1","RARG_CRABP2",0.00185051618641693,0,"RetinoicAcid-RA-ALDH1A1_RARG_CRABP2","RA-ALDH1A1 - (RARG+CRABP2)","RA","Non-protein Signaling","uniprot;reactome","Early"
"C7-APOBEC3A-like","Epithelia","RA-ALDH1A1","RXRA_CRABP2",0.0014020175320955,0,"RetinoicAcid-RA-ALDH1A1_RXRA_CRABP2","RA-ALDH1A1 - (RXRA+CRABP2)","RA","Non-protein Signaling","uniprot;reactome","Early"
"C7-APOBEC3A-like","Epithelia","RA-ALDH1A1","RXRB_CRABP2",0.00158529304855314,0,"RetinoicAcid-RA-ALDH1A1_RXRB_CRABP2","RA-ALDH1A1 - (RXRB+CRABP2)","RA","Non-protein Signaling","uniprot;reactome","Early"
"Epithelia","C6-SLC2A1-like","Desmosterol-DHCR7","NR1H2",0.000391518790835119,0,"Desmosterol-Desmosterol-DHCR7_NR1H2","Desmosterol-DHCR7 - NR1H2","Desmosterol","Non-protein Signaling","HMRbase;uniprot","Early"
"Epithelia","C7-APOBEC3A-like","Desmosterol-DHCR7","NR1H2",0.000370630499776715,0,"Desmosterol-Desmosterol-DHCR7_NR1H2","Desmosterol-DHCR7 - NR1H2","Desmosterol","Non-protein Signaling","HMRbase;uniprot","Early"
"Epithelia","Mac-Cycling","Desmosterol-DHCR7","NR1H2",0.000856365443297959,0,"Desmosterol-Desmosterol-DHCR7_NR1H2","Desmosterol-DHCR7 - NR1H2","Desmosterol","Non-protein Signaling","HMRbase;uniprot","Early"
"Epithelia","Mac-OLFML3-CX3CR1-resident","Desmosterol-DHCR7","NR1H2",0.000195891269946768,0,"Desmosterol-Desmosterol-DHCR7_NR1H2","Desmosterol-DHCR7 - NR1H2","Desmosterol","Non-protein Signaling","HMRbase;uniprot","Early"
"Epithelia","Myeloid-CLEC10A-APC","Desmosterol-DHCR7","NR1H2",0.000189874402755519,0,"Desmosterol-Desmosterol-DHCR7_NR1H2","Desmosterol-DHCR7 - NR1H2","Desmosterol","Non-protein Signaling","HMRbase;uniprot","Early"
"Epithelia","C6-SLC2A1-like","Desmosterol-DHCR7","NR1H3",0.000716082439512379,0,"Desmosterol-Desmosterol-DHCR7_NR1H3","Desmosterol-DHCR7 - NR1H3","Desmosterol","Non-protein Signaling","HMRbase","Early"
"Epithelia","C7-APOBEC3A-like","Desmosterol-DHCR7","NR1H3",0.000408295849713801,0,"Desmosterol-Desmosterol-DHCR7_NR1H3","Desmosterol-DHCR7 - NR1H3","Desmosterol","Non-protein Signaling","HMRbase","Early"
"Epithelia","C6-SLC2A1-like","DHEAS-SULT2B","PPARD",0.000314794181578589,0,"DHEAsulfate-DHEAS-SULT2B_PPARD","DHEAS-SULT2B - PPARD","DHEAS","Non-protein Signaling","HMRbase","Early"
"Epithelia","C7-APOBEC3A-like","DHEAS-SULT2B","PPARD",0.0003433202359636,0,"DHEAsulfate-DHEAS-SULT2B_PPARD","DHEAS-SULT2B - PPARD","DHEAS","Non-protein Signaling","HMRbase","Early"
"Epithelia","Mac-Cycling","DHEAS-SULT2B","PPARD",0.000500203603263865,0,"DHEAsulfate-DHEAS-SULT2B_PPARD","DHEAS-SULT2B - PPARD","DHEAS","Non-protein Signaling","HMRbase","Early"
"Epithelia","Mac-OLFML3-CX3CR1-resident","DHEAS-SULT2B","PPARD",0.000247377801508022,0,"DHEAsulfate-DHEAS-SULT2B_PPARD","DHEAS-SULT2B - PPARD","DHEAS","Non-protein Signaling","HMRbase","Early"
"Epithelia","Mac-TNF-CCL4-inflammatory","DHEAS-SULT2B","PPARD",0.000640322641541897,0,"DHEAsulfate-DHEAS-SULT2B_PPARD","DHEAS-SULT2B - PPARD","DHEAS","Non-protein Signaling","HMRbase","Early"
"Epithelia","Myeloid-CLEC10A-APC","DHEAS-SULT2B","PPARD",0.000650144199716243,0,"DHEAsulfate-DHEAS-SULT2B_PPARD","DHEAS-SULT2B - PPARD","DHEAS","Non-protein Signaling","HMRbase","Early"
"Epithelia","C6-SLC2A1-like","APP","CD74",0.0756690837861829,0,"APP_CD74","APP - CD74","APP","Cell-Cell Contact","PMID: 19849849","Early"
"Epithelia","C7-APOBEC3A-like","APP","CD74",0.0846068766426096,0,"APP_CD74","APP - CD74","APP","Cell-Cell Contact","PMID: 19849849","Early"
"C6-SLC2A1-like","Epithelia","APP","CD74",0.0551494600747936,0,"APP_CD74","APP - CD74","APP","Cell-Cell Contact","PMID: 19849849","Early"
"C7-APOBEC3A-like","Epithelia","APP","CD74",0.0251950844415093,0.02,"APP_CD74","APP - CD74","APP","Cell-Cell Contact","PMID: 19849849","Early"
"Epithelia","Mac-Cycling","APP","CD74",0.0815796989799934,0,"APP_CD74","APP - CD74","APP","Cell-Cell Contact","PMID: 19849849","Early"
"Epithelia","Mac-FOLR2-LYVE1-resident","APP","CD74",0.088399539195505,0,"APP_CD74","APP - CD74","APP","Cell-Cell Contact","PMID: 19849849","Early"
"Epithelia","Mac-NUPR1-IGF2-stress","APP","CD74",0.0536101069278353,0,"APP_CD74","APP - CD74","APP","Cell-Cell Contact","PMID: 19849849","Early"
"Epithelia","Mac-OLFML3-CX3CR1-resident","APP","CD74",0.0883516747438171,0,"APP_CD74","APP - CD74","APP","Cell-Cell Contact","PMID: 19849849","Early"
"Epithelia","Mac-TNF-CCL4-inflammatory","APP","CD74",0.0799116998401102,0,"APP_CD74","APP - CD74","APP","Cell-Cell Contact","PMID: 19849849","Early"
"Epithelia","Mono-FCN1-S100A8-S100A9","APP","CD74",0.0658845366807978,0,"APP_CD74","APP - CD74","APP","Cell-Cell Contact","PMID: 19849849","Early"
"Epithelia","Myeloid-CLEC10A-APC","APP","CD74",0.0732224434186612,0,"APP_CD74","APP - CD74","APP","Cell-Cell Contact","PMID: 19849849","Early"
"Epithelia","C7-APOBEC3A-like","CADM1","CADM1",0.00152555116943259,0,"CADM1_CADM1","CADM1 - CADM1","CADM","Cell-Cell Contact","PMID: 24503895","Early"
"C7-APOBEC3A-like","Epithelia","CADM1","CADM1",0.00152555116943259,0,"CADM1_CADM1","CADM1 - CADM1","CADM","Cell-Cell Contact","PMID: 24503895","Early"
"Mac-Cycling","Epithelia","CADM1","CADM1",0.00233940305408949,0,"CADM1_CADM1","CADM1 - CADM1","CADM","Cell-Cell Contact","PMID: 24503895","Early"
"Mac-OLFML3-CX3CR1-resident","Epithelia","CADM1","CADM1",0.00257964240231406,0,"CADM1_CADM1","CADM1 - CADM1","CADM","Cell-Cell Contact","PMID: 24503895","Early"
"Mac-TNF-CCL4-inflammatory","Epithelia","CADM1","CADM1",0.0032620003782733,0,"CADM1_CADM1","CADM1 - CADM1","CADM","Cell-Cell Contact","PMID: 24503895","Early"
"Epithelia","Mac-Cycling","CADM1","CADM1",0.00233940305408949,0,"CADM1_CADM1","CADM1 - CADM1","CADM","Cell-Cell Contact","PMID: 24503895","Early"
"Epithelia","Mac-OLFML3-CX3CR1-resident","CADM1","CADM1",0.00257964240231406,0,"CADM1_CADM1","CADM1 - CADM1","CADM","Cell-Cell Contact","PMID: 24503895","Early"
"Epithelia","Mac-TNF-CCL4-inflammatory","CADM1","CADM1",0.0032620003782733,0,"CADM1_CADM1","CADM1 - CADM1","CADM","Cell-Cell Contact","PMID: 24503895","Early"
"C6-SLC2A1-like","Epithelia","CD46","JAG1",0.000737637850271427,0,"CD46_JAG1","CD46 - JAG1","CD46","Cell-Cell Contact","PMID: 23086448","Early"
"C7-APOBEC3A-like","Epithelia","CD46","JAG1",0.00120836209020373,0,"CD46_JAG1","CD46 - JAG1","CD46","Cell-Cell Contact","PMID: 23086448","Early"
"Mac-Cycling","Epithelia","CD46","JAG1",0.000813406997382318,0,"CD46_JAG1","CD46 - JAG1","CD46","Cell-Cell Contact","PMID: 23086448","Early"
"Mac-FOLR2-LYVE1-resident","Epithelia","CD46","JAG1",0.00026358578959788,0,"CD46_JAG1","CD46 - JAG1","CD46","Cell-Cell Contact","PMID: 23086448","Early"
"Mac-OLFML3-CX3CR1-resident","Epithelia","CD46","JAG1",0.00046866517349649,0,"CD46_JAG1","CD46 - JAG1","CD46","Cell-Cell Contact","PMID: 23086448","Early"
"Mac-TNF-CCL4-inflammatory","Epithelia","CD46","JAG1",0.000544320146060122,0,"CD46_JAG1","CD46 - JAG1","CD46","Cell-Cell Contact","PMID: 23086448","Early"
"Mono-FCN1-S100A8-S100A9","Epithelia","CD46","JAG1",0.000409365788773297,0,"CD46_JAG1","CD46 - JAG1","CD46","Cell-Cell Contact","PMID: 23086448","Early"
"Myeloid-CLEC10A-APC","Epithelia","CD46","JAG1",0.000359175280297126,0,"CD46_JAG1","CD46 - JAG1","CD46","Cell-Cell Contact","PMID: 23086448","Early"
"Epithelia","C6-SLC2A1-like","CD99","PILRA",0.0050502493739585,0,"CD99_PILRA","CD99 - PILRA","CD99","Cell-Cell Contact","PMID: 18234675","Early"
"Epithelia","C7-APOBEC3A-like","CD99","PILRA",0.00765735430135095,0,"CD99_PILRA","CD99 - PILRA","CD99","Cell-Cell Contact","PMID: 18234675","Early"
"Epithelia","Mac-Cycling","CD99","PILRA",0.000602820464507591,0,"CD99_PILRA","CD99 - PILRA","CD99","Cell-Cell Contact","PMID: 18234675","Early"
"Epithelia","Mac-OLFML3-CX3CR1-resident","CD99","PILRA",0.0052635917369981,0,"CD99_PILRA","CD99 - PILRA","CD99","Cell-Cell Contact","PMID: 18234675","Early"
"Epithelia","Mono-FCN1-S100A8-S100A9","CD99","PILRA",0.00225726938578682,0,"CD99_PILRA","CD99 - PILRA","CD99","Cell-Cell Contact","PMID: 18234675","Early"
"Epithelia","Myeloid-CLEC10A-APC","CD99","PILRA",0.00604350724255567,0,"CD99_PILRA","CD99 - PILRA","CD99","Cell-Cell Contact","PMID: 18234675","Early"
"Epithelia","Mac-Cycling","CDH1","ITGAE_ITGB7",0.000420799576975367,0,"CDH1_ITGAE_ITGB7","CDH1 - (ITGAE+ITGB7)","CDH1","Cell-Cell Contact","PMID: 9425167","Early"
"Epithelia","C7-APOBEC3A-like","EFNA5","EPHB2",0.000236585959565942,0,"EFNA5_EPHB2","EFNA5 - EPHB2","EPHA","Cell-Cell Contact","PMID:15107857; PMID: 15114347","Early"
"Epithelia","Mac-Cycling","EFNA5","EPHB2",0.0001740544030071,0,"EFNA5_EPHB2","EFNA5 - EPHB2","EPHA","Cell-Cell Contact","PMID:15107857; PMID: 15114347","Early"
"Epithelia","C7-APOBEC3A-like","EFNB1","EPHB2",0.000456855576500312,0,"EFNB1_EPHB2","EFNB1 - EPHB2","EPHB","Cell-Cell Contact","PMID: 15114347","Early"
"Epithelia","Mac-Cycling","EFNB1","EPHB2",0.000336124576382614,0,"EFNB1_EPHB2","EFNB1 - EPHB2","EPHB","Cell-Cell Contact","PMID: 15114347","Early"
"Epithelia","C6-SLC2A1-like","ICAM1","ITGAX_ITGB2",0.00269493384254184,0,"ICAM1_ITGAX_ITGB2","ICAM1 - (ITGAX+ITGB2)","ICAM","Cell-Cell Contact","PMID: 16252253","Early"
"Epithelia","C7-APOBEC3A-like","ICAM1","ITGAX_ITGB2",0.00263321656173924,0,"ICAM1_ITGAX_ITGB2","ICAM1 - (ITGAX+ITGB2)","ICAM","Cell-Cell Contact","PMID: 16252253","Early"
"Epithelia","Mac-Cycling","ICAM1","ITGAX_ITGB2",0.00192360920551454,0,"ICAM1_ITGAX_ITGB2","ICAM1 - (ITGAX+ITGB2)","ICAM","Cell-Cell Contact","PMID: 16252253","Early"
"Epithelia","Mac-FOLR2-LYVE1-resident","ICAM1","ITGAX_ITGB2",0.00151916299931672,0,"ICAM1_ITGAX_ITGB2","ICAM1 - (ITGAX+ITGB2)","ICAM","Cell-Cell Contact","PMID: 16252253","Early"
"Epithelia","Mac-OLFML3-CX3CR1-resident","ICAM1","ITGAX_ITGB2",0.00310090242678073,0,"ICAM1_ITGAX_ITGB2","ICAM1 - (ITGAX+ITGB2)","ICAM","Cell-Cell Contact","PMID: 16252253","Early"
"Epithelia","Mac-TNF-CCL4-inflammatory","ICAM1","ITGAX_ITGB2",0.00231478508252385,0,"ICAM1_ITGAX_ITGB2","ICAM1 - (ITGAX+ITGB2)","ICAM","Cell-Cell Contact","PMID: 16252253","Early"
"Epithelia","Mono-FCN1-S100A8-S100A9","ICAM1","ITGAX_ITGB2",0.00189951699995577,0,"ICAM1_ITGAX_ITGB2","ICAM1 - (ITGAX+ITGB2)","ICAM","Cell-Cell Contact","PMID: 16252253","Early"
"Epithelia","Myeloid-CLEC10A-APC","ICAM1","ITGAX_ITGB2",0.00179051619630105,0,"ICAM1_ITGAX_ITGB2","ICAM1 - (ITGAX+ITGB2)","ICAM","Cell-Cell Contact","PMID: 16252253","Early"
"Epithelia","C6-SLC2A1-like","ICAM1","ITGAL_ITGB2",0.000816726697174716,0,"ICAM1_ITGAL_ITGB2","ICAM1 - (ITGAL+ITGB2)","ICAM","Cell-Cell Contact","KEGG: hsa04514","Early"
"Epithelia","C7-APOBEC3A-like","ICAM1","ITGAL_ITGB2",0.00209792512012095,0,"ICAM1_ITGAL_ITGB2","ICAM1 - (ITGAL+ITGB2)","ICAM","Cell-Cell Contact","KEGG: hsa04514","Early"
"Epithelia","Mac-Cycling","ICAM1","ITGAL_ITGB2",0.0022417488569487,0,"ICAM1_ITGAL_ITGB2","ICAM1 - (ITGAL+ITGB2)","ICAM","Cell-Cell Contact","KEGG: hsa04514","Early"
"Epithelia","Mac-OLFML3-CX3CR1-resident","ICAM1","ITGAL_ITGB2",0.00165888585276687,0,"ICAM1_ITGAL_ITGB2","ICAM1 - (ITGAL+ITGB2)","ICAM","Cell-Cell Contact","KEGG: hsa04514","Early"
"Epithelia","Myeloid-CLEC10A-APC","ICAM1","ITGAL_ITGB2",0.00139582075541918,0,"ICAM1_ITGAL_ITGB2","ICAM1 - (ITGAL+ITGB2)","ICAM","Cell-Cell Contact","KEGG: hsa04514","Early"
"Epithelia","C6-SLC2A1-like","ICAM1","ITGAM_ITGB2",0.0025827848457718,0,"ICAM1_ITGAM_ITGB2","ICAM1 - (ITGAM+ITGB2)","ICAM","Cell-Cell Contact","KEGG: hsa04514","Early"
"Epithelia","C7-APOBEC3A-like","ICAM1","ITGAM_ITGB2",0.00336454628848237,0,"ICAM1_ITGAM_ITGB2","ICAM1 - (ITGAM+ITGB2)","ICAM","Cell-Cell Contact","KEGG: hsa04514","Early"
"Epithelia","Mac-Cycling","ICAM1","ITGAM_ITGB2",0.00272059843393741,0,"ICAM1_ITGAM_ITGB2","ICAM1 - (ITGAM+ITGB2)","ICAM","Cell-Cell Contact","KEGG: hsa04514","Early"
"Epithelia","Mac-OLFML3-CX3CR1-resident","ICAM1","ITGAM_ITGB2",0.00167900481124372,0,"ICAM1_ITGAM_ITGB2","ICAM1 - (ITGAM+ITGB2)","ICAM","Cell-Cell Contact","KEGG: hsa04514","Early"
"Epithelia","Mac-TNF-CCL4-inflammatory","ICAM1","ITGAM_ITGB2",0.00188478033215337,0,"ICAM1_ITGAM_ITGB2","ICAM1 - (ITGAM+ITGB2)","ICAM","Cell-Cell Contact","KEGG: hsa04514","Early"
"Epithelia","Mono-FCN1-S100A8-S100A9","ICAM1","ITGAM_ITGB2",0.00176132610393525,0,"ICAM1_ITGAM_ITGB2","ICAM1 - (ITGAM+ITGB2)","ICAM","Cell-Cell Contact","KEGG: hsa04514","Early"
"Epithelia","Myeloid-CLEC10A-APC","ICAM1","ITGAM_ITGB2",0.00273022424132107,0,"ICAM1_ITGAM_ITGB2","ICAM1 - (ITGAM+ITGB2)","ICAM","Cell-Cell Contact","KEGG: hsa04514","Early"
"Epithelia","C6-SLC2A1-like","ICAM1","ITGAL",0.000146972266570802,0.02,"ICAM1_ITGAL","ICAM1 - ITGAL","ICAM","Cell-Cell Contact","PMID: 23602662","Early"
"Epithelia","C7-APOBEC3A-like","ICAM1","ITGAL",0.000886923710355098,0,"ICAM1_ITGAL","ICAM1 - ITGAL","ICAM","Cell-Cell Contact","PMID: 23602662","Early"
"Epithelia","Mac-Cycling","ICAM1","ITGAL",0.000889175400416544,0,"ICAM1_ITGAL","ICAM1 - ITGAL","ICAM","Cell-Cell Contact","PMID: 23602662","Early"
"Epithelia","Mac-OLFML3-CX3CR1-resident","ICAM1","ITGAL",0.000484555349028865,0,"ICAM1_ITGAL","ICAM1 - ITGAL","ICAM","Cell-Cell Contact","PMID: 23602662","Early"
"Epithelia","Myeloid-CLEC10A-APC","ICAM1","ITGAL",0.000371394400349035,0,"ICAM1_ITGAL","ICAM1 - ITGAL","ICAM","Cell-Cell Contact","PMID: 23602662","Early"
"Epithelia","C7-APOBEC3A-like","ICAM1","SPN",4.47438807516607e-05,0.01,"ICAM1_SPN","ICAM1 - SPN","ICAM","Cell-Cell Contact","PMID: 1683685","Early"
"Epithelia","Mac-Cycling","ICAM1","SPN",0.000147944111770921,0.02,"ICAM1_SPN","ICAM1 - SPN","ICAM","Cell-Cell Contact","PMID: 1683685","Early"
"Epithelia","Myeloid-CLEC10A-APC","ICAM1","SPN",0.000363606060450741,0,"ICAM1_SPN","ICAM1 - SPN","ICAM","Cell-Cell Contact","PMID: 1683685","Early"
"Epithelia","C6-SLC2A1-like","F11R","ITGAL_ITGB2",0.00300077752018819,0,"JAM1_ITGAL_ITGB2","JAM1 - (ITGAL+ITGB2)","JAM","Cell-Cell Contact","PMID: 11812992","Early"
"Epithelia","C7-APOBEC3A-like","F11R","ITGAL_ITGB2",0.00768175435822693,0,"JAM1_ITGAL_ITGB2","JAM1 - (ITGAL+ITGB2)","JAM","Cell-Cell Contact","PMID: 11812992","Early"
"Epithelia","Mac-Cycling","F11R","ITGAL_ITGB2",0.00820523121506598,0,"JAM1_ITGAL_ITGB2","JAM1 - (ITGAL+ITGB2)","JAM","Cell-Cell Contact","PMID: 11812992","Early"
"Epithelia","Mac-OLFML3-CX3CR1-resident","F11R","ITGAL_ITGB2",0.00608129110901085,0,"JAM1_ITGAL_ITGB2","JAM1 - (ITGAL+ITGB2)","JAM","Cell-Cell Contact","PMID: 11812992","Early"
"Epithelia","Myeloid-CLEC10A-APC","F11R","ITGAL_ITGB2",0.0051205207084699,0,"JAM1_ITGAL_ITGB2","JAM1 - (ITGAL+ITGB2)","JAM","Cell-Cell Contact","PMID: 11812992","Early"
"Epithelia","C6-SLC2A1-like","F11R","F11R",0.000887855002215301,0,"F11R_F11R","F11R - F11R","JAM","Cell-Cell Contact","KEGG: hsa04514","Early"
"Epithelia","C7-APOBEC3A-like","F11R","F11R",0.000649240116995149,0,"F11R_F11R","F11R - F11R","JAM","Cell-Cell Contact","KEGG: hsa04514","Early"
"C6-SLC2A1-like","Epithelia","F11R","F11R",0.000887855002215301,0,"F11R_F11R","F11R - F11R","JAM","Cell-Cell Contact","KEGG: hsa04514","Early"
"C7-APOBEC3A-like","Epithelia","F11R","F11R",0.000649240116995149,0,"F11R_F11R","F11R - F11R","JAM","Cell-Cell Contact","KEGG: hsa04514","Early"
"Epithelia","C6-SLC2A1-like","HLA-F","LILRB1",0.00182430377673815,0,"HLA-F_LILRB1","HLA-F - LILRB1","MHC-I","Cell-Cell Contact","PMID: 28484462","Early"
"Epithelia","C7-APOBEC3A-like","HLA-F","LILRB1",0.0229726973057432,0,"HLA-F_LILRB1","HLA-F - LILRB1","MHC-I","Cell-Cell Contact","PMID: 28484462","Early"
"Epithelia","Mac-Cycling","HLA-F","LILRB1",0.00628751472939226,0,"HLA-F_LILRB1","HLA-F - LILRB1","MHC-I","Cell-Cell Contact","PMID: 28484462","Early"
"Epithelia","Mac-FOLR2-LYVE1-resident","HLA-F","LILRB1",0.00675464778760834,0,"HLA-F_LILRB1","HLA-F - LILRB1","MHC-I","Cell-Cell Contact","PMID: 28484462","Early"
"Epithelia","Mac-OLFML3-CX3CR1-resident","HLA-F","LILRB1",0.00589023851743112,0,"HLA-F_LILRB1","HLA-F - LILRB1","MHC-I","Cell-Cell Contact","PMID: 28484462","Early"
"Epithelia","Mono-FCN1-S100A8-S100A9","HLA-F","LILRB1",0.00761292270887156,0,"HLA-F_LILRB1","HLA-F - LILRB1","MHC-I","Cell-Cell Contact","PMID: 28484462","Early"
"Epithelia","Myeloid-CLEC10A-APC","HLA-F","LILRB1",0.0126493624120582,0,"HLA-F_LILRB1","HLA-F - LILRB1","MHC-I","Cell-Cell Contact","PMID: 28484462","Early"
"Epithelia","C6-SLC2A1-like","HLA-DPA1","CD4",0.0205701282267702,0,"HLA-DPA1_CD4","HLA-DPA1 - CD4","MHC-II","Cell-Cell Contact","KEGG: hsa04514","Early"
"Epithelia","C7-APOBEC3A-like","HLA-DPA1","CD4",0.0255570201624204,0,"HLA-DPA1_CD4","HLA-DPA1 - CD4","MHC-II","Cell-Cell Contact","KEGG: hsa04514","Early"
"Epithelia","Mac-Cycling","HLA-DPA1","CD4",0.0201879603366583,0,"HLA-DPA1_CD4","HLA-DPA1 - CD4","MHC-II","Cell-Cell Contact","KEGG: hsa04514","Early"
"Epithelia","Mac-OLFML3-CX3CR1-resident","HLA-DPA1","CD4",0.022168174119649,0,"HLA-DPA1_CD4","HLA-DPA1 - CD4","MHC-II","Cell-Cell Contact","KEGG: hsa04514","Early"
"Epithelia","Myeloid-CLEC10A-APC","HLA-DPA1","CD4",0.0135896659025325,0.04,"HLA-DPA1_CD4","HLA-DPA1 - CD4","MHC-II","Cell-Cell Contact","KEGG: hsa04514","Early"
"Epithelia","C6-SLC2A1-like","HLA-DPB1","CD4",0.0336486403200201,0,"HLA-DPB1_CD4","HLA-DPB1 - CD4","MHC-II","Cell-Cell Contact","KEGG: hsa04514","Early"
"Epithelia","C7-APOBEC3A-like","HLA-DPB1","CD4",0.04167130314637,0,"HLA-DPB1_CD4","HLA-DPB1 - CD4","MHC-II","Cell-Cell Contact","KEGG: hsa04514","Early"
"Epithelia","Mac-Cycling","HLA-DPB1","CD4",0.0330316843261052,0,"HLA-DPB1_CD4","HLA-DPB1 - CD4","MHC-II","Cell-Cell Contact","KEGG: hsa04514","Early"
"Epithelia","Mac-FOLR2-LYVE1-resident","HLA-DPB1","CD4",0.0146952531247666,0,"HLA-DPB1_CD4","HLA-DPB1 - CD4","MHC-II","Cell-Cell Contact","KEGG: hsa04514","Early"
"Epithelia","Mac-OLFML3-CX3CR1-resident","HLA-DPB1","CD4",0.0362251465121166,0,"HLA-DPB1_CD4","HLA-DPB1 - CD4","MHC-II","Cell-Cell Contact","KEGG: hsa04514","Early"
"Epithelia","Myeloid-CLEC10A-APC","HLA-DPB1","CD4",0.0223311831857951,0,"HLA-DPB1_CD4","HLA-DPB1 - CD4","MHC-II","Cell-Cell Contact","KEGG: hsa04514","Early"
"Epithelia","C6-SLC2A1-like","HLA-DQA1","CD4",0.0137496685598818,0,"HLA-DQA1_CD4","HLA-DQA1 - CD4","MHC-II","Cell-Cell Contact","KEGG: hsa04514","Early"
"Epithelia","C7-APOBEC3A-like","HLA-DQA1","CD4",0.0171119403425326,0,"HLA-DQA1_CD4","HLA-DQA1 - CD4","MHC-II","Cell-Cell Contact","KEGG: hsa04514","Early"
"Epithelia","Mac-Cycling","HLA-DQA1","CD4",0.0134924708733983,0,"HLA-DQA1_CD4","HLA-DQA1 - CD4","MHC-II","Cell-Cell Contact","KEGG: hsa04514","Early"
"Epithelia","Mac-FOLR2-LYVE1-resident","HLA-DQA1","CD4",0.005935994014049,0,"HLA-DQA1_CD4","HLA-DQA1 - CD4","MHC-II","Cell-Cell Contact","KEGG: hsa04514","Early"
"Epithelia","Mac-OLFML3-CX3CR1-resident","HLA-DQA1","CD4",0.0148258693556519,0,"HLA-DQA1_CD4","HLA-DQA1 - CD4","MHC-II","Cell-Cell Contact","KEGG: hsa04514","Early"
"Epithelia","Mac-TNF-CCL4-inflammatory","HLA-DQA1","CD4",0.00551507514517335,0,"HLA-DQA1_CD4","HLA-DQA1 - CD4","MHC-II","Cell-Cell Contact","KEGG: hsa04514","Early"
"Epithelia","Myeloid-CLEC10A-APC","HLA-DQA1","CD4",0.00906231026819636,0,"HLA-DQA1_CD4","HLA-DQA1 - CD4","MHC-II","Cell-Cell Contact","KEGG: hsa04514","Early"
"Epithelia","C6-SLC2A1-like","HLA-DMA","CD4",0.0296727030418247,0,"HLA-DMA_CD4","HLA-DMA - CD4","MHC-II","Cell-Cell Contact","KEGG: hsa04514","Early"
"Epithelia","C7-APOBEC3A-like","HLA-DMA","CD4",0.0367834881836627,0,"HLA-DMA_CD4","HLA-DMA - CD4","MHC-II","Cell-Cell Contact","KEGG: hsa04514","Early"
"Epithelia","Mac-Cycling","HLA-DMA","CD4",0.0291264495777232,0,"HLA-DMA_CD4","HLA-DMA - CD4","MHC-II","Cell-Cell Contact","KEGG: hsa04514","Early"
"Epithelia","Mac-FOLR2-LYVE1-resident","HLA-DMA","CD4",0.0129288929407051,0,"HLA-DMA_CD4","HLA-DMA - CD4","MHC-II","Cell-Cell Contact","KEGG: hsa04514","Early"
"Epithelia","Mac-OLFML3-CX3CR1-resident","HLA-DMA","CD4",0.0319548353027645,0,"HLA-DMA_CD4","HLA-DMA - CD4","MHC-II","Cell-Cell Contact","KEGG: hsa04514","Early"
"Epithelia","Mac-TNF-CCL4-inflammatory","HLA-DMA","CD4",0.0120181054411501,0,"HLA-DMA_CD4","HLA-DMA - CD4","MHC-II","Cell-Cell Contact","KEGG: hsa04514","Early"
"Epithelia","Mono-FCN1-S100A8-S100A9","HLA-DMA","CD4",0.00706863318861434,0.01,"HLA-DMA_CD4","HLA-DMA - CD4","MHC-II","Cell-Cell Contact","KEGG: hsa04514","Early"
"Epithelia","Myeloid-CLEC10A-APC","HLA-DMA","CD4",0.0196653076960471,0,"HLA-DMA_CD4","HLA-DMA - CD4","MHC-II","Cell-Cell Contact","KEGG: hsa04514","Early"
"Epithelia","C6-SLC2A1-like","HLA-DMB","CD4",0.0162971432646913,0,"HLA-DMB_CD4","HLA-DMB - CD4","MHC-II","Cell-Cell Contact","KEGG: hsa04514","Early"
"Epithelia","C7-APOBEC3A-like","HLA-DMB","CD4",0.0202695582634331,0,"HLA-DMB_CD4","HLA-DMB - CD4","MHC-II","Cell-Cell Contact","KEGG: hsa04514","Early"
"Epithelia","Mac-Cycling","HLA-DMB","CD4",0.0159930659185598,0,"HLA-DMB_CD4","HLA-DMB - CD4","MHC-II","Cell-Cell Contact","KEGG: hsa04514","Early"
"Epithelia","Mac-FOLR2-LYVE1-resident","HLA-DMB","CD4",0.00704613016469211,0,"HLA-DMB_CD4","HLA-DMB - CD4","MHC-II","Cell-Cell Contact","KEGG: hsa04514","Early"
"Epithelia","Mac-OLFML3-CX3CR1-resident","HLA-DMB","CD4",0.0175691855232852,0,"HLA-DMB_CD4","HLA-DMB - CD4","MHC-II","Cell-Cell Contact","KEGG: hsa04514","Early"
"Epithelia","Mac-TNF-CCL4-inflammatory","HLA-DMB","CD4",0.00654701045625618,0,"HLA-DMB_CD4","HLA-DMB - CD4","MHC-II","Cell-Cell Contact","KEGG: hsa04514","Early"
"Epithelia","Mono-FCN1-S100A8-S100A9","HLA-DMB","CD4",0.00384196273330277,0,"HLA-DMB_CD4","HLA-DMB - CD4","MHC-II","Cell-Cell Contact","KEGG: hsa04514","Early"
"Epithelia","Myeloid-CLEC10A-APC","HLA-DMB","CD4",0.0107507997252695,0,"HLA-DMB_CD4","HLA-DMB - CD4","MHC-II","Cell-Cell Contact","KEGG: hsa04514","Early"
"Epithelia","C6-SLC2A1-like","HLA-DQA2","CD4",0.00769712927105158,0,"HLA-DQA2_CD4","HLA-DQA2 - CD4","MHC-II","Cell-Cell Contact","KEGG: hsa04514","Early"
"Epithelia","C7-APOBEC3A-like","HLA-DQA2","CD4",0.00959374209816,0,"HLA-DQA2_CD4","HLA-DQA2 - CD4","MHC-II","Cell-Cell Contact","KEGG: hsa04514","Early"
"Epithelia","Mac-Cycling","HLA-DQA2","CD4",0.0075522818250109,0,"HLA-DQA2_CD4","HLA-DQA2 - CD4","MHC-II","Cell-Cell Contact","KEGG: hsa04514","Early"
"Epithelia","Mac-FOLR2-LYVE1-resident","HLA-DQA2","CD4",0.0033114487696093,0,"HLA-DQA2_CD4","HLA-DQA2 - CD4","MHC-II","Cell-Cell Contact","KEGG: hsa04514","Early"
"Epithelia","Mac-OLFML3-CX3CR1-resident","HLA-DQA2","CD4",0.00830358011657691,0,"HLA-DQA2_CD4","HLA-DQA2 - CD4","MHC-II","Cell-Cell Contact","KEGG: hsa04514","Early"
"Epithelia","Mac-TNF-CCL4-inflammatory","HLA-DQA2","CD4",0.00307605942361879,0,"HLA-DQA2_CD4","HLA-DQA2 - CD4","MHC-II","Cell-Cell Contact","KEGG: hsa04514","Early"
"Epithelia","Mono-FCN1-S100A8-S100A9","HLA-DQA2","CD4",0.00180251280590387,0,"HLA-DQA2_CD4","HLA-DQA2 - CD4","MHC-II","Cell-Cell Contact","KEGG: hsa04514","Early"
"Epithelia","Myeloid-CLEC10A-APC","HLA-DQA2","CD4",0.0050625325843193,0,"HLA-DQA2_CD4","HLA-DQA2 - CD4","MHC-II","Cell-Cell Contact","KEGG: hsa04514","Early"
"Epithelia","C6-SLC2A1-like","HLA-DOA","CD4",0.00457849910766209,0,"HLA-DOA_CD4","HLA-DOA - CD4","MHC-II","Cell-Cell Contact","KEGG: hsa04514","Early"
"Epithelia","C7-APOBEC3A-like","HLA-DOA","CD4",0.00571108789409496,0,"HLA-DOA_CD4","HLA-DOA - CD4","MHC-II","Cell-Cell Contact","KEGG: hsa04514","Early"
"Epithelia","Mac-Cycling","HLA-DOA","CD4",0.0044920735321333,0,"HLA-DOA_CD4","HLA-DOA - CD4","MHC-II","Cell-Cell Contact","KEGG: hsa04514","Early"
"Epithelia","Mac-FOLR2-LYVE1-resident","HLA-DOA","CD4",0.00196623485019792,0,"HLA-DOA_CD4","HLA-DOA - CD4","MHC-II","Cell-Cell Contact","KEGG: hsa04514","Early"
"Epithelia","Mac-OLFML3-CX3CR1-resident","HLA-DOA","CD4",0.00494045885985063,0,"HLA-DOA_CD4","HLA-DOA - CD4","MHC-II","Cell-Cell Contact","KEGG: hsa04514","Early"
"Epithelia","Mac-TNF-CCL4-inflammatory","HLA-DOA","CD4",0.00182629279375132,0,"HLA-DOA_CD4","HLA-DOA - CD4","MHC-II","Cell-Cell Contact","KEGG: hsa04514","Early"
"Epithelia","Mono-FCN1-S100A8-S100A9","HLA-DOA","CD4",0.00106961797528557,0,"HLA-DOA_CD4","HLA-DOA - CD4","MHC-II","Cell-Cell Contact","KEGG: hsa04514","Early"
"Epithelia","Myeloid-CLEC10A-APC","HLA-DOA","CD4",0.00300812064715062,0,"HLA-DOA_CD4","HLA-DOA - CD4","MHC-II","Cell-Cell Contact","KEGG: hsa04514","Early"
"Epithelia","C6-SLC2A1-like","HLA-DQB1","CD4",0.0139590549730962,0,"HLA-DQB1_CD4","HLA-DQB1 - CD4","MHC-II","Cell-Cell Contact","KEGG: hsa04514","Early"
"Epithelia","C7-APOBEC3A-like","HLA-DQB1","CD4",0.0173716271433976,0,"HLA-DQB1_CD4","HLA-DQB1 - CD4","MHC-II","Cell-Cell Contact","KEGG: hsa04514","Early"
"Epithelia","Mac-Cycling","HLA-DQB1","CD4",0.0136979949586785,0,"HLA-DQB1_CD4","HLA-DQB1 - CD4","MHC-II","Cell-Cell Contact","KEGG: hsa04514","Early"
"Epithelia","Mac-FOLR2-LYVE1-resident","HLA-DQB1","CD4",0.00602711728680721,0,"HLA-DQB1_CD4","HLA-DQB1 - CD4","MHC-II","Cell-Cell Contact","KEGG: hsa04514","Early"
"Epithelia","Mac-OLFML3-CX3CR1-resident","HLA-DQB1","CD4",0.0150513945455812,0,"HLA-DQB1_CD4","HLA-DQB1 - CD4","MHC-II","Cell-Cell Contact","KEGG: hsa04514","Early"
"Epithelia","Myeloid-CLEC10A-APC","HLA-DQB1","CD4",0.009200981321288,0,"HLA-DQB1_CD4","HLA-DQB1 - CD4","MHC-II","Cell-Cell Contact","KEGG: hsa04514","Early"
"Epithelia","C6-SLC2A1-like","HLA-DRA","CD4",0.0922946738635263,0,"HLA-DRA_CD4","HLA-DRA - CD4","MHC-II","Cell-Cell Contact","KEGG: hsa04514","Early"
"Epithelia","C7-APOBEC3A-like","HLA-DRA","CD4",0.112669713940541,0,"HLA-DRA_CD4","HLA-DRA - CD4","MHC-II","Cell-Cell Contact","KEGG: hsa04514","Early"
"Epithelia","Mac-Cycling","HLA-DRA","CD4",0.0907033570506237,0,"HLA-DRA_CD4","HLA-DRA - CD4","MHC-II","Cell-Cell Contact","KEGG: hsa04514","Early"
"Epithelia","Mac-FOLR2-LYVE1-resident","HLA-DRA","CD4",0.0417341714294296,0,"HLA-DRA_CD4","HLA-DRA - CD4","MHC-II","Cell-Cell Contact","KEGG: hsa04514","Early"
"Epithelia","Mac-OLFML3-CX3CR1-resident","HLA-DRA","CD4",0.0989021661561963,0,"HLA-DRA_CD4","HLA-DRA - CD4","MHC-II","Cell-Cell Contact","KEGG: hsa04514","Early"
"Epithelia","Mac-TNF-CCL4-inflammatory","HLA-DRA","CD4",0.0388740872335512,0,"HLA-DRA_CD4","HLA-DRA - CD4","MHC-II","Cell-Cell Contact","KEGG: hsa04514","Early"
"Epithelia","Mono-FCN1-S100A8-S100A9","HLA-DRA","CD4",0.0231232504341557,0,"HLA-DRA_CD4","HLA-DRA - CD4","MHC-II","Cell-Cell Contact","KEGG: hsa04514","Early"
"Epithelia","Myeloid-CLEC10A-APC","HLA-DRA","CD4",0.0625284098169919,0,"HLA-DRA_CD4","HLA-DRA - CD4","MHC-II","Cell-Cell Contact","KEGG: hsa04514","Early"
"Epithelia","C6-SLC2A1-like","HLA-DRB1","CD4",0.0402633233813009,0,"HLA-DRB1_CD4","HLA-DRB1 - CD4","MHC-II","Cell-Cell Contact","KEGG: hsa04514","Early"
"Epithelia","C7-APOBEC3A-like","HLA-DRB1","CD4",0.0497818443407125,0,"HLA-DRB1_CD4","HLA-DRB1 - CD4","MHC-II","Cell-Cell Contact","KEGG: hsa04514","Early"
"Epithelia","Mac-Cycling","HLA-DRB1","CD4",0.0395300467808308,0,"HLA-DRB1_CD4","HLA-DRB1 - CD4","MHC-II","Cell-Cell Contact","KEGG: hsa04514","Early"
"Epithelia","Mac-FOLR2-LYVE1-resident","HLA-DRB1","CD4",0.0176521202696111,0,"HLA-DRB1_CD4","HLA-DRB1 - CD4","MHC-II","Cell-Cell Contact","KEGG: hsa04514","Early"
"Epithelia","Mac-OLFML3-CX3CR1-resident","HLA-DRB1","CD4",0.0433236145795713,0,"HLA-DRB1_CD4","HLA-DRB1 - CD4","MHC-II","Cell-Cell Contact","KEGG: hsa04514","Early"
"Epithelia","Mac-TNF-CCL4-inflammatory","HLA-DRB1","CD4",0.0164141338135466,0.02,"HLA-DRB1_CD4","HLA-DRB1 - CD4","MHC-II","Cell-Cell Contact","KEGG: hsa04514","Early"
"Epithelia","Myeloid-CLEC10A-APC","HLA-DRB1","CD4",0.0267827302507623,0,"HLA-DRB1_CD4","HLA-DRB1 - CD4","MHC-II","Cell-Cell Contact","KEGG: hsa04514","Early"
"Epithelia","C6-SLC2A1-like","MPZL1","MPZL1",0.00112500896892776,0,"MPZL1_MPZL1","MPZL1 - MPZL1","MPZ","Cell-Cell Contact","KEGG: hsa04514","Early"
"Epithelia","C7-APOBEC3A-like","MPZL1","MPZL1",0.0011332428300509,0,"MPZL1_MPZL1","MPZL1 - MPZL1","MPZ","Cell-Cell Contact","KEGG: hsa04514","Early"
"C6-SLC2A1-like","Epithelia","MPZL1","MPZL1",0.00112500896892776,0,"MPZL1_MPZL1","MPZL1 - MPZL1","MPZ","Cell-Cell Contact","KEGG: hsa04514","Early"
"C7-APOBEC3A-like","Epithelia","MPZL1","MPZL1",0.0011332428300509,0,"MPZL1_MPZL1","MPZL1 - MPZL1","MPZ","Cell-Cell Contact","KEGG: hsa04514","Early"
"Mac-OLFML3-CX3CR1-resident","Epithelia","MPZL1","MPZL1",0.000677308764664676,0,"MPZL1_MPZL1","MPZL1 - MPZL1","MPZ","Cell-Cell Contact","KEGG: hsa04514","Early"
"Mac-TNF-CCL4-inflammatory","Epithelia","MPZL1","MPZL1",0.00243012173395078,0,"MPZL1_MPZL1","MPZL1 - MPZL1","MPZ","Cell-Cell Contact","KEGG: hsa04514","Early"
"Epithelia","Mac-OLFML3-CX3CR1-resident","MPZL1","MPZL1",0.000677308764664676,0,"MPZL1_MPZL1","MPZL1 - MPZL1","MPZ","Cell-Cell Contact","KEGG: hsa04514","Early"
"Epithelia","Mac-TNF-CCL4-inflammatory","MPZL1","MPZL1",0.00243012173395078,0,"MPZL1_MPZL1","MPZL1 - MPZL1","MPZ","Cell-Cell Contact","KEGG: hsa04514","Early"
"Epithelia","C6-SLC2A1-like","NECTIN3","NECTIN2",0.000360642977512798,0,"NECTIN3_NECTIN2","NECTIN3 - NECTIN2","NECTIN","Cell-Cell Contact","PMID: 23027581","Early"
"Epithelia","C7-APOBEC3A-like","NECTIN3","NECTIN2",0.00120224687417277,0,"NECTIN3_NECTIN2","NECTIN3 - NECTIN2","NECTIN","Cell-Cell Contact","PMID: 23027581","Early"
"Epithelia","Mac-Cycling","NECTIN3","NECTIN2",0.000360921675197393,0,"NECTIN3_NECTIN2","NECTIN3 - NECTIN2","NECTIN","Cell-Cell Contact","PMID: 23027581","Early"
"Epithelia","Mac-OLFML3-CX3CR1-resident","NECTIN3","NECTIN2",0.000215452302990854,0,"NECTIN3_NECTIN2","NECTIN3 - NECTIN2","NECTIN","Cell-Cell Contact","PMID: 23027581","Early"
"Epithelia","Myeloid-CLEC10A-APC","NECTIN3","NECTIN2",0.000256805082635224,0,"NECTIN3_NECTIN2","NECTIN3 - NECTIN2","NECTIN","Cell-Cell Contact","PMID: 23027581","Early"
"Epithelia","C7-APOBEC3A-like","NECTIN2","CD226",0.000433619264662771,0,"NECTIN2_CD226","NECTIN2 - CD226","NECTIN","Cell-Cell Contact","KEGG: hsa04514","Early"
"Epithelia","C7-APOBEC3A-like","JAG1","NOTCH1",0.000165253995552645,0,"JAG1_NOTCH1","JAG1 - NOTCH1","NOTCH","Cell-Cell Contact","PMID: 22353464","Early"
"Epithelia","Mac-Cycling","JAG1","NOTCH1",0.000249636183849202,0,"JAG1_NOTCH1","JAG1 - NOTCH1","NOTCH","Cell-Cell Contact","PMID: 22353464","Early"
"Epithelia","C6-SLC2A1-like","JAG1","NOTCH2",0.000290653103089691,0,"JAG1_NOTCH2","JAG1 - NOTCH2","NOTCH","Cell-Cell Contact","PMID: 22353464","Early"
"Epithelia","C7-APOBEC3A-like","JAG1","NOTCH2",0.000235112333722604,0,"JAG1_NOTCH2","JAG1 - NOTCH2","NOTCH","Cell-Cell Contact","PMID: 22353464","Early"
"Epithelia","Mono-FCN1-S100A8-S100A9","JAG1","NOTCH2",0.000503333363757166,0,"JAG1_NOTCH2","JAG1 - NOTCH2","NOTCH","Cell-Cell Contact","PMID: 22353464","Early"
"Epithelia","Myeloid-CLEC10A-APC","JAG1","NOTCH2",0.000322098929899666,0,"JAG1_NOTCH2","JAG1 - NOTCH2","NOTCH","Cell-Cell Contact","PMID: 22353464","Early"
"C7-APOBEC3A-like","Epithelia","SELL","PODXL",0.000878961808317997,0,"SELL_PODXL","SELL - PODXL","SELL","Cell-Cell Contact","PMID: 22814396","Early"
"Mac-Cycling","Epithelia","SELL","PODXL",0.000506911639301011,0,"SELL_PODXL","SELL - PODXL","SELL","Cell-Cell Contact","PMID: 22814396","Early"
"Mono-FCN1-S100A8-S100A9","Epithelia","SELL","PODXL",0.00115449662544744,0,"SELL_PODXL","SELL - PODXL","SELL","Cell-Cell Contact","PMID: 22814396","Early"
"C6-SLC2A1-like","Epithelia","SEMA4A","PLXNB1",0.00376309292342522,0,"SEMA4A_PLXNB1","SEMA4A - PLXNB1","SEMA4","Cell-Cell Contact","PMID: 27533782","Early"
"C7-APOBEC3A-like","Epithelia","SEMA4A","PLXNB1",0.00489141519215866,0,"SEMA4A_PLXNB1","SEMA4A - PLXNB1","SEMA4","Cell-Cell Contact","PMID: 27533782","Early"
"Mac-Cycling","Epithelia","SEMA4A","PLXNB1",0.00311636740230948,0,"SEMA4A_PLXNB1","SEMA4A - PLXNB1","SEMA4","Cell-Cell Contact","PMID: 27533782","Early"
"Mac-OLFML3-CX3CR1-resident","Epithelia","SEMA4A","PLXNB1",0.000771376192637286,0,"SEMA4A_PLXNB1","SEMA4A - PLXNB1","SEMA4","Cell-Cell Contact","PMID: 27533782","Early"
"Mono-FCN1-S100A8-S100A9","Epithelia","SEMA4A","PLXNB1",0.00160345274260658,0,"SEMA4A_PLXNB1","SEMA4A - PLXNB1","SEMA4","Cell-Cell Contact","PMID: 27533782","Early"
"Myeloid-CLEC10A-APC","Epithelia","SEMA4A","PLXNB1",0.00181659206909558,0,"SEMA4A_PLXNB1","SEMA4A - PLXNB1","SEMA4","Cell-Cell Contact","PMID: 27533782","Early"
"C6-SLC2A1-like","Epithelia","SEMA4A","PLXNB2",0.00650003511695199,0,"SEMA4A_PLXNB2","SEMA4A - PLXNB2","SEMA4","Cell-Cell Contact","PMID: 27533782","Early"
"C7-APOBEC3A-like","Epithelia","SEMA4A","PLXNB2",0.00844204551010147,0,"SEMA4A_PLXNB2","SEMA4A - PLXNB2","SEMA4","Cell-Cell Contact","PMID: 27533782","Early"
"Mac-Cycling","Epithelia","SEMA4A","PLXNB2",0.00538548118399629,0,"SEMA4A_PLXNB2","SEMA4A - PLXNB2","SEMA4","Cell-Cell Contact","PMID: 27533782","Early"
"Mac-OLFML3-CX3CR1-resident","Epithelia","SEMA4A","PLXNB2",0.0013353237834843,0,"SEMA4A_PLXNB2","SEMA4A - PLXNB2","SEMA4","Cell-Cell Contact","PMID: 27533782","Early"
"Mono-FCN1-S100A8-S100A9","Epithelia","SEMA4A","PLXNB2",0.00277403670020935,0,"SEMA4A_PLXNB2","SEMA4A - PLXNB2","SEMA4","Cell-Cell Contact","PMID: 27533782","Early"
"Myeloid-CLEC10A-APC","Epithelia","SEMA4A","PLXNB2",0.00314228644440001,0,"SEMA4A_PLXNB2","SEMA4A - PLXNB2","SEMA4","Cell-Cell Contact","PMID: 27533782","Early"
"C6-SLC2A1-like","Epithelia","SEMA4D","PLXNB1",0.0013520613578019,0,"SEMA4D_PLXNB1","SEMA4D - PLXNB1","SEMA4","Cell-Cell Contact","PMID: 27533782","Early"
"C7-APOBEC3A-like","Epithelia","SEMA4D","PLXNB1",0.00558058748399016,0,"SEMA4D_PLXNB1","SEMA4D - PLXNB1","SEMA4","Cell-Cell Contact","PMID: 27533782","Early"
"Mac-Cycling","Epithelia","SEMA4D","PLXNB1",0.00142525601570655,0,"SEMA4D_PLXNB1","SEMA4D - PLXNB1","SEMA4","Cell-Cell Contact","PMID: 27533782","Early"
"Mac-OLFML3-CX3CR1-resident","Epithelia","SEMA4D","PLXNB1",0.00161982932747884,0,"SEMA4D_PLXNB1","SEMA4D - PLXNB1","SEMA4","Cell-Cell Contact","PMID: 27533782","Early"
"Mono-FCN1-S100A8-S100A9","Epithelia","SEMA4D","PLXNB1",0.00183043191739303,0,"SEMA4D_PLXNB1","SEMA4D - PLXNB1","SEMA4","Cell-Cell Contact","PMID: 27533782","Early"
"Myeloid-CLEC10A-APC","Epithelia","SEMA4D","PLXNB1",0.00142779344726365,0,"SEMA4D_PLXNB1","SEMA4D - PLXNB1","SEMA4","Cell-Cell Contact","PMID: 27533782","Early"
"Epithelia","C7-APOBEC3A-like","SEMA4D","PLXNB2",0.00154073153653692,0.01,"SEMA4D_PLXNB2","SEMA4D - PLXNB2","SEMA4","Cell-Cell Contact","PMID: 27533782","Early"
"C6-SLC2A1-like","Epithelia","SEMA4D","PLXNB2",0.00233954971284241,0,"SEMA4D_PLXNB2","SEMA4D - PLXNB2","SEMA4","Cell-Cell Contact","PMID: 27533782","Early"
"C7-APOBEC3A-like","Epithelia","SEMA4D","PLXNB2",0.00962664168115107,0,"SEMA4D_PLXNB2","SEMA4D - PLXNB2","SEMA4","Cell-Cell Contact","PMID: 27533782","Early"
"Mac-Cycling","Epithelia","SEMA4D","PLXNB2",0.00246607063866154,0,"SEMA4D_PLXNB2","SEMA4D - PLXNB2","SEMA4","Cell-Cell Contact","PMID: 27533782","Early"
"Mac-OLFML3-CX3CR1-resident","Epithelia","SEMA4D","PLXNB2",0.00280233528284878,0,"SEMA4D_PLXNB2","SEMA4D - PLXNB2","SEMA4","Cell-Cell Contact","PMID: 27533782","Early"
"Mono-FCN1-S100A8-S100A9","Epithelia","SEMA4D","PLXNB2",0.00316619416218462,0,"SEMA4D_PLXNB2","SEMA4D - PLXNB2","SEMA4","Cell-Cell Contact","PMID: 27533782","Early"
"Myeloid-CLEC10A-APC","Epithelia","SEMA4D","PLXNB2",0.00247045648345996,0,"SEMA4D_PLXNB2","SEMA4D - PLXNB2","SEMA4","Cell-Cell Contact","PMID: 27533782","Early"
"Epithelia","Mac-Cycling","SEMA4D","PLXNB2",0.00123270019417759,0.01,"SEMA4D_PLXNB2","SEMA4D - PLXNB2","SEMA4","Cell-Cell Contact","PMID: 27533782","Early"
"Epithelia","C6-SLC2A1-like","SEMA4C","PLXNB2",0.00018213766128572,0,"SEMA4C_PLXNB2","SEMA4C - PLXNB2","SEMA4","Cell-Cell Contact","PMID: 27533782","Early"
"Epithelia","C7-APOBEC3A-like","SEMA4C","PLXNB2",0.00118644615214516,0,"SEMA4C_PLXNB2","SEMA4C - PLXNB2","SEMA4","Cell-Cell Contact","PMID: 27533782","Early"
"Epithelia","Mac-Cycling","SEMA4C","PLXNB2",0.00094917811627046,0,"SEMA4C_PLXNB2","SEMA4C - PLXNB2","SEMA4","Cell-Cell Contact","PMID: 27533782","Early"
"Epithelia","Mac-OLFML3-CX3CR1-resident","SEMA4C","PLXNB2",0.000432464216869365,0,"SEMA4C_PLXNB2","SEMA4C - PLXNB2","SEMA4","Cell-Cell Contact","PMID: 27533782","Early"
"Epithelia","Mono-FCN1-S100A8-S100A9","SEMA4C","PLXNB2",0.00031982675973974,0,"SEMA4C_PLXNB2","SEMA4C - PLXNB2","SEMA4","Cell-Cell Contact","PMID: 27533782","Early"
"Epithelia","Myeloid-CLEC10A-APC","SEMA4C","PLXNB2",0.000235694318384083,0,"SEMA4C_PLXNB2","SEMA4C - PLXNB2","SEMA4","Cell-Cell Contact","PMID: 27533782","Early"
"Epithelia","C6-SLC2A1-like","SEMA4D","CD72",0.000387133899080694,0,"SEMA4D_CD72","SEMA4D - CD72","SEMA4","Cell-Cell Contact","PMID: 22325954","Early"
"Epithelia","C7-APOBEC3A-like","SEMA4D","CD72",0.000780460085048297,0,"SEMA4D_CD72","SEMA4D - CD72","SEMA4","Cell-Cell Contact","PMID: 22325954","Early"
"Epithelia","Mac-Cycling","SEMA4D","CD72",0.00015994682594165,0,"SEMA4D_CD72","SEMA4D - CD72","SEMA4","Cell-Cell Contact","PMID: 22325954","Early"
"Epithelia","Mac-OLFML3-CX3CR1-resident","SEMA4D","CD72",0.000283706783372429,0,"SEMA4D_CD72","SEMA4D - CD72","SEMA4","Cell-Cell Contact","PMID: 22325954","Early"
"Epithelia","Myeloid-CLEC10A-APC","SEMA4D","CD72",0.000225650516955773,0,"SEMA4D_CD72","SEMA4D - CD72","SEMA4","Cell-Cell Contact","PMID: 22325954","Early"
"Mac-Cycling","Epithelia","CLDN1","CLDN1",0.000889695498597426,0,"CLDN1_CLDN1","CLDN1 - CLDN1","CLDN","Cell-Cell Contact","PMID: 31942240","Early"
"Epithelia","Mac-Cycling","CLDN1","CLDN1",0.000889695498597426,0,"CLDN1_CLDN1","CLDN1 - CLDN1","CLDN","Cell-Cell Contact","PMID: 31942240","Early"
"Epithelia","C6-SLC2A1-like","ITGAV_ITGB1","ADGRE2",0.00262646467415059,0,"ITGAV_ITGB1_ADGRE2","(ITGAV+ITGB1) - ADGRE2","ADGRE","Cell-Cell Contact","PMID: 31462748","Early"
"Epithelia","C7-APOBEC3A-like","ITGAV_ITGB1","ADGRE2",0.00681248164595747,0,"ITGAV_ITGB1_ADGRE2","(ITGAV+ITGB1) - ADGRE2","ADGRE","Cell-Cell Contact","PMID: 31462748","Early"
"Epithelia","Mac-Cycling","ITGAV_ITGB1","ADGRE2",0.00159696130130408,0,"ITGAV_ITGB1_ADGRE2","(ITGAV+ITGB1) - ADGRE2","ADGRE","Cell-Cell Contact","PMID: 31462748","Early"
"Epithelia","Mac-OLFML3-CX3CR1-resident","ITGAV_ITGB1","ADGRE2",0.00237848453827037,0,"ITGAV_ITGB1_ADGRE2","(ITGAV+ITGB1) - ADGRE2","ADGRE","Cell-Cell Contact","PMID: 31462748","Early"
"Epithelia","Mono-FCN1-S100A8-S100A9","ITGAV_ITGB1","ADGRE2",0.0028844216875002,0,"ITGAV_ITGB1_ADGRE2","(ITGAV+ITGB1) - ADGRE2","ADGRE","Cell-Cell Contact","PMID: 31462748","Early"
"Epithelia","Myeloid-CLEC10A-APC","ITGAV_ITGB1","ADGRE2",0.00297003402672589,0,"ITGAV_ITGB1_ADGRE2","(ITGAV+ITGB1) - ADGRE2","ADGRE","Cell-Cell Contact","PMID: 31462748","Early"
"Epithelia","C6-SLC2A1-like","CD55","ADGRE5",0.00351140770338806,0,"CD55_ADGRE5","CD55 - ADGRE5","ADGRE","Cell-Cell Contact","PMID: 31462748","Early"
"Epithelia","C7-APOBEC3A-like","CD55","ADGRE5",0.0130881411342288,0,"CD55_ADGRE5","CD55 - ADGRE5","ADGRE","Cell-Cell Contact","PMID: 31462748","Early"
"Mono-FCN1-S100A8-S100A9","Epithelia","CD55","ADGRE5",0.00293830030171788,0,"CD55_ADGRE5","CD55 - ADGRE5","ADGRE","Cell-Cell Contact","PMID: 31462748","Early"
"Epithelia","Mac-Cycling","CD55","ADGRE5",0.00269457364783497,0,"CD55_ADGRE5","CD55 - ADGRE5","ADGRE","Cell-Cell Contact","PMID: 31462748","Early"
"Epithelia","Mac-OLFML3-CX3CR1-resident","CD55","ADGRE5",0.00291359769922566,0,"CD55_ADGRE5","CD55 - ADGRE5","ADGRE","Cell-Cell Contact","PMID: 31462748","Early"
"Epithelia","Mono-FCN1-S100A8-S100A9","CD55","ADGRE5",0.0081724599554527,0,"CD55_ADGRE5","CD55 - ADGRE5","ADGRE","Cell-Cell Contact","PMID: 31462748","Early"
"Epithelia","Myeloid-CLEC10A-APC","CD55","ADGRE5",0.00398766898375935,0,"CD55_ADGRE5","CD55 - ADGRE5","ADGRE","Cell-Cell Contact","PMID: 31462748","Early"
"Epithelia","C6-SLC2A1-like","LPAR3","ADGRE5",0.000757469677721106,0,"LPAR3_ADGRE5","LPAR3 - ADGRE5","ADGRE","Cell-Cell Contact","PMID: 31462748","Early"
"Epithelia","C7-APOBEC3A-like","LPAR3","ADGRE5",0.00284477411222848,0,"LPAR3_ADGRE5","LPAR3 - ADGRE5","ADGRE","Cell-Cell Contact","PMID: 31462748","Early"
"Epithelia","Mac-Cycling","LPAR3","ADGRE5",0.000580891391463015,0,"LPAR3_ADGRE5","LPAR3 - ADGRE5","ADGRE","Cell-Cell Contact","PMID: 31462748","Early"
"Epithelia","Mac-OLFML3-CX3CR1-resident","LPAR3","ADGRE5",0.000628216430409838,0,"LPAR3_ADGRE5","LPAR3 - ADGRE5","ADGRE","Cell-Cell Contact","PMID: 31462748","Early"
"Epithelia","Mono-FCN1-S100A8-S100A9","LPAR3","ADGRE5",0.00176942810070423,0,"LPAR3_ADGRE5","LPAR3 - ADGRE5","ADGRE","Cell-Cell Contact","PMID: 31462748","Early"
"Epithelia","Myeloid-CLEC10A-APC","LPAR3","ADGRE5",0.00086052980404789,0,"LPAR3_ADGRE5","LPAR3 - ADGRE5","ADGRE","Cell-Cell Contact","PMID: 31462748","Early"
"Epithelia","C6-SLC2A1-like","ITGAV_ITGB1","ADGRE5",0.00218246369841315,0,"ITGAV_ITGB1_ADGRE5","(ITGAV+ITGB1) - ADGRE5","ADGRE","Cell-Cell Contact","PMID: 31462748","Early"
"Epithelia","C7-APOBEC3A-like","ITGAV_ITGB1","ADGRE5",0.00816443711427187,0,"ITGAV_ITGB1_ADGRE5","(ITGAV+ITGB1) - ADGRE5","ADGRE","Cell-Cell Contact","PMID: 31462748","Early"
"Epithelia","Mac-Cycling","ITGAV_ITGB1","ADGRE5",0.00167425312436372,0,"ITGAV_ITGB1_ADGRE5","(ITGAV+ITGB1) - ADGRE5","ADGRE","Cell-Cell Contact","PMID: 31462748","Early"
"Epithelia","Mac-OLFML3-CX3CR1-resident","ITGAV_ITGB1","ADGRE5",0.00181049263489868,0,"ITGAV_ITGB1_ADGRE5","(ITGAV+ITGB1) - ADGRE5","ADGRE","Cell-Cell Contact","PMID: 31462748","Early"
"Epithelia","Mono-FCN1-S100A8-S100A9","ITGAV_ITGB1","ADGRE5",0.00508847995251245,0,"ITGAV_ITGB1_ADGRE5","(ITGAV+ITGB1) - ADGRE5","ADGRE","Cell-Cell Contact","PMID: 31462748","Early"
"Epithelia","Myeloid-CLEC10A-APC","ITGAV_ITGB1","ADGRE5",0.00247892527301269,0,"ITGAV_ITGB1_ADGRE5","(ITGAV+ITGB1) - ADGRE5","ADGRE","Cell-Cell Contact","PMID: 31462748","Early"
"C6-SLC2A1-like","Epithelia","TGM2","ADGRG1",0.00395072703537316,0,"TGM2_ADGRG1","TGM2 - ADGRG1","ADGRG","Cell-Cell Contact","PMID: 31462748","Early"
"C7-APOBEC3A-like","Epithelia","TGM2","ADGRG1",0.0071571790419712,0,"TGM2_ADGRG1","TGM2 - ADGRG1","ADGRG","Cell-Cell Contact","PMID: 31462748","Early"
"Mac-Cycling","Epithelia","TGM2","ADGRG1",0.00164496861262745,0,"TGM2_ADGRG1","TGM2 - ADGRG1","ADGRG","Cell-Cell Contact","PMID: 31462748","Early"
"Epithelia","C6-SLC2A1-like","APP","SORL1",0.00355410200808458,0,"APP_SORL1","APP - SORL1","APP","Cell-Cell Contact","PMID: 24523320","Early"
"Epithelia","C7-APOBEC3A-like","APP","SORL1",0.012608914603489,0,"APP_SORL1","APP - SORL1","APP","Cell-Cell Contact","PMID: 24523320","Early"
"C6-SLC2A1-like","Epithelia","APP","SORL1",0.0128830367657843,0,"APP_SORL1","APP - SORL1","APP","Cell-Cell Contact","PMID: 24523320","Early"
"C7-APOBEC3A-like","Epithelia","APP","SORL1",0.00574601729326715,0,"APP_SORL1","APP - SORL1","APP","Cell-Cell Contact","PMID: 24523320","Early"
"Mac-Cycling","Epithelia","APP","SORL1",0.0038123630069612,0,"APP_SORL1","APP - SORL1","APP","Cell-Cell Contact","PMID: 24523320","Early"
"Mac-OLFML3-CX3CR1-resident","Epithelia","APP","SORL1",0.00365720972226992,0,"APP_SORL1","APP - SORL1","APP","Cell-Cell Contact","PMID: 24523320","Early"
"Myeloid-CLEC10A-APC","Epithelia","APP","SORL1",0.00388778180764293,0,"APP_SORL1","APP - SORL1","APP","Cell-Cell Contact","PMID: 24523320","Early"
"Epithelia","Mac-Cycling","APP","SORL1",0.0106359880567215,0,"APP_SORL1","APP - SORL1","APP","Cell-Cell Contact","PMID: 24523320","Early"
"Epithelia","Mac-FOLR2-LYVE1-resident","APP","SORL1",0.00497897632868602,0,"APP_SORL1","APP - SORL1","APP","Cell-Cell Contact","PMID: 24523320","Early"
"Epithelia","Mac-OLFML3-CX3CR1-resident","APP","SORL1",0.0204969938848265,0,"APP_SORL1","APP - SORL1","APP","Cell-Cell Contact","PMID: 24523320","Early"
"Epithelia","Mac-TNF-CCL4-inflammatory","APP","SORL1",0.00667036416938522,0,"APP_SORL1","APP - SORL1","APP","Cell-Cell Contact","PMID: 24523320","Early"
"Epithelia","Mono-FCN1-S100A8-S100A9","APP","SORL1",0.00630057501016414,0,"APP_SORL1","APP - SORL1","APP","Cell-Cell Contact","PMID: 24523320","Early"
"Epithelia","Myeloid-CLEC10A-APC","APP","SORL1",0.0137286887678174,0,"APP_SORL1","APP - SORL1","APP","Cell-Cell Contact","PMID: 24523320","Early"
"C6-SLC2A1-like","Epithelia","APP","TNFRSF21",0.00181772578866616,0,"APP_TNFRSF21","APP - TNFRSF21","APP","Cell-Cell Contact","PMID: 33075465","Early"
"C7-APOBEC3A-like","Epithelia","APP","TNFRSF21",0.000805727913437887,0,"APP_TNFRSF21","APP - TNFRSF21","APP","Cell-Cell Contact","PMID: 33075465","Early"
"Mac-Cycling","Epithelia","APP","TNFRSF21",0.000533691323514299,0,"APP_TNFRSF21","APP - TNFRSF21","APP","Cell-Cell Contact","PMID: 33075465","Early"
"Mac-OLFML3-CX3CR1-resident","Epithelia","APP","TNFRSF21",0.000511902904740259,0,"APP_TNFRSF21","APP - TNFRSF21","APP","Cell-Cell Contact","PMID: 33075465","Early"
"Myeloid-CLEC10A-APC","Epithelia","APP","TNFRSF21",0.000544284612162877,0,"APP_TNFRSF21","APP - TNFRSF21","APP","Cell-Cell Contact","PMID: 33075465","Early"
"Epithelia","C6-SLC2A1-like","APP","TREM2_TYROBP",0.0323285162612928,0,"APP_TREM2_TYROBP","APP - (TREM2+TYROBP)","APP","Cell-Cell Contact","PMID:27477013","Early"
"Epithelia","C7-APOBEC3A-like","APP","TREM2_TYROBP",0.0326550730774608,0,"APP_TREM2_TYROBP","APP - (TREM2+TYROBP)","APP","Cell-Cell Contact","PMID:27477013","Early"
"Epithelia","Mac-Cycling","APP","TREM2_TYROBP",0.0348929716073842,0,"APP_TREM2_TYROBP","APP - (TREM2+TYROBP)","APP","Cell-Cell Contact","PMID:27477013","Early"
"Epithelia","Mac-FOLR2-LYVE1-resident","APP","TREM2_TYROBP",0.018902407682102,0,"APP_TREM2_TYROBP","APP - (TREM2+TYROBP)","APP","Cell-Cell Contact","PMID:27477013","Early"
"Epithelia","Mac-OLFML3-CX3CR1-resident","APP","TREM2_TYROBP",0.0404124870547729,0,"APP_TREM2_TYROBP","APP - (TREM2+TYROBP)","APP","Cell-Cell Contact","PMID:27477013","Early"
"Epithelia","Mac-TNF-CCL4-inflammatory","APP","TREM2_TYROBP",0.0201547712574368,0,"APP_TREM2_TYROBP","APP - (TREM2+TYROBP)","APP","Cell-Cell Contact","PMID:27477013","Early"
"Epithelia","Myeloid-CLEC10A-APC","APP","TREM2_TYROBP",0.0134174114347786,0,"APP_TREM2_TYROBP","APP - (TREM2+TYROBP)","APP","Cell-Cell Contact","PMID:27477013","Early"
"C7-APOBEC3A-like","Epithelia","CADM1","NECTIN3",0.000224430401674623,0,"CADM1_NECTIN3","CADM1 - NECTIN3","CADM","Cell-Cell Contact","uniprot","Early"
"Mac-Cycling","Epithelia","CADM1","NECTIN3",0.000344399077375913,0,"CADM1_NECTIN3","CADM1 - NECTIN3","CADM","Cell-Cell Contact","uniprot","Early"
"Mac-OLFML3-CX3CR1-resident","Epithelia","CADM1","NECTIN3",0.000379844311072324,0,"CADM1_NECTIN3","CADM1 - NECTIN3","CADM","Cell-Cell Contact","uniprot","Early"
"Mac-TNF-CCL4-inflammatory","Epithelia","CADM1","NECTIN3",0.000480599774313978,0,"CADM1_NECTIN3","CADM1 - NECTIN3","CADM","Cell-Cell Contact","uniprot","Early"
"C6-SLC2A1-like","Epithelia","CD99","PILRB",0.00926057204703989,0,"CD99_PILRB","Cd99 - Pilrb","CD99","Cell-Cell Contact","uniprot;PMID:18234675","Early"
"C7-APOBEC3A-like","Epithelia","CD99","PILRB",0.00186776990676811,0.01,"CD99_PILRB","Cd99 - Pilrb","CD99","Cell-Cell Contact","uniprot;PMID:18234675","Early"
"Mac-Cycling","Epithelia","CD99","PILRB",0.00543593236631151,0,"CD99_PILRB","Cd99 - Pilrb","CD99","Cell-Cell Contact","uniprot;PMID:18234675","Early"
"Mac-OLFML3-CX3CR1-resident","Epithelia","CD99","PILRB",0.00360861897265399,0,"CD99_PILRB","Cd99 - Pilrb","CD99","Cell-Cell Contact","uniprot;PMID:18234675","Early"
"Mono-FCN1-S100A8-S100A9","Epithelia","CD99","PILRB",0.0023425737779431,0,"CD99_PILRB","Cd99 - Pilrb","CD99","Cell-Cell Contact","uniprot;PMID:18234675","Early"
"Myeloid-CLEC10A-APC","Epithelia","CD99","PILRB",0.00638235633619372,0,"CD99_PILRB","Cd99 - Pilrb","CD99","Cell-Cell Contact","uniprot;PMID:18234675","Early"
"Epithelia","C7-APOBEC3A-like","NTN4","UNC5B",7.28729522159729e-05,0,"NTN4_UNC5B","NTN4 - UNC5B","Netrin","Cell-Cell Contact","PMID: 31914695","Early"
"Epithelia","Mac-Cycling","NTN4","UNC5B",0.000217175973111661,0,"NTN4_UNC5B","NTN4 - UNC5B","Netrin","Cell-Cell Contact","PMID: 31914695","Early"
"C6-SLC2A1-like","Epithelia","TGFB1","ACVR1B_TGFbR2",0.000670828418293465,0,"TGFB1_ACVR1B_TGFBR2","TGFB1 - (ACVR1B+TGFBR2)","TGFb","Secreted Signaling","PMID: 27449815","Advanced"
"C7-APOBEC3A-like","Epithelia","TGFB1","ACVR1B_TGFbR2",0.00309166622397095,0,"TGFB1_ACVR1B_TGFBR2","TGFB1 - (ACVR1B+TGFBR2)","TGFb","Secreted Signaling","PMID: 27449815","Advanced"
"Mac-Cycling","Epithelia","TGFB1","ACVR1B_TGFbR2",0.00223216135804403,0,"TGFB1_ACVR1B_TGFBR2","TGFB1 - (ACVR1B+TGFBR2)","TGFb","Secreted Signaling","PMID: 27449815","Advanced"
"Mac-FOLR2-LYVE1-resident","Epithelia","TGFB1","ACVR1B_TGFbR2",0.000790503213980649,0,"TGFB1_ACVR1B_TGFBR2","TGFB1 - (ACVR1B+TGFBR2)","TGFb","Secreted Signaling","PMID: 27449815","Advanced"
"Mac-OLFML3-CX3CR1-resident","Epithelia","TGFB1","ACVR1B_TGFbR2",0.00198142049388276,0,"TGFB1_ACVR1B_TGFBR2","TGFB1 - (ACVR1B+TGFBR2)","TGFb","Secreted Signaling","PMID: 27449815","Advanced"
"Mono-FCN1-S100A8-S100A9","Epithelia","TGFB1","ACVR1B_TGFbR2",0.000734506046044574,0,"TGFB1_ACVR1B_TGFBR2","TGFB1 - (ACVR1B+TGFBR2)","TGFb","Secreted Signaling","PMID: 27449815","Advanced"
"Myeloid-CLEC10A-APC","Epithelia","TGFB1","ACVR1B_TGFbR2",0.00281155697542671,0,"TGFB1_ACVR1B_TGFBR2","TGFB1 - (ACVR1B+TGFBR2)","TGFb","Secreted Signaling","PMID: 27449815","Advanced"
"Epithelia","C6-SLC2A1-like","BMP7","ACVR1_BMPR2",0.000730691077702093,0,"BMP7_ACVR1_BMPR2","BMP7 - (ACVR1+BMPR2)","BMP","Secreted Signaling","KEGG: hsa04350; PMID:26893264","Advanced"
"C6-SLC2A1-like","Epithelia","HBEGF","EGFR",0.000686597073856399,0,"HBEGF_EGFR","HBEGF - EGFR","EGF","Secreted Signaling","KEGG: hsa04012","Advanced"
"C7-APOBEC3A-like","Epithelia","HBEGF","EGFR",0.000525028227396997,0,"HBEGF_EGFR","HBEGF - EGFR","EGF","Secreted Signaling","KEGG: hsa04012","Advanced"
"Mac-Cycling","Epithelia","HBEGF","EGFR",0.000771944121276799,0,"HBEGF_EGFR","HBEGF - EGFR","EGF","Secreted Signaling","KEGG: hsa04012","Advanced"
"Mac-FOLR2-LYVE1-resident","Epithelia","HBEGF","EGFR",0.000822848919936671,0,"HBEGF_EGFR","HBEGF - EGFR","EGF","Secreted Signaling","KEGG: hsa04012","Advanced"
"Mac-OLFML3-CX3CR1-resident","Epithelia","HBEGF","EGFR",0.000745150746095401,0,"HBEGF_EGFR","HBEGF - EGFR","EGF","Secreted Signaling","KEGG: hsa04012","Advanced"
"Mac-TNF-CCL4-inflammatory","Epithelia","HBEGF","EGFR",0.00219753873144328,0,"HBEGF_EGFR","HBEGF - EGFR","EGF","Secreted Signaling","KEGG: hsa04012","Advanced"
"Mono-FCN1-S100A8-S100A9","Epithelia","HBEGF","EGFR",0.00104254985278847,0,"HBEGF_EGFR","HBEGF - EGFR","EGF","Secreted Signaling","KEGG: hsa04012","Advanced"
"Myeloid-CLEC10A-APC","Epithelia","HBEGF","EGFR",0.0024193842070418,0,"HBEGF_EGFR","HBEGF - EGFR","EGF","Secreted Signaling","KEGG: hsa04012","Advanced"
"C6-SLC2A1-like","Epithelia","HBEGF","EGFR_ERBB2",0.000961400672861387,0,"HBEGF_EGFR_ERBB2","HBEGF - (EGFR+ERBB2)","EGF","Secreted Signaling","KEGG: hsa04012","Advanced"
"C7-APOBEC3A-like","Epithelia","HBEGF","EGFR_ERBB2",0.000735213090735444,0,"HBEGF_EGFR_ERBB2","HBEGF - (EGFR+ERBB2)","EGF","Secreted Signaling","KEGG: hsa04012","Advanced"
"Mac-Cycling","Epithelia","HBEGF","EGFR_ERBB2",0.00108087007368805,0,"HBEGF_EGFR_ERBB2","HBEGF - (EGFR+ERBB2)","EGF","Secreted Signaling","KEGG: hsa04012","Advanced"
"Mac-FOLR2-LYVE1-resident","Epithelia","HBEGF","EGFR_ERBB2",0.00115212308267273,0,"HBEGF_EGFR_ERBB2","HBEGF - (EGFR+ERBB2)","EGF","Secreted Signaling","KEGG: hsa04012","Advanced"
"Mac-OLFML3-CX3CR1-resident","Epithelia","HBEGF","EGFR_ERBB2",0.00104336539708611,0,"HBEGF_EGFR_ERBB2","HBEGF - (EGFR+ERBB2)","EGF","Secreted Signaling","KEGG: hsa04012","Advanced"
"Mac-TNF-CCL4-inflammatory","Epithelia","HBEGF","EGFR_ERBB2",0.00307522060465969,0,"HBEGF_EGFR_ERBB2","HBEGF - (EGFR+ERBB2)","EGF","Secreted Signaling","KEGG: hsa04012","Advanced"
"Mono-FCN1-S100A8-S100A9","Epithelia","HBEGF","EGFR_ERBB2",0.00145961189614102,0,"HBEGF_EGFR_ERBB2","HBEGF - (EGFR+ERBB2)","EGF","Secreted Signaling","KEGG: hsa04012","Advanced"
"Myeloid-CLEC10A-APC","Epithelia","HBEGF","EGFR_ERBB2",0.0033853690228717,0,"HBEGF_EGFR_ERBB2","HBEGF - (EGFR+ERBB2)","EGF","Secreted Signaling","KEGG: hsa04012","Advanced"
"C6-SLC2A1-like","Epithelia","HBEGF","ERBB4",0.000447163252467007,0,"HBEGF_ERBB4","HBEGF - ERBB4","EGF","Secreted Signaling","KEGG: hsa04012","Advanced"
"C7-APOBEC3A-like","Epithelia","HBEGF","ERBB4",0.000341918284429378,0,"HBEGF_ERBB4","HBEGF - ERBB4","EGF","Secreted Signaling","KEGG: hsa04012","Advanced"
"Mac-Cycling","Epithelia","HBEGF","ERBB4",0.000502762592696937,0,"HBEGF_ERBB4","HBEGF - ERBB4","EGF","Secreted Signaling","KEGG: hsa04012","Advanced"
"Mac-FOLR2-LYVE1-resident","Epithelia","HBEGF","ERBB4",0.00053592610430418,0,"HBEGF_ERBB4","HBEGF - ERBB4","EGF","Secreted Signaling","KEGG: hsa04012","Advanced"
"Mac-OLFML3-CX3CR1-resident","Epithelia","HBEGF","ERBB4",0.000485307689833235,0,"HBEGF_ERBB4","HBEGF - ERBB4","EGF","Secreted Signaling","KEGG: hsa04012","Advanced"
"Mac-TNF-CCL4-inflammatory","Epithelia","HBEGF","ERBB4",0.00143195623679967,0,"HBEGF_ERBB4","HBEGF - ERBB4","EGF","Secreted Signaling","KEGG: hsa04012","Advanced"
"Mono-FCN1-S100A8-S100A9","Epithelia","HBEGF","ERBB4",0.000679070616220175,0,"HBEGF_ERBB4","HBEGF - ERBB4","EGF","Secreted Signaling","KEGG: hsa04012","Advanced"
"Myeloid-CLEC10A-APC","Epithelia","HBEGF","ERBB4",0.00157663690849688,0,"HBEGF_ERBB4","HBEGF - ERBB4","EGF","Secreted Signaling","KEGG: hsa04012","Advanced"
"C6-SLC2A1-like","Epithelia","HBEGF","ERBB2_ERBB4",0.000775916707811814,0,"HBEGF_ERBB2_ERBB4","HBEGF - (ERBB2+ERBB4)","EGF","Secreted Signaling","KEGG: hsa04012","Advanced"
"C7-APOBEC3A-like","Epithelia","HBEGF","ERBB2_ERBB4",0.000593341797949934,0,"HBEGF_ERBB2_ERBB4","HBEGF - (ERBB2+ERBB4)","EGF","Secreted Signaling","KEGG: hsa04012","Advanced"
"Mac-Cycling","Epithelia","HBEGF","ERBB2_ERBB4",0.000872356887774455,0,"HBEGF_ERBB2_ERBB4","HBEGF - (ERBB2+ERBB4)","EGF","Secreted Signaling","KEGG: hsa04012","Advanced"
"Mac-FOLR2-LYVE1-resident","Epithelia","HBEGF","ERBB2_ERBB4",0.000929877106889877,0,"HBEGF_ERBB2_ERBB4","HBEGF - (ERBB2+ERBB4)","EGF","Secreted Signaling","KEGG: hsa04012","Advanced"
"Mac-OLFML3-CX3CR1-resident","Epithelia","HBEGF","ERBB2_ERBB4",0.000842081227323021,0,"HBEGF_ERBB2_ERBB4","HBEGF - (ERBB2+ERBB4)","EGF","Secreted Signaling","KEGG: hsa04012","Advanced"
"Mac-TNF-CCL4-inflammatory","Epithelia","HBEGF","ERBB2_ERBB4",0.00248292887407899,0,"HBEGF_ERBB2_ERBB4","HBEGF - (ERBB2+ERBB4)","EGF","Secreted Signaling","KEGG: hsa04012","Advanced"
"Mono-FCN1-S100A8-S100A9","Epithelia","HBEGF","ERBB2_ERBB4",0.00117812090656742,0,"HBEGF_ERBB2_ERBB4","HBEGF - (ERBB2+ERBB4)","EGF","Secreted Signaling","KEGG: hsa04012","Advanced"
"Myeloid-CLEC10A-APC","Epithelia","HBEGF","ERBB2_ERBB4",0.00273350606881866,0,"HBEGF_ERBB2_ERBB4","HBEGF - (ERBB2+ERBB4)","EGF","Secreted Signaling","KEGG: hsa04012","Advanced"
"Mono-FCN1-S100A8-S100A9","Epithelia","EREG","EGFR",0.0042897620778626,0,"EREG_EGFR","EREG - EGFR","EGF","Secreted Signaling","KEGG: hsa04012","Advanced"
"Myeloid-CLEC10A-APC","Epithelia","EREG","EGFR",0.00535357995354733,0,"EREG_EGFR","EREG - EGFR","EGF","Secreted Signaling","KEGG: hsa04012","Advanced"
"Mono-FCN1-S100A8-S100A9","Epithelia","EREG","EGFR_ERBB2",0.00599804046412403,0,"EREG_EGFR_ERBB2","EREG - (EGFR+ERBB2)","EGF","Secreted Signaling","KEGG: hsa04012","Advanced"
"Myeloid-CLEC10A-APC","Epithelia","EREG","EGFR_ERBB2",0.00748231077702224,0,"EREG_EGFR_ERBB2","EREG - (EGFR+ERBB2)","EGF","Secreted Signaling","KEGG: hsa04012","Advanced"
"Mono-FCN1-S100A8-S100A9","Epithelia","EREG","ERBB4",0.00279733049563035,0,"EREG_ERBB4","EREG - ERBB4","EGF","Secreted Signaling","KEGG: hsa04012","Advanced"
"Myeloid-CLEC10A-APC","Epithelia","EREG","ERBB4",0.00349233845156895,0,"EREG_ERBB4","EREG - ERBB4","EGF","Secreted Signaling","KEGG: hsa04012","Advanced"
"Mono-FCN1-S100A8-S100A9","Epithelia","EREG","ERBB2_ERBB4",0.00484554575836433,0,"EREG_ERBB2_ERBB4","EREG - (ERBB2+ERBB4)","EGF","Secreted Signaling","KEGG: hsa04012","Advanced"
"Myeloid-CLEC10A-APC","Epithelia","EREG","ERBB2_ERBB4",0.00604635544817736,0,"EREG_ERBB2_ERBB4","EREG - (ERBB2+ERBB4)","EGF","Secreted Signaling","KEGG: hsa04012","Advanced"
"Myeloid-CLEC10A-APC","Epithelia","NRG1","ERBB3",0.00177927734973078,0,"NRG1_ERBB3","NRG1 - ERBB3","NRG","Secreted Signaling","KEGG: hsa04012","Advanced"
"Myeloid-CLEC10A-APC","Epithelia","NRG1","ERBB2_ERBB3",0.00127992997158439,0,"NRG1_ERBB2_ERBB3","NRG1 - (ERBB2+ERBB3)","NRG","Secreted Signaling","KEGG: hsa04012","Advanced"
"Myeloid-CLEC10A-APC","Epithelia","NRG1","ERBB4",0.000305739303565662,0,"NRG1_ERBB4","NRG1 - ERBB4","NRG","Secreted Signaling","KEGG: hsa04012","Advanced"
"Myeloid-CLEC10A-APC","Epithelia","NRG1","ERBB2_ERBB4",0.000530573368608367,0,"NRG1_ERBB2_ERBB4","NRG1 - (ERBB2+ERBB4)","NRG","Secreted Signaling","KEGG: hsa04012","Advanced"
"Epithelia","Myeloid-CLEC10A-APC","VEGFA","FLT1",0.00444650967681288,0,"VEGFA_VEGFR1","VEGFA - VEGFR1","VEGF","Secreted Signaling","KEGG: hsa04370; PMID: 16633338","Advanced"
"Epithelia","Myeloid-CLEC10A-APC","VEGFB","FLT1",0.00307327305157336,0,"VEGFB_VEGFR1","VEGFB - VEGFR1","VEGF","Secreted Signaling","KEGG: hsa04370; PMID: 16633338","Advanced"
"C7-APOBEC3A-like","Epithelia","IGF1","IGF1R",0.000394466981874545,0,"IGF1_IGF1R","IGF1 - IGF1R","IGF","Secreted Signaling","PMID: 14604834","Advanced"
"Mac-FOLR2-LYVE1-resident","Epithelia","IGF1","IGF1R",0.000284441792341515,0,"IGF1_IGF1R","IGF1 - IGF1R","IGF","Secreted Signaling","PMID: 14604834","Advanced"
"Epithelia","C6-SLC2A1-like","IGF2","IGF2R",0.00244577369484687,0,"IGF2_IGF2R","IGF2 - IGF2R","IGF","Secreted Signaling","PMID: 14604834","Advanced"
"Epithelia","C7-APOBEC3A-like","IGF2","IGF2R",0.00652843399056166,0,"IGF2_IGF2R","IGF2 - IGF2R","IGF","Secreted Signaling","PMID: 14604834","Advanced"
"Epithelia","Mac-Cycling","IGF2","IGF2R",0.000799892874242142,0,"IGF2_IGF2R","IGF2 - IGF2R","IGF","Secreted Signaling","PMID: 14604834","Advanced"
"Epithelia","Mac-FOLR2-LYVE1-resident","IGF2","IGF2R",0.00192006997638609,0,"IGF2_IGF2R","IGF2 - IGF2R","IGF","Secreted Signaling","PMID: 14604834","Advanced"
"Epithelia","Mac-NUPR1-IGF2-stress","IGF2","IGF2R",0.0033883237053684,0,"IGF2_IGF2R","IGF2 - IGF2R","IGF","Secreted Signaling","PMID: 14604834","Advanced"
"Epithelia","Myeloid-CLEC10A-APC","IGF2","IGF2R",0.00131959001490793,0,"IGF2_IGF2R","IGF2 - IGF2R","IGF","Secreted Signaling","PMID: 14604834","Advanced"
"C7-APOBEC3A-like","Epithelia","IGF1","ITGA6_ITGB4",0.000534419801604874,0,"IGF1_ITGA6_ITGB4","IGF1 - (ITGA6+ITGB4)","IGF","Secreted Signaling","PMID: 28190785; PMID: 28873464","Advanced"
"Mac-FOLR2-LYVE1-resident","Epithelia","IGF1","ITGA6_ITGB4",0.000385387506150011,0,"IGF1_ITGA6_ITGB4","IGF1 - (ITGA6+ITGB4)","IGF","Secreted Signaling","PMID: 28190785; PMID: 28873464","Advanced"
"Epithelia","C6-SLC2A1-like","CCL3","CCR1",0.000262718970648503,0.01,"CCL3_CCR1","CCL3 - CCR1","CCL","Secreted Signaling","KEGG: hsa04060","Advanced"
"Epithelia","Mac-Cycling","CCL3","CCR1",0.000138844601998235,0.04,"CCL3_CCR1","CCL3 - CCR1","CCL","Secreted Signaling","KEGG: hsa04060","Advanced"
"Epithelia","Mac-FOLR2-LYVE1-resident","CCL3","CCR1",0.000101065556466,0,"CCL3_CCR1","CCL3 - CCR1","CCL","Secreted Signaling","KEGG: hsa04060","Advanced"
"Epithelia","Mac-OLFML3-CX3CR1-resident","CCL3","CCR1",0.000140859080611605,0.03,"CCL3_CCR1","CCL3 - CCR1","CCL","Secreted Signaling","KEGG: hsa04060","Advanced"
"Epithelia","Mono-FCN1-S100A8-S100A9","CCL3","CCR1",0.000121739338237233,0.04,"CCL3_CCR1","CCL3 - CCR1","CCL","Secreted Signaling","KEGG: hsa04060","Advanced"
"Epithelia","Myeloid-CLEC10A-APC","CCL4","CCR5",6.56829913693883e-05,0.01,"CCL4_CCR5","CCL4 - CCR5","CCL","Secreted Signaling","KEGG: hsa04060","Advanced"
"Epithelia","Myeloid-CLEC10A-APC","CCL3","CCR5",2.43997197964758e-05,0.01,"CCL3_CCR5","CCL3 - CCR5","CCL","Secreted Signaling","KEGG: hsa04060","Advanced"
"Epithelia","C6-SLC2A1-like","MIF","CD74_CXCR4",0.121766017381983,0,"MIF_CD74_CXCR4","MIF - (CD74+CXCR4)","MIF","Secreted Signaling","PMID: 29637711; PMID: 24760155","Advanced"
"Epithelia","C7-APOBEC3A-like","MIF","CD74_CXCR4",0.118249347683445,0,"MIF_CD74_CXCR4","MIF - (CD74+CXCR4)","MIF","Secreted Signaling","PMID: 29637711; PMID: 24760155","Advanced"
"Epithelia","Mac-Cycling","MIF","CD74_CXCR4",0.0809194582144994,0,"MIF_CD74_CXCR4","MIF - (CD74+CXCR4)","MIF","Secreted Signaling","PMID: 29637711; PMID: 24760155","Advanced"
"Epithelia","Mac-FOLR2-LYVE1-resident","MIF","CD74_CXCR4",0.123260176906283,0,"MIF_CD74_CXCR4","MIF - (CD74+CXCR4)","MIF","Secreted Signaling","PMID: 29637711; PMID: 24760155","Advanced"
"Epithelia","Mac-NUPR1-IGF2-stress","MIF","CD74_CXCR4",0.0704121339276891,0,"MIF_CD74_CXCR4","MIF - (CD74+CXCR4)","MIF","Secreted Signaling","PMID: 29637711; PMID: 24760155","Advanced"
"Epithelia","Mac-OLFML3-CX3CR1-resident","MIF","CD74_CXCR4",0.140699765199939,0,"MIF_CD74_CXCR4","MIF - (CD74+CXCR4)","MIF","Secreted Signaling","PMID: 29637711; PMID: 24760155","Advanced"
"Epithelia","Mac-TNF-CCL4-inflammatory","MIF","CD74_CXCR4",0.121921638886987,0,"MIF_CD74_CXCR4","MIF - (CD74+CXCR4)","MIF","Secreted Signaling","PMID: 29637711; PMID: 24760155","Advanced"
"Epithelia","Mono-FCN1-S100A8-S100A9","MIF","CD74_CXCR4",0.0567591667223772,0,"MIF_CD74_CXCR4","MIF - (CD74+CXCR4)","MIF","Secreted Signaling","PMID: 29637711; PMID: 24760155","Advanced"
"Epithelia","Myeloid-CLEC10A-APC","MIF","CD74_CXCR4",0.0991676076073467,0,"MIF_CD74_CXCR4","MIF - (CD74+CXCR4)","MIF","Secreted Signaling","PMID: 29637711; PMID: 24760155","Advanced"
"Epithelia","C6-SLC2A1-like","MIF","CD74_CD44",0.135046867111249,0,"MIF_CD74_CD44","MIF - (CD74+CD44)","MIF","Secreted Signaling","PMID: 29637711; PMID: 26175090","Advanced"
"Epithelia","C7-APOBEC3A-like","MIF","CD74_CD44",0.142221569463205,0,"MIF_CD74_CD44","MIF - (CD74+CD44)","MIF","Secreted Signaling","PMID: 29637711; PMID: 26175090","Advanced"
"Epithelia","Mac-Cycling","MIF","CD74_CD44",0.120338854297273,0,"MIF_CD74_CD44","MIF - (CD74+CD44)","MIF","Secreted Signaling","PMID: 29637711; PMID: 26175090","Advanced"
"Epithelia","Mac-FOLR2-LYVE1-resident","MIF","CD74_CD44",0.102222233461158,0,"MIF_CD74_CD44","MIF - (CD74+CD44)","MIF","Secreted Signaling","PMID: 29637711; PMID: 26175090","Advanced"
"Epithelia","Mac-NUPR1-IGF2-stress","MIF","CD74_CD44",0.0643316625498085,0,"MIF_CD74_CD44","MIF - (CD74+CD44)","MIF","Secreted Signaling","PMID: 29637711; PMID: 26175090","Advanced"
"Epithelia","Mac-OLFML3-CX3CR1-resident","MIF","CD74_CD44",0.125745935895977,0,"MIF_CD74_CD44","MIF - (CD74+CD44)","MIF","Secreted Signaling","PMID: 29637711; PMID: 26175090","Advanced"
"Epithelia","Mac-TNF-CCL4-inflammatory","MIF","CD74_CD44",0.114951898872718,0,"MIF_CD74_CD44","MIF - (CD74+CD44)","MIF","Secreted Signaling","PMID: 29637711; PMID: 26175090","Advanced"
"Epithelia","Mono-FCN1-S100A8-S100A9","MIF","CD74_CD44",0.128613263856341,0,"MIF_CD74_CD44","MIF - (CD74+CD44)","MIF","Secreted Signaling","PMID: 29637711; PMID: 26175090","Advanced"
"Epithelia","Myeloid-CLEC10A-APC","MIF","CD74_CD44",0.137331971637349,0,"MIF_CD74_CD44","MIF - (CD74+CD44)","MIF","Secreted Signaling","PMID: 29637711; PMID: 26175090","Advanced"
"C6-SLC2A1-like","Epithelia","OSM","LIFR_IL6ST",0.000816299623121353,0,"OSM_LIFR_IL6ST","OSM - (LIFR+IL6ST)","OSM","Secreted Signaling","KEGG: hsa04060","Advanced"
"C7-APOBEC3A-like","Epithelia","OSM","LIFR_IL6ST",0.000441876964918952,0,"OSM_LIFR_IL6ST","OSM - (LIFR+IL6ST)","OSM","Secreted Signaling","KEGG: hsa04060","Advanced"
"Mac-Cycling","Epithelia","OSM","LIFR_IL6ST",0.000698454032115248,0,"OSM_LIFR_IL6ST","OSM - (LIFR+IL6ST)","OSM","Secreted Signaling","KEGG: hsa04060","Advanced"
"Mac-OLFML3-CX3CR1-resident","Epithelia","OSM","LIFR_IL6ST",0.000935934982325442,0,"OSM_LIFR_IL6ST","OSM - (LIFR+IL6ST)","OSM","Secreted Signaling","KEGG: hsa04060","Advanced"
"Mono-FCN1-S100A8-S100A9","Epithelia","OSM","LIFR_IL6ST",0.0017487712068889,0,"OSM_LIFR_IL6ST","OSM - (LIFR+IL6ST)","OSM","Secreted Signaling","KEGG: hsa04060","Advanced"
"Myeloid-CLEC10A-APC","Epithelia","OSM","LIFR_IL6ST",0.00223791757110035,0,"OSM_LIFR_IL6ST","OSM - (LIFR+IL6ST)","OSM","Secreted Signaling","KEGG: hsa04060","Advanced"
"C6-SLC2A1-like","Epithelia","OSM","OSMR_IL6ST",0.000788234687492452,0,"OSM_OSMR_IL6ST","OSM - (OSMR+IL6ST)","OSM","Secreted Signaling","KEGG: hsa04060","Advanced"
"C7-APOBEC3A-like","Epithelia","OSM","OSMR_IL6ST",0.000426679437566849,0,"OSM_OSMR_IL6ST","OSM - (OSMR+IL6ST)","OSM","Secreted Signaling","KEGG: hsa04060","Advanced"
"Mac-Cycling","Epithelia","OSM","OSMR_IL6ST",0.000674437973175233,0,"OSM_OSMR_IL6ST","OSM - (OSMR+IL6ST)","OSM","Secreted Signaling","KEGG: hsa04060","Advanced"
"Mac-OLFML3-CX3CR1-resident","Epithelia","OSM","OSMR_IL6ST",0.000903760622103339,0,"OSM_OSMR_IL6ST","OSM - (OSMR+IL6ST)","OSM","Secreted Signaling","KEGG: hsa04060","Advanced"
"Mono-FCN1-S100A8-S100A9","Epithelia","OSM","OSMR_IL6ST",0.00168870144701777,0,"OSM_OSMR_IL6ST","OSM - (OSMR+IL6ST)","OSM","Secreted Signaling","KEGG: hsa04060","Advanced"
"Myeloid-CLEC10A-APC","Epithelia","OSM","OSMR_IL6ST",0.00216108215634305,0,"OSM_OSMR_IL6ST","OSM - (OSMR+IL6ST)","OSM","Secreted Signaling","KEGG: hsa04060","Advanced"
"C6-SLC2A1-like","Epithelia","IL1B","IL1R1_IL1RAP",0.00673530335355614,0,"IL1B_IL1R1_IL1RAP","IL1B - (IL1R1+IL1RAP)","IL1","Secreted Signaling","KEGG: hsa04060","Advanced"
"C7-APOBEC3A-like","Epithelia","IL1B","IL1R1_IL1RAP",0.00711961900721634,0,"IL1B_IL1R1_IL1RAP","IL1B - (IL1R1+IL1RAP)","IL1","Secreted Signaling","KEGG: hsa04060","Advanced"
"Mac-Cycling","Epithelia","IL1B","IL1R1_IL1RAP",0.00776960037921909,0,"IL1B_IL1R1_IL1RAP","IL1B - (IL1R1+IL1RAP)","IL1","Secreted Signaling","KEGG: hsa04060","Advanced"
"Mac-FOLR2-LYVE1-resident","Epithelia","IL1B","IL1R1_IL1RAP",0.00186205312421277,0,"IL1B_IL1R1_IL1RAP","IL1B - (IL1R1+IL1RAP)","IL1","Secreted Signaling","KEGG: hsa04060","Advanced"
"Mac-NUPR1-IGF2-stress","Epithelia","IL1B","IL1R1_IL1RAP",0.00318945699170505,0,"IL1B_IL1R1_IL1RAP","IL1B - (IL1R1+IL1RAP)","IL1","Secreted Signaling","KEGG: hsa04060","Advanced"
"Mac-OLFML3-CX3CR1-resident","Epithelia","IL1B","IL1R1_IL1RAP",0.0109066574476697,0,"IL1B_IL1R1_IL1RAP","IL1B - (IL1R1+IL1RAP)","IL1","Secreted Signaling","KEGG: hsa04060","Advanced"
"Mac-TNF-CCL4-inflammatory","Epithelia","IL1B","IL1R1_IL1RAP",0.0151882151234464,0,"IL1B_IL1R1_IL1RAP","IL1B - (IL1R1+IL1RAP)","IL1","Secreted Signaling","KEGG: hsa04060","Advanced"
"Mono-FCN1-S100A8-S100A9","Epithelia","IL1B","IL1R1_IL1RAP",0.0182254752742231,0,"IL1B_IL1R1_IL1RAP","IL1B - (IL1R1+IL1RAP)","IL1","Secreted Signaling","KEGG: hsa04060","Advanced"
"Myeloid-CLEC10A-APC","Epithelia","IL1B","IL1R1_IL1RAP",0.0132723148927066,0,"IL1B_IL1R1_IL1RAP","IL1B - (IL1R1+IL1RAP)","IL1","Secreted Signaling","KEGG: hsa04060","Advanced"
"Epithelia","C6-SLC2A1-like","CSF1","CSF1R",0.00249269866153323,0,"CSF1_CSF1R","CSF1 - CSF1R","CSF","Secreted Signaling","KEGG: hsa04060","Advanced"
"Epithelia","C7-APOBEC3A-like","CSF1","CSF1R",0.00357268452508928,0,"CSF1_CSF1R","CSF1 - CSF1R","CSF","Secreted Signaling","KEGG: hsa04060","Advanced"
"Epithelia","Mac-Cycling","CSF1","CSF1R",0.00272205970041359,0,"CSF1_CSF1R","CSF1 - CSF1R","CSF","Secreted Signaling","KEGG: hsa04060","Advanced"
"Epithelia","Mac-FOLR2-LYVE1-resident","CSF1","CSF1R",0.00217880582501847,0,"CSF1_CSF1R","CSF1 - CSF1R","CSF","Secreted Signaling","KEGG: hsa04060","Advanced"
"Epithelia","Mac-NUPR1-IGF2-stress","CSF1","CSF1R",0.000723780315932082,0,"CSF1_CSF1R","CSF1 - CSF1R","CSF","Secreted Signaling","KEGG: hsa04060","Advanced"
"Epithelia","Mac-OLFML3-CX3CR1-resident","CSF1","CSF1R",0.00295670086782969,0,"CSF1_CSF1R","CSF1 - CSF1R","CSF","Secreted Signaling","KEGG: hsa04060","Advanced"
"Epithelia","Mac-TNF-CCL4-inflammatory","CSF1","CSF1R",0.000697178581583458,0,"CSF1_CSF1R","CSF1 - CSF1R","CSF","Secreted Signaling","KEGG: hsa04060","Advanced"
"Epithelia","Mono-FCN1-S100A8-S100A9","CSF1","CSF1R",0.000727155068068954,0.01,"CSF1_CSF1R","CSF1 - CSF1R","CSF","Secreted Signaling","KEGG: hsa04060","Advanced"
"Epithelia","Myeloid-CLEC10A-APC","CSF1","CSF1R",0.00231541608002811,0,"CSF1_CSF1R","CSF1 - CSF1R","CSF","Secreted Signaling","KEGG: hsa04060","Advanced"
"C6-SLC2A1-like","Epithelia","TNF","TNFRSF1A",0.00827850996072334,0,"TNF_TNFRSF1A","TNF - TNFRSF1A","TNF","Secreted Signaling","KEGG: hsa04060","Advanced"
"C7-APOBEC3A-like","Epithelia","TNF","TNFRSF1A",0.0149079722498747,0,"TNF_TNFRSF1A","TNF - TNFRSF1A","TNF","Secreted Signaling","KEGG: hsa04060","Advanced"
"Mac-Cycling","Epithelia","TNF","TNFRSF1A",0.0159308921650009,0,"TNF_TNFRSF1A","TNF - TNFRSF1A","TNF","Secreted Signaling","KEGG: hsa04060","Advanced"
"Mac-FOLR2-LYVE1-resident","Epithelia","TNF","TNFRSF1A",0.00648109331868972,0,"TNF_TNFRSF1A","TNF - TNFRSF1A","TNF","Secreted Signaling","KEGG: hsa04060","Advanced"
"Mac-NUPR1-IGF2-stress","Epithelia","TNF","TNFRSF1A",0.00725655235439854,0,"TNF_TNFRSF1A","TNF - TNFRSF1A","TNF","Secreted Signaling","KEGG: hsa04060","Advanced"
"Mac-OLFML3-CX3CR1-resident","Epithelia","TNF","TNFRSF1A",0.0130186362024009,0,"TNF_TNFRSF1A","TNF - TNFRSF1A","TNF","Secreted Signaling","KEGG: hsa04060","Advanced"
"Mac-TNF-CCL4-inflammatory","Epithelia","TNF","TNFRSF1A",0.0447694002501484,0,"TNF_TNFRSF1A","TNF - TNFRSF1A","TNF","Secreted Signaling","KEGG: hsa04060","Advanced"
"Mono-FCN1-S100A8-S100A9","Epithelia","TNF","TNFRSF1A",0.0100053962906621,0,"TNF_TNFRSF1A","TNF - TNFRSF1A","TNF","Secreted Signaling","KEGG: hsa04060","Advanced"
"Myeloid-CLEC10A-APC","Epithelia","TNF","TNFRSF1A",0.0116580689551457,0,"TNF_TNFRSF1A","TNF - TNFRSF1A","TNF","Secreted Signaling","KEGG: hsa04060","Advanced"
"C6-SLC2A1-like","Epithelia","TNFSF12","TNFRSF12A",0.00389814015952538,0,"TNFSF12_TNFRSF12A","TNFSF12 - TNFRSF12A","TWEAK","Secreted Signaling","KEGG: hsa04060","Advanced"
"C7-APOBEC3A-like","Epithelia","TNFSF12","TNFRSF12A",0.0138676492208774,0,"TNFSF12_TNFRSF12A","TNFSF12 - TNFRSF12A","TWEAK","Secreted Signaling","KEGG: hsa04060","Advanced"
"Mac-Cycling","Epithelia","TNFSF12","TNFRSF12A",0.00990070979235296,0,"TNFSF12_TNFRSF12A","TNFSF12 - TNFRSF12A","TWEAK","Secreted Signaling","KEGG: hsa04060","Advanced"
"Mac-OLFML3-CX3CR1-resident","Epithelia","TNFSF12","TNFRSF12A",0.0121226598090518,0,"TNFSF12_TNFRSF12A","TNFSF12 - TNFRSF12A","TWEAK","Secreted Signaling","KEGG: hsa04060","Advanced"
"Myeloid-CLEC10A-APC","Epithelia","TNFSF12","TNFRSF12A",0.00408547662121777,0,"TNFSF12_TNFRSF12A","TNFSF12 - TNFRSF12A","TWEAK","Secreted Signaling","KEGG: hsa04060","Advanced"
"C6-SLC2A1-like","Epithelia","SPP1","CD44",0.0229263360464531,0,"SPP1_CD44","SPP1 - CD44","SPP1","Secreted Signaling","PMID: 21907263","Advanced"
"Mac-NUPR1-IGF2-stress","Epithelia","SPP1","CD44",0.0189053630941993,0.01,"SPP1_CD44","SPP1 - CD44","SPP1","Secreted Signaling","PMID: 21907263","Advanced"
"Epithelia","Myeloid-CLEC10A-APC","SPP1","CD44",0.011845149757981,0.02,"SPP1_CD44","SPP1 - CD44","SPP1","Secreted Signaling","PMID: 21907263","Advanced"
"C6-SLC2A1-like","Epithelia","SPP1","ITGAV_ITGB1",0.0703036515841183,0,"SPP1_ITGAV_ITGB1","SPP1 - (ITGAV+ITGB1)","SPP1","Secreted Signaling","PMID: 21907263","Advanced"
"C7-APOBEC3A-like","Epithelia","SPP1","ITGAV_ITGB1",0.0336684372647899,0,"SPP1_ITGAV_ITGB1","SPP1 - (ITGAV+ITGB1)","SPP1","Secreted Signaling","PMID: 21907263","Advanced"
"Mac-Cycling","Epithelia","SPP1","ITGAV_ITGB1",0.0525839524106954,0,"SPP1_ITGAV_ITGB1","SPP1 - (ITGAV+ITGB1)","SPP1","Secreted Signaling","PMID: 21907263","Advanced"
"Mac-FOLR2-LYVE1-resident","Epithelia","SPP1","ITGAV_ITGB1",0.0240940493096877,0,"SPP1_ITGAV_ITGB1","SPP1 - (ITGAV+ITGB1)","SPP1","Secreted Signaling","PMID: 21907263","Advanced"
"Mac-NUPR1-IGF2-stress","Epithelia","SPP1","ITGAV_ITGB1",0.0584705832462786,0,"SPP1_ITGAV_ITGB1","SPP1 - (ITGAV+ITGB1)","SPP1","Secreted Signaling","PMID: 21907263","Advanced"
"Mac-OLFML3-CX3CR1-resident","Epithelia","SPP1","ITGAV_ITGB1",0.0331423764112044,0,"SPP1_ITGAV_ITGB1","SPP1 - (ITGAV+ITGB1)","SPP1","Secreted Signaling","PMID: 21907263","Advanced"
"Mac-TNF-CCL4-inflammatory","Epithelia","SPP1","ITGAV_ITGB1",0.045211075716016,0,"SPP1_ITGAV_ITGB1","SPP1 - (ITGAV+ITGB1)","SPP1","Secreted Signaling","PMID: 21907263","Advanced"
"Mono-FCN1-S100A8-S100A9","Epithelia","SPP1","ITGAV_ITGB1",0.00482207009227628,0,"SPP1_ITGAV_ITGB1","SPP1 - (ITGAV+ITGB1)","SPP1","Secreted Signaling","PMID: 21907263","Advanced"
"Myeloid-CLEC10A-APC","Epithelia","SPP1","ITGAV_ITGB1",0.0475294263851554,0,"SPP1_ITGAV_ITGB1","SPP1 - (ITGAV+ITGB1)","SPP1","Secreted Signaling","PMID: 21907263","Advanced"
"Epithelia","C6-SLC2A1-like","SPP1","ITGAV_ITGB5",0.000977699924185929,0.01,"SPP1_ITGAV_ITGB5","SPP1 - (ITGAV+ITGB5)","SPP1","Secreted Signaling","PMID: 21907263","Advanced"
"C6-SLC2A1-like","Epithelia","SPP1","ITGAV_ITGB5",0.0270263669467982,0,"SPP1_ITGAV_ITGB5","SPP1 - (ITGAV+ITGB5)","SPP1","Secreted Signaling","PMID: 21907263","Advanced"
"C7-APOBEC3A-like","Epithelia","SPP1","ITGAV_ITGB5",0.0126364109638609,0,"SPP1_ITGAV_ITGB5","SPP1 - (ITGAV+ITGB5)","SPP1","Secreted Signaling","PMID: 21907263","Advanced"
"Mac-Cycling","Epithelia","SPP1","ITGAV_ITGB5",0.0199800804520449,0,"SPP1_ITGAV_ITGB5","SPP1 - (ITGAV+ITGB5)","SPP1","Secreted Signaling","PMID: 21907263","Advanced"
"Mac-FOLR2-LYVE1-resident","Epithelia","SPP1","ITGAV_ITGB5",0.00898733383429051,0,"SPP1_ITGAV_ITGB5","SPP1 - (ITGAV+ITGB5)","SPP1","Secreted Signaling","PMID: 21907263","Advanced"
"Mac-NUPR1-IGF2-stress","Epithelia","SPP1","ITGAV_ITGB5",0.0223027173555205,0,"SPP1_ITGAV_ITGB5","SPP1 - (ITGAV+ITGB5)","SPP1","Secreted Signaling","PMID: 21907263","Advanced"
"Mac-OLFML3-CX3CR1-resident","Epithelia","SPP1","ITGAV_ITGB5",0.0124347415455497,0,"SPP1_ITGAV_ITGB5","SPP1 - (ITGAV+ITGB5)","SPP1","Secreted Signaling","PMID: 21907263","Advanced"
"Mac-TNF-CCL4-inflammatory","Epithelia","SPP1","ITGAV_ITGB5",0.0170961509457679,0,"SPP1_ITGAV_ITGB5","SPP1 - (ITGAV+ITGB5)","SPP1","Secreted Signaling","PMID: 21907263","Advanced"
"Mono-FCN1-S100A8-S100A9","Epithelia","SPP1","ITGAV_ITGB5",0.00177668457623255,0,"SPP1_ITGAV_ITGB5","SPP1 - (ITGAV+ITGB5)","SPP1","Secreted Signaling","PMID: 21907263","Advanced"
"Myeloid-CLEC10A-APC","Epithelia","SPP1","ITGAV_ITGB5",0.0179999930201398,0,"SPP1_ITGAV_ITGB5","SPP1 - (ITGAV+ITGB5)","SPP1","Secreted Signaling","PMID: 21907263","Advanced"
"Epithelia","Mac-Cycling","SPP1","ITGAV_ITGB5",0.00102005860597931,0.02,"SPP1_ITGAV_ITGB5","SPP1 - (ITGAV+ITGB5)","SPP1","Secreted Signaling","PMID: 21907263","Advanced"
"Epithelia","Mac-OLFML3-CX3CR1-resident","SPP1","ITGAV_ITGB5",0.000712208529788853,0.04,"SPP1_ITGAV_ITGB5","SPP1 - (ITGAV+ITGB5)","SPP1","Secreted Signaling","PMID: 21907263","Advanced"
"Epithelia","Myeloid-CLEC10A-APC","SPP1","ITGAV_ITGB5",0.00108536491235022,0,"SPP1_ITGAV_ITGB5","SPP1 - (ITGAV+ITGB5)","SPP1","Secreted Signaling","PMID: 21907263","Advanced"
"Epithelia","C6-SLC2A1-like","SPP1","ITGA5_ITGB1",0.00433023134178342,0,"SPP1_ITGA5_ITGB1","SPP1 - (ITGA5+ITGB1)","SPP1","Secreted Signaling","PMID: 21907263","Advanced"
"Epithelia","Mac-Cycling","SPP1","ITGA5_ITGB1",0.00179737948762022,0.02,"SPP1_ITGA5_ITGB1","SPP1 - (ITGA5+ITGB1)","SPP1","Secreted Signaling","PMID: 21907263","Advanced"
"Epithelia","Mac-OLFML3-CX3CR1-resident","SPP1","ITGA5_ITGB1",0.00179050267740191,0,"SPP1_ITGA5_ITGB1","SPP1 - (ITGA5+ITGB1)","SPP1","Secreted Signaling","PMID: 21907263","Advanced"
"Epithelia","Myeloid-CLEC10A-APC","SPP1","ITGA5_ITGB1",0.00286339102997065,0,"SPP1_ITGA5_ITGB1","SPP1 - (ITGA5+ITGB1)","SPP1","Secreted Signaling","PMID: 21907263","Advanced"
"Mono-FCN1-S100A8-S100A9","Epithelia","RETN","CAP1",0.00873823786029823,0,"RETN_CAP1","RETN - CAP1","RESISTIN","Secreted Signaling","PMID: 30809105","Advanced"
"Myeloid-CLEC10A-APC","Epithelia","RETN","CAP1",0.0219968472853022,0,"RETN_CAP1","RETN - CAP1","RESISTIN","Secreted Signaling","PMID: 30809105","Advanced"
"Epithelia","C6-SLC2A1-like","NAMPT","ITGA5_ITGB1",0.0204361637213744,0,"NAMPT_ITGA5_ITGB1","NAMPT - (ITGA5+ITGB1)","VISFATIN","Secreted Signaling","PMID: 28490838","Advanced"
"Epithelia","Mac-Cycling","NAMPT","ITGA5_ITGB1",0.00856360808190713,0.01,"NAMPT_ITGA5_ITGB1","NAMPT - (ITGA5+ITGB1)","VISFATIN","Secreted Signaling","PMID: 28490838","Advanced"
"Epithelia","Mac-OLFML3-CX3CR1-resident","NAMPT","ITGA5_ITGB1",0.00853106479198509,0,"NAMPT_ITGA5_ITGB1","NAMPT - (ITGA5+ITGB1)","VISFATIN","Secreted Signaling","PMID: 28490838","Advanced"
"Epithelia","Myeloid-CLEC10A-APC","NAMPT","ITGA5_ITGB1",0.0135879894874809,0,"NAMPT_ITGA5_ITGB1","NAMPT - (ITGA5+ITGB1)","VISFATIN","Secreted Signaling","PMID: 28490838","Advanced"
"Epithelia","C6-SLC2A1-like","MDK","SDC4",0.00657428589406932,0,"MDK_SDC4","MDK - SDC4","MK","Secreted Signaling","PMID: 28356350","Advanced"
"Epithelia","C7-APOBEC3A-like","MDK","SDC4",0.00625730214898509,0,"MDK_SDC4","MDK - SDC4","MK","Secreted Signaling","PMID: 28356350","Advanced"
"Epithelia","Mac-Cycling","MDK","SDC4",0.00196539216129659,0,"MDK_SDC4","MDK - SDC4","MK","Secreted Signaling","PMID: 28356350","Advanced"
"Epithelia","Myeloid-CLEC10A-APC","MDK","SDC4",0.00454260212754289,0,"MDK_SDC4","MDK - SDC4","MK","Secreted Signaling","PMID: 28356350","Advanced"
"Epithelia","C6-SLC2A1-like","MDK","ITGA4_ITGB1",0.0148649526050325,0,"MDK_ITGA4_ITGB1","MDK - (ITGA4+ITGB1)","MK","Secreted Signaling","PMID: 28356350","Advanced"
"Epithelia","C7-APOBEC3A-like","MDK","ITGA4_ITGB1",0.0126967898194876,0,"MDK_ITGA4_ITGB1","MDK - (ITGA4+ITGB1)","MK","Secreted Signaling","PMID: 28356350","Advanced"
"Epithelia","Mac-Cycling","MDK","ITGA4_ITGB1",0.0216100406562075,0,"MDK_ITGA4_ITGB1","MDK - (ITGA4+ITGB1)","MK","Secreted Signaling","PMID: 28356350","Advanced"
"Epithelia","Mac-FOLR2-LYVE1-resident","MDK","ITGA4_ITGB1",0.0174527400946849,0,"MDK_ITGA4_ITGB1","MDK - (ITGA4+ITGB1)","MK","Secreted Signaling","PMID: 28356350","Advanced"
"Epithelia","Mac-OLFML3-CX3CR1-resident","MDK","ITGA4_ITGB1",0.0216563260001146,0,"MDK_ITGA4_ITGB1","MDK - (ITGA4+ITGB1)","MK","Secreted Signaling","PMID: 28356350","Advanced"
"Epithelia","Mac-TNF-CCL4-inflammatory","MDK","ITGA4_ITGB1",0.0115071677480705,0,"MDK_ITGA4_ITGB1","MDK - (ITGA4+ITGB1)","MK","Secreted Signaling","PMID: 28356350","Advanced"
"Epithelia","Myeloid-CLEC10A-APC","MDK","ITGA4_ITGB1",0.0112479117043565,0,"MDK_ITGA4_ITGB1","MDK - (ITGA4+ITGB1)","MK","Secreted Signaling","PMID: 28356350","Advanced"
"Epithelia","Mac-Cycling","MDK","ITGA6_ITGB1",0.00864427960678747,0,"MDK_ITGA6_ITGB1","MDK - (ITGA6+ITGB1)","MK","Secreted Signaling","PMID: 28356350","Advanced"
"Epithelia","Mac-OLFML3-CX3CR1-resident","MDK","ITGA6_ITGB1",0.0130599181447951,0,"MDK_ITGA6_ITGB1","MDK - (ITGA6+ITGB1)","MK","Secreted Signaling","PMID: 28356350","Advanced"
"Epithelia","C6-SLC2A1-like","MDK","LRP1",0.0354858846275752,0,"MDK_LRP1","MDK - LRP1","MK","Secreted Signaling","PMID: 28356350","Advanced"
"Epithelia","C7-APOBEC3A-like","MDK","LRP1",0.0326921684423854,0,"MDK_LRP1","MDK - LRP1","MK","Secreted Signaling","PMID: 28356350","Advanced"
"Epithelia","Mac-Cycling","MDK","LRP1",0.0170754103955164,0,"MDK_LRP1","MDK - LRP1","MK","Secreted Signaling","PMID: 28356350","Advanced"
"Epithelia","Mac-FOLR2-LYVE1-resident","MDK","LRP1",0.0368204271282621,0,"MDK_LRP1","MDK - LRP1","MK","Secreted Signaling","PMID: 28356350","Advanced"
"Epithelia","Mac-NUPR1-IGF2-stress","MDK","LRP1",0.0118753930477428,0,"MDK_LRP1","MDK - LRP1","MK","Secreted Signaling","PMID: 28356350","Advanced"
"Epithelia","Mac-OLFML3-CX3CR1-resident","MDK","LRP1",0.032926245845376,0,"MDK_LRP1","MDK - LRP1","MK","Secreted Signaling","PMID: 28356350","Advanced"
"Epithelia","Mac-TNF-CCL4-inflammatory","MDK","LRP1",0.0132746287215293,0,"MDK_LRP1","MDK - LRP1","MK","Secreted Signaling","PMID: 28356350","Advanced"
"Epithelia","Mono-FCN1-S100A8-S100A9","MDK","LRP1",0.0287685536467653,0,"MDK_LRP1","MDK - LRP1","MK","Secreted Signaling","PMID: 28356350","Advanced"
"Epithelia","Myeloid-CLEC10A-APC","MDK","LRP1",0.0259167349597202,0,"MDK_LRP1","MDK - LRP1","MK","Secreted Signaling","PMID: 28356350","Advanced"
"Epithelia","C6-SLC2A1-like","MDK","NCL",0.0413084663440826,0,"MDK_NCL","MDK - NCL","MK","Secreted Signaling","PMID: 28356350","Advanced"
"Epithelia","C7-APOBEC3A-like","MDK","NCL",0.0369371226256194,0,"MDK_NCL","MDK - NCL","MK","Secreted Signaling","PMID: 28356350","Advanced"
"Epithelia","Mac-Cycling","MDK","NCL",0.0553713547303931,0,"MDK_NCL","MDK - NCL","MK","Secreted Signaling","PMID: 28356350","Advanced"
"Epithelia","Mac-FOLR2-LYVE1-resident","MDK","NCL",0.0354473624873742,0,"MDK_NCL","MDK - NCL","MK","Secreted Signaling","PMID: 28356350","Advanced"
"Epithelia","Mac-NUPR1-IGF2-stress","MDK","NCL",0.0165195412684791,0,"MDK_NCL","MDK - NCL","MK","Secreted Signaling","PMID: 28356350","Advanced"
"Epithelia","Mac-OLFML3-CX3CR1-resident","MDK","NCL",0.0415539167346956,0,"MDK_NCL","MDK - NCL","MK","Secreted Signaling","PMID: 28356350","Advanced"
"Epithelia","Mac-TNF-CCL4-inflammatory","MDK","NCL",0.033966946235949,0,"MDK_NCL","MDK - NCL","MK","Secreted Signaling","PMID: 28356350","Advanced"
"Epithelia","Mono-FCN1-S100A8-S100A9","MDK","NCL",0.0106183402616977,0,"MDK_NCL","MDK - NCL","MK","Secreted Signaling","PMID: 28356350","Advanced"
"Epithelia","Myeloid-CLEC10A-APC","MDK","NCL",0.0438745285897043,0,"MDK_NCL","MDK - NCL","MK","Secreted Signaling","PMID: 28356350","Advanced"
"Epithelia","C6-SLC2A1-like","C3","C3AR1",0.00564730926108962,0,"C3_C3AR1","C3 - C3AR1","COMPLEMENT","Secreted Signaling","KEGG: hsa04080","Advanced"
"Epithelia","C7-APOBEC3A-like","C3","C3AR1",0.024465899512839,0,"C3_C3AR1","C3 - C3AR1","COMPLEMENT","Secreted Signaling","KEGG: hsa04080","Advanced"
"Epithelia","Mac-Cycling","C3","C3AR1",0.012929913857596,0,"C3_C3AR1","C3 - C3AR1","COMPLEMENT","Secreted Signaling","KEGG: hsa04080","Advanced"
"Epithelia","Mac-FOLR2-LYVE1-resident","C3","C3AR1",0.00756383442165516,0,"C3_C3AR1","C3 - C3AR1","COMPLEMENT","Secreted Signaling","KEGG: hsa04080","Advanced"
"Epithelia","Mac-OLFML3-CX3CR1-resident","C3","C3AR1",0.0183406219561328,0,"C3_C3AR1","C3 - C3AR1","COMPLEMENT","Secreted Signaling","KEGG: hsa04080","Advanced"
"Epithelia","Myeloid-CLEC10A-APC","C3","C3AR1",0.0115962790345096,0,"C3_C3AR1","C3 - C3AR1","COMPLEMENT","Secreted Signaling","KEGG: hsa04080","Advanced"
"Epithelia","C6-SLC2A1-like","C3","ITGAM_ITGB2",0.0220057171444721,0,"C3_ITGAM_ITGB2","C3 - (ITGAM+ITGB2)","COMPLEMENT","Secreted Signaling","PMID: 16234578","Advanced"
"Epithelia","C7-APOBEC3A-like","C3","ITGAM_ITGB2",0.0339171203996308,0,"C3_ITGAM_ITGB2","C3 - (ITGAM+ITGB2)","COMPLEMENT","Secreted Signaling","PMID: 16234578","Advanced"
"Epithelia","Mac-Cycling","C3","ITGAM_ITGB2",0.0232166034432396,0,"C3_ITGAM_ITGB2","C3 - (ITGAM+ITGB2)","COMPLEMENT","Secreted Signaling","PMID: 16234578","Advanced"
"Epithelia","Mac-FOLR2-LYVE1-resident","C3","ITGAM_ITGB2",0.0171353494092158,0,"C3_ITGAM_ITGB2","C3 - (ITGAM+ITGB2)","COMPLEMENT","Secreted Signaling","PMID: 16234578","Advanced"
"Epithelia","Mac-NUPR1-IGF2-stress","C3","ITGAM_ITGB2",0.00781024610051309,0,"C3_ITGAM_ITGB2","C3 - (ITGAM+ITGB2)","COMPLEMENT","Secreted Signaling","PMID: 16234578","Advanced"
"Epithelia","Mac-OLFML3-CX3CR1-resident","C3","ITGAM_ITGB2",0.0248142653449876,0,"C3_ITGAM_ITGB2","C3 - (ITGAM+ITGB2)","COMPLEMENT","Secreted Signaling","PMID: 16234578","Advanced"
"Epithelia","Mono-FCN1-S100A8-S100A9","C3","ITGAM_ITGB2",0.0206413889568968,0,"C3_ITGAM_ITGB2","C3 - (ITGAM+ITGB2)","COMPLEMENT","Secreted Signaling","PMID: 16234578","Advanced"
"Epithelia","Myeloid-CLEC10A-APC","C3","ITGAM_ITGB2",0.0257013127220381,0,"C3_ITGAM_ITGB2","C3 - (ITGAM+ITGB2)","COMPLEMENT","Secreted Signaling","PMID: 16234578","Advanced"
"Epithelia","C6-SLC2A1-like","C3","ITGAX_ITGB2",0.0392875576561969,0,"C3_ITGAX_ITGB2","C3 - (ITGAX+ITGB2)","COMPLEMENT","Secreted Signaling","PMID: 16234578","Advanced"
"Epithelia","C7-APOBEC3A-like","C3","ITGAX_ITGB2",0.0324270581092774,0,"C3_ITGAX_ITGB2","C3 - (ITGAX+ITGB2)","COMPLEMENT","Secreted Signaling","PMID: 16234578","Advanced"
"Epithelia","Mac-Cycling","C3","ITGAX_ITGB2",0.0138017056444415,0,"C3_ITGAX_ITGB2","C3 - (ITGAX+ITGB2)","COMPLEMENT","Secreted Signaling","PMID: 16234578","Advanced"
"Epithelia","Mac-FOLR2-LYVE1-resident","C3","ITGAX_ITGB2",0.0269825105672147,0,"C3_ITGAX_ITGB2","C3 - (ITGAX+ITGB2)","COMPLEMENT","Secreted Signaling","PMID: 16234578","Advanced"
"Epithelia","Mac-NUPR1-IGF2-stress","C3","ITGAX_ITGB2",0.0201890181804,0,"C3_ITGAX_ITGB2","C3 - (ITGAX+ITGB2)","COMPLEMENT","Secreted Signaling","PMID: 16234578","Advanced"
"Epithelia","Mac-OLFML3-CX3CR1-resident","C3","ITGAX_ITGB2",0.029295252087728,0,"C3_ITGAX_ITGB2","C3 - (ITGAX+ITGB2)","COMPLEMENT","Secreted Signaling","PMID: 16234578","Advanced"
"Epithelia","Mac-TNF-CCL4-inflammatory","C3","ITGAX_ITGB2",0.0344950776724454,0,"C3_ITGAX_ITGB2","C3 - (ITGAX+ITGB2)","COMPLEMENT","Secreted Signaling","PMID: 16234578","Advanced"
"Epithelia","Mono-FCN1-S100A8-S100A9","C3","ITGAX_ITGB2",0.0300545575520373,0,"C3_ITGAX_ITGB2","C3 - (ITGAX+ITGB2)","COMPLEMENT","Secreted Signaling","PMID: 16234578","Advanced"
"Epithelia","Myeloid-CLEC10A-APC","C3","ITGAX_ITGB2",0.0264773864573777,0,"C3_ITGAX_ITGB2","C3 - (ITGAX+ITGB2)","COMPLEMENT","Secreted Signaling","PMID: 16234578","Advanced"
"Epithelia","C6-SLC2A1-like","SEMA3B","NRP1_PLXNA1",0.00203475266373425,0,"SEMA3B_NRP1_PLXNA1","SEMA3B - (NRP1+PLXNA1)","SEMA3","Secreted Signaling","PMID: 27533782","Advanced"
"Epithelia","C7-APOBEC3A-like","SEMA3B","NRP1_PLXNA1",0.000743677266257222,0,"SEMA3B_NRP1_PLXNA1","SEMA3B - (NRP1+PLXNA1)","SEMA3","Secreted Signaling","PMID: 27533782","Advanced"
"Epithelia","C6-SLC2A1-like","SEMA3B","NRP1_PLXNA3",0.00203475266373425,0,"SEMA3B_NRP1_PLXNA3","SEMA3B - (NRP1+PLXNA3)","SEMA3","Secreted Signaling","PMID: 27533782","Advanced"
"Epithelia","C7-APOBEC3A-like","SEMA3B","NRP1_PLXNA3",0.000717121723471896,0,"SEMA3B_NRP1_PLXNA3","SEMA3B - (NRP1+PLXNA3)","SEMA3","Secreted Signaling","PMID: 27533782","Advanced"
"Epithelia","C6-SLC2A1-like","SEMA3C","NRP1_PLXNA1",0.00107573613291166,0,"SEMA3C_NRP1_PLXNA1","SEMA3C - (NRP1+PLXNA1)","SEMA3","Secreted Signaling","PMID: 27533782","Advanced"
"Epithelia","C7-APOBEC3A-like","SEMA3C","NRP1_PLXNA1",0.000392928840457296,0,"SEMA3C_NRP1_PLXNA1","SEMA3C - (NRP1+PLXNA1)","SEMA3","Secreted Signaling","PMID: 27533782","Advanced"
"Epithelia","C6-SLC2A1-like","SEMA3C","NRP1_PLXNA3",0.00107573613291166,0,"SEMA3C_NRP1_PLXNA3","SEMA3C - (NRP1+PLXNA3)","SEMA3","Secreted Signaling","PMID: 27533782","Advanced"
"Epithelia","C7-APOBEC3A-like","SEMA3C","NRP1_PLXNA3",0.000378893221963635,0,"SEMA3C_NRP1_PLXNA3","SEMA3C - (NRP1+PLXNA3)","SEMA3","Secreted Signaling","PMID: 27533782","Advanced"
"Epithelia","C6-SLC2A1-like","SEMA3B","NRP2_PLXNA1",0.00218101362666775,0,"SEMA3B_NRP2_PLXNA1","SEMA3B - (NRP2+PLXNA1)","SEMA3","Secreted Signaling","PMID: 27533782","Advanced"
"Epithelia","C7-APOBEC3A-like","SEMA3B","NRP2_PLXNA1",0.000863309775978269,0,"SEMA3B_NRP2_PLXNA1","SEMA3B - (NRP2+PLXNA1)","SEMA3","Secreted Signaling","PMID: 27533782","Advanced"
"Epithelia","C6-SLC2A1-like","SEMA3B","NRP2_PLXNA3",0.00218101362666775,0,"SEMA3B_NRP2_PLXNA3","SEMA3B - (NRP2+PLXNA3)","SEMA3","Secreted Signaling","PMID: 27533782","Advanced"
"Epithelia","C7-APOBEC3A-like","SEMA3B","NRP2_PLXNA3",0.000832485903802636,0,"SEMA3B_NRP2_PLXNA3","SEMA3B - (NRP2+PLXNA3)","SEMA3","Secreted Signaling","PMID: 27533782","Advanced"
"Epithelia","C6-SLC2A1-like","SEMA3C","NRP2_PLXNA1",0.00115314125568305,0,"SEMA3C_NRP2_PLXNA1","SEMA3C - (NRP2+PLXNA1)","SEMA3","Secreted Signaling","PMID: 27533782","Advanced"
"Epithelia","C7-APOBEC3A-like","SEMA3C","NRP2_PLXNA1",0.000456163553611248,0,"SEMA3C_NRP2_PLXNA1","SEMA3C - (NRP2+PLXNA1)","SEMA3","Secreted Signaling","PMID: 27533782","Advanced"
"Epithelia","C6-SLC2A1-like","SEMA3C","NRP2_PLXNA3",0.00115314125568305,0,"SEMA3C_NRP2_PLXNA3","SEMA3C - (NRP2+PLXNA3)","SEMA3","Secreted Signaling","PMID: 27533782","Advanced"
"Epithelia","C7-APOBEC3A-like","SEMA3C","NRP2_PLXNA3",0.000439870152885872,0,"SEMA3C_NRP2_PLXNA3","SEMA3C - (NRP2+PLXNA3)","SEMA3","Secreted Signaling","PMID: 27533782","Advanced"
"Epithelia","C6-SLC2A1-like","SEMA3F","NRP2_PLXNA1",0.000969377688455274,0,"SEMA3F_NRP2_PLXNA1","SEMA3F - (NRP2+PLXNA1)","SEMA3","Secreted Signaling","PMID: 27533782","Advanced"
"Epithelia","C7-APOBEC3A-like","SEMA3F","NRP2_PLXNA1",0.000383427098182602,0,"SEMA3F_NRP2_PLXNA1","SEMA3F - (NRP2+PLXNA1)","SEMA3","Secreted Signaling","PMID: 27533782","Advanced"
"Epithelia","C6-SLC2A1-like","SEMA3F","NRP2_PLXNA3",0.000969377688455274,0,"SEMA3F_NRP2_PLXNA3","SEMA3F - (NRP2+PLXNA3)","SEMA3","Secreted Signaling","PMID: 27533782","Advanced"
"Epithelia","C7-APOBEC3A-like","SEMA3F","NRP2_PLXNA3",0.000369730761228354,0,"SEMA3F_NRP2_PLXNA3","SEMA3F - (NRP2+PLXNA3)","SEMA3","Secreted Signaling","PMID: 27533782","Advanced"
"Epithelia","C6-SLC2A1-like","SEMA3C","NRP1_NRP2",0.00258760475800269,0,"SEMA3C_NRP1_NRP2","SEMA3C - (NRP1+NRP2)","SEMA3","Secreted Signaling","PMID: 27533782","Advanced"
"Epithelia","C7-APOBEC3A-like","SEMA3C","NRP1_NRP2",0.00236157238666792,0,"SEMA3C_NRP1_NRP2","SEMA3C - (NRP1+NRP2)","SEMA3","Secreted Signaling","PMID: 27533782","Advanced"
"Epithelia","Mac-Cycling","SEMA3C","NRP1_NRP2",0.00137557348317282,0,"SEMA3C_NRP1_NRP2","SEMA3C - (NRP1+NRP2)","SEMA3","Secreted Signaling","PMID: 27533782","Advanced"
"Epithelia","Mac-FOLR2-LYVE1-resident","SEMA3C","NRP1_NRP2",0.00167884547398357,0,"SEMA3C_NRP1_NRP2","SEMA3C - (NRP1+NRP2)","SEMA3","Secreted Signaling","PMID: 27533782","Advanced"
"Epithelia","Mac-NUPR1-IGF2-stress","SEMA3C","NRP1_NRP2",0.000744114412828694,0,"SEMA3C_NRP1_NRP2","SEMA3C - (NRP1+NRP2)","SEMA3","Secreted Signaling","PMID: 27533782","Advanced"
"Epithelia","Mac-OLFML3-CX3CR1-resident","SEMA3C","NRP1_NRP2",0.0013111930868927,0,"SEMA3C_NRP1_NRP2","SEMA3C - (NRP1+NRP2)","SEMA3","Secreted Signaling","PMID: 27533782","Advanced"
"Epithelia","Myeloid-CLEC10A-APC","SEMA3C","NRP1_NRP2",0.000809733812912837,0,"SEMA3C_NRP1_NRP2","SEMA3C - (NRP1+NRP2)","SEMA3","Secreted Signaling","PMID: 27533782","Advanced"
"Epithelia","C6-SLC2A1-like","SEMA3C","PLXND1",0.00207610545436762,0,"SEMA3C_PLXND1","SEMA3C - PLXND1","SEMA3","Secreted Signaling","PMID: 27533782","Advanced"
"Epithelia","C7-APOBEC3A-like","SEMA3C","PLXND1",0.0030341987637954,0,"SEMA3C_PLXND1","SEMA3C - PLXND1","SEMA3","Secreted Signaling","PMID: 27533782","Advanced"
"Epithelia","Mac-Cycling","SEMA3C","PLXND1",0.000896935105126687,0,"SEMA3C_PLXND1","SEMA3C - PLXND1","SEMA3","Secreted Signaling","PMID: 27533782","Advanced"
"Epithelia","Mac-FOLR2-LYVE1-resident","SEMA3C","PLXND1",0.00106922976558273,0,"SEMA3C_PLXND1","SEMA3C - PLXND1","SEMA3","Secreted Signaling","PMID: 27533782","Advanced"
"Epithelia","Mac-NUPR1-IGF2-stress","SEMA3C","PLXND1",0.000971197530450015,0,"SEMA3C_PLXND1","SEMA3C - PLXND1","SEMA3","Secreted Signaling","PMID: 27533782","Advanced"
"Epithelia","Mac-OLFML3-CX3CR1-resident","SEMA3C","PLXND1",0.000567915503160477,0,"SEMA3C_PLXND1","SEMA3C - PLXND1","SEMA3","Secreted Signaling","PMID: 27533782","Advanced"
"Epithelia","Myeloid-CLEC10A-APC","SEMA3C","PLXND1",0.00132557530569073,0,"SEMA3C_PLXND1","SEMA3C - PLXND1","SEMA3","Secreted Signaling","PMID: 27533782","Advanced"
"Epithelia","C7-APOBEC3A-like","ANXA1","FPR1",0.0252019076768307,0,"ANXA1_FPR1","ANXA1 - FPR1","ANNEXIN","Secreted Signaling","PMID: 23230437","Advanced"
"Epithelia","Mac-Cycling","ANXA1","FPR1",0.010240894347272,0,"ANXA1_FPR1","ANXA1 - FPR1","ANNEXIN","Secreted Signaling","PMID: 23230437","Advanced"
"Epithelia","Mac-OLFML3-CX3CR1-resident","ANXA1","FPR1",0.0128744696252764,0,"ANXA1_FPR1","ANXA1 - FPR1","ANNEXIN","Secreted Signaling","PMID: 23230437","Advanced"
"Epithelia","Mono-FCN1-S100A8-S100A9","ANXA1","FPR1",0.0483904174867028,0,"ANXA1_FPR1","ANXA1 - FPR1","ANNEXIN","Secreted Signaling","PMID: 23230437","Advanced"
"Epithelia","Myeloid-CLEC10A-APC","ANXA1","FPR1",0.025807019861055,0,"ANXA1_FPR1","ANXA1 - FPR1","ANNEXIN","Secreted Signaling","PMID: 23230437","Advanced"
"Epithelia","C7-APOBEC3A-like","GAS6","AXL",0.00863632241982392,0,"GAS6_AXL","GAS6 - AXL","GAS","Secreted Signaling","PMID: 27801848","Advanced"
"Epithelia","Mac-Cycling","GAS6","AXL",0.00263784602975054,0,"GAS6_AXL","GAS6 - AXL","GAS","Secreted Signaling","PMID: 27801848","Advanced"
"Epithelia","Mac-FOLR2-LYVE1-resident","GAS6","AXL",0.00180716332588004,0,"GAS6_AXL","GAS6 - AXL","GAS","Secreted Signaling","PMID: 27801848","Advanced"
"Epithelia","Mac-OLFML3-CX3CR1-resident","GAS6","AXL",0.00782138175645889,0,"GAS6_AXL","GAS6 - AXL","GAS","Secreted Signaling","PMID: 27801848","Advanced"
"Epithelia","C6-SLC2A1-like","GAS6","MERTK",0.00387172738289555,0,"GAS6_MERTK","GAS6 - MERTK","GAS","Secreted Signaling","PMID: 27801848","Advanced"
"Epithelia","C7-APOBEC3A-like","GAS6","MERTK",0.0101194815196933,0,"GAS6_MERTK","GAS6 - MERTK","GAS","Secreted Signaling","PMID: 27801848","Advanced"
"Epithelia","Mac-Cycling","GAS6","MERTK",0.00154682889029958,0,"GAS6_MERTK","GAS6 - MERTK","GAS","Secreted Signaling","PMID: 27801848","Advanced"
"Epithelia","Mac-FOLR2-LYVE1-resident","GAS6","MERTK",0.0055511840559714,0,"GAS6_MERTK","GAS6 - MERTK","GAS","Secreted Signaling","PMID: 27801848","Advanced"
"Epithelia","Mac-OLFML3-CX3CR1-resident","GAS6","MERTK",0.00941949522945217,0,"GAS6_MERTK","GAS6 - MERTK","GAS","Secreted Signaling","PMID: 27801848","Advanced"
"Epithelia","Mac-TNF-CCL4-inflammatory","GAS6","MERTK",0.0102394127928993,0,"GAS6_MERTK","GAS6 - MERTK","GAS","Secreted Signaling","PMID: 27801848","Advanced"
"Epithelia","Myeloid-CLEC10A-APC","GAS6","MERTK",0.0025755488466544,0,"GAS6_MERTK","GAS6 - MERTK","GAS","Secreted Signaling","PMID: 27801848","Advanced"
"Epithelia","C6-SLC2A1-like","GRN","SORT1",0.00423505586044382,0,"GRN_SORT1","GRN - SORT1","GRN","Secreted Signaling","PMID: 29555433","Advanced"
"C6-SLC2A1-like","Epithelia","GRN","SORT1",0.027958621438081,0,"GRN_SORT1","GRN - SORT1","GRN","Secreted Signaling","PMID: 29555433","Advanced"
"C7-APOBEC3A-like","Epithelia","GRN","SORT1",0.0378121393264707,0,"GRN_SORT1","GRN - SORT1","GRN","Secreted Signaling","PMID: 29555433","Advanced"
"Mac-Cycling","Epithelia","GRN","SORT1",0.0256033932867506,0,"GRN_SORT1","GRN - SORT1","GRN","Secreted Signaling","PMID: 29555433","Advanced"
"Mac-FOLR2-LYVE1-resident","Epithelia","GRN","SORT1",0.027090805510996,0,"GRN_SORT1","GRN - SORT1","GRN","Secreted Signaling","PMID: 29555433","Advanced"
"Mac-NUPR1-IGF2-stress","Epithelia","GRN","SORT1",0.0181909024097733,0,"GRN_SORT1","GRN - SORT1","GRN","Secreted Signaling","PMID: 29555433","Advanced"
"Mac-OLFML3-CX3CR1-resident","Epithelia","GRN","SORT1",0.0258138792210895,0,"GRN_SORT1","GRN - SORT1","GRN","Secreted Signaling","PMID: 29555433","Advanced"
"Mac-TNF-CCL4-inflammatory","Epithelia","GRN","SORT1",0.016706170478846,0,"GRN_SORT1","GRN - SORT1","GRN","Secreted Signaling","PMID: 29555433","Advanced"
"Mono-FCN1-S100A8-S100A9","Epithelia","GRN","SORT1",0.0187118939386351,0,"GRN_SORT1","GRN - SORT1","GRN","Secreted Signaling","PMID: 29555433","Advanced"
"Myeloid-CLEC10A-APC","Epithelia","GRN","SORT1",0.0240167591941209,0,"GRN_SORT1","GRN - SORT1","GRN","Secreted Signaling","PMID: 29555433","Advanced"
"Epithelia","Mac-Cycling","GRN","SORT1",0.00271227133649856,0,"GRN_SORT1","GRN - SORT1","GRN","Secreted Signaling","PMID: 29555433","Advanced"
"Epithelia","Mac-OLFML3-CX3CR1-resident","GRN","SORT1",0.00341504650882702,0,"GRN_SORT1","GRN - SORT1","GRN","Secreted Signaling","PMID: 29555433","Advanced"
"Epithelia","Myeloid-CLEC10A-APC","GRN","SORT1",0.00247460681732865,0.02,"GRN_SORT1","GRN - SORT1","GRN","Secreted Signaling","PMID: 29555433","Advanced"
"Epithelia","C7-APOBEC3A-like","RARRES2","CMKLR1",0.00491138338802982,0,"RARRES2_CMKLR1","RARRES2 - CMKLR1","CHEMERIN","Secreted Signaling","PMID: 24671882","Advanced"
"Epithelia","C6-SLC2A1-like","ANXA1","FPR3",0.0474994549417231,0,"ANXA1_FPR3","ANXA1 - FPR3","ANNEXIN","Secreted Signaling","PMID: 33082511","Advanced"
"Epithelia","C7-APOBEC3A-like","ANXA1","FPR3",0.0605451127332807,0,"ANXA1_FPR3","ANXA1 - FPR3","ANNEXIN","Secreted Signaling","PMID: 33082511","Advanced"
"Epithelia","Mac-Cycling","ANXA1","FPR3",0.0219791089333582,0,"ANXA1_FPR3","ANXA1 - FPR3","ANNEXIN","Secreted Signaling","PMID: 33082511","Advanced"
"Epithelia","Mac-FOLR2-LYVE1-resident","ANXA1","FPR3",0.0175569927103378,0,"ANXA1_FPR3","ANXA1 - FPR3","ANNEXIN","Secreted Signaling","PMID: 33082511","Advanced"
"Epithelia","Mac-NUPR1-IGF2-stress","ANXA1","FPR3",0.00434825499744777,0,"ANXA1_FPR3","ANXA1 - FPR3","ANNEXIN","Secreted Signaling","PMID: 33082511","Advanced"
"Epithelia","Mac-OLFML3-CX3CR1-resident","ANXA1","FPR3",0.0189121993745266,0,"ANXA1_FPR3","ANXA1 - FPR3","ANNEXIN","Secreted Signaling","PMID: 33082511","Advanced"
"Epithelia","Mac-TNF-CCL4-inflammatory","ANXA1","FPR3",0.0111362015901528,0,"ANXA1_FPR3","ANXA1 - FPR3","ANNEXIN","Secreted Signaling","PMID: 33082511","Advanced"
"Epithelia","Myeloid-CLEC10A-APC","ANXA1","FPR3",0.0417275343791419,0,"ANXA1_FPR3","ANXA1 - FPR3","ANNEXIN","Secreted Signaling","PMID: 33082511","Advanced"
"Epithelia","C6-SLC2A1-like","IGFBP3","TMEM219",0.00300129818769005,0,"IGFBP3_TMEM219","IGFBP3 - TMEM219","IGFBP","Secreted Signaling","PMID:20353938","Advanced"
"Epithelia","C7-APOBEC3A-like","IGFBP3","TMEM219",0.00590044296627256,0,"IGFBP3_TMEM219","IGFBP3 - TMEM219","IGFBP","Secreted Signaling","PMID:20353938","Advanced"
"Epithelia","Mac-Cycling","IGFBP3","TMEM219",0.00368894339513257,0,"IGFBP3_TMEM219","IGFBP3 - TMEM219","IGFBP","Secreted Signaling","PMID:20353938","Advanced"
"Epithelia","Mac-FOLR2-LYVE1-resident","IGFBP3","TMEM219",0.00146522899199261,0,"IGFBP3_TMEM219","IGFBP3 - TMEM219","IGFBP","Secreted Signaling","PMID:20353938","Advanced"
"Epithelia","Mac-OLFML3-CX3CR1-resident","IGFBP3","TMEM219",0.00373922969659527,0,"IGFBP3_TMEM219","IGFBP3 - TMEM219","IGFBP","Secreted Signaling","PMID:20353938","Advanced"
"Epithelia","Mono-FCN1-S100A8-S100A9","IGFBP3","TMEM219",0.00153997807237971,0,"IGFBP3_TMEM219","IGFBP3 - TMEM219","IGFBP","Secreted Signaling","PMID:20353938","Advanced"
"Epithelia","Myeloid-CLEC10A-APC","IGFBP3","TMEM219",0.00470583914999814,0,"IGFBP3_TMEM219","IGFBP3 - TMEM219","IGFBP","Secreted Signaling","PMID:20353938","Advanced"
"C6-SLC2A1-like","Epithelia","LGALS9","P4HB",0.044907891539984,0,"LGALS9_P4HB","LGALS9 - P4HB","GALECTIN","Secreted Signaling","PMID:21670307;uniprot","Advanced"
"C7-APOBEC3A-like","Epithelia","LGALS9","P4HB",0.0828072958291122,0,"LGALS9_P4HB","LGALS9 - P4HB","GALECTIN","Secreted Signaling","PMID:21670307;uniprot","Advanced"
"Mac-Cycling","Epithelia","LGALS9","P4HB",0.0657713642308262,0,"LGALS9_P4HB","LGALS9 - P4HB","GALECTIN","Secreted Signaling","PMID:21670307;uniprot","Advanced"
"Mac-FOLR2-LYVE1-resident","Epithelia","LGALS9","P4HB",0.0444012400179262,0,"LGALS9_P4HB","LGALS9 - P4HB","GALECTIN","Secreted Signaling","PMID:21670307;uniprot","Advanced"
"Mac-OLFML3-CX3CR1-resident","Epithelia","LGALS9","P4HB",0.0411991128687707,0,"LGALS9_P4HB","LGALS9 - P4HB","GALECTIN","Secreted Signaling","PMID:21670307;uniprot","Advanced"
"Mac-TNF-CCL4-inflammatory","Epithelia","LGALS9","P4HB",0.0188932693632886,0.01,"LGALS9_P4HB","LGALS9 - P4HB","GALECTIN","Secreted Signaling","PMID:21670307;uniprot","Advanced"
"Mono-FCN1-S100A8-S100A9","Epithelia","LGALS9","P4HB",0.0192305286546034,0,"LGALS9_P4HB","LGALS9 - P4HB","GALECTIN","Secreted Signaling","PMID:21670307;uniprot","Advanced"
"Myeloid-CLEC10A-APC","Epithelia","LGALS9","P4HB",0.0466469248626056,0,"LGALS9_P4HB","LGALS9 - P4HB","GALECTIN","Secreted Signaling","PMID:21670307;uniprot","Advanced"
"Myeloid-CLEC10A-APC","Epithelia","NRG1","ITGA6_ITGB4",0.00092693690261512,0,"NRG1_INTEGRIN_A6B4_COMPLEX","NRG1 - (ITGA6+ITGB4)","NRG","Secreted Signaling","PMID: 20682778","Advanced"
"Epithelia","C7-APOBEC3A-like","PPIA","BSG",0.0737652094795667,0.03,"PPIA_BSG","PPIA - BSG","CypA","Secreted Signaling","PMID: 36012604","Advanced"
"C6-SLC2A1-like","Epithelia","PPIA","BSG",0.0988495982325026,0,"PPIA_BSG","PPIA - BSG","CypA","Secreted Signaling","PMID: 36012604","Advanced"
"C7-APOBEC3A-like","Epithelia","PPIA","BSG",0.0892585478509491,0,"PPIA_BSG","PPIA - BSG","CypA","Secreted Signaling","PMID: 36012604","Advanced"
"Mac-Cycling","Epithelia","PPIA","BSG",0.122652989273036,0,"PPIA_BSG","PPIA - BSG","CypA","Secreted Signaling","PMID: 36012604","Advanced"
"Mac-FOLR2-LYVE1-resident","Epithelia","PPIA","BSG",0.0847758587495402,0,"PPIA_BSG","PPIA - BSG","CypA","Secreted Signaling","PMID: 36012604","Advanced"
"Mac-NUPR1-IGF2-stress","Epithelia","PPIA","BSG",0.0591307339260831,0.04,"PPIA_BSG","PPIA - BSG","CypA","Secreted Signaling","PMID: 36012604","Advanced"
"Mac-OLFML3-CX3CR1-resident","Epithelia","PPIA","BSG",0.0941629553305861,0,"PPIA_BSG","PPIA - BSG","CypA","Secreted Signaling","PMID: 36012604","Advanced"
"Mac-TNF-CCL4-inflammatory","Epithelia","PPIA","BSG",0.0625569460108459,0.01,"PPIA_BSG","PPIA - BSG","CypA","Secreted Signaling","PMID: 36012604","Advanced"
"Mono-FCN1-S100A8-S100A9","Epithelia","PPIA","BSG",0.0806469621179329,0,"PPIA_BSG","PPIA - BSG","CypA","Secreted Signaling","PMID: 36012604","Advanced"
"Myeloid-CLEC10A-APC","Epithelia","PPIA","BSG",0.103629797165713,0,"PPIA_BSG","PPIA - BSG","CypA","Secreted Signaling","PMID: 36012604","Advanced"
"C6-SLC2A1-like","Epithelia","PLAU","PLAUR",0.00556421083035875,0,"PLAU_PLAUR","PLAU - PLAUR","PLAU","Secreted Signaling","uniprot","Advanced"
"C7-APOBEC3A-like","Epithelia","PLAU","PLAUR",0.00366128272713399,0,"PLAU_PLAUR","PLAU - PLAUR","PLAU","Secreted Signaling","uniprot","Advanced"
"Mac-Cycling","Epithelia","PLAU","PLAUR",0.00591005150019202,0,"PLAU_PLAUR","PLAU - PLAUR","PLAU","Secreted Signaling","uniprot","Advanced"
"Mac-FOLR2-LYVE1-resident","Epithelia","PLAU","PLAUR",0.00485169777914094,0,"PLAU_PLAUR","PLAU - PLAUR","PLAU","Secreted Signaling","uniprot","Advanced"
"Mac-OLFML3-CX3CR1-resident","Epithelia","PLAU","PLAUR",0.00589255045655651,0,"PLAU_PLAUR","PLAU - PLAUR","PLAU","Secreted Signaling","uniprot","Advanced"
"Mac-TNF-CCL4-inflammatory","Epithelia","PLAU","PLAUR",0.00240548245897135,0,"PLAU_PLAUR","PLAU - PLAUR","PLAU","Secreted Signaling","uniprot","Advanced"
"Myeloid-CLEC10A-APC","Epithelia","PLAU","PLAUR",0.000759834180991656,0.03,"PLAU_PLAUR","PLAU - PLAUR","PLAU","Secreted Signaling","uniprot","Advanced"
"C6-SLC2A1-like","Epithelia","FN1","ITGA3_ITGB1",0.0247445885065658,0,"FN1_ITGA3_ITGB1","FN1 - (ITGA3+ITGB1)","FN1","ECM-Receptor","KEGG: hsa04512","Advanced"
"C7-APOBEC3A-like","Epithelia","FN1","ITGA3_ITGB1",0.0329495793137983,0,"FN1_ITGA3_ITGB1","FN1 - (ITGA3+ITGB1)","FN1","ECM-Receptor","KEGG: hsa04512","Advanced"
"Mac-Cycling","Epithelia","FN1","ITGA3_ITGB1",0.0219315933895879,0,"FN1_ITGA3_ITGB1","FN1 - (ITGA3+ITGB1)","FN1","ECM-Receptor","KEGG: hsa04512","Advanced"
"Mac-FOLR2-LYVE1-resident","Epithelia","FN1","ITGA3_ITGB1",0.0137433511811616,0,"FN1_ITGA3_ITGB1","FN1 - (ITGA3+ITGB1)","FN1","ECM-Receptor","KEGG: hsa04512","Advanced"
"Mac-NUPR1-IGF2-stress","Epithelia","FN1","ITGA3_ITGB1",0.00862832768174698,0,"FN1_ITGA3_ITGB1","FN1 - (ITGA3+ITGB1)","FN1","ECM-Receptor","KEGG: hsa04512","Advanced"
"Mac-OLFML3-CX3CR1-resident","Epithelia","FN1","ITGA3_ITGB1",0.0188329516167011,0,"FN1_ITGA3_ITGB1","FN1 - (ITGA3+ITGB1)","FN1","ECM-Receptor","KEGG: hsa04512","Advanced"
"Mac-TNF-CCL4-inflammatory","Epithelia","FN1","ITGA3_ITGB1",0.0276282748022724,0,"FN1_ITGA3_ITGB1","FN1 - (ITGA3+ITGB1)","FN1","ECM-Receptor","KEGG: hsa04512","Advanced"
"Myeloid-CLEC10A-APC","Epithelia","FN1","ITGA3_ITGB1",0.0330955063719868,0,"FN1_ITGA3_ITGB1","FN1 - (ITGA3+ITGB1)","FN1","ECM-Receptor","KEGG: hsa04512","Advanced"
"Epithelia","Mac-Cycling","FN1","ITGA4_ITGB1",0.00349708972846225,0,"FN1_ITGA4_ITGB1","FN1 - (ITGA4+ITGB1)","FN1","ECM-Receptor","KEGG: hsa04512","Advanced"
"Epithelia","Mac-FOLR2-LYVE1-resident","FN1","ITGA4_ITGB1",0.00281430278543559,0.01,"FN1_ITGA4_ITGB1","FN1 - (ITGA4+ITGB1)","FN1","ECM-Receptor","KEGG: hsa04512","Advanced"
"Epithelia","Mac-OLFML3-CX3CR1-resident","FN1","ITGA4_ITGB1",0.00350471891953366,0,"FN1_ITGA4_ITGB1","FN1 - (ITGA4+ITGB1)","FN1","ECM-Receptor","KEGG: hsa04512","Advanced"
"Epithelia","C6-SLC2A1-like","FN1","ITGA5_ITGB1",0.004531099770875,0,"FN1_ITGA5_ITGB1","FN1 - (ITGA5+ITGB1)","FN1","ECM-Receptor","KEGG: hsa04512","Advanced"
"Epithelia","Mac-Cycling","FN1","ITGA5_ITGB1",0.00188097731700949,0,"FN1_ITGA5_ITGB1","FN1 - (ITGA5+ITGB1)","FN1","ECM-Receptor","KEGG: hsa04512","Advanced"
"Epithelia","Mac-OLFML3-CX3CR1-resident","FN1","ITGA5_ITGB1",0.00187378126021009,0,"FN1_ITGA5_ITGB1","FN1 - (ITGA5+ITGB1)","FN1","ECM-Receptor","KEGG: hsa04512","Advanced"
"Epithelia","Myeloid-CLEC10A-APC","FN1","ITGA5_ITGB1",0.00299642123633489,0,"FN1_ITGA5_ITGB1","FN1 - (ITGA5+ITGB1)","FN1","ECM-Receptor","KEGG: hsa04512","Advanced"
"C6-SLC2A1-like","Epithelia","COL1A1","ITGA3_ITGB1",0.00318438614591536,0,"COL1A1_ITGA3_ITGB1","COL1A1 - (ITGA3+ITGB1)","COLLAGEN","ECM-Receptor","KEGG: hsa04512","Advanced"
"Mac-Cycling","Epithelia","COL1A1","ITGA3_ITGB1",0.0014889885511141,0,"COL1A1_ITGA3_ITGB1","COL1A1 - (ITGA3+ITGB1)","COLLAGEN","ECM-Receptor","KEGG: hsa04512","Advanced"
"Mac-Cycling","Epithelia","COL1A2","ITGA3_ITGB1",0.00141017313895733,0,"COL1A2_ITGA3_ITGB1","COL1A2 - (ITGA3+ITGB1)","COLLAGEN","ECM-Receptor","KEGG: hsa04512","Advanced"
"Mac-Cycling","Epithelia","COL6A1","ITGA3_ITGB1",0.000387231797733331,0,"COL6A1_ITGA3_ITGB1","COL6A1 - (ITGA3+ITGB1)","COLLAGEN","ECM-Receptor","KEGG: hsa04512","Advanced"
"Epithelia","Mac-Cycling","LAMA5","ITGA6_ITGB1",0.00621898338623592,0,"LAMA5_ITGA6_ITGB1","LAMA5 - (ITGA6+ITGB1)","LAMININ","ECM-Receptor","KEGG: hsa04512","Advanced"
"Epithelia","Mac-OLFML3-CX3CR1-resident","LAMA5","ITGA6_ITGB1",0.0094074975840614,0,"LAMA5_ITGA6_ITGB1","LAMA5 - (ITGA6+ITGB1)","LAMININ","ECM-Receptor","KEGG: hsa04512","Advanced"
"Epithelia","Mac-Cycling","LAMB1","ITGA6_ITGB1",0.000460435680808893,0,"LAMB1_ITGA6_ITGB1","LAMB1 - (ITGA6+ITGB1)","LAMININ","ECM-Receptor","KEGG: hsa04512","Advanced"
"Epithelia","Mac-OLFML3-CX3CR1-resident","LAMB1","ITGA6_ITGB1",0.000698579545911441,0,"LAMB1_ITGA6_ITGB1","LAMB1 - (ITGA6+ITGB1)","LAMININ","ECM-Receptor","KEGG: hsa04512","Advanced"
"Epithelia","Mac-Cycling","LAMB2","ITGA6_ITGB1",0.00267986725378195,0,"LAMB2_ITGA6_ITGB1","LAMB2 - (ITGA6+ITGB1)","LAMININ","ECM-Receptor","KEGG: hsa04512","Advanced"
"Epithelia","Mac-OLFML3-CX3CR1-resident","LAMB2","ITGA6_ITGB1",0.0040612684447803,0,"LAMB2_ITGA6_ITGB1","LAMB2 - (ITGA6+ITGB1)","LAMININ","ECM-Receptor","KEGG: hsa04512","Advanced"
"Epithelia","Mac-Cycling","LAMB3","ITGA6_ITGB1",0.00184681151633913,0,"LAMB3_ITGA6_ITGB1","LAMB3 - (ITGA6+ITGB1)","LAMININ","ECM-Receptor","KEGG: hsa04512","Advanced"
"Epithelia","Mac-OLFML3-CX3CR1-resident","LAMB3","ITGA6_ITGB1",0.00279999995451597,0,"LAMB3_ITGA6_ITGB1","LAMB3 - (ITGA6+ITGB1)","LAMININ","ECM-Receptor","KEGG: hsa04512","Advanced"
"Epithelia","Mac-Cycling","LAMC1","ITGA6_ITGB1",0.00415414722417169,0,"LAMC1_ITGA6_ITGB1","LAMC1 - (ITGA6+ITGB1)","LAMININ","ECM-Receptor","KEGG: hsa04512","Advanced"
"Epithelia","Mac-OLFML3-CX3CR1-resident","LAMC1","ITGA6_ITGB1",0.00629070753705665,0,"LAMC1_ITGA6_ITGB1","LAMC1 - (ITGA6+ITGB1)","LAMININ","ECM-Receptor","KEGG: hsa04512","Advanced"
"Epithelia","Mac-Cycling","LAMC2","ITGA6_ITGB1",0.000764758826597503,0,"LAMC2_ITGA6_ITGB1","LAMC2 - (ITGA6+ITGB1)","LAMININ","ECM-Receptor","KEGG: hsa04512","Advanced"
"Epithelia","Mac-OLFML3-CX3CR1-resident","LAMC2","ITGA6_ITGB1",0.00116012025200207,0,"LAMC2_ITGA6_ITGB1","LAMC2 - (ITGA6+ITGB1)","LAMININ","ECM-Receptor","KEGG: hsa04512","Advanced"
"Epithelia","C6-SLC2A1-like","FN1","ITGAV_ITGB1",0.00241301442246627,0,"FN1_ITGAV_ITGB1","FN1 - (ITGAV+ITGB1)","FN1","ECM-Receptor","KEGG: hsa04512","Advanced"
"Epithelia","C7-APOBEC3A-like","FN1","ITGAV_ITGB1",0.00348279461249576,0,"FN1_ITGAV_ITGB1","FN1 - (ITGAV+ITGB1)","FN1","ECM-Receptor","KEGG: hsa04512","Advanced"
"C6-SLC2A1-like","Epithelia","FN1","ITGAV_ITGB1",0.0238088421196982,0,"FN1_ITGAV_ITGB1","FN1 - (ITGAV+ITGB1)","FN1","ECM-Receptor","KEGG: hsa04512","Advanced"
"C7-APOBEC3A-like","Epithelia","FN1","ITGAV_ITGB1",0.0317136411553216,0,"FN1_ITGAV_ITGB1","FN1 - (ITGAV+ITGB1)","FN1","ECM-Receptor","KEGG: hsa04512","Advanced"
"Mac-Cycling","Epithelia","FN1","ITGAV_ITGB1",0.0210999223060723,0,"FN1_ITGAV_ITGB1","FN1 - (ITGAV+ITGB1)","FN1","ECM-Receptor","KEGG: hsa04512","Advanced"
"Mac-FOLR2-LYVE1-resident","Epithelia","FN1","ITGAV_ITGB1",0.0132179912818733,0,"FN1_ITGAV_ITGB1","FN1 - (ITGAV+ITGB1)","FN1","ECM-Receptor","KEGG: hsa04512","Advanced"
"Mac-NUPR1-IGF2-stress","Epithelia","FN1","ITGAV_ITGB1",0.00829685222698938,0,"FN1_ITGAV_ITGB1","FN1 - (ITGAV+ITGB1)","FN1","ECM-Receptor","KEGG: hsa04512","Advanced"
"Mac-OLFML3-CX3CR1-resident","Epithelia","FN1","ITGAV_ITGB1",0.018116608061274,0,"FN1_ITGAV_ITGB1","FN1 - (ITGAV+ITGB1)","FN1","ECM-Receptor","KEGG: hsa04512","Advanced"
"Mac-TNF-CCL4-inflammatory","Epithelia","FN1","ITGAV_ITGB1",0.0265864511638754,0,"FN1_ITGAV_ITGB1","FN1 - (ITGAV+ITGB1)","FN1","ECM-Receptor","KEGG: hsa04512","Advanced"
"Myeloid-CLEC10A-APC","Epithelia","FN1","ITGAV_ITGB1",0.0318542747943577,0,"FN1_ITGAV_ITGB1","FN1 - (ITGAV+ITGB1)","FN1","ECM-Receptor","KEGG: hsa04512","Advanced"
"Epithelia","Mac-Cycling","FN1","ITGAV_ITGB1",0.00301805887080993,0,"FN1_ITGAV_ITGB1","FN1 - (ITGAV+ITGB1)","FN1","ECM-Receptor","KEGG: hsa04512","Advanced"
"Epithelia","Mac-FOLR2-LYVE1-resident","FN1","ITGAV_ITGB1",0.00267359550173052,0,"FN1_ITGAV_ITGB1","FN1 - (ITGAV+ITGB1)","FN1","ECM-Receptor","KEGG: hsa04512","Advanced"
"Epithelia","Mac-OLFML3-CX3CR1-resident","FN1","ITGAV_ITGB1",0.00312180143456163,0,"FN1_ITGAV_ITGB1","FN1 - (ITGAV+ITGB1)","FN1","ECM-Receptor","KEGG: hsa04512","Advanced"
"Epithelia","Myeloid-CLEC10A-APC","FN1","ITGAV_ITGB1",0.00291657885549685,0,"FN1_ITGAV_ITGB1","FN1 - (ITGAV+ITGB1)","FN1","ECM-Receptor","KEGG: hsa04512","Advanced"
"Epithelia","C7-APOBEC3A-like","FN1","ITGA4_ITGB7",0.000885796753572445,0.03,"FN1_ITGA4_ITGB7","FN1 - (ITGA4+ITGB7)","FN1","ECM-Receptor","KEGG: hsa04512","Advanced"
"Epithelia","Mac-Cycling","FN1","ITGA4_ITGB7",0.00115655424969109,0.01,"FN1_ITGA4_ITGB7","FN1 - (ITGA4+ITGB7)","FN1","ECM-Receptor","KEGG: hsa04512","Advanced"
"C6-SLC2A1-like","Epithelia","FN1","ITGAV_ITGB8",0.0154999699164495,0,"FN1_ITGAV_ITGB8","FN1 - (ITGAV+ITGB8)","FN1","ECM-Receptor","KEGG: hsa04512","Advanced"
"C7-APOBEC3A-like","Epithelia","FN1","ITGAV_ITGB8",0.0207046410869676,0,"FN1_ITGAV_ITGB8","FN1 - (ITGAV+ITGB8)","FN1","ECM-Receptor","KEGG: hsa04512","Advanced"
"Mac-Cycling","Epithelia","FN1","ITGAV_ITGB8",0.0137231262575025,0,"FN1_ITGAV_ITGB8","FN1 - (ITGAV+ITGB8)","FN1","ECM-Receptor","KEGG: hsa04512","Advanced"
"Mac-FOLR2-LYVE1-resident","Epithelia","FN1","ITGAV_ITGB8",0.00857268438082874,0,"FN1_ITGAV_ITGB8","FN1 - (ITGAV+ITGB8)","FN1","ECM-Receptor","KEGG: hsa04512","Advanced"
"Mac-NUPR1-IGF2-stress","Epithelia","FN1","ITGAV_ITGB8",0.00537160700947401,0,"FN1_ITGAV_ITGB8","FN1 - (ITGAV+ITGB8)","FN1","ECM-Receptor","KEGG: hsa04512","Advanced"
"Mac-OLFML3-CX3CR1-resident","Epithelia","FN1","ITGAV_ITGB8",0.0117702748303506,0,"FN1_ITGAV_ITGB8","FN1 - (ITGAV+ITGB8)","FN1","ECM-Receptor","KEGG: hsa04512","Advanced"
"Mac-TNF-CCL4-inflammatory","Epithelia","FN1","ITGAV_ITGB8",0.0173254454703029,0,"FN1_ITGAV_ITGB8","FN1 - (ITGAV+ITGB8)","FN1","ECM-Receptor","KEGG: hsa04512","Advanced"
"Myeloid-CLEC10A-APC","Epithelia","FN1","ITGAV_ITGB8",0.0207975040620067,0,"FN1_ITGAV_ITGB8","FN1 - (ITGAV+ITGB8)","FN1","ECM-Receptor","KEGG: hsa04512","Advanced"
"C6-SLC2A1-like","Epithelia","COL1A1","ITGAV_ITGB8",0.00197835446999045,0,"COL1A1_ITGAV_ITGB8","COL1A1 - (ITGAV+ITGB8)","COLLAGEN","ECM-Receptor","KEGG: hsa04512","Advanced"
"Mac-Cycling","Epithelia","COL1A1","ITGAV_ITGB8",0.000924464159687095,0,"COL1A1_ITGAV_ITGB8","COL1A1 - (ITGAV+ITGB8)","COLLAGEN","ECM-Receptor","KEGG: hsa04512","Advanced"
"Mac-Cycling","Epithelia","COL1A2","ITGAV_ITGB8",0.000875504054654269,0,"COL1A2_ITGAV_ITGB8","COL1A2 - (ITGAV+ITGB8)","COLLAGEN","ECM-Receptor","KEGG: hsa04512","Advanced"
"Mac-Cycling","Epithelia","COL6A1","ITGAV_ITGB8",0.000240318990014611,0,"COL6A1_ITGAV_ITGB8","COL6A1 - (ITGAV+ITGB8)","COLLAGEN","ECM-Receptor","KEGG: hsa04512","Advanced"
"Epithelia","C6-SLC2A1-like","FN1","CD44",0.0101069865097732,0,"FN1_CD44","FN1 - CD44","FN1","ECM-Receptor","KEGG: hsa04512","Advanced"
"Epithelia","C7-APOBEC3A-like","FN1","CD44",0.00890442309811252,0,"FN1_CD44","FN1 - CD44","FN1","ECM-Receptor","KEGG: hsa04512","Advanced"
"Epithelia","Mac-Cycling","FN1","CD44",0.00808683761510925,0,"FN1_CD44","FN1 - CD44","FN1","ECM-Receptor","KEGG: hsa04512","Advanced"
"Epithelia","Mac-OLFML3-CX3CR1-resident","FN1","CD44",0.00695514411664883,0,"FN1_CD44","FN1 - CD44","FN1","ECM-Receptor","KEGG: hsa04512","Advanced"
"Epithelia","Mac-TNF-CCL4-inflammatory","FN1","CD44",0.00752124304904957,0,"FN1_CD44","FN1 - CD44","FN1","ECM-Receptor","KEGG: hsa04512","Advanced"
"Epithelia","Mono-FCN1-S100A8-S100A9","FN1","CD44",0.011656940424,0,"FN1_CD44","FN1 - CD44","FN1","ECM-Receptor","KEGG: hsa04512","Advanced"
"Epithelia","Myeloid-CLEC10A-APC","FN1","CD44",0.0123902781470475,0,"FN1_CD44","FN1 - CD44","FN1","ECM-Receptor","KEGG: hsa04512","Advanced"
"Epithelia","C6-SLC2A1-like","COL1A1","CD44",0.0121861567117648,0,"COL1A1_CD44","COL1A1 - CD44","COLLAGEN","ECM-Receptor","KEGG: hsa04512","Advanced"
"Epithelia","C7-APOBEC3A-like","COL1A1","CD44",0.0107388903864702,0,"COL1A1_CD44","COL1A1 - CD44","COLLAGEN","ECM-Receptor","KEGG: hsa04512","Advanced"
"Epithelia","Mac-Cycling","COL1A1","CD44",0.00975452574255285,0,"COL1A1_CD44","COL1A1 - CD44","COLLAGEN","ECM-Receptor","KEGG: hsa04512","Advanced"
"Epithelia","Mac-FOLR2-LYVE1-resident","COL1A1","CD44",0.00546923704108962,0,"COL1A1_CD44","COL1A1 - CD44","COLLAGEN","ECM-Receptor","KEGG: hsa04512","Advanced"
"Epithelia","Mac-NUPR1-IGF2-stress","COL1A1","CD44",0.00289262796730488,0,"COL1A1_CD44","COL1A1 - CD44","COLLAGEN","ECM-Receptor","KEGG: hsa04512","Advanced"
"Epithelia","Mac-OLFML3-CX3CR1-resident","COL1A1","CD44",0.00839142590878486,0,"COL1A1_CD44","COL1A1 - CD44","COLLAGEN","ECM-Receptor","KEGG: hsa04512","Advanced"
"Epithelia","Mac-TNF-CCL4-inflammatory","COL1A1","CD44",0.00907335976283337,0,"COL1A1_CD44","COL1A1 - CD44","COLLAGEN","ECM-Receptor","KEGG: hsa04512","Advanced"
"Epithelia","Mono-FCN1-S100A8-S100A9","COL1A1","CD44",0.0140504354245033,0,"COL1A1_CD44","COL1A1 - CD44","COLLAGEN","ECM-Receptor","KEGG: hsa04512","Advanced"
"Epithelia","Myeloid-CLEC10A-APC","COL1A1","CD44",0.0149320729253721,0,"COL1A1_CD44","COL1A1 - CD44","COLLAGEN","ECM-Receptor","KEGG: hsa04512","Advanced"
"Epithelia","C6-SLC2A1-like","COL1A2","CD44",0.0203670009011584,0,"COL1A2_CD44","COL1A2 - CD44","COLLAGEN","ECM-Receptor","KEGG: hsa04512","Advanced"
"Epithelia","C7-APOBEC3A-like","COL1A2","CD44",0.0179658223929346,0,"COL1A2_CD44","COL1A2 - CD44","COLLAGEN","ECM-Receptor","KEGG: hsa04512","Advanced"
"Epithelia","Mac-Cycling","COL1A2","CD44",0.016329946762705,0,"COL1A2_CD44","COL1A2 - CD44","COLLAGEN","ECM-Receptor","KEGG: hsa04512","Advanced"
"Epithelia","Mac-FOLR2-LYVE1-resident","COL1A2","CD44",0.00918277826663216,0,"COL1A2_CD44","COL1A2 - CD44","COLLAGEN","ECM-Receptor","KEGG: hsa04512","Advanced"
"Epithelia","Mac-NUPR1-IGF2-stress","COL1A2","CD44",0.0048652434261643,0,"COL1A2_CD44","COL1A2 - CD44","COLLAGEN","ECM-Receptor","KEGG: hsa04512","Advanced"
"Epithelia","Mac-OLFML3-CX3CR1-resident","COL1A2","CD44",0.0140610432463659,0,"COL1A2_CD44","COL1A2 - CD44","COLLAGEN","ECM-Receptor","KEGG: hsa04512","Advanced"
"Epithelia","Mac-TNF-CCL4-inflammatory","COL1A2","CD44",0.0151966606488034,0,"COL1A2_CD44","COL1A2 - CD44","COLLAGEN","ECM-Receptor","KEGG: hsa04512","Advanced"
"Epithelia","Mono-FCN1-S100A8-S100A9","COL1A2","CD44",0.0234530978953429,0,"COL1A2_CD44","COL1A2 - CD44","COLLAGEN","ECM-Receptor","KEGG: hsa04512","Advanced"
"Epithelia","Myeloid-CLEC10A-APC","COL1A2","CD44",0.0249098279751845,0,"COL1A2_CD44","COL1A2 - CD44","COLLAGEN","ECM-Receptor","KEGG: hsa04512","Advanced"
"Epithelia","C6-SLC2A1-like","COL4A1","CD44",0.00347257163700999,0,"COL4A1_CD44","COL4A1 - CD44","COLLAGEN","ECM-Receptor","KEGG: hsa04512","Advanced"
"Epithelia","C7-APOBEC3A-like","COL4A1","CD44",0.00305695557449322,0,"COL4A1_CD44","COL4A1 - CD44","COLLAGEN","ECM-Receptor","KEGG: hsa04512","Advanced"
"Epithelia","Mac-Cycling","COL4A1","CD44",0.00277476915037006,0,"COL4A1_CD44","COL4A1 - CD44","COLLAGEN","ECM-Receptor","KEGG: hsa04512","Advanced"
"Epithelia","Mac-FOLR2-LYVE1-resident","COL4A1","CD44",0.00155097475462821,0,"COL4A1_CD44","COL4A1 - CD44","COLLAGEN","ECM-Receptor","KEGG: hsa04512","Advanced"
"Epithelia","Mac-NUPR1-IGF2-stress","COL4A1","CD44",0.000818776226717169,0,"COL4A1_CD44","COL4A1 - CD44","COLLAGEN","ECM-Receptor","KEGG: hsa04512","Advanced"
"Epithelia","Mac-OLFML3-CX3CR1-resident","COL4A1","CD44",0.00238467341506933,0,"COL4A1_CD44","COL4A1 - CD44","COLLAGEN","ECM-Receptor","KEGG: hsa04512","Advanced"
"Epithelia","Mac-TNF-CCL4-inflammatory","COL4A1","CD44",0.00257973514897629,0,"COL4A1_CD44","COL4A1 - CD44","COLLAGEN","ECM-Receptor","KEGG: hsa04512","Advanced"
"Epithelia","Mono-FCN1-S100A8-S100A9","COL4A1","CD44",0.00400922754011258,0,"COL4A1_CD44","COL4A1 - CD44","COLLAGEN","ECM-Receptor","KEGG: hsa04512","Advanced"
"Epithelia","Myeloid-CLEC10A-APC","COL4A1","CD44",0.00426352335588418,0,"COL4A1_CD44","COL4A1 - CD44","COLLAGEN","ECM-Receptor","KEGG: hsa04512","Advanced"
"Epithelia","C6-SLC2A1-like","COL4A2","CD44",0.00874590232163234,0,"COL4A2_CD44","COL4A2 - CD44","COLLAGEN","ECM-Receptor","KEGG: hsa04512","Advanced"
"Epithelia","C7-APOBEC3A-like","COL4A2","CD44",0.00770402492878694,0,"COL4A2_CD44","COL4A2 - CD44","COLLAGEN","ECM-Receptor","KEGG: hsa04512","Advanced"
"Epithelia","Mac-Cycling","COL4A2","CD44",0.00699587949224785,0,"COL4A2_CD44","COL4A2 - CD44","COLLAGEN","ECM-Receptor","KEGG: hsa04512","Advanced"
"Epithelia","Mac-FOLR2-LYVE1-resident","COL4A2","CD44",0.00391770492207123,0,"COL4A2_CD44","COL4A2 - CD44","COLLAGEN","ECM-Receptor","KEGG: hsa04512","Advanced"
"Epithelia","Mac-NUPR1-IGF2-stress","COL4A2","CD44",0.00207051549203394,0,"COL4A2_CD44","COL4A2 - CD44","COLLAGEN","ECM-Receptor","KEGG: hsa04512","Advanced"
"Epithelia","Mac-OLFML3-CX3CR1-resident","COL4A2","CD44",0.00601593161647883,0,"COL4A2_CD44","COL4A2 - CD44","COLLAGEN","ECM-Receptor","KEGG: hsa04512","Advanced"
"Epithelia","Mac-TNF-CCL4-inflammatory","COL4A2","CD44",0.00650608621842419,0,"COL4A2_CD44","COL4A2 - CD44","COLLAGEN","ECM-Receptor","KEGG: hsa04512","Advanced"
"Epithelia","Mono-FCN1-S100A8-S100A9","COL4A2","CD44",0.0100892549929355,0,"COL4A2_CD44","COL4A2 - CD44","COLLAGEN","ECM-Receptor","KEGG: hsa04512","Advanced"
"Epithelia","Myeloid-CLEC10A-APC","COL4A2","CD44",0.0107250398905721,0,"COL4A2_CD44","COL4A2 - CD44","COLLAGEN","ECM-Receptor","KEGG: hsa04512","Advanced"
"Epithelia","C6-SLC2A1-like","COL6A1","CD44",0.0386080931027824,0,"COL6A1_CD44","COL6A1 - CD44","COLLAGEN","ECM-Receptor","KEGG: hsa04512","Advanced"
"Epithelia","C7-APOBEC3A-like","COL6A1","CD44",0.0341312981062703,0,"COL6A1_CD44","COL6A1 - CD44","COLLAGEN","ECM-Receptor","KEGG: hsa04512","Advanced"
"Epithelia","Mac-Cycling","COL6A1","CD44",0.0310700472591668,0,"COL6A1_CD44","COL6A1 - CD44","COLLAGEN","ECM-Receptor","KEGG: hsa04512","Advanced"
"Epithelia","Mac-FOLR2-LYVE1-resident","COL6A1","CD44",0.017586884691969,0,"COL6A1_CD44","COL6A1 - CD44","COLLAGEN","ECM-Receptor","KEGG: hsa04512","Advanced"
"Epithelia","Mac-NUPR1-IGF2-stress","COL6A1","CD44",0.00935523799973818,0,"COL6A1_CD44","COL6A1 - CD44","COLLAGEN","ECM-Receptor","KEGG: hsa04512","Advanced"
"Epithelia","Mac-OLFML3-CX3CR1-resident","COL6A1","CD44",0.0268089519176614,0,"COL6A1_CD44","COL6A1 - CD44","COLLAGEN","ECM-Receptor","KEGG: hsa04512","Advanced"
"Epithelia","Mac-TNF-CCL4-inflammatory","COL6A1","CD44",0.028943908931385,0,"COL6A1_CD44","COL6A1 - CD44","COLLAGEN","ECM-Receptor","KEGG: hsa04512","Advanced"
"Epithelia","Mono-FCN1-S100A8-S100A9","COL6A1","CD44",0.0443330772543661,0,"COL6A1_CD44","COL6A1 - CD44","COLLAGEN","ECM-Receptor","KEGG: hsa04512","Advanced"
"Epithelia","Myeloid-CLEC10A-APC","COL6A1","CD44",0.0470242638642834,0,"COL6A1_CD44","COL6A1 - CD44","COLLAGEN","ECM-Receptor","KEGG: hsa04512","Advanced"
"Epithelia","C6-SLC2A1-like","COL6A2","CD44",0.0113083891553129,0,"COL6A2_CD44","COL6A2 - CD44","COLLAGEN","ECM-Receptor","KEGG: hsa04512","Advanced"
"Epithelia","C7-APOBEC3A-like","COL6A2","CD44",0.00996431770858322,0,"COL6A2_CD44","COL6A2 - CD44","COLLAGEN","ECM-Receptor","KEGG: hsa04512","Advanced"
"Epithelia","Mac-Cycling","COL6A2","CD44",0.00905030358605093,0,"COL6A2_CD44","COL6A2 - CD44","COLLAGEN","ECM-Receptor","KEGG: hsa04512","Advanced"
"Epithelia","Mac-FOLR2-LYVE1-resident","COL6A2","CD44",0.00507280388903598,0,"COL6A2_CD44","COL6A2 - CD44","COLLAGEN","ECM-Receptor","KEGG: hsa04512","Advanced"
"Epithelia","Mac-NUPR1-IGF2-stress","COL6A2","CD44",0.00268245446702624,0,"COL6A2_CD44","COL6A2 - CD44","COLLAGEN","ECM-Receptor","KEGG: hsa04512","Advanced"
"Epithelia","Mac-OLFML3-CX3CR1-resident","COL6A2","CD44",0.00778483829194318,0,"COL6A2_CD44","COL6A2 - CD44","COLLAGEN","ECM-Receptor","KEGG: hsa04512","Advanced"
"Epithelia","Mac-TNF-CCL4-inflammatory","COL6A2","CD44",0.00841789593781232,0,"COL6A2_CD44","COL6A2 - CD44","COLLAGEN","ECM-Receptor","KEGG: hsa04512","Advanced"
"Epithelia","Mono-FCN1-S100A8-S100A9","COL6A2","CD44",0.0130401567569515,0,"COL6A2_CD44","COL6A2 - CD44","COLLAGEN","ECM-Receptor","KEGG: hsa04512","Advanced"
"Epithelia","Myeloid-CLEC10A-APC","COL6A2","CD44",0.0138592923387907,0,"COL6A2_CD44","COL6A2 - CD44","COLLAGEN","ECM-Receptor","KEGG: hsa04512","Advanced"
"Epithelia","C6-SLC2A1-like","LAMA5","CD44",0.0440856464372369,0,"LAMA5_CD44","LAMA5 - CD44","LAMININ","ECM-Receptor","KEGG: hsa04512","Advanced"
"Epithelia","C7-APOBEC3A-like","LAMA5","CD44",0.0389994678675983,0,"LAMA5_CD44","LAMA5 - CD44","LAMININ","ECM-Receptor","KEGG: hsa04512","Advanced"
"Epithelia","Mac-Cycling","LAMA5","CD44",0.0355176447948083,0,"LAMA5_CD44","LAMA5 - CD44","LAMININ","ECM-Receptor","KEGG: hsa04512","Advanced"
"Epithelia","Mac-FOLR2-LYVE1-resident","LAMA5","CD44",0.0201445294188669,0,"LAMA5_CD44","LAMA5 - CD44","LAMININ","ECM-Receptor","KEGG: hsa04512","Advanced"
"Epithelia","Mac-NUPR1-IGF2-stress","LAMA5","CD44",0.0107288354347766,0,"LAMA5_CD44","LAMA5 - CD44","LAMININ","ECM-Receptor","KEGG: hsa04512","Advanced"
"Epithelia","Mac-OLFML3-CX3CR1-resident","LAMA5","CD44",0.0306658895095402,0,"LAMA5_CD44","LAMA5 - CD44","LAMININ","ECM-Receptor","KEGG: hsa04512","Advanced"
"Epithelia","Mac-TNF-CCL4-inflammatory","LAMA5","CD44",0.0330975515157245,0,"LAMA5_CD44","LAMA5 - CD44","LAMININ","ECM-Receptor","KEGG: hsa04512","Advanced"
"Epithelia","Mono-FCN1-S100A8-S100A9","LAMA5","CD44",0.0505801343118243,0,"LAMA5_CD44","LAMA5 - CD44","LAMININ","ECM-Receptor","KEGG: hsa04512","Advanced"
"Epithelia","Myeloid-CLEC10A-APC","LAMA5","CD44",0.053629260337136,0,"LAMA5_CD44","LAMA5 - CD44","LAMININ","ECM-Receptor","KEGG: hsa04512","Advanced"
"Epithelia","C6-SLC2A1-like","LAMB1","CD44",0.00338334785689376,0,"LAMB1_CD44","LAMB1 - CD44","LAMININ","ECM-Receptor","KEGG: hsa04512","Advanced"
"Epithelia","C7-APOBEC3A-like","LAMB1","CD44",0.00297837866028528,0,"LAMB1_CD44","LAMB1 - CD44","LAMININ","ECM-Receptor","KEGG: hsa04512","Advanced"
"Epithelia","Mac-Cycling","LAMB1","CD44",0.00270342597250964,0,"LAMB1_CD44","LAMB1 - CD44","LAMININ","ECM-Receptor","KEGG: hsa04512","Advanced"
"Epithelia","Mac-FOLR2-LYVE1-resident","LAMB1","CD44",0.00151104935628056,0,"LAMB1_CD44","LAMB1 - CD44","LAMININ","ECM-Receptor","KEGG: hsa04512","Advanced"
"Epithelia","Mac-NUPR1-IGF2-stress","LAMB1","CD44",0.000797684121840249,0,"LAMB1_CD44","LAMB1 - CD44","LAMININ","ECM-Receptor","KEGG: hsa04512","Advanced"
"Epithelia","Mac-OLFML3-CX3CR1-resident","LAMB1","CD44",0.0023233367739649,0,"LAMB1_CD44","LAMB1 - CD44","LAMININ","ECM-Receptor","KEGG: hsa04512","Advanced"
"Epithelia","Mac-TNF-CCL4-inflammatory","LAMB1","CD44",0.00251339392809206,0,"LAMB1_CD44","LAMB1 - CD44","LAMININ","ECM-Receptor","KEGG: hsa04512","Advanced"
"Epithelia","Mono-FCN1-S100A8-S100A9","LAMB1","CD44",0.00390626904702312,0,"LAMB1_CD44","LAMB1 - CD44","LAMININ","ECM-Receptor","KEGG: hsa04512","Advanced"
"Epithelia","Myeloid-CLEC10A-APC","LAMB1","CD44",0.0041540616861503,0,"LAMB1_CD44","LAMB1 - CD44","LAMININ","ECM-Receptor","KEGG: hsa04512","Advanced"
"Epithelia","C6-SLC2A1-like","LAMB2","CD44",0.0194183352435383,0,"LAMB2_CD44","LAMB2 - CD44","LAMININ","ECM-Receptor","KEGG: hsa04512","Advanced"
"Epithelia","C7-APOBEC3A-like","LAMB2","CD44",0.017127044809638,0,"LAMB2_CD44","LAMB2 - CD44","LAMININ","ECM-Receptor","KEGG: hsa04512","Advanced"
"Epithelia","Mac-Cycling","LAMB2","CD44",0.0155663333383516,0,"LAMB2_CD44","LAMB2 - CD44","LAMININ","ECM-Receptor","KEGG: hsa04512","Advanced"
"Epithelia","Mac-FOLR2-LYVE1-resident","LAMB2","CD44",0.00875040438775925,0,"LAMB2_CD44","LAMB2 - CD44","LAMININ","ECM-Receptor","KEGG: hsa04512","Advanced"
"Epithelia","Mac-NUPR1-IGF2-stress","LAMB2","CD44",0.00463521093847282,0,"LAMB2_CD44","LAMB2 - CD44","LAMININ","ECM-Receptor","KEGG: hsa04512","Advanced"
"Epithelia","Mac-OLFML3-CX3CR1-resident","LAMB2","CD44",0.0134020817080521,0,"LAMB2_CD44","LAMB2 - CD44","LAMININ","ECM-Receptor","KEGG: hsa04512","Advanced"
"Epithelia","Mac-TNF-CCL4-inflammatory","LAMB2","CD44",0.0144852610476291,0,"LAMB2_CD44","LAMB2 - CD44","LAMININ","ECM-Receptor","KEGG: hsa04512","Advanced"
"Epithelia","Mono-FCN1-S100A8-S100A9","LAMB2","CD44",0.0223639678367978,0,"LAMB2_CD44","LAMB2 - CD44","LAMININ","ECM-Receptor","KEGG: hsa04512","Advanced"
"Epithelia","Myeloid-CLEC10A-APC","LAMB2","CD44",0.0237546949121017,0,"LAMB2_CD44","LAMB2 - CD44","LAMININ","ECM-Receptor","KEGG: hsa04512","Advanced"
"Epithelia","C6-SLC2A1-like","LAMB3","CD44",0.0134521915340298,0,"LAMB3_CD44","LAMB3 - CD44","LAMININ","ECM-Receptor","KEGG: hsa04512","Advanced"
"Epithelia","C7-APOBEC3A-like","LAMB3","CD44",0.0118563716245315,0,"LAMB3_CD44","LAMB3 - CD44","LAMININ","ECM-Receptor","KEGG: hsa04512","Advanced"
"Epithelia","Mac-Cycling","LAMB3","CD44",0.0107706899439621,0,"LAMB3_CD44","LAMB3 - CD44","LAMININ","ECM-Receptor","KEGG: hsa04512","Advanced"
"Epithelia","Mac-FOLR2-LYVE1-resident","LAMB3","CD44",0.00604171090311379,0,"LAMB3_CD44","LAMB3 - CD44","LAMININ","ECM-Receptor","KEGG: hsa04512","Advanced"
"Epithelia","Mac-NUPR1-IGF2-stress","LAMB3","CD44",0.00319627076979235,0,"LAMB3_CD44","LAMB3 - CD44","LAMININ","ECM-Receptor","KEGG: hsa04512","Advanced"
"Epithelia","Mac-OLFML3-CX3CR1-resident","LAMB3","CD44",0.00926691993005425,0,"LAMB3_CD44","LAMB3 - CD44","LAMININ","ECM-Receptor","KEGG: hsa04512","Advanced"
"Epithelia","Mac-TNF-CCL4-inflammatory","LAMB3","CD44",0.0100192824091822,0,"LAMB3_CD44","LAMB3 - CD44","LAMININ","ECM-Receptor","KEGG: hsa04512","Advanced"
"Epithelia","Mono-FCN1-S100A8-S100A9","LAMB3","CD44",0.0155071119534346,0,"LAMB3_CD44","LAMB3 - CD44","LAMININ","ECM-Receptor","KEGG: hsa04512","Advanced"
"Epithelia","Myeloid-CLEC10A-APC","LAMB3","CD44",0.0164786254034457,0,"LAMB3_CD44","LAMB3 - CD44","LAMININ","ECM-Receptor","KEGG: hsa04512","Advanced"
"Epithelia","C6-SLC2A1-like","LAMC1","CD44",0.0298255944650458,0,"LAMC1_CD44","LAMC1 - CD44","LAMININ","ECM-Receptor","KEGG: hsa04512","Advanced"
"Epithelia","C7-APOBEC3A-like","LAMC1","CD44",0.0263392722444472,0,"LAMC1_CD44","LAMC1 - CD44","LAMININ","ECM-Receptor","KEGG: hsa04512","Advanced"
"Epithelia","Mac-Cycling","LAMC1","CD44",0.0239595552277598,0,"LAMC1_CD44","LAMC1 - CD44","LAMININ","ECM-Receptor","KEGG: hsa04512","Advanced"
"Epithelia","Mac-FOLR2-LYVE1-resident","LAMC1","CD44",0.0135190100331364,0,"LAMC1_CD44","LAMC1 - CD44","LAMININ","ECM-Receptor","KEGG: hsa04512","Advanced"
"Epithelia","Mac-NUPR1-IGF2-stress","LAMC1","CD44",0.0071774459847993,0,"LAMC1_CD44","LAMC1 - CD44","LAMININ","ECM-Receptor","KEGG: hsa04512","Advanced"
"Epithelia","Mac-OLFML3-CX3CR1-resident","LAMC1","CD44",0.0206528410922625,0,"LAMC1_CD44","LAMC1 - CD44","LAMININ","ECM-Receptor","KEGG: hsa04512","Advanced"
"Epithelia","Mac-TNF-CCL4-inflammatory","LAMC1","CD44",0.0223087883392002,0,"LAMC1_CD44","LAMC1 - CD44","LAMININ","ECM-Receptor","KEGG: hsa04512","Advanced"
"Epithelia","Mono-FCN1-S100A8-S100A9","LAMC1","CD44",0.0342947255604005,0,"LAMC1_CD44","LAMC1 - CD44","LAMININ","ECM-Receptor","KEGG: hsa04512","Advanced"
"Epithelia","Myeloid-CLEC10A-APC","LAMC1","CD44",0.0363997557354391,0,"LAMC1_CD44","LAMC1 - CD44","LAMININ","ECM-Receptor","KEGG: hsa04512","Advanced"
"Epithelia","C6-SLC2A1-like","LAMC2","CD44",0.0056087178661526,0,"LAMC2_CD44","LAMC2 - CD44","LAMININ","ECM-Receptor","KEGG: hsa04512","Advanced"
"Epithelia","C7-APOBEC3A-like","LAMC2","CD44",0.00493870338232691,0,"LAMC2_CD44","LAMC2 - CD44","LAMININ","ECM-Receptor","KEGG: hsa04512","Advanced"
"Epithelia","Mac-Cycling","LAMC2","CD44",0.00448359472676864,0,"LAMC2_CD44","LAMC2 - CD44","LAMININ","ECM-Receptor","KEGG: hsa04512","Advanced"
"Epithelia","Mac-FOLR2-LYVE1-resident","LAMC2","CD44",0.00250802908881927,0,"LAMC2_CD44","LAMC2 - CD44","LAMININ","ECM-Receptor","KEGG: hsa04512","Advanced"
"Epithelia","Mac-NUPR1-IGF2-stress","LAMC2","CD44",0.0013246148968541,0,"LAMC2_CD44","LAMC2 - CD44","LAMININ","ECM-Receptor","KEGG: hsa04512","Advanced"
"Epithelia","Mac-OLFML3-CX3CR1-resident","LAMC2","CD44",0.00385418928285498,0,"LAMC2_CD44","LAMC2 - CD44","LAMININ","ECM-Receptor","KEGG: hsa04512","Advanced"
"Epithelia","Mac-TNF-CCL4-inflammatory","LAMC2","CD44",0.00416895228907658,0,"LAMC2_CD44","LAMC2 - CD44","LAMININ","ECM-Receptor","KEGG: hsa04512","Advanced"
"Epithelia","Mono-FCN1-S100A8-S100A9","LAMC2","CD44",0.00647335223914127,0,"LAMC2_CD44","LAMC2 - CD44","LAMININ","ECM-Receptor","KEGG: hsa04512","Advanced"
"Epithelia","Myeloid-CLEC10A-APC","LAMC2","CD44",0.00688286157619359,0,"LAMC2_CD44","LAMC2 - CD44","LAMININ","ECM-Receptor","KEGG: hsa04512","Advanced"
"C6-SLC2A1-like","Epithelia","COL1A1","SDC1",0.000635573269534089,0,"COL1A1_SDC1","COL1A1 - SDC1","COLLAGEN","ECM-Receptor","KEGG: hsa04512","Advanced"
"Mac-Cycling","Epithelia","COL1A1","SDC1",0.00029678396507276,0,"COL1A1_SDC1","COL1A1 - SDC1","COLLAGEN","ECM-Receptor","KEGG: hsa04512","Advanced"
"Mac-Cycling","Epithelia","COL1A2","SDC1",0.000281056779568829,0,"COL1A2_SDC1","COL1A2 - SDC1","COLLAGEN","ECM-Receptor","KEGG: hsa04512","Advanced"
"Mac-Cycling","Epithelia","COL6A1","SDC1",7.71145927770994e-05,0,"COL6A1_SDC1","COL6A1 - SDC1","COLLAGEN","ECM-Receptor","KEGG: hsa04512","Advanced"
"C6-SLC2A1-like","Epithelia","FN1","SDC1",0.00502579226701659,0,"FN1_SDC1","FN1 - SDC1","FN1","ECM-Receptor","KEGG: hsa04512","Advanced"
"C7-APOBEC3A-like","Epithelia","FN1","SDC1",0.00673745162479991,0,"FN1_SDC1","FN1 - SDC1","FN1","ECM-Receptor","KEGG: hsa04512","Advanced"
"Mac-Cycling","Epithelia","FN1","SDC1",0.00444423881859449,0,"FN1_SDC1","FN1 - SDC1","FN1","ECM-Receptor","KEGG: hsa04512","Advanced"
"Mac-FOLR2-LYVE1-resident","Epithelia","FN1","SDC1",0.00276649827512105,0,"FN1_SDC1","FN1 - SDC1","FN1","ECM-Receptor","KEGG: hsa04512","Advanced"
"Mac-NUPR1-IGF2-stress","Epithelia","FN1","SDC1",0.00172969337482653,0,"FN1_SDC1","FN1 - SDC1","FN1","ECM-Receptor","KEGG: hsa04512","Advanced"
"Mac-OLFML3-CX3CR1-resident","Epithelia","FN1","SDC1",0.0038067108654698,0,"FN1_SDC1","FN1 - SDC1","FN1","ECM-Receptor","KEGG: hsa04512","Advanced"
"Mac-TNF-CCL4-inflammatory","Epithelia","FN1","SDC1",0.00562474189443745,0,"FN1_SDC1","FN1 - SDC1","FN1","ECM-Receptor","KEGG: hsa04512","Advanced"
"Myeloid-CLEC10A-APC","Epithelia","FN1","SDC1",0.00676810291027107,0,"FN1_SDC1","FN1 - SDC1","FN1","ECM-Receptor","KEGG: hsa04512","Advanced"
"Epithelia","C6-SLC2A1-like","COL1A1","SDC4",0.00126883346025395,0,"COL1A1_SDC4","COL1A1 - SDC4","COLLAGEN","ECM-Receptor","KEGG: hsa04512","Advanced"
"Epithelia","C7-APOBEC3A-like","COL1A1","SDC4",0.00120734488666474,0,"COL1A1_SDC4","COL1A1 - SDC4","COLLAGEN","ECM-Receptor","KEGG: hsa04512","Advanced"
"C6-SLC2A1-like","Epithelia","COL1A1","SDC4",0.00765310557241289,0,"COL1A1_SDC4","COL1A1 - SDC4","COLLAGEN","ECM-Receptor","KEGG: hsa04512","Advanced"
"Mac-Cycling","Epithelia","COL1A1","SDC4",0.00358708068491871,0,"COL1A1_SDC4","COL1A1 - SDC4","COLLAGEN","ECM-Receptor","KEGG: hsa04512","Advanced"
"Epithelia","Mac-Cycling","COL1A1","SDC4",0.00037790470292197,0,"COL1A1_SDC4","COL1A1 - SDC4","COLLAGEN","ECM-Receptor","KEGG: hsa04512","Advanced"
"Epithelia","Myeloid-CLEC10A-APC","COL1A1","SDC4",0.000875275070360758,0,"COL1A1_SDC4","COL1A1 - SDC4","COLLAGEN","ECM-Receptor","KEGG: hsa04512","Advanced"
"Epithelia","C6-SLC2A1-like","COL1A2","SDC4",0.00213648176889399,0,"COL1A2_SDC4","COL1A2 - SDC4","COLLAGEN","ECM-Receptor","KEGG: hsa04512","Advanced"
"Epithelia","C7-APOBEC3A-like","COL1A2","SDC4",0.00203303193122699,0,"COL1A2_SDC4","COL1A2 - SDC4","COLLAGEN","ECM-Receptor","KEGG: hsa04512","Advanced"
"Mac-Cycling","Epithelia","COL1A2","SDC4",0.00339758656630726,0,"COL1A2_SDC4","COL1A2 - SDC4","COLLAGEN","ECM-Receptor","KEGG: hsa04512","Advanced"
"Epithelia","Mac-Cycling","COL1A2","SDC4",0.000636710288619431,0,"COL1A2_SDC4","COL1A2 - SDC4","COLLAGEN","ECM-Receptor","KEGG: hsa04512","Advanced"
"Epithelia","Myeloid-CLEC10A-APC","COL1A2","SDC4",0.00147419919471067,0,"COL1A2_SDC4","COL1A2 - SDC4","COLLAGEN","ECM-Receptor","KEGG: hsa04512","Advanced"
"Epithelia","C6-SLC2A1-like","COL4A1","SDC4",0.000358732317389644,0,"COL4A1_SDC4","COL4A1 - SDC4","COLLAGEN","ECM-Receptor","KEGG: hsa04512","Advanced"
"Epithelia","C7-APOBEC3A-like","COL4A1","SDC4",0.000341332820355389,0,"COL4A1_SDC4","COL4A1 - SDC4","COLLAGEN","ECM-Receptor","KEGG: hsa04512","Advanced"
"Epithelia","Mac-Cycling","COL4A1","SDC4",0.00010677519705086,0,"COL4A1_SDC4","COL4A1 - SDC4","COLLAGEN","ECM-Receptor","KEGG: hsa04512","Advanced"
"Epithelia","Myeloid-CLEC10A-APC","COL4A1","SDC4",0.000247393169258065,0,"COL4A1_SDC4","COL4A1 - SDC4","COLLAGEN","ECM-Receptor","KEGG: hsa04512","Advanced"
"Epithelia","C6-SLC2A1-like","COL4A2","SDC4",0.000907798718652484,0,"COL4A2_SDC4","COL4A2 - SDC4","COLLAGEN","ECM-Receptor","KEGG: hsa04512","Advanced"
"Epithelia","C7-APOBEC3A-like","COL4A2","SDC4",0.000863791013807622,0,"COL4A2_SDC4","COL4A2 - SDC4","COLLAGEN","ECM-Receptor","KEGG: hsa04512","Advanced"
"Epithelia","Mac-Cycling","COL4A2","SDC4",0.000270306828667826,0,"COL4A2_SDC4","COL4A2 - SDC4","COLLAGEN","ECM-Receptor","KEGG: hsa04512","Advanced"
"Epithelia","Myeloid-CLEC10A-APC","COL4A2","SDC4",0.000626153494641707,0,"COL4A2_SDC4","COL4A2 - SDC4","COLLAGEN","ECM-Receptor","KEGG: hsa04512","Advanced"
"Epithelia","C6-SLC2A1-like","COL6A1","SDC4",0.00411860250684411,0,"COL6A1_SDC4","COL6A1 - SDC4","COLLAGEN","ECM-Receptor","KEGG: hsa04512","Advanced"
"Epithelia","C7-APOBEC3A-like","COL6A1","SDC4",0.00391955407997265,0,"COL6A1_SDC4","COL6A1 - SDC4","COLLAGEN","ECM-Receptor","KEGG: hsa04512","Advanced"
"Mac-Cycling","Epithelia","COL6A1","SDC4",0.000934321951973337,0.02,"COL6A1_SDC4","COL6A1 - SDC4","COLLAGEN","ECM-Receptor","KEGG: hsa04512","Advanced"
"Epithelia","Mac-Cycling","COL6A1","SDC4",0.00122913208424159,0,"COL6A1_SDC4","COL6A1 - SDC4","COLLAGEN","ECM-Receptor","KEGG: hsa04512","Advanced"
"Epithelia","Myeloid-CLEC10A-APC","COL6A1","SDC4",0.00284363830858612,0,"COL6A1_SDC4","COL6A1 - SDC4","COLLAGEN","ECM-Receptor","KEGG: hsa04512","Advanced"
"Epithelia","C6-SLC2A1-like","COL6A2","SDC4",0.00117650293843047,0,"COL6A2_SDC4","COL6A2 - SDC4","COLLAGEN","ECM-Receptor","KEGG: hsa04512","Advanced"
"Epithelia","C7-APOBEC3A-like","COL6A2","SDC4",0.00111948375233378,0,"COL6A2_SDC4","COL6A2 - SDC4","COLLAGEN","ECM-Receptor","KEGG: hsa04512","Advanced"
"Epithelia","Mac-Cycling","COL6A2","SDC4",0.000350382574468484,0,"COL6A2_SDC4","COL6A2 - SDC4","COLLAGEN","ECM-Receptor","KEGG: hsa04512","Advanced"
"Epithelia","Myeloid-CLEC10A-APC","COL6A2","SDC4",0.000811559749165026,0,"COL6A2_SDC4","COL6A2 - SDC4","COLLAGEN","ECM-Receptor","KEGG: hsa04512","Advanced"
"Epithelia","C6-SLC2A1-like","FN1","SDC4",0.00105036777130453,0.04,"FN1_SDC4","FN1 - SDC4","FN1","ECM-Receptor","KEGG: hsa04512","Advanced"
"C6-SLC2A1-like","Epithelia","FN1","SDC4",0.0577173468237442,0,"FN1_SDC4","FN1 - SDC4","FN1","ECM-Receptor","KEGG: hsa04512","Advanced"
"C7-APOBEC3A-like","Epithelia","FN1","SDC4",0.0760036270199271,0,"FN1_SDC4","FN1 - SDC4","FN1","ECM-Receptor","KEGG: hsa04512","Advanced"
"Mac-Cycling","Epithelia","FN1","SDC4",0.0513533441899016,0,"FN1_SDC4","FN1 - SDC4","FN1","ECM-Receptor","KEGG: hsa04512","Advanced"
"Mac-FOLR2-LYVE1-resident","Epithelia","FN1","SDC4",0.0325459057653727,0,"FN1_SDC4","FN1 - SDC4","FN1","ECM-Receptor","KEGG: hsa04512","Advanced"
"Mac-NUPR1-IGF2-stress","Epithelia","FN1","SDC4",0.0205789334081189,0,"FN1_SDC4","FN1 - SDC4","FN1","ECM-Receptor","KEGG: hsa04512","Advanced"
"Mac-OLFML3-CX3CR1-resident","Epithelia","FN1","SDC4",0.0442860218475303,0,"FN1_SDC4","FN1 - SDC4","FN1","ECM-Receptor","KEGG: hsa04512","Advanced"
"Mac-TNF-CCL4-inflammatory","Epithelia","FN1","SDC4",0.0641906980667916,0,"FN1_SDC4","FN1 - SDC4","FN1","ECM-Receptor","KEGG: hsa04512","Advanced"
"Myeloid-CLEC10A-APC","Epithelia","FN1","SDC4",0.0763251824117936,0,"FN1_SDC4","FN1 - SDC4","FN1","ECM-Receptor","KEGG: hsa04512","Advanced"
"Epithelia","C6-SLC2A1-like","THBS3","SDC4",0.000520144187257122,0,"THBS3_SDC4","THBS3 - SDC4","THBS","ECM-Receptor","KEGG: hsa04512","Advanced"
"Epithelia","C7-APOBEC3A-like","THBS3","SDC4",0.000494919649819245,0,"THBS3_SDC4","THBS3 - SDC4","THBS","ECM-Receptor","KEGG: hsa04512","Advanced"
"Epithelia","Mac-Cycling","THBS3","SDC4",0.000154836335270681,0,"THBS3_SDC4","THBS3 - SDC4","THBS","ECM-Receptor","KEGG: hsa04512","Advanced"
"Epithelia","Myeloid-CLEC10A-APC","THBS3","SDC4",0.00035872588517964,0,"THBS3_SDC4","THBS3 - SDC4","THBS","ECM-Receptor","KEGG: hsa04512","Advanced"
"Epithelia","Mono-FCN1-S100A8-S100A9","THBS3","CD36",0.00104546264262499,0,"THBS3_CD36","THBS3 - CD36","THBS","ECM-Receptor","KEGG: hsa04512","Advanced"
"Epithelia","Myeloid-CLEC10A-APC","THBS3","CD36",0.00116844287974532,0,"THBS3_CD36","THBS3 - CD36","THBS","ECM-Receptor","KEGG: hsa04512","Advanced"
"Epithelia","C6-SLC2A1-like","THBS3","CD47",0.000824464981264237,0,"THBS3_CD47","THBS3 - CD47","THBS","ECM-Receptor","KEGG: hsa04512","Advanced"
"Epithelia","C7-APOBEC3A-like","THBS3","CD47",0.00236204492199778,0,"THBS3_CD47","THBS3 - CD47","THBS","ECM-Receptor","KEGG: hsa04512","Advanced"
"Epithelia","Mac-Cycling","THBS3","CD47",0.00161647045179763,0,"THBS3_CD47","THBS3 - CD47","THBS","ECM-Receptor","KEGG: hsa04512","Advanced"
"Epithelia","Mac-FOLR2-LYVE1-resident","THBS3","CD47",0.000714839226732591,0,"THBS3_CD47","THBS3 - CD47","THBS","ECM-Receptor","KEGG: hsa04512","Advanced"
"Epithelia","Mac-OLFML3-CX3CR1-resident","THBS3","CD47",0.00144460157198733,0,"THBS3_CD47","THBS3 - CD47","THBS","ECM-Receptor","KEGG: hsa04512","Advanced"
"Epithelia","Myeloid-CLEC10A-APC","THBS3","CD47",0.00137880823150367,0,"THBS3_CD47","THBS3 - CD47","THBS","ECM-Receptor","KEGG: hsa04512","Advanced"
"C7-APOBEC3A-like","Epithelia","AGRN","DAG1",0.000392621781165089,0,"AGRN_DAG1","AGRN - DAG1","AGRN","ECM-Receptor","KEGG: hsa04512","Advanced"
"Epithelia","C7-APOBEC3A-like","LTB4-LTA4H","LTB4R",0.000558014936537533,0,"LTB4-LTA4H_LTB4R1","LTB4-LTA4H - LTB4R","CysLTs","Non-protein Signaling","PMID:33753496","Advanced"
"Epithelia","Myeloid-CLEC10A-APC","PGE2-PTGES2","PTGER2",0.000300846793234577,0,"PGE2-PTGES2_PTGER2","PGE2-PTGES2 - PTGER2","Prostaglandin","Non-protein Signaling","PMID: 34949672;PMID: 21508345","Advanced"
"Epithelia","Myeloid-CLEC10A-APC","PGE2-PTGES3","PTGER2",0.00392820297150937,0,"PGE2-PTGES3_PTGER2","PGE2-PTGES3 - PTGER2","Prostaglandin","Non-protein Signaling","PMID: 34949672;PMID: 21508345","Advanced"
"Epithelia","C6-SLC2A1-like","PGE2-PTGES2","PTGER4",0.00299108727238456,0,"PGE2-PTGES2_PTGER4","PGE2-PTGES2 - PTGER4","Prostaglandin","Non-protein Signaling","PMID: 34949672;PMID: 21508345","Advanced"
"Epithelia","C7-APOBEC3A-like","PGE2-PTGES2","PTGER4",0.00232879717194565,0,"PGE2-PTGES2_PTGER4","PGE2-PTGES2 - PTGER4","Prostaglandin","Non-protein Signaling","PMID: 34949672;PMID: 21508345","Advanced"
"Epithelia","Mac-Cycling","PGE2-PTGES2","PTGER4",0.00201216002637529,0,"PGE2-PTGES2_PTGER4","PGE2-PTGES2 - PTGER4","Prostaglandin","Non-protein Signaling","PMID: 34949672;PMID: 21508345","Advanced"
"Epithelia","Mac-FOLR2-LYVE1-resident","PGE2-PTGES2","PTGER4",0.00302158203031122,0,"PGE2-PTGES2_PTGER4","PGE2-PTGES2 - PTGER4","Prostaglandin","Non-protein Signaling","PMID: 34949672;PMID: 21508345","Advanced"
"Epithelia","Mac-NUPR1-IGF2-stress","PGE2-PTGES2","PTGER4",0.00132875043499704,0,"PGE2-PTGES2_PTGER4","PGE2-PTGES2 - PTGER4","Prostaglandin","Non-protein Signaling","PMID: 34949672;PMID: 21508345","Advanced"
"Epithelia","Mac-OLFML3-CX3CR1-resident","PGE2-PTGES2","PTGER4",0.00325315740616096,0,"PGE2-PTGES2_PTGER4","PGE2-PTGES2 - PTGER4","Prostaglandin","Non-protein Signaling","PMID: 34949672;PMID: 21508345","Advanced"
"Epithelia","Mac-TNF-CCL4-inflammatory","PGE2-PTGES2","PTGER4",0.00332513138384705,0,"PGE2-PTGES2_PTGER4","PGE2-PTGES2 - PTGER4","Prostaglandin","Non-protein Signaling","PMID: 34949672;PMID: 21508345","Advanced"
"Epithelia","Mono-FCN1-S100A8-S100A9","PGE2-PTGES2","PTGER4",0.000952277965959191,0,"PGE2-PTGES2_PTGER4","PGE2-PTGES2 - PTGER4","Prostaglandin","Non-protein Signaling","PMID: 34949672;PMID: 21508345","Advanced"
"Epithelia","Myeloid-CLEC10A-APC","PGE2-PTGES2","PTGER4",0.00261574864300658,0,"PGE2-PTGES2_PTGER4","PGE2-PTGES2 - PTGER4","Prostaglandin","Non-protein Signaling","PMID: 34949672;PMID: 21508345","Advanced"
"Epithelia","C6-SLC2A1-like","PGE2-PTGES3","PTGER4",0.0378277143898295,0,"PGE2-PTGES3_PTGER4","PGE2-PTGES3 - PTGER4","Prostaglandin","Non-protein Signaling","PMID: 34949672;PMID: 21508345","Advanced"
"Epithelia","C7-APOBEC3A-like","PGE2-PTGES3","PTGER4",0.0296814939588196,0.01,"PGE2-PTGES3_PTGER4","PGE2-PTGES3 - PTGER4","Prostaglandin","Non-protein Signaling","PMID: 34949672;PMID: 21508345","Advanced"
"Epithelia","Mac-Cycling","PGE2-PTGES3","PTGER4",0.0257417791700886,0,"PGE2-PTGES3_PTGER4","PGE2-PTGES3 - PTGER4","Prostaglandin","Non-protein Signaling","PMID: 34949672;PMID: 21508345","Advanced"
"Epithelia","Mac-FOLR2-LYVE1-resident","PGE2-PTGES3","PTGER4",0.0381997678322599,0,"PGE2-PTGES3_PTGER4","PGE2-PTGES3 - PTGER4","Prostaglandin","Non-protein Signaling","PMID: 34949672;PMID: 21508345","Advanced"
"Epithelia","Mac-NUPR1-IGF2-stress","PGE2-PTGES3","PTGER4",0.0171372433987838,0,"PGE2-PTGES3_PTGER4","PGE2-PTGES3 - PTGER4","Prostaglandin","Non-protein Signaling","PMID: 34949672;PMID: 21508345","Advanced"
"Epithelia","Mac-OLFML3-CX3CR1-resident","PGE2-PTGES3","PTGER4",0.0410164962795023,0,"PGE2-PTGES3_PTGER4","PGE2-PTGES3 - PTGER4","Prostaglandin","Non-protein Signaling","PMID: 34949672;PMID: 21508345","Advanced"
"Epithelia","Mac-TNF-CCL4-inflammatory","PGE2-PTGES3","PTGER4",0.0418888475030858,0,"PGE2-PTGES3_PTGER4","PGE2-PTGES3 - PTGER4","Prostaglandin","Non-protein Signaling","PMID: 34949672;PMID: 21508345","Advanced"
"Epithelia","Mono-FCN1-S100A8-S100A9","PGE2-PTGES3","PTGER4",0.0123371104117254,0.04,"PGE2-PTGES3_PTGER4","PGE2-PTGES3 - PTGER4","Prostaglandin","Non-protein Signaling","PMID: 34949672;PMID: 21508345","Advanced"
"Epithelia","Myeloid-CLEC10A-APC","PGE2-PTGES3","PTGER4",0.0332265634243713,0,"PGE2-PTGES3_PTGER4","PGE2-PTGES3 - PTGER4","Prostaglandin","Non-protein Signaling","PMID: 34949672;PMID: 21508345","Advanced"
"Epithelia","C7-APOBEC3A-like","12oxoLTB4-PTGR1","LTB4R",0.000953931600352878,0,"12oxoLeukotrieneB4-12oxoLTB4-PTGR1_LTB4R1","12oxoLTB4-PTGR1 - LTB4R","12oxoLTB4","Non-protein Signaling","PMID: 33037399","Advanced"
"C7-APOBEC3A-like","Epithelia","RA-ALDH1A1","RARG_CRABP2",0.001801826168457,0,"RetinoicAcid-RA-ALDH1A1_RARG_CRABP2","RA-ALDH1A1 - (RARG+CRABP2)","RA","Non-protein Signaling","uniprot;reactome","Advanced"
"C7-APOBEC3A-like","Epithelia","RA-ALDH1A1","RXRA_CRABP2",0.00148458760779715,0,"RetinoicAcid-RA-ALDH1A1_RXRA_CRABP2","RA-ALDH1A1 - (RXRA+CRABP2)","RA","Non-protein Signaling","uniprot;reactome","Advanced"
"C7-APOBEC3A-like","Epithelia","RA-ALDH1A1","RXRB_CRABP2",0.00147179690639596,0,"RetinoicAcid-RA-ALDH1A1_RXRB_CRABP2","RA-ALDH1A1 - (RXRB+CRABP2)","RA","Non-protein Signaling","uniprot;reactome","Advanced"
"C7-APOBEC3A-like","Epithelia","DHEA-STS","ESR1",0.000517000002110288,0,"Dehydroepiandrosterone-DHEA-STS_ESR1","DHEA-STS - ESR1","DHEA","Non-protein Signaling","HMRbase","Advanced"
"Epithelia","C6-SLC2A1-like","Desmosterol-DHCR7","NR1H2",0.000615852839089787,0,"Desmosterol-Desmosterol-DHCR7_NR1H2","Desmosterol-DHCR7 - NR1H2","Desmosterol","Non-protein Signaling","HMRbase;uniprot","Advanced"
"Epithelia","C7-APOBEC3A-like","Desmosterol-DHCR7","NR1H2",0.00120348459375405,0,"Desmosterol-Desmosterol-DHCR7_NR1H2","Desmosterol-DHCR7 - NR1H2","Desmosterol","Non-protein Signaling","HMRbase;uniprot","Advanced"
"Epithelia","Mac-Cycling","Desmosterol-DHCR7","NR1H2",0.000933476533712744,0,"Desmosterol-Desmosterol-DHCR7_NR1H2","Desmosterol-DHCR7 - NR1H2","Desmosterol","Non-protein Signaling","HMRbase;uniprot","Advanced"
"Epithelia","Mac-FOLR2-LYVE1-resident","Desmosterol-DHCR7","NR1H2",0.000552596865995903,0,"Desmosterol-Desmosterol-DHCR7_NR1H2","Desmosterol-DHCR7 - NR1H2","Desmosterol","Non-protein Signaling","HMRbase;uniprot","Advanced"
"Epithelia","Mac-OLFML3-CX3CR1-resident","Desmosterol-DHCR7","NR1H2",0.000606344919871035,0,"Desmosterol-Desmosterol-DHCR7_NR1H2","Desmosterol-DHCR7 - NR1H2","Desmosterol","Non-protein Signaling","HMRbase;uniprot","Advanced"
"Epithelia","Myeloid-CLEC10A-APC","Desmosterol-DHCR7","NR1H2",0.000554671400179726,0,"Desmosterol-Desmosterol-DHCR7_NR1H2","Desmosterol-DHCR7 - NR1H2","Desmosterol","Non-protein Signaling","HMRbase;uniprot","Advanced"
"Epithelia","C6-SLC2A1-like","Desmosterol-DHCR7","NR1H3",0.000678978480271801,0,"Desmosterol-Desmosterol-DHCR7_NR1H3","Desmosterol-DHCR7 - NR1H3","Desmosterol","Non-protein Signaling","HMRbase","Advanced"
"Epithelia","C7-APOBEC3A-like","Desmosterol-DHCR7","NR1H3",0.000812170647053572,0,"Desmosterol-Desmosterol-DHCR7_NR1H3","Desmosterol-DHCR7 - NR1H3","Desmosterol","Non-protein Signaling","HMRbase","Advanced"
"Epithelia","C7-APOBEC3A-like","DHEAS-SULT2B","PPARA",0.000531156883760675,0,"DHEAsulfate-DHEAS-SULT2B_PPARA","DHEAS-SULT2B - PPARA","DHEAS","Non-protein Signaling","HMRbase","Advanced"
"Epithelia","C6-SLC2A1-like","DHEAS-SULT2B","PPARD",0.000567786677586274,0,"DHEAsulfate-DHEAS-SULT2B_PPARD","DHEAS-SULT2B - PPARD","DHEAS","Non-protein Signaling","HMRbase","Advanced"
"Epithelia","C7-APOBEC3A-like","DHEAS-SULT2B","PPARD",0.000406051249145362,0,"DHEAsulfate-DHEAS-SULT2B_PPARD","DHEAS-SULT2B - PPARD","DHEAS","Non-protein Signaling","HMRbase","Advanced"
"Epithelia","Mac-Cycling","DHEAS-SULT2B","PPARD",0.000322169090482986,0,"DHEAsulfate-DHEAS-SULT2B_PPARD","DHEAS-SULT2B - PPARD","DHEAS","Non-protein Signaling","HMRbase","Advanced"
"Epithelia","Mac-OLFML3-CX3CR1-resident","DHEAS-SULT2B","PPARD",0.000323588793581434,0,"DHEAsulfate-DHEAS-SULT2B_PPARD","DHEAS-SULT2B - PPARD","DHEAS","Non-protein Signaling","HMRbase","Advanced"
"Epithelia","Myeloid-CLEC10A-APC","DHEAS-SULT2B","PPARD",0.000368029439124174,0,"DHEAsulfate-DHEAS-SULT2B_PPARD","DHEAS-SULT2B - PPARD","DHEAS","Non-protein Signaling","HMRbase","Advanced"
"Mac-Cycling","Epithelia","DHT-SRD5A3","AR",0.000519804117094021,0,"Dihydrotestosterone-DHT-SRD5A3_AR","DHT-SRD5A3 - AR","DHT","Non-protein Signaling","HMRbase;uniprot","Advanced"
"Mac-OLFML3-CX3CR1-resident","Epithelia","DHT-SRD5A3","AR",0.000699207751515245,0,"Dihydrotestosterone-DHT-SRD5A3_AR","DHT-SRD5A3 - AR","DHT","Non-protein Signaling","HMRbase;uniprot","Advanced"
"Myeloid-CLEC10A-APC","Epithelia","DHT-SRD5A3","AR",0.000406889401562319,0,"Dihydrotestosterone-DHT-SRD5A3_AR","DHT-SRD5A3 - AR","DHT","Non-protein Signaling","HMRbase;uniprot","Advanced"
"C6-SLC2A1-like","Epithelia","Testosterone-HSD17B12","AR",0.000732372230501985,0,"Testosterone-Testosterone-HSD17B12_AR","TESTOSTERONE-HSD17B12 - AR","Testosterone","Non-protein Signaling","HMRbase;uniprot","Advanced"
"C7-APOBEC3A-like","Epithelia","Testosterone-HSD17B12","AR",0.000831359749411832,0,"Testosterone-Testosterone-HSD17B12_AR","TESTOSTERONE-HSD17B12 - AR","Testosterone","Non-protein Signaling","HMRbase;uniprot","Advanced"
"Mac-Cycling","Epithelia","Testosterone-HSD17B12","AR",0.00155360868820619,0,"Testosterone-Testosterone-HSD17B12_AR","TESTOSTERONE-HSD17B12 - AR","Testosterone","Non-protein Signaling","HMRbase;uniprot","Advanced"
"Mac-OLFML3-CX3CR1-resident","Epithelia","Testosterone-HSD17B12","AR",0.000933374790672,0,"Testosterone-Testosterone-HSD17B12_AR","TESTOSTERONE-HSD17B12 - AR","Testosterone","Non-protein Signaling","HMRbase;uniprot","Advanced"
"Myeloid-CLEC10A-APC","Epithelia","Testosterone-HSD17B12","AR",0.00174409436939874,0,"Testosterone-Testosterone-HSD17B12_AR","TESTOSTERONE-HSD17B12 - AR","Testosterone","Non-protein Signaling","HMRbase;uniprot","Advanced"
"Epithelia","C6-SLC2A1-like","APP","CD74",0.117266470926225,0,"APP_CD74","APP - CD74","APP","Cell-Cell Contact","PMID: 19849849","Advanced"
"Epithelia","C7-APOBEC3A-like","APP","CD74",0.14548090606764,0,"APP_CD74","APP - CD74","APP","Cell-Cell Contact","PMID: 19849849","Advanced"
"Epithelia","Mac-Cycling","APP","CD74",0.113257544729473,0,"APP_CD74","APP - CD74","APP","Cell-Cell Contact","PMID: 19849849","Advanced"
"Epithelia","Mac-FOLR2-LYVE1-resident","APP","CD74",0.136805943031331,0,"APP_CD74","APP - CD74","APP","Cell-Cell Contact","PMID: 19849849","Advanced"
"Epithelia","Mac-NUPR1-IGF2-stress","APP","CD74",0.0987326259453789,0,"APP_CD74","APP - CD74","APP","Cell-Cell Contact","PMID: 19849849","Advanced"
"Epithelia","Mac-OLFML3-CX3CR1-resident","APP","CD74",0.14115154920059,0,"APP_CD74","APP - CD74","APP","Cell-Cell Contact","PMID: 19849849","Advanced"
"Epithelia","Mac-TNF-CCL4-inflammatory","APP","CD74",0.110207843510911,0,"APP_CD74","APP - CD74","APP","Cell-Cell Contact","PMID: 19849849","Advanced"
"Epithelia","Mono-FCN1-S100A8-S100A9","APP","CD74",0.093192635160324,0,"APP_CD74","APP - CD74","APP","Cell-Cell Contact","PMID: 19849849","Advanced"
"Epithelia","Myeloid-CLEC10A-APC","APP","CD74",0.101040213316306,0,"APP_CD74","APP - CD74","APP","Cell-Cell Contact","PMID: 19849849","Advanced"
"Epithelia","C6-SLC2A1-like","CADM1","CADM1",0.00237078197835579,0,"CADM1_CADM1","CADM1 - CADM1","CADM","Cell-Cell Contact","PMID: 24503895","Advanced"
"Epithelia","C7-APOBEC3A-like","CADM1","CADM1",0.00145938244533752,0,"CADM1_CADM1","CADM1 - CADM1","CADM","Cell-Cell Contact","PMID: 24503895","Advanced"
"C6-SLC2A1-like","Epithelia","CADM1","CADM1",0.00237078197835579,0,"CADM1_CADM1","CADM1 - CADM1","CADM","Cell-Cell Contact","PMID: 24503895","Advanced"
"C7-APOBEC3A-like","Epithelia","CADM1","CADM1",0.00145938244533752,0,"CADM1_CADM1","CADM1 - CADM1","CADM","Cell-Cell Contact","PMID: 24503895","Advanced"
"Mac-Cycling","Epithelia","CADM1","CADM1",0.00277115503913036,0,"CADM1_CADM1","CADM1 - CADM1","CADM","Cell-Cell Contact","PMID: 24503895","Advanced"
"Mac-FOLR2-LYVE1-resident","Epithelia","CADM1","CADM1",0.00374239948968871,0,"CADM1_CADM1","CADM1 - CADM1","CADM","Cell-Cell Contact","PMID: 24503895","Advanced"
"Mac-OLFML3-CX3CR1-resident","Epithelia","CADM1","CADM1",0.00951502967167206,0,"CADM1_CADM1","CADM1 - CADM1","CADM","Cell-Cell Contact","PMID: 24503895","Advanced"
"Epithelia","Mac-Cycling","CADM1","CADM1",0.00277115503913036,0,"CADM1_CADM1","CADM1 - CADM1","CADM","Cell-Cell Contact","PMID: 24503895","Advanced"
"Epithelia","Mac-FOLR2-LYVE1-resident","CADM1","CADM1",0.00374239948968871,0,"CADM1_CADM1","CADM1 - CADM1","CADM","Cell-Cell Contact","PMID: 24503895","Advanced"
"Epithelia","Mac-OLFML3-CX3CR1-resident","CADM1","CADM1",0.00951502967167206,0,"CADM1_CADM1","CADM1 - CADM1","CADM","Cell-Cell Contact","PMID: 24503895","Advanced"
"C6-SLC2A1-like","Epithelia","CD46","JAG1",0.00117848296013863,0,"CD46_JAG1","CD46 - JAG1","CD46","Cell-Cell Contact","PMID: 23086448","Advanced"
"C7-APOBEC3A-like","Epithelia","CD46","JAG1",0.00100627372880089,0,"CD46_JAG1","CD46 - JAG1","CD46","Cell-Cell Contact","PMID: 23086448","Advanced"
"Mac-Cycling","Epithelia","CD46","JAG1",0.000515793330788608,0,"CD46_JAG1","CD46 - JAG1","CD46","Cell-Cell Contact","PMID: 23086448","Advanced"
"Mac-FOLR2-LYVE1-resident","Epithelia","CD46","JAG1",0.000507792880317461,0,"CD46_JAG1","CD46 - JAG1","CD46","Cell-Cell Contact","PMID: 23086448","Advanced"
"Mac-NUPR1-IGF2-stress","Epithelia","CD46","JAG1",0.000713483000190323,0,"CD46_JAG1","CD46 - JAG1","CD46","Cell-Cell Contact","PMID: 23086448","Advanced"
"Mac-OLFML3-CX3CR1-resident","Epithelia","CD46","JAG1",0.00118077912999594,0,"CD46_JAG1","CD46 - JAG1","CD46","Cell-Cell Contact","PMID: 23086448","Advanced"
"Mac-TNF-CCL4-inflammatory","Epithelia","CD46","JAG1",0.000579476956322217,0,"CD46_JAG1","CD46 - JAG1","CD46","Cell-Cell Contact","PMID: 23086448","Advanced"
"Mono-FCN1-S100A8-S100A9","Epithelia","CD46","JAG1",0.000609882877567228,0,"CD46_JAG1","CD46 - JAG1","CD46","Cell-Cell Contact","PMID: 23086448","Advanced"
"Myeloid-CLEC10A-APC","Epithelia","CD46","JAG1",0.000724213820888876,0,"CD46_JAG1","CD46 - JAG1","CD46","Cell-Cell Contact","PMID: 23086448","Advanced"
"Epithelia","C6-SLC2A1-like","CD99","PILRA",0.00375289930140094,0,"CD99_PILRA","CD99 - PILRA","CD99","Cell-Cell Contact","PMID: 18234675","Advanced"
"Epithelia","C7-APOBEC3A-like","CD99","PILRA",0.0158257333322136,0,"CD99_PILRA","CD99 - PILRA","CD99","Cell-Cell Contact","PMID: 18234675","Advanced"
"Epithelia","Mac-FOLR2-LYVE1-resident","CD99","PILRA",0.00456220785735239,0,"CD99_PILRA","CD99 - PILRA","CD99","Cell-Cell Contact","PMID: 18234675","Advanced"
"Epithelia","Mac-OLFML3-CX3CR1-resident","CD99","PILRA",0.00499746690182584,0,"CD99_PILRA","CD99 - PILRA","CD99","Cell-Cell Contact","PMID: 18234675","Advanced"
"Epithelia","Mono-FCN1-S100A8-S100A9","CD99","PILRA",0.00675674259939901,0,"CD99_PILRA","CD99 - PILRA","CD99","Cell-Cell Contact","PMID: 18234675","Advanced"
"Epithelia","Myeloid-CLEC10A-APC","CD99","PILRA",0.01341826776109,0,"CD99_PILRA","CD99 - PILRA","CD99","Cell-Cell Contact","PMID: 18234675","Advanced"
"Epithelia","Mac-Cycling","CDH1","ITGAE_ITGB7",0.00174766479359145,0,"CDH1_ITGAE_ITGB7","CDH1 - (ITGAE+ITGB7)","CDH1","Cell-Cell Contact","PMID: 9425167","Advanced"
"Epithelia","Myeloid-CLEC10A-APC","CDH1","ITGAE_ITGB7",0.00183426531397478,0,"CDH1_ITGAE_ITGB7","CDH1 - (ITGAE+ITGB7)","CDH1","Cell-Cell Contact","PMID: 9425167","Advanced"
"C6-SLC2A1-like","Epithelia","DSC2","DSG2",0.0026429061822181,0,"DSC2_DSG2","DSC2 - DSG2","DESMOSOME","Cell-Cell Contact","PMID: 27298358","Advanced"
"Epithelia","C7-APOBEC3A-like","EFNB1","EPHB2",0.000354931670956513,0,"EFNB1_EPHB2","EFNB1 - EPHB2","EPHB","Cell-Cell Contact","PMID: 15114347","Advanced"
"Epithelia","Mac-Cycling","EFNB1","EPHB2",0.000183927248091907,0,"EFNB1_EPHB2","EFNB1 - EPHB2","EPHB","Cell-Cell Contact","PMID: 15114347","Advanced"
"Epithelia","Mac-OLFML3-CX3CR1-resident","EFNB1","EPHB2",0.000506012998241861,0,"EFNB1_EPHB2","EFNB1 - EPHB2","EPHB","Cell-Cell Contact","PMID: 15114347","Advanced"
"Mac-OLFML3-CX3CR1-resident","Epithelia","EFNB1","EPHB3",0.000262956531220992,0,"EFNB1_EPHB3","EFNB1 - EPHB3","EPHB","Cell-Cell Contact","PMID: 15114347","Advanced"
"Epithelia","C7-APOBEC3A-like","EFNB2","EPHB2",0.00038970000117269,0,"EFNB2_EPHB2","EFNB2 - EPHB2","EPHB","Cell-Cell Contact","PMID: 15114347","Advanced"
"Epithelia","Mac-Cycling","EFNB2","EPHB2",0.000201947743119918,0,"EFNB2_EPHB2","EFNB2 - EPHB2","EPHB","Cell-Cell Contact","PMID: 15114347","Advanced"
"Epithelia","Mac-OLFML3-CX3CR1-resident","EFNB2","EPHB2",0.000555572699677988,0,"EFNB2_EPHB2","EFNB2 - EPHB2","EPHB","Cell-Cell Contact","PMID: 15114347","Advanced"
"Epithelia","C6-SLC2A1-like","ICAM1","ITGAX_ITGB2",0.00834524181510053,0,"ICAM1_ITGAX_ITGB2","ICAM1 - (ITGAX+ITGB2)","ICAM","Cell-Cell Contact","PMID: 16252253","Advanced"
"Epithelia","C7-APOBEC3A-like","ICAM1","ITGAX_ITGB2",0.00684945050274104,0,"ICAM1_ITGAX_ITGB2","ICAM1 - (ITGAX+ITGB2)","ICAM","Cell-Cell Contact","PMID: 16252253","Advanced"
"Epithelia","Mac-Cycling","ICAM1","ITGAX_ITGB2",0.00287168218007907,0,"ICAM1_ITGAX_ITGB2","ICAM1 - (ITGAX+ITGB2)","ICAM","Cell-Cell Contact","PMID: 16252253","Advanced"
"Epithelia","Mac-FOLR2-LYVE1-resident","ICAM1","ITGAX_ITGB2",0.00567423361574878,0,"ICAM1_ITGAX_ITGB2","ICAM1 - (ITGAX+ITGB2)","ICAM","Cell-Cell Contact","PMID: 16252253","Advanced"
"Epithelia","Mac-NUPR1-IGF2-stress","ICAM1","ITGAX_ITGB2",0.00422232918605699,0,"ICAM1_ITGAX_ITGB2","ICAM1 - (ITGAX+ITGB2)","ICAM","Cell-Cell Contact","PMID: 16252253","Advanced"
"Epithelia","Mac-OLFML3-CX3CR1-resident","ICAM1","ITGAX_ITGB2",0.0061721723981213,0,"ICAM1_ITGAX_ITGB2","ICAM1 - (ITGAX+ITGB2)","ICAM","Cell-Cell Contact","PMID: 16252253","Advanced"
"Epithelia","Mac-TNF-CCL4-inflammatory","ICAM1","ITGAX_ITGB2",0.00729857524145348,0,"ICAM1_ITGAX_ITGB2","ICAM1 - (ITGAX+ITGB2)","ICAM","Cell-Cell Contact","PMID: 16252253","Advanced"
"Epithelia","Mono-FCN1-S100A8-S100A9","ICAM1","ITGAX_ITGB2",0.00633606130408683,0,"ICAM1_ITGAX_ITGB2","ICAM1 - (ITGAX+ITGB2)","ICAM","Cell-Cell Contact","PMID: 16252253","Advanced"
"Epithelia","Myeloid-CLEC10A-APC","ICAM1","ITGAX_ITGB2",0.00556572780557937,0,"ICAM1_ITGAX_ITGB2","ICAM1 - (ITGAX+ITGB2)","ICAM","Cell-Cell Contact","PMID: 16252253","Advanced"
"Epithelia","C6-SLC2A1-like","ICAM1","ITGAL_ITGB2",0.00299419504244292,0,"ICAM1_ITGAL_ITGB2","ICAM1 - (ITGAL+ITGB2)","ICAM","Cell-Cell Contact","KEGG: hsa04514","Advanced"
"Epithelia","C7-APOBEC3A-like","ICAM1","ITGAL_ITGB2",0.00269572454424764,0,"ICAM1_ITGAL_ITGB2","ICAM1 - (ITGAL+ITGB2)","ICAM","Cell-Cell Contact","KEGG: hsa04514","Advanced"
"Epithelia","Mac-Cycling","ICAM1","ITGAL_ITGB2",0.001121082009302,0.02,"ICAM1_ITGAL_ITGB2","ICAM1 - (ITGAL+ITGB2)","ICAM","Cell-Cell Contact","KEGG: hsa04514","Advanced"
"Epithelia","Mac-OLFML3-CX3CR1-resident","ICAM1","ITGAL_ITGB2",0.00203247516199735,0,"ICAM1_ITGAL_ITGB2","ICAM1 - (ITGAL+ITGB2)","ICAM","Cell-Cell Contact","KEGG: hsa04514","Advanced"
"Epithelia","Mono-FCN1-S100A8-S100A9","ICAM1","ITGAL_ITGB2",0.00368319207112078,0,"ICAM1_ITGAL_ITGB2","ICAM1 - (ITGAL+ITGB2)","ICAM","Cell-Cell Contact","KEGG: hsa04514","Advanced"
"Epithelia","Myeloid-CLEC10A-APC","ICAM1","ITGAL_ITGB2",0.00246274702636468,0,"ICAM1_ITGAL_ITGB2","ICAM1 - (ITGAL+ITGB2)","ICAM","Cell-Cell Contact","KEGG: hsa04514","Advanced"
"Epithelia","C6-SLC2A1-like","ICAM1","ITGAM_ITGB2",0.00460903191637699,0,"ICAM1_ITGAM_ITGB2","ICAM1 - (ITGAM+ITGB2)","ICAM","Cell-Cell Contact","KEGG: hsa04514","Advanced"
"Epithelia","C7-APOBEC3A-like","ICAM1","ITGAM_ITGB2",0.00717290399258113,0,"ICAM1_ITGAM_ITGB2","ICAM1 - (ITGAM+ITGB2)","ICAM","Cell-Cell Contact","KEGG: hsa04514","Advanced"
"Epithelia","Mac-Cycling","ICAM1","ITGAM_ITGB2",0.00486741271346257,0,"ICAM1_ITGAM_ITGB2","ICAM1 - (ITGAM+ITGB2)","ICAM","Cell-Cell Contact","KEGG: hsa04514","Advanced"
"Epithelia","Mac-FOLR2-LYVE1-resident","ICAM1","ITGAM_ITGB2",0.00357487391262438,0,"ICAM1_ITGAM_ITGB2","ICAM1 - (ITGAM+ITGB2)","ICAM","Cell-Cell Contact","KEGG: hsa04514","Advanced"
"Epithelia","Mac-NUPR1-IGF2-stress","ICAM1","ITGAM_ITGB2",0.00161727490635645,0,"ICAM1_ITGAM_ITGB2","ICAM1 - (ITGAM+ITGB2)","ICAM","Cell-Cell Contact","KEGG: hsa04514","Advanced"
"Epithelia","Mac-OLFML3-CX3CR1-resident","ICAM1","ITGAM_ITGB2",0.00520910000947614,0,"ICAM1_ITGAM_ITGB2","ICAM1 - (ITGAM+ITGB2)","ICAM","Cell-Cell Contact","KEGG: hsa04514","Advanced"
"Epithelia","Mono-FCN1-S100A8-S100A9","ICAM1","ITGAM_ITGB2",0.00431851479897457,0,"ICAM1_ITGAM_ITGB2","ICAM1 - (ITGAM+ITGB2)","ICAM","Cell-Cell Contact","KEGG: hsa04514","Advanced"
"Epithelia","Myeloid-CLEC10A-APC","ICAM1","ITGAM_ITGB2",0.00539919242080791,0,"ICAM1_ITGAM_ITGB2","ICAM1 - (ITGAM+ITGB2)","ICAM","Cell-Cell Contact","KEGG: hsa04514","Advanced"
"Epithelia","C6-SLC2A1-like","ICAM1","ITGAL",0.000852571534980867,0,"ICAM1_ITGAL","ICAM1 - ITGAL","ICAM","Cell-Cell Contact","PMID: 23602662","Advanced"
"Epithelia","Mac-OLFML3-CX3CR1-resident","ICAM1","ITGAL",0.000428282441486559,0.04,"ICAM1_ITGAL","ICAM1 - ITGAL","ICAM","Cell-Cell Contact","PMID: 23602662","Advanced"
"Epithelia","Mono-FCN1-S100A8-S100A9","ICAM1","ITGAL",0.00136437440757604,0,"ICAM1_ITGAL","ICAM1 - ITGAL","ICAM","Cell-Cell Contact","PMID: 23602662","Advanced"
"Epithelia","Myeloid-CLEC10A-APC","ICAM1","ITGAL",0.00058540550657385,0.01,"ICAM1_ITGAL","ICAM1 - ITGAL","ICAM","Cell-Cell Contact","PMID: 23602662","Advanced"
"Epithelia","C7-APOBEC3A-like","ICAM1","SPN",0.000545352738483021,0.03,"ICAM1_SPN","ICAM1 - SPN","ICAM","Cell-Cell Contact","PMID: 1683685","Advanced"
"Epithelia","Mac-Cycling","ICAM1","SPN",0.000306737971514403,0.03,"ICAM1_SPN","ICAM1 - SPN","ICAM","Cell-Cell Contact","PMID: 1683685","Advanced"
"Epithelia","Mac-OLFML3-CX3CR1-resident","ICAM1","SPN",0.000826720478885907,0,"ICAM1_SPN","ICAM1 - SPN","ICAM","Cell-Cell Contact","PMID: 1683685","Advanced"
"Epithelia","Myeloid-CLEC10A-APC","ICAM1","SPN",0.000635236978807887,0.02,"ICAM1_SPN","ICAM1 - SPN","ICAM","Cell-Cell Contact","PMID: 1683685","Advanced"
"Epithelia","C6-SLC2A1-like","F11R","ITGAL_ITGB2",0.00689304782874619,0,"JAM1_ITGAL_ITGB2","JAM1 - (ITGAL+ITGB2)","JAM","Cell-Cell Contact","PMID: 11812992","Advanced"
"Epithelia","C7-APOBEC3A-like","F11R","ITGAL_ITGB2",0.0062083479058904,0,"JAM1_ITGAL_ITGB2","JAM1 - (ITGAL+ITGB2)","JAM","Cell-Cell Contact","PMID: 11812992","Advanced"
"Epithelia","Mac-Cycling","F11R","ITGAL_ITGB2",0.00258721390760156,0,"JAM1_ITGAL_ITGB2","JAM1 - (ITGAL+ITGB2)","JAM","Cell-Cell Contact","PMID: 11812992","Advanced"
"Epithelia","Mac-OLFML3-CX3CR1-resident","F11R","ITGAL_ITGB2",0.00468492120912047,0,"JAM1_ITGAL_ITGB2","JAM1 - (ITGAL+ITGB2)","JAM","Cell-Cell Contact","PMID: 11812992","Advanced"
"Epithelia","Mono-FCN1-S100A8-S100A9","F11R","ITGAL_ITGB2",0.00847159025685361,0,"JAM1_ITGAL_ITGB2","JAM1 - (ITGAL+ITGB2)","JAM","Cell-Cell Contact","PMID: 11812992","Advanced"
"Epithelia","Myeloid-CLEC10A-APC","F11R","ITGAL_ITGB2",0.00567351954446363,0,"JAM1_ITGAL_ITGB2","JAM1 - (ITGAL+ITGB2)","JAM","Cell-Cell Contact","PMID: 11812992","Advanced"
"Epithelia","C6-SLC2A1-like","F11R","F11R",0.00165300858134075,0,"F11R_F11R","F11R - F11R","JAM","Cell-Cell Contact","KEGG: hsa04514","Advanced"
"Epithelia","C7-APOBEC3A-like","F11R","F11R",0.00158834618685928,0,"F11R_F11R","F11R - F11R","JAM","Cell-Cell Contact","KEGG: hsa04514","Advanced"
"C6-SLC2A1-like","Epithelia","F11R","F11R",0.00165300858134075,0,"F11R_F11R","F11R - F11R","JAM","Cell-Cell Contact","KEGG: hsa04514","Advanced"
"C7-APOBEC3A-like","Epithelia","F11R","F11R",0.00158834618685928,0,"F11R_F11R","F11R - F11R","JAM","Cell-Cell Contact","KEGG: hsa04514","Advanced"
"Epithelia","C6-SLC2A1-like","HLA-F","LILRB1",0.000530225706222052,0,"HLA-F_LILRB1","HLA-F - LILRB1","MHC-I","Cell-Cell Contact","PMID: 28484462","Advanced"
"Epithelia","C7-APOBEC3A-like","HLA-F","LILRB1",0.00463613141834724,0.02,"HLA-F_LILRB1","HLA-F - LILRB1","MHC-I","Cell-Cell Contact","PMID: 28484462","Advanced"
"Epithelia","Mac-Cycling","HLA-F","LILRB1",0.00117707735611357,0.01,"HLA-F_LILRB1","HLA-F - LILRB1","MHC-I","Cell-Cell Contact","PMID: 28484462","Advanced"
"Epithelia","Mac-FOLR2-LYVE1-resident","HLA-F","LILRB1",0.00148819877710887,0,"HLA-F_LILRB1","HLA-F - LILRB1","MHC-I","Cell-Cell Contact","PMID: 28484462","Advanced"
"Epithelia","Mac-OLFML3-CX3CR1-resident","HLA-F","LILRB1",0.00272975474917721,0,"HLA-F_LILRB1","HLA-F - LILRB1","MHC-I","Cell-Cell Contact","PMID: 28484462","Advanced"
"Epithelia","Mac-TNF-CCL4-inflammatory","HLA-F","LILRB1",0.00126044749998008,0.01,"HLA-F_LILRB1","HLA-F - LILRB1","MHC-I","Cell-Cell Contact","PMID: 28484462","Advanced"
"Epithelia","Mono-FCN1-S100A8-S100A9","HLA-F","LILRB1",0.00144039720356058,0.01,"HLA-F_LILRB1","HLA-F - LILRB1","MHC-I","Cell-Cell Contact","PMID: 28484462","Advanced"
"Epithelia","Myeloid-CLEC10A-APC","HLA-F","LILRB1",0.000849650291937274,0,"HLA-F_LILRB1","HLA-F - LILRB1","MHC-I","Cell-Cell Contact","PMID: 28484462","Advanced"
"Epithelia","C6-SLC2A1-like","HLA-DPB1","CD4",0.0175463712397628,0.01,"HLA-DPB1_CD4","HLA-DPB1 - CD4","MHC-II","Cell-Cell Contact","KEGG: hsa04514","Advanced"
"Epithelia","C7-APOBEC3A-like","HLA-DPB1","CD4",0.0244876321800286,0,"HLA-DPB1_CD4","HLA-DPB1 - CD4","MHC-II","Cell-Cell Contact","KEGG: hsa04514","Advanced"
"Epithelia","Mac-FOLR2-LYVE1-resident","HLA-DPB1","CD4",0.0141791063887716,0,"HLA-DPB1_CD4","HLA-DPB1 - CD4","MHC-II","Cell-Cell Contact","KEGG: hsa04514","Advanced"
"Epithelia","Mac-OLFML3-CX3CR1-resident","HLA-DPB1","CD4",0.013425625815142,0.01,"HLA-DPB1_CD4","HLA-DPB1 - CD4","MHC-II","Cell-Cell Contact","KEGG: hsa04514","Advanced"
"Epithelia","C6-SLC2A1-like","HLA-DMA","CD4",0.00563263650627666,0.01,"HLA-DMA_CD4","HLA-DMA - CD4","MHC-II","Cell-Cell Contact","KEGG: hsa04514","Advanced"
"Epithelia","C7-APOBEC3A-like","HLA-DMA","CD4",0.00789877260953271,0,"HLA-DMA_CD4","HLA-DMA - CD4","MHC-II","Cell-Cell Contact","KEGG: hsa04514","Advanced"
"Epithelia","Mac-FOLR2-LYVE1-resident","HLA-DMA","CD4",0.00454112833351493,0,"HLA-DMA_CD4","HLA-DMA - CD4","MHC-II","Cell-Cell Contact","KEGG: hsa04514","Advanced"
"Epithelia","Mac-OLFML3-CX3CR1-resident","HLA-DMA","CD4",0.00429757913409231,0.01,"HLA-DMA_CD4","HLA-DMA - CD4","MHC-II","Cell-Cell Contact","KEGG: hsa04514","Advanced"
"Epithelia","C6-SLC2A1-like","HLA-DQB1","CD4",0.00937396396747567,0,"HLA-DQB1_CD4","HLA-DQB1 - CD4","MHC-II","Cell-Cell Contact","KEGG: hsa04514","Advanced"
"Epithelia","C7-APOBEC3A-like","HLA-DQB1","CD4",0.0131254514856309,0,"HLA-DQB1_CD4","HLA-DQB1 - CD4","MHC-II","Cell-Cell Contact","KEGG: hsa04514","Advanced"
"Epithelia","Mac-Cycling","HLA-DQB1","CD4",0.00523956121426476,0.04,"HLA-DQB1_CD4","HLA-DQB1 - CD4","MHC-II","Cell-Cell Contact","KEGG: hsa04514","Advanced"
"Epithelia","Mac-FOLR2-LYVE1-resident","HLA-DQB1","CD4",0.00756296506474186,0,"HLA-DQB1_CD4","HLA-DQB1 - CD4","MHC-II","Cell-Cell Contact","KEGG: hsa04514","Advanced"
"Epithelia","Mac-OLFML3-CX3CR1-resident","HLA-DQB1","CD4",0.00715851456358178,0,"HLA-DQB1_CD4","HLA-DQB1 - CD4","MHC-II","Cell-Cell Contact","KEGG: hsa04514","Advanced"
"Epithelia","C6-SLC2A1-like","HLA-DRA","CD4",0.0502602070133302,0,"HLA-DRA_CD4","HLA-DRA - CD4","MHC-II","Cell-Cell Contact","KEGG: hsa04514","Advanced"
"Epithelia","C7-APOBEC3A-like","HLA-DRA","CD4",0.0692309561535985,0,"HLA-DRA_CD4","HLA-DRA - CD4","MHC-II","Cell-Cell Contact","KEGG: hsa04514","Advanced"
"Epithelia","Mac-Cycling","HLA-DRA","CD4",0.0286137297292929,0,"HLA-DRA_CD4","HLA-DRA - CD4","MHC-II","Cell-Cell Contact","KEGG: hsa04514","Advanced"
"Epithelia","Mac-FOLR2-LYVE1-resident","HLA-DRA","CD4",0.0408761440936811,0,"HLA-DRA_CD4","HLA-DRA - CD4","MHC-II","Cell-Cell Contact","KEGG: hsa04514","Advanced"
"Epithelia","Mac-OLFML3-CX3CR1-resident","HLA-DRA","CD4",0.0387597563675186,0,"HLA-DRA_CD4","HLA-DRA - CD4","MHC-II","Cell-Cell Contact","KEGG: hsa04514","Advanced"
"Epithelia","Myeloid-CLEC10A-APC","HLA-DRA","CD4",0.0265488340006584,0,"HLA-DRA_CD4","HLA-DRA - CD4","MHC-II","Cell-Cell Contact","KEGG: hsa04514","Advanced"
"Epithelia","C6-SLC2A1-like","HLA-DRB1","CD4",0.0277329824399659,0,"HLA-DRB1_CD4","HLA-DRB1 - CD4","MHC-II","Cell-Cell Contact","KEGG: hsa04514","Advanced"
"Epithelia","C7-APOBEC3A-like","HLA-DRB1","CD4",0.0385459127518208,0,"HLA-DRB1_CD4","HLA-DRB1 - CD4","MHC-II","Cell-Cell Contact","KEGG: hsa04514","Advanced"
"Epithelia","Mac-FOLR2-LYVE1-resident","HLA-DRB1","CD4",0.0224555212450673,0,"HLA-DRB1_CD4","HLA-DRB1 - CD4","MHC-II","Cell-Cell Contact","KEGG: hsa04514","Advanced"
"Epithelia","Mac-OLFML3-CX3CR1-resident","HLA-DRB1","CD4",0.0212717204003091,0.01,"HLA-DRB1_CD4","HLA-DRB1 - CD4","MHC-II","Cell-Cell Contact","KEGG: hsa04514","Advanced"
"Epithelia","C6-SLC2A1-like","MPZL1","MPZL1",0.00215050057164072,0,"MPZL1_MPZL1","MPZL1 - MPZL1","MPZ","Cell-Cell Contact","KEGG: hsa04514","Advanced"
"C6-SLC2A1-like","Epithelia","MPZL1","MPZL1",0.00215050057164072,0,"MPZL1_MPZL1","MPZL1 - MPZL1","MPZ","Cell-Cell Contact","KEGG: hsa04514","Advanced"
"Mac-Cycling","Epithelia","MPZL1","MPZL1",0.00139982229378311,0,"MPZL1_MPZL1","MPZL1 - MPZL1","MPZ","Cell-Cell Contact","KEGG: hsa04514","Advanced"
"Mac-OLFML3-CX3CR1-resident","Epithelia","MPZL1","MPZL1",0.00227793928099154,0,"MPZL1_MPZL1","MPZL1 - MPZL1","MPZ","Cell-Cell Contact","KEGG: hsa04514","Advanced"
"Myeloid-CLEC10A-APC","Epithelia","MPZL1","MPZL1",0.00150392736054796,0,"MPZL1_MPZL1","MPZL1 - MPZL1","MPZ","Cell-Cell Contact","KEGG: hsa04514","Advanced"
"Epithelia","Mac-Cycling","MPZL1","MPZL1",0.00139982229378311,0,"MPZL1_MPZL1","MPZL1 - MPZL1","MPZ","Cell-Cell Contact","KEGG: hsa04514","Advanced"
"Epithelia","Mac-OLFML3-CX3CR1-resident","MPZL1","MPZL1",0.00227793928099154,0,"MPZL1_MPZL1","MPZL1 - MPZL1","MPZ","Cell-Cell Contact","KEGG: hsa04514","Advanced"
"Epithelia","Myeloid-CLEC10A-APC","MPZL1","MPZL1",0.00150392736054796,0,"MPZL1_MPZL1","MPZL1 - MPZL1","MPZ","Cell-Cell Contact","KEGG: hsa04514","Advanced"
"Epithelia","C6-SLC2A1-like","NECTIN3","NECTIN2",0.000967358841872197,0,"NECTIN3_NECTIN2","NECTIN3 - NECTIN2","NECTIN","Cell-Cell Contact","PMID: 23027581","Advanced"
"Epithelia","C7-APOBEC3A-like","NECTIN3","NECTIN2",0.000907844504862112,0,"NECTIN3_NECTIN2","NECTIN3 - NECTIN2","NECTIN","Cell-Cell Contact","PMID: 23027581","Advanced"
"Epithelia","Mac-Cycling","NECTIN3","NECTIN2",0.00174516641763835,0,"NECTIN3_NECTIN2","NECTIN3 - NECTIN2","NECTIN","Cell-Cell Contact","PMID: 23027581","Advanced"
"Epithelia","Mac-OLFML3-CX3CR1-resident","NECTIN3","NECTIN2",0.000671703822698738,0,"NECTIN3_NECTIN2","NECTIN3 - NECTIN2","NECTIN","Cell-Cell Contact","PMID: 23027581","Advanced"
"Epithelia","Myeloid-CLEC10A-APC","NECTIN3","NECTIN2",0.000683222861711815,0,"NECTIN3_NECTIN2","NECTIN3 - NECTIN2","NECTIN","Cell-Cell Contact","PMID: 23027581","Advanced"
"Epithelia","C7-APOBEC3A-like","NECTIN2","CD226",0.000641988466104854,0,"NECTIN2_CD226","NECTIN2 - CD226","NECTIN","Cell-Cell Contact","KEGG: hsa04514","Advanced"
"Epithelia","C6-SLC2A1-like","JAG1","NOTCH2",0.000140664554263797,0,"JAG1_NOTCH2","JAG1 - NOTCH2","NOTCH","Cell-Cell Contact","PMID: 22353464","Advanced"
"Epithelia","C7-APOBEC3A-like","JAG1","NOTCH2",4.97792166309821e-05,0,"JAG1_NOTCH2","JAG1 - NOTCH2","NOTCH","Cell-Cell Contact","PMID: 22353464","Advanced"
"Epithelia","Mac-Cycling","JAG1","NOTCH2",0.000179335742934178,0,"JAG1_NOTCH2","JAG1 - NOTCH2","NOTCH","Cell-Cell Contact","PMID: 22353464","Advanced"
"Epithelia","Mono-FCN1-S100A8-S100A9","JAG1","NOTCH2",0.000493254161428547,0,"JAG1_NOTCH2","JAG1 - NOTCH2","NOTCH","Cell-Cell Contact","PMID: 22353464","Advanced"
"Epithelia","Myeloid-CLEC10A-APC","JAG1","NOTCH2",0.000206128877962661,0,"JAG1_NOTCH2","JAG1 - NOTCH2","NOTCH","Cell-Cell Contact","PMID: 22353464","Advanced"
"C7-APOBEC3A-like","Epithelia","SELL","PODXL",0.00048139884140013,0,"SELL_PODXL","SELL - PODXL","SELL","Cell-Cell Contact","PMID: 22814396","Advanced"
"Mono-FCN1-S100A8-S100A9","Epithelia","SELL","PODXL",0.00119092731443474,0,"SELL_PODXL","SELL - PODXL","SELL","Cell-Cell Contact","PMID: 22814396","Advanced"
"C6-SLC2A1-like","Epithelia","SEMA4A","PLXNB1",0.00181865537476991,0,"SEMA4A_PLXNB1","SEMA4A - PLXNB1","SEMA4","Cell-Cell Contact","PMID: 27533782","Advanced"
"C7-APOBEC3A-like","Epithelia","SEMA4A","PLXNB1",0.00595261883848679,0,"SEMA4A_PLXNB1","SEMA4A - PLXNB1","SEMA4","Cell-Cell Contact","PMID: 27533782","Advanced"
"Mac-Cycling","Epithelia","SEMA4A","PLXNB1",0.000925008859337116,0,"SEMA4A_PLXNB1","SEMA4A - PLXNB1","SEMA4","Cell-Cell Contact","PMID: 27533782","Advanced"
"Mac-OLFML3-CX3CR1-resident","Epithelia","SEMA4A","PLXNB1",0.00124222541148685,0,"SEMA4A_PLXNB1","SEMA4A - PLXNB1","SEMA4","Cell-Cell Contact","PMID: 27533782","Advanced"
"Myeloid-CLEC10A-APC","Epithelia","SEMA4A","PLXNB1",0.00123649577655184,0,"SEMA4A_PLXNB1","SEMA4A - PLXNB1","SEMA4","Cell-Cell Contact","PMID: 27533782","Advanced"
"C6-SLC2A1-like","Epithelia","SEMA4A","PLXNB2",0.00306202206045876,0,"SEMA4A_PLXNB2","SEMA4A - PLXNB2","SEMA4","Cell-Cell Contact","PMID: 27533782","Advanced"
"C7-APOBEC3A-like","Epithelia","SEMA4A","PLXNB2",0.00999397001191282,0,"SEMA4A_PLXNB2","SEMA4A - PLXNB2","SEMA4","Cell-Cell Contact","PMID: 27533782","Advanced"
"Mac-Cycling","Epithelia","SEMA4A","PLXNB2",0.00155836684408931,0,"SEMA4A_PLXNB2","SEMA4A - PLXNB2","SEMA4","Cell-Cell Contact","PMID: 27533782","Advanced"
"Mac-OLFML3-CX3CR1-resident","Epithelia","SEMA4A","PLXNB2",0.00209232821104015,0,"SEMA4A_PLXNB2","SEMA4A - PLXNB2","SEMA4","Cell-Cell Contact","PMID: 27533782","Advanced"
"Myeloid-CLEC10A-APC","Epithelia","SEMA4A","PLXNB2",0.00208268574214184,0,"SEMA4A_PLXNB2","SEMA4A - PLXNB2","SEMA4","Cell-Cell Contact","PMID: 27533782","Advanced"
"C6-SLC2A1-like","Epithelia","SEMA4D","PLXNB1",0.000435184995447314,0,"SEMA4D_PLXNB1","SEMA4D - PLXNB1","SEMA4","Cell-Cell Contact","PMID: 27533782","Advanced"
"C7-APOBEC3A-like","Epithelia","SEMA4D","PLXNB1",0.00473126507024143,0,"SEMA4D_PLXNB1","SEMA4D - PLXNB1","SEMA4","Cell-Cell Contact","PMID: 27533782","Advanced"
"Mac-Cycling","Epithelia","SEMA4D","PLXNB1",0.00123228848124914,0,"SEMA4D_PLXNB1","SEMA4D - PLXNB1","SEMA4","Cell-Cell Contact","PMID: 27533782","Advanced"
"Mac-FOLR2-LYVE1-resident","Epithelia","SEMA4D","PLXNB1",0.00177488412173813,0,"SEMA4D_PLXNB1","SEMA4D - PLXNB1","SEMA4","Cell-Cell Contact","PMID: 27533782","Advanced"
"Mac-OLFML3-CX3CR1-resident","Epithelia","SEMA4D","PLXNB1",0.00164460536563158,0,"SEMA4D_PLXNB1","SEMA4D - PLXNB1","SEMA4","Cell-Cell Contact","PMID: 27533782","Advanced"
"Myeloid-CLEC10A-APC","Epithelia","SEMA4D","PLXNB1",0.00124029891134999,0,"SEMA4D_PLXNB1","SEMA4D - PLXNB1","SEMA4","Cell-Cell Contact","PMID: 27533782","Advanced"
"C7-APOBEC3A-like","Epithelia","SEMA4D","PLXNB2",0.00795004657419955,0,"SEMA4D_PLXNB2","SEMA4D - PLXNB2","SEMA4","Cell-Cell Contact","PMID: 27533782","Advanced"
"Mac-Cycling","Epithelia","SEMA4D","PLXNB2",0.00207560518800813,0.01,"SEMA4D_PLXNB2","SEMA4D - PLXNB2","SEMA4","Cell-Cell Contact","PMID: 27533782","Advanced"
"Mac-FOLR2-LYVE1-resident","Epithelia","SEMA4D","PLXNB2",0.00298841514885508,0,"SEMA4D_PLXNB2","SEMA4D - PLXNB2","SEMA4","Cell-Cell Contact","PMID: 27533782","Advanced"
"Mac-OLFML3-CX3CR1-resident","Epithelia","SEMA4D","PLXNB2",0.00276930878308097,0,"SEMA4D_PLXNB2","SEMA4D - PLXNB2","SEMA4","Cell-Cell Contact","PMID: 27533782","Advanced"
"Myeloid-CLEC10A-APC","Epithelia","SEMA4D","PLXNB2",0.00208908609012744,0,"SEMA4D_PLXNB2","SEMA4D - PLXNB2","SEMA4","Cell-Cell Contact","PMID: 27533782","Advanced"
"Epithelia","C7-APOBEC3A-like","SEMA4D","CD72",0.000117388592958072,0.01,"SEMA4D_CD72","SEMA4D - CD72","SEMA4","Cell-Cell Contact","PMID: 22325954","Advanced"
"Epithelia","C6-SLC2A1-like","THY1","ITGAM_ITGB2",0.00184246283123086,0,"THY1_ITGAM_ITGB2","THY1 - (ITGAM+ITGB2)","THY1","Cell-Cell Contact","PMID: 15850796","Advanced"
"Epithelia","C7-APOBEC3A-like","THY1","ITGAM_ITGB2",0.00287181206245969,0,"THY1_ITGAM_ITGB2","THY1 - (ITGAM+ITGB2)","THY1","Cell-Cell Contact","PMID: 15850796","Advanced"
"Epithelia","Mac-Cycling","THY1","ITGAM_ITGB2",0.0019460539018364,0,"THY1_ITGAM_ITGB2","THY1 - (ITGAM+ITGB2)","THY1","Cell-Cell Contact","PMID: 15850796","Advanced"
"Epithelia","Mac-FOLR2-LYVE1-resident","THY1","ITGAM_ITGB2",0.00142816700437934,0,"THY1_ITGAM_ITGB2","THY1 - (ITGAM+ITGB2)","THY1","Cell-Cell Contact","PMID: 15850796","Advanced"
"Epithelia","Mac-NUPR1-IGF2-stress","THY1","ITGAM_ITGB2",0.000645342186742166,0,"THY1_ITGAM_ITGB2","THY1 - (ITGAM+ITGB2)","THY1","Cell-Cell Contact","PMID: 15850796","Advanced"
"Epithelia","Mac-OLFML3-CX3CR1-resident","THY1","ITGAM_ITGB2",0.00208309413892922,0,"THY1_ITGAM_ITGB2","THY1 - (ITGAM+ITGB2)","THY1","Cell-Cell Contact","PMID: 15850796","Advanced"
"Epithelia","Mono-FCN1-S100A8-S100A9","THY1","ITGAM_ITGB2",0.00172602608427389,0,"THY1_ITGAM_ITGB2","THY1 - (ITGAM+ITGB2)","THY1","Cell-Cell Contact","PMID: 15850796","Advanced"
"Epithelia","Myeloid-CLEC10A-APC","THY1","ITGAM_ITGB2",0.00215935880308093,0,"THY1_ITGAM_ITGB2","THY1 - (ITGAM+ITGB2)","THY1","Cell-Cell Contact","PMID: 15850796","Advanced"
"Epithelia","C6-SLC2A1-like","THY1","ITGAX_ITGB2",0.00334354777614279,0,"THY1_ITGAX_ITGB2","THY1 - (ITGAX+ITGB2)","THY1","Cell-Cell Contact","PMID: 15850796","Advanced"
"Epithelia","C7-APOBEC3A-like","THY1","ITGAX_ITGB2",0.00274177553062172,0,"THY1_ITGAX_ITGB2","THY1 - (ITGAX+ITGB2)","THY1","Cell-Cell Contact","PMID: 15850796","Advanced"
"Epithelia","Mac-Cycling","THY1","ITGAX_ITGB2",0.00114675497548713,0,"THY1_ITGAX_ITGB2","THY1 - (ITGAX+ITGB2)","THY1","Cell-Cell Contact","PMID: 15850796","Advanced"
"Epithelia","Mac-FOLR2-LYVE1-resident","THY1","ITGAX_ITGB2",0.00226973570613927,0,"THY1_ITGAX_ITGB2","THY1 - (ITGAX+ITGB2)","THY1","Cell-Cell Contact","PMID: 15850796","Advanced"
"Epithelia","Mac-NUPR1-IGF2-stress","THY1","ITGAX_ITGB2",0.00168748471043728,0,"THY1_ITGAX_ITGB2","THY1 - (ITGAX+ITGB2)","THY1","Cell-Cell Contact","PMID: 15850796","Advanced"
"Epithelia","Mac-OLFML3-CX3CR1-resident","THY1","ITGAX_ITGB2",0.00246965697173828,0,"THY1_ITGAX_ITGB2","THY1 - (ITGAX+ITGB2)","THY1","Cell-Cell Contact","PMID: 15850796","Advanced"
"Epithelia","Mac-TNF-CCL4-inflammatory","THY1","ITGAX_ITGB2",0.00292234880733163,0,"THY1_ITGAX_ITGB2","THY1 - (ITGAX+ITGB2)","THY1","Cell-Cell Contact","PMID: 15850796","Advanced"
"Epithelia","Mono-FCN1-S100A8-S100A9","THY1","ITGAX_ITGB2",0.00253548427580352,0,"THY1_ITGAX_ITGB2","THY1 - (ITGAX+ITGB2)","THY1","Cell-Cell Contact","PMID: 15850796","Advanced"
"Epithelia","Myeloid-CLEC10A-APC","THY1","ITGAX_ITGB2",0.00222618681616849,0,"THY1_ITGAX_ITGB2","THY1 - (ITGAX+ITGB2)","THY1","Cell-Cell Contact","PMID: 15850796","Advanced"
"Mac-Cycling","Epithelia","CLDN1","CLDN1",0.00108180094392265,0,"CLDN1_CLDN1","CLDN1 - CLDN1","CLDN","Cell-Cell Contact","PMID: 31942240","Advanced"
"Mac-OLFML3-CX3CR1-resident","Epithelia","CLDN1","CLDN1",0.00162708621531302,0,"CLDN1_CLDN1","CLDN1 - CLDN1","CLDN","Cell-Cell Contact","PMID: 31942240","Advanced"
"Epithelia","Mac-Cycling","CLDN1","CLDN1",0.00108180094392265,0,"CLDN1_CLDN1","CLDN1 - CLDN1","CLDN","Cell-Cell Contact","PMID: 31942240","Advanced"
"Epithelia","Mac-OLFML3-CX3CR1-resident","CLDN1","CLDN1",0.00162708621531302,0,"CLDN1_CLDN1","CLDN1 - CLDN1","CLDN","Cell-Cell Contact","PMID: 31942240","Advanced"
"Epithelia","C6-SLC2A1-like","CLDN3","CLDN3",0.00461457218011803,0,"CLDN3_CLDN3","CLDN3 - CLDN3","CLDN","Cell-Cell Contact","PMID: 31942240","Advanced"
"C6-SLC2A1-like","Epithelia","CLDN3","CLDN3",0.00461457218011803,0,"CLDN3_CLDN3","CLDN3 - CLDN3","CLDN","Cell-Cell Contact","PMID: 31942240","Advanced"
"Epithelia","C6-SLC2A1-like","THY1","ADGRE2",0.000335204574740467,0,"THY1_ADGRE2","THY1 - ADGRE2","ADGRE","Cell-Cell Contact","PMID: 31462748","Advanced"
"Epithelia","C7-APOBEC3A-like","THY1","ADGRE2",0.000114854640835711,0,"THY1_ADGRE2","THY1 - ADGRE2","ADGRE","Cell-Cell Contact","PMID: 31462748","Advanced"
"Epithelia","Mac-Cycling","THY1","ADGRE2",0.000237378182136972,0,"THY1_ADGRE2","THY1 - ADGRE2","ADGRE","Cell-Cell Contact","PMID: 31462748","Advanced"
"Epithelia","Mac-OLFML3-CX3CR1-resident","THY1","ADGRE2",0.000402868795698872,0,"THY1_ADGRE2","THY1 - ADGRE2","ADGRE","Cell-Cell Contact","PMID: 31462748","Advanced"
"Epithelia","Mac-TNF-CCL4-inflammatory","THY1","ADGRE2",0.000629342475194513,0,"THY1_ADGRE2","THY1 - ADGRE2","ADGRE","Cell-Cell Contact","PMID: 31462748","Advanced"
"Epithelia","Mono-FCN1-S100A8-S100A9","THY1","ADGRE2",0.000481182738593135,0,"THY1_ADGRE2","THY1 - ADGRE2","ADGRE","Cell-Cell Contact","PMID: 31462748","Advanced"
"Epithelia","Myeloid-CLEC10A-APC","THY1","ADGRE2",0.0008523159500395,0,"THY1_ADGRE2","THY1 - ADGRE2","ADGRE","Cell-Cell Contact","PMID: 31462748","Advanced"
"Epithelia","C6-SLC2A1-like","ITGAV_ITGB1","ADGRE2",0.0025361439802595,0,"ITGAV_ITGB1_ADGRE2","(ITGAV+ITGB1) - ADGRE2","ADGRE","Cell-Cell Contact","PMID: 31462748","Advanced"
"Epithelia","C7-APOBEC3A-like","ITGAV_ITGB1","ADGRE2",0.000870244973160978,0,"ITGAV_ITGB1_ADGRE2","(ITGAV+ITGB1) - ADGRE2","ADGRE","Cell-Cell Contact","PMID: 31462748","Advanced"
"Epithelia","Mac-Cycling","ITGAV_ITGB1","ADGRE2",0.00179714826927156,0,"ITGAV_ITGB1_ADGRE2","(ITGAV+ITGB1) - ADGRE2","ADGRE","Cell-Cell Contact","PMID: 31462748","Advanced"
"Epithelia","Mac-OLFML3-CX3CR1-resident","ITGAV_ITGB1","ADGRE2",0.00304673462524823,0,"ITGAV_ITGB1_ADGRE2","(ITGAV+ITGB1) - ADGRE2","ADGRE","Cell-Cell Contact","PMID: 31462748","Advanced"
"Epithelia","Mac-TNF-CCL4-inflammatory","ITGAV_ITGB1","ADGRE2",0.00475239782667709,0,"ITGAV_ITGB1_ADGRE2","(ITGAV+ITGB1) - ADGRE2","ADGRE","Cell-Cell Contact","PMID: 31462748","Advanced"
"Epithelia","Mono-FCN1-S100A8-S100A9","ITGAV_ITGB1","ADGRE2",0.0036371214430502,0,"ITGAV_ITGB1_ADGRE2","(ITGAV+ITGB1) - ADGRE2","ADGRE","Cell-Cell Contact","PMID: 31462748","Advanced"
"Epithelia","Myeloid-CLEC10A-APC","ITGAV_ITGB1","ADGRE2",0.00642675900999857,0,"ITGAV_ITGB1_ADGRE2","(ITGAV+ITGB1) - ADGRE2","ADGRE","Cell-Cell Contact","PMID: 31462748","Advanced"
"Epithelia","C6-SLC2A1-like","CD55","ADGRE5",0.00260291021696187,0.01,"CD55_ADGRE5","CD55 - ADGRE5","ADGRE","Cell-Cell Contact","PMID: 31462748","Advanced"
"Epithelia","C7-APOBEC3A-like","CD55","ADGRE5",0.00625742253215577,0,"CD55_ADGRE5","CD55 - ADGRE5","ADGRE","Cell-Cell Contact","PMID: 31462748","Advanced"
"Mono-FCN1-S100A8-S100A9","Epithelia","CD55","ADGRE5",0.00259533130221094,0,"CD55_ADGRE5","CD55 - ADGRE5","ADGRE","Cell-Cell Contact","PMID: 31462748","Advanced"
"Epithelia","Mac-Cycling","CD55","ADGRE5",0.00220515864378355,0.01,"CD55_ADGRE5","CD55 - ADGRE5","ADGRE","Cell-Cell Contact","PMID: 31462748","Advanced"
"Epithelia","Mono-FCN1-S100A8-S100A9","CD55","ADGRE5",0.00493769916778661,0,"CD55_ADGRE5","CD55 - ADGRE5","ADGRE","Cell-Cell Contact","PMID: 31462748","Advanced"
"Epithelia","Myeloid-CLEC10A-APC","CD55","ADGRE5",0.00397178615962074,0,"CD55_ADGRE5","CD55 - ADGRE5","ADGRE","Cell-Cell Contact","PMID: 31462748","Advanced"
"Epithelia","C6-SLC2A1-like","LPAR3","ADGRE5",0.000238978910216486,0,"LPAR3_ADGRE5","LPAR3 - ADGRE5","ADGRE","Cell-Cell Contact","PMID: 31462748","Advanced"
"Epithelia","C7-APOBEC3A-like","LPAR3","ADGRE5",0.000576425861976516,0,"LPAR3_ADGRE5","LPAR3 - ADGRE5","ADGRE","Cell-Cell Contact","PMID: 31462748","Advanced"
"Epithelia","Mac-Cycling","LPAR3","ADGRE5",0.000202387163978632,0,"LPAR3_ADGRE5","LPAR3 - ADGRE5","ADGRE","Cell-Cell Contact","PMID: 31462748","Advanced"
"Epithelia","Mono-FCN1-S100A8-S100A9","LPAR3","ADGRE5",0.000454306855895523,0,"LPAR3_ADGRE5","LPAR3 - ADGRE5","ADGRE","Cell-Cell Contact","PMID: 31462748","Advanced"
"Epithelia","Myeloid-CLEC10A-APC","LPAR3","ADGRE5",0.000365113512734522,0,"LPAR3_ADGRE5","LPAR3 - ADGRE5","ADGRE","Cell-Cell Contact","PMID: 31462748","Advanced"
"Epithelia","C6-SLC2A1-like","THY1","ADGRE5",0.000380897850204705,0,"THY1_ADGRE5","THY1 - ADGRE5","ADGRE","Cell-Cell Contact","PMID: 31462748","Advanced"
"Epithelia","C7-APOBEC3A-like","THY1","ADGRE5",0.000918555412241762,0,"THY1_ADGRE5","THY1 - ADGRE5","ADGRE","Cell-Cell Contact","PMID: 31462748","Advanced"
"Epithelia","Mac-Cycling","THY1","ADGRE5",0.000322582905713572,0,"THY1_ADGRE5","THY1 - ADGRE5","ADGRE","Cell-Cell Contact","PMID: 31462748","Advanced"
"Epithelia","Mono-FCN1-S100A8-S100A9","THY1","ADGRE5",0.000724006876966282,0,"THY1_ADGRE5","THY1 - ADGRE5","ADGRE","Cell-Cell Contact","PMID: 31462748","Advanced"
"Epithelia","Myeloid-CLEC10A-APC","THY1","ADGRE5",0.000581894582392291,0,"THY1_ADGRE5","THY1 - ADGRE5","ADGRE","Cell-Cell Contact","PMID: 31462748","Advanced"
"Epithelia","C7-APOBEC3A-like","ITGAV_ITGB1","ADGRE5",0.00692322571554853,0.01,"ITGAV_ITGB1_ADGRE5","(ITGAV+ITGB1) - ADGRE5","ADGRE","Cell-Cell Contact","PMID: 31462748","Advanced"
"Epithelia","Mono-FCN1-S100A8-S100A9","ITGAV_ITGB1","ADGRE5",0.00546385302666798,0,"ITGAV_ITGB1_ADGRE5","(ITGAV+ITGB1) - ADGRE5","ADGRE","Cell-Cell Contact","PMID: 31462748","Advanced"
"Epithelia","Myeloid-CLEC10A-APC","ITGAV_ITGB1","ADGRE5",0.00439546842300821,0.02,"ITGAV_ITGB1_ADGRE5","(ITGAV+ITGB1) - ADGRE5","ADGRE","Cell-Cell Contact","PMID: 31462748","Advanced"
"C7-APOBEC3A-like","Epithelia","TGM2","ADGRG1",0.00111237690490917,0,"TGM2_ADGRG1","TGM2 - ADGRG1","ADGRG","Cell-Cell Contact","PMID: 31462748","Advanced"
"Myeloid-CLEC10A-APC","Epithelia","TGM2","ADGRG1",0.0008907440115712,0,"TGM2_ADGRG1","TGM2 - ADGRG1","ADGRG","Cell-Cell Contact","PMID: 31462748","Advanced"
"Epithelia","C7-APOBEC3A-like","LRFN4","PTPRF",7.42084103359406e-05,0,"LRFN4_PTPRF","LRFN4 - PTPRF","PTPR","Cell-Cell Contact","PMID: 29674953;PMID: 23916315","Advanced"
"C6-SLC2A1-like","Epithelia","LRFN4","PTPRF",0.00151702837563051,0,"LRFN4_PTPRF","LRFN4 - PTPRF","PTPR","Cell-Cell Contact","PMID: 29674953;PMID: 23916315","Advanced"
"Epithelia","C6-SLC2A1-like","APP","SORL1",0.00835950670222114,0,"APP_SORL1","APP - SORL1","APP","Cell-Cell Contact","PMID: 24523320","Advanced"
"Epithelia","C7-APOBEC3A-like","APP","SORL1",0.0211152592955849,0,"APP_SORL1","APP - SORL1","APP","Cell-Cell Contact","PMID: 24523320","Advanced"
"C6-SLC2A1-like","Epithelia","APP","SORL1",0.00261765054198411,0,"APP_SORL1","APP - SORL1","APP","Cell-Cell Contact","PMID: 24523320","Advanced"
"Mac-Cycling","Epithelia","APP","SORL1",0.00200609358352353,0.03,"APP_SORL1","APP - SORL1","APP","Cell-Cell Contact","PMID: 24523320","Advanced"
"Mac-OLFML3-CX3CR1-resident","Epithelia","APP","SORL1",0.00228450474246372,0.03,"APP_SORL1","APP - SORL1","APP","Cell-Cell Contact","PMID: 24523320","Advanced"
"Mono-FCN1-S100A8-S100A9","Epithelia","APP","SORL1",0.00365106720445459,0,"APP_SORL1","APP - SORL1","APP","Cell-Cell Contact","PMID: 24523320","Advanced"
"Myeloid-CLEC10A-APC","Epithelia","APP","SORL1",0.00575287176325003,0,"APP_SORL1","APP - SORL1","APP","Cell-Cell Contact","PMID: 24523320","Advanced"
"Epithelia","Mac-Cycling","APP","SORL1",0.0164153136177409,0,"APP_SORL1","APP - SORL1","APP","Cell-Cell Contact","PMID: 24523320","Advanced"
"Epithelia","Mac-FOLR2-LYVE1-resident","APP","SORL1",0.0281456128026345,0,"APP_SORL1","APP - SORL1","APP","Cell-Cell Contact","PMID: 24523320","Advanced"
"Epithelia","Mac-OLFML3-CX3CR1-resident","APP","SORL1",0.037020490942185,0,"APP_SORL1","APP - SORL1","APP","Cell-Cell Contact","PMID: 24523320","Advanced"
"Epithelia","Mac-TNF-CCL4-inflammatory","APP","SORL1",0.0144252697369366,0,"APP_SORL1","APP - SORL1","APP","Cell-Cell Contact","PMID: 24523320","Advanced"
"Epithelia","Mono-FCN1-S100A8-S100A9","APP","SORL1",0.0120570887058596,0,"APP_SORL1","APP - SORL1","APP","Cell-Cell Contact","PMID: 24523320","Advanced"
"Epithelia","Myeloid-CLEC10A-APC","APP","SORL1",0.0250560334018485,0,"APP_SORL1","APP - SORL1","APP","Cell-Cell Contact","PMID: 24523320","Advanced"
"C6-SLC2A1-like","Epithelia","APP","TNFRSF21",0.000298418952539839,0,"APP_TNFRSF21","APP - TNFRSF21","APP","Cell-Cell Contact","PMID: 33075465","Advanced"
"C7-APOBEC3A-like","Epithelia","APP","TNFRSF21",0.000304363674805931,0,"APP_TNFRSF21","APP - TNFRSF21","APP","Cell-Cell Contact","PMID: 33075465","Advanced"
"Mac-Cycling","Epithelia","APP","TNFRSF21",0.00022857569674378,0,"APP_TNFRSF21","APP - TNFRSF21","APP","Cell-Cell Contact","PMID: 33075465","Advanced"
"Mac-OLFML3-CX3CR1-resident","Epithelia","APP","TNFRSF21",0.000260362415232591,0,"APP_TNFRSF21","APP - TNFRSF21","APP","Cell-Cell Contact","PMID: 33075465","Advanced"
"Mono-FCN1-S100A8-S100A9","Epithelia","APP","TNFRSF21",0.000416613587368434,0,"APP_TNFRSF21","APP - TNFRSF21","APP","Cell-Cell Contact","PMID: 33075465","Advanced"
"Myeloid-CLEC10A-APC","Epithelia","APP","TNFRSF21",0.000657673985301472,0,"APP_TNFRSF21","APP - TNFRSF21","APP","Cell-Cell Contact","PMID: 33075465","Advanced"
"Epithelia","C6-SLC2A1-like","APP","TREM2_TYROBP",0.0597602180983916,0,"APP_TREM2_TYROBP","APP - (TREM2+TYROBP)","APP","Cell-Cell Contact","PMID:27477013","Advanced"
"Epithelia","C7-APOBEC3A-like","APP","TREM2_TYROBP",0.054180644502666,0,"APP_TREM2_TYROBP","APP - (TREM2+TYROBP)","APP","Cell-Cell Contact","PMID:27477013","Advanced"
"Epithelia","Mac-Cycling","APP","TREM2_TYROBP",0.056630503972314,0,"APP_TREM2_TYROBP","APP - (TREM2+TYROBP)","APP","Cell-Cell Contact","PMID:27477013","Advanced"
"Epithelia","Mac-FOLR2-LYVE1-resident","APP","TREM2_TYROBP",0.061922736506733,0,"APP_TREM2_TYROBP","APP - (TREM2+TYROBP)","APP","Cell-Cell Contact","PMID:27477013","Advanced"
"Epithelia","Mac-NUPR1-IGF2-stress","APP","TREM2_TYROBP",0.0142480183612686,0,"APP_TREM2_TYROBP","APP - (TREM2+TYROBP)","APP","Cell-Cell Contact","PMID:27477013","Advanced"
"Epithelia","Mac-OLFML3-CX3CR1-resident","APP","TREM2_TYROBP",0.0772636346601031,0,"APP_TREM2_TYROBP","APP - (TREM2+TYROBP)","APP","Cell-Cell Contact","PMID:27477013","Advanced"
"Epithelia","Mac-TNF-CCL4-inflammatory","APP","TREM2_TYROBP",0.0498322612768098,0,"APP_TREM2_TYROBP","APP - (TREM2+TYROBP)","APP","Cell-Cell Contact","PMID:27477013","Advanced"
"Epithelia","Myeloid-CLEC10A-APC","APP","TREM2_TYROBP",0.0434951545428317,0,"APP_TREM2_TYROBP","APP - (TREM2+TYROBP)","APP","Cell-Cell Contact","PMID:27477013","Advanced"
"Epithelia","C6-SLC2A1-like","APOA1","ABCA1",0.0100448825060745,0,"APOA1_ABCA1","APOA1 - ABCA1","ApoA","Cell-Cell Contact","PMID: 20064972","Advanced"
"Epithelia","C7-APOBEC3A-like","APOA1","ABCA1",0.011845726867475,0,"APOA1_ABCA1","APOA1 - ABCA1","ApoA","Cell-Cell Contact","PMID: 20064972","Advanced"
"Epithelia","Mac-Cycling","APOA1","ABCA1",0.00312537359354303,0,"APOA1_ABCA1","APOA1 - ABCA1","ApoA","Cell-Cell Contact","PMID: 20064972","Advanced"
"Epithelia","Mac-FOLR2-LYVE1-resident","APOA1","ABCA1",0.00763184452533622,0,"APOA1_ABCA1","APOA1 - ABCA1","ApoA","Cell-Cell Contact","PMID: 20064972","Advanced"
"Epithelia","Mac-NUPR1-IGF2-stress","APOA1","ABCA1",0.00498759067947663,0,"APOA1_ABCA1","APOA1 - ABCA1","ApoA","Cell-Cell Contact","PMID: 20064972","Advanced"
"Epithelia","Mac-OLFML3-CX3CR1-resident","APOA1","ABCA1",0.00144978175493285,0,"APOA1_ABCA1","APOA1 - ABCA1","ApoA","Cell-Cell Contact","PMID: 20064972","Advanced"
"Epithelia","Mac-TNF-CCL4-inflammatory","APOA1","ABCA1",0.00464292393791591,0,"APOA1_ABCA1","APOA1 - ABCA1","ApoA","Cell-Cell Contact","PMID: 20064972","Advanced"
"Epithelia","Myeloid-CLEC10A-APC","APOA1","ABCA1",0.00550341377220139,0,"APOA1_ABCA1","APOA1 - ABCA1","ApoA","Cell-Cell Contact","PMID: 20064972","Advanced"
"Epithelia","C6-SLC2A1-like","APOA1","TREM2_TYROBP",0.0170640123457053,0,"APOA1_TREM2_TYROBP","APOA1 - TREM2","ApoA","Cell-Cell Contact","uniprot;PMID:27477018","Advanced"
"Epithelia","C7-APOBEC3A-like","APOA1","TREM2_TYROBP",0.0154054981151838,0,"APOA1_TREM2_TYROBP","APOA1 - TREM2","ApoA","Cell-Cell Contact","uniprot;PMID:27477018","Advanced"
"Epithelia","Mac-Cycling","APOA1","TREM2_TYROBP",0.0161319849760366,0,"APOA1_TREM2_TYROBP","APOA1 - TREM2","ApoA","Cell-Cell Contact","uniprot;PMID:27477018","Advanced"
"Epithelia","Mac-FOLR2-LYVE1-resident","APOA1","TREM2_TYROBP",0.0177106033259827,0,"APOA1_TREM2_TYROBP","APOA1 - TREM2","ApoA","Cell-Cell Contact","uniprot;PMID:27477018","Advanced"
"Epithelia","Mac-NUPR1-IGF2-stress","APOA1","TREM2_TYROBP",0.00393240273159132,0,"APOA1_TREM2_TYROBP","APOA1 - TREM2","ApoA","Cell-Cell Contact","uniprot;PMID:27477018","Advanced"
"Epithelia","Mac-OLFML3-CX3CR1-resident","APOA1","TREM2_TYROBP",0.0223593471875223,0,"APOA1_TREM2_TYROBP","APOA1 - TREM2","ApoA","Cell-Cell Contact","uniprot;PMID:27477018","Advanced"
"Epithelia","Mac-TNF-CCL4-inflammatory","APOA1","TREM2_TYROBP",0.0141226300114044,0,"APOA1_TREM2_TYROBP","APOA1 - TREM2","ApoA","Cell-Cell Contact","uniprot;PMID:27477018","Advanced"
"Epithelia","Myeloid-CLEC10A-APC","APOA1","TREM2_TYROBP",0.012268039897011,0,"APOA1_TREM2_TYROBP","APOA1 - TREM2","ApoA","Cell-Cell Contact","uniprot;PMID:27477018","Advanced"
"Epithelia","C6-SLC2A1-like","APOE","TREM2_TYROBP",0.0282769659168703,0,"APOE_TREM2_TYROBP","APOE - TREM2","ApoE","Cell-Cell Contact","uniprot;PMID:27477015","Advanced"
"Epithelia","C7-APOBEC3A-like","APOE","TREM2_TYROBP",0.0255569596426178,0,"APOE_TREM2_TYROBP","APOE - TREM2","ApoE","Cell-Cell Contact","uniprot;PMID:27477015","Advanced"
"Epithelia","Mac-Cycling","APOE","TREM2_TYROBP",0.0267491597354069,0,"APOE_TREM2_TYROBP","APOE - TREM2","ApoE","Cell-Cell Contact","uniprot;PMID:27477015","Advanced"
"Epithelia","Mac-FOLR2-LYVE1-resident","APOE","TREM2_TYROBP",0.0293357584468066,0,"APOE_TREM2_TYROBP","APOE - TREM2","ApoE","Cell-Cell Contact","uniprot;PMID:27477015","Advanced"
"Epithelia","Mac-NUPR1-IGF2-stress","APOE","TREM2_TYROBP",0.00657414119360392,0,"APOE_TREM2_TYROBP","APOE - TREM2","ApoE","Cell-Cell Contact","uniprot;PMID:27477015","Advanced"
"Epithelia","Mac-OLFML3-CX3CR1-resident","APOE","TREM2_TYROBP",0.0369212223034349,0,"APOE_TREM2_TYROBP","APOE - TREM2","ApoE","Cell-Cell Contact","uniprot;PMID:27477015","Advanced"
"Epithelia","Mac-TNF-CCL4-inflammatory","APOE","TREM2_TYROBP",0.0234488774727727,0,"APOE_TREM2_TYROBP","APOE - TREM2","ApoE","Cell-Cell Contact","uniprot;PMID:27477015","Advanced"
"Epithelia","Myeloid-CLEC10A-APC","APOE","TREM2_TYROBP",0.0203948963452442,0,"APOE_TREM2_TYROBP","APOE - TREM2","ApoE","Cell-Cell Contact","uniprot;PMID:27477015","Advanced"
"C6-SLC2A1-like","Epithelia","CADM1","NECTIN3",0.000691621807370562,0,"CADM1_NECTIN3","CADM1 - NECTIN3","CADM","Cell-Cell Contact","uniprot","Advanced"
"C7-APOBEC3A-like","Epithelia","CADM1","NECTIN3",0.000425466389836031,0,"CADM1_NECTIN3","CADM1 - NECTIN3","CADM","Cell-Cell Contact","uniprot","Advanced"
"Mac-Cycling","Epithelia","CADM1","NECTIN3",0.000808651413232429,0,"CADM1_NECTIN3","CADM1 - NECTIN3","CADM","Cell-Cell Contact","uniprot","Advanced"
"Mac-FOLR2-LYVE1-resident","Epithelia","CADM1","NECTIN3",0.00109282424915041,0,"CADM1_NECTIN3","CADM1 - NECTIN3","CADM","Cell-Cell Contact","uniprot","Advanced"
"Mac-OLFML3-CX3CR1-resident","Epithelia","CADM1","NECTIN3",0.00278994472306913,0,"CADM1_NECTIN3","CADM1 - NECTIN3","CADM","Cell-Cell Contact","uniprot","Advanced"
"C6-SLC2A1-like","Epithelia","CD99","PILRB",0.00578211612105738,0.01,"CD99_PILRB","Cd99 - Pilrb","CD99","Cell-Cell Contact","uniprot;PMID:18234675","Advanced"
"Mac-Cycling","Epithelia","CD99","PILRB",0.00732139212339686,0,"CD99_PILRB","Cd99 - Pilrb","CD99","Cell-Cell Contact","uniprot;PMID:18234675","Advanced"
"Mono-FCN1-S100A8-S100A9","Epithelia","CD99","PILRB",0.00543280615558414,0.02,"CD99_PILRB","Cd99 - Pilrb","CD99","Cell-Cell Contact","uniprot;PMID:18234675","Advanced"
"Myeloid-CLEC10A-APC","Epithelia","CD99","PILRB",0.0066895276998307,0,"CD99_PILRB","Cd99 - Pilrb","CD99","Cell-Cell Contact","uniprot;PMID:18234675","Advanced"
"Epithelia","Mac-Cycling","NTN4","UNC5B",0.000164004728126493,0,"NTN4_UNC5B","NTN4 - UNC5B","Netrin","Cell-Cell Contact","PMID: 31914695","Advanced"
"Epithelia","Mac-OLFML3-CX3CR1-resident","NTN4","UNC5B",0.000139303043414153,0,"NTN4_UNC5B","NTN4 - UNC5B","Netrin","Cell-Cell Contact","PMID: 31914695","Advanced"
