"source","target","mor","confidence"
"AHR","CYP1A1",1,"C"
"AHR","CYP1A2",1,"C"
"AHR","CYP1B1",1,"C"
"AHR","FOS",1,"C"
"AHR","MYC",1,"C"
"AHR","UGT1A6",1,"C"
"AHR","ASAP1",1,"C"
"AHR","ERG",1,"C"
"AHR","VGLL4",1,"C"
"AHR","ARHGAP15",1,"C"
"AHR","ARID5B",1,"C"
"AHR","CREB5",1,"C"
"AHR","CTNNA1",1,"C"
"AHR","CTNNA2",1,"C"
"AHR","DOCK4",1,"C"
"AHR","EPB41L2",1,"C"
"AHR","FRMD4A",1,"C"
"AHR","GAS7",1,"C"
"AHR","KAZN",1,"C"
"AHR","KDM4C",1,"C"
"AHR","LHFPL2",1,"C"
"AHR","MAP4K4",1,"C"
"AHR","MAST4",1,"C"
"AHR","MID1",1,"C"
"AHR","MYO1B",1,"C"
"AHR","NCOR2",1,"C"
"AHR","NFATC2",1,"C"
"AHR","NRP2",1,"C"
"AHR","PHACTR3",1,"C"
"AHR","PLCB1",1,"C"
"AHR","RAPGEF4",1,"C"
"AHR","RBMS1",1,"C"
"AHR","RUNX1",1,"C"
"AHR","SIPA1L2",1,"C"
"AHR","SLCO3A1",1,"C"
"AHR","SOS1",1,"C"
"AHR","SULF2",1,"C"
"AHR","TRIM37",1,"C"
"AHR","TRIO",1,"C"
"AHR","TRPS1",1,"C"
"AHR","TSHZ2",1,"C"
"AHR","UTRN",1,"C"
"AHR","ZNF217",1,"C"
"AHR","ZNF385D",1,"C"
"AR","ABCE1",1,"A"
"AR","ACAD10",1,"A"
"AR","ACP3",1,"A"
"AR","AHSG",1,"A"
"AR","AKR1B1",1,"A"
"AR","AKR1C3",-1,"A"
"AR","AKT1",1,"A"
"AR","ALPG",1,"A"
"AR","ANAPC10",1,"A"
"AR","AP2M1",1,"A"
"AR","APPBP2",1,"A"
"AR","ATF6",1,"A"
"AR","ATM",1,"A"
"AR","ATP2B4",1,"A"
"AR","BABAM2",1,"A"
"AR","BANF1",1,"A"
"AR","BTD",1,"A"
"AR","C1orf21",1,"A"
"AR","CCNG2",1,"A"
"AR","CD4",1,"A"
"AR","CDC6",1,"A"
"AR","CDH2",1,"A"
"AR","CDKL5",1,"A"
"AR","CDKN1A",1,"A"
"AR","CITED2",1,"A"
"AR","COASY",1,"A"
"AR","CPT2",1,"A"
"AR","CRISP1",1,"A"
"AR","CYCS",1,"A"
"AR","DBI",1,"A"
"AR","DDC",1,"A"
"AR","DDT",1,"A"
"AR","DHX15",1,"A"
"AR","EEF1AKMT3",1,"A"
"AR","EGFR",1,"A"
"AR","EIF3I",1,"A"
"AR","ELF3",1,"A"
"AR","ERBB3",1,"A"
"AR","ESRRA",1,"A"
"AR","EYA2",1,"A"
"AR","FAM13A",1,"A"
"AR","FAM174B",1,"A"
"AR","FKBP5",1,"A"
"AR","FOXA1",1,"A"
"AR","FXYD3",1,"A"
"AR","GLRX",1,"A"
"AR","GNL1",1,"A"
"AR","GRB10",1,"A"
"AR","GTF2F1",1,"A"
"AR","H2BC21",1,"A"
"AR","HES1",1,"A"
"AR","HK2",1,"A"
"AR","HLA-E",1,"A"
"AR","HNRNPA1",1,"A"
"AR","HSD17B11",1,"A"
"AR","IFI35",1,"A"
"AR","IGF1R",1,"A"
"AR","IGFBP3",1,"A"
"AR","IGHG1",1,"A"
"AR","IL1R1",1,"A"
"AR","JUN",1,"A"
"AR","KCNH2",1,"A"
"AR","KIAA1217",-1,"A"
"AR","KLF5",1,"A"
"AR","KLK2",1,"A"
"AR","KLK3",1,"A"
"AR","KLK4",1,"A"
"AR","KRT18",1,"A"
"AR","KRT8",1,"A"
"AR","LIFR",1,"A"
"AR","LOC440157",1,"A"
"AR","MED1",1,"A"
"AR","MMP13",1,"A"
"AR","MRPS27",1,"A"
"AR","MT2A",1,"A"
"AR","MUC1",-1,"A"
"AR","MYC",1,"A"
"AR","NCOA2",-1,"A"
"AR","NDRG1",1,"A"
"AR","NKX3-1",1,"A"
"AR","NLGN4X",1,"A"
"AR","NME7",1,"A"
"AR","NPAT",1,"A"
"AR","NPEPPS",1,"A"
"AR","NUP214",1,"A"
"AR","ORM1",1,"A"
"AR","ORM2",1,"A"
"AR","PEX6",1,"A"
"AR","PGC",1,"A"
"AR","PIGR",1,"A"
"AR","PIN1",1,"A"
"AR","PMAIP1",1,"A"
"AR","PMEPA1",1,"A"
"AR","PNPLA4",1,"A"
"AR","PNRC1",1,"A"
"AR","PPP2R5D",1,"A"
"AR","PRAME",1,"A"
"AR","PRKCD",1,"A"
"AR","PRPS1",1,"A"
"AR","PTGS2",-1,"A"
"AR","PTPN9",1,"A"
"AR","PTPRM",1,"A"
"AR","QSOX1",1,"A"
"AR","RBMX",1,"A"
"AR","RBPMS",1,"A"
"AR","RELA",-1,"A"
"AR","RNASE4",1,"A"
"AR","SCAP",1,"A"
"AR","SCNN1A",1,"A"
"AR","SDF2",1,"A"
"AR","SERPINB5",-1,"A"
"AR","SERPINI1",1,"A"
"AR","SLC25A11",1,"A"
"AR","SMARCA2",1,"A"
"AR","SMS",1,"A"
"AR","SNAI2",1,"A"
"AR","SORD",1,"A"
"AR","SOX4",1,"A"
"AR","SPDEF",1,"A"
"AR","STK39",1,"A"
"AR","STXBP2",1,"A"
"AR","SUOX",1,"A"
"AR","SUSD6",1,"A"
"AR","TESK1",1,"A"
"AR","THRA",1,"A"
"AR","TMPRSS2",1,"A"
"AR","TNFRSF1A",1,"A"
"AR","TRPS1",1,"A"
"AR","UBC",1,"A"
"AR","UBE2D3",1,"A"
"AR","UGT2B15",1,"A"
"AR","VAPA",1,"A"
"AR","VEGFA",1,"A"
"AR","XPA",1,"A"
"AR","ZBTB16",1,"A"
"AR","ZCCHC9",1,"A"
"AR","ZFHX4",1,"A"
"AR","ZNF559",1,"A"
"ARID2","AGTPBP1",1,"C"
"ARID2","ATXN7",1,"C"
"ARID2","BAZ2A",1,"C"
"ARID2","BBX",1,"C"
"ARID2","CACUL1",1,"C"
"ARID2","CDK17",1,"C"
"ARID2","CHD2",1,"C"
"ARID2","CHD9",1,"C"
"ARID2","CPSF6",1,"C"
"ARID2","FOXJ3",1,"C"
"ARID2","HNRNPH1",1,"C"
"ARID2","HNRNPL",1,"C"
"ARID2","JMJD1C",1,"C"
"ARID2","LRP6",1,"C"
"ARID2","MAP4K5",1,"C"
"ARID2","MLLT10",1,"C"
"ARID2","MSI2",1,"C"
"ARID2","NCOA2",1,"C"
"ARID2","NFAT5",1,"C"
"ARID2","PAWR",1,"C"
"ARID2","RBPJ",1,"C"
"ARID2","RCOR3",1,"C"
"ARID2","SIAH1",1,"C"
"ARID2","SOS1",1,"C"
"ARID2","TIAL1",1,"C"
"ARID2","TNPO1",1,"C"
"ARID2","USP3",1,"C"
"ARID2","WAC",1,"C"
"ARID2","ZCCHC2",1,"C"
"ARID2","ZNF131",1,"C"
"ARID3A","IGHV1-69",1,"C"
"ARID3A","IGHV3-23",1,"C"
"ARID3A","ACKR2",1,"C"
"ARID3A","BAZ2A",1,"C"
"ARID3A","BCAT1",1,"C"
"ARID3A","CCR7",1,"C"
"ARID3A","CIC",1,"C"
"ARID3A","CYTH1",1,"C"
"ARID3A","DDIT4",1,"C"
"ARID3A","DENND3",1,"C"
"ARID3A","ERN1",1,"C"
"ARID3A","FOXK1",1,"C"
"ARID3A","GAB2",1,"C"
"ARID3A","GRK6",1,"C"
"ARID3A","KCNAB2",1,"C"
"ARID3A","MKNK2",1,"C"
"ARID3A","MNT",1,"C"
"ARID3A","PLIN2",1,"C"
"ARID3A","PTK2B",1,"C"
"ARID3A","SEC14L1",1,"C"
"ARID3A","ST3GAL1",1,"C"
"ARID3A","STK10",1,"C"
"ARID3A","TGIF1",1,"C"
"ARID3A","ZBTB7B",1,"C"
"ARID3A","ZC3H3",1,"C"
"ARNT","BHLHE40",1,"C"
"ARNT","CYP1B1",1,"C"
"ARNT","EPO",1,"C"
"ARNT","LDHA",1,"C"
"ARNT","UGT1A6",1,"C"
"ARNT","VEGFA",1,"C"
"ARNT","ANGPT1",1,"C"
"ARNT","ESR1",1,"C"
"ARNT","AFF1",1,"C"
"ARNT","ALDOA",1,"C"
"ARNT","ANK3",1,"C"
"ARNT","ARID1B",1,"C"
"ARNT","ARID5B",1,"C"
"ARNT","ASAP1",1,"C"
"ARNT","CDH4",1,"C"
"ARNT","CTNNA2",1,"C"
"ARNT","DAAM1",1,"C"
"ARNT","DOCK1",1,"C"
"ARNT","DOCK4",1,"C"
"ARNT","DST",1,"C"
"ARNT","DYNC2H1",1,"C"
"ARNT","EIF3H",1,"C"
"ARNT","ENO1",1,"C"
"ARNT","ERC1",1,"C"
"ARNT","EXOC6B",1,"C"
"ARNT","FNDC3B",1,"C"
"ARNT","GLI3",1,"C"
"ARNT","GTDC1",1,"C"
"ARNT","IQSEC1",1,"C"
"ARNT","LPP",1,"C"
"ARNT","MACROD2",1,"C"
"ARNT","MED13L",1,"C"
"ARNT","MID1",1,"C"
"ARNT","NBEA",1,"C"
"ARNT","NFASC",1,"C"
"ARNT","NFIA",1,"C"
"ARNT","NLGN1",1,"C"
"ARNT","PIP4K2A",1,"C"
"ARNT","PTK2",1,"C"
"ARNT","PTPRD",1,"C"
"ARNT","PTPRR",1,"C"
"ARNT","RBMS1",1,"C"
"ARNT","RBMS3",1,"C"
"ARNT","RBPJ",1,"C"
"ARNT","RREB1",1,"C"
"ARNT","SLC22A23",1,"C"
"ARNT","SORL1",1,"C"
"ARNT","SOX5",1,"C"
"ARNT","SPAG9",1,"C"
"ARNT","SPOCK1",1,"C"
"ARNT","TBC1D5",1,"C"
"ARNT","TCF12",1,"C"
"ARNT","TCF4",1,"C"
"ARNT","TENM2",1,"C"
"ARNT","TFRC",1,"C"
"ARNT","THSD7A",1,"C"
"ARNT","TRIO",1,"C"
"ARNT","TTLL5",1,"C"
"ARNT","UVRAG",1,"C"
"ARNT","VGLL4",1,"C"
"ARNT","VPS13B",1,"C"
"ARNT","VPS13D",1,"C"
"ARNT","WSCD1",1,"C"
"ARNTL","AVP",1,"A"
"ARNTL","BHLHE40",1,"A"
"ARNTL","CRY1",1,"A"
"ARNTL","CRY2",1,"A"
"ARNTL","DBP",1,"A"
"ARNTL","NR1D1",1,"A"
"ARNTL","NR1D2",1,"A"
"ARNTL","PER1",1,"A"
"ARNTL","PER2",1,"A"
"ARNTL","PER3",1,"A"
"ASCL1","PCSK6",-1,"C"
"ASCL1","ADCY5",1,"C"
"ASCL1","ADGRG1",1,"C"
"ASCL1","AGBL4",1,"C"
"ASCL1","ANK1",1,"C"
"ASCL1","ARHGEF10L",1,"C"
"ASCL1","ATP11A",1,"C"
"ASCL1","BAHCC1",1,"C"
"ASCL1","CCDC57",1,"C"
"ASCL1","CCDC88B",1,"C"
"ASCL1","CCDC88C",1,"C"
"ASCL1","CCNY",1,"C"
"ASCL1","CHRNB4",1,"C"
"ASCL1","CPLX2",1,"C"
"ASCL1","DLGAP4",1,"C"
"ASCL1","FAM13A",1,"C"
"ASCL1","FARP1",1,"C"
"ASCL1","FHL2",1,"C"
"ASCL1","GOLM1",1,"C"
"ASCL1","HPCAL1",1,"C"
"ASCL1","IQSEC1",1,"C"
"ASCL1","KALRN",1,"C"
"ASCL1","LFNG",1,"C"
"ASCL1","LGR6",1,"C"
"ASCL1","MPRIP",1,"C"
"ASCL1","MYO7A",1,"C"
"ASCL1","NCOR2",1,"C"
"ASCL1","NIBAN2",1,"C"
"ASCL1","NOL4L",1,"C"
"ASCL1","PGS1",1,"C"
"ASCL1","PKP1",1,"C"
"ASCL1","PLA2G6",1,"C"
"ASCL1","PLXNA2",1,"C"
"ASCL1","PPM1H",1,"C"
"ASCL1","PTPRD",1,"C"
"ASCL1","PTPRT",1,"C"
"ASCL1","RBFOX3",1,"C"
"ASCL1","RNF165",1,"C"
"ASCL1","RUNX1",1,"C"
"ASCL1","SMPD3",1,"C"
"ASCL1","SPOCK1",1,"C"
"ASCL1","ST18",1,"C"
"ASCL1","TACC2",1,"C"
"ASCL1","TCF20",1,"C"
"ASCL1","TIAM1",1,"C"
"ASCL1","TLE5",1,"C"
"ASCL1","TMEM132D",1,"C"
"ASCL1","TMEM163",1,"C"
"ASCL1","TNR",1,"C"
"ASCL1","TP73",1,"C"
"ASCL1","TRIO",1,"C"
"ASCL1","VAV2",1,"C"
"ASCL1","WSCD1",1,"C"
"ASCL1","ZDHHC14",1,"C"
"ATF1","BCL2",1,"A"
"ATF1","CCNA1",-1,"A"
"ATF1","CFTR",1,"A"
"ATF1","CGA",1,"A"
"ATF1","CIITA",1,"A"
"ATF1","CYP11B1",1,"A"
"ATF1","CYP11B2",1,"A"
"ATF1","ERBB2",1,"A"
"ATF1","FLT1",1,"A"
"ATF1","IL10",1,"A"
"ATF1","LDHA",1,"A"
"ATF1","MAP1LC3B",1,"A"
"ATF1","NTS",1,"A"
"ATF1","PCSK1",1,"A"
"ATF1","PLAUR",1,"A"
"ATF1","SLC20A1",1,"A"
"ATF1","TGFB2",1,"A"
"ATF1","TH",1,"A"
"ATF1","TOP2A",1,"A"
"ATF1","UGT8",1,"A"
"ATF2","APOC3",1,"A"
"ATF2","ATF3",1,"A"
"ATF2","CCND1",1,"A"
"ATF2","CDKN1A",1,"A"
"ATF2","CYP11B1",1,"A"
"ATF2","CYP11B2",1,"A"
"ATF2","DUSP1",1,"A"
"ATF2","FN1",1,"A"
"ATF2","FOS",1,"A"
"ATF2","IFNB1",1,"A"
"ATF2","IFNG",1,"A"
"ATF2","IMPDH2",1,"A"
"ATF2","INS",1,"A"
"ATF2","JUN",1,"A"
"ATF2","MMP2",1,"A"
"ATF2","NOS3",-1,"A"
"ATF2","NR4A2",1,"A"
"ATF2","PCK1",1,"A"
"ATF2","PCK2",1,"A"
"ATF2","PLAT",1,"A"
"ATF2","PTGS2",1,"A"
"ATF2","RB1",1,"A"
"ATF2","TGFB2",-1,"A"
"ATF2","TNF",1,"A"
"ATF3","ASNS",1,"C"
"ATF3","CCL5",-1,"C"
"ATF3","DDIT3",1,"C"
"ATF3","GCLC",-1,"C"
"ATF3","GDF15",1,"C"
"ATF3","ID1",-1,"C"
"ATF3","LDLR",-1,"C"
"ATF3","SELE",-1,"C"
"ATF3","STAT3",-1,"C"
"ATF3","AKAP13",-1,"C"
"ATF3","ANXA1",-1,"C"
"ATF3","BHLHE40",-1,"C"
"ATF3","COA7",-1,"C"
"ATF3","CREB5",-1,"C"
"ATF3","CYRIB",-1,"C"
"ATF3","ETS2",-1,"C"
"ATF3","GLIS3",-1,"C"
"ATF3","GNA12",-1,"C"
"ATF3","HSPB1",-1,"C"
"ATF3","KDM4C",-1,"C"
"ATF3","KDM6B",-1,"C"
"ATF3","KLF6",-1,"C"
"ATF3","MAPKAP1",-1,"C"
"ATF3","MAPRE2",-1,"C"
"ATF3","MED15",-1,"C"
"ATF3","MIDEAS",-1,"C"
"ATF3","MYO18A",-1,"C"
"ATF3","NFIA",-1,"C"
"ATF3","PCBP1",-1,"C"
"ATF3","PDE4B",-1,"C"
"ATF3","PER1",-1,"C"
"ATF3","PRPF31",-1,"C"
"ATF3","PTP4A1",-1,"C"
"ATF3","RAD9A",-1,"C"
"ATF3","RCAN1",-1,"C"
"ATF3","RUNX1",-1,"C"
"ATF3","SMOX",-1,"C"
"ATF3","SND1",-1,"C"
"ATF3","SPAG9",-1,"C"
"ATF3","SPRED2",-1,"C"
"ATF3","SREBF1",-1,"C"
"ATF3","SYTL2",-1,"C"
"ATF3","TOM1L2",-1,"C"
"ATF3","TRIB1",-1,"C"
"ATF3","TSC22D2",-1,"C"
"ATF3","UBC",-1,"C"
"ATF3","VGLL4",-1,"C"
"ATF3","VMP1",-1,"C"
"ATF3","ZBTB20",-1,"C"
"ATF3","ZFP36L1",-1,"C"
"ATF4","ASNS",1,"A"
"ATF4","ATF3",1,"A"
"ATF4","CEBPB",1,"A"
"ATF4","CHAC1",1,"A"
"ATF4","CXCL8",1,"A"
"ATF4","DDIT3",1,"A"
"ATF4","DDIT4",1,"A"
"ATF4","DDR2",1,"A"
"ATF4","DISC1",1,"A"
"ATF4","FGF21",1,"A"
"ATF4","HRK",1,"A"
"ATF4","MCL1",1,"A"
"ATF4","NUPR1",1,"A"
"ATF4","PTGS2",1,"A"
"ATF4","TRIB3",1,"A"
"ATF4","VEGFA",1,"A"
"ATF6","ATP2A2",1,"A"
"ATF6","CALR",1,"A"
"ATF6","DDIT3",1,"A"
"ATF6","DNAJC3",1,"A"
"ATF6","HSP90B1",1,"A"
"ATF6","HSPA5",1,"A"
"ATF6","RTN3",1,"A"
"ATF6","SEL1L",1,"A"
"ATF6","SRF",1,"A"
"ATF6","XBP1",1,"A"
"ATF7","ARID1A",1,"C"
"ATF7","ARID1B",1,"C"
"ATF7","CMIP",1,"C"
"ATF7","CREB3L2",1,"C"
"ATF7","CREBBP",1,"C"
"ATF7","DEPDC5",1,"C"
"ATF7","DST",1,"C"
"ATF7","EML2",1,"C"
"ATF7","EXOC4",1,"C"
"ATF7","FAAP20",1,"C"
"ATF7","FAM122C",1,"C"
"ATF7","IGF1",1,"C"
"ATF7","KANSL1",1,"C"
"ATF7","KDM4C",1,"C"
"ATF7","KPNA6",1,"C"
"ATF7","MOV10L1",1,"C"
"ATF7","MSI2",1,"C"
"ATF7","NFIA",1,"C"
"ATF7","PHF21A",1,"C"
"ATF7","PTPRS",1,"C"
"ATF7","SND1",1,"C"
"ATF7","TCF12",1,"C"
"ATF7","TEAD1",1,"C"
"ATF7","TNRC6B",1,"C"
"ATF7","TP53BP1",1,"C"
"ATF7","UBE2H",1,"C"
"ATF7","XPO7",1,"C"
"ATF7","ZFP36L1",1,"C"
"BACH1","HMOX1",-1,"B"
"BACH1","AFG3L1P",1,"B"
"BACH1","ALDOA",1,"B"
"BACH1","ASAP1",1,"B"
"BACH1","BICDL1",1,"B"
"BACH1","CDK6",1,"B"
"BACH1","CLIP4",1,"B"
"BACH1","DPH6",1,"B"
"BACH1","GCLC",1,"B"
"BACH1","IFRD1",1,"B"
"BACH1","KCTD20",1,"B"
"BACH1","LBR",1,"B"
"BACH1","MAFG",1,"B"
"BACH1","MAPT",1,"B"
"BACH1","ME1",1,"B"
"BACH1","MSANTD3",1,"B"
"BACH1","NQO2",1,"B"
"BACH1","PHLDA2",1,"B"
"BACH1","PIK3CD",1,"B"
"BACH1","PSAP",1,"B"
"BACH1","RFFL",1,"B"
"BACH1","SLC48A1",1,"B"
"BACH1","SLC7A11",1,"B"
"BACH1","SLX4IP",1,"B"
"BACH1","SMARCA4",1,"B"
"BACH1","SQSTM1",1,"B"
"BACH1","SSC4D",1,"B"
"BACH1","SYNJ2",1,"B"
"BACH1","TNFAIP2",1,"B"
"BACH1","TRIM56",1,"B"
"BACH2","IL2",1,"C"
"BACH2","RIPOR2",1,"C"
"BACH2","AP1B1",1,"C"
"BACH2","ARHGEF3",1,"C"
"BACH2","COQ8B",1,"C"
"BACH2","DAAM1",1,"C"
"BACH2","EGLN3",1,"C"
"BACH2","EPS15L1",1,"C"
"BACH2","ERCC1",1,"C"
"BACH2","ETS1",1,"C"
"BACH2","FOXO3",1,"C"
"BACH2","FOXP1",1,"C"
"BACH2","GSTP1",1,"C"
"BACH2","HIVEP2",1,"C"
"BACH2","IFRD1",1,"C"
"BACH2","ITPKB",1,"C"
"BACH2","JMJD1C",1,"C"
"BACH2","KCTD20",1,"C"
"BACH2","KLHL21",1,"C"
"BACH2","LBR",1,"C"
"BACH2","LRRK2",1,"C"
"BACH2","MAFG",1,"C"
"BACH2","MGAT5",1,"C"
"BACH2","MYBPC1",1,"C"
"BACH2","OSBPL10",1,"C"
"BACH2","PLXND1",1,"C"
"BACH2","PRDM10",1,"C"
"BACH2","PRDM2",1,"C"
"BACH2","PSAP",1,"C"
"BACH2","PURB",1,"C"
"BACH2","RASAL3",1,"C"
"BACH2","RASSF2",1,"C"
"BACH2","RFFL",1,"C"
"BACH2","RGS3",1,"C"
"BACH2","RP1",1,"C"
"BACH2","SEMA4D",1,"C"
"BACH2","SIAH2",1,"C"
"BACH2","SLC16A6",1,"C"
"BACH2","SLC6A6",1,"C"
"BACH2","SLC7A7",1,"C"
"BACH2","SNX25",1,"C"
"BACH2","SQSTM1",1,"C"
"BACH2","SWAP70",1,"C"
"BACH2","TBK1",1,"C"
"BACH2","TCF4",1,"C"
"BACH2","TEX19",1,"C"
"BACH2","TMSB4X",1,"C"
"BACH2","TNFSF9",1,"C"
"BACH2","TUBA4A",1,"C"
"BACH2","TXLNB",1,"C"
"BACH2","ZHX2",1,"C"
"BATF","TNFRSF8",1,"C"
"BATF","APBB1IP",1,"C"
"BATF","ARHGAP25",1,"C"
"BATF","CACNB4",1,"C"
"BATF","CCR7",1,"C"
"BATF","CTSC",1,"C"
"BATF","CYRIB",1,"C"
"BATF","DENND1A",1,"C"
"BATF","DMD",1,"C"
"BATF","DOCK2",1,"C"
"BATF","ELF1",1,"C"
"BATF","FGGY",1,"C"
"BATF","GSAP",1,"C"
"BATF","IER5",1,"C"
"BATF","IKZF1",1,"C"
"BATF","IKZF3",1,"C"
"BATF","IL1R1",1,"C"
"BATF","IL1R2",1,"C"
"BATF","KCNMA1",1,"C"
"BATF","LAMC1",1,"C"
"BATF","LAPTM5",1,"C"
"BATF","MAP3K5",1,"C"
"BATF","NABP1",1,"C"
"BATF","NCOA1",1,"C"
"BATF","NEK6",1,"C"
"BATF","NFKB1",1,"C"
"BATF","NRCAM",1,"C"
"BATF","PIK3AP1",1,"C"
"BATF","PIK3R5",1,"C"
"BATF","PITPNC1",1,"C"
"BATF","PRKCB",1,"C"
"BATF","PRKCH",1,"C"
"BATF","PTPN2",1,"C"
"BATF","RABGAP1L",1,"C"
"BATF","RAPGEF1",1,"C"
"BATF","RBM47",1,"C"
"BATF","RHOH",1,"C"
"BATF","RIN3",1,"C"
"BATF","RIPOR2",1,"C"
"BATF","RUNX1",1,"C"
"BATF","SAMSN1",1,"C"
"BATF","SLAMF1",1,"C"
"BATF","ST3GAL1",1,"C"
"BATF","ST6GAL1",1,"C"
"BATF","ST7",1,"C"
"BATF","STK10",1,"C"
"BATF","TBXAS1",1,"C"
"BATF","TRIM2",1,"C"
"BATF","VOPP1",1,"C"
"BCL11A","AMPD3",1,"C"
"BCL11A","CACNA1E",1,"C"
"BCL11A","CCDC88C",1,"C"
"BCL11A","CDYL",1,"C"
"BCL11A","CNTNAP2",1,"C"
"BCL11A","DTNB",1,"C"
"BCL11A","ELMO1",1,"C"
"BCL11A","EPHB1",1,"C"
"BCL11A","ETV6",1,"C"
"BCL11A","GDI2",1,"C"
"BCL11A","GPR15",1,"C"
"BCL11A","IGF1R",1,"C"
"BCL11A","JARID2",1,"C"
"BCL11A","KDM2B",1,"C"
"BCL11A","KLHL6",1,"C"
"BCL11A","LCP1",1,"C"
"BCL11A","MAP3K8",1,"C"
"BCL11A","NFIC",1,"C"
"BCL11A","OBSCN",1,"C"
"BCL11A","PARP15",1,"C"
"BCL11A","PAX5",1,"C"
"BCL11A","PDE1C",1,"C"
"BCL11A","PIK3AP1",1,"C"
"BCL11A","PPP2R5C",1,"C"
"BCL11A","PRKCB",1,"C"
"BCL11A","RUNX3",1,"C"
"BCL11A","SLC12A8",1,"C"
"BCL11A","SORL1",1,"C"
"BCL11A","SP140",1,"C"
"BCL11A","SYNE2",1,"C"
"BCL11A","TBC1D4",1,"C"
"BCL11A","TLE4",1,"C"
"BCL11A","TRAK1",1,"C"
"BCL11A","ZMIZ1",1,"C"
"BCL11A","ZMYND8",1,"C"
"BCL11A","ZNF365",1,"C"
"BCL6","CCND2",-1,"C"
"BCL6","HDAC7",-1,"C"
"BCL6","IRF4",-1,"C"
"BCL6","LITAF",-1,"C"
"BCL6","PRDM1",-1,"C"
"BCL6","FOXO3",-1,"C"
"BCL6","AHRR",-1,"C"
"BCL6","ANK3",-1,"C"
"BCL6","ARHGAP26",-1,"C"
"BCL6","ARID5B",-1,"C"
"BCL6","BRD4",-1,"C"
"BCL6","CABIN1",-1,"C"
"BCL6","CBFA2T3",-1,"C"
"BCL6","CCND3",-1,"C"
"BCL6","CFLAR",-1,"C"
"BCL6","DENND3",-1,"C"
"BCL6","DUSP22",-1,"C"
"BCL6","EIPR1",-1,"C"
"BCL6","GFOD1",-1,"C"
"BCL6","GMDS",-1,"C"
"BCL6","GPCPD1",-1,"C"
"BCL6","HDAC4",-1,"C"
"BCL6","IL4R",-1,"C"
"BCL6","JADE1",-1,"C"
"BCL6","LDLR",-1,"C"
"BCL6","LPP",-1,"C"
"BCL6","MAP3K8",-1,"C"
"BCL6","MAPKAPK3",-1,"C"
"BCL6","NCOA7",-1,"C"
"BCL6","OSBPL10",-1,"C"
"BCL6","PLCG2",-1,"C"
"BCL6","RHOQ",-1,"C"
"BCL6","RNF213",-1,"C"
"BCL6","SEMA4B",-1,"C"
"BCL6","SLA",-1,"C"
"BCL6","ST3GAL1",-1,"C"
"BCL6","SYNE2",-1,"C"
"BCL6","SYPL1",-1,"C"
"BCL6","TCF3",-1,"C"
"BCL6","TLE3",-1,"C"
"BCL6","TNK2",-1,"C"
"BCL6","TNS3",-1,"C"
"BCL6","TPM4",-1,"C"
"BCL6","UBALD2",-1,"C"
"BCL6","UMODL1",-1,"C"
"BCL6","ZFAT",-1,"C"
"BHLHE22","ADAM33",-1,"C"
"BHLHE22","ADGRA2",-1,"C"
"BHLHE22","AEBP1",-1,"C"
"BHLHE22","ALDH1A2",-1,"C"
"BHLHE22","AP3D1",-1,"C"
"BHLHE22","ARSB",-1,"C"
"BHLHE22","BAZ2A",-1,"C"
"BHLHE22","CDYL",-1,"C"
"BHLHE22","ELF4",-1,"C"
"BHLHE22","GAS7",-1,"C"
"BHLHE22","IGF1R",-1,"C"
"BHLHE22","KCNN3",-1,"C"
"BHLHE22","LSP1",-1,"C"
"BHLHE22","MYLK",-1,"C"
"BHLHE22","PACS1",-1,"C"
"BHLHE22","PCDHGC3",-1,"C"
"BHLHE22","PLCL2",-1,"C"
"BHLHE22","PTPRJ",-1,"C"
"BHLHE22","SH3KBP1",-1,"C"
"BHLHE22","SPON2",-1,"C"
"BHLHE22","SYNE2",-1,"C"
"BHLHE40","NR4A1",-1,"C"
"BHLHE40","ABCC1",-1,"C"
"BHLHE40","ACAP3",-1,"C"
"BHLHE40","ACTB",-1,"C"
"BHLHE40","ANKRD11",-1,"C"
"BHLHE40","ARHGEF3",-1,"C"
"BHLHE40","BCL3",-1,"C"
"BHLHE40","BCOR",-1,"C"
"BHLHE40","CCDC57",-1,"C"
"BHLHE40","CD83",-1,"C"
"BHLHE40","CDKN1A",-1,"C"
"BHLHE40","CREB5",-1,"C"
"BHLHE40","CSK",-1,"C"
"BHLHE40","CTTN",-1,"C"
"BHLHE40","CUX1",-1,"C"
"BHLHE40","DLGAP1",-1,"C"
"BHLHE40","EGLN3",-1,"C"
"BHLHE40","FKBP5",-1,"C"
"BHLHE40","FLNB",-1,"C"
"BHLHE40","GDF15",-1,"C"
"BHLHE40","GFOD1",-1,"C"
"BHLHE40","GNA12",-1,"C"
"BHLHE40","HES1",-1,"C"
"BHLHE40","ID2",-1,"C"
"BHLHE40","IRF2BP2",-1,"C"
"BHLHE40","JMJD1C",-1,"C"
"BHLHE40","LDLR",-1,"C"
"BHLHE40","MAP2K3",-1,"C"
"BHLHE40","MICAL3",-1,"C"
"BHLHE40","MIDEAS",-1,"C"
"BHLHE40","NEMP1",-1,"C"
"BHLHE40","NR1D1",-1,"C"
"BHLHE40","PARVB",-1,"C"
"BHLHE40","PFKFB3",-1,"C"
"BHLHE40","PIM1",-1,"C"
"BHLHE40","PLEC",-1,"C"
"BHLHE40","RALGDS",-1,"C"
"BHLHE40","RARA",-1,"C"
"BHLHE40","RASSF5",-1,"C"
"BHLHE40","RGS9",-1,"C"
"BHLHE40","SEMA4B",-1,"C"
"BHLHE40","SH3BP2",-1,"C"
"BHLHE40","SLC16A3",-1,"C"
"BHLHE40","SLC37A1",-1,"C"
"BHLHE40","SLC7A5",-1,"C"
"BHLHE40","SMAD7",-1,"C"
"BHLHE40","SNAP47",-1,"C"
"BHLHE40","SRC",-1,"C"
"BHLHE40","SRCIN1",-1,"C"
"BHLHE40","SUB1",-1,"C"
"BHLHE40","SYNJ2",-1,"C"
"BHLHE40","TLE3",-1,"C"
"BHLHE40","TNFSF9",-1,"C"
"BHLHE40","TRAPPC9",-1,"C"
"BHLHE40","UBE2D3",-1,"C"
"BHLHE40","VGLL4",-1,"C"
"BHLHE40","XXYLT1",-1,"C"
"BHLHE40","ZFP36L1",-1,"C"
"CDX2","ABCB1",1,"A"
"CDX2","AXIN2",1,"A"
"CDX2","CDH17",1,"A"
"CDX2","CFTR",1,"A"
"CDX2","DSC2",1,"A"
"CDX2","GUCY2C",1,"A"
"CDX2","KLF4",1,"A"
"CDX2","LCT",1,"A"
"CDX2","MEP1A",1,"A"
"CDX2","MUC2",1,"A"
"CDX2","REG4",1,"A"
"CDX2","SI",1,"A"
"CDX2","SLC15A1",1,"A"
"CDX2","SLC9A2",1,"A"
"CDX2","SLC9A3",1,"A"
"CDX2","UGT1A10",1,"A"
"CDX2","UGT1A8",1,"A"
"CEBPA","ABCB1",1,"A"
"CEBPA","ABCC1",1,"A"
"CEBPA","ACACA",1,"A"
"CEBPA","ACACB",1,"A"
"CEBPA","ACE",1,"A"
"CEBPA","ADH1B",1,"A"
"CEBPA","AEBP1",1,"A"
"CEBPA","AFP",1,"A"
"CEBPA","AGT",1,"A"
"CEBPA","AGXT",1,"A"
"CEBPA","ALB",1,"A"
"CEBPA","ALOX5AP",1,"A"
"CEBPA","APBB1IP",1,"A"
"CEBPA","APOA1",1,"A"
"CEBPA","APOB",1,"A"
"CEBPA","APOC3",1,"A"
"CEBPA","BCL2",1,"A"
"CEBPA","C8orf76",1,"A"
"CEBPA","CCNB1",1,"A"
"CEBPA","CCND1",1,"A"
"CEBPA","CCNE1",1,"A"
"CEBPA","CDH13",1,"A"
"CEBPA","CDK2",1,"A"
"CEBPA","CDKN1A",1,"A"
"CEBPA","CES1",1,"A"
"CEBPA","CETP",1,"A"
"CEBPA","CFTR",1,"A"
"CEBPA","COMT",1,"A"
"CEBPA","CPS1",1,"A"
"CEBPA","CREB1",1,"A"
"CEBPA","CRMP1",1,"A"
"CEBPA","CSF1",1,"A"
"CEBPA","CSF3R",1,"A"
"CEBPA","CSN2",1,"A"
"CEBPA","CSRP1",1,"A"
"CEBPA","CXCL8",1,"A"
"CEBPA","CXCR2",1,"A"
"CEBPA","CYP3A4",1,"A"
"CEBPA","CYP3A7",1,"A"
"CEBPA","DEFA3",1,"A"
"CEBPA","E2F2",1,"A"
"CEBPA","E2F3",1,"A"
"CEBPA","EDN1",1,"A"
"CEBPA","EHHADH",1,"A"
"CEBPA","ELANE",1,"A"
"CEBPA","ELN",1,"A"
"CEBPA","ENPP3",1,"A"
"CEBPA","EPO",1,"A"
"CEBPA","EPX",1,"A"
"CEBPA","F3",1,"A"
"CEBPA","F9",1,"A"
"CEBPA","FAS",1,"A"
"CEBPA","FASN",1,"A"
"CEBPA","FGA",1,"A"
"CEBPA","FGL2",1,"A"
"CEBPA","FN1",1,"A"
"CEBPA","FOXA2",1,"A"
"CEBPA","GADD45A",1,"A"
"CEBPA","GAPDH",1,"A"
"CEBPA","GDNF",1,"A"
"CEBPA","GLS2",1,"A"
"CEBPA","GPX4",1,"A"
"CEBPA","GSK3A",1,"A"
"CEBPA","GSK3B",1,"A"
"CEBPA","GUCY2C",1,"A"
"CEBPA","HAMP",1,"A"
"CEBPA","HMGB1",1,"A"
"CEBPA","HNF4A",1,"A"
"CEBPA","HOMER3",1,"A"
"CEBPA","HP",1,"A"
"CEBPA","HPX",1,"A"
"CEBPA","HSD17B11",1,"A"
"CEBPA","HSPA4",1,"A"
"CEBPA","ICAM1",1,"A"
"CEBPA","ID1",1,"A"
"CEBPA","IGF1",1,"A"
"CEBPA","IGF2",1,"A"
"CEBPA","IGFBP1",1,"A"
"CEBPA","IL10",1,"A"
"CEBPA","IL12B",1,"A"
"CEBPA","IL1A",1,"A"
"CEBPA","IL3",1,"A"
"CEBPA","IL4",1,"A"
"CEBPA","IL5",1,"A"
"CEBPA","IL6",1,"A"
"CEBPA","INSR",1,"A"
"CEBPA","IRS1",1,"A"
"CEBPA","ITGA2",1,"A"
"CEBPA","ITGAL",1,"A"
"CEBPA","ITGAX",1,"A"
"CEBPA","ITGB2",1,"A"
"CEBPA","KAT7",1,"A"
"CEBPA","KCNH8",1,"A"
"CEBPA","KCNMA1",1,"A"
"CEBPA","LBP",1,"A"
"CEBPA","LDLR",1,"A"
"CEBPA","LEP",1,"A"
"CEBPA","LIPC",1,"A"
"CEBPA","LTF",1,"A"
"CEBPA","MAD1L1",1,"A"
"CEBPA","MAT2A",1,"A"
"CEBPA","MME",1,"A"
"CEBPA","MMP11",1,"A"
"CEBPA","MSR1",1,"A"
"CEBPA","MYBL1",1,"A"
"CEBPA","MYC",-1,"A"
"CEBPA","NFYA",1,"A"
"CEBPA","NFYC",1,"A"
"CEBPA","NR5A1",1,"A"
"CEBPA","PCK1",1,"A"
"CEBPA","PCK2",1,"A"
"CEBPA","PCNA",1,"A"
"CEBPA","PER2",1,"A"
"CEBPA","PPARG",1,"A"
"CEBPA","PTGS2",1,"A"
"CEBPA","RB1",1,"A"
"CEBPA","RNASE2",1,"A"
"CEBPA","S100A9",1,"A"
"CEBPA","SAA1",1,"A"
"CEBPA","SCD",1,"A"
"CEBPA","SERPINC1",1,"A"
"CEBPA","SFTPD",1,"A"
"CEBPA","SLC10A1",1,"A"
"CEBPA","SLC9A1",1,"A"
"CEBPA","SMYD2",1,"A"
"CEBPA","SOCS3",1,"A"
"CEBPA","SOD1",1,"A"
"CEBPA","SP1",1,"A"
"CEBPA","SPI1",1,"A"
"CEBPA","SPIDR",1,"A"
"CEBPA","SPP1",1,"A"
"CEBPA","SREBF1",1,"A"
"CEBPA","SREBF2",1,"A"
"CEBPA","STAR",1,"A"
"CEBPA","STAT3",1,"A"
"CEBPA","TF",1,"A"
"CEBPA","THOC1",1,"A"
"CEBPA","TIMP2",1,"A"
"CEBPA","TK1",1,"A"
"CEBPA","TNFAIP3",1,"A"
"CEBPA","TNFRSF1A",1,"A"
"CEBPA","TOP2A",1,"A"
"CEBPA","TSC22D3",1,"A"
"CEBPA","UBE2L3",1,"A"
"CEBPA","UHRF1",1,"A"
"CEBPA","VLDLR",1,"A"
"CEBPA","XDH",1,"A"
"CEBPB","ABCB1",1,"A"
"CEBPB","ADM",1,"A"
"CEBPB","ALB",1,"A"
"CEBPB","ASNS",1,"A"
"CEBPB","BCL2L1",1,"A"
"CEBPB","CDKN1A",1,"A"
"CEBPB","CRP",1,"A"
"CEBPB","CSF3R",1,"A"
"CEBPB","CSH2",1,"A"
"CEBPB","CSRP1",1,"A"
"CEBPB","CXCL8",1,"A"
"CEBPB","CYP19A1",-1,"A"
"CEBPB","F8",1,"A"
"CEBPB","FASLG",1,"A"
"CEBPB","FOS",1,"A"
"CEBPB","FURIN",1,"A"
"CEBPB","GADD45G",1,"A"
"CEBPB","GFER",-1,"A"
"CEBPB","HP",1,"A"
"CEBPB","IGF2",1,"A"
"CEBPB","IL10",1,"A"
"CEBPB","IL12B",1,"A"
"CEBPB","IL1B",1,"A"
"CEBPB","IL24",1,"A"
"CEBPB","IL3",1,"A"
"CEBPB","IL4",1,"A"
"CEBPB","IL5",1,"A"
"CEBPB","IL6",1,"A"
"CEBPB","INSR",1,"A"
"CEBPB","PRL",1,"A"
"CEBPB","PTGS2",1,"A"
"CEBPB","S100A9",1,"A"
"CEBPB","SAA1",1,"A"
"CEBPB","SAA2",1,"A"
"CEBPB","SFTPD",1,"A"
"CEBPB","SLC10A1",1,"A"
"CEBPB","SLC19A1",1,"A"
"CEBPB","STAR",1,"A"
"CEBPB","TNF",1,"A"
"CEBPB","TNFAIP6",1,"A"
"CEBPB","TOP1",1,"A"
"CEBPB","XBP1",1,"A"
"CEBPD","ALOX5AP",1,"B"
"CEBPD","C3",1,"B"
"CEBPD","CFTR",1,"B"
"CEBPD","CYP19A1",-1,"B"
"CEBPD","GADD45G",1,"B"
"CEBPD","GAPDH",1,"B"
"CEBPD","POU5F1",1,"B"
"CEBPD","PTGS2",1,"B"
"CEBPD","TNF",1,"B"
"CEBPD","CCND1",1,"B"
"CEBPD","GRAMD1A",1,"B"
"CEBPD","IL6",1,"B"
"CEBPD","NFIL3",1,"B"
"CEBPD","TF",1,"B"
"CEBPG","SFTPD",1,"C"
"CEBPG","AIG1",1,"C"
"CEBPG","ARHGAP25",1,"C"
"CEBPG","ATP2A2",1,"C"
"CEBPG","BRD4",1,"C"
"CEBPG","CECR2",1,"C"
"CEBPG","CHN2",1,"C"
"CEBPG","CLIP1",1,"C"
"CEBPG","CPQ",1,"C"
"CEBPG","CREB5",1,"C"
"CEBPG","CRYZL1",1,"C"
"CEBPG","CYP19A1",1,"C"
"CEBPG","DPYSL2",1,"C"
"CEBPG","DST",1,"C"
"CEBPG","EDEM1",1,"C"
"CEBPG","EPAS1",1,"C"
"CEBPG","EPS15",1,"C"
"CEBPG","FGGY",1,"C"
"CEBPG","FRYL",1,"C"
"CEBPG","FYN",1,"C"
"CEBPG","GRHL2",1,"C"
"CEBPG","HDAC9",1,"C"
"CEBPG","HK1",1,"C"
"CEBPG","LIPC",1,"C"
"CEBPG","MAP4",1,"C"
"CEBPG","MICAL2",1,"C"
"CEBPG","MIDEAS",1,"C"
"CEBPG","MTHFD1L",1,"C"
"CEBPG","NFIB",1,"C"
"CEBPG","NFIL3",1,"C"
"CEBPG","PHF3",1,"C"
"CEBPG","PIK3R1",1,"C"
"CEBPG","PTP4A2",1,"C"
"CEBPG","ROCK2",1,"C"
"CEBPG","RP1",1,"C"
"CEBPG","RTN4",1,"C"
"CEBPG","SLC38A1",1,"C"
"CEBPG","SLC9A1",1,"C"
"CEBPG","SOX6",1,"C"
"CEBPG","TBC1D31",1,"C"
"CEBPG","TCF4",1,"C"
"CEBPG","TRIB1",1,"C"
"CEBPG","TRIB3",1,"C"
"CEBPG","VAV3",1,"C"
"CEBPG","WDR64",1,"C"
"CLOCK","BHLHE40",1,"C"
"CLOCK","BHLHE41",1,"C"
"CLOCK","CRY1",1,"C"
"CLOCK","CRY2",1,"C"
"CLOCK","NR1D2",1,"C"
"CLOCK","PER1",1,"C"
"CLOCK","PER2",1,"C"
"CLOCK","PER3",1,"C"
"CLOCK","ACOXL",1,"C"
"CLOCK","ATP9B",1,"C"
"CLOCK","CDH22",1,"C"
"CLOCK","CDH23",1,"C"
"CLOCK","CELSR1",1,"C"
"CLOCK","CFAP251",1,"C"
"CLOCK","CHCHD6",1,"C"
"CLOCK","CMIP",1,"C"
"CLOCK","COL6A1",1,"C"
"CLOCK","CORO2B",1,"C"
"CLOCK","CREB5",1,"C"
"CLOCK","DENND3",1,"C"
"CLOCK","DLGAP1",1,"C"
"CLOCK","DNAAF5",1,"C"
"CLOCK","FAM91A1",1,"C"
"CLOCK","GAS7",1,"C"
"CLOCK","GET4",1,"C"
"CLOCK","GLI3",1,"C"
"CLOCK","INPP5A",1,"C"
"CLOCK","IQSEC1",1,"C"
"CLOCK","ITGB2",1,"C"
"CLOCK","JCAD",1,"C"
"CLOCK","LARP1",1,"C"
"CLOCK","MAGI1",1,"C"
"CLOCK","MICAL2",1,"C"
"CLOCK","PCYT1A",1,"C"
"CLOCK","PKD1L1",1,"C"
"CLOCK","PPFIA1",1,"C"
"CLOCK","PREX1",1,"C"
"CLOCK","PRKAG2",1,"C"
"CLOCK","PTK2",1,"C"
"CLOCK","RBFOX1",1,"C"
"CLOCK","RGS12",1,"C"
"CLOCK","RGS6",1,"C"
"CLOCK","SEC14L1",1,"C"
"CLOCK","SIPA1L1",1,"C"
"CLOCK","SMOC2",1,"C"
"CLOCK","SPTBN4",1,"C"
"CLOCK","TIAM1",1,"C"
"CLOCK","TNS1",1,"C"
"CLOCK","TNS3",1,"C"
"CLOCK","TRAPPC9",1,"C"
"CLOCK","ZDHHC14",1,"C"
"CLOCK","ZNF331",1,"C"
"CREB1","ADRA1A",1,"A"
"CREB1","AQP2",1,"A"
"CREB1","AQP3",1,"A"
"CREB1","BCL2",1,"A"
"CREB1","BDKRB1",1,"A"
"CREB1","BDNF",1,"A"
"CREB1","CCL5",1,"A"
"CREB1","CCND1",1,"A"
"CREB1","CD4",1,"A"
"CREB1","CDK11A",1,"A"
"CREB1","CGA",1,"A"
"CREB1","CIITA",1,"A"
"CREB1","CPT1A",1,"A"
"CREB1","CXCR4",1,"A"
"CREB1","CYP11A1",1,"A"
"CREB1","CYP11B1",1,"A"
"CREB1","CYP11B2",1,"A"
"CREB1","CYP17A1",1,"A"
"CREB1","CYP19A1",1,"A"
"CREB1","DBH",1,"A"
"CREB1","DIO2",1,"A"
"CREB1","EGR1",1,"A"
"CREB1","ERBB2",1,"A"
"CREB1","ETV3",1,"A"
"CREB1","FLT1",1,"A"
"CREB1","FN1",1,"A"
"CREB1","FOS",1,"A"
"CREB1","G6PC",1,"A"
"CREB1","HLA-DOB",1,"A"
"CREB1","HLA-DQB1",1,"A"
"CREB1","HLA-DRA",1,"A"
"CREB1","HMOX1",-1,"A"
"CREB1","HPGD",1,"A"
"CREB1","IFNG",1,"A"
"CREB1","IL10",1,"A"
"CREB1","IL2",1,"A"
"CREB1","IL5RA",1,"A"
"CREB1","IL6",1,"A"
"CREB1","INS",1,"A"
"CREB1","JUN",-1,"A"
"CREB1","MITF",1,"A"
"CREB1","MSMB",1,"A"
"CREB1","MUC4",1,"A"
"CREB1","MUC5AC",1,"A"
"CREB1","NF1",1,"A"
"CREB1","NOLC1",1,"A"
"CREB1","NPY",1,"A"
"CREB1","NR4A2",1,"A"
"CREB1","NR4A3",1,"A"
"CREB1","NTS",1,"A"
"CREB1","ODC1",1,"A"
"CREB1","PCK1",1,"A"
"CREB1","PCK2",1,"A"
"CREB1","PCSK1",1,"A"
"CREB1","PDYN",1,"A"
"CREB1","PLAT",-1,"A"
"CREB1","POLD2",1,"A"
"CREB1","PPP2CA",1,"A"
"CREB1","PSEN1",1,"A"
"CREB1","PTGS2",1,"A"
"CREB1","RARB",1,"A"
"CREB1","REN",1,"A"
"CREB1","RRM2B",1,"A"
"CREB1","SLC19A1",1,"A"
"CREB1","SLC20A1",1,"A"
"CREB1","SPRY2",1,"A"
"CREB1","STAR",1,"A"
"CREB1","TG",1,"A"
"CREB1","TH",1,"A"
"CREB1","TRH",1,"A"
"CREB1","UCP1",1,"A"
"CREB1","UGT8",1,"A"
"CREB1","UXT",1,"A"
"CREB1","VEGFA",1,"A"
"CREB1","VIP",1,"A"
"CREB3","HM13",1,"C"
"CREB3","PRPF31",1,"C"
"CREB3","ANO10",1,"C"
"CREB3","BHLHE40",1,"C"
"CREB3","CAP1",1,"C"
"CREB3","CHCHD6",1,"C"
"CREB3","DNAJB12",1,"C"
"CREB3","DTNBP1",1,"C"
"CREB3","ESYT2",1,"C"
"CREB3","FAAP20",1,"C"
"CREB3","GALNT2",1,"C"
"CREB3","LAMTOR5",1,"C"
"CREB3","MAD2L1BP",1,"C"
"CREB3","MTHFR",1,"C"
"CREB3","NEBL",1,"C"
"CREB3","PCBP1",1,"C"
"CREB3","PCNA",1,"C"
"CREB3","PTTG1IP",1,"C"
"CREB3","RUNX1",1,"C"
"CREB3","SRGN",1,"C"
"CREB3","ST3GAL2",1,"C"
"CREB3","STAT3",1,"C"
"CREB3","STON2",1,"C"
"CREB3","SUB1",1,"C"
"CREB3","UTP11",1,"C"
"CREB3L1","SLC1A4",-1,"C"
"CREB3L1","VEGFA",1,"C"
"CREB3L1","ARHGEF1",1,"C"
"CREB3L1","ARID1A",1,"C"
"CREB3L1","ASPH",1,"C"
"CREB3L1","BCAR1",1,"C"
"CREB3L1","CERCAM",1,"C"
"CREB3L1","FNDC3B",1,"C"
"CREB3L1","HMGB1",1,"C"
"CREB3L1","KCNK1",1,"C"
"CREB3L1","MAD2L1BP",1,"C"
"CREB3L1","MTDH",1,"C"
"CREB3L1","NRSN2",1,"C"
"CREB3L1","PARVB",1,"C"
"CREB3L1","PLEC",1,"C"
"CREB3L1","RUNX1",1,"C"
"CREB3L1","SERPINH1",1,"C"
"CREB3L1","STAR",1,"C"
"CREB3L1","STARD10",1,"C"
"CREB3L1","TXNDC5",1,"C"
"CREB3L1","UBC",1,"C"
"CREM","CCNA2",-1,"C"
"CREM","CD247",-1,"C"
"CREM","DUSP1",-1,"C"
"CREM","FOS",-1,"C"
"CREM","IL2",-1,"C"
"CREM","CD86",1,"C"
"CREM","GPCPD1",1,"C"
"CREM","PDE4A",1,"C"
"CREM","ARID1A",1,"C"
"CREM","ARID5B",1,"C"
"CREM","ATF3",1,"C"
"CREM","CMIP",1,"C"
"CREM","CREB3L2",1,"C"
"CREM","CREB5",1,"C"
"CREM","ERN1",1,"C"
"CREM","ESYT2",1,"C"
"CREM","FOXP1",1,"C"
"CREM","FSCN1",1,"C"
"CREM","GADD45A",1,"C"
"CREM","GATA2",1,"C"
"CREM","HDAC4",1,"C"
"CREM","HIVEP2",1,"C"
"CREM","KDM4C",1,"C"
"CREM","LIMS1",1,"C"
"CREM","LITAF",1,"C"
"CREM","LPCAT1",1,"C"
"CREM","MSI2",1,"C"
"CREM","NAV2",1,"C"
"CREM","NFATC1",1,"C"
"CREM","NR4A2",1,"C"
"CREM","PDE4B",1,"C"
"CREM","PLCL2",1,"C"
"CREM","PRKCE",1,"C"
"CREM","PRKCZ",1,"C"
"CREM","PTMA",1,"C"
"CREM","PTP4A2",1,"C"
"CREM","PTPRS",1,"C"
"CREM","PTPRU",1,"C"
"CREM","RARA",1,"C"
"CREM","RREB1",1,"C"
"CREM","SH2B3",1,"C"
"CREM","SH3BP5",1,"C"
"CREM","SLC25A25",1,"C"
"CREM","SND1",1,"C"
"CREM","ST7",1,"C"
"CREM","SUB1",1,"C"
"CREM","TGIF1",1,"C"
"CREM","THADA",1,"C"
"CREM","TRIM69",1,"C"
"CREM","UBE2H",1,"C"
"CREM","USP9X",1,"C"
"CREM","ZDHHC14",1,"C"
"CTCF","ABCA2",1,"A"
"CTCF","ACKR3",1,"A"
"CTCF","ACTR3",-1,"A"
"CTCF","ACVR1C",1,"A"
"CTCF","AHCYL1",1,"A"
"CTCF","AKT1",-1,"A"
"CTCF","ALDH1A3",-1,"A"
"CTCF","ANG",1,"A"
"CTCF","ANKRD46",1,"A"
"CTCF","APP",1,"A"
"CTCF","ARL2",-1,"A"
"CTCF","ASAP2",1,"A"
"CTCF","ATN1",1,"A"
"CTCF","ATXN7",1,"A"
"CTCF","B4GALNT1",1,"A"
"CTCF","BATF2",1,"A"
"CTCF","BBC3",1,"A"
"CTCF","BCL2L14",-1,"A"
"CTCF","BCL6",-1,"A"
"CTCF","BICD2",1,"A"
"CTCF","C1R",1,"A"
"CTCF","CCL16",1,"A"
"CTCF","CCND1",1,"A"
"CTCF","CD80",1,"A"
"CTCF","CDKN2A",1,"A"
"CTCF","CELSR3",1,"A"
"CTCF","CEP135",1,"A"
"CTCF","CFTR",1,"A"
"CTCF","CHRNA6",1,"A"
"CTCF","CIDEB",1,"A"
"CTCF","CNIH1",1,"A"
"CTCF","COL27A1",1,"A"
"CTCF","COMMD2",-1,"A"
"CTCF","CSF2",1,"A"
"CTCF","CT45A5",1,"A"
"CTCF","DEFB123",1,"A"
"CTCF","DIP2B",1,"A"
"CTCF","DMKN",1,"A"
"CTCF","DMPK",1,"A"
"CTCF","ELP5",1,"A"
"CTCF","EPHB1",1,"A"
"CTCF","EPX",1,"A"
"CTCF","ESRP2",-1,"A"
"CTCF","ETNK2",1,"A"
"CTCF","FBXO7",1,"A"
"CTCF","GALNT6",1,"A"
"CTCF","GALT",1,"A"
"CTCF","GAS7",1,"A"
"CTCF","GPR156",-1,"A"
"CTCF","GRIN3A",1,"A"
"CTCF","H19",1,"A"
"CTCF","HAUS7",-1,"A"
"CTCF","HEBP2",1,"A"
"CTCF","HMCN1",1,"A"
"CTCF","HS1BP3",1,"A"
"CTCF","HSPA5",1,"A"
"CTCF","IGF2",1,"A"
"CTCF","IL19",1,"A"
"CTCF","IPO13",1,"A"
"CTCF","IRAK2",1,"A"
"CTCF","KSR1",1,"A"
"CTCF","LPIN3",1,"A"
"CTCF","LRRC59",1,"A"
"CTCF","MB",1,"A"
"CTCF","MCM10",1,"A"
"CTCF","MEG3",1,"A"
"CTCF","MMP10",-1,"A"
"CTCF","MRPL17",1,"A"
"CTCF","MYC",-1,"A"
"CTCF","MYD88",1,"A"
"CTCF","NBN",1,"A"
"CTCF","NCBP3",1,"A"
"CTCF","NES",1,"A"
"CTCF","NF1",1,"A"
"CTCF","NFE2L2",1,"A"
"CTCF","NPC1",-1,"A"
"CTCF","NT5C3A",-1,"A"
"CTCF","PAGE4",-1,"A"
"CTCF","PBXIP1",1,"A"
"CTCF","PLXNB3",1,"A"
"CTCF","PMPCB",1,"A"
"CTCF","POMT2",1,"A"
"CTCF","POU1F1",1,"A"
"CTCF","PPARD",1,"A"
"CTCF","PPRC1",1,"A"
"CTCF","PRNT",-1,"A"
"CTCF","PRSS35",1,"A"
"CTCF","PTPA",1,"A"
"CTCF","PTPRG",1,"A"
"CTCF","RAD21",1,"A"
"CTCF","RARRES1",1,"A"
"CTCF","RBL2",1,"A"
"CTCF","RBM39",-1,"A"
"CTCF","RBMS3",-1,"A"
"CTCF","RPL39L",1,"A"
"CTCF","RPP30",1,"A"
"CTCF","S100Z",-1,"A"
"CTCF","SIX5",1,"A"
"CTCF","SLC6A4",1,"A"
"CTCF","SMIM7",1,"A"
"CTCF","STAB2",-1,"A"
"CTCF","TBC1D14",1,"A"
"CTCF","TERT",-1,"A"
"CTCF","TMBIM6",1,"A"
"CTCF","TNFRSF18",-1,"A"
"CTCF","TRAPPC6A",1,"A"
"CTCF","TRO",-1,"A"
"CTCF","TSFM",1,"A"
"CTCF","TSPAN16",1,"A"
"CTCF","TYSND1",1,"A"
"CTCF","WT1",1,"A"
"CTCF","ZNF20",1,"A"
"CTCF","ZNF462",-1,"A"
"CTCF","ZNF613",1,"A"
"CTCF","ZNF763",-1,"A"
"CTCF","ZNF804B",1,"A"
"CTCF","ZNHIT2",-1,"A"
"CTCFL","ACTB",1,"C"
"CTCFL","ADGRB2",1,"C"
"CTCFL","ADSS1",1,"C"
"CTCFL","ANKS6",1,"C"
"CTCFL","ATG16L2",1,"C"
"CTCFL","CABIN1",1,"C"
"CTCFL","CACNA1H",1,"C"
"CTCFL","CBX4",1,"C"
"CTCFL","CBX8",1,"C"
"CTCFL","CDH24",1,"C"
"CTCFL","CHD5",1,"C"
"CTCFL","COL13A1",1,"C"
"CTCFL","COL27A1",1,"C"
"CTCFL","CRIP2",1,"C"
"CTCFL","CSK",1,"C"
"CTCFL","CTBP1",1,"C"
"CTCFL","DGKZ",1,"C"
"CTCFL","DIAPH1",1,"C"
"CTCFL","EXD3",1,"C"
"CTCFL","FIBCD1",1,"C"
"CTCFL","FLT3LG",1,"C"
"CTCFL","GAD1",1,"C"
"CTCFL","GBX1",1,"C"
"CTCFL","GNAI2",1,"C"
"CTCFL","IGDCC4",1,"C"
"CTCFL","INKA2",1,"C"
"CTCFL","JAG2",1,"C"
"CTCFL","KCNIP3",1,"C"
"CTCFL","KCNT1",1,"C"
"CTCFL","KIAA1522",1,"C"
"CTCFL","LZTS2",1,"C"
"CTCFL","MAPK8IP3",1,"C"
"CTCFL","MAST1",1,"C"
"CTCFL","MIB1",1,"C"
"CTCFL","NDUFA4L2",1,"C"
"CTCFL","NELFA",1,"C"
"CTCFL","NFE2L2",1,"C"
"CTCFL","NRARP",1,"C"
"CTCFL","NRXN2",1,"C"
"CTCFL","PIEZO1",1,"C"
"CTCFL","PIM1",1,"C"
"CTCFL","PLEKHG5",1,"C"
"CTCFL","PPM1F",1,"C"
"CTCFL","PURA",1,"C"
"CTCFL","PXN",1,"C"
"CTCFL","RADIL",1,"C"
"CTCFL","ROR2",1,"C"
"CTCFL","SPEG",1,"C"
"CTCFL","SVIL",1,"C"
"CTCFL","TBC1D14",1,"C"
"CTCFL","ZBTB7A",1,"C"
"CTCFL","ZMIZ1",1,"C"
"CTCFL","ZNF398",1,"C"
"CTCFL","ZNF423",1,"C"
"CUX1","ECT2",-1,"C"
"CUX1","RACGAP1",-1,"C"
"CUX1","EEF2",1,"C"
"CUX1","FTO",1,"C"
"CUX1","AHCY",1,"C"
"CUX1","AHI1",1,"C"
"CUX1","ALOXE3",1,"C"
"CUX1","APOB",1,"C"
"CUX1","ARID5B",1,"C"
"CUX1","AXIN2",1,"C"
"CUX1","CLEC16A",1,"C"
"CUX1","CR2",1,"C"
"CUX1","DAAM1",1,"C"
"CUX1","DEPDC1B",1,"C"
"CUX1","ETV4",1,"C"
"CUX1","GMDS",1,"C"
"CUX1","HSPD1",1,"C"
"CUX1","ITGB4",1,"C"
"CUX1","ITGB5",1,"C"
"CUX1","JADE1",1,"C"
"CUX1","KIAA1217",1,"C"
"CUX1","KIFC3",1,"C"
"CUX1","MACF1",1,"C"
"CUX1","MED15",1,"C"
"CUX1","MYADM",1,"C"
"CUX1","NFIC",1,"C"
"CUX1","PIM1",1,"C"
"CUX1","PREX1",1,"C"
"CUX1","PUF60",1,"C"
"CUX1","RBCK1",1,"C"
"CUX1","SEPTIN9",1,"C"
"CUX1","SLC16A3",1,"C"
"CUX1","SLC30A10",1,"C"
"CUX1","SPTBN1",1,"C"
"CUX1","SQSTM1",1,"C"
"CUX1","SRCIN1",1,"C"
"CUX1","TBC1D1",1,"C"
"CUX1","TBC1D5",1,"C"
"CUX1","TEX2",1,"C"
"CUX1","UBAC1",1,"C"
"CUX1","ZFAND3",1,"C"
"DUX4","ADAMTS9",1,"C"
"DUX4","ANO4",1,"C"
"DUX4","ATF7IP",1,"C"
"DUX4","AUTS2",1,"C"
"DUX4","CCDC171",1,"C"
"DUX4","CD200R1",1,"C"
"DUX4","CEP290",1,"C"
"DUX4","CPEB3",1,"C"
"DUX4","CXCL13",1,"C"
"DUX4","DMD",1,"C"
"DUX4","EML5",1,"C"
"DUX4","ESRRG",1,"C"
"DUX4","EXOC4",1,"C"
"DUX4","FBXL5",1,"C"
"DUX4","FILIP1L",1,"C"
"DUX4","GTF2F1",1,"C"
"DUX4","IFT81",1,"C"
"DUX4","NNT",1,"C"
"DUX4","NRDE2",1,"C"
"DUX4","NUP54",1,"C"
"DUX4","PALMD",1,"C"
"DUX4","PMS1",1,"C"
"DUX4","PRKCH",1,"C"
"DUX4","PSEN1",1,"C"
"DUX4","RAI14",1,"C"
"DUX4","RBBP6",1,"C"
"DUX4","RHOBTB3",1,"C"
"DUX4","SLC14A2",1,"C"
"DUX4","SLC2A2",1,"C"
"DUX4","STIM2",1,"C"
"DUX4","SYBU",1,"C"
"DUX4","TAPT1",1,"C"
"DUX4","TMEM131L",1,"C"
"DUX4","TMTC1",1,"C"
"DUX4","USP3",1,"C"
"DUX4","XIRP2",1,"C"
"DUX4","ZEB2",1,"C"
"E2F1","AARS1",1,"A"
"E2F1","ABCA1",1,"A"
"E2F1","ACSL1",1,"A"
"E2F1","ACTR2",1,"A"
"E2F1","ADH6",1,"A"
"E2F1","AK3",1,"A"
"E2F1","ALOX5AP",1,"A"
"E2F1","AMPD3",1,"A"
"E2F1","ANKRD16",1,"A"
"E2F1","APAF1",1,"A"
"E2F1","AR",-1,"A"
"E2F1","ARHGEF17",1,"A"
"E2F1","ARL10",1,"A"
"E2F1","ARMC8",1,"A"
"E2F1","ASCC2",1,"A"
"E2F1","ASF1B",1,"A"
"E2F1","ATAD2",1,"A"
"E2F1","ATG10",1,"A"
"E2F1","ATM",1,"A"
"E2F1","AURKA",1,"A"
"E2F1","AXIN2",1,"A"
"E2F1","B4GALT1",1,"A"
"E2F1","BBC3",1,"A"
"E2F1","BCL2",1,"A"
"E2F1","BDH1",1,"A"
"E2F1","BHLHE40",1,"A"
"E2F1","BIN1",1,"A"
"E2F1","BIRC5",1,"A"
"E2F1","BLVRA",1,"A"
"E2F1","BMI1",1,"A"
"E2F1","BMP4",1,"A"
"E2F1","BNIP3",1,"A"
"E2F1","BRCA1",1,"A"
"E2F1","BRD2",1,"A"
"E2F1","CASP7",1,"A"
"E2F1","CASR",1,"A"
"E2F1","CBS",1,"A"
"E2F1","CBX5",1,"A"
"E2F1","CCDC7",1,"A"
"E2F1","CCNA2",1,"A"
"E2F1","CCND1",1,"A"
"E2F1","CCND3",1,"A"
"E2F1","CCNE1",1,"A"
"E2F1","CCNE2",1,"A"
"E2F1","CD2AP",1,"A"
"E2F1","CD72",1,"A"
"E2F1","CDAN1",1,"A"
"E2F1","CDC25A",1,"A"
"E2F1","CDC45",1,"A"
"E2F1","CDC6",1,"A"
"E2F1","CDCA4",1,"A"
"E2F1","CDCA7",1,"A"
"E2F1","CDH20",1,"A"
"E2F1","CDH5",1,"A"
"E2F1","CDK1",1,"A"
"E2F1","CDKN1A",1,"A"
"E2F1","CDKN1C",1,"A"
"E2F1","CDKN2A",1,"A"
"E2F1","CDKN2C",1,"A"
"E2F1","CDT1",1,"A"
"E2F1","CELF1",1,"A"
"E2F1","CHKA",1,"A"
"E2F1","CLASP2",1,"A"
"E2F1","CLDN23",1,"A"
"E2F1","CLDN5",1,"A"
"E2F1","CNIH4",1,"A"
"E2F1","COQ2",1,"A"
"E2F1","COX15",1,"A"
"E2F1","CSRNP3",1,"A"
"E2F1","CTNNBIP1",1,"A"
"E2F1","CTNND2",1,"A"
"E2F1","CTSV",1,"A"
"E2F1","CUL5",1,"A"
"E2F1","CUX1",1,"A"
"E2F1","DAPK2",1,"A"
"E2F1","DBF4",1,"A"
"E2F1","DCC",1,"A"
"E2F1","DCLRE1C",1,"A"
"E2F1","DDIT4",1,"A"
"E2F1","DGKI",1,"A"
"E2F1","DHFR",1,"A"
"E2F1","DIRAS2",1,"A"
"E2F1","DIRAS3",-1,"A"
"E2F1","DNMT1",1,"A"
"E2F1","DPF2",1,"A"
"E2F1","DRAM1",1,"A"
"E2F1","DTL",1,"A"
"E2F1","DUSP1",1,"A"
"E2F1","DUSP4",1,"A"
"E2F1","DYNC1I2",1,"A"
"E2F1","E2F3",1,"A"
"E2F1","E2F6",1,"A"
"E2F1","ECT2",1,"A"
"E2F1","EGF",1,"A"
"E2F1","EGFR",1,"A"
"E2F1","EIF3A",1,"A"
"E2F1","ENPEP",1,"A"
"E2F1","ERCC1",1,"A"
"E2F1","ERCC8",1,"A"
"E2F1","ETV4",1,"A"
"E2F1","EYA2",1,"A"
"E2F1","FAM184A",1,"A"
"E2F1","FANCA",1,"A"
"E2F1","FANCD2",1,"A"
"E2F1","FBXO43",1,"A"
"E2F1","FBXO5",1,"A"
"E2F1","FGFR1",1,"A"
"E2F1","FH",1,"A"
"E2F1","FHIT",-1,"A"
"E2F1","FLT1",1,"A"
"E2F1","FOXA2",1,"A"
"E2F1","FOXM1",1,"A"
"E2F1","GALC",1,"A"
"E2F1","GATA3",1,"A"
"E2F1","GINS3",1,"A"
"E2F1","GMNN",1,"A"
"E2F1","GNL3",1,"A"
"E2F1","GPR158",1,"A"
"E2F1","GRIK5",1,"A"
"E2F1","H19",1,"A"
"E2F1","H2AC17",1,"A"
"E2F1","H2BC11",1,"A"
"E2F1","H4C8",1,"A"
"E2F1","HAT1",1,"A"
"E2F1","HBA2",1,"A"
"E2F1","HELLS",1,"A"
"E2F1","HERPUD1",1,"A"
"E2F1","HFE",1,"A"
"E2F1","HIC1",1,"A"
"E2F1","HIVEP1",1,"A"
"E2F1","HMGA1",1,"A"
"E2F1","HOXB9",1,"A"
"E2F1","HSPA5",-1,"A"
"E2F1","HSPD1",1,"A"
"E2F1","IER3",1,"A"
"E2F1","IFT80",1,"A"
"E2F1","IL12RB1",1,"A"
"E2F1","IL1B",1,"A"
"E2F1","IQCK",1,"A"
"E2F1","IRF3",-1,"A"
"E2F1","IRF4",1,"A"
"E2F1","ISYNA1",1,"A"
"E2F1","ITGAL",1,"A"
"E2F1","JPH2",1,"A"
"E2F1","JUN",1,"A"
"E2F1","KCNG4",1,"A"
"E2F1","KCNJ16",1,"A"
"E2F1","KCNJ2",1,"A"
"E2F1","KCNK10",1,"A"
"E2F1","KDM4C",1,"A"
"E2F1","KDR",1,"A"
"E2F1","KIF23",1,"A"
"E2F1","KIF24",1,"A"
"E2F1","KIF2C",1,"A"
"E2F1","KIR3DL1",1,"A"
"E2F1","KLF10",1,"A"
"E2F1","KRT75",1,"A"
"E2F1","LINGO1",1,"A"
"E2F1","LMO1",1,"A"
"E2F1","LYPLAL1",1,"A"
"E2F1","MAP1LC3A",1,"A"
"E2F1","MAP1LC3B",1,"A"
"E2F1","MAP2K6",1,"A"
"E2F1","MAP3K14",1,"A"
"E2F1","MAP3K5",1,"A"
"E2F1","MAPK1",1,"A"
"E2F1","MAPK8",1,"A"
"E2F1","MCM10",1,"A"
"E2F1","MCM5",1,"A"
"E2F1","MCM6",1,"A"
"E2F1","MCM7",1,"A"
"E2F1","MCM8",1,"A"
"E2F1","MCM9",1,"A"
"E2F1","MCMDC2",1,"A"
"E2F1","MCPH1",1,"A"
"E2F1","MDM2",-1,"A"
"E2F1","MEFV",1,"A"
"E2F1","MEIS1",1,"A"
"E2F1","MEMO1",1,"A"
"E2F1","MIPEP",1,"A"
"E2F1","MIR202",1,"A"
"E2F1","MPPED2",1,"A"
"E2F1","MPST",1,"A"
"E2F1","MRAS",1,"A"
"E2F1","MT1G",1,"A"
"E2F1","MT1X",1,"A"
"E2F1","MUC4",1,"A"
"E2F1","MXI1",1,"A"
"E2F1","MYB",1,"A"
"E2F1","MYBL2",1,"A"
"E2F1","MYC",1,"A"
"E2F1","MYCN",1,"A"
"E2F1","MYH10",1,"A"
"E2F1","NCOA3",1,"A"
"E2F1","NDC1",1,"A"
"E2F1","NDUFAB1",1,"A"
"E2F1","NDUFAF6",1,"A"
"E2F1","NEK4",1,"A"
"E2F1","NELL2",1,"A"
"E2F1","NLRP5",1,"A"
"E2F1","NOL9",1,"A"
"E2F1","NPAT",1,"A"
"E2F1","NTNG2",1,"A"
"E2F1","OCA2",1,"A"
"E2F1","OSR1",1,"A"
"E2F1","PALD1",1,"A"
"E2F1","PAX2",1,"A"
"E2F1","PCBD2",1,"A"
"E2F1","PCNA",1,"A"
"E2F1","PCSK6",1,"A"
"E2F1","PDK4",1,"A"
"E2F1","PDPN",1,"A"
"E2F1","PDXK",1,"A"
"E2F1","PEG3",1,"A"
"E2F1","PHLDB1",1,"A"
"E2F1","PIGU",1,"A"
"E2F1","PIK3R5",1,"A"
"E2F1","PLAUR",1,"A"
"E2F1","PLEKHB1",1,"A"
"E2F1","PLEKHF2",1,"A"
"E2F1","PLK1",1,"A"
"E2F1","PLK4",1,"A"
"E2F1","PNRC2",-1,"A"
"E2F1","POLA1",1,"A"
"E2F1","POLA2",1,"A"
"E2F1","POLD1",1,"A"
"E2F1","POLE2",1,"A"
"E2F1","POLR3A",1,"A"
"E2F1","POU2AF1",1,"A"
"E2F1","PPARG",1,"A"
"E2F1","PPP1R13B",1,"A"
"E2F1","PPP2R2D",1,"A"
"E2F1","PRDM1",1,"A"
"E2F1","PRIM2",1,"A"
"E2F1","PRKDC",1,"A"
"E2F1","PTPRO",1,"A"
"E2F1","RAB40C",1,"A"
"E2F1","RACGAP1",1,"A"
"E2F1","RAD18",1,"A"
"E2F1","RAD51",1,"A"
"E2F1","RALGDS",1,"A"
"E2F1","RASGEF1B",1,"A"
"E2F1","RASGRP1",1,"A"
"E2F1","RASSF8",1,"A"
"E2F1","RB1",1,"A"
"E2F1","RBM38",1,"A"
"E2F1","RELA",1,"A"
"E2F1","RFC2",1,"A"
"E2F1","RNF128",1,"A"
"E2F1","RRM1",1,"A"
"E2F1","RRM2",1,"A"
"E2F1","RRP1B",1,"A"
"E2F1","RTN4",1,"A"
"E2F1","RXRG",1,"A"
"E2F1","SAFB",1,"A"
"E2F1","SCARF1",1,"A"
"E2F1","SCN8A",1,"A"
"E2F1","SEPHS1",1,"A"
"E2F1","SERPINE1",-1,"A"
"E2F1","SEZ6L2",1,"A"
"E2F1","SIAH1",1,"A"
"E2F1","SKP2",1,"A"
"E2F1","SLC14A2",1,"A"
"E2F1","SLC35F3",1,"A"
"E2F1","SLC35G1",1,"A"
"E2F1","SLC6A19",1,"A"
"E2F1","SLX4",1,"A"
"E2F1","SMARCA5",1,"A"
"E2F1","SNTB2",1,"A"
"E2F1","SOCS2",1,"A"
"E2F1","SP110",1,"A"
"E2F1","SP3",-1,"A"
"E2F1","SPOCK1",1,"A"
"E2F1","SSTR1",1,"A"
"E2F1","ST13",1,"A"
"E2F1","STAM",1,"A"
"E2F1","STX11",1,"A"
"E2F1","SUCLG1",1,"A"
"E2F1","SYNE2",1,"A"
"E2F1","TAF5L",1,"A"
"E2F1","TBC1D16",1,"A"
"E2F1","TERT",-1,"A"
"E2F1","TGFB2",1,"A"
"E2F1","THBS1",1,"A"
"E2F1","THOC5",1,"A"
"E2F1","TK1",1,"A"
"E2F1","TMBIM1",1,"A"
"E2F1","TMCO5A",1,"A"
"E2F1","TMEM132A",1,"A"
"E2F1","TMEM47",1,"A"
"E2F1","TNFSF11",1,"A"
"E2F1","TOP1",1,"A"
"E2F1","TOP2A",1,"A"
"E2F1","TOR1B",1,"A"
"E2F1","TP53",1,"A"
"E2F1","TP53BP2",1,"A"
"E2F1","TP73",1,"A"
"E2F1","TRERF1",1,"A"
"E2F1","TRIT1",1,"A"
"E2F1","TRPM2",1,"A"
"E2F1","TSNARE1",1,"A"
"E2F1","TXNDC15",1,"A"
"E2F1","TYMS",1,"A"
"E2F1","UBN1",1,"A"
"E2F1","UBP1",1,"A"
"E2F1","UHRF1",1,"A"
"E2F1","ULK1",1,"A"
"E2F1","UTRN",1,"A"
"E2F1","VCP",1,"A"
"E2F1","VEGFA",-1,"A"
"E2F1","VMP1",1,"A"
"E2F1","VPS35L",1,"A"
"E2F1","WDR25",1,"A"
"E2F1","WRAP73",1,"A"
"E2F1","WWOX",-1,"A"
"E2F1","XRCC1",1,"A"
"E2F1","YBX3",1,"A"
"E2F1","YME1L1",1,"A"
"E2F1","ZEB1",1,"A"
"E2F1","ZMYM2",1,"A"
"E2F1","ZNF292",1,"A"
"E2F1","ZNF350",-1,"A"
"E2F1","ZNF616",1,"A"
"E2F1","ZNF654",1,"A"
"E2F2","ASF1B",1,"A"
"E2F2","CDC6",1,"A"
"E2F2","CDCA4",1,"A"
"E2F2","CDCA7",1,"A"
"E2F2","CDT1",1,"A"
"E2F2","E2F1",1,"A"
"E2F2","MAP3K5",1,"A"
"E2F2","MCM10",1,"A"
"E2F2","MCM5",1,"A"
"E2F2","MCM6",1,"A"
"E2F2","MCM7",1,"A"
"E2F2","MYCN",1,"A"
"E2F2","PLK1",1,"A"
"E2F2","PLK4",1,"A"
"E2F3","AURKA",1,"A"
"E2F3","CDC6",1,"A"
"E2F3","CDKN1A",1,"A"
"E2F3","CDKN2A",1,"A"
"E2F3","E2F1",1,"A"
"E2F3","MAP3K5",1,"A"
"E2F3","MCM5",1,"A"
"E2F3","MCM6",1,"A"
"E2F3","MCM7",1,"A"
"E2F3","MYCN",1,"A"
"E2F3","PLK1",1,"A"
"E2F3","TP53BP2",1,"A"
"E2F3","TP73",1,"A"
"E2F4","ACTG1",1,"A"
"E2F4","ACTR5",1,"A"
"E2F4","ADARB1",1,"A"
"E2F4","AKR7A2",1,"A"
"E2F4","ALDH5A1",1,"A"
"E2F4","ANAPC15",1,"A"
"E2F4","ANLN",1,"A"
"E2F4","ANTKMT",1,"A"
"E2F4","APRT",1,"A"
"E2F4","ASF1B",1,"A"
"E2F4","AURKB",1,"A"
"E2F4","BACH1",1,"A"
"E2F4","BARD1",1,"A"
"E2F4","BCL11A",1,"A"
"E2F4","BIRC5",1,"A"
"E2F4","BORA",1,"A"
"E2F4","BRCA1",-1,"A"
"E2F4","BUB3",1,"A"
"E2F4","CALM1",1,"A"
"E2F4","CALR",1,"A"
"E2F4","CAV1",1,"A"
"E2F4","CBX5",1,"A"
"E2F4","CCNA2",1,"A"
"E2F4","CCNB1",1,"A"
"E2F4","CCND1",1,"A"
"E2F4","CDC25A",1,"A"
"E2F4","CDC25C",1,"A"
"E2F4","CDC37L1",1,"A"
"E2F4","CDC45",1,"A"
"E2F4","CDC6",1,"A"
"E2F4","CDCA4",1,"A"
"E2F4","CDCA7",1,"A"
"E2F4","CDK1",1,"A"
"E2F4","CDK2",1,"A"
"E2F4","CDKN2C",1,"A"
"E2F4","CDT1",1,"A"
"E2F4","CENPE",1,"A"
"E2F4","CENPO",1,"A"
"E2F4","CFAP20",1,"A"
"E2F4","CHEK1",1,"A"
"E2F4","CIB2",1,"A"
"E2F4","CKS2",1,"A"
"E2F4","CREG1",1,"A"
"E2F4","CSE1L",1,"A"
"E2F4","CTH",1,"A"
"E2F4","CUTC",1,"A"
"E2F4","CUX1",1,"A"
"E2F4","CYP27B1",1,"A"
"E2F4","DBF4",1,"A"
"E2F4","DDX11",1,"A"
"E2F4","DERL2",1,"A"
"E2F4","DHFR",1,"A"
"E2F4","DHPS",1,"A"
"E2F4","DIRAS3",-1,"A"
"E2F4","DLEU1",1,"A"
"E2F4","DROSHA",1,"A"
"E2F4","DUT",1,"A"
"E2F4","E2F1",-1,"A"
"E2F4","E2F2",1,"A"
"E2F4","E2F3",1,"A"
"E2F4","E2F8",1,"A"
"E2F4","EIF2B2",1,"A"
"E2F4","EIF4H",1,"A"
"E2F4","EPAS1",1,"A"
"E2F4","EXOSC9",1,"A"
"E2F4","FAM210B",1,"A"
"E2F4","FANCC",1,"A"
"E2F4","FBXO5",1,"A"
"E2F4","FDFT1",1,"A"
"E2F4","FEN1",1,"A"
"E2F4","FOXM1",1,"A"
"E2F4","FST",1,"A"
"E2F4","GABPA",1,"A"
"E2F4","GADD45A",1,"A"
"E2F4","GINS1",1,"A"
"E2F4","GMNN",1,"A"
"E2F4","GNAS",1,"A"
"E2F4","GNPTG",1,"A"
"E2F4","GPANK1",1,"A"
"E2F4","H2AZ1",1,"A"
"E2F4","H2BC11",1,"A"
"E2F4","H2BC21",1,"A"
"E2F4","H3C2",1,"A"
"E2F4","HAGHL",1,"A"
"E2F4","HCFC1",1,"A"
"E2F4","HLTF",1,"A"
"E2F4","HMGB1",1,"A"
"E2F4","HMGB3",1,"A"
"E2F4","HMGN2",1,"A"
"E2F4","HMMR",1,"A"
"E2F4","HNRNPD",1,"A"
"E2F4","ID3",1,"A"
"E2F4","IFNAR2",1,"A"
"E2F4","IKBKG",-1,"A"
"E2F4","INSIG1",1,"A"
"E2F4","ITGB3BP",1,"A"
"E2F4","JUN",1,"A"
"E2F4","KATNAL1",-1,"A"
"E2F4","KDM6A",1,"A"
"E2F4","KHDRBS1",1,"A"
"E2F4","KLF10",1,"A"
"E2F4","KLHL21",1,"A"
"E2F4","LGALS1",1,"A"
"E2F4","LIN54",1,"A"
"E2F4","LUC7L",-1,"A"
"E2F4","MAD2L1",1,"A"
"E2F4","MAP3K5",1,"A"
"E2F4","MAP3K7",1,"A"
"E2F4","MAPRE1",1,"A"
"E2F4","MBP",1,"A"
"E2F4","MCM10",-1,"A"
"E2F4","MCM3",1,"A"
"E2F4","MCM5",1,"A"
"E2F4","MCM6",1,"A"
"E2F4","MCM7",1,"A"
"E2F4","MCM8",1,"A"
"E2F4","METTL3",1,"A"
"E2F4","MFAP1",1,"A"
"E2F4","MKI67",1,"A"
"E2F4","MLH1",1,"A"
"E2F4","MSH2",1,"A"
"E2F4","MTHFD1",1,"A"
"E2F4","MYBL2",1,"A"
"E2F4","MYC",1,"A"
"E2F4","MYCL",1,"A"
"E2F4","NAP1L4",1,"A"
"E2F4","NASP",1,"A"
"E2F4","NCL",1,"A"
"E2F4","NDC80",1,"A"
"E2F4","NEK2",1,"A"
"E2F4","NFE2L1",1,"A"
"E2F4","NFKB2",1,"A"
"E2F4","NPAT",1,"A"
"E2F4","NUSAP1",1,"A"
"E2F4","NXT1",1,"A"
"E2F4","OGFR",1,"A"
"E2F4","ORC1",1,"A"
"E2F4","P4HA2",-1,"A"
"E2F4","PARK7",1,"A"
"E2F4","PCLAF",-1,"A"
"E2F4","PCNA",1,"A"
"E2F4","PCNT",1,"A"
"E2F4","PDXK",1,"A"
"E2F4","PDXP",1,"A"
"E2F4","PGRMC1",1,"A"
"E2F4","PIGQ",1,"A"
"E2F4","PIM2",1,"A"
"E2F4","PKN2",1,"A"
"E2F4","PLCG1",1,"A"
"E2F4","PLK1",-1,"A"
"E2F4","PLK4",1,"A"
"E2F4","PLSCR1",1,"A"
"E2F4","POLA2",1,"A"
"E2F4","POLD1",1,"A"
"E2F4","POLD2",1,"A"
"E2F4","POLE2",1,"A"
"E2F4","POLR2D",1,"A"
"E2F4","PPARG",-1,"A"
"E2F4","PPIA",1,"A"
"E2F4","PRC1",1,"A"
"E2F4","PRIM2",1,"A"
"E2F4","PRKCSH",1,"A"
"E2F4","PRPSAP1",1,"A"
"E2F4","PRR11",1,"A"
"E2F4","PTGS2",1,"A"
"E2F4","RABIF",1,"A"
"E2F4","RAD51",-1,"A"
"E2F4","RAD54L",1,"A"
"E2F4","RB1",1,"A"
"E2F4","RBBP5",1,"A"
"E2F4","RBL1",1,"A"
"E2F4","RECQL",1,"A"
"E2F4","REL",1,"A"
"E2F4","RFC2",1,"A"
"E2F4","RFC3",1,"A"
"E2F4","RFC4",1,"A"
"E2F4","RIPK2",1,"A"
"E2F4","RPA3",1,"A"
"E2F4","RPL23A",1,"A"
"E2F4","RPS15",1,"A"
"E2F4","RPS4X",1,"A"
"E2F4","RPS6",1,"A"
"E2F4","RPS8",1,"A"
"E2F4","RRM1",1,"A"
"E2F4","SAYSD1",1,"A"
"E2F4","SFPQ",1,"A"
"E2F4","SH3BGR",1,"A"
"E2F4","SIRPA",1,"A"
"E2F4","SKP1",1,"A"
"E2F4","SLC25A14",1,"A"
"E2F4","SLC25A4",1,"A"
"E2F4","SLC2A13",1,"A"
"E2F4","SLC35F6",1,"A"
"E2F4","SLC44A4",1,"A"
"E2F4","SLCO4A1",1,"A"
"E2F4","SMARCA4",1,"A"
"E2F4","SMARCA5",1,"A"
"E2F4","SMC2",1,"A"
"E2F4","SMC4",1,"A"
"E2F4","SP1",1,"A"
"E2F4","SRPRA",1,"A"
"E2F4","SRRM2",1,"A"
"E2F4","SRSF8",1,"A"
"E2F4","SS18L1",1,"A"
"E2F4","STAM",1,"A"
"E2F4","STMN1",1,"A"
"E2F4","SUV39H1",1,"A"
"E2F4","SUZ12",1,"A"
"E2F4","TERT",1,"A"
"E2F4","TFAM",1,"A"
"E2F4","TFRC",1,"A"
"E2F4","THOP1",1,"A"
"E2F4","TK1",1,"A"
"E2F4","TMPO",1,"A"
"E2F4","TOP1",1,"A"
"E2F4","TOP2A",1,"A"
"E2F4","TOPBP1",-1,"A"
"E2F4","TRAF2",1,"A"
"E2F4","TSNAX",1,"A"
"E2F4","TTK",-1,"A"
"E2F4","TYMS",1,"A"
"E2F4","UBE2C",1,"A"
"E2F4","UMPS",1,"A"
"E2F4","UNG",1,"A"
"E2F4","USP25",1,"A"
"E2F4","UXT",1,"A"
"E2F4","VARS2",1,"A"
"E2F4","VCP",1,"A"
"E2F4","VHL",1,"A"
"E2F4","VPS4A",1,"A"
"E2F4","WDR76",1,"A"
"E2F4","WEE1",1,"A"
"E2F4","XRCC2",1,"A"
"E2F4","YBX3",1,"A"
"E2F4","YWHAH",1,"A"
"E2F4","ZFP36L1",1,"A"
"E2F4","ZNF267",1,"A"
"E2F5","MYC",1,"C"
"E2F5","CBX3",1,"C"
"E2F5","CHEK2",1,"C"
"E2F5","DPYSL2",1,"C"
"E2F5","FANCC",1,"C"
"E2F5","JADE1",1,"C"
"E2F5","JSRP1",1,"C"
"E2F5","MAP3K7",1,"C"
"E2F5","MCM3",1,"C"
"E2F5","PIM1",1,"C"
"E2F5","PTMA",1,"C"
"E2F5","SLC22A23",1,"C"
"E2F5","SLC25A37",1,"C"
"E2F6","APAF1",-1,"C"
"E2F6","BRCA1",-1,"C"
"E2F6","DEPDC5",-1,"C"
"E2F6","E2F1",-1,"C"
"E2F6","RBBP4",-1,"C"
"E2F6","RBBP8",-1,"C"
"E2F6","ZNF131",-1,"C"
"E2F6","ABR",-1,"C"
"E2F6","AGRN",-1,"C"
"E2F6","ARHGAP21",-1,"C"
"E2F6","BAHCC1",-1,"C"
"E2F6","BAHD1",-1,"C"
"E2F6","CCDC57",-1,"C"
"E2F6","CTDSP1",-1,"C"
"E2F6","EFNA3",-1,"C"
"E2F6","FAM178B",-1,"C"
"E2F6","FANCC",-1,"C"
"E2F6","FZD5",-1,"C"
"E2F6","GNAS",-1,"C"
"E2F6","HIRA",-1,"C"
"E2F6","ICAM5",-1,"C"
"E2F6","KAZALD1",-1,"C"
"E2F6","KCTD15",-1,"C"
"E2F6","LTBP3",-1,"C"
"E2F6","MACF1",-1,"C"
"E2F6","MEIS2",-1,"C"
"E2F6","MEX3B",-1,"C"
"E2F6","MROH1",-1,"C"
"E2F6","MXI1",-1,"C"
"E2F6","MYH9",-1,"C"
"E2F6","NACC2",-1,"C"
"E2F6","NFATC1",-1,"C"
"E2F6","NFATC2",-1,"C"
"E2F6","NFE2L2",-1,"C"
"E2F6","NFIB",-1,"C"
"E2F6","NOL4L",-1,"C"
"E2F6","OSBPL3",-1,"C"
"E2F6","PCBP1",-1,"C"
"E2F6","PDE4A",-1,"C"
"E2F6","PFKFB3",-1,"C"
"E2F6","PIEZO1",-1,"C"
"E2F6","PIP4K2A",-1,"C"
"E2F6","PTMA",-1,"C"
"E2F6","PTP4A2",-1,"C"
"E2F6","PTPRF",-1,"C"
"E2F6","PTPRU",-1,"C"
"E2F6","RAP1GAP",-1,"C"
"E2F6","RNH1",-1,"C"
"E2F6","RXRA",-1,"C"
"E2F6","RYR1",-1,"C"
"E2F6","SLC16A3",-1,"C"
"E2F6","SLC9A3",-1,"C"
"E2F6","SMAD3",-1,"C"
"E2F6","SRCIN1",-1,"C"
"E2F6","SRXN1",-1,"C"
"E2F6","ST3GAL1",-1,"C"
"E2F6","ST6GAL1",-1,"C"
"E2F6","TACC3",-1,"C"
"E2F6","TANGO2",-1,"C"
"E2F6","TCF3",-1,"C"
"E2F6","TFAP4",-1,"C"
"E2F6","TGIF1",-1,"C"
"E2F6","TNK2",-1,"C"
"E2F6","TRIB3",-1,"C"
"E2F6","TXNRD1",-1,"C"
"E2F6","ZCCHC2",-1,"C"
"E2F6","ZNF195",-1,"C"
"E2F6","ZNF395",-1,"C"
"E2F6","ZNF451",-1,"C"
"E2F7","E2F1",-1,"C"
"E2F7","SP1",-1,"C"
"E2F7","E2F8",1,"C"
"E2F7","UHRF1",1,"C"
"E2F7","AGRN",1,"C"
"E2F7","ALDOA",1,"C"
"E2F7","ARID1A",1,"C"
"E2F7","CD44",1,"C"
"E2F7","DNMT1",1,"C"
"E2F7","DST",1,"C"
"E2F7","EEF1A1",1,"C"
"E2F7","ETS1",1,"C"
"E2F7","FOS",1,"C"
"E2F7","HNRNPD",1,"C"
"E2F7","HNRNPK",1,"C"
"E2F7","LGALS1",1,"C"
"E2F7","MYEOV",1,"C"
"E2F7","PDGFRA",1,"C"
"E2F7","PFKM",1,"C"
"E2F7","PLK2",1,"C"
"E2F7","RCC1",1,"C"
"E2F7","RFC4",1,"C"
"E2F7","RMI1",1,"C"
"E2F7","SLC1A5",1,"C"
"E2F7","SMG6",1,"C"
"E2F7","STAG2",1,"C"
"E2F7","VGLL4",1,"C"
"E2F7","WEE1",1,"C"
"E2F7","ZFP36L1",1,"C"
"E2F7","ZNF367",1,"C"
"EBF1","DENND3",1,"C"
"EBF1","FLI1",1,"C"
"EBF1","LPP",1,"C"
"EBF1","ACKR3",1,"C"
"EBF1","ADAP1",1,"C"
"EBF1","ANK1",1,"C"
"EBF1","ANKRD44",1,"C"
"EBF1","ARHGEF17",1,"C"
"EBF1","ARHGEF2",1,"C"
"EBF1","ARID5B",1,"C"
"EBF1","BCL2",1,"C"
"EBF1","BRF1",1,"C"
"EBF1","CCDC33",1,"C"
"EBF1","CDH23",1,"C"
"EBF1","CLMN",1,"C"
"EBF1","CMIP",1,"C"
"EBF1","CORO2B",1,"C"
"EBF1","CUX1",1,"C"
"EBF1","DENND2B",1,"C"
"EBF1","DPYSL2",1,"C"
"EBF1","EEPD1",1,"C"
"EBF1","EHD1",1,"C"
"EBF1","ELMO1",1,"C"
"EBF1","FAM102A",1,"C"
"EBF1","FCHSD2",1,"C"
"EBF1","FLNB",1,"C"
"EBF1","FYN",1,"C"
"EBF1","GRK5",1,"C"
"EBF1","IL16",1,"C"
"EBF1","INPP4A",1,"C"
"EBF1","INSR",1,"C"
"EBF1","IQSEC1",1,"C"
"EBF1","ITPR1",1,"C"
"EBF1","KSR1",1,"C"
"EBF1","LAMC1",1,"C"
"EBF1","LRCH1",1,"C"
"EBF1","NAV2",1,"C"
"EBF1","NCALD",1,"C"
"EBF1","NOL4L",1,"C"
"EBF1","PACSIN2",1,"C"
"EBF1","PAG1",1,"C"
"EBF1","PALM2AKAP2",1,"C"
"EBF1","PIP4K2A",1,"C"
"EBF1","PKIG",1,"C"
"EBF1","PLCL2",1,"C"
"EBF1","PLD1",1,"C"
"EBF1","PMEPA1",1,"C"
"EBF1","PPFIBP2",1,"C"
"EBF1","PREX1",1,"C"
"EBF1","PRKAG2",1,"C"
"EBF1","PRKCD",1,"C"
"EBF1","PTPRS",1,"C"
"EBF1","RALGDS",1,"C"
"EBF1","RASA3",1,"C"
"EBF1","RBM20",1,"C"
"EBF1","RBM47",1,"C"
"EBF1","RFTN1",1,"C"
"EBF1","RGS6",1,"C"
"EBF1","RIN3",1,"C"
"EBF1","SEMA4B",1,"C"
"EBF1","SLC8A1",1,"C"
"EBF1","SMAD7",1,"C"
"EBF1","SPOCK1",1,"C"
"EBF1","SPTBN1",1,"C"
"EBF1","ST3GAL5",1,"C"
"EBF1","STARD13",1,"C"
"EBF1","TACC1",1,"C"
"EBF1","TBC1D2B",1,"C"
"EBF1","TCF3",1,"C"
"EBF1","TCF4",1,"C"
"EBF1","THEMIS2",1,"C"
"EBF1","TNFRSF8",1,"C"
"EBF1","UST",1,"C"
"EBF1","UTRN",1,"C"
"EBF1","WNT5B",1,"C"
"EGR1","ABCA2",1,"A"
"EGR1","ABCB1",1,"A"
"EGR1","ACE",1,"A"
"EGR1","ACHE",1,"A"
"EGR1","AKR1B1",1,"A"
"EGR1","ALOX5",1,"A"
"EGR1","ANGPTL4",1,"A"
"EGR1","APEX1",1,"A"
"EGR1","APOA1",1,"A"
"EGR1","AR",-1,"A"
"EGR1","AREG",1,"A"
"EGR1","ATF3",1,"A"
"EGR1","ATP2A2",1,"A"
"EGR1","BAX",1,"A"
"EGR1","BCAR1",1,"A"
"EGR1","BCL2",1,"A"
"EGR1","CACNA1H",1,"A"
"EGR1","CAT",1,"A"
"EGR1","CCND1",1,"A"
"EGR1","CD19",1,"A"
"EGR1","CD28",1,"A"
"EGR1","CD44",1,"A"
"EGR1","CD9",1,"A"
"EGR1","CDH13",1,"A"
"EGR1","CDK5",1,"A"
"EGR1","CDK5R1",1,"A"
"EGR1","CDKN1A",1,"A"
"EGR1","CEBPB",1,"A"
"EGR1","CHGA",1,"A"
"EGR1","CHRNA7",1,"A"
"EGR1","COL2A1",-1,"A"
"EGR1","CRABP2",1,"A"
"EGR1","CTNNB1",1,"A"
"EGR1","CYP2B6",1,"A"
"EGR1","DMRT1",1,"A"
"EGR1","EAPP",1,"A"
"EGR1","EGFR",1,"A"
"EGR1","ELK1",1,"A"
"EGR1","EP300",1,"A"
"EGR1","EPX",1,"A"
"EGR1","F3",1,"A"
"EGR1","FAS",-1,"A"
"EGR1","FASLG",1,"A"
"EGR1","FASN",1,"A"
"EGR1","FCER2",-1,"A"
"EGR1","FGF13",1,"A"
"EGR1","FGF2",1,"A"
"EGR1","FGFR3",1,"A"
"EGR1","FLT1",1,"A"
"EGR1","FN1",1,"A"
"EGR1","FOSL1",1,"A"
"EGR1","GDF15",1,"A"
"EGR1","GDNF",1,"A"
"EGR1","GGPS1",1,"A"
"EGR1","HIF1A",1,"A"
"EGR1","HSD11B2",-1,"A"
"EGR1","HYAL1",1,"A"
"EGR1","IFNG",1,"A"
"EGR1","IGF2",1,"A"
"EGR1","IL2",1,"A"
"EGR1","IL2RB",1,"A"
"EGR1","IL3",1,"A"
"EGR1","IL6",-1,"A"
"EGR1","IMPDH2",1,"A"
"EGR1","JUN",1,"A"
"EGR1","KCNH8",1,"A"
"EGR1","LDLR",1,"A"
"EGR1","LHB",1,"A"
"EGR1","LMTK2",1,"A"
"EGR1","LTB",1,"A"
"EGR1","MMP14",1,"A"
"EGR1","MYB",-1,"A"
"EGR1","MYC",1,"A"
"EGR1","NAB2",1,"A"
"EGR1","NFKB1",1,"A"
"EGR1","PCSK2",1,"A"
"EGR1","PDGFA",1,"A"
"EGR1","PDGFB",1,"A"
"EGR1","PDGFC",1,"A"
"EGR1","PLAU",1,"A"
"EGR1","PLAUR",1,"A"
"EGR1","POR",1,"A"
"EGR1","PPARG",1,"A"
"EGR1","PSEN2",1,"A"
"EGR1","PTEN",1,"A"
"EGR1","PTGES",1,"A"
"EGR1","PTGS2",-1,"A"
"EGR1","PTP4A1",1,"A"
"EGR1","RBL2",1,"A"
"EGR1","RELA",-1,"A"
"EGR1","RET",1,"A"
"EGR1","SERPINE1",1,"A"
"EGR1","SLC1A4",1,"A"
"EGR1","SLC4A2",1,"A"
"EGR1","SLC5A5",1,"A"
"EGR1","SLC9A3",1,"A"
"EGR1","SOD1",1,"A"
"EGR1","SOS1",1,"A"
"EGR1","SPP1",1,"A"
"EGR1","SPRY1",1,"A"
"EGR1","STIM1",1,"A"
"EGR1","STMN1",1,"A"
"EGR1","SYN1",1,"A"
"EGR1","SYN2",1,"A"
"EGR1","TBXA2R",1,"A"
"EGR1","TCF4",1,"A"
"EGR1","TFPI2",1,"A"
"EGR1","TGFB1",1,"A"
"EGR1","TGFBR2",1,"A"
"EGR1","TH",1,"A"
"EGR1","THBS1",1,"A"
"EGR1","TIMP2",1,"A"
"EGR1","TIMP3",1,"A"
"EGR1","TMPO",1,"A"
"EGR1","TNF",1,"A"
"EGR1","TOE1",1,"A"
"EGR1","TP53",1,"A"
"EGR1","TP73",1,"A"
"EGR1","TPO",1,"A"
"EGR1","UBE2S",1,"A"
"EGR1","VAMP2",1,"A"
"EGR1","VEGFA",1,"A"
"EGR1","WNT4",-1,"A"
"EGR1","WT1",1,"A"
"EHF","SPRR1B",1,"C"
"EHF","KRT15",1,"C"
"EHF","FAM3D",1,"C"
"EHF","FBXO32",1,"C"
"EHF","GRB7",1,"C"
"EHF","KTI12",1,"C"
"EHF","LIMD1",1,"C"
"EHF","LIPH",1,"C"
"EHF","MAP3K13",1,"C"
"EHF","MYH14",1,"C"
"EHF","MYO5B",1,"C"
"EHF","PMM2",1,"C"
"EHF","SPTBN2",1,"C"
"EHF","TMC5",1,"C"
"EHF","TTC14",1,"C"
"EHF","USP8",1,"C"
"EHF","WDR55",1,"C"
"EHF","WIPF2",1,"C"
"EHF","WWC1",1,"C"
"EHF","ZFP62",1,"C"
"ELF1","BRCA2",1,"C"
"ELF1","MEIS1",1,"C"
"ELF1","ADCY7",1,"C"
"ELF1","AFF1",1,"C"
"ELF1","ANKMY1",1,"C"
"ELF1","ARHGAP12",1,"C"
"ELF1","ARHGDIA",1,"C"
"ELF1","ASAP1",1,"C"
"ELF1","ASPSCR1",1,"C"
"ELF1","CAST",1,"C"
"ELF1","CDC42SE2",1,"C"
"ELF1","CHD9",1,"C"
"ELF1","CYRIB",1,"C"
"ELF1","DDX3X",1,"C"
"ELF1","DPP9",1,"C"
"ELF1","DYRK1A",1,"C"
"ELF1","FAAP20",1,"C"
"ELF1","FNDC3B",1,"C"
"ELF1","FOXN3",1,"C"
"ELF1","FOXO3",1,"C"
"ELF1","GATAD2A",1,"C"
"ELF1","IGF2R",1,"C"
"ELF1","KLF9",1,"C"
"ELF1","LARP4B",1,"C"
"ELF1","LSM4",1,"C"
"ELF1","MAFK",1,"C"
"ELF1","MAP1LC3B",1,"C"
"ELF1","MBNL1",1,"C"
"ELF1","MED15",1,"C"
"ELF1","MYO9B",1,"C"
"ELF1","NEDD4L",1,"C"
"ELF1","NFE2L2",1,"C"
"ELF1","PCBP1",1,"C"
"ELF1","PRKCH",1,"C"
"ELF1","PTPA",1,"C"
"ELF1","PTTG1IP",1,"C"
"ELF1","RNF213",1,"C"
"ELF1","RNF38",1,"C"
"ELF1","SBNO2",1,"C"
"ELF1","SEC14L1",1,"C"
"ELF1","SGMS1",1,"C"
"ELF1","SIN3A",1,"C"
"ELF1","SREBF1",1,"C"
"ELF1","STK24",1,"C"
"ELF1","TACC1",1,"C"
"ELF1","TRIB1",1,"C"
"ELF1","TSNARE1",1,"C"
"ELF1","TSPAN14",1,"C"
"ELF1","UBE2H",1,"C"
"ELF1","ZFYVE28",1,"C"
"ELF1","ZNF217",1,"C"
"ELF3","SPRR2A",1,"C"
"ELF3","ITGB6",1,"C"
"ELF3","ADGRF1",1,"C"
"ELF3","ADGRV1",1,"C"
"ELF3","ALCAM",1,"C"
"ELF3","ARHGAP12",1,"C"
"ELF3","ARHGAP32",1,"C"
"ELF3","ARHGAP42",1,"C"
"ELF3","ARSG",1,"C"
"ELF3","ATP2A2",1,"C"
"ELF3","BARX2",1,"C"
"ELF3","CDCP1",1,"C"
"ELF3","CFTR",1,"C"
"ELF3","CTNNBIP1",1,"C"
"ELF3","CYP24A1",1,"C"
"ELF3","DOCK4",1,"C"
"ELF3","F2RL1",1,"C"
"ELF3","FAT1",1,"C"
"ELF3","GMDS",1,"C"
"ELF3","GRHL2",1,"C"
"ELF3","HABP2",1,"C"
"ELF3","HK2",1,"C"
"ELF3","KRT8",1,"C"
"ELF3","LPP",1,"C"
"ELF3","MAL2",1,"C"
"ELF3","MCC",1,"C"
"ELF3","MEIS1",1,"C"
"ELF3","MYEOV",1,"C"
"ELF3","NEDD4L",1,"C"
"ELF3","NFIA",1,"C"
"ELF3","PLA2G4A",1,"C"
"ELF3","PLA2G6",1,"C"
"ELF3","PLD1",1,"C"
"ELF3","PLEKHG3",1,"C"
"ELF3","PTK2B",1,"C"
"ELF3","PTPRE",1,"C"
"ELF3","RABGAP1L",1,"C"
"ELF3","RBM47",1,"C"
"ELF3","RNF43",1,"C"
"ELF3","RUNX1",1,"C"
"ELF3","SEMA4B",1,"C"
"ELF3","SEPTIN9",1,"C"
"ELF3","SH3TC2",1,"C"
"ELF3","SLC37A1",1,"C"
"ELF3","SLC39A11",1,"C"
"ELF3","SLC44A3",1,"C"
"ELF3","SLX4IP",1,"C"
"ELF3","SPRED2",1,"C"
"ELF3","ST14",1,"C"
"ELF3","TACC2",1,"C"
"ELF3","TNIP1",1,"C"
"ELF3","TSPAN15",1,"C"
"ELF3","WWC1",1,"C"
"ELF5","CCDC77",1,"C"
"ELF5","CHCHD2",1,"C"
"ELF5","ELOVL6",1,"C"
"ELF5","FFAR4",1,"C"
"ELF5","KDM5A",1,"C"
"ELF5","KRT8",1,"C"
"ELF5","LIMD1",1,"C"
"ELF5","MRPL52",1,"C"
"ELF5","NCBP2",1,"C"
"ELF5","PTK2B",1,"C"
"ELF5","PTPN6",1,"C"
"ELF5","PYROXD2",1,"C"
"ELF5","RAD50",1,"C"
"ELF5","RBM34",1,"C"
"ELF5","SLX4IP",1,"C"
"ELF5","SMG7",1,"C"
"ELF5","SNRPB2",1,"C"
"ELF5","SUDS3",1,"C"
"ELF5","TTC14",1,"C"
"ELF5","VTCN1",1,"C"
"ELK1","ACTA2",1,"A"
"ELK1","CDKN1B",1,"A"
"ELK1","CITED2",1,"A"
"ELK1","DDIT4",1,"A"
"ELK1","EGR1",1,"A"
"ELK1","ERBB2",1,"A"
"ELK1","F2",1,"A"
"ELK1","FOS",1,"A"
"ELK1","FOSL1",1,"A"
"ELK1","FUT4",1,"A"
"ELK1","IER2",1,"A"
"ELK1","JUNB",1,"A"
"ELK1","LY96",1,"A"
"ELK1","MCL1",1,"A"
"ELK1","MDM4",1,"A"
"ELK1","MMP13",1,"A"
"ELK1","MYLK",1,"A"
"ELK1","NR1H2",1,"A"
"ELK1","NR4A1",1,"A"
"ELK1","PDGFB",1,"A"
"ELK1","PRKCA",1,"A"
"ELK1","PSEN1",1,"A"
"ELK1","PTPRZ1",1,"A"
"ELK1","SLU7",1,"A"
"ELK1","SOD1",1,"A"
"ELK1","SRF",1,"A"
"ELK1","TAGLN",1,"A"
"ELK1","TBP",1,"A"
"ELK1","TLR9",1,"A"
"ELK1","TNF",1,"A"
"ELK1","VIL1",1,"A"
"ELK4","FOS",1,"C"
"ELK4","ACTB",1,"C"
"ELK4","ARPC5L",1,"C"
"ELK4","ASB1",1,"C"
"ELK4","EGR1",1,"C"
"ELK4","ERCC1",1,"C"
"ELK4","KDM5A",1,"C"
"ELK4","KRT8",1,"C"
"ELK4","NCOA7",1,"C"
"ELK4","SCAF11",1,"C"
"ELK4","SEC14L1",1,"C"
"ELK4","SEPTIN10",1,"C"
"ELK4","SLC4A7",1,"C"
"ELK4","ZFAND6",1,"C"
"EOMES","AFF1",1,"C"
"EOMES","ANK3",1,"C"
"EOMES","ARHGAP15",1,"C"
"EOMES","ASTN2",1,"C"
"EOMES","CSMD3",1,"C"
"EOMES","DCDC1",1,"C"
"EOMES","DENND2B",1,"C"
"EOMES","DOCK10",1,"C"
"EOMES","DOCK2",1,"C"
"EOMES","EXOC4",1,"C"
"EOMES","FYN",1,"C"
"EOMES","GALNT10",1,"C"
"EOMES","GRIA1",1,"C"
"EOMES","KSR1",1,"C"
"EOMES","LINGO2",1,"C"
"EOMES","LRIG1",1,"C"
"EOMES","NLGN1",1,"C"
"EOMES","NRXN3",1,"C"
"EOMES","PPP2R2B",1,"C"
"EOMES","SORBS2",1,"C"
"EOMES","THSD7A",1,"C"
"EOMES","TIAM1",1,"C"
"EPAS1","ADORA2A",1,"A"
"EPAS1","BHLHE40",1,"A"
"EPAS1","CA9",1,"A"
"EPAS1","EGLN3",1,"A"
"EPAS1","EPO",1,"A"
"EPAS1","FLT1",1,"A"
"EPAS1","PDGFB",1,"A"
"EPAS1","POU5F1",1,"A"
"EPAS1","SERPINE1",1,"A"
"EPAS1","SLC11A2",1,"A"
"EPAS1","SPHK1",1,"A"
"EPAS1","TERT",1,"A"
"EPAS1","VEGFA",1,"A"
"ERG","CDH5",1,"A"
"ERG","ENG",1,"A"
"ERG","FGF2",-1,"A"
"ERG","HMOX1",1,"A"
"ERG","ICAM1",-1,"A"
"ERG","ICAM2",1,"A"
"ERG","MMP3",1,"A"
"ERG","MMP9",1,"A"
"ERG","NOS3",1,"A"
"ERG","TMPRSS2",1,"A"
"ERG","VIM",1,"A"
"ERG","VWF",1,"A"
"ESR1","ABCG2",1,"A"
"ESR1","ADORA1",1,"A"
"ESR1","AKT1",1,"A"
"ESR1","AKT2",1,"A"
"ESR1","ANGPTL4",1,"A"
"ESR1","APOA1",1,"A"
"ESR1","AR",1,"A"
"ESR1","ARID5B",1,"A"
"ESR1","ATP2B1",1,"A"
"ESR1","ATP2B2",1,"A"
"ESR1","ATP2B4",1,"A"
"ESR1","AVP",1,"A"
"ESR1","AXIN2",1,"A"
"ESR1","B4GALNT2",1,"A"
"ESR1","BCL2",1,"A"
"ESR1","BCL9",1,"A"
"ESR1","BLM",1,"A"
"ESR1","BMP6",1,"A"
"ESR1","BTG2",-1,"A"
"ESR1","C3",1,"A"
"ESR1","CAD",1,"A"
"ESR1","CAPN2",1,"A"
"ESR1","CAV1",1,"A"
"ESR1","CAV2",1,"A"
"ESR1","CCN5",1,"A"
"ESR1","CCND1",1,"A"
"ESR1","CCT6B",1,"A"
"ESR1","CD24",-1,"A"
"ESR1","CD86",1,"A"
"ESR1","CDH1",1,"A"
"ESR1","CDKN1A",1,"A"
"ESR1","CDKN1B",-1,"A"
"ESR1","CEACAM3",1,"A"
"ESR1","CEBPB",1,"A"
"ESR1","CHAT",1,"A"
"ESR1","CLDN4",1,"A"
"ESR1","CRH",-1,"A"
"ESR1","CRHBP",1,"A"
"ESR1","CRYZ",1,"A"
"ESR1","CTNNB1",-1,"A"
"ESR1","CTSD",1,"A"
"ESR1","CXCL12",1,"A"
"ESR1","CXCL8",1,"A"
"ESR1","CYP19A1",1,"A"
"ESR1","CYP1A1",-1,"A"
"ESR1","CYP1B1",1,"A"
"ESR1","CYP2C19",-1,"A"
"ESR1","E2F1",1,"A"
"ESR1","EBAG9",1,"A"
"ESR1","EDN3",1,"A"
"ESR1","EGF",1,"A"
"ESR1","EGFR",1,"A"
"ESR1","ERG",1,"A"
"ESR1","ESRRA",1,"A"
"ESR1","F12",1,"A"
"ESR1","FBLN1",1,"A"
"ESR1","FBLN2",1,"A"
"ESR1","FOS",1,"A"
"ESR1","FOSL1",1,"A"
"ESR1","FOXC1",1,"A"
"ESR1","FOXO1",1,"A"
"ESR1","FOXP1",1,"A"
"ESR1","GADD45G",1,"A"
"ESR1","GREB1",1,"A"
"ESR1","GRIN2D",1,"A"
"ESR1","GSN",1,"A"
"ESR1","HOXA10",1,"A"
"ESR1","HSPB1",1,"A"
"ESR1","IGF1",1,"A"
"ESR1","IGFBP4",1,"A"
"ESR1","ITGA2",1,"A"
"ESR1","ITGB1",1,"A"
"ESR1","JUN",1,"A"
"ESR1","JUNB",1,"A"
"ESR1","KAT2B",1,"A"
"ESR1","KDR",1,"A"
"ESR1","KRT13",1,"A"
"ESR1","KRT15",1,"A"
"ESR1","KRT18",1,"A"
"ESR1","KRT19",1,"A"
"ESR1","KRT37",1,"A"
"ESR1","LGALS8",1,"A"
"ESR1","LTF",1,"A"
"ESR1","MACROD1",1,"A"
"ESR1","MB",1,"A"
"ESR1","MDM2",1,"A"
"ESR1","MICB",1,"A"
"ESR1","MMP13",1,"A"
"ESR1","MTA3",1,"A"
"ESR1","MYB",1,"A"
"ESR1","MYC",1,"A"
"ESR1","NBPF1",1,"A"
"ESR1","NBPF15",1,"A"
"ESR1","NBPF4",1,"A"
"ESR1","NCOA1",1,"A"
"ESR1","NCOA3",1,"A"
"ESR1","NEK6",1,"A"
"ESR1","NFIB",1,"A"
"ESR1","NID2",1,"A"
"ESR1","NOL3",1,"A"
"ESR1","NOS3",1,"A"
"ESR1","NOTCH2",1,"A"
"ESR1","NOTCH2NLA",1,"A"
"ESR1","NQO1",-1,"A"
"ESR1","NR5A2",1,"A"
"ESR1","NRF1",1,"A"
"ESR1","OXT",-1,"A"
"ESR1","PBX1",1,"A"
"ESR1","PELP1",1,"A"
"ESR1","PGR",1,"A"
"ESR1","PLAC1",1,"A"
"ESR1","PMAIP1",1,"A"
"ESR1","POFUT1",1,"A"
"ESR1","POR",1,"A"
"ESR1","PPARD",1,"A"
"ESR1","PPARG",1,"A"
"ESR1","PRL",1,"A"
"ESR1","PSG1",1,"A"
"ESR1","PTMA",-1,"A"
"ESR1","PTPRG",1,"A"
"ESR1","RARA",1,"A"
"ESR1","REN",1,"A"
"ESR1","RET",1,"A"
"ESR1","RUNX2",1,"A"
"ESR1","SEC61B",1,"A"
"ESR1","SERPINB9",1,"A"
"ESR1","SERPINE1",1,"A"
"ESR1","SLC8A1",1,"A"
"ESR1","SLC8A2",1,"A"
"ESR1","SLC8A3",1,"A"
"ESR1","SMARCA2",1,"A"
"ESR1","SOCS3",1,"A"
"ESR1","SP1",1,"A"
"ESR1","SP3",1,"A"
"ESR1","SPARC",1,"A"
"ESR1","SPATA2",1,"A"
"ESR1","SRC",1,"A"
"ESR1","STAT5A",1,"A"
"ESR1","TAC3",1,"A"
"ESR1","TERT",1,"A"
"ESR1","TFAP2C",1,"A"
"ESR1","TFF1",1,"A"
"ESR1","TGFA",1,"A"
"ESR1","TNFRSF11B",1,"A"
"ESR1","TNIP1",1,"A"
"ESR1","TP53",-1,"A"
"ESR1","TRH",1,"A"
"ESR1","TRIM16",1,"A"
"ESR1","TSC22D3",1,"A"
"ESR1","TYMS",1,"A"
"ESR1","UGT2B15",1,"A"
"ESR1","VEGFA",1,"A"
"ESR1","WNT7A",1,"A"
"ESR1","YWHAQ",1,"A"
"ESR1","ZFHX3",1,"A"
"ESR1","ZMYND8",1,"A"
"ESR2","CD68",1,"A"
"ESR2","COLEC12",1,"A"
"ESR2","CTSD",1,"A"
"ESR2","EBAG9",1,"A"
"ESR2","FOS",1,"A"
"ESR2","IL1RAP",1,"A"
"ESR2","JUN",1,"A"
"ESR2","MKNK2",1,"A"
"ESR2","OXT",1,"A"
"ESR2","PGR",1,"A"
"ESR2","PTPRC",1,"A"
"ESR2","RARA",1,"A"
"ESR2","SERPINE1",-1,"A"
"ESR2","TERT",1,"A"
"ESR2","TFF1",1,"A"
"ESR2","TGFA",1,"A"
"ESR2","TMSB4X",1,"A"
"ESRRA","CYP19A1",1,"C"
"ESRRA","NR2F6",-1,"C"
"ESRRA","ACSS2",1,"C"
"ESRRA","RAP1GAP",1,"C"
"ESRRA","RBM47",1,"C"
"ESRRA","SLC22A23",1,"C"
"ESRRA","SLC9A1",1,"C"
"ESRRA","ACSS1",1,"C"
"ESRRA","ADGRG1",1,"C"
"ESRRA","ASCC2",1,"C"
"ESRRA","ATP1B1",1,"C"
"ESRRA","BAIAP2L1",1,"C"
"ESRRA","BCL3",1,"C"
"ESRRA","BHLHE40",1,"C"
"ESRRA","CAPN2",1,"C"
"ESRRA","CAPN8",1,"C"
"ESRRA","CUEDC1",1,"C"
"ESRRA","DENND1A",1,"C"
"ESRRA","DLG2",1,"C"
"ESRRA","DMD",1,"C"
"ESRRA","DNAJB12",1,"C"
"ESRRA","DNAJC5B",1,"C"
"ESRRA","EPHB4",1,"C"
"ESRRA","ERBB2",1,"C"
"ESRRA","GREB1",1,"C"
"ESRRA","GSN",1,"C"
"ESRRA","GTF2IRD1",1,"C"
"ESRRA","HDAC11",1,"C"
"ESRRA","HK1",1,"C"
"ESRRA","KIAA1522",1,"C"
"ESRRA","LLGL2",1,"C"
"ESRRA","MAPKAP1",1,"C"
"ESRRA","MARK2",1,"C"
"ESRRA","MGLL",1,"C"
"ESRRA","MSI2",1,"C"
"ESRRA","MYO18A",1,"C"
"ESRRA","NAALADL2",1,"C"
"ESRRA","NDUFAF6",1,"C"
"ESRRA","NFATC2",1,"C"
"ESRRA","NFIA",1,"C"
"ESRRA","NIBAN2",1,"C"
"ESRRA","NRXN1",1,"C"
"ESRRA","OGDH",1,"C"
"ESRRA","P3H2",1,"C"
"ESRRA","PAK4",1,"C"
"ESRRA","PIK3C2B",1,"C"
"ESRRA","PNKD",1,"C"
"ESRRA","POR",1,"C"
"ESRRA","PPFIBP2",1,"C"
"ESRRA","PPP5C",1,"C"
"ESRRA","RARA",1,"C"
"ESRRA","RGS6",1,"C"
"ESRRA","SLC35F6",1,"C"
"ESRRA","SOX6",1,"C"
"ESRRA","STARD10",1,"C"
"ESRRA","STN1",1,"C"
"ESRRA","STRBP",1,"C"
"ESRRA","SYNPO",1,"C"
"ESRRA","SYT12",1,"C"
"ESRRA","TENM4",1,"C"
"ESRRA","TGM2",1,"C"
"ESRRA","TMCO4",1,"C"
"ESRRA","TMEM164",1,"C"
"ESRRA","TRIB3",1,"C"
"ESRRA","TXNRD1",1,"C"
"ESRRA","UBE2V1",1,"C"
"ESRRA","VDR",1,"C"
"ESRRA","WNK2",1,"C"
"ESRRA","XYLT1",1,"C"
"ETS1","ABCB1",1,"A"
"ETS1","ABCC1",1,"A"
"ETS1","ANGPT2",1,"A"
"ETS1","ANPEP",1,"A"
"ETS1","ASAP1",1,"A"
"ETS1","ATP2A3",1,"A"
"ETS1","ATP5F1B",1,"A"
"ETS1","ATXN2",1,"A"
"ETS1","B3GAT3",1,"A"
"ETS1","BAX",-1,"A"
"ETS1","BCL2",1,"A"
"ETS1","BID",1,"A"
"ETS1","BIRC2",1,"A"
"ETS1","BMP4",1,"A"
"ETS1","CASP8",1,"A"
"ETS1","CCND1",1,"A"
"ETS1","CD3D",1,"A"
"ETS1","CD4",1,"A"
"ETS1","CD5",1,"A"
"ETS1","CD53",1,"A"
"ETS1","CD6",1,"A"
"ETS1","CD8A",1,"A"
"ETS1","CDC37",1,"A"
"ETS1","CDH13",1,"A"
"ETS1","CDK11A",1,"A"
"ETS1","CDK4",1,"A"
"ETS1","CDKN1A",1,"A"
"ETS1","CDKN1B",1,"A"
"ETS1","CDKN2A",1,"A"
"ETS1","CHUK",1,"A"
"ETS1","CIP2A",1,"A"
"ETS1","COL1A1",1,"A"
"ETS1","COPS2",1,"A"
"ETS1","COX4I1",1,"A"
"ETS1","CSF2",1,"A"
"ETS1","CSF3R",1,"A"
"ETS1","CSNK2A1",1,"A"
"ETS1","CSNK2A2",1,"A"
"ETS1","CSNK2B",1,"A"
"ETS1","CTSB",1,"A"
"ETS1","CXCR4",1,"A"
"ETS1","DAD1",1,"A"
"ETS1","DNTT",1,"A"
"ETS1","DUSP6",1,"A"
"ETS1","ECE1",1,"A"
"ETS1","EGR1",1,"A"
"ETS1","EGR2",1,"A"
"ETS1","EMSY",1,"A"
"ETS1","ERG",1,"A"
"ETS1","ETS2",1,"A"
"ETS1","ETV4",1,"A"
"ETS1","F13A1",1,"A"
"ETS1","FAS",1,"A"
"ETS1","FASLG",1,"A"
"ETS1","FGFBP1",1,"A"
"ETS1","FLI1",1,"A"
"ETS1","FLT1",1,"A"
"ETS1","FOS",1,"A"
"ETS1","FOSL1",1,"A"
"ETS1","FOXD1",1,"A"
"ETS1","GABPA",1,"A"
"ETS1","GP5",1,"A"
"ETS1","GP6",1,"A"
"ETS1","GP9",1,"A"
"ETS1","GRPR",1,"A"
"ETS1","GZMB",1,"A"
"ETS1","HMOX1",1,"A"
"ETS1","HPGD",1,"A"
"ETS1","IER5",1,"A"
"ETS1","IL10",1,"A"
"ETS1","IL12B",1,"A"
"ETS1","IL2",-1,"A"
"ETS1","IL2RB",1,"A"
"ETS1","IL3",1,"A"
"ETS1","IL5",1,"A"
"ETS1","ITGA4",1,"A"
"ETS1","ITGA5",1,"A"
"ETS1","ITGB3",1,"A"
"ETS1","JAK3",1,"A"
"ETS1","LCK",1,"A"
"ETS1","LCP1",1,"A"
"ETS1","LTB",1,"A"
"ETS1","LTF",1,"A"
"ETS1","MCL1",1,"A"
"ETS1","MDM2",-1,"A"
"ETS1","MET",1,"A"
"ETS1","MGAT5",1,"A"
"ETS1","MGAT5B",1,"A"
"ETS1","MMP1",1,"A"
"ETS1","MMP13",1,"A"
"ETS1","MMP2",1,"A"
"ETS1","MMP3",1,"A"
"ETS1","MMP9",1,"A"
"ETS1","MPL",1,"A"
"ETS1","MYB",1,"A"
"ETS1","NDRG1",-1,"A"
"ETS1","NFKB1",1,"A"
"ETS1","NOS3",1,"A"
"ETS1","NRP1",1,"A"
"ETS1","OAS2",1,"A"
"ETS1","PARP1",1,"A"
"ETS1","PCSK6",1,"A"
"ETS1","PF4",1,"A"
"ETS1","PLAU",1,"A"
"ETS1","POLD1",1,"A"
"ETS1","POR",1,"A"
"ETS1","PRL",1,"A"
"ETS1","PSEN1",1,"A"
"ETS1","PTGS2",1,"A"
"ETS1","PTHLH",1,"A"
"ETS1","PTPA",1,"A"
"ETS1","RAD51",1,"A"
"ETS1","RUNX1",1,"A"
"ETS1","SLC19A1",1,"A"
"ETS1","SLC26A3",1,"A"
"ETS1","SMAD4",1,"A"
"ETS1","SOCS1",1,"A"
"ETS1","SPRY2",1,"A"
"ETS1","SURF1",1,"A"
"ETS1","TAF12",1,"A"
"ETS1","TBXA2R",1,"A"
"ETS1","TBXAS1",-1,"A"
"ETS1","TCEAL1",1,"A"
"ETS1","TERT",-1,"A"
"ETS1","TFAP2A",1,"A"
"ETS1","TFRC",1,"A"
"ETS1","TGFBR2",1,"A"
"ETS1","THBS1",1,"A"
"ETS1","TIMP1",-1,"A"
"ETS1","TNC",1,"A"
"ETS1","TNF",1,"A"
"ETS1","TNFRSF10A",1,"A"
"ETS1","TNFRSF10B",1,"A"
"ETS1","TNFRSF8",1,"A"
"ETS1","TNFSF14",1,"A"
"ETS1","TOM1",1,"A"
"ETS1","TP53",1,"A"
"ETS1","TRA",1,"A"
"ETS1","TRB",-1,"A"
"ETS1","TTYH3",1,"A"
"ETS1","VEGFA",1,"A"
"ETS1","VWF",1,"A"
"ETS1","WAS",1,"A"
"ETS1","WT1",1,"A"
"ETS1","ZNF175",1,"A"
"ETS2","ANGPT2",1,"A"
"ETS2","ANPEP",1,"A"
"ETS2","BRCA1",1,"A"
"ETS2","CD163",1,"A"
"ETS2","CDK1",1,"A"
"ETS2","CDKN2A",1,"A"
"ETS2","CGA",1,"A"
"ETS2","CHRNE",1,"A"
"ETS2","CSF2",1,"A"
"ETS2","CSF3R",1,"A"
"ETS2","EGR1",1,"A"
"ETS2","ERG",1,"A"
"ETS2","FLI1",1,"A"
"ETS2","FOS",1,"A"
"ETS2","FOSL1",1,"A"
"ETS2","ICAM1",1,"A"
"ETS2","IL12B",1,"A"
"ETS2","IL5",1,"A"
"ETS2","JAK3",1,"A"
"ETS2","MDM2",1,"A"
"ETS2","MMP3",1,"A"
"ETS2","MMP9",1,"A"
"ETS2","MSR1",1,"A"
"ETS2","MYC",1,"A"
"ETS2","PDE7A",1,"A"
"ETS2","PSEN1",1,"A"
"ETS2","PTHLH",1,"A"
"ETS2","TERT",1,"A"
"ETS2","TP53",1,"A"
"ETS2","VWF",1,"A"
"ETV1","ADAMTSL3",1,"C"
"ETV1","ANKRD44",1,"C"
"ETV1","BIRC6",1,"C"
"ETV1","CDK18",1,"C"
"ETV1","CGGBP1",1,"C"
"ETV1","COQ8A",1,"C"
"ETV1","CTTN",1,"C"
"ETV1","DUSP6",1,"C"
"ETV1","ERCC1",1,"C"
"ETV1","FMR1",1,"C"
"ETV1","IQGAP2",1,"C"
"ETV1","ISG20L2",1,"C"
"ETV1","JMJD6",1,"C"
"ETV1","KCNN3",1,"C"
"ETV1","KDM5A",1,"C"
"ETV1","LIMCH1",1,"C"
"ETV1","MATN2",1,"C"
"ETV1","MZF1",1,"C"
"ETV1","NAV1",1,"C"
"ETV1","NFIA",1,"C"
"ETV1","NSMCE1",1,"C"
"ETV1","PDE9A",1,"C"
"ETV1","RAP1GAP",1,"C"
"ETV1","SEC14L1",1,"C"
"ETV1","TANK",1,"C"
"ETV1","TCF4",1,"C"
"ETV1","TNIK",1,"C"
"ETV1","UTRN",1,"C"
"ETV1","WDR37",1,"C"
"ETV4","AGTR1",1,"A"
"ETV4","BDKRB1",1,"A"
"ETV4","ERBB2",-1,"A"
"ETV4","ETS1",1,"A"
"ETV4","MMP2",1,"A"
"ETV4","MMP7",1,"A"
"ETV4","MUC4",1,"A"
"ETV4","PLAUR",1,"A"
"ETV4","PTGS2",1,"A"
"ETV4","SYN2",1,"A"
"ETV4","TGFBR2",1,"A"
"ETV4","TIMP2",1,"A"
"ETV4","TNF",1,"A"
"ETV4","VIM",1,"A"
"ETV4","WT1",1,"A"
"FLI1","ERG",1,"A"
"FLI1","EYA3",1,"A"
"FLI1","FOS",1,"A"
"FLI1","GATA1",1,"A"
"FLI1","GP6",1,"A"
"FLI1","GP9",1,"A"
"FLI1","HMOX1",1,"A"
"FLI1","ID2",1,"A"
"FLI1","IGFBP3",-1,"A"
"FLI1","ITGA2B",1,"A"
"FLI1","MPL",1,"A"
"FLI1","TERT",1,"A"
"FLI1","TGFBR2",1,"A"
"FOS","ACP5",1,"A"
"FOS","ACTA1",1,"A"
"FOS","ARNT",1,"A"
"FOS","BATF3",1,"A"
"FOS","BCL2L1",1,"A"
"FOS","BCL2L11",1,"A"
"FOS","CCL2",1,"A"
"FOS","CCL5",1,"A"
"FOS","CCND1",-1,"A"
"FOS","CD40LG",1,"A"
"FOS","CD69",1,"A"
"FOS","CDH1",1,"A"
"FOS","CDK4",1,"A"
"FOS","CDKN1A",1,"A"
"FOS","CLU",-1,"A"
"FOS","CREM",1,"A"
"FOS","CSF2",1,"A"
"FOS","CSTA",1,"A"
"FOS","CTSL",1,"A"
"FOS","CXCL8",1,"A"
"FOS","DDIT3",1,"A"
"FOS","ERCC1",1,"A"
"FOS","ERCC4",1,"A"
"FOS","EZR",1,"A"
"FOS","FAS",1,"A"
"FOS","FASLG",1,"A"
"FOS","FASN",1,"A"
"FOS","FGF2",1,"A"
"FOS","FOSL1",1,"A"
"FOS","FOXA1",1,"A"
"FOS","GATA3",1,"A"
"FOS","GREB1",1,"A"
"FOS","GSTP1",1,"A"
"FOS","HLA-DRA",1,"A"
"FOS","HSPA1A",1,"A"
"FOS","HSPH1",1,"A"
"FOS","IL12A",1,"A"
"FOS","IL12B",1,"A"
"FOS","IL1A",1,"A"
"FOS","IL1B",1,"A"
"FOS","IL2",1,"A"
"FOS","IL2RA",1,"A"
"FOS","IL4R",1,"A"
"FOS","IL6",1,"A"
"FOS","ITGA5",1,"A"
"FOS","LOXL4",1,"A"
"FOS","LRIG2",1,"A"
"FOS","MAF",1,"A"
"FOS","MELTF",1,"A"
"FOS","MMP1",1,"A"
"FOS","MMP2",1,"A"
"FOS","MMP3",1,"A"
"FOS","MMP7",1,"A"
"FOS","MMP9",1,"A"
"FOS","MYC",-1,"A"
"FOS","NAT1",1,"A"
"FOS","NEFL",1,"A"
"FOS","NFATC1",1,"A"
"FOS","NFKB1",-1,"A"
"FOS","NGF",1,"A"
"FOS","NOS1",1,"A"
"FOS","NOS2",1,"A"
"FOS","NPPA",1,"A"
"FOS","NQO1",1,"A"
"FOS","NR3C1",1,"A"
"FOS","NTF3",1,"A"
"FOS","NTS",1,"A"
"FOS","PDGFB",1,"A"
"FOS","PDHA1",1,"A"
"FOS","PENK",1,"A"
"FOS","PGR",1,"A"
"FOS","PLA2G4A",1,"A"
"FOS","PLAU",1,"A"
"FOS","PLAUR",1,"A"
"FOS","PPARD",1,"A"
"FOS","PTGS2",1,"A"
"FOS","RUNX2",1,"A"
"FOS","SMAD4",1,"A"
"FOS","SMAD7",1,"A"
"FOS","SP3",1,"A"
"FOS","SPRR3",1,"A"
"FOS","SRR",1,"A"
"FOS","STAR",1,"A"
"FOS","STIM1",1,"A"
"FOS","TNFAIP6",1,"A"
"FOS","TP53",1,"A"
"FOS","UBP1",1,"A"
"FOS","VDR",1,"A"
"FOS","VEGFA",1,"A"
"FOS","VEGFD",1,"A"
"FOSL1","CDKN2A",1,"A"
"FOSL1","CLU",1,"A"
"FOSL1","ELN",1,"A"
"FOSL1","GCLC",1,"A"
"FOSL1","IL6",1,"A"
"FOSL1","ITGB3",-1,"A"
"FOSL1","IVL",1,"A"
"FOSL1","MMP1",1,"A"
"FOSL1","MMP9",1,"A"
"FOSL1","NQO1",1,"A"
"FOSL1","PLAUR",1,"A"
"FOSL2","BCL6",1,"A"
"FOSL2","BRCA1",1,"A"
"FOSL2","CCR4",1,"A"
"FOSL2","CLU",1,"A"
"FOSL2","FOSL1",1,"A"
"FOSL2","IVL",1,"A"
"FOSL2","MMP13",1,"A"
"FOSL2","NOS2",1,"A"
"FOSL2","PLAUR",1,"A"
"FOSL2","UGT2B15",1,"A"
"FOXA1","ABCA1",-1,"A"
"FOXA1","AGR2",1,"A"
"FOXA1","APOA1",1,"A"
"FOXA1","APOB",1,"A"
"FOXA1","BCL2",-1,"A"
"FOXA1","BRCA1",1,"A"
"FOXA1","CCNG2",1,"A"
"FOXA1","CEBPA",1,"A"
"FOXA1","CFTR",-1,"A"
"FOXA1","CYP7A1",1,"A"
"FOXA1","ERBB3",1,"A"
"FOXA1","ESR1",1,"A"
"FOXA1","FOXC1",1,"A"
"FOXA1","G6PC",1,"A"
"FOXA1","GREB1",1,"A"
"FOXA1","HSPA1A",1,"A"
"FOXA1","IFI27",1,"A"
"FOXA1","KLK3",1,"A"
"FOXA1","KRT7",1,"A"
"FOXA1","MUC4",1,"A"
"FOXA1","MYC",1,"A"
"FOXA1","NF1",1,"A"
"FOXA1","PDX1",1,"A"
"FOXA1","RET",1,"A"
"FOXA1","RPRM",-1,"A"
"FOXA1","SCGB1A1",1,"A"
"FOXA1","SFTPB",1,"A"
"FOXA1","TFF1",1,"A"
"FOXA1","TTR",1,"A"
"FOXA1","UGT2B15",1,"A"
"FOXA1","UGT2B17",1,"A"
"FOXA2","APOA1",1,"B"
"FOXA2","CDH1",1,"B"
"FOXA2","CFTR",-1,"B"
"FOXA2","CYP7A1",1,"B"
"FOXA2","G6PC",1,"B"
"FOXA2","HHEX",1,"B"
"FOXA2","MUC4",1,"B"
"FOXA2","PDX1",1,"B"
"FOXA2","TTR",1,"B"
"FOXA2","TCF7L2",1,"B"
"FOXA2","WWC1",1,"B"
"FOXJ2","SUN1",1,"C"
"FOXJ2","ANTXR2",1,"C"
"FOXJ2","ARID4A",1,"C"
"FOXJ2","AZI2",1,"C"
"FOXJ2","BFSP1",1,"C"
"FOXJ2","CC2D2A",1,"C"
"FOXJ2","CFAP69",1,"C"
"FOXJ2","CFAP94",1,"C"
"FOXJ2","CRB1",1,"C"
"FOXJ2","CWC27",1,"C"
"FOXJ2","DNAJC16",1,"C"
"FOXJ2","ERMN",1,"C"
"FOXJ2","FAM13A",1,"C"
"FOXJ2","FAM81B",1,"C"
"FOXJ2","FHL1",1,"C"
"FOXJ2","FOXP1",1,"C"
"FOXJ2","HBP1",1,"C"
"FOXJ2","HIBADH",1,"C"
"FOXJ2","JAK1",1,"C"
"FOXJ2","LRBA",1,"C"
"FOXJ2","MAK",1,"C"
"FOXJ2","OSR2",1,"C"
"FOXJ2","OTUD5",1,"C"
"FOXJ2","PCGF5",1,"C"
"FOXJ2","PER1",1,"C"
"FOXJ2","PIK3CA",1,"C"
"FOXJ2","PRPF8",1,"C"
"FOXJ2","QTRT2",1,"C"
"FOXJ2","RHOBTB1",1,"C"
"FOXJ2","SAMSN1",1,"C"
"FOXJ2","SELENOP",1,"C"
"FOXJ2","STAG2",1,"C"
"FOXJ2","TNRC18",1,"C"
"FOXJ2","TNXB",1,"C"
"FOXJ2","TRA2A",1,"C"
"FOXJ2","WEE1",1,"C"
"FOXJ2","ZBTB20",1,"C"
"FOXK2","AKT2",1,"C"
"FOXK2","ANKRD11",1,"C"
"FOXK2","ARID5B",1,"C"
"FOXK2","ATF7IP2",1,"C"
"FOXK2","CLEC16A",1,"C"
"FOXK2","CMBL",1,"C"
"FOXK2","CTTN",1,"C"
"FOXK2","DIXDC1",1,"C"
"FOXK2","DNAJB6",1,"C"
"FOXK2","DPP9",1,"C"
"FOXK2","FDFT1",1,"C"
"FOXK2","FOXK1",1,"C"
"FOXK2","GATAD2A",1,"C"
"FOXK2","HNRNPF",1,"C"
"FOXK2","ITPR1",1,"C"
"FOXK2","KDM6B",1,"C"
"FOXK2","LDLR",1,"C"
"FOXK2","MARCHF3",1,"C"
"FOXK2","MARK2",1,"C"
"FOXK2","MED15",1,"C"
"FOXK2","MGRN1",1,"C"
"FOXK2","MNT",1,"C"
"FOXK2","MTHFR",1,"C"
"FOXK2","NEDD4L",1,"C"
"FOXK2","NSUN4",1,"C"
"FOXK2","OSBPL9",1,"C"
"FOXK2","PCBP1",1,"C"
"FOXK2","PHF12",1,"C"
"FOXK2","PI4KA",1,"C"
"FOXK2","PICALM",1,"C"
"FOXK2","POR",1,"C"
"FOXK2","PTP4A2",1,"C"
"FOXK2","SEMA4B",1,"C"
"FOXK2","SMURF1",1,"C"
"FOXK2","SNAP23",1,"C"
"FOXK2","ST7",1,"C"
"FOXK2","STAT3",1,"C"
"FOXK2","TLE3",1,"C"
"FOXK2","TLK1",1,"C"
"FOXK2","TPM3",1,"C"
"FOXK2","TRAPPC10",1,"C"
"FOXK2","TSC22D2",1,"C"
"FOXK2","TXNIP",1,"C"
"FOXK2","UBE2D3",1,"C"
"FOXK2","USP42",1,"C"
"FOXK2","VPS13D",1,"C"
"FOXK2","WEE1",1,"C"
"FOXK2","XPO7",1,"C"
"FOXK2","XXYLT1",1,"C"
"FOXK2","ZNF131",1,"C"
"FOXK2","ZSCAN31",1,"C"
"FOXL2","AMH",1,"A"
"FOXL2","ATF3",1,"A"
"FOXL2","BCL2A1",1,"A"
"FOXL2","CCL20",1,"A"
"FOXL2","CCL3",1,"A"
"FOXL2","CCL3L1",1,"A"
"FOXL2","CCL3L3",1,"A"
"FOXL2","CH25H",1,"A"
"FOXL2","CXCL2",1,"A"
"FOXL2","CXCL3",1,"A"
"FOXL2","CYP17A1",1,"A"
"FOXL2","CYP19A1",-1,"A"
"FOXL2","FOS",1,"A"
"FOXL2","FSHB",1,"A"
"FOXL2","IER3",1,"A"
"FOXL2","IFNL1",1,"A"
"FOXL2","IL11",1,"A"
"FOXL2","NR5A2",1,"A"
"FOXL2","PPARGC1A",1,"A"
"FOXL2","PTGS2",1,"A"
"FOXL2","SIRT1",1,"A"
"FOXL2","SOD2",1,"A"
"FOXL2","TNFAIP3",1,"A"
"FOXM1","AURKB",1,"A"
"FOXM1","BIRC5",1,"A"
"FOXM1","BMI1",1,"A"
"FOXM1","BRCA2",1,"A"
"FOXM1","CCNB1",1,"A"
"FOXM1","CCND1",1,"A"
"FOXM1","CCND2",1,"A"
"FOXM1","CDC25A",1,"A"
"FOXM1","CDC25B",1,"A"
"FOXM1","CDC25C",1,"A"
"FOXM1","CDC6",1,"A"
"FOXM1","CDK1",1,"A"
"FOXM1","CDKN1A",1,"A"
"FOXM1","CDKN1B",1,"A"
"FOXM1","CDX2",1,"A"
"FOXM1","CENPA",1,"A"
"FOXM1","CENPB",1,"A"
"FOXM1","CENPF",1,"A"
"FOXM1","CKS1B",1,"A"
"FOXM1","CYP7A1",1,"A"
"FOXM1","ESR1",1,"A"
"FOXM1","FOS",1,"A"
"FOXM1","FOXF1",1,"A"
"FOXM1","ITGB1",1,"A"
"FOXM1","LAMA2",1,"A"
"FOXM1","LAMA4",1,"A"
"FOXM1","MMP2",1,"A"
"FOXM1","MYC",1,"A"
"FOXM1","ONECUT1",1,"A"
"FOXM1","PECAM1",1,"A"
"FOXM1","PLK1",1,"A"
"FOXM1","SKP2",1,"A"
"FOXM1","VEGFA",1,"A"
"FOXM1","XRCC1",1,"A"
"FOXO1","ABCB1",1,"A"
"FOXO1","AGRP",1,"A"
"FOXO1","ALPI",1,"A"
"FOXO1","ANGPT2",1,"A"
"FOXO1","BCL2L11",1,"A"
"FOXO1","CAV1",1,"A"
"FOXO1","CCNB1",-1,"A"
"FOXO1","CCNB2",-1,"A"
"FOXO1","CCND1",-1,"A"
"FOXO1","CCND2",-1,"A"
"FOXO1","CCNG2",1,"A"
"FOXO1","CDKN1A",1,"A"
"FOXO1","CDKN1B",1,"A"
"FOXO1","CDKN1C",1,"A"
"FOXO1","CDKN2B",1,"A"
"FOXO1","CDKN2D",1,"A"
"FOXO1","CNOT8",1,"A"
"FOXO1","CNR1",-1,"A"
"FOXO1","DAAM1",1,"A"
"FOXO1","DAPK1",1,"A"
"FOXO1","DUSP4",-1,"A"
"FOXO1","EIF4EBP1",1,"A"
"FOXO1","G6PC",1,"A"
"FOXO1","IGFBP1",1,"A"
"FOXO1","IL1B",1,"A"
"FOXO1","KLF2",1,"A"
"FOXO1","MCM5",-1,"A"
"FOXO1","NOS3",1,"A"
"FOXO1","PCK1",1,"A"
"FOXO1","PCK2",1,"A"
"FOXO1","PDK4",1,"A"
"FOXO1","PPARG",1,"A"
"FOXO1","PRL",1,"A"
"FOXO1","RAG1",1,"A"
"FOXO1","RPS6KA3",1,"A"
"FOXO1","SCP2",1,"A"
"FOXO1","SELENOP",1,"A"
"FOXO1","SELL",1,"A"
"FOXO1","TIMP3",-1,"A"
"FOXO1","TMEM47",1,"A"
"FOXO1","TNFSF10",1,"A"
"FOXO1","TRIM63",1,"A"
"FOXO1","TXNIP",-1,"A"
"FOXO3","ABCB1",1,"A"
"FOXO3","AR",1,"A"
"FOXO3","BCL2L11",1,"A"
"FOXO3","BCL6",1,"A"
"FOXO3","BNIP3L",1,"A"
"FOXO3","CAT",1,"A"
"FOXO3","CBLB",1,"A"
"FOXO3","CCND1",-1,"A"
"FOXO3","CCND2",-1,"A"
"FOXO3","CCNG2",1,"A"
"FOXO3","CDKN1A",1,"A"
"FOXO3","CDKN2B",1,"A"
"FOXO3","CDKN2D",1,"A"
"FOXO3","CITED2",1,"A"
"FOXO3","DUSP5",1,"A"
"FOXO3","DUSP6",1,"A"
"FOXO3","ESR1",1,"A"
"FOXO3","FASLG",1,"A"
"FOXO3","FBXO32",1,"A"
"FOXO3","FOXO1",1,"A"
"FOXO3","G6PC",1,"A"
"FOXO3","GADD45A",1,"A"
"FOXO3","GALT",1,"A"
"FOXO3","HBP1",1,"A"
"FOXO3","ID1",1,"A"
"FOXO3","JAK1",1,"A"
"FOXO3","KLF4",1,"A"
"FOXO3","NOS3",1,"A"
"FOXO3","PIK3CA",1,"A"
"FOXO3","PINK1",1,"A"
"FOXO3","PLAU",-1,"A"
"FOXO3","PRDX3",1,"A"
"FOXO3","RBL2",1,"A"
"FOXO3","SIRT1",1,"A"
"FOXO3","SOD2",1,"A"
"FOXO3","STK11",1,"A"
"FOXO3","TNFSF10",1,"A"
"FOXO3","TXNIP",1,"A"
"FOXO4","BCL2L11",1,"A"
"FOXO4","BCL6",1,"A"
"FOXO4","CDKN1A",1,"A"
"FOXO4","CDKN1B",1,"A"
"FOXO4","G6PC",1,"A"
"FOXO4","GADD45A",1,"A"
"FOXO4","IGFBP1",1,"A"
"FOXO4","PCK2",1,"A"
"FOXO4","PPARGC1A",1,"A"
"FOXO4","RBL2",1,"A"
"FOXO4","SCP2",1,"A"
"FOXO4","SOD2",1,"A"
"FOXO4","SPRY2",1,"A"
"FOXO4","TNFSF10",1,"A"
"FOXP1","CDKN1A",-1,"B"
"FOXP1","CSF1R",-1,"B"
"FOXP1","IL2",-1,"B"
"FOXP1","KLK3",-1,"B"
"FOXP1","RAG1",-1,"B"
"FOXP1","SFTPC",-1,"B"
"FOXP1","TCF4",-1,"B"
"FOXP1","ACSL3",-1,"B"
"FOXP1","ACTR3",-1,"B"
"FOXP1","ADGRL2",-1,"B"
"FOXP1","AFF1",-1,"B"
"FOXP1","AFF3",-1,"B"
"FOXP1","AGAP1",-1,"B"
"FOXP1","AMPD3",-1,"B"
"FOXP1","ANGPT1",-1,"B"
"FOXP1","ANKRD28",-1,"B"
"FOXP1","AP3B1",-1,"B"
"FOXP1","ARHGAP32",-1,"B"
"FOXP1","ARID1A",-1,"B"
"FOXP1","ARID5B",-1,"B"
"FOXP1","AUTS2",-1,"B"
"FOXP1","AZIN1",-1,"B"
"FOXP1","BACH1",-1,"B"
"FOXP1","BACH2",-1,"B"
"FOXP1","BBC3",-1,"B"
"FOXP1","BCAS3",-1,"B"
"FOXP1","BCL11A",-1,"B"
"FOXP1","BIRC6",-1,"B"
"FOXP1","BNC2",-1,"B"
"FOXP1","CAB39",-1,"B"
"FOXP1","CACNA2D3",-1,"B"
"FOXP1","CADM1",-1,"B"
"FOXP1","CAMK2D",-1,"B"
"FOXP1","CASZ1",-1,"B"
"FOXP1","CDK6",-1,"B"
"FOXP1","CEP112",-1,"B"
"FOXP1","CHD2",-1,"B"
"FOXP1","CHD9",-1,"B"
"FOXP1","CHN1",-1,"B"
"FOXP1","CHN2",-1,"B"
"FOXP1","CLASP2",-1,"B"
"FOXP1","CREB5",-1,"B"
"FOXP1","CRYBG1",-1,"B"
"FOXP1","CUL3",-1,"B"
"FOXP1","DIP2B",-1,"B"
"FOXP1","DLGAP1",-1,"B"
"FOXP1","DOCK4",-1,"B"
"FOXP1","DST",-1,"B"
"FOXP1","EFNA5",-1,"B"
"FOXP1","EGLN3",-1,"B"
"FOXP1","EIF3H",-1,"B"
"FOXP1","EIF4G3",-1,"B"
"FOXP1","ELF2",-1,"B"
"FOXP1","EPB41L2",-1,"B"
"FOXP1","EPRS1",-1,"B"
"FOXP1","ERC2",-1,"B"
"FOXP1","FAM13A",-1,"B"
"FOXP1","FAT1",-1,"B"
"FOXP1","FCHSD2",-1,"B"
"FOXP1","FNDC3B",-1,"B"
"FOXP1","FOCAD",-1,"B"
"FOXP1","FOXN3",-1,"B"
"FOXP1","GBE1",-1,"B"
"FOXP1","GLIS3",-1,"B"
"FOXP1","GPBP1L1",-1,"B"
"FOXP1","GSE1",-1,"B"
"FOXP1","GTDC1",-1,"B"
"FOXP1","HECTD1",-1,"B"
"FOXP1","HIVEP2",-1,"B"
"FOXP1","IGF1R",-1,"B"
"FOXP1","ITGA4",-1,"B"
"FOXP1","ITPR1",-1,"B"
"FOXP1","JADE2",-1,"B"
"FOXP1","KDM4C",-1,"B"
"FOXP1","KIAA1217",-1,"B"
"FOXP1","LAMC1",-1,"B"
"FOXP1","LARGE1",-1,"B"
"FOXP1","LIMCH1",-1,"B"
"FOXP1","LIMS1",-1,"B"
"FOXP1","LNX1",-1,"B"
"FOXP1","LRIG1",-1,"B"
"FOXP1","LSAMP",-1,"B"
"FOXP1","LTBP1",-1,"B"
"FOXP1","MAD1L1",-1,"B"
"FOXP1","MAGI1",-1,"B"
"FOXP1","MALAT1",-1,"B"
"FOXP1","MAML3",-1,"B"
"FOXP1","MAP2",-1,"B"
"FOXP1","MCTP1",-1,"B"
"FOXP1","MCTP2",-1,"B"
"FOXP1","MECOM",-1,"B"
"FOXP1","MIPOL1",-1,"B"
"FOXP1","MIR99AHG",-1,"B"
"FOXP1","MPZL1",-1,"B"
"FOXP1","MSI2",-1,"B"
"FOXP1","MTA3",-1,"B"
"FOXP1","NAV2",-1,"B"
"FOXP1","NCOR2",-1,"B"
"FOXP1","NPAS3",-1,"B"
"FOXP1","NRP2",-1,"B"
"FOXP1","NRXN3",-1,"B"
"FOXP1","NUP98",-1,"B"
"FOXP1","PACS1",-1,"B"
"FOXP1","PARP1",-1,"B"
"FOXP1","PDE4B",-1,"B"
"FOXP1","PDS5B",-1,"B"
"FOXP1","PHLPP1",-1,"B"
"FOXP1","PHTF2",-1,"B"
"FOXP1","PIK3R1",-1,"B"
"FOXP1","PIP4K2A",-1,"B"
"FOXP1","PLCB1",-1,"B"
"FOXP1","PMAIP1",-1,"B"
"FOXP1","POU2F1",-1,"B"
"FOXP1","PPP1R12A",-1,"B"
"FOXP1","PREX1",-1,"B"
"FOXP1","PRKCB",-1,"B"
"FOXP1","PRPF31",-1,"B"
"FOXP1","PTCH1",-1,"B"
"FOXP1","PVT1",-1,"B"
"FOXP1","RABGAP1L",-1,"B"
"FOXP1","RAD51B",-1,"B"
"FOXP1","RAPGEF1",-1,"B"
"FOXP1","RAPGEF4",-1,"B"
"FOXP1","RAPGEF5",-1,"B"
"FOXP1","RBPJ",-1,"B"
"FOXP1","RBPMS",-1,"B"
"FOXP1","RERE",-1,"B"
"FOXP1","RFTN1",-1,"B"
"FOXP1","RIN2",-1,"B"
"FOXP1","ROCK1",-1,"B"
"FOXP1","ROR2",-1,"B"
"FOXP1","RPTOR",-1,"B"
"FOXP1","RUNX1",-1,"B"
"FOXP1","SDK2",-1,"B"
"FOXP1","SEPTIN9",-1,"B"
"FOXP1","SHANK2",-1,"B"
"FOXP1","SLC22A23",-1,"B"
"FOXP1","SMARCC1",-1,"B"
"FOXP1","SND1",-1,"B"
"FOXP1","SNX25",-1,"B"
"FOXP1","SORL1",-1,"B"
"FOXP1","SPAG9",-1,"B"
"FOXP1","SPIDR",-1,"B"
"FOXP1","SSBP2",-1,"B"
"FOXP1","STAG1",-1,"B"
"FOXP1","STAG2",-1,"B"
"FOXP1","STAT3",-1,"B"
"FOXP1","STIM2",-1,"B"
"FOXP1","SVIL",-1,"B"
"FOXP1","TBC1D2B",-1,"B"
"FOXP1","TBXAS1",-1,"B"
"FOXP1","TCF12",-1,"B"
"FOXP1","TENM4",-1,"B"
"FOXP1","THADA",-1,"B"
"FOXP1","TPD52",-1,"B"
"FOXP1","TPP2",-1,"B"
"FOXP1","TRAPPC9",-1,"B"
"FOXP1","TXNRD1",-1,"B"
"FOXP1","U2SURP",-1,"B"
"FOXP1","UBE3C",-1,"B"
"FOXP1","UST",-1,"B"
"FOXP1","UTRN",-1,"B"
"FOXP1","VGLL4",-1,"B"
"FOXP1","VPS13A",-1,"B"
"FOXP1","VPS13C",-1,"B"
"FOXP1","VPS41",-1,"B"
"FOXP1","WNK1",-1,"B"
"FOXP1","XXYLT1",-1,"B"
"FOXP1","YPEL3",-1,"B"
"FOXP1","ZBTB16",-1,"B"
"FOXP1","ZFAT",-1,"B"
"FOXP1","ZFP36L1",-1,"B"
"FOXP1","ZMYM2",-1,"B"
"FOXP1","ZNF608",-1,"B"
"FOXP2","CNTNAP2",-1,"C"
"FOXP2","MET",-1,"C"
"FOXP2","PLAUR",1,"C"
"FOXP2","ACOT7",-1,"C"
"FOXP2","ARHGEF4",-1,"C"
"FOXP2","CDKN1A",-1,"C"
"FOXP2","DIP2C",-1,"C"
"FOXP2","FOXO3",-1,"C"
"FOXP2","FOXP1",-1,"C"
"FOXP2","FYN",-1,"C"
"FOXP2","GNAS",-1,"C"
"FOXP2","HIVEP3",-1,"C"
"FOXP2","IGF1R",-1,"C"
"FOXP2","KLHL23",-1,"C"
"FOXP2","MEIS2",-1,"C"
"FOXP2","MGAT1",-1,"C"
"FOXP2","MXI1",-1,"C"
"FOXP2","NECTIN2",-1,"C"
"FOXP2","NETO1",-1,"C"
"FOXP2","NR3C1",-1,"C"
"FOXP2","PBX1",-1,"C"
"FOXP2","PLEKHA5",-1,"C"
"FOXP2","PTCH1",-1,"C"
"FOXP2","RBFOX2",-1,"C"
"FOXP2","RIPOR1",-1,"C"
"FOXP2","RORA",-1,"C"
"FOXP2","RUNX1",-1,"C"
"FOXP2","SLC1A5",-1,"C"
"FOXP2","SLC8A2",-1,"C"
"FOXP2","STAT1",-1,"C"
"FOXP2","TCF4",-1,"C"
"FOXP2","TFAP4",-1,"C"
"FOXP2","TGIF1",-1,"C"
"FOXP2","TRIO",-1,"C"
"FOXP2","ZBTB4",-1,"C"
"FOXP2","ZNF395",-1,"C"
"GABPA","BRCA1",1,"C"
"GABPA","TOMM70",1,"C"
"GABPA","CDK13",1,"C"
"GABPA","AAK1",1,"C"
"GABPA","ACTB",1,"C"
"GABPA","ARHGEF4",1,"C"
"GABPA","ARHGEF7",1,"C"
"GABPA","ARPC5L",1,"C"
"GABPA","ASPSCR1",1,"C"
"GABPA","BICRAL",1,"C"
"GABPA","CAP1",1,"C"
"GABPA","CBX8",1,"C"
"GABPA","CCDC171",1,"C"
"GABPA","DLG1",1,"C"
"GABPA","DOCK4",1,"C"
"GABPA","EFR3A",1,"C"
"GABPA","ELOVL6",1,"C"
"GABPA","ERBB2",1,"C"
"GABPA","ERCC1",1,"C"
"GABPA","EXOC6",1,"C"
"GABPA","FRYL",1,"C"
"GABPA","IPO11",1,"C"
"GABPA","LARP4B",1,"C"
"GABPA","LIG4",1,"C"
"GABPA","LSM4",1,"C"
"GABPA","MAD2L1BP",1,"C"
"GABPA","MARK2",1,"C"
"GABPA","MBNL1",1,"C"
"GABPA","MED15",1,"C"
"GABPA","NCOA2",1,"C"
"GABPA","NEK7",1,"C"
"GABPA","NFIB",1,"C"
"GABPA","NIPBL",1,"C"
"GABPA","NSD3",1,"C"
"GABPA","OXR1",1,"C"
"GABPA","PNKP",1,"C"
"GABPA","PTK2B",1,"C"
"GABPA","PTPN12",1,"C"
"GABPA","PTTG1IP",1,"C"
"GABPA","RABGEF1",1,"C"
"GABPA","RNF38",1,"C"
"GABPA","SEC31A",1,"C"
"GABPA","STIM2",1,"C"
"GABPA","TBC1D5",1,"C"
"GABPA","TCF12",1,"C"
"GABPA","TM9SF3",1,"C"
"GABPA","TRAPPC10",1,"C"
"GABPA","TSNARE1",1,"C"
"GABPA","UBR4",1,"C"
"GABPA","UTRN",1,"C"
"GABPA","VPS13B",1,"C"
"GABPA","VPS53",1,"C"
"GABPA","WDR37",1,"C"
"GABPA","ZNF280D",1,"C"
"GATA1","AGGF1",1,"A"
"GATA1","ALAS2",1,"A"
"GATA1","CCR3",1,"A"
"GATA1","COPS5",1,"A"
"GATA1","CYBB",1,"A"
"GATA1","EPO",1,"A"
"GATA1","GFI1B",1,"A"
"GATA1","GP6",1,"A"
"GATA1","HBB",1,"A"
"GATA1","HBG1",1,"A"
"GATA1","HEMGN",-1,"A"
"GATA1","NFE2",1,"A"
"GATA1","PF4",1,"A"
"GATA1","TBXA2R",1,"A"
"GATA1","WT1",1,"A"
"GATA2","ACKR1",1,"A"
"GATA2","ADH1A",1,"A"
"GATA2","AMOTL1",1,"A"
"GATA2","ANGPT2",1,"A"
"GATA2","APEX1",-1,"A"
"GATA2","AR",1,"A"
"GATA2","ARRDC4",1,"A"
"GATA2","CCM2",-1,"A"
"GATA2","CCRL2",1,"A"
"GATA2","CTSH",1,"A"
"GATA2","CYBB",-1,"A"
"GATA2","DPYSL2",1,"A"
"GATA2","EFCAB2",-1,"A"
"GATA2","ELMO1",1,"A"
"GATA2","EPO",-1,"A"
"GATA2","FCER1A",1,"A"
"GATA2","FDPS",1,"A"
"GATA2","FOXO3",1,"A"
"GATA2","GATA1",1,"A"
"GATA2","GPR146",1,"A"
"GATA2","GULP1",-1,"A"
"GATA2","HMGB1",1,"A"
"GATA2","HTR5A",1,"A"
"GATA2","ICAM4",1,"A"
"GATA2","IL1RL1",1,"A"
"GATA2","LYL1",1,"A"
"GATA2","MS4A2",1,"A"
"GATA2","MYC",1,"A"
"GATA2","NOS3",1,"A"
"GATA2","PECAM1",1,"A"
"GATA2","PLSCR2",1,"A"
"GATA2","PNPLA8",-1,"A"
"GATA2","PPARG",-1,"A"
"GATA2","PPP1R15A",1,"A"
"GATA2","PSD4",1,"A"
"GATA2","SGK1",-1,"A"
"GATA2","TGFB2",-1,"A"
"GATA2","TNFAIP8L1",1,"A"
"GATA2","VWA5A",1,"A"
"GATA2","WT1",1,"A"
"GATA3","ABCC2",1,"A"
"GATA3","ANXA2P3",1,"A"
"GATA3","APBA1",1,"A"
"GATA3","ARNT2",1,"A"
"GATA3","ATP2B1",1,"A"
"GATA3","ATXN10",1,"A"
"GATA3","BCAS3",1,"A"
"GATA3","BLCAP",1,"A"
"GATA3","BPIFB1",1,"A"
"GATA3","CD40LG",1,"A"
"GATA3","CD8A",1,"A"
"GATA3","CD8B",1,"A"
"GATA3","CDH1",1,"A"
"GATA3","CDX2",1,"A"
"GATA3","EDN1",1,"A"
"GATA3","EGFR",1,"A"
"GATA3","EPHA7",1,"A"
"GATA3","EPO",-1,"A"
"GATA3","EPOR",1,"A"
"GATA3","ERG",1,"A"
"GATA3","ESR1",1,"A"
"GATA3","FBXO11",1,"A"
"GATA3","FN1",1,"A"
"GATA3","FNDC3B",1,"A"
"GATA3","FOXC1",-1,"A"
"GATA3","GALNT10",1,"A"
"GATA3","GCNT4",1,"A"
"GATA3","GREB1",1,"A"
"GATA3","GRM7",1,"A"
"GATA3","IFNG",1,"A"
"GATA3","IL12RB2",-1,"A"
"GATA3","IL13",1,"A"
"GATA3","IL2RA",1,"A"
"GATA3","IL4",1,"A"
"GATA3","IL4R",1,"A"
"GATA3","IL5",1,"A"
"GATA3","ITPK1",1,"A"
"GATA3","KMT2E",1,"A"
"GATA3","MAF",1,"A"
"GATA3","MDM2",1,"A"
"GATA3","MYC",1,"A"
"GATA3","MYRIP",1,"A"
"GATA3","NCOA3",1,"A"
"GATA3","NETO1",1,"A"
"GATA3","NFKB1",1,"A"
"GATA3","NRCAM",1,"A"
"GATA3","PDE3A",1,"A"
"GATA3","PDE7B",1,"A"
"GATA3","PPARG",1,"A"
"GATA3","RBMS1",1,"A"
"GATA3","RHOH",1,"A"
"GATA3","RPL29P19",1,"A"
"GATA3","SEPTIN7",1,"A"
"GATA3","SH3KBP1",1,"A"
"GATA3","SLC24A3",1,"A"
"GATA3","SLCO4C1",1,"A"
"GATA3","SLIT2",1,"A"
"GATA3","SPEF2",1,"A"
"GATA3","SST",1,"A"
"GATA3","ST8SIA6",1,"A"
"GATA3","SVIL",1,"A"
"GATA3","TCF7L2",1,"A"
"GATA3","TEK",1,"A"
"GATA3","TET2",1,"A"
"GATA3","TFF1",1,"A"
"GATA3","TGFBR3",1,"A"
"GATA3","TLR5",1,"A"
"GATA3","UST",1,"A"
"GATA3","VAPB",1,"A"
"GATA3","ZEB1",1,"A"
"GATA3","ZNF217",1,"A"
"GATA3","ZNF507",1,"A"
"GATA3","ZXDC",1,"A"
"GATA4","ADA",1,"C"
"GATA4","CYP17A1",1,"C"
"GATA4","ERBB2",-1,"C"
"GATA4","IL5",1,"C"
"GATA4","NOS3",1,"C"
"GATA4","NPPA",1,"C"
"GATA4","CLDN14",1,"C"
"GATA4","CLDN6",1,"C"
"GATA4","FLNB",1,"C"
"GATA4","KIAA1217",1,"C"
"GATA6","APOA1",1,"C"
"GATA6","CYP17A1",1,"C"
"GATA6","SEMA6A",1,"C"
"GATA6","SVIL",1,"C"
"GATA6","ABCC5",1,"C"
"GATA6","ARHGAP42",1,"C"
"GATA6","ATE1",1,"C"
"GATA6","ATP2B1",1,"C"
"GATA6","BARX2",1,"C"
"GATA6","BCAR3",1,"C"
"GATA6","BCAS3",1,"C"
"GATA6","BHLHE40",1,"C"
"GATA6","BMPR1B",1,"C"
"GATA6","CEP128",1,"C"
"GATA6","CLIC5",1,"C"
"GATA6","CUX1",1,"C"
"GATA6","DLC1",1,"C"
"GATA6","DPYSL2",1,"C"
"GATA6","FILIP1L",1,"C"
"GATA6","FLNB",1,"C"
"GATA6","GALNT2",1,"C"
"GATA6","KRT18",1,"C"
"GATA6","KRT8",1,"C"
"GATA6","LMCD1",1,"C"
"GATA6","MEF2C",1,"C"
"GATA6","MICAL2",1,"C"
"GATA6","MID1",1,"C"
"GATA6","MYLK",1,"C"
"GATA6","NR5A2",1,"C"
"GATA6","PCSK5",1,"C"
"GATA6","PDE4D",1,"C"
"GATA6","PHLDB2",1,"C"
"GATA6","PKDCC",1,"C"
"GATA6","PKIB",1,"C"
"GATA6","PLCB4",1,"C"
"GATA6","PLEKHA7",1,"C"
"GATA6","PRDM16",1,"C"
"GATA6","PTK2B",1,"C"
"GATA6","RBM47",1,"C"
"GATA6","RGS3",1,"C"
"GATA6","SEPTIN9",1,"C"
"GATA6","SH3KBP1",1,"C"
"GATA6","SH3RF2",1,"C"
"GATA6","SIPA1L2",1,"C"
"GATA6","SLC15A2",1,"C"
"GATA6","SOX6",1,"C"
"GATA6","SPTB",1,"C"
"GATA6","STARD13",1,"C"
"GATA6","SYNE1",1,"C"
"GATA6","SYNE2",1,"C"
"GATA6","TBC1D1",1,"C"
"GATA6","TMSB4X",1,"C"
"GATA6","ZFP36L1",1,"C"
"GFI1B","MEF2C",-1,"C"
"GFI1B","AHCYL2",1,"C"
"GFI1B","AMBRA1",1,"C"
"GFI1B","APLP2",1,"C"
"GFI1B","BRD2",1,"C"
"GFI1B","CPNE5",1,"C"
"GFI1B","FOXP1",1,"C"
"GFI1B","FRYL",1,"C"
"GFI1B","HK1",1,"C"
"GFI1B","HNRNPF",1,"C"
"GFI1B","KCNN3",1,"C"
"GFI1B","KSR1",1,"C"
"GFI1B","LTBP4",1,"C"
"GFI1B","MACF1",1,"C"
"GFI1B","MGAT1",1,"C"
"GFI1B","MYH9",1,"C"
"GFI1B","NAV2",1,"C"
"GFI1B","NEDD4L",1,"C"
"GFI1B","PLB1",1,"C"
"GFI1B","RERE",1,"C"
"GFI1B","SGMS1",1,"C"
"GFI1B","SMYD3",1,"C"
"GFI1B","SND1",1,"C"
"GFI1B","SSH1",1,"C"
"GFI1B","STAT6",1,"C"
"GFI1B","TMCC2",1,"C"
"GFI1B","TRIM2",1,"C"
"GFI1B","USP10",1,"C"
"GFI1B","VPS13D",1,"C"
"GLI2","BCL2",1,"A"
"GLI2","CCND1",1,"A"
"GLI2","COL5A2",1,"A"
"GLI2","EFEMP1",-1,"A"
"GLI2","FAS",-1,"A"
"GLI2","FGF13",1,"A"
"GLI2","FOXA2",1,"A"
"GLI2","FOXE1",1,"A"
"GLI2","FST",1,"A"
"GLI2","GLI1",1,"A"
"GLI2","IFNGR1",-1,"A"
"GLI2","LUM",-1,"A"
"GLI2","PCNA",1,"A"
"GLI2","PTCH1",1,"A"
"GLI2","UGCG",-1,"A"
"GLI2","WNT2B",1,"A"
"GRHL2","KIAA1522",1,"C"
"GRHL2","LAD1",1,"C"
"GRHL2","LIPH",1,"C"
"GRHL2","ABCA4",1,"C"
"GRHL2","ABLIM1",1,"C"
"GRHL2","ADGRF1",1,"C"
"GRHL2","AFAP1",1,"C"
"GRHL2","ALCAM",1,"C"
"GRHL2","ALK",1,"C"
"GRHL2","ARHGAP32",1,"C"
"GRHL2","ARHGEF4",1,"C"
"GRHL2","ATP8B1",1,"C"
"GRHL2","CALML3",1,"C"
"GRHL2","CAST",1,"C"
"GRHL2","CCDC12",1,"C"
"GRHL2","CDCP1",1,"C"
"GRHL2","CDH1",1,"C"
"GRHL2","CLDN4",1,"C"
"GRHL2","CTNNBIP1",1,"C"
"GRHL2","CUEDC1",1,"C"
"GRHL2","DENND2B",1,"C"
"GRHL2","EHF",1,"C"
"GRHL2","EPB41L1",1,"C"
"GRHL2","ESYT2",1,"C"
"GRHL2","ETV6",1,"C"
"GRHL2","EVL",1,"C"
"GRHL2","EXPH5",1,"C"
"GRHL2","FAT2",1,"C"
"GRHL2","FBLN2",1,"C"
"GRHL2","GDPD5",1,"C"
"GRHL2","GRAMD2B",1,"C"
"GRHL2","GSN",1,"C"
"GRHL2","HSPB1",1,"C"
"GRHL2","IQSEC1",1,"C"
"GRHL2","ITGB6",1,"C"
"GRHL2","KIAA1217",1,"C"
"GRHL2","LIMCH1",1,"C"
"GRHL2","LIMK2",1,"C"
"GRHL2","LPP",1,"C"
"GRHL2","MACF1",1,"C"
"GRHL2","MAL2",1,"C"
"GRHL2","MAP4K4",1,"C"
"GRHL2","MARK2",1,"C"
"GRHL2","MECOM",1,"C"
"GRHL2","MID1",1,"C"
"GRHL2","MIDEAS",1,"C"
"GRHL2","MYO5B",1,"C"
"GRHL2","NCEH1",1,"C"
"GRHL2","OSBPL3",1,"C"
"GRHL2","PACSIN2",1,"C"
"GRHL2","PCNX2",1,"C"
"GRHL2","PKP1",1,"C"
"GRHL2","PLB1",1,"C"
"GRHL2","PLEKHA7",1,"C"
"GRHL2","RBM47",1,"C"
"GRHL2","RP1",1,"C"
"GRHL2","SCEL",1,"C"
"GRHL2","SCNN1A",1,"C"
"GRHL2","SGMS1",1,"C"
"GRHL2","SHANK2",1,"C"
"GRHL2","SIPA1L3",1,"C"
"GRHL2","SLC12A8",1,"C"
"GRHL2","SLC22A23",1,"C"
"GRHL2","SLC35F2",1,"C"
"GRHL2","SLC3A2",1,"C"
"GRHL2","SLC44A3",1,"C"
"GRHL2","SLCO3A1",1,"C"
"GRHL2","SPIDR",1,"C"
"GRHL2","SPINT2",1,"C"
"GRHL2","ST14",1,"C"
"GRHL2","SULT2B1",1,"C"
"GRHL2","TAF1B",1,"C"
"GRHL2","TGFA",1,"C"
"GRHL2","TIAM2",1,"C"
"GRHL2","TMC1",1,"C"
"GRHL2","TNS3",1,"C"
"GRHL2","UMODL1",1,"C"
"GRHL2","WWC1",1,"C"
"GRHL2","ZNF608",1,"C"
"HBP1","MIF",-1,"C"
"HBP1","NCF1",-1,"C"
"HBP1","RUNX1",1,"C"
"HBP1","AFF1",-1,"C"
"HBP1","ARID1B",-1,"C"
"HBP1","ARID5B",-1,"C"
"HBP1","ATAD2",-1,"C"
"HBP1","CDK19",-1,"C"
"HBP1","CITED2",-1,"C"
"HBP1","CLN6",-1,"C"
"HBP1","EHD1",-1,"C"
"HBP1","ELF2",-1,"C"
"HBP1","ERCC1",-1,"C"
"HBP1","FOXO3",-1,"C"
"HBP1","GABARAPL2",-1,"C"
"HBP1","GNA13",-1,"C"
"HBP1","GTF2I",-1,"C"
"HBP1","HECTD1",-1,"C"
"HBP1","HERC3",-1,"C"
"HBP1","JMJD1C",-1,"C"
"HBP1","KANK1",-1,"C"
"HBP1","KLHDC2",-1,"C"
"HBP1","LRCH1",-1,"C"
"HBP1","MAP1LC3B",-1,"C"
"HBP1","MXI1",-1,"C"
"HBP1","NIPBL",-1,"C"
"HBP1","P3H4",-1,"C"
"HBP1","PHPT1",-1,"C"
"HBP1","PJA2",-1,"C"
"HBP1","PPM1A",-1,"C"
"HBP1","PPM1D",-1,"C"
"HBP1","RNF13",-1,"C"
"HBP1","RNF38",-1,"C"
"HBP1","SIN3A",-1,"C"
"HBP1","SMARCA2",-1,"C"
"HBP1","SQSTM1",-1,"C"
"HBP1","TLK1",-1,"C"
"HBP1","TOPORS",-1,"C"
"HBP1","VPS26A",-1,"C"
"HHEX","HNF4A",1,"C"
"HHEX","TLE1",-1,"C"
"HHEX","A2M",-1,"C"
"HHEX","ACSS3",-1,"C"
"HHEX","ADAP2",-1,"C"
"HHEX","ELMO1",-1,"C"
"HHEX","NINJ2",-1,"C"
"HHEX","NR2F2",-1,"C"
"HHEX","PLCG2",-1,"C"
"HHEX","SLC23A2",-1,"C"
"HHEX","WSCD1",-1,"C"
"HIF1A","ABCA1",1,"A"
"HIF1A","ABCB1",1,"A"
"HIF1A","ABCG2",1,"A"
"HIF1A","ADAM17",1,"A"
"HIF1A","ADIPOQ",1,"A"
"HIF1A","ADM",1,"A"
"HIF1A","ADORA2B",1,"A"
"HIF1A","AGT",1,"A"
"HIF1A","ALAS2",1,"A"
"HIF1A","ALDOA",1,"A"
"HIF1A","ANGPT2",1,"A"
"HIF1A","ANKRD37",1,"A"
"HIF1A","APH1A",1,"A"
"HIF1A","APLN",1,"A"
"HIF1A","AQP1",1,"A"
"HIF1A","AURKA",1,"A"
"HIF1A","BAX",1,"A"
"HIF1A","BCL2L1",1,"A"
"HIF1A","BHLHE40",1,"A"
"HIF1A","BHLHE41",1,"A"
"HIF1A","BIRC5",1,"A"
"HIF1A","BNIP3",1,"A"
"HIF1A","BNIP3L",1,"A"
"HIF1A","CA9",1,"A"
"HIF1A","CCL2",1,"A"
"HIF1A","CCN2",1,"A"
"HIF1A","CCND1",-1,"A"
"HIF1A","CD36",1,"A"
"HIF1A","CDH13",1,"A"
"HIF1A","CDKN1A",1,"A"
"HIF1A","CDKN1B",1,"A"
"HIF1A","CEACAM5",1,"A"
"HIF1A","CITED2",1,"A"
"HIF1A","COX4I1",1,"A"
"HIF1A","COX4I2",1,"A"
"HIF1A","CP",1,"A"
"HIF1A","CXCL12",1,"A"
"HIF1A","CXCR4",1,"A"
"HIF1A","CYGB",1,"A"
"HIF1A","DDIT4",1,"A"
"HIF1A","E2F3",1,"A"
"HIF1A","EDN1",1,"A"
"HIF1A","EDNRB",1,"A"
"HIF1A","EGLN1",1,"A"
"HIF1A","EGLN3",1,"A"
"HIF1A","ENG",1,"A"
"HIF1A","ENO1",1,"A"
"HIF1A","ENO2",1,"A"
"HIF1A","EPO",1,"A"
"HIF1A","ERCC6",1,"A"
"HIF1A","ERRFI1",1,"A"
"HIF1A","ETS1",1,"A"
"HIF1A","FAM162A",1,"A"
"HIF1A","FECH",1,"A"
"HIF1A","FGF2",1,"A"
"HIF1A","FHL1",1,"A"
"HIF1A","FLT1",1,"A"
"HIF1A","FOXM1",1,"A"
"HIF1A","FURIN",1,"A"
"HIF1A","GAPDH",1,"A"
"HIF1A","GBE1",1,"A"
"HIF1A","GCK",1,"A"
"HIF1A","GFPT1",1,"A"
"HIF1A","GPX3",1,"A"
"HIF1A","GRIN1",1,"A"
"HIF1A","GYS1",1,"A"
"HIF1A","HEY1",1,"A"
"HIF1A","HK1",1,"A"
"HIF1A","HK2",1,"A"
"HIF1A","HMGCR",1,"A"
"HIF1A","HMOX1",1,"A"
"HIF1A","HSP90B1",1,"A"
"HIF1A","HSPA1B",1,"A"
"HIF1A","ID2",1,"A"
"HIF1A","IGFBP1",1,"A"
"HIF1A","IL1B",1,"A"
"HIF1A","IL20",1,"A"
"HIF1A","ILK",1,"A"
"HIF1A","ITGB1",1,"A"
"HIF1A","ITGB2",1,"A"
"HIF1A","KDM3A",1,"A"
"HIF1A","KDM4B",1,"A"
"HIF1A","KITLG",1,"A"
"HIF1A","KLK3",1,"A"
"HIF1A","LDHA",1,"A"
"HIF1A","LEP",1,"A"
"HIF1A","LGALS1",1,"A"
"HIF1A","LOX",1,"A"
"HIF1A","MCL1",1,"A"
"HIF1A","MET",1,"A"
"HIF1A","MIF",1,"A"
"HIF1A","MMP14",1,"A"
"HIF1A","MUC1",1,"A"
"HIF1A","MUC5AC",1,"A"
"HIF1A","NAMPT",1,"A"
"HIF1A","NOS2",1,"A"
"HIF1A","NOS3",1,"A"
"HIF1A","NPM1",1,"A"
"HIF1A","NPPB",1,"A"
"HIF1A","NR3C1",1,"A"
"HIF1A","NR4A1",1,"A"
"HIF1A","NR4A3",1,"A"
"HIF1A","NT5E",1,"A"
"HIF1A","NTN1",1,"A"
"HIF1A","NTRK1",1,"A"
"HIF1A","PDK3",1,"A"
"HIF1A","PFKFB3",1,"A"
"HIF1A","PFKFB4",1,"A"
"HIF1A","PFKL",1,"A"
"HIF1A","PFKP",1,"A"
"HIF1A","PGAM1",1,"A"
"HIF1A","PGK1",1,"A"
"HIF1A","PKM",1,"A"
"HIF1A","PLA2G4A",1,"A"
"HIF1A","PLAUR",1,"A"
"HIF1A","PMAIP1",1,"A"
"HIF1A","POLI",1,"A"
"HIF1A","PPIA",1,"A"
"HIF1A","PPP1R10",1,"A"
"HIF1A","PPP1R3C",1,"A"
"HIF1A","PPP5C",1,"A"
"HIF1A","PTGS2",1,"A"
"HIF1A","RNF7",1,"A"
"HIF1A","RORA",1,"A"
"HIF1A","SERPINE1",1,"A"
"HIF1A","SLC11A1",1,"A"
"HIF1A","SLC16A4",1,"A"
"HIF1A","SLC2A1",1,"A"
"HIF1A","SOCS1",1,"A"
"HIF1A","SPHK1",1,"A"
"HIF1A","STC2",1,"A"
"HIF1A","TERT",1,"A"
"HIF1A","TF",1,"A"
"HIF1A","TFF3",1,"A"
"HIF1A","TFRC",1,"A"
"HIF1A","TGFB3",1,"A"
"HIF1A","TIMP1",1,"A"
"HIF1A","TLR2",1,"A"
"HIF1A","TLR4",1,"A"
"HIF1A","TLR6",1,"A"
"HIF1A","TP53",1,"A"
"HIF1A","TUBB3",1,"A"
"HIF1A","TWIST1",1,"A"
"HIF1A","VEGFA",1,"A"
"HIF1A","VEGFB",1,"A"
"HIF1A","VEGFD",1,"A"
"HIF1A","VHL",1,"A"
"HIF1A","ZNF217",1,"A"
"HINFP","ABT1",1,"C"
"HINFP","ACBD5",1,"C"
"HINFP","ATF7IP2",1,"C"
"HINFP","C2CD2L",1,"C"
"HINFP","CCDC9",1,"C"
"HINFP","CYB5R4",1,"C"
"HINFP","GPN1",1,"C"
"HINFP","IRAG1",1,"C"
"HINFP","MPZL1",1,"C"
"HINFP","PPP1R9B",1,"C"
"HINFP","REEP5",1,"C"
"HINFP","RUNX1",1,"C"
"HINFP","SEPTIN9",1,"C"
"HINFP","SUN2",1,"C"
"HINFP","TBXAS1",1,"C"
"HINFP","USP48",1,"C"
"HMBOX1","NCOA4",-1,"C"
"HMBOX1","PDE8A",-1,"C"
"HMBOX1","ADCY10",-1,"C"
"HMBOX1","AMBRA1",-1,"C"
"HMBOX1","ASPH",-1,"C"
"HMBOX1","CDKAL1",-1,"C"
"HMBOX1","CHD2",-1,"C"
"HMBOX1","CTBS",-1,"C"
"HMBOX1","CYTH1",-1,"C"
"HMBOX1","FOXP1",-1,"C"
"HMBOX1","INTS6L",-1,"C"
"HMBOX1","KDM4C",-1,"C"
"HMBOX1","KSR1",-1,"C"
"HMBOX1","PDE7A",-1,"C"
"HMBOX1","PEAK1",-1,"C"
"HMBOX1","PHF21A",-1,"C"
"HMBOX1","RBM39",-1,"C"
"HMBOX1","RBPJ",-1,"C"
"HMBOX1","REV3L",-1,"C"
"HMBOX1","RICTOR",-1,"C"
"HMBOX1","SMAD3",-1,"C"
"HMBOX1","SPIDR",-1,"C"
"HMBOX1","STK17B",-1,"C"
"HMBOX1","TNRC6B",-1,"C"
"HMBOX1","TXNRD1",-1,"C"
"HMBOX1","VPS13D",-1,"C"
"HMBOX1","ZNRF1",-1,"C"
"HNF1A","AKR1C4",1,"A"
"HNF1A","ALB",1,"A"
"HNF1A","APOH",1,"A"
"HNF1A","CDH17",1,"A"
"HNF1A","CRP",1,"A"
"HNF1A","CYP3A4",1,"A"
"HNF1A","CYP7A1",1,"A"
"HNF1A","FGL1",1,"A"
"HNF1A","G6PC",1,"A"
"HNF1A","HNF4A",1,"A"
"HNF1A","IGF1",1,"A"
"HNF1A","IGFBP1",1,"A"
"HNF1A","INS",1,"A"
"HNF1A","MIA2",1,"A"
"HNF1A","MTTP",1,"A"
"HNF1A","PDX1",1,"A"
"HNF1A","PROC",-1,"A"
"HNF1A","SLC22A10",1,"A"
"HNF1A","SLC22A9",1,"A"
"HNF1A","SLC2A2",1,"A"
"HNF1A","UGT1A1",1,"A"
"HNF1A","UGT1A10",1,"A"
"HNF1A","UGT1A6",1,"A"
"HNF1A","UGT1A8",1,"A"
"HNF1A","UGT1A9",1,"A"
"HNF1A","UGT2B17",1,"A"
"HNF1A","UGT2B7",1,"A"
"HNF1B","WDR72",1,"C"
"HNF1B","ACSL5",1,"C"
"HNF1B","ADGRL2",1,"C"
"HNF1B","ADGRV1",1,"C"
"HNF1B","AFDN",1,"C"
"HNF1B","AKR1C3",1,"C"
"HNF1B","ANXA10",1,"C"
"HNF1B","ARHGAP24",1,"C"
"HNF1B","ARHGEF28",1,"C"
"HNF1B","ATP6AP1L",1,"C"
"HNF1B","B3GALT5",1,"C"
"HNF1B","BMPR1B",1,"C"
"HNF1B","CEMIP2",1,"C"
"HNF1B","CNKSR3",1,"C"
"HNF1B","EHF",1,"C"
"HNF1B","EPS8",1,"C"
"HNF1B","FXYD2",1,"C"
"HNF1B","GLIS3",1,"C"
"HNF1B","GPR160",1,"C"
"HNF1B","GPR39",1,"C"
"HNF1B","GRAMD2B",1,"C"
"HNF1B","HAVCR1",1,"C"
"HNF1B","HDAC4",1,"C"
"HNF1B","KCNIP4",1,"C"
"HNF1B","LPP",1,"C"
"HNF1B","LYRM1",1,"C"
"HNF1B","MAL2",1,"C"
"HNF1B","MYO16",1,"C"
"HNF1B","NRXN1",1,"C"
"HNF1B","PARD3",1,"C"
"HNF1B","PHEX",1,"C"
"HNF1B","PLEKHG3",1,"C"
"HNF1B","PTP4A1",1,"C"
"HNF1B","SH3KBP1",1,"C"
"HNF1B","SPINK1",1,"C"
"HNF1B","TINAG",1,"C"
"HNF1B","TM4SF4",1,"C"
"HNF1B","TMCO5A",1,"C"
"HNF1B","VEPH1",1,"C"
"HNF1B","ZNF438",1,"C"
"HNF4A","ABCC2",1,"A"
"HNF4A","ABCC6",1,"A"
"HNF4A","ABCG5",-1,"A"
"HNF4A","ABCG8",-1,"A"
"HNF4A","ACAT2",1,"A"
"HNF4A","ACOT13",1,"A"
"HNF4A","ADAMTS1",1,"A"
"HNF4A","AFP",1,"A"
"HNF4A","AKR1C4",1,"A"
"HNF4A","ALDH6A1",1,"A"
"HNF4A","ALDOB",1,"A"
"HNF4A","ANK3",1,"A"
"HNF4A","APOA1",1,"A"
"HNF4A","APOA2",1,"A"
"HNF4A","APOA4",1,"A"
"HNF4A","APOB",1,"A"
"HNF4A","APOC3",1,"A"
"HNF4A","BPHL",1,"A"
"HNF4A","C1QTNF5",1,"A"
"HNF4A","C3",1,"A"
"HNF4A","CDKN1A",1,"A"
"HNF4A","CEACAM1",1,"A"
"HNF4A","CEBPA",1,"A"
"HNF4A","CLDN4",1,"A"
"HNF4A","CYP26A1",1,"A"
"HNF4A","CYP27A1",1,"A"
"HNF4A","CYP2B6",1,"A"
"HNF4A","CYP2C8",1,"A"
"HNF4A","CYP2C9",1,"A"
"HNF4A","CYP2D6",1,"A"
"HNF4A","CYP3A4",1,"A"
"HNF4A","CYP7A1",-1,"A"
"HNF4A","CYP8B1",1,"A"
"HNF4A","DSC2",1,"A"
"HNF4A","EBP",1,"A"
"HNF4A","EFHD1",1,"A"
"HNF4A","EPHX1",1,"A"
"HNF4A","EPHX2",1,"A"
"HNF4A","EPO",1,"A"
"HNF4A","EPS15L1",1,"A"
"HNF4A","F10",1,"A"
"HNF4A","F2",1,"A"
"HNF4A","FABP2",1,"A"
"HNF4A","G6PC",1,"A"
"HNF4A","G6PC3",1,"A"
"HNF4A","GFER",-1,"A"
"HNF4A","GH1",-1,"A"
"HNF4A","GHR",1,"A"
"HNF4A","GPR39",1,"A"
"HNF4A","GUCY2C",1,"A"
"HNF4A","HNF1A",1,"A"
"HNF4A","LDLR",1,"A"
"HNF4A","LIPC",1,"A"
"HNF4A","MME",1,"A"
"HNF4A","MYC",1,"A"
"HNF4A","NELL2",1,"A"
"HNF4A","NPC1L1",1,"A"
"HNF4A","NR1I2",1,"A"
"HNF4A","PCK1",1,"A"
"HNF4A","PCK2",1,"A"
"HNF4A","PCSK9",1,"A"
"HNF4A","PKLR",1,"A"
"HNF4A","PPARA",1,"A"
"HNF4A","PROS1",1,"A"
"HNF4A","PROZ",1,"A"
"HNF4A","PRPF3",1,"A"
"HNF4A","RNASE2",1,"A"
"HNF4A","SELENOP",1,"A"
"HNF4A","SERPINA1",1,"A"
"HNF4A","SERPINC1",1,"A"
"HNF4A","SHBG",1,"A"
"HNF4A","SLC22A6",1,"A"
"HNF4A","SLC26A3",1,"A"
"HNF4A","SLC2A2",1,"A"
"HNF4A","SOAT2",1,"A"
"HNF4A","SULT2A1",1,"A"
"HNF4A","TASP1",1,"A"
"HNF4A","TBP",1,"A"
"HNF4A","TCF7L2",1,"A"
"HNF4A","TGFA",1,"A"
"HNF4A","UGT1A6",1,"A"
"HNF4A","UGT1A9",1,"A"
"HNF4A","UGT2B7",1,"A"
"HNF4A","VEGFD",1,"A"
"HNF4G","AKR1C4",1,"C"
"HNF4G","APOA4",1,"C"
"HNF4G","CYP2D6",1,"C"
"HNF4G","SERPINA1",1,"C"
"HNF4G","SHBG",1,"C"
"HNF4G","DOK4",1,"C"
"HNF4G","WWC1",1,"C"
"HNF4G","ABAT",1,"C"
"HNF4G","ABLIM1",1,"C"
"HNF4G","ACOT7",1,"C"
"HNF4G","AGXT",1,"C"
"HNF4G","ALDH1A1",1,"C"
"HNF4G","ALDH2",1,"C"
"HNF4G","ALDH3B1",1,"C"
"HNF4G","ATP11A",1,"C"
"HNF4G","ATP2B2",1,"C"
"HNF4G","ATP8B1",1,"C"
"HNF4G","BCAS3",1,"C"
"HNF4G","BCOR",1,"C"
"HNF4G","CD99",1,"C"
"HNF4G","CPQ",1,"C"
"HNF4G","CREB3L3",1,"C"
"HNF4G","DUSP9",1,"C"
"HNF4G","EHF",1,"C"
"HNF4G","ERBB3",1,"C"
"HNF4G","FLNB",1,"C"
"HNF4G","GRAMD4",1,"C"
"HNF4G","HNF1A",1,"C"
"HNF4G","HNF1B",1,"C"
"HNF4G","HPCAL1",1,"C"
"HNF4G","HSD17B2",1,"C"
"HNF4G","IQGAP2",1,"C"
"HNF4G","KCNAB2",1,"C"
"HNF4G","KDM6B",1,"C"
"HNF4G","MYLK",1,"C"
"HNF4G","MYO18A",1,"C"
"HNF4G","NCOA4",1,"C"
"HNF4G","NEDD4L",1,"C"
"HNF4G","PLEC",1,"C"
"HNF4G","RAB11FIP4",1,"C"
"HNF4G","RBM47",1,"C"
"HNF4G","RGS3",1,"C"
"HNF4G","RNF43",1,"C"
"HNF4G","RREB1",1,"C"
"HNF4G","SEC14L1",1,"C"
"HNF4G","SELENOP",1,"C"
"HNF4G","SLCO2B1",1,"C"
"HNF4G","SORBS1",1,"C"
"HNF4G","SPATS2L",1,"C"
"HNF4G","SPHK1",1,"C"
"HNF4G","STK24",1,"C"
"HNF4G","TACC2",1,"C"
"HNF4G","TMEM37",1,"C"
"HNF4G","TMPRSS2",1,"C"
"HNF4G","VAMP5",1,"C"
"HNF4G","WNK2",1,"C"
"HOXA9","AGTPBP1",1,"C"
"HOXA9","ARHGAP15",1,"C"
"HOXA9","CRYZL1",1,"C"
"HOXA9","DYRK1A",1,"C"
"HOXA9","GHR",1,"C"
"HOXA9","GSAP",1,"C"
"HOXA9","HECW2",1,"C"
"HOXA9","IPCEF1",1,"C"
"HOXA9","MAST2",1,"C"
"HOXA9","NAV2",1,"C"
"HOXA9","NEMP1",1,"C"
"HOXA9","NF1",1,"C"
"HOXA9","PPARG",1,"C"
"HOXA9","RALGAPA2",1,"C"
"HOXA9","RERE",1,"C"
"HOXA9","RGS13",1,"C"
"HOXA9","RNF111",1,"C"
"HOXA9","SPAG17",1,"C"
"HOXA9","SPOCK1",1,"C"
"HOXA9","TLE4",1,"C"
"HOXA9","VIM",1,"C"
"HOXA9","ZNF503",1,"C"
"HOXB13","TCF4",-1,"C"
"HOXB13","ADAM7",1,"C"
"HOXB13","AKAP13",1,"C"
"HOXB13","ANK3",1,"C"
"HOXB13","ARHGAP32",1,"C"
"HOXB13","BNC2",1,"C"
"HOXB13","CNTN4",1,"C"
"HOXB13","CNTNAP5",1,"C"
"HOXB13","COL14A1",1,"C"
"HOXB13","COP1",1,"C"
"HOXB13","CTNNAL1",1,"C"
"HOXB13","DLG2",1,"C"
"HOXB13","DNAH11",1,"C"
"HOXB13","DOCK4",1,"C"
"HOXB13","DOCK9",1,"C"
"HOXB13","EPB41L2",1,"C"
"HOXB13","ERG",1,"C"
"HOXB13","ESR1",1,"C"
"HOXB13","ESRRG",1,"C"
"HOXB13","EXOC4",1,"C"
"HOXB13","FRYL",1,"C"
"HOXB13","GHR",1,"C"
"HOXB13","LNX1",1,"C"
"HOXB13","MAP1B",1,"C"
"HOXB13","MID1",1,"C"
"HOXB13","MRTFB",1,"C"
"HOXB13","NFIA",1,"C"
"HOXB13","NRXN1",1,"C"
"HOXB13","NUMB",1,"C"
"HOXB13","PCNX1",1,"C"
"HOXB13","PDE4D",1,"C"
"HOXB13","PSD3",1,"C"
"HOXB13","RALGAPA1",1,"C"
"HOXB13","RFX3",1,"C"
"HOXB13","RIT2",1,"C"
"HOXB13","RYR2",1,"C"
"HOXB13","SEMA3C",1,"C"
"HOXB13","SGIP1",1,"C"
"HOXB13","SND1",1,"C"
"HOXB13","STARD13",1,"C"
"HOXB13","SVIL",1,"C"
"HOXB13","TAFA1",1,"C"
"HOXB13","TDRD3",1,"C"
"HOXB13","THRB",1,"C"
"HOXB13","THSD7A",1,"C"
"HOXB13","TRIO",1,"C"
"HSF1","BAG3",-1,"B"
"HSF1","HSPA1A",1,"B"
"HSF1","HSPA1B",1,"B"
"HSF1","HSPA4",1,"B"
"HSF1","NAT1",1,"B"
"HSF1","DNAH17",1,"B"
"HSF1","HPCAL1",1,"B"
"HSF1","HSPA6",1,"B"
"HSF1","MKNK2",1,"B"
"HSF1","NADK",1,"B"
"HSF1","STIP1",1,"B"
"HSF1","UBB",1,"B"
"IKZF1","ARHGAP18",1,"C"
"IKZF1","ARID1A",1,"C"
"IKZF1","ATP8B4",1,"C"
"IKZF1","CDYL",1,"C"
"IKZF1","CHST11",1,"C"
"IKZF1","CYRIB",1,"C"
"IKZF1","DOCK11",1,"C"
"IKZF1","ELF4",1,"C"
"IKZF1","ERC1",1,"C"
"IKZF1","FYB1",1,"C"
"IKZF1","GRAP2",1,"C"
"IKZF1","IL10RA",1,"C"
"IKZF1","IQGAP2",1,"C"
"IKZF1","ITPR1",1,"C"
"IKZF1","KCNAB2",1,"C"
"IKZF1","KDM2B",1,"C"
"IKZF1","LYN",1,"C"
"IKZF1","MAD1L1",1,"C"
"IKZF1","NABP1",1,"C"
"IKZF1","NEK6",1,"C"
"IKZF1","OSBPL3",1,"C"
"IKZF1","PIK3AP1",1,"C"
"IKZF1","PIP4K2A",1,"C"
"IKZF1","PLB1",1,"C"
"IKZF1","PREX1",1,"C"
"IKZF1","PRKCB",1,"C"
"IKZF1","PTK2B",1,"C"
"IKZF1","PTPRJ",1,"C"
"IKZF1","SAMSN1",1,"C"
"IKZF1","SMAP2",1,"C"
"IKZF1","SMOX",1,"C"
"IKZF1","ST6GAL1",1,"C"
"IKZF1","STK10",1,"C"
"IKZF1","SUSD1",1,"C"
"IKZF1","TET3",1,"C"
"IKZF1","TNFAIP8",1,"C"
"IKZF1","TRIB3",1,"C"
"IKZF1","WNT5B",1,"C"
"IKZF1","ZEB2",1,"C"
"IKZF1","ZFYVE28",1,"C"
"IRF1","CASP7",1,"A"
"IRF1","CCL5",1,"A"
"IRF1","CD40",1,"A"
"IRF1","CDK2",-1,"A"
"IRF1","CEACAM1",1,"A"
"IRF1","CIITA",1,"A"
"IRF1","CXCL10",1,"A"
"IRF1","CYBB",1,"A"
"IRF1","DDX58",1,"A"
"IRF1","DST",-1,"A"
"IRF1","EIF2AK2",1,"A"
"IRF1","FOXP3",-1,"A"
"IRF1","HLA-A",1,"A"
"IRF1","HLA-G",1,"A"
"IRF1","IFIT3",1,"A"
"IRF1","IFNA1",1,"A"
"IRF1","IFNB1",1,"A"
"IRF1","IL10",1,"A"
"IRF1","IL12A",1,"A"
"IRF1","IL12B",1,"A"
"IRF1","IL15",1,"A"
"IRF1","IL27",1,"A"
"IRF1","IL4",1,"A"
"IRF1","IL5",1,"A"
"IRF1","IRF2",1,"A"
"IRF1","OGN",1,"A"
"IRF1","PSMB9",1,"A"
"IRF1","SOCS1",1,"A"
"IRF1","TAP1",1,"A"
"IRF1","TAP2",1,"A"
"IRF1","TNFSF10",1,"A"
"IRF1","TP53",1,"A"
"IRF2","CIITA",1,"C"
"IRF2","TAP1",1,"C"
"IRF2","ADAR",1,"C"
"IRF2","APOL3",1,"C"
"IRF2","CASP7",1,"C"
"IRF2","CASP8",1,"C"
"IRF2","NMI",1,"C"
"IRF2","NR3C1",1,"C"
"IRF2","AFF1",1,"C"
"IRF2","APOL2",1,"C"
"IRF2","ARID1B",1,"C"
"IRF2","ATF1",1,"C"
"IRF2","BBC3",1,"C"
"IRF2","BTN3A1",1,"C"
"IRF2","BTN3A3",1,"C"
"IRF2","CEACAM1",1,"C"
"IRF2","CEP128",1,"C"
"IRF2","DDX3X",1,"C"
"IRF2","DPYSL2",1,"C"
"IRF2","FAM111A",1,"C"
"IRF2","FAM13A",1,"C"
"IRF2","FANCA",1,"C"
"IRF2","FLT3LG",1,"C"
"IRF2","FMR1",1,"C"
"IRF2","FOXP1",1,"C"
"IRF2","GAB1",1,"C"
"IRF2","GALK2",1,"C"
"IRF2","GPBP1L1",1,"C"
"IRF2","HNRNPF",1,"C"
"IRF2","HOXB3",1,"C"
"IRF2","IFIT3",1,"C"
"IRF2","IKZF4",1,"C"
"IRF2","IL15RA",1,"C"
"IRF2","IL1R1",1,"C"
"IRF2","IL4",1,"C"
"IRF2","ING1",1,"C"
"IRF2","ISG15",1,"C"
"IRF2","KLHL8",1,"C"
"IRF2","MAX",1,"C"
"IRF2","MDK",1,"C"
"IRF2","MICB",1,"C"
"IRF2","NFE2L2",1,"C"
"IRF2","NFIC",1,"C"
"IRF2","NFIX",1,"C"
"IRF2","NOD1",1,"C"
"IRF2","NUB1",1,"C"
"IRF2","PARP14",1,"C"
"IRF2","PATL1",1,"C"
"IRF2","PER1",1,"C"
"IRF2","PLAAT4",1,"C"
"IRF2","PNRC2",1,"C"
"IRF2","PRKD2",1,"C"
"IRF2","PRPSAP1",1,"C"
"IRF2","PTMA",1,"C"
"IRF2","PTPN12",1,"C"
"IRF2","RNF111",1,"C"
"IRF2","SEMA4B",1,"C"
"IRF2","SEMA4C",1,"C"
"IRF2","SLC25A22",1,"C"
"IRF2","SOCS1",1,"C"
"IRF2","SP140L",1,"C"
"IRF2","SRBD1",1,"C"
"IRF2","ST6GAL1",1,"C"
"IRF2","TAL1",1,"C"
"IRF2","TASOR2",1,"C"
"IRF2","TGIF1",1,"C"
"IRF2","UBE2D3",1,"C"
"IRF2","UBE2L6",1,"C"
"IRF2","UBR2",1,"C"
"IRF2","WDR74",1,"C"
"IRF2","ZC3HAV1",1,"C"
"IRF2","ZEB2",1,"C"
"IRF2","ZFP36",1,"C"
"IRF2","ZNF250",1,"C"
"IRF2","ZNF566",1,"C"
"IRF2","ZNF93",1,"C"
"IRF3","CXCL10",1,"C"
"IRF3","IFNA1",1,"C"
"IRF3","IFNB1",1,"C"
"IRF3","IRF7",1,"C"
"IRF3","PURA",-1,"C"
"IRF3","ABCA7",1,"C"
"IRF3","APOBEC3D",1,"C"
"IRF3","APOBEC3F",1,"C"
"IRF3","ABCB9",1,"C"
"IRF3","ABHD2",1,"C"
"IRF3","AKAP8L",1,"C"
"IRF3","ANKRD23",1,"C"
"IRF3","APOBEC3C",1,"C"
"IRF3","APOBEC3G",1,"C"
"IRF3","ARL16",1,"C"
"IRF3","BABAM1",1,"C"
"IRF3","BCAS3",1,"C"
"IRF3","BST2",1,"C"
"IRF3","CCDC61",1,"C"
"IRF3","CCL5",1,"C"
"IRF3","CDCA3",1,"C"
"IRF3","CEP131",1,"C"
"IRF3","CLK3",1,"C"
"IRF3","CNOT3",1,"C"
"IRF3","CNPY3",1,"C"
"IRF3","CRAMP1",1,"C"
"IRF3","CREB3L4",1,"C"
"IRF3","CYTH2",1,"C"
"IRF3","DCAF15",1,"C"
"IRF3","DDX39A",1,"C"
"IRF3","ERCC2",1,"C"
"IRF3","FBXO24",1,"C"
"IRF3","FOXK2",1,"C"
"IRF3","GLCCI1",1,"C"
"IRF3","GPR108",1,"C"
"IRF3","GTF3C5",1,"C"
"IRF3","GTPBP6",1,"C"
"IRF3","H2BC5",1,"C"
"IRF3","HGS",1,"C"
"IRF3","IFNL1",1,"C"
"IRF3","KCNAB2",1,"C"
"IRF3","KIAA0895L",1,"C"
"IRF3","KMT5A",1,"C"
"IRF3","KMT5C",1,"C"
"IRF3","LMBR1L",1,"C"
"IRF3","LRRC45",1,"C"
"IRF3","MED24",1,"C"
"IRF3","MVD",1,"C"
"IRF3","NARF",1,"C"
"IRF3","NUBP2",1,"C"
"IRF3","PABPN1",1,"C"
"IRF3","PHPT1",1,"C"
"IRF3","PRPF31",1,"C"
"IRF3","RAB11B",1,"C"
"IRF3","RAB4B",1,"C"
"IRF3","RFX1",1,"C"
"IRF3","RHPN1",1,"C"
"IRF3","RPL18A",1,"C"
"IRF3","SHARPIN",1,"C"
"IRF3","SLC25A28",1,"C"
"IRF3","TCF3",1,"C"
"IRF3","TEPSIN",1,"C"
"IRF3","TMEM160",1,"C"
"IRF3","TMEM161A",1,"C"
"IRF3","TMEM94",1,"C"
"IRF3","TPCN1",1,"C"
"IRF3","TRAF2",1,"C"
"IRF3","TYK2",1,"C"
"IRF3","WBP1",1,"C"
"IRF3","XRCC3",1,"C"
"IRF3","ZNF574",1,"C"
"IRF3","ZNF691",1,"C"
"IRF3","ZNF775",1,"C"
"IRF3","ZNF875",1,"C"
"IRF4","CD68",-1,"C"
"IRF4","FCER2",1,"C"
"IRF4","BLK",1,"C"
"IRF4","CFLAR",1,"C"
"IRF4","CIITA",1,"C"
"IRF4","ELF4",1,"C"
"IRF4","FCRL5",1,"C"
"IRF4","ITGB7",1,"C"
"IRF4","AFF1",1,"C"
"IRF4","AHCYL2",1,"C"
"IRF4","ARHGAP24",1,"C"
"IRF4","CAST",1,"C"
"IRF4","CCDC88C",1,"C"
"IRF4","CDYL",1,"C"
"IRF4","CTNND2",1,"C"
"IRF4","CTSC",1,"C"
"IRF4","CYTH1",1,"C"
"IRF4","CYTIP",1,"C"
"IRF4","DGKG",1,"C"
"IRF4","DIS3L2",1,"C"
"IRF4","DOCK10",1,"C"
"IRF4","DTNB",1,"C"
"IRF4","ELMO1",1,"C"
"IRF4","ERN1",1,"C"
"IRF4","GDI2",1,"C"
"IRF4","GRAMD2B",1,"C"
"IRF4","IGF1R",1,"C"
"IRF4","IKZF1",1,"C"
"IRF4","IKZF3",1,"C"
"IRF4","IL16",1,"C"
"IRF4","JAK1",1,"C"
"IRF4","JARID2",1,"C"
"IRF4","KALRN",1,"C"
"IRF4","KBTBD8",1,"C"
"IRF4","KLHL6",1,"C"
"IRF4","KSR1",1,"C"
"IRF4","LPP",1,"C"
"IRF4","MGLL",1,"C"
"IRF4","NFKBIZ",1,"C"
"IRF4","NIBAN1",1,"C"
"IRF4","NLRC5",1,"C"
"IRF4","OSBPL3",1,"C"
"IRF4","PBX1",1,"C"
"IRF4","PEAK1",1,"C"
"IRF4","PIEZO2",1,"C"
"IRF4","PIK3AP1",1,"C"
"IRF4","PLXNC1",1,"C"
"IRF4","POU2AF1",1,"C"
"IRF4","PPP2R5C",1,"C"
"IRF4","PTK2B",1,"C"
"IRF4","RABGAP1L",1,"C"
"IRF4","RAPGEF6",1,"C"
"IRF4","RHOH",1,"C"
"IRF4","RTN4",1,"C"
"IRF4","SAMD4A",1,"C"
"IRF4","SLAMF7",1,"C"
"IRF4","SMARCA2",1,"C"
"IRF4","SMG6",1,"C"
"IRF4","SORBS1",1,"C"
"IRF4","SORL1",1,"C"
"IRF4","SP100",1,"C"
"IRF4","SP140",1,"C"
"IRF4","TCF4",1,"C"
"IRF4","TENM2",1,"C"
"IRF4","TENM4",1,"C"
"IRF4","TXNDC11",1,"C"
"IRF4","ZEB1",1,"C"
"IRF4","ZNF365",1,"C"
"IRF9","IFIT3",1,"B"
"IRF9","IL27",-1,"B"
"IRF9","IRF7",1,"B"
"IRF9","PML",1,"B"
"IRF9","ADAR",1,"B"
"IRF9","ISG15",1,"B"
"IRF9","KSR1",1,"B"
"IRF9","MX1",1,"B"
"IRF9","OAS2",1,"B"
"IRF9","OAS3",1,"B"
"IRF9","RSAD2",1,"B"
"IRF9","SAMD9L",1,"B"
"JUN","ABCB1",1,"A"
"JUN","ACTA1",1,"A"
"JUN","APP",1,"A"
"JUN","ATF3",1,"A"
"JUN","BATF3",1,"A"
"JUN","BDKRB1",1,"A"
"JUN","BRCA1",1,"A"
"JUN","CCL2",1,"A"
"JUN","CCL4",1,"A"
"JUN","CCL5",1,"A"
"JUN","CCND1",1,"A"
"JUN","CCND2",1,"A"
"JUN","CD44",1,"A"
"JUN","CD82",1,"A"
"JUN","CDKN1A",-1,"A"
"JUN","CHGA",1,"A"
"JUN","CREM",1,"A"
"JUN","CSF2",1,"A"
"JUN","CSTA",1,"A"
"JUN","CTSL",1,"A"
"JUN","CXCL8",1,"A"
"JUN","CYP11A1",1,"A"
"JUN","CYP19A1",-1,"A"
"JUN","CYP2J2",1,"A"
"JUN","DDIT3",1,"A"
"JUN","EDN1",1,"A"
"JUN","EGFR",1,"A"
"JUN","ELN",1,"A"
"JUN","ETS1",1,"A"
"JUN","ETS2",1,"A"
"JUN","EZR",1,"A"
"JUN","F3",1,"A"
"JUN","FAS",1,"A"
"JUN","FASLG",1,"A"
"JUN","FOS",1,"A"
"JUN","FOSL1",1,"A"
"JUN","GCLC",1,"A"
"JUN","GJA1",1,"A"
"JUN","GNRHR",1,"A"
"JUN","HEY1",1,"A"
"JUN","ICAM1",1,"A"
"JUN","IER5",1,"A"
"JUN","IFNB1",1,"A"
"JUN","IFNG",1,"A"
"JUN","IGF1",1,"A"
"JUN","IL12A",1,"A"
"JUN","IL12B",1,"A"
"JUN","IL1A",1,"A"
"JUN","IL1B",1,"A"
"JUN","IL2",-1,"A"
"JUN","IL24",1,"A"
"JUN","IL5",1,"A"
"JUN","IL5RA",1,"A"
"JUN","IL6",1,"A"
"JUN","ITGAX",1,"A"
"JUN","IVL",1,"A"
"JUN","KRT16",1,"A"
"JUN","LBP",-1,"A"
"JUN","MAT2A",1,"A"
"JUN","MGP",1,"A"
"JUN","MMP1",1,"A"
"JUN","MMP12",1,"A"
"JUN","MMP13",1,"A"
"JUN","MMP2",1,"A"
"JUN","MMP3",1,"A"
"JUN","MMP7",1,"A"
"JUN","MMP9",1,"A"
"JUN","MYB",1,"A"
"JUN","MYC",-1,"A"
"JUN","NAT1",1,"A"
"JUN","NFKB2",1,"A"
"JUN","NGF",1,"A"
"JUN","NOS2",1,"A"
"JUN","NOX5",1,"A"
"JUN","NPY",1,"A"
"JUN","NQO1",-1,"A"
"JUN","NR3C1",1,"A"
"JUN","NTRK1",1,"A"
"JUN","NTS",1,"A"
"JUN","OXTR",1,"A"
"JUN","PDHA1",1,"A"
"JUN","PENK",1,"A"
"JUN","PGR",-1,"A"
"JUN","PLA2G4A",1,"A"
"JUN","PLAT",1,"A"
"JUN","PLAUR",1,"A"
"JUN","POLD2",1,"A"
"JUN","PPARA",1,"A"
"JUN","PPARD",1,"A"
"JUN","PTGS2",1,"A"
"JUN","PTN",1,"A"
"JUN","PTX3",1,"A"
"JUN","RARB",1,"A"
"JUN","RELB",1,"A"
"JUN","REN",1,"A"
"JUN","RHOB",1,"A"
"JUN","RUNX2",1,"A"
"JUN","SELE",1,"A"
"JUN","SERPINE1",1,"A"
"JUN","SMAD7",1,"A"
"JUN","SPI1",1,"A"
"JUN","SPP1",1,"A"
"JUN","SPRR1A",1,"A"
"JUN","SPRR1B",1,"A"
"JUN","SPRR3",1,"A"
"JUN","STMN1",1,"A"
"JUN","TFF1",1,"A"
"JUN","TFPI2",1,"A"
"JUN","TGFB1",1,"A"
"JUN","TIMP2",1,"A"
"JUN","TNC",1,"A"
"JUN","TNF",1,"A"
"JUN","TNFRSF10A",1,"A"
"JUN","TP53",-1,"A"
"JUN","TXN",1,"A"
"JUN","UGT2B15",1,"A"
"JUN","VCAM1",1,"A"
"JUN","VDR",1,"A"
"JUN","VEGFA",-1,"A"
"JUN","VEGFD",1,"A"
"JUN","VIM",1,"A"
"JUNB","CDKN2A",1,"C"
"JUNB","CLU",1,"C"
"JUNB","EGFR",1,"C"
"JUNB","IVL",1,"C"
"JUNB","PTGS2",1,"C"
"JUNB","PIM1",1,"C"
"JUNB","ABCC1",1,"C"
"JUNB","AKAP13",1,"C"
"JUNB","AMPD3",1,"C"
"JUNB","AUTS2",1,"C"
"JUNB","BACH1",1,"C"
"JUNB","BHLHE40",1,"C"
"JUNB","CCDC12",1,"C"
"JUNB","CMIP",1,"C"
"JUNB","CUEDC1",1,"C"
"JUNB","DMD",1,"C"
"JUNB","EGR2",1,"C"
"JUNB","EHD1",1,"C"
"JUNB","EHF",1,"C"
"JUNB","FHAD1",1,"C"
"JUNB","FOSL1",1,"C"
"JUNB","FOXK1",1,"C"
"JUNB","GMDS",1,"C"
"JUNB","GNA12",1,"C"
"JUNB","IER5",1,"C"
"JUNB","KALRN",1,"C"
"JUNB","KAZN",1,"C"
"JUNB","KCNMA1",1,"C"
"JUNB","KLF6",1,"C"
"JUNB","LIMS1",1,"C"
"JUNB","LMNA",1,"C"
"JUNB","MICAL2",1,"C"
"JUNB","NACA2",1,"C"
"JUNB","ROCK2",1,"C"
"JUNB","RTN4",1,"C"
"JUNB","SEC14L1",1,"C"
"JUNB","SH3BP5",1,"C"
"JUNB","SLC12A8",1,"C"
"JUNB","SMARCA2",1,"C"
"JUNB","SPRED2",1,"C"
"JUNB","TBC1D14",1,"C"
"JUNB","TGIF1",1,"C"
"JUNB","TIAM2",1,"C"
"JUNB","TMSB4X",1,"C"
"JUNB","TNRC6B",1,"C"
"JUNB","UBC",1,"C"
"JUNB","VOPP1",1,"C"
"JUNB","WWTR1",1,"C"
"JUNB","ZBTB20",1,"C"
"JUNB","ZFP36L1",1,"C"
"JUNB","ZFP36L2",1,"C"
"JUNB","ZNF217",1,"C"
"JUND","CCL5",1,"A"
"JUND","CCR4",1,"A"
"JUND","CD40LG",1,"A"
"JUND","CLU",1,"A"
"JUND","CSTA",1,"A"
"JUND","FOSL1",1,"A"
"JUND","GADD45A",1,"A"
"JUND","IL3",1,"A"
"JUND","IL6",1,"A"
"JUND","ITGAV",-1,"A"
"JUND","ITGB3",-1,"A"
"JUND","IVL",1,"A"
"JUND","MMP13",1,"A"
"JUND","MYB",1,"A"
"JUND","NOS2",1,"A"
"JUND","NQO2",1,"A"
"JUND","PLAUR",1,"A"
"JUND","SOX4",1,"A"
"JUND","TGFB1",1,"A"
"KDM5B","DNAJB12",1,"C"
"KDM5B","CMIP",1,"C"
"KDM5B","CTNNA1",1,"C"
"KDM5B","DAAM1",1,"C"
"KDM5B","FOXP1",1,"C"
"KDM5B","JARID2",1,"C"
"KDM5B","JUP",1,"C"
"KDM5B","LHFPL2",1,"C"
"KDM5B","MIDEAS",1,"C"
"KDM5B","MYH9",1,"C"
"KDM5B","PPFIBP2",1,"C"
"KDM5B","PRRC2B",1,"C"
"KDM5B","RAB11FIP4",1,"C"
"KDM5B","RREB1",1,"C"
"KDM5B","SMAD3",1,"C"
"KDM5B","SYNJ2",1,"C"
"KDM5B","TGIF1",1,"C"
"KDM5B","VGLL4",1,"C"
"KLF1","HBB",1,"C"
"KLF1","OSBP2",1,"C"
"KLF1","ACTB",1,"C"
"KLF1","ADAP1",1,"C"
"KLF1","AGRN",1,"C"
"KLF1","AHNAK",1,"C"
"KLF1","ANK1",1,"C"
"KLF1","ARHGAP45",1,"C"
"KLF1","CHID1",1,"C"
"KLF1","CNPPD1",1,"C"
"KLF1","CPAMD8",1,"C"
"KLF1","CTSB",1,"C"
"KLF1","EGFL7",1,"C"
"KLF1","EVL",1,"C"
"KLF1","FBRSL1",1,"C"
"KLF1","GPR137",1,"C"
"KLF1","JADE2",1,"C"
"KLF1","KCNN4",1,"C"
"KLF1","KCTD2",1,"C"
"KLF1","KLHL21",1,"C"
"KLF1","LTBP4",1,"C"
"KLF1","LYL1",1,"C"
"KLF1","MAST1",1,"C"
"KLF1","MICALL2",1,"C"
"KLF1","NADK",1,"C"
"KLF1","NOL4L",1,"C"
"KLF1","NQO2",1,"C"
"KLF1","PIM1",1,"C"
"KLF1","PKM",1,"C"
"KLF1","PLEC",1,"C"
"KLF1","PTPA",1,"C"
"KLF1","RAB3IL1",1,"C"
"KLF1","RALGDS",1,"C"
"KLF1","RERE",1,"C"
"KLF1","RNF38",1,"C"
"KLF1","SEPTIN9",1,"C"
"KLF1","SGMS1",1,"C"
"KLF1","SH3BP2",1,"C"
"KLF1","SLC4A1",1,"C"
"KLF1","SLC6A6",1,"C"
"KLF1","SNAP47",1,"C"
"KLF1","SORBS1",1,"C"
"KLF1","SPTB",1,"C"
"KLF1","STON2",1,"C"
"KLF1","TBC1D14",1,"C"
"KLF1","TCEA2",1,"C"
"KLF1","UXS1",1,"C"
"KLF1","XXYLT1",1,"C"
"KLF1","YWHAZ",1,"C"
"KLF1","ZFP36",1,"C"
"KLF1","ZNF276",1,"C"
"KLF13","AP3D1",-1,"C"
"KLF13","ARID1A",-1,"C"
"KLF13","ARRDC2",-1,"C"
"KLF13","ATP6V0D1",-1,"C"
"KLF13","BCL9L",-1,"C"
"KLF13","DNAJB1",-1,"C"
"KLF13","EML2",-1,"C"
"KLF13","ERCC1",-1,"C"
"KLF13","FASN",-1,"C"
"KLF13","FCHO1",-1,"C"
"KLF13","FKBP5",-1,"C"
"KLF13","FSCN1",-1,"C"
"KLF13","JADE1",-1,"C"
"KLF13","KLHL21",-1,"C"
"KLF13","LTBP4",-1,"C"
"KLF13","NDST1",-1,"C"
"KLF13","NFIC",-1,"C"
"KLF13","OAZ1",-1,"C"
"KLF13","PISD",-1,"C"
"KLF13","PKNOX1",-1,"C"
"KLF13","PLEC",-1,"C"
"KLF13","PTOV1",-1,"C"
"KLF13","RAPGEF3",-1,"C"
"KLF13","RCSD1",-1,"C"
"KLF13","REST",-1,"C"
"KLF13","SAMD11",-1,"C"
"KLF13","SEPTIN9",-1,"C"
"KLF13","SLC1A5",-1,"C"
"KLF13","SNX8",-1,"C"
"KLF13","TBC1D14",-1,"C"
"KLF13","TYRO3",-1,"C"
"KLF3","ADD3",1,"C"
"KLF3","ARHGAP5",1,"C"
"KLF3","BTBD3",1,"C"
"KLF3","CACHD1",1,"C"
"KLF3","CAST",1,"C"
"KLF3","GNG12",1,"C"
"KLF3","KCNK1",1,"C"
"KLF3","MECOM",1,"C"
"KLF3","MYO5A",1,"C"
"KLF3","STRBP",1,"C"
"KLF3","STXBP6",1,"C"
"KLF3","TRIO",1,"C"
"KLF3","TSPAN12",1,"C"
"KLF4","ATF3",1,"A"
"KLF4","BIRC5",-1,"A"
"KLF4","CCND1",1,"A"
"KLF4","CDH1",1,"A"
"KLF4","CDKN1A",1,"A"
"KLF4","GPA33",1,"A"
"KLF4","LAMA3",1,"A"
"KLF4","NANOG",1,"A"
"KLF4","PFKP",1,"A"
"KLF4","RARA",-1,"A"
"KLF4","THBD",1,"A"
"KLF4","VDR",-1,"A"
"KLF5","BIRC5",1,"C"
"KLF5","FASN",1,"C"
"KLF5","FGFBP1",1,"C"
"KLF5","NOTCH1",1,"C"
"KLF5","FOXQ1",1,"C"
"KLF5","JUP",1,"C"
"KLF5","LAMB3",1,"C"
"KLF5","PTK6",1,"C"
"KLF5","ACTN1",1,"C"
"KLF5","ADAP1",1,"C"
"KLF5","AGRN",1,"C"
"KLF5","AHNAK2",1,"C"
"KLF5","ALDH3A2",1,"C"
"KLF5","AMN",1,"C"
"KLF5","ANXA2",1,"C"
"KLF5","B3GNT3",1,"C"
"KLF5","BAIAP2L1",1,"C"
"KLF5","CANT1",1,"C"
"KLF5","CD9",1,"C"
"KLF5","CIRBP",1,"C"
"KLF5","CLDN4",1,"C"
"KLF5","COL4A2",1,"C"
"KLF5","COQ8B",1,"C"
"KLF5","CRYBG2",1,"C"
"KLF5","DGKQ",1,"C"
"KLF5","DIAPH1",1,"C"
"KLF5","DVL1",1,"C"
"KLF5","ECE1",1,"C"
"KLF5","ELF3",1,"C"
"KLF5","EPHA2",1,"C"
"KLF5","ERBB2",1,"C"
"KLF5","ESRP2",1,"C"
"KLF5","FA2H",1,"C"
"KLF5","GPR137",1,"C"
"KLF5","GPRC5A",1,"C"
"KLF5","GPX4",1,"C"
"KLF5","KCNN4",1,"C"
"KLF5","KIAA1522",1,"C"
"KLF5","KRT8",1,"C"
"KLF5","LGALS3",1,"C"
"KLF5","LLGL2",1,"C"
"KLF5","LNX2",1,"C"
"KLF5","LSR",1,"C"
"KLF5","LTBP3",1,"C"
"KLF5","LTBP4",1,"C"
"KLF5","MCRIP2",1,"C"
"KLF5","MIB2",1,"C"
"KLF5","MIDN",1,"C"
"KLF5","MISP",1,"C"
"KLF5","MKNK2",1,"C"
"KLF5","MYH14",1,"C"
"KLF5","MYO1C",1,"C"
"KLF5","MYO5B",1,"C"
"KLF5","NFE2L2",1,"C"
"KLF5","NOL4L",1,"C"
"KLF5","PLEC",1,"C"
"KLF5","PPL",1,"C"
"KLF5","PPP1R13L",1,"C"
"KLF5","PRKCZ",1,"C"
"KLF5","PTCH1",1,"C"
"KLF5","RAB11A",1,"C"
"KLF5","RAB11FIP1",1,"C"
"KLF5","RALGDS",1,"C"
"KLF5","RBM47",1,"C"
"KLF5","RXRA",1,"C"
"KLF5","S100A16",1,"C"
"KLF5","SCNN1A",1,"C"
"KLF5","SDC1",1,"C"
"KLF5","SH2D3A",1,"C"
"KLF5","SLC2A1",1,"C"
"KLF5","SLC48A1",1,"C"
"KLF5","SPIRE2",1,"C"
"KLF5","SREBF1",1,"C"
"KLF5","STX1A",1,"C"
"KLF5","TCF3",1,"C"
"KLF5","TECR",1,"C"
"KLF5","TJP3",1,"C"
"KLF5","TRIM29",1,"C"
"KLF5","WWC1",1,"C"
"KLF5","YWHAZ",1,"C"
"KLF5","ZBTB7C",1,"C"
"KLF5","ZNF217",1,"C"
"KLF6","ATF3",1,"C"
"KLF6","DAPK2",1,"C"
"KLF6","LTC4S",1,"C"
"KLF6","MMP9",-1,"C"
"KLF6","NOS2",1,"C"
"KLF6","CDH1",1,"C"
"KLF6","IGF1R",1,"C"
"KLF6","ACTN1",1,"C"
"KLF6","ANXA2",1,"C"
"KLF6","AREG",1,"C"
"KLF6","ARID5B",1,"C"
"KLF6","ASAP1",1,"C"
"KLF6","CLIP2",1,"C"
"KLF6","CTNNBIP1",1,"C"
"KLF6","DUSP10",1,"C"
"KLF6","EHD1",1,"C"
"KLF6","EPS8",1,"C"
"KLF6","ERRFI1",1,"C"
"KLF6","ETS1",1,"C"
"KLF6","ETS2",1,"C"
"KLF6","FAAP20",1,"C"
"KLF6","IER5",1,"C"
"KLF6","IRF1",1,"C"
"KLF6","ITGB1",1,"C"
"KLF6","LDLR",1,"C"
"KLF6","LHFPL2",1,"C"
"KLF6","LMNA",1,"C"
"KLF6","LRRFIP1",1,"C"
"KLF6","LTBP4",1,"C"
"KLF6","MACF1",1,"C"
"KLF6","MSI2",1,"C"
"KLF6","MYH9",1,"C"
"KLF6","NEDD9",1,"C"
"KLF6","PLEC",1,"C"
"KLF6","PTP4A1",1,"C"
"KLF6","RBCK1",1,"C"
"KLF6","RND3",1,"C"
"KLF6","SEPTIN9",1,"C"
"KLF6","SH3BP2",1,"C"
"KLF6","SH3BP4",1,"C"
"KLF6","SH3RF1",1,"C"
"KLF6","SREBF1",1,"C"
"KLF6","TACC1",1,"C"
"KLF6","TECR",1,"C"
"KLF6","TSPAN14",1,"C"
"KLF6","VMP1",1,"C"
"KLF6","WFS1",1,"C"
"KLF6","WWTR1",1,"C"
"KLF6","XXYLT1",1,"C"
"KLF6","ZFP36L1",1,"C"
"KLF6","ZFP36L2",1,"C"
"KLF9","ACTN1",1,"C"
"KLF9","AFAP1",1,"C"
"KLF9","AGRN",1,"C"
"KLF9","AMPD2",1,"C"
"KLF9","APBB2",1,"C"
"KLF9","ARHGEF2",1,"C"
"KLF9","ARID5B",1,"C"
"KLF9","ASPSCR1",1,"C"
"KLF9","BCAR1",1,"C"
"KLF9","CACHD1",1,"C"
"KLF9","CCDC33",1,"C"
"KLF9","CMIP",1,"C"
"KLF9","DGKZ",1,"C"
"KLF9","ECE1",1,"C"
"KLF9","EGFR",1,"C"
"KLF9","EPHB3",1,"C"
"KLF9","EPHB4",1,"C"
"KLF9","FCHO1",1,"C"
"KLF9","FGFR3",1,"C"
"KLF9","FOXO3",1,"C"
"KLF9","FYN",1,"C"
"KLF9","GPRC5B",1,"C"
"KLF9","GSN",1,"C"
"KLF9","HIVEP3",1,"C"
"KLF9","HPCAL1",1,"C"
"KLF9","IFFO2",1,"C"
"KLF9","IQSEC1",1,"C"
"KLF9","JADE2",1,"C"
"KLF9","KIAA1522",1,"C"
"KLF9","LFNG",1,"C"
"KLF9","MACF1",1,"C"
"KLF9","MAFK",1,"C"
"KLF9","MED15",1,"C"
"KLF9","MEF2D",1,"C"
"KLF9","NADK",1,"C"
"KLF9","NCOR2",1,"C"
"KLF9","NCS1",1,"C"
"KLF9","NFATC2",1,"C"
"KLF9","NFIC",1,"C"
"KLF9","PCBP3",1,"C"
"KLF9","PER1",1,"C"
"KLF9","PHC2",1,"C"
"KLF9","PHLDB1",1,"C"
"KLF9","PKM",1,"C"
"KLF9","PLEC",1,"C"
"KLF9","POR",1,"C"
"KLF9","POU3F2",1,"C"
"KLF9","RAB11FIP4",1,"C"
"KLF9","RAP1GAP",1,"C"
"KLF9","RGS12",1,"C"
"KLF9","RXRA",1,"C"
"KLF9","SAMD11",1,"C"
"KLF9","SASH1",1,"C"
"KLF9","SEC14L1",1,"C"
"KLF9","SH3BP2",1,"C"
"KLF9","SH3KBP1",1,"C"
"KLF9","SH3TC1",1,"C"
"KLF9","SHROOM2",1,"C"
"KLF9","SLC4A2",1,"C"
"KLF9","SYNJ2",1,"C"
"KLF9","TACC1",1,"C"
"KLF9","TBC1D24",1,"C"
"KLF9","TNK2",1,"C"
"KLF9","TNS1",1,"C"
"KLF9","TNS2",1,"C"
"KLF9","TRIOBP",1,"C"
"KLF9","TSC22D3",1,"C"
"KLF9","VAV2",1,"C"
"KMT2A","CDKN1B",1,"A"
"KMT2A","FOXC1",1,"A"
"KMT2A","FOXC2",1,"A"
"KMT2A","HOXA1",1,"A"
"KMT2A","HOXA10",1,"A"
"KMT2A","HOXA11",1,"A"
"KMT2A","HOXA13",1,"A"
"KMT2A","HOXA7",1,"A"
"KMT2A","HOXA9",1,"A"
"KMT2A","HOXC8",1,"A"
"KMT2A","MEIS1",1,"A"
"LEF1","AR",1,"A"
"LEF1","BIRC5",1,"A"
"LEF1","CCL7",1,"A"
"LEF1","CCND1",1,"A"
"LEF1","CD1D",-1,"A"
"LEF1","CDX1",1,"A"
"LEF1","CLDN2",1,"A"
"LEF1","CTNNB1",1,"A"
"LEF1","DCT",1,"A"
"LEF1","DSP",-1,"A"
"LEF1","EDA",1,"A"
"LEF1","ELANE",1,"A"
"LEF1","MITF",1,"A"
"LEF1","MMP7",1,"A"
"LEF1","MYC",1,"A"
"LEF1","MYCBP",1,"A"
"LEF1","NRCAM",1,"A"
"LEF1","NT5E",1,"A"
"LEF1","RAG2",1,"A"
"LEF1","SNAI2",1,"A"
"LEF1","TBXT",1,"A"
"LEF1","TCF3",1,"A"
"LHX2","ADGRL3",1,"C"
"LHX2","CCND1",1,"C"
"LHX2","CDK14",1,"C"
"LHX2","FMN2",1,"C"
"LHX2","GLIS3",1,"C"
"LHX2","MID1",1,"C"
"LHX2","MITF",1,"C"
"LHX2","SOX6",1,"C"
"LHX2","ZBTB20",1,"C"
"LHX2","ZNF608",1,"C"
"LYL1","ERG",1,"C"
"LYL1","CBFA2T3",1,"C"
"LYL1","EGFL7",1,"C"
"LYL1","PTK2B",1,"C"
"LYL1","ARHGAP22",1,"C"
"LYL1","ARHGAP25",1,"C"
"LYL1","ARHGEF2",1,"C"
"LYL1","ARL5C",1,"C"
"LYL1","BIN1",1,"C"
"LYL1","CACNA1C",1,"C"
"LYL1","CACNA2D4",1,"C"
"LYL1","CCDC88C",1,"C"
"LYL1","CCM2",1,"C"
"LYL1","CCND3",1,"C"
"LYL1","CD34",1,"C"
"LYL1","CD53",1,"C"
"LYL1","CHST12",1,"C"
"LYL1","CLIP2",1,"C"
"LYL1","CMKLR1",1,"C"
"LYL1","CMTM7",1,"C"
"LYL1","CSF1R",1,"C"
"LYL1","CSK",1,"C"
"LYL1","CUEDC1",1,"C"
"LYL1","CYBB",1,"C"
"LYL1","CYTH4",1,"C"
"LYL1","DGKZ",1,"C"
"LYL1","DUS2",1,"C"
"LYL1","DYSF",1,"C"
"LYL1","ELMO1",1,"C"
"LYL1","FAM78A",1,"C"
"LYL1","FAR2",1,"C"
"LYL1","FMNL3",1,"C"
"LYL1","GNG2",1,"C"
"LYL1","GRK2",1,"C"
"LYL1","GYPC",1,"C"
"LYL1","HDAC4",1,"C"
"LYL1","HHEX",1,"C"
"LYL1","HIVEP3",1,"C"
"LYL1","HLX",1,"C"
"LYL1","HPCAL1",1,"C"
"LYL1","IKZF1",1,"C"
"LYL1","INPP5D",1,"C"
"LYL1","IQGAP2",1,"C"
"LYL1","ITGB2",1,"C"
"LYL1","KCNAB2",1,"C"
"LYL1","KCNN4",1,"C"
"LYL1","KCTD12",1,"C"
"LYL1","LAPTM5",1,"C"
"LYL1","LMO2",1,"C"
"LYL1","MAD1L1",1,"C"
"LYL1","NSMCE1",1,"C"
"LYL1","PCED1B",1,"C"
"LYL1","PIK3CG",1,"C"
"LYL1","PLCG2",1,"C"
"LYL1","PLD3",1,"C"
"LYL1","PLEC",1,"C"
"LYL1","PLEKHO1",1,"C"
"LYL1","PLXNA2",1,"C"
"LYL1","PPP1R9B",1,"C"
"LYL1","PRAM1",1,"C"
"LYL1","PREX1",1,"C"
"LYL1","PRR5",1,"C"
"LYL1","PRR5L",1,"C"
"LYL1","RAB37",1,"C"
"LYL1","RAC2",1,"C"
"LYL1","RIN3",1,"C"
"LYL1","SASH3",1,"C"
"LYL1","SH2B3",1,"C"
"LYL1","SH3BGRL3",1,"C"
"LYL1","SH3KBP1",1,"C"
"LYL1","SIPA1",1,"C"
"LYL1","ST3GAL2",1,"C"
"LYL1","ST6GAL1",1,"C"
"LYL1","STAB1",1,"C"
"LYL1","STK10",1,"C"
"LYL1","STXBP5",1,"C"
"LYL1","TAL1",1,"C"
"LYL1","TMC6",1,"C"
"LYL1","TNFAIP8",1,"C"
"LYL1","TRPM2",1,"C"
"LYL1","UNC13D",1,"C"
"LYL1","VAV1",1,"C"
"LYL1","VPS13D",1,"C"
"LYL1","VSIR",1,"C"
"MAF","IL4",1,"C"
"MAF","ITGB7",1,"C"
"MAF","LALBA",1,"C"
"MAF","MMP13",1,"C"
"MAF","FRMD4B",1,"C"
"MAF","IL2RA",1,"C"
"MAF","IL4R",1,"C"
"MAF","ARHGAP25",1,"C"
"MAF","ARHGEF3",1,"C"
"MAF","ARL4C",1,"C"
"MAF","BRD4",1,"C"
"MAF","CYTH1",1,"C"
"MAF","CYTH4",1,"C"
"MAF","DOCK10",1,"C"
"MAF","FAM78A",1,"C"
"MAF","FGD3",1,"C"
"MAF","FOXK1",1,"C"
"MAF","GALM",1,"C"
"MAF","GRAMD4",1,"C"
"MAF","LEF1",1,"C"
"MAF","LTBP3",1,"C"
"MAF","MAP3K12",1,"C"
"MAF","MAP3K14",1,"C"
"MAF","NOL4L",1,"C"
"MAF","OSBPL3",1,"C"
"MAF","PDE4D",1,"C"
"MAF","PSTPIP1",1,"C"
"MAF","RGS10",1,"C"
"MAF","RIPOR1",1,"C"
"MAF","SFXN1",1,"C"
"MAF","SH3BP5",1,"C"
"MAF","SH3KBP1",1,"C"
"MAF","SH3TC1",1,"C"
"MAF","SMAD3",1,"C"
"MAF","SPON2",1,"C"
"MAF","STAB1",1,"C"
"MAF","TBC1D14",1,"C"
"MAF","TECR",1,"C"
"MAF","TMSB4X",1,"C"
"MAFB","DSE",1,"C"
"MAFB","TBC1D14",1,"C"
"MAFB","ADAMTS2",1,"C"
"MAFB","AKAP13",1,"C"
"MAFB","ANKRD17",1,"C"
"MAFB","APBB2",1,"C"
"MAFB","APPL2",1,"C"
"MAFB","ARHGAP24",1,"C"
"MAFB","CACNA1D",1,"C"
"MAFB","CACNA2D3",1,"C"
"MAFB","CLIP4",1,"C"
"MAFB","CPEB4",1,"C"
"MAFB","DAAM1",1,"C"
"MAFB","DIP2C",1,"C"
"MAFB","DOCK4",1,"C"
"MAFB","DST",1,"C"
"MAFB","DTNA",1,"C"
"MAFB","ELMO1",1,"C"
"MAFB","FLNB",1,"C"
"MAFB","FMN1",1,"C"
"MAFB","HDAC4",1,"C"
"MAFB","JMJD1C",1,"C"
"MAFB","KCNMB2",1,"C"
"MAFB","KLF9",1,"C"
"MAFB","MMP9",1,"C"
"MAFB","MTSS1",1,"C"
"MAFB","NAV2",1,"C"
"MAFB","NBAS",1,"C"
"MAFB","PCSK2",1,"C"
"MAFB","PHLDB2",1,"C"
"MAFB","PRDM1",1,"C"
"MAFB","PREX1",1,"C"
"MAFB","RTN1",1,"C"
"MAFB","SEC14L1",1,"C"
"MAFB","SLC39A11",1,"C"
"MAFB","SMYD3",1,"C"
"MAFB","SNX29",1,"C"
"MAFB","SOX9",1,"C"
"MAFB","SPAG9",1,"C"
"MAFB","SRPK2",1,"C"
"MAFB","ST18",1,"C"
"MAFB","SYNE1",1,"C"
"MAFB","TACC2",1,"C"
"MAFB","TBXAS1",1,"C"
"MAFB","TENM2",1,"C"
"MAFB","TENT5B",1,"C"
"MAFB","TJP2",1,"C"
"MAFB","TNS3",1,"C"
"MAFB","TRIO",1,"C"
"MAFB","WDFY3",1,"C"
"MAFB","ZBTB20",1,"C"
"MAFB","ZMIZ1",1,"C"
"MAFB","ZNF407",1,"C"
"MAFF","OXTR",1,"C"
"MAFF","RAPGEF5",1,"C"
"MAFF","ARHGEF3",1,"C"
"MAFF","ARID5B",1,"C"
"MAFF","BCAS3",1,"C"
"MAFF","BHLHE40",1,"C"
"MAFF","CCDC150",1,"C"
"MAFF","CCSER1",1,"C"
"MAFF","CD55",1,"C"
"MAFF","CDK14",1,"C"
"MAFF","CHN2",1,"C"
"MAFF","CPEB4",1,"C"
"MAFF","CTNND2",1,"C"
"MAFF","CYTH1",1,"C"
"MAFF","DAAM1",1,"C"
"MAFF","DLG2",1,"C"
"MAFF","DST",1,"C"
"MAFF","FLNB",1,"C"
"MAFF","FMN1",1,"C"
"MAFF","JMJD1C",1,"C"
"MAFF","LRP1B",1,"C"
"MAFF","PALLD",1,"C"
"MAFF","PDE4B",1,"C"
"MAFF","PDE4D",1,"C"
"MAFF","PDLIM5",1,"C"
"MAFF","PHLDB2",1,"C"
"MAFF","PLXNA2",1,"C"
"MAFF","PRKAG2",1,"C"
"MAFF","PRKCH",1,"C"
"MAFF","RABGAP1L",1,"C"
"MAFF","RAPGEF1",1,"C"
"MAFF","RGS3",1,"C"
"MAFF","SEC14L1",1,"C"
"MAFF","SLC8A1",1,"C"
"MAFF","SMOX",1,"C"
"MAFF","TBC1D14",1,"C"
"MAFF","TEC",1,"C"
"MAFF","TIAM2",1,"C"
"MAFF","TJP2",1,"C"
"MAFF","TLN2",1,"C"
"MAFF","VGLL4",1,"C"
"MAFF","WWP2",1,"C"
"MAFG","NQO1",1,"C"
"MAFG","EIF4G3",1,"C"
"MAFG","ABCC1",1,"C"
"MAFG","ABL1",1,"C"
"MAFG","ABLIM3",1,"C"
"MAFG","ARHGEF3",1,"C"
"MAFG","CEP112",1,"C"
"MAFG","CTIF",1,"C"
"MAFG","DCHS2",1,"C"
"MAFG","EGLN3",1,"C"
"MAFG","FGF13",1,"C"
"MAFG","FMN1",1,"C"
"MAFG","HDAC4",1,"C"
"MAFG","KAZN",1,"C"
"MAFG","KSR1",1,"C"
"MAFG","LYPLAL1",1,"C"
"MAFG","MED15",1,"C"
"MAFG","NABP1",1,"C"
"MAFG","PDE4D",1,"C"
"MAFG","PLXNA2",1,"C"
"MAFG","RAPGEF1",1,"C"
"MAFG","RERE",1,"C"
"MAFG","RGS3",1,"C"
"MAFG","SAMD4A",1,"C"
"MAFG","SCIN",1,"C"
"MAFG","SLC40A1",1,"C"
"MAFG","SLC44A1",1,"C"
"MAFG","SMAD3",1,"C"
"MAFG","STAU2",1,"C"
"MAFG","TAFA2",1,"C"
"MAFG","TBC1D14",1,"C"
"MAFG","TCF4",1,"C"
"MAFG","TEC",1,"C"
"MAFG","TIAM2",1,"C"
"MAFG","TJP2",1,"C"
"MAFG","TSC22D2",1,"C"
"MAFG","ZBTB20",1,"C"
"MAFK","NQO1",1,"C"
"MAFK","ABLIM3",1,"C"
"MAFK","ADGRL2",1,"C"
"MAFK","ARHGEF3",1,"C"
"MAFK","BACH2",1,"C"
"MAFK","CACNA1D",1,"C"
"MAFK","CCDC150",1,"C"
"MAFK","CDK14",1,"C"
"MAFK","CEP112",1,"C"
"MAFK","CHD2",1,"C"
"MAFK","CLIP4",1,"C"
"MAFK","CPNE4",1,"C"
"MAFK","CREB5",1,"C"
"MAFK","CTIF",1,"C"
"MAFK","DAAM1",1,"C"
"MAFK","DAB2IP",1,"C"
"MAFK","DCLK2",1,"C"
"MAFK","DLG2",1,"C"
"MAFK","DPP10",1,"C"
"MAFK","DST",1,"C"
"MAFK","EGLN3",1,"C"
"MAFK","EIF4G3",1,"C"
"MAFK","ERGIC1",1,"C"
"MAFK","FLNB",1,"C"
"MAFK","FMN1",1,"C"
"MAFK","FOXK1",1,"C"
"MAFK","GNA12",1,"C"
"MAFK","IGF1R",1,"C"
"MAFK","LRP1B",1,"C"
"MAFK","MTCL1",1,"C"
"MAFK","MYCBP2",1,"C"
"MAFK","PDE4D",1,"C"
"MAFK","PHLDB2",1,"C"
"MAFK","PPP2R2B",1,"C"
"MAFK","RABGAP1L",1,"C"
"MAFK","RAPGEF1",1,"C"
"MAFK","RGS3",1,"C"
"MAFK","SAMD4A",1,"C"
"MAFK","SCN8A",1,"C"
"MAFK","SEC14L1",1,"C"
"MAFK","SIK3",1,"C"
"MAFK","SIPA1L2",1,"C"
"MAFK","SLC8A1",1,"C"
"MAFK","SMAD3",1,"C"
"MAFK","SYNE1",1,"C"
"MAFK","TBC1D14",1,"C"
"MAFK","TIAM2",1,"C"
"MAFK","TJP2",1,"C"
"MAFK","TNS3",1,"C"
"MAFK","ZBTB20",1,"C"
"MAX","NPRL3",-1,"C"
"MAX","ODC1",1,"C"
"MAX","SERF2",1,"C"
"MAX","CCND1",1,"C"
"MAX","CDK6",1,"C"
"MAX","ABLIM2",1,"C"
"MAX","ACOT7",1,"C"
"MAX","AGAP3",1,"C"
"MAX","AGPAT3",1,"C"
"MAX","ANKRD13B",1,"C"
"MAX","AP3D1",1,"C"
"MAX","ARHGEF3",1,"C"
"MAX","AUTS2",1,"C"
"MAX","CAST",1,"C"
"MAX","CCDC88C",1,"C"
"MAX","CREB5",1,"C"
"MAX","CTBP2",1,"C"
"MAX","CUEDC1",1,"C"
"MAX","CYTH1",1,"C"
"MAX","DNM2",1,"C"
"MAX","EVL",1,"C"
"MAX","FAAP20",1,"C"
"MAX","FHL2",1,"C"
"MAX","GRAMD4",1,"C"
"MAX","GSN",1,"C"
"MAX","HMGN4",1,"C"
"MAX","INSR",1,"C"
"MAX","JADE2",1,"C"
"MAX","KDM4B",1,"C"
"MAX","KIAA0232",1,"C"
"MAX","KLC1",1,"C"
"MAX","KSR1",1,"C"
"MAX","LMNA",1,"C"
"MAX","NFATC2",1,"C"
"MAX","NOL4L",1,"C"
"MAX","NRXN2",1,"C"
"MAX","PCBP1",1,"C"
"MAX","PFKFB3",1,"C"
"MAX","PHC2",1,"C"
"MAX","PLA2G6",1,"C"
"MAX","PLEC",1,"C"
"MAX","PPP2R2C",1,"C"
"MAX","PRKCZ",1,"C"
"MAX","RAP1GAP2",1,"C"
"MAX","RGS3",1,"C"
"MAX","RPS6KA2",1,"C"
"MAX","SH3KBP1",1,"C"
"MAX","SH3TC1",1,"C"
"MAX","SMAD3",1,"C"
"MAX","SMG6",1,"C"
"MAX","STAT3",1,"C"
"MAX","STXBP1",1,"C"
"MAX","TBCD",1,"C"
"MAX","TSPAN18",1,"C"
"MAX","VGLL4",1,"C"
"MAZ","MMP1",1,"C"
"MAZ","MYC",1,"C"
"MAZ","CTDSP1",1,"C"
"MAZ","KCTD15",1,"C"
"MAZ","MARK2",1,"C"
"MAZ","PPP1R9B",1,"C"
"MAZ","PRR12",1,"C"
"MAZ","RNF220",1,"C"
"MAZ","ACAP3",1,"C"
"MAZ","ACTN1",1,"C"
"MAZ","AGPAT3",1,"C"
"MAZ","AGRN",1,"C"
"MAZ","AHDC1",1,"C"
"MAZ","AP3D1",1,"C"
"MAZ","ARAP1",1,"C"
"MAZ","ARID1A",1,"C"
"MAZ","BCAR1",1,"C"
"MAZ","CABIN1",1,"C"
"MAZ","CACNA1A",1,"C"
"MAZ","CCDC97",1,"C"
"MAZ","CELF5",1,"C"
"MAZ","CLIP2",1,"C"
"MAZ","COL1A1",1,"C"
"MAZ","CRTC1",1,"C"
"MAZ","CSK",1,"C"
"MAZ","DGKZ",1,"C"
"MAZ","DVL1",1,"C"
"MAZ","EPB41L1",1,"C"
"MAZ","FAAP20",1,"C"
"MAZ","FBXL19",1,"C"
"MAZ","FOXP1",1,"C"
"MAZ","GIT1",1,"C"
"MAZ","GPR137",1,"C"
"MAZ","GSE1",1,"C"
"MAZ","HNRNPF",1,"C"
"MAZ","IRF2BP1",1,"C"
"MAZ","KCTD2",1,"C"
"MAZ","KDM2B",1,"C"
"MAZ","KLF16",1,"C"
"MAZ","LASP1",1,"C"
"MAZ","MAPKAPK3",1,"C"
"MAZ","MED16",1,"C"
"MAZ","MFSD12",1,"C"
"MAZ","MLLT1",1,"C"
"MAZ","MNT",1,"C"
"MAZ","MSI2",1,"C"
"MAZ","MYLK",1,"C"
"MAZ","NCOR2",1,"C"
"MAZ","NFIA",1,"C"
"MAZ","NOSIP",1,"C"
"MAZ","PALM",1,"C"
"MAZ","PDXK",1,"C"
"MAZ","PLXNB2",1,"C"
"MAZ","PPFIA3",1,"C"
"MAZ","PRPF31",1,"C"
"MAZ","PTPA",1,"C"
"MAZ","SERPINH1",1,"C"
"MAZ","SLC4A2",1,"C"
"MAZ","SOX12",1,"C"
"MAZ","SRCIN1",1,"C"
"MAZ","SSBP4",1,"C"
"MAZ","ST3GAL2",1,"C"
"MAZ","STAT6",1,"C"
"MAZ","STK10",1,"C"
"MAZ","STK11",1,"C"
"MAZ","STK32C",1,"C"
"MAZ","SYNGAP1",1,"C"
"MAZ","TACC3",1,"C"
"MAZ","TCF3",1,"C"
"MAZ","TRIM47",1,"C"
"MAZ","UBTF",1,"C"
"MAZ","ZBTB7A",1,"C"
"MBD1","SETDB1",-1,"C"
"MBD1","ANKRD11",-1,"C"
"MBD1","BANP",-1,"C"
"MBD1","CELSR3",-1,"C"
"MBD1","DAZAP1",-1,"C"
"MBD1","DIDO1",-1,"C"
"MBD1","DPP9",-1,"C"
"MBD1","E4F1",-1,"C"
"MBD1","EXOC7",-1,"C"
"MBD1","FOXK2",-1,"C"
"MBD1","HOOK2",-1,"C"
"MBD1","IFT140",-1,"C"
"MBD1","ITGAE",-1,"C"
"MBD1","KDM4B",-1,"C"
"MBD1","KMT2B",-1,"C"
"MBD1","LTO1",-1,"C"
"MBD1","MAFK",-1,"C"
"MBD1","MC1R",-1,"C"
"MBD1","NELFA",-1,"C"
"MBD1","NELFCD",-1,"C"
"MBD1","NLRC5",-1,"C"
"MBD1","PGS1",-1,"C"
"MBD1","PNPLA6",-1,"C"
"MBD1","PPP1R37",-1,"C"
"MBD1","PRPF31",-1,"C"
"MBD1","PSMG4",-1,"C"
"MBD1","RBM14",-1,"C"
"MBD1","RGS12",-1,"C"
"MBD1","RSAD1",-1,"C"
"MBD1","SECISBP2",-1,"C"
"MBD1","SF3A2",-1,"C"
"MBD1","SRCAP",-1,"C"
"MBD1","SRSF7",-1,"C"
"MBD1","TCF25",-1,"C"
"MBD1","THADA",-1,"C"
"MBD1","THOP1",-1,"C"
"MBD1","TRIM41",-1,"C"
"MBD1","TTLL4",-1,"C"
"MBD1","UQCC1",-1,"C"
"MBD1","USP4",-1,"C"
"MBD1","WRNIP1",-1,"C"
"MBD1","ZDHHC7",-1,"C"
"MBD1","ZNF263",-1,"C"
"MBD1","ZZEF1",-1,"C"
"MBD2","ADGRB1",1,"C"
"MBD2","ADRB1",1,"C"
"MBD2","AGAP3",1,"C"
"MBD2","AJAP1",1,"C"
"MBD2","CBFA2T3",1,"C"
"MBD2","CELSR1",1,"C"
"MBD2","CHD4",1,"C"
"MBD2","ELAVL3",1,"C"
"MBD2","ESPN",1,"C"
"MBD2","EVA1B",1,"C"
"MBD2","FLT4",1,"C"
"MBD2","GBX1",1,"C"
"MBD2","HUS1B",1,"C"
"MBD2","INSYN2A",1,"C"
"MBD2","IRX1",1,"C"
"MBD2","KIAA1614",1,"C"
"MBD2","LDLRAD4",1,"C"
"MBD2","OPLAH",1,"C"
"MBD2","PAQR9",1,"C"
"MBD2","PKP3",1,"C"
"MBD2","PLEKHG5",1,"C"
"MBD2","PPP1R3G",1,"C"
"MBD2","PRKCZ",1,"C"
"MBD2","RADIL",1,"C"
"MBD2","SHISA6",1,"C"
"MBD2","SLC16A3",1,"C"
"MBD2","SNCB",1,"C"
"MBD2","SPPL2B",1,"C"
"MBD2","TBX1",1,"C"
"MBD2","TENM4",1,"C"
"MBD2","TUB",1,"C"
"MBD2","TYK2",1,"C"
"MEF2A","JUN",1,"C"
"MEF2A","KLF2",1,"C"
"MEF2A","SLC2A4",1,"C"
"MEF2A","SOST",-1,"C"
"MEF2A","GTDC1",1,"C"
"MEF2A","MEF2D",1,"C"
"MEF2A","SCHIP1",1,"C"
"MEF2A","SYNE1",1,"C"
"MEF2A","AFAP1",1,"C"
"MEF2A","AKAP6",1,"C"
"MEF2A","ARHGAP10",1,"C"
"MEF2A","ARHGAP24",1,"C"
"MEF2A","ARHGAP42",1,"C"
"MEF2A","ARHGEF12",1,"C"
"MEF2A","ARHGEF3",1,"C"
"MEF2A","ASAP1",1,"C"
"MEF2A","ATF3",1,"C"
"MEF2A","BCAS3",1,"C"
"MEF2A","BLK",1,"C"
"MEF2A","CAB39",1,"C"
"MEF2A","CDC42EP3",1,"C"
"MEF2A","CDYL",1,"C"
"MEF2A","CHD9",1,"C"
"MEF2A","CRIM1",1,"C"
"MEF2A","DAAM1",1,"C"
"MEF2A","DMD",1,"C"
"MEF2A","DST",1,"C"
"MEF2A","EEA1",1,"C"
"MEF2A","EFR3A",1,"C"
"MEF2A","ERC1",1,"C"
"MEF2A","ERCC1",1,"C"
"MEF2A","FBXW11",1,"C"
"MEF2A","FCHSD2",1,"C"
"MEF2A","GOLIM4",1,"C"
"MEF2A","HDAC9",1,"C"
"MEF2A","HIVEP2",1,"C"
"MEF2A","HMGB1",1,"C"
"MEF2A","IPCEF1",1,"C"
"MEF2A","ITGB1",1,"C"
"MEF2A","ITPR1",1,"C"
"MEF2A","JMJD1C",1,"C"
"MEF2A","KDM4C",1,"C"
"MEF2A","KIAA1217",1,"C"
"MEF2A","KLF6",1,"C"
"MEF2A","KLF9",1,"C"
"MEF2A","LHFPL2",1,"C"
"MEF2A","LMNA",1,"C"
"MEF2A","LRCH1",1,"C"
"MEF2A","LTBP1",1,"C"
"MEF2A","MACF1",1,"C"
"MEF2A","MB",1,"C"
"MEF2A","MBNL1",1,"C"
"MEF2A","MEF2C",1,"C"
"MEF2A","METTL8",1,"C"
"MEF2A","MSN",1,"C"
"MEF2A","MYH9",1,"C"
"MEF2A","MYLK",1,"C"
"MEF2A","NCOA3",1,"C"
"MEF2A","NCOA7",1,"C"
"MEF2A","NEDD9",1,"C"
"MEF2A","NEK6",1,"C"
"MEF2A","NEK7",1,"C"
"MEF2A","NFATC2",1,"C"
"MEF2A","NIBAN1",1,"C"
"MEF2A","NIN",1,"C"
"MEF2A","NUMB",1,"C"
"MEF2A","PALLD",1,"C"
"MEF2A","PAM",1,"C"
"MEF2A","PEAK1",1,"C"
"MEF2A","PHTF2",1,"C"
"MEF2A","PICALM",1,"C"
"MEF2A","PIK3AP1",1,"C"
"MEF2A","PLB1",1,"C"
"MEF2A","PLCL2",1,"C"
"MEF2A","PRDM2",1,"C"
"MEF2A","PRKCE",1,"C"
"MEF2A","PTK2",1,"C"
"MEF2A","RAB11FIP1",1,"C"
"MEF2A","RABGAP1L",1,"C"
"MEF2A","RBPJ",1,"C"
"MEF2A","RGS3",1,"C"
"MEF2A","RIN2",1,"C"
"MEF2A","RIPOR2",1,"C"
"MEF2A","SAMD4A",1,"C"
"MEF2A","SASH1",1,"C"
"MEF2A","SIPA1L1",1,"C"
"MEF2A","SLC12A8",1,"C"
"MEF2A","ST6GAL1",1,"C"
"MEF2A","STARD13",1,"C"
"MEF2A","SVIL",1,"C"
"MEF2A","TBL1XR1",1,"C"
"MEF2A","TCF4",1,"C"
"MEF2A","TJP2",1,"C"
"MEF2A","TNRC6B",1,"C"
"MEF2A","TRIO",1,"C"
"MEF2A","UST",1,"C"
"MEF2A","UTRN",1,"C"
"MEF2A","UVRAG",1,"C"
"MEF2A","WWTR1",1,"C"
"MEF2A","XYLT1",1,"C"
"MEF2A","ZEB1",1,"C"
"MEF2A","ZNF385B",1,"C"
"MEF2B","KLF2",1,"C"
"MEF2B","ARHGEF7",1,"C"
"MEF2B","BLK",1,"C"
"MEF2B","CRMP1",1,"C"
"MEF2B","DGKD",1,"C"
"MEF2B","E2F5",1,"C"
"MEF2B","EVI2B",1,"C"
"MEF2B","GNAS",1,"C"
"MEF2B","GPATCH2L",1,"C"
"MEF2B","HDAC5",1,"C"
"MEF2B","HDAC9",1,"C"
"MEF2B","KCNH8",1,"C"
"MEF2B","KLF6",1,"C"
"MEF2B","LTBP1",1,"C"
"MEF2B","MACF1",1,"C"
"MEF2B","MEF2A",1,"C"
"MEF2B","NELL2",1,"C"
"MEF2B","NFX1",1,"C"
"MEF2B","NR4A1",1,"C"
"MEF2B","NUP210",1,"C"
"MEF2B","PIK3AP1",1,"C"
"MEF2B","RAPGEF5",1,"C"
"MEF2B","RASGRP3",1,"C"
"MEF2B","RIPOR2",1,"C"
"MEF2B","RP1",1,"C"
"MEF2B","SLC2A5",1,"C"
"MEF2B","ST6GAL1",1,"C"
"MEF2B","SYNE1",1,"C"
"MEF2B","TADA3",1,"C"
"MEF2B","TBL1XR1",1,"C"
"MEF2B","TCF3",1,"C"
"MEF2B","TNKS",1,"C"
"MEF2B","TOX2",1,"C"
"MEF2B","USP2",1,"C"
"MEF2B","ZNF395",1,"C"
"MEF2B","ZNF608",1,"C"
"MEF2C","CPT1B",1,"C"
"MEF2C","JUN",1,"C"
"MEF2C","KLF2",1,"C"
"MEF2C","NR4A1",-1,"C"
"MEF2C","SOST",-1,"C"
"MEF2C","CLIC5",1,"C"
"MEF2C","HDAC9",1,"C"
"MEF2C","PLCL2",1,"C"
"MEF2C","TCF4",1,"C"
"MEF2C","ANK3",1,"C"
"MEF2C","ARHGAP10",1,"C"
"MEF2C","ARHGAP24",1,"C"
"MEF2C","ARHGAP25",1,"C"
"MEF2C","ARHGEF3",1,"C"
"MEF2C","ARHGEF7",1,"C"
"MEF2C","ARID1A",1,"C"
"MEF2C","ASB2",1,"C"
"MEF2C","BCL2",1,"C"
"MEF2C","CDK14",1,"C"
"MEF2C","CDKL5",1,"C"
"MEF2C","DNAJB2",1,"C"
"MEF2C","DPYSL3",1,"C"
"MEF2C","EBF1",1,"C"
"MEF2C","ENTPD1",1,"C"
"MEF2C","EPS15",1,"C"
"MEF2C","ERC1",1,"C"
"MEF2C","ETS1",1,"C"
"MEF2C","FCHSD2",1,"C"
"MEF2C","FLI1",1,"C"
"MEF2C","FMNL3",1,"C"
"MEF2C","FOXP1",1,"C"
"MEF2C","GPR55",1,"C"
"MEF2C","GTDC1",1,"C"
"MEF2C","HBS1L",1,"C"
"MEF2C","HDAC5",1,"C"
"MEF2C","IL15",1,"C"
"MEF2C","INPP4A",1,"C"
"MEF2C","IRAG2",1,"C"
"MEF2C","KCNN3",1,"C"
"MEF2C","LCA5",1,"C"
"MEF2C","LIMS1",1,"C"
"MEF2C","LMNA",1,"C"
"MEF2C","MACF1",1,"C"
"MEF2C","MIDEAS",1,"C"
"MEF2C","MYH9",1,"C"
"MEF2C","MYLK3",1,"C"
"MEF2C","NCALD",1,"C"
"MEF2C","NDUFV2",1,"C"
"MEF2C","NEDD9",1,"C"
"MEF2C","NEK6",1,"C"
"MEF2C","NFATC1",1,"C"
"MEF2C","NIBAN1",1,"C"
"MEF2C","NR3C1",1,"C"
"MEF2C","NREP",1,"C"
"MEF2C","NUCB2",1,"C"
"MEF2C","OXR1",1,"C"
"MEF2C","PDE4B",1,"C"
"MEF2C","PIP4K2A",1,"C"
"MEF2C","PRKCH",1,"C"
"MEF2C","RASGRP3",1,"C"
"MEF2C","REEP1",1,"C"
"MEF2C","RFTN1",1,"C"
"MEF2C","RGS3",1,"C"
"MEF2C","RGS6",1,"C"
"MEF2C","RIPOR2",1,"C"
"MEF2C","SIPA1L1",1,"C"
"MEF2C","SP100",1,"C"
"MEF2C","ST6GAL1",1,"C"
"MEF2C","TBL1XR1",1,"C"
"MEF2C","TMEM131L",1,"C"
"MEF2C","TMSB4X",1,"C"
"MEF2C","TSPAN12",1,"C"
"MEF2C","TTC39C",1,"C"
"MEIS1","ARHGAP10",1,"C"
"MEIS1","BBS9",1,"C"
"MEIS1","BCAR3",1,"C"
"MEIS1","CACHD1",1,"C"
"MEIS1","CACNA1A",1,"C"
"MEIS1","CCDC171",1,"C"
"MEIS1","CFAP61",1,"C"
"MEIS1","DAAM1",1,"C"
"MEIS1","DOCK5",1,"C"
"MEIS1","DPYSL3",1,"C"
"MEIS1","DSE",1,"C"
"MEIS1","DST",1,"C"
"MEIS1","DTNB",1,"C"
"MEIS1","DYRK1A",1,"C"
"MEIS1","ETS1",1,"C"
"MEIS1","FBN1",1,"C"
"MEIS1","FOXP2",1,"C"
"MEIS1","FRYL",1,"C"
"MEIS1","GAS7",1,"C"
"MEIS1","GHR",1,"C"
"MEIS1","GLIS3",1,"C"
"MEIS1","GNA12",1,"C"
"MEIS1","HDAC9",1,"C"
"MEIS1","HECW2",1,"C"
"MEIS1","JCAD",1,"C"
"MEIS1","KIAA1217",1,"C"
"MEIS1","KSR1",1,"C"
"MEIS1","LSAMP",1,"C"
"MEIS1","MID1",1,"C"
"MEIS1","NFIA",1,"C"
"MEIS1","NFIB",1,"C"
"MEIS1","PALLD",1,"C"
"MEIS1","PARD3",1,"C"
"MEIS1","PDE11A",1,"C"
"MEIS1","PHACTR3",1,"C"
"MEIS1","PLCL2",1,"C"
"MEIS1","PLD1",1,"C"
"MEIS1","PPARG",1,"C"
"MEIS1","RAPGEF5",1,"C"
"MEIS1","RERE",1,"C"
"MEIS1","RIPOR2",1,"C"
"MEIS1","RYR3",1,"C"
"MEIS1","SLC8A1",1,"C"
"MEIS1","SPTBN1",1,"C"
"MEIS1","TCF4",1,"C"
"MEIS1","TLE4",1,"C"
"MEIS1","TNIK",1,"C"
"MEIS1","UBE2E1",1,"C"
"MEIS1","UBR3",1,"C"
"MEIS1","USP6NL",1,"C"
"MEIS1","VGLL4",1,"C"
"MEIS1","XXYLT1",1,"C"
"MEIS1","ZFPM2",1,"C"
"MEIS2","MCC",1,"C"
"MEIS2","NCALD",1,"C"
"MEIS2","TGFBR3",1,"C"
"MEIS2","ADD3",1,"C"
"MEIS2","ADGRB3",1,"C"
"MEIS2","ANKRD11",1,"C"
"MEIS2","ARHGAP24",1,"C"
"MEIS2","ATAD2B",1,"C"
"MEIS2","ATP2B4",1,"C"
"MEIS2","CCNY",1,"C"
"MEIS2","CNOT10",1,"C"
"MEIS2","COLGALT2",1,"C"
"MEIS2","CORO1C",1,"C"
"MEIS2","DMD",1,"C"
"MEIS2","DNM2",1,"C"
"MEIS2","DOCK9",1,"C"
"MEIS2","DST",1,"C"
"MEIS2","ETV1",1,"C"
"MEIS2","FAM13A",1,"C"
"MEIS2","FAM184A",1,"C"
"MEIS2","FOXP1",1,"C"
"MEIS2","FRYL",1,"C"
"MEIS2","GFOD1",1,"C"
"MEIS2","HDAC4",1,"C"
"MEIS2","HK1",1,"C"
"MEIS2","HNRNPLL",1,"C"
"MEIS2","ITSN1",1,"C"
"MEIS2","KCNH2",1,"C"
"MEIS2","MAN1C1",1,"C"
"MEIS2","MAPRE2",1,"C"
"MEIS2","MARCHF8",1,"C"
"MEIS2","MATN2",1,"C"
"MEIS2","MBD5",1,"C"
"MEIS2","MCF2L2",1,"C"
"MEIS2","MEF2C",1,"C"
"MEIS2","MITF",1,"C"
"MEIS2","MRTFA",1,"C"
"MEIS2","NAV2",1,"C"
"MEIS2","NCOA7",1,"C"
"MEIS2","NFIA",1,"C"
"MEIS2","NPAS3",1,"C"
"MEIS2","NR2F2",1,"C"
"MEIS2","PTK2",1,"C"
"MEIS2","RABGAP1L",1,"C"
"MEIS2","ROR2",1,"C"
"MEIS2","SBF2",1,"C"
"MEIS2","SDCCAG8",1,"C"
"MEIS2","SORBS1",1,"C"
"MEIS2","SPAG6",1,"C"
"MEIS2","SPIDR",1,"C"
"MEIS2","SPRED2",1,"C"
"MEIS2","SPTBN1",1,"C"
"MEIS2","SSBP2",1,"C"
"MEIS2","SSBP3",1,"C"
"MEIS2","SSH1",1,"C"
"MEIS2","STXBP5",1,"C"
"MEIS2","TIAM2",1,"C"
"MEIS2","TNIK",1,"C"
"MEIS2","WDR64",1,"C"
"MEIS2","ZFPM2",1,"C"
"MEIS2","ZNF521",1,"C"
"MEIS2","ZNF608",1,"C"
"MITF","ACP5",1,"A"
"MITF","APEX1",1,"A"
"MITF","BCL2",1,"A"
"MITF","BCL2A1",-1,"A"
"MITF","BEST1",1,"A"
"MITF","BIRC7",1,"A"
"MITF","CDK2",1,"A"
"MITF","CDKN2A",-1,"A"
"MITF","CLCN7",1,"A"
"MITF","CTSK",1,"A"
"MITF","DCT",1,"A"
"MITF","DIAPH1",1,"A"
"MITF","FOS",1,"A"
"MITF","GPNMB",1,"A"
"MITF","GPR143",1,"A"
"MITF","HERC2",1,"A"
"MITF","HIF1A",1,"A"
"MITF","HOXB4",1,"A"
"MITF","ITPR1",1,"A"
"MITF","KIT",1,"A"
"MITF","MAPRE2",1,"A"
"MITF","MET",1,"A"
"MITF","MLANA",1,"A"
"MITF","OCA2",1,"A"
"MITF","PMEL",1,"A"
"MITF","PPARGC1A",1,"A"
"MITF","PRKCB",1,"A"
"MITF","RAB27A",1,"A"
"MITF","SERPINF1",1,"A"
"MITF","SNAI2",1,"A"
"MITF","STARD13",1,"A"
"MITF","TBC1D1",1,"A"
"MITF","TRPM1",1,"A"
"MITF","TYR",1,"A"
"MITF","TYRP1",1,"A"
"MNT","GATAD2A",-1,"C"
"MNT","PLEC",-1,"C"
"MNT","SH3BP2",-1,"C"
"MNT","ACIN1",-1,"C"
"MNT","ADGRV1",-1,"C"
"MNT","AGAP3",-1,"C"
"MNT","ANKRD11",-1,"C"
"MNT","AP3D1",-1,"C"
"MNT","BCL9L",-1,"C"
"MNT","BCR",-1,"C"
"MNT","CABLES1",-1,"C"
"MNT","CAST",-1,"C"
"MNT","CMIP",-1,"C"
"MNT","COBL",-1,"C"
"MNT","CSNK1D",-1,"C"
"MNT","ECE1",-1,"C"
"MNT","ELL",-1,"C"
"MNT","EPN2",-1,"C"
"MNT","EVL",-1,"C"
"MNT","FAM131A",-1,"C"
"MNT","FOXK2",-1,"C"
"MNT","GREB1",-1,"C"
"MNT","GSN",-1,"C"
"MNT","KDM4B",-1,"C"
"MNT","KDM6B",-1,"C"
"MNT","LRRFIP1",-1,"C"
"MNT","MAFK",-1,"C"
"MNT","MARK2",-1,"C"
"MNT","MED15",-1,"C"
"MNT","MGRN1",-1,"C"
"MNT","MIDEAS",-1,"C"
"MNT","MYH9",-1,"C"
"MNT","NCOR2",-1,"C"
"MNT","NET1",-1,"C"
"MNT","NGLY1",-1,"C"
"MNT","PDXK",-1,"C"
"MNT","PDZRN3",-1,"C"
"MNT","PFKFB3",-1,"C"
"MNT","POR",-1,"C"
"MNT","PPP2R2C",-1,"C"
"MNT","PRKAG2",-1,"C"
"MNT","PRRC2B",-1,"C"
"MNT","RAB40C",-1,"C"
"MNT","RAI1",-1,"C"
"MNT","RAPGEF1",-1,"C"
"MNT","RARA",-1,"C"
"MNT","RFX2",-1,"C"
"MNT","RGS3",-1,"C"
"MNT","SKI",-1,"C"
"MNT","SLC16A3",-1,"C"
"MNT","SYMPK",-1,"C"
"MNT","TLE3",-1,"C"
"MNT","TMEM127",-1,"C"
"MNT","TPRG1",-1,"C"
"MNT","VGLL4",-1,"C"
"MNT","ZNF395",-1,"C"
"MXI1","CAST",-1,"C"
"MXI1","CTBP2",-1,"C"
"MXI1","DST",-1,"C"
"MXI1","FAM13A",-1,"C"
"MXI1","SSBP3",-1,"C"
"MXI1","ACAP3",-1,"C"
"MXI1","ACLY",-1,"C"
"MXI1","AHNAK",-1,"C"
"MXI1","AK2",-1,"C"
"MXI1","AMPD2",-1,"C"
"MXI1","AP3D1",-1,"C"
"MXI1","ARAP1",-1,"C"
"MXI1","ARHGAP45",-1,"C"
"MXI1","ARHGEF3",-1,"C"
"MXI1","ARID1B",-1,"C"
"MXI1","ARID3A",-1,"C"
"MXI1","ATAD2",-1,"C"
"MXI1","AUTS2",-1,"C"
"MXI1","BCAR1",-1,"C"
"MXI1","CDK6",-1,"C"
"MXI1","CDKN2C",-1,"C"
"MXI1","CTIF",-1,"C"
"MXI1","CUX1",-1,"C"
"MXI1","CYTH1",-1,"C"
"MXI1","EML2",-1,"C"
"MXI1","EPB41",-1,"C"
"MXI1","FAAP20",-1,"C"
"MXI1","FAM214B",-1,"C"
"MXI1","FGGY",-1,"C"
"MXI1","FOXK1",-1,"C"
"MXI1","FOXN3",-1,"C"
"MXI1","FOXO3",-1,"C"
"MXI1","GLRX5",-1,"C"
"MXI1","GORASP2",-1,"C"
"MXI1","HDAC5",-1,"C"
"MXI1","HMGB1",-1,"C"
"MXI1","HMOX2",-1,"C"
"MXI1","IGF1R",-1,"C"
"MXI1","ING1",-1,"C"
"MXI1","KDM4B",-1,"C"
"MXI1","KLF10",-1,"C"
"MXI1","KLF16",-1,"C"
"MXI1","KSR1",-1,"C"
"MXI1","LMNA",-1,"C"
"MXI1","MACF1",-1,"C"
"MXI1","MAP1LC3B",-1,"C"
"MXI1","MCRIP2",-1,"C"
"MXI1","MSI2",-1,"C"
"MXI1","NFE2L1",-1,"C"
"MXI1","NFE2L2",-1,"C"
"MXI1","NOL4L",-1,"C"
"MXI1","PCBP1",-1,"C"
"MXI1","PDXK",-1,"C"
"MXI1","PFKFB3",-1,"C"
"MXI1","PKM",-1,"C"
"MXI1","PTPA",-1,"C"
"MXI1","RBFOX2",-1,"C"
"MXI1","RUSC1",-1,"C"
"MXI1","RUVBL1",-1,"C"
"MXI1","SEPTIN9",-1,"C"
"MXI1","SGMS1",-1,"C"
"MXI1","SMAD3",-1,"C"
"MXI1","STK32C",-1,"C"
"MXI1","TLE3",-1,"C"
"MXI1","TLE4",-1,"C"
"MXI1","TNS1",-1,"C"
"MXI1","TRAPPC9",-1,"C"
"MXI1","TSPAN4",-1,"C"
"MXI1","TTYH3",-1,"C"
"MXI1","UBE2D3",-1,"C"
"MXI1","UCKL1",-1,"C"
"MXI1","VAV2",-1,"C"
"MXI1","VGLL4",-1,"C"
"MXI1","WDR81",-1,"C"
"MXI1","WEE1",-1,"C"
"MXI1","YY1",-1,"C"
"MXI1","ZNF395",-1,"C"
"MYB","ANPEP",1,"A"
"MYB","BCL2",1,"A"
"MYB","CCNA1",1,"A"
"MYB","CD34",1,"A"
"MYB","CD4",-1,"A"
"MYB","CEBPA",1,"A"
"MYB","COL1A1",1,"A"
"MYB","CTSG",1,"A"
"MYB","DHRS2",1,"A"
"MYB","ELANE",1,"A"
"MYB","ERBB2",1,"A"
"MYB","GSTM1",1,"A"
"MYB","KLF1",1,"A"
"MYB","LCK",1,"A"
"MYB","LMO2",1,"A"
"MYB","MAT2A",1,"A"
"MYB","MYC",1,"A"
"MYB","NMU",1,"A"
"MYB","NR3C1",1,"A"
"MYB","RAG2",1,"A"
"MYB","SIM2",1,"A"
"MYB","SP3",1,"A"
"MYB","TK1",1,"A"
"MYB","WAS",1,"A"
"MYB","WT1",1,"A"
"MYBL2","MYB",1,"C"
"MYBL2","MYC",1,"C"
"MYBL2","PSG1",1,"C"
"MYBL2","ANXA2",1,"C"
"MYBL2","ARID1A",1,"C"
"MYBL2","BCAR3",1,"C"
"MYBL2","CALD1",1,"C"
"MYBL2","CDKN3",1,"C"
"MYBL2","CENPF",1,"C"
"MYBL2","CHD2",1,"C"
"MYBL2","DEPDC1B",1,"C"
"MYBL2","DST",1,"C"
"MYBL2","FAM169A",1,"C"
"MYBL2","FOXP1",1,"C"
"MYBL2","IGFBP1",1,"C"
"MYBL2","INSIG2",1,"C"
"MYBL2","LMNB1",1,"C"
"MYBL2","MAP4K4",1,"C"
"MYBL2","MAT2A",1,"C"
"MYBL2","NAV2",1,"C"
"MYBL2","SLX4IP",1,"C"
"MYBL2","SYNE1",1,"C"
"MYBL2","SYNJ2",1,"C"
"MYBL2","TNIK",1,"C"
"MYBL2","TOP2A",1,"C"
"MYBL2","YAP1",1,"C"
"MYBL2","ZNF608",1,"C"
"MYC","ACADM",1,"A"
"MYC","ACE",1,"A"
"MYC","ACO2",1,"A"
"MYC","ACOX1",1,"A"
"MYC","ACP3",1,"A"
"MYC","ACP5",1,"A"
"MYC","ACTG1",1,"A"
"MYC","ACYP2",1,"A"
"MYC","ADCY9",1,"A"
"MYC","AHSG",1,"A"
"MYC","AIMP2",1,"A"
"MYC","AKAP1",1,"A"
"MYC","AKR1A1",1,"A"
"MYC","ALDH9A1",-1,"A"
"MYC","ALG5",1,"A"
"MYC","AMD1",1,"A"
"MYC","AMPD2",1,"A"
"MYC","AMPD3",1,"A"
"MYC","APC",1,"A"
"MYC","APEX1",1,"A"
"MYC","APP",1,"A"
"MYC","AQR",1,"A"
"MYC","ARF1",1,"A"
"MYC","ARF4",1,"A"
"MYC","ARFGAP2",1,"A"
"MYC","ARSB",1,"A"
"MYC","ASCL2",1,"A"
"MYC","ASS1",1,"A"
"MYC","ATAD3B",1,"A"
"MYC","ATF4",1,"A"
"MYC","ATF7",1,"A"
"MYC","ATP1A2",1,"A"
"MYC","ATP6V1G2",1,"A"
"MYC","AVP",1,"A"
"MYC","BAX",1,"A"
"MYC","BBC3",1,"A"
"MYC","BCL2",1,"A"
"MYC","BCL2L12",1,"A"
"MYC","BCL3",1,"A"
"MYC","BLK",1,"A"
"MYC","BMP4",1,"A"
"MYC","BRCA1",1,"A"
"MYC","BRCA2",1,"A"
"MYC","BRD7",-1,"A"
"MYC","BSG",1,"A"
"MYC","C9orf43",1,"A"
"MYC","CAD",1,"A"
"MYC","CASP8",1,"A"
"MYC","CASP8AP2",1,"A"
"MYC","CASP9",1,"A"
"MYC","CBS",1,"A"
"MYC","CBX3",1,"A"
"MYC","CBX5",1,"A"
"MYC","CCKBR",1,"A"
"MYC","CCNA2",1,"A"
"MYC","CCNB1",1,"A"
"MYC","CCND1",-1,"A"
"MYC","CCND2",1,"A"
"MYC","CCNE1",1,"A"
"MYC","CCT5",1,"A"
"MYC","CD63",1,"A"
"MYC","CD79B",1,"A"
"MYC","CDC25A",1,"A"
"MYC","CDC25C",1,"A"
"MYC","CDK4",1,"A"
"MYC","CDK6",1,"A"
"MYC","CDKN1A",-1,"A"
"MYC","CDKN2B",-1,"A"
"MYC","CEACAM5",1,"A"
"MYC","CEBPA",-1,"A"
"MYC","CFLAR",-1,"A"
"MYC","CHRNB1",1,"A"
"MYC","CKS2",1,"A"
"MYC","CLCN6",1,"A"
"MYC","CLINT1",1,"A"
"MYC","CLP1",1,"A"
"MYC","CLUH",1,"A"
"MYC","CLUL1",1,"A"
"MYC","CMAS",1,"A"
"MYC","COL4A1",1,"A"
"MYC","COX7A2L",1,"A"
"MYC","CRAT",1,"A"
"MYC","CRIPT",1,"A"
"MYC","CSDE1",-1,"A"
"MYC","CST5",1,"A"
"MYC","CSTB",1,"A"
"MYC","CTSF",1,"A"
"MYC","CXCL2",1,"A"
"MYC","CXCR4",1,"A"
"MYC","CXXC1",1,"A"
"MYC","DCK",1,"A"
"MYC","DDX11",1,"A"
"MYC","DDX18",1,"A"
"MYC","DDX5",1,"A"
"MYC","DFFA",1,"A"
"MYC","DKC1",1,"A"
"MYC","DLEU1",-1,"A"
"MYC","DLEU2",-1,"A"
"MYC","DMAC2L",1,"A"
"MYC","DNPH1",1,"A"
"MYC","DPY30",1,"A"
"MYC","DUSP1",-1,"A"
"MYC","E2F1",1,"A"
"MYC","EGR3",1,"A"
"MYC","EIF3C",1,"A"
"MYC","EIF4A1",1,"A"
"MYC","EIF4B",1,"A"
"MYC","EIF4E",1,"A"
"MYC","EIF4EBP2",1,"A"
"MYC","EIF5A2",1,"A"
"MYC","ELK1",1,"A"
"MYC","ENO1",1,"A"
"MYC","ENTPD7",1,"A"
"MYC","EPB42",1,"A"
"MYC","EPHX1",1,"A"
"MYC","ESD",1,"A"
"MYC","ETS2",1,"A"
"MYC","EXOSC8",1,"A"
"MYC","FAH",1,"A"
"MYC","FASLG",1,"A"
"MYC","FASN",1,"A"
"MYC","FECH",1,"A"
"MYC","FGF9",1,"A"
"MYC","FGFR4",1,"A"
"MYC","FOSL1",1,"A"
"MYC","FOXM1",1,"A"
"MYC","FPGS",1,"A"
"MYC","FUT1",1,"A"
"MYC","FXN",1,"A"
"MYC","FXR1",1,"A"
"MYC","GADD45A",-1,"A"
"MYC","GALT",1,"A"
"MYC","GAPDH",1,"A"
"MYC","GAS8",1,"A"
"MYC","GLA",1,"A"
"MYC","GNL3",1,"A"
"MYC","GOLPH3",1,"A"
"MYC","GPR4",1,"A"
"MYC","GSK3B",1,"A"
"MYC","GSTP1",1,"A"
"MYC","GTF2H2",-1,"A"
"MYC","H2AZ1",1,"A"
"MYC","H4C14",1,"A"
"MYC","HBA2",1,"A"
"MYC","HBP1",1,"A"
"MYC","HDAC2",1,"A"
"MYC","HDAC3",1,"A"
"MYC","HERC5",1,"A"
"MYC","HERPUD1",1,"A"
"MYC","HES1",1,"A"
"MYC","HIF1A",1,"A"
"MYC","HINT1",1,"A"
"MYC","HLA-F",1,"A"
"MYC","HMBS",1,"A"
"MYC","HMGN2",1,"A"
"MYC","HMOX1",1,"A"
"MYC","HNRNPA1",1,"A"
"MYC","HNRNPA2B1",1,"A"
"MYC","HNRNPDL",1,"A"
"MYC","HOXD13",1,"A"
"MYC","HOXD3",1,"A"
"MYC","HSD11B2",1,"A"
"MYC","HSP90AA2P",1,"A"
"MYC","HSPA4",1,"A"
"MYC","HSPA8",1,"A"
"MYC","HSPA9",1,"A"
"MYC","HSPD1",1,"A"
"MYC","HSPE1",1,"A"
"MYC","ICAM1",1,"A"
"MYC","ID2",1,"A"
"MYC","ID3",1,"A"
"MYC","IER3",1,"A"
"MYC","IL11RA",1,"A"
"MYC","IL13",1,"A"
"MYC","IL2",1,"A"
"MYC","IMPA2",1,"A"
"MYC","INSM1",1,"A"
"MYC","INSR",1,"A"
"MYC","IRF2",1,"A"
"MYC","IRF3",1,"A"
"MYC","ISG20",1,"A"
"MYC","ITGA6",1,"A"
"MYC","ITGB1",1,"A"
"MYC","JUN",1,"A"
"MYC","JUNB",-1,"A"
"MYC","KIAA1586",1,"A"
"MYC","KLF1",1,"A"
"MYC","KLK10",1,"A"
"MYC","LAIR1",1,"A"
"MYC","LAIR2",1,"A"
"MYC","LAMB2",1,"A"
"MYC","LAMP1",-1,"A"
"MYC","LBR",1,"A"
"MYC","LDHA",1,"A"
"MYC","LDHB",1,"A"
"MYC","LMNA",1,"A"
"MYC","LMX1B",1,"A"
"MYC","LTA4H",1,"A"
"MYC","LTB",1,"A"
"MYC","MAGEA3",1,"A"
"MYC","MAN2A2",1,"A"
"MYC","MBD1",1,"A"
"MYC","MCM7",1,"A"
"MYC","MDM2",1,"A"
"MYC","MEIS1",1,"A"
"MYC","MEIS2",1,"A"
"MYC","MELTF",1,"A"
"MYC","MEN1",1,"A"
"MYC","MET",1,"A"
"MYC","METTL1",1,"A"
"MYC","MFAP1",1,"A"
"MYC","MGST1",1,"A"
"MYC","MNT",1,"A"
"MYC","MNX1",1,"A"
"MYC","MPO",1,"A"
"MYC","MSH2",1,"A"
"MYC","MSN",-1,"A"
"MYC","MST1",-1,"A"
"MYC","MTERF1",1,"A"
"MYC","MTHFD1",1,"A"
"MYC","MTHFR",1,"A"
"MYC","MUC1",1,"A"
"MYC","MYBL2",1,"A"
"MYC","MYCL",1,"A"
"MYC","NAP1L1",1,"A"
"MYC","NAT10",1,"A"
"MYC","NCL",1,"A"
"MYC","NDRG1",-1,"A"
"MYC","NEFM",1,"A"
"MYC","NFIL3",1,"A"
"MYC","NFKBIL1",1,"A"
"MYC","NID1",1,"A"
"MYC","NIT1",1,"A"
"MYC","NME1",1,"A"
"MYC","NME2",1,"A"
"MYC","NOD1",1,"A"
"MYC","NOL7",1,"A"
"MYC","NOP56",1,"A"
"MYC","NOTCH4",1,"A"
"MYC","NPM1",1,"A"
"MYC","NR1D1",1,"A"
"MYC","NRAS",1,"A"
"MYC","NTHL1",1,"A"
"MYC","NTN3",1,"A"
"MYC","NUP155",1,"A"
"MYC","NXT1",1,"A"
"MYC","OCA2",1,"A"
"MYC","ODC1",1,"A"
"MYC","PAICS",1,"A"
"MYC","PARP1",1,"A"
"MYC","PCBD2",1,"A"
"MYC","PCNA",1,"A"
"MYC","PDHA1",1,"A"
"MYC","PER1",1,"A"
"MYC","PEX14",1,"A"
"MYC","PEX3",1,"A"
"MYC","PFDN6",1,"A"
"MYC","PHB",1,"A"
"MYC","PIGF",1,"A"
"MYC","PIK3C3",1,"A"
"MYC","PKM",1,"A"
"MYC","PKP1",1,"A"
"MYC","PLA2G4A",1,"A"
"MYC","PMAIP1",1,"A"
"MYC","POLB",1,"A"
"MYC","POLD2",1,"A"
"MYC","POLE3",1,"A"
"MYC","PPAT",1,"A"
"MYC","PPID",1,"A"
"MYC","PPIF",1,"A"
"MYC","PPP1R7",1,"A"
"MYC","PQBP1",1,"A"
"MYC","PRDM8",1,"A"
"MYC","PRDX3",1,"A"
"MYC","PRKDC",1,"A"
"MYC","PRTN3",1,"A"
"MYC","PSEN2",1,"A"
"MYC","PSMB1",1,"A"
"MYC","PSMG1",1,"A"
"MYC","PTEN",1,"A"
"MYC","PTGER2",1,"A"
"MYC","PTMA",1,"A"
"MYC","PTPA",-1,"A"
"MYC","QDPR",1,"A"
"MYC","RAD51",1,"A"
"MYC","RARA",1,"A"
"MYC","RARB",-1,"A"
"MYC","RBBP4",1,"A"
"MYC","RBM39",1,"A"
"MYC","RBM8A",1,"A"
"MYC","RCC1",1,"A"
"MYC","RFC2",1,"A"
"MYC","RGS2",1,"A"
"MYC","RHOG",1,"A"
"MYC","RIDA",1,"A"
"MYC","RPL10",1,"A"
"MYC","RPL13",1,"A"
"MYC","RPL19",1,"A"
"MYC","RPL22",1,"A"
"MYC","RPL23",1,"A"
"MYC","RPL26",1,"A"
"MYC","RPL27",1,"A"
"MYC","RPL27A",1,"A"
"MYC","RPL3",1,"A"
"MYC","RPL32",1,"A"
"MYC","RPL6",1,"A"
"MYC","RPS15",1,"A"
"MYC","RPS15A",1,"A"
"MYC","RPS16",1,"A"
"MYC","RPS19",1,"A"
"MYC","RPS20",1,"A"
"MYC","RPS6",1,"A"
"MYC","SCARB1",1,"A"
"MYC","SEC23B",1,"A"
"MYC","SFMBT1",1,"A"
"MYC","SFXN3",1,"A"
"MYC","SHMT1",1,"A"
"MYC","SIM2",1,"A"
"MYC","SIRT1",1,"A"
"MYC","SLA",1,"A"
"MYC","SLBP",1,"A"
"MYC","SLC19A1",1,"A"
"MYC","SLC25A28",1,"A"
"MYC","SLC25A3",1,"A"
"MYC","SLC28A2",1,"A"
"MYC","SLC2A4",1,"A"
"MYC","SLC4A2",1,"A"
"MYC","SLC9A3R2",1,"A"
"MYC","SLIT1",1,"A"
"MYC","SMARCAD1",1,"A"
"MYC","SMN1",1,"A"
"MYC","SNRPB",1,"A"
"MYC","SNRPB2",1,"A"
"MYC","SNRPD3",1,"A"
"MYC","SPAST",1,"A"
"MYC","SQSTM1",1,"A"
"MYC","SRD5A1",1,"A"
"MYC","SRM",1,"A"
"MYC","SRSF1",1,"A"
"MYC","ST3GAL1",1,"A"
"MYC","STAT6",1,"A"
"MYC","STMN1",1,"A"
"MYC","SURF6",1,"A"
"MYC","SYNGR2",1,"A"
"MYC","TCF12",1,"A"
"MYC","TCIRG1",1,"A"
"MYC","TERT",1,"A"
"MYC","TFAP4",1,"A"
"MYC","TFRC",1,"A"
"MYC","TGFB1",1,"A"
"MYC","TGFB2",1,"A"
"MYC","TGFB3",1,"A"
"MYC","THBS1",-1,"A"
"MYC","THBS4",1,"A"
"MYC","THRAP3",1,"A"
"MYC","TNFRSF8",1,"A"
"MYC","TOMM20",1,"A"
"MYC","TOP1",1,"A"
"MYC","TP53",1,"A"
"MYC","TPM2",1,"A"
"MYC","TRAP1",1,"A"
"MYC","TSC2",1,"A"
"MYC","TUBG2",1,"A"
"MYC","TXN",1,"A"
"MYC","TYMS",1,"A"
"MYC","UBA52",1,"A"
"MYC","UBE2C",1,"A"
"MYC","UCP1",1,"A"
"MYC","UCP3",1,"A"
"MYC","UROD",1,"A"
"MYC","UXT",1,"A"
"MYC","VAMP2",1,"A"
"MYC","VEGFA",1,"A"
"MYC","VHL",1,"A"
"MYC","WDR36",1,"A"
"MYC","WNT10B",1,"A"
"MYC","WRN",1,"A"
"MYC","WT1",1,"A"
"MYC","YBX3",1,"A"
"MYC","ZFP36L1",-1,"A"
"MYC","ZNF146",1,"A"
"MYC","ZNF234",1,"A"
"MYC","ZNF271P",1,"A"
"MYC","ZNF304",1,"A"
"MYC","ZNF451",1,"A"
"MYC","ZSCAN9",1,"A"
"MYCN","CTSD",1,"A"
"MYCN","MCM2",1,"A"
"MYCN","MCM3",1,"A"
"MYCN","MCM4",1,"A"
"MYCN","MCM5",1,"A"
"MYCN","MCM6",1,"A"
"MYCN","MCM7",1,"A"
"MYCN","MCM8",1,"A"
"MYCN","MDM2",1,"A"
"MYCN","MXI1",-1,"A"
"MYCN","NDRG1",1,"A"
"MYCN","NES",1,"A"
"MYCN","TP53",1,"A"
"MYOD1","ACACB",1,"C"
"MYOD1","ACTC1",1,"C"
"MYOD1","ADCY9",1,"C"
"MYOD1","ARHGAP10",1,"C"
"MYOD1","BOC",1,"C"
"MYOD1","BRD4",1,"C"
"MYOD1","CUEDC1",1,"C"
"MYOD1","DES",1,"C"
"MYOD1","DIP2C",1,"C"
"MYOD1","ECE1",1,"C"
"MYOD1","EXOC4",1,"C"
"MYOD1","FMN1",1,"C"
"MYOD1","FRMD3",1,"C"
"MYOD1","FYN",1,"C"
"MYOD1","HDAC4",1,"C"
"MYOD1","IGF2R",1,"C"
"MYOD1","ITGB5",1,"C"
"MYOD1","KALRN",1,"C"
"MYOD1","KCNJ15",1,"C"
"MYOD1","KCNMA1",1,"C"
"MYOD1","KIF1A",1,"C"
"MYOD1","LIMCH1",1,"C"
"MYOD1","MDGA1",1,"C"
"MYOD1","MDS2",1,"C"
"MYOD1","MED15",1,"C"
"MYOD1","MEGF10",1,"C"
"MYOD1","MTHFD1L",1,"C"
"MYOD1","NIBAN2",1,"C"
"MYOD1","PEPD",1,"C"
"MYOD1","PLEKHA6",1,"C"
"MYOD1","PPM1H",1,"C"
"MYOD1","PRKCH",1,"C"
"MYOD1","PRR5",1,"C"
"MYOD1","PRRC2B",1,"C"
"MYOD1","RALGDS",1,"C"
"MYOD1","RARA",1,"C"
"MYOD1","RBFOX1",1,"C"
"MYOD1","SEPTIN9",1,"C"
"MYOD1","SH3PXD2A",1,"C"
"MYOD1","SLC22A23",1,"C"
"MYOD1","SVIL",1,"C"
"MYOD1","SYNJ2",1,"C"
"MYOD1","TACC2",1,"C"
"MYOD1","TBC1D1",1,"C"
"MYOD1","TMCC3",1,"C"
"MYOD1","ZDHHC14",1,"C"
"MYOD1","ZFAT",1,"C"
"NANOG","CDC25A",-1,"C"
"NANOG","CDK6",-1,"C"
"NANOG","CDX2",-1,"C"
"NANOG","GATA4",-1,"C"
"NANOG","KDR",1,"C"
"NANOG","L1TD1",1,"C"
"NANOG","LAMB1",-1,"C"
"NANOG","POU5F1",1,"C"
"NANOG","ADGRL2",1,"C"
"NANOG","ADGRV1",1,"C"
"NANOG","ATXN7L1",1,"C"
"NANOG","BCAR3",1,"C"
"NANOG","CACHD1",1,"C"
"NANOG","CADPS",1,"C"
"NANOG","CCND1",1,"C"
"NANOG","CDH18",1,"C"
"NANOG","CDKAL1",1,"C"
"NANOG","CNTNAP2",1,"C"
"NANOG","CPNE4",1,"C"
"NANOG","DENND2B",1,"C"
"NANOG","DLG2",1,"C"
"NANOG","EPB41L3",1,"C"
"NANOG","FAT1",1,"C"
"NANOG","GCNT2",1,"C"
"NANOG","GPC6",1,"C"
"NANOG","HDAC9",1,"C"
"NANOG","IGF2BP3",1,"C"
"NANOG","JMJD1C",1,"C"
"NANOG","LDB2",1,"C"
"NANOG","LIMCH1",1,"C"
"NANOG","MAGI2",1,"C"
"NANOG","MED12L",1,"C"
"NANOG","MPPED2",1,"C"
"NANOG","NBEA",1,"C"
"NANOG","NRXN3",1,"C"
"NANOG","PALM2AKAP2",1,"C"
"NANOG","PATJ",1,"C"
"NANOG","PRR16",1,"C"
"NANOG","RABGAP1L",1,"C"
"NANOG","RNF38",1,"C"
"NANOG","RUNX1T1",1,"C"
"NANOG","SHROOM3",1,"C"
"NANOG","SNRPN",1,"C"
"NANOG","SORCS1",1,"C"
"NANOG","SYNE2",1,"C"
"NANOG","TACC2",1,"C"
"NANOG","TCF4",1,"C"
"NANOG","TIAM2",1,"C"
"NANOG","VPS13A",1,"C"
"NCOA1","APPBP2",1,"C"
"NCOA1","ARFGEF2",1,"C"
"NCOA1","ASAP1",1,"C"
"NCOA1","BPTF",1,"C"
"NCOA1","CHD6",1,"C"
"NCOA1","ESYT2",1,"C"
"NCOA1","HIPK1",1,"C"
"NCOA1","LMBR1",1,"C"
"NCOA1","MAN1A2",1,"C"
"NCOA1","MAPKAP1",1,"C"
"NCOA1","PPP1R12A",1,"C"
"NCOA1","PTK2",1,"C"
"NCOA1","STK3",1,"C"
"NCOA1","TERF2",1,"C"
"NCOA1","TMCC1",1,"C"
"NCOA1","TRIM33",1,"C"
"NCOA1","UBR5",1,"C"
"NCOA1","VPS13B",1,"C"
"NCOA1","VPS13D",1,"C"
"NCOA1","ZMIZ1",1,"C"
"NCOA2","ANK3",1,"C"
"NCOA2","ARFGEF2",1,"C"
"NCOA2","BPTF",1,"C"
"NCOA2","CHD6",1,"C"
"NCOA2","DAAM1",1,"C"
"NCOA2","GSE1",1,"C"
"NCOA2","HIPK1",1,"C"
"NCOA2","KIAA1217",1,"C"
"NCOA2","MED13L",1,"C"
"NCOA2","MSI2",1,"C"
"NCOA2","NCOA3",1,"C"
"NCOA2","OXR1",1,"C"
"NCOA2","PTK2",1,"C"
"NCOA2","RABGAP1L",1,"C"
"NCOA2","SRPK2",1,"C"
"NCOA2","TRIM33",1,"C"
"NCOA2","UTRN",1,"C"
"NCOA2","VPS13B",1,"C"
"NCOA3","BCL2",1,"C"
"NCOA3","ANKRD28",1,"C"
"NCOA3","ARFGEF2",1,"C"
"NCOA3","ARHGAP10",1,"C"
"NCOA3","ASAP1",1,"C"
"NCOA3","BPTF",1,"C"
"NCOA3","CDYL2",1,"C"
"NCOA3","FAM214A",1,"C"
"NCOA3","HELZ",1,"C"
"NCOA3","HIPK1",1,"C"
"NCOA3","LPP",1,"C"
"NCOA3","MED13",1,"C"
"NCOA3","MED13L",1,"C"
"NCOA3","NEDD4",1,"C"
"NCOA3","OXR1",1,"C"
"NCOA3","PIP4K2A",1,"C"
"NCOA3","SLC44A1",1,"C"
"NCOA3","SYNE2",1,"C"
"NCOA3","TLK2",1,"C"
"NCOA3","UBR5",1,"C"
"NCOA3","USP6NL",1,"C"
"NCOA3","VPS13B",1,"C"
"NCOA3","ZMYND8",1,"C"
"NEUROD1","INS",1,"C"
"NEUROD1","GRM4",1,"C"
"NEUROD1","ACAP3",1,"C"
"NEUROD1","ARHGEF1",1,"C"
"NEUROD1","ARHGEF19",1,"C"
"NEUROD1","ARHGEF2",1,"C"
"NEUROD1","ASIC4",1,"C"
"NEUROD1","CDH23",1,"C"
"NEUROD1","CELF5",1,"C"
"NEUROD1","CTSB",1,"C"
"NEUROD1","CYTH1",1,"C"
"NEUROD1","GABBR2",1,"C"
"NEUROD1","LASP1",1,"C"
"NEUROD1","LITAF",1,"C"
"NEUROD1","MED15",1,"C"
"NEUROD1","MEF2D",1,"C"
"NEUROD1","MICAL2",1,"C"
"NEUROD1","MRPL34",1,"C"
"NEUROD1","NCOR2",1,"C"
"NEUROD1","PEAR1",1,"C"
"NEUROD1","PTTG1IP",1,"C"
"NEUROD1","RGS10",1,"C"
"NEUROD1","RIPOR3",1,"C"
"NEUROD1","RTN4",1,"C"
"NEUROD1","SCRT1",1,"C"
"NEUROD1","SH2D6",1,"C"
"NEUROD1","SH3BP2",1,"C"
"NEUROD1","SLC8A2",1,"C"
"NEUROD1","TAL1",1,"C"
"NEUROD1","TANGO2",1,"C"
"NEUROD1","TBX1",1,"C"
"NEUROD1","TLE5",1,"C"
"NEUROD1","TTC7A",1,"C"
"NEUROD1","UCKL1",1,"C"
"NEUROD1","VASP",1,"C"
"NFATC1","EGR3",1,"C"
"NFATC1","ICAM1",1,"C"
"NFATC1","IFNG",1,"C"
"NFATC1","IL2",1,"C"
"NFATC1","IL5",1,"C"
"NFATC1","CREB5",1,"C"
"NFATC1","FYN",1,"C"
"NFATC1","MEF2C",1,"C"
"NFATC1","NEDD9",1,"C"
"NFATC1","ACTB",1,"C"
"NFATC1","CARS2",1,"C"
"NFATC1","CFLAR",1,"C"
"NFATC1","CHD2",1,"C"
"NFATC1","CPNE1",1,"C"
"NFATC1","DST",1,"C"
"NFATC1","GPR183",1,"C"
"NFATC1","HIVEP2",1,"C"
"NFATC1","IKZF2",1,"C"
"NFATC1","IL17A",1,"C"
"NFATC1","MACF1",1,"C"
"NFATC1","NAALADL2",1,"C"
"NFATC1","NCOR2",1,"C"
"NFATC1","NFKB1",1,"C"
"NFATC1","PHF19",1,"C"
"NFATC1","PIAS1",1,"C"
"NFATC1","PIP4K2A",1,"C"
"NFATC1","PTK2B",1,"C"
"NFATC1","RGS3",1,"C"
"NFATC1","SMARCA2",1,"C"
"NFATC1","SP100",1,"C"
"NFATC1","STK38L",1,"C"
"NFATC1","TCF4",1,"C"
"NFATC1","TMEM131L",1,"C"
"NFATC1","TNFAIP3",1,"C"
"NFATC1","UBR5",1,"C"
"NFATC2","CD40LG",1,"A"
"NFATC2","CDK4",1,"A"
"NFATC2","CSF2",1,"A"
"NFATC2","EGR3",1,"A"
"NFATC2","FOXP3",1,"A"
"NFATC2","IFNG",1,"A"
"NFATC2","IL2",1,"A"
"NFATC2","IL4",1,"A"
"NFATC2","IL5",1,"A"
"NFATC2","TERT",1,"A"
"NFE2","TBXA2R",1,"C"
"NFE2","GCLC",1,"C"
"NFE2","TBXAS1",1,"C"
"NFE2","ADCK1",1,"C"
"NFE2","ADGRV1",1,"C"
"NFE2","ARID1A",1,"C"
"NFE2","CAMK2G",1,"C"
"NFE2","DAB2IP",1,"C"
"NFE2","DENND3",1,"C"
"NFE2","DST",1,"C"
"NFE2","DYSF",1,"C"
"NFE2","EFHB",1,"C"
"NFE2","EGLN3",1,"C"
"NFE2","ERGIC1",1,"C"
"NFE2","FHAD1",1,"C"
"NFE2","FOXK1",1,"C"
"NFE2","FYB1",1,"C"
"NFE2","GNA12",1,"C"
"NFE2","INPP5D",1,"C"
"NFE2","KCNMA1",1,"C"
"NFE2","MAP2K3",1,"C"
"NFE2","MAP4",1,"C"
"NFE2","MICAL2",1,"C"
"NFE2","NABP1",1,"C"
"NFE2","PIK3AP1",1,"C"
"NFE2","PISD",1,"C"
"NFE2","PLB1",1,"C"
"NFE2","PRDM10",1,"C"
"NFE2","PRKCB",1,"C"
"NFE2","PRR5",1,"C"
"NFE2","PTK2",1,"C"
"NFE2","PTPRE",1,"C"
"NFE2","RERE",1,"C"
"NFE2","RGS3",1,"C"
"NFE2","RREB1",1,"C"
"NFE2","SCARB1",1,"C"
"NFE2","SEMA4D",1,"C"
"NFE2","SH2D6",1,"C"
"NFE2","SH3BP5",1,"C"
"NFE2","SH3TC1",1,"C"
"NFE2","SLC25A37",1,"C"
"NFE2","SNX29",1,"C"
"NFE2","STK10",1,"C"
"NFE2","STK40",1,"C"
"NFE2","TNS1",1,"C"
"NFE2","UBC",1,"C"
"NFE2","ZBTB20",1,"C"
"NFE2","ZSCAN31",1,"C"
"NFE2L1","PARVA",1,"C"
"NFE2L1","ADCY9",1,"C"
"NFE2L1","AKR1C3",1,"C"
"NFE2L1","ANO10",1,"C"
"NFE2L1","ARHGAP6",1,"C"
"NFE2L1","ARNTL",1,"C"
"NFE2L1","BCAS3",1,"C"
"NFE2L1","CALD1",1,"C"
"NFE2L1","CPQ",1,"C"
"NFE2L1","DENND1A",1,"C"
"NFE2L1","DLGAP1",1,"C"
"NFE2L1","EXOC6B",1,"C"
"NFE2L1","FOXK1",1,"C"
"NFE2L1","GNAL",1,"C"
"NFE2L1","IRAG1",1,"C"
"NFE2L1","KIF13A",1,"C"
"NFE2L1","PARN",1,"C"
"NFE2L1","POPDC3",1,"C"
"NFE2L1","RTN4",1,"C"
"NFE2L1","SETD5",1,"C"
"NFE2L1","SETMAR",1,"C"
"NFE2L1","SORBS1",1,"C"
"NFE2L1","SORT1",1,"C"
"NFE2L1","SQSTM1",1,"C"
"NFE2L1","TBC1D5",1,"C"
"NFE2L1","TEAD1",1,"C"
"NFE2L1","TMEM245",1,"C"
"NFE2L1","TNS1",1,"C"
"NFE2L1","TXNRD1",1,"C"
"NFE2L1","UBE2H",1,"C"
"NFE2L1","ZFAT",1,"C"
"NFE2L2","GCLC",1,"B"
"NFE2L2","GSTA1",1,"B"
"NFE2L2","HMOX1",1,"B"
"NFE2L2","MTHFR",1,"B"
"NFE2L2","NQO1",1,"B"
"NFE2L2","SQSTM1",1,"B"
"NFE2L2","TXN",1,"B"
"NFE2L2","TXNRD1",1,"B"
"NFE2L2","ABCC1",1,"B"
"NFE2L2","NQO2",1,"B"
"NFE2L2","TGIF1",1,"B"
"NFIC","ALAS1",1,"A"
"NFIC","C4BPB",1,"A"
"NFIC","COL18A1",1,"A"
"NFIC","COL1A1",1,"A"
"NFIC","CSH1",1,"A"
"NFIC","CYP17A1",1,"A"
"NFIC","CYP1A1",-1,"A"
"NFIC","FABP7",1,"A"
"NFIC","GFAP",1,"A"
"NFIC","GTF3C1",1,"A"
"NFIC","GTF3C2",1,"A"
"NFIC","GUCY1B1",1,"A"
"NFIC","HMGB1",1,"A"
"NFIC","HSD11B2",1,"A"
"NFIC","ITGA5",-1,"A"
"NFIC","JUN",1,"A"
"NFIC","MATN1",-1,"A"
"NFIC","MYC",1,"A"
"NFIC","POLD2",1,"A"
"NFIC","POLE2",1,"A"
"NFIC","PROC",1,"A"
"NFIC","SLC2A4",1,"A"
"NFIC","SLC34A2",1,"A"
"NFIC","SMUG1",1,"A"
"NFIC","TFAP2A",1,"A"
"NFIC","TFPI2",1,"A"
"NFIC","TP53",1,"A"
"NFIC","VWF",1,"A"
"NFKB1","A2M",1,"A"
"NFKB1","ABCB1",1,"A"
"NFKB1","ADORA1",1,"A"
"NFKB1","AGER",1,"A"
"NFKB1","AGT",1,"A"
"NFKB1","AKT1",-1,"A"
"NFKB1","ALOX5AP",1,"A"
"NFKB1","AMH",1,"A"
"NFKB1","AR",-1,"A"
"NFKB1","ATF3",1,"A"
"NFKB1","B2M",1,"A"
"NFKB1","BCL2",1,"A"
"NFKB1","BCL2A1",1,"A"
"NFKB1","BCL2L1",1,"A"
"NFKB1","BCL3",1,"A"
"NFKB1","BIRC2",1,"A"
"NFKB1","BIRC3",1,"A"
"NFKB1","BIRC5",1,"A"
"NFKB1","BRCA1",1,"A"
"NFKB1","BRCA2",1,"A"
"NFKB1","BST1",1,"A"
"NFKB1","CCL11",1,"A"
"NFKB1","CCL2",1,"A"
"NFKB1","CCL22",1,"A"
"NFKB1","CCL3",1,"A"
"NFKB1","CCL4",1,"A"
"NFKB1","CCL5",1,"A"
"NFKB1","CCND1",1,"A"
"NFKB1","CCND2",1,"A"
"NFKB1","CCR7",1,"A"
"NFKB1","CD40",1,"A"
"NFKB1","CD40LG",1,"A"
"NFKB1","CD58",1,"A"
"NFKB1","CD69",1,"A"
"NFKB1","CD74",1,"A"
"NFKB1","CD80",1,"A"
"NFKB1","CD83",1,"A"
"NFKB1","CD86",1,"A"
"NFKB1","CDK4",1,"A"
"NFKB1","CFLAR",1,"A"
"NFKB1","CFTR",1,"A"
"NFKB1","COL1A1",-1,"A"
"NFKB1","COL1A2",-1,"A"
"NFKB1","CR2",1,"A"
"NFKB1","CRMP1",1,"A"
"NFKB1","CRP",1,"A"
"NFKB1","CSF1",1,"A"
"NFKB1","CSF2",1,"A"
"NFKB1","CSNK2A1",1,"A"
"NFKB1","CTCF",-1,"A"
"NFKB1","CTSB",1,"A"
"NFKB1","CXCL1",1,"A"
"NFKB1","CXCL10",1,"A"
"NFKB1","CXCL2",1,"A"
"NFKB1","CXCL3",1,"A"
"NFKB1","CXCL5",1,"A"
"NFKB1","CXCL8",1,"A"
"NFKB1","CYP19A1",-1,"A"
"NFKB1","CYP27B1",1,"A"
"NFKB1","DEFB4A",1,"A"
"NFKB1","EBI3",1,"A"
"NFKB1","EDN1",1,"A"
"NFKB1","EGFR",1,"A"
"NFKB1","ELF3",1,"A"
"NFKB1","F3",1,"A"
"NFKB1","F8",1,"A"
"NFKB1","FAS",1,"A"
"NFKB1","FASLG",1,"A"
"NFKB1","FBP1",1,"A"
"NFKB1","FCGRT",1,"A"
"NFKB1","FN1",-1,"A"
"NFKB1","GADD45A",1,"A"
"NFKB1","GADD45G",1,"A"
"NFKB1","GATA3",1,"A"
"NFKB1","GDNF",1,"A"
"NFKB1","GSTP1",1,"A"
"NFKB1","HIF1A",1,"A"
"NFKB1","HLA-F",1,"A"
"NFKB1","HMOX1",1,"A"
"NFKB1","HSD11B2",1,"A"
"NFKB1","ICAM1",1,"A"
"NFKB1","IER3",1,"A"
"NFKB1","IFNA1",1,"A"
"NFKB1","IFNB1",1,"A"
"NFKB1","IFNG",1,"A"
"NFKB1","IL10",1,"A"
"NFKB1","IL12A",1,"A"
"NFKB1","IL12B",1,"A"
"NFKB1","IL17C",1,"A"
"NFKB1","IL18",1,"A"
"NFKB1","IL1A",-1,"A"
"NFKB1","IL1B",1,"A"
"NFKB1","IL1RN",1,"A"
"NFKB1","IL2",1,"A"
"NFKB1","IL23A",1,"A"
"NFKB1","IL2RA",1,"A"
"NFKB1","IL4",1,"A"
"NFKB1","IL5",1,"A"
"NFKB1","IL6",1,"A"
"NFKB1","IRF1",1,"A"
"NFKB1","IRF4",1,"A"
"NFKB1","IRF7",1,"A"
"NFKB1","JUNB",1,"A"
"NFKB1","KLK3",1,"A"
"NFKB1","LPL",1,"A"
"NFKB1","LTA",1,"A"
"NFKB1","MADCAM1",1,"A"
"NFKB1","MAT2A",1,"A"
"NFKB1","MICA",1,"A"
"NFKB1","MMP13",1,"A"
"NFKB1","MMP14",1,"A"
"NFKB1","MMP2",1,"A"
"NFKB1","MMP3",1,"A"
"NFKB1","MMP9",1,"A"
"NFKB1","MYB",1,"A"
"NFKB1","MYC",1,"A"
"NFKB1","NFKBIA",1,"A"
"NFKB1","NOD2",1,"A"
"NFKB1","NOLC1",1,"A"
"NFKB1","NOS1",1,"A"
"NFKB1","NOS2",1,"A"
"NFKB1","NOS3",1,"A"
"NFKB1","NQO1",1,"A"
"NFKB1","PDE7A",1,"A"
"NFKB1","PDGFB",1,"A"
"NFKB1","PIGR",1,"A"
"NFKB1","PLAU",1,"A"
"NFKB1","PLAUR",1,"A"
"NFKB1","PTAFR",1,"A"
"NFKB1","PTGS2",1,"A"
"NFKB1","PTHLH",1,"A"
"NFKB1","PTPN13",1,"A"
"NFKB1","RIPK2",1,"A"
"NFKB1","RRM2B",1,"A"
"NFKB1","SAA2",1,"A"
"NFKB1","SELE",1,"A"
"NFKB1","SERPINA3",-1,"A"
"NFKB1","SERPINB1",1,"A"
"NFKB1","SERPINE1",1,"A"
"NFKB1","SOCS3",1,"A"
"NFKB1","SOD2",1,"A"
"NFKB1","TBX21",1,"A"
"NFKB1","TFF3",1,"A"
"NFKB1","TFPI2",1,"A"
"NFKB1","THBD",-1,"A"
"NFKB1","TIMP1",-1,"A"
"NFKB1","TLR2",1,"A"
"NFKB1","TNC",1,"A"
"NFKB1","TNF",1,"A"
"NFKB1","TNFAIP3",1,"A"
"NFKB1","TNFRSF10A",1,"A"
"NFKB1","TNFRSF10B",1,"A"
"NFKB1","TNFSF10",1,"A"
"NFKB1","TP53",1,"A"
"NFKB1","TRAF1",1,"A"
"NFKB1","TRAF2",1,"A"
"NFKB1","VCAM1",1,"A"
"NFKB1","VEGFA",1,"A"
"NFKB1","VEGFC",1,"A"
"NFKB1","VEGFD",1,"A"
"NFKB1","VIM",1,"A"
"NFKB1","VWF",1,"A"
"NFKB1","WT1",1,"A"
"NFKB1","XIAP",1,"A"
"NFKB2","BCL2",-1,"B"
"NFKB2","BCL2L1",-1,"B"
"NFKB2","CCL21",1,"B"
"NFKB2","CCND2",1,"B"
"NFKB2","CDK6",1,"B"
"NFKB2","CXCL8",1,"B"
"NFKB2","SELP",1,"B"
"NFKB2","SND1",1,"B"
"NFKB2","BCL3",-1,"B"
"NFKB2","CD44",-1,"B"
"NFKB2","CD58",-1,"B"
"NFKB2","IL2RA",-1,"B"
"NFKB2","IL6",-1,"B"
"NFKB2","NEURL3",-1,"B"
"NFKB2","RARA",-1,"B"
"NFKB2","TNFAIP3",-1,"B"
"NFKB2","TNIP1",-1,"B"
"NFKB2","TRAF1",-1,"B"
"NFYA","ABCB1",1,"B"
"NFYA","ACTB",1,"B"
"NFYA","DDIT3",1,"B"
"NFYA","FDPS",1,"B"
"NFYA","FXR2",1,"B"
"NFYA","SP3",1,"B"
"NFYA","AP3M2",1,"B"
"NFYA","CD74",1,"B"
"NFYA","PNRC2",1,"B"
"NFYA","ZNF608",1,"B"
"NFYB","ACTB",1,"C"
"NFYB","FXR2",1,"C"
"NFYB","CCNB1",1,"C"
"NFYB","CD74",1,"C"
"NFYB","CREBRF",1,"C"
"NFYB","CRYZL1",1,"C"
"NFYB","PCNA",1,"C"
"NFYB","AMN1",1,"C"
"NFYB","AP2A1",1,"C"
"NFYB","ATRIP",1,"C"
"NFYB","BAZ1B",1,"C"
"NFYB","BFSP1",1,"C"
"NFYB","BRSK2",1,"C"
"NFYB","CCNB2",1,"C"
"NFYB","CDK1",1,"C"
"NFYB","CKS2",1,"C"
"NFYB","COQ10B",1,"C"
"NFYB","COQ8A",1,"C"
"NFYB","DLG3",1,"C"
"NFYB","DNAJB1",1,"C"
"NFYB","DPF1",1,"C"
"NFYB","EIF2AK3",1,"C"
"NFYB","ELMO1",1,"C"
"NFYB","EPB41",1,"C"
"NFYB","FADS1",1,"C"
"NFYB","FAM117A",1,"C"
"NFYB","FCHO1",1,"C"
"NFYB","FDFT1",1,"C"
"NFYB","FZD2",1,"C"
"NFYB","GCNT2",1,"C"
"NFYB","GNA12",1,"C"
"NFYB","HNRNPDL",1,"C"
"NFYB","IER5",1,"C"
"NFYB","KCNAB2",1,"C"
"NFYB","KCNB1",1,"C"
"NFYB","KLHL25",1,"C"
"NFYB","LBR",1,"C"
"NFYB","LINS1",1,"C"
"NFYB","LIPA",1,"C"
"NFYB","LYPLA1",1,"C"
"NFYB","MAT2B",1,"C"
"NFYB","MBNL1",1,"C"
"NFYB","MKNK2",1,"C"
"NFYB","MKRN1",1,"C"
"NFYB","MLEC",1,"C"
"NFYB","MPHOSPH9",1,"C"
"NFYB","MRTFA",1,"C"
"NFYB","NCEH1",1,"C"
"NFYB","NEK7",1,"C"
"NFYB","NUCB2",1,"C"
"NFYB","OSBPL9",1,"C"
"NFYB","OTULINL",1,"C"
"NFYB","PAK4",1,"C"
"NFYB","PASK",1,"C"
"NFYB","PDIA4",1,"C"
"NFYB","PEX16",1,"C"
"NFYB","PRDM11",1,"C"
"NFYB","RGS3",1,"C"
"NFYB","RHOF",1,"C"
"NFYB","RHOQ",1,"C"
"NFYB","SEC22C",1,"C"
"NFYB","SLC27A1",1,"C"
"NFYB","SOD2",1,"C"
"NFYB","SRRM1",1,"C"
"NFYB","SSBP3",1,"C"
"NFYB","TBC1D31",1,"C"
"NFYB","TMEM14C",1,"C"
"NFYB","TMEM245",1,"C"
"NFYB","TXNIP",1,"C"
"NFYB","TXNRD1",1,"C"
"NFYB","UBP1",1,"C"
"NFYB","UHRF1",1,"C"
"NFYB","UVRAG",1,"C"
"NFYB","VCP",1,"C"
"NFYB","VIPR1",1,"C"
"NFYB","ZNF608",1,"C"
"NR1H2","ABCA1",1,"C"
"NR1H2","ABCG1",1,"C"
"NR1H2","BHLHE40",1,"C"
"NR1H2","SREBF1",1,"C"
"NR1H2","FASN",1,"C"
"NR1H2","PPARG",1,"C"
"NR1H2","CDC42EP4",1,"C"
"NR1H2","DNAJB12",1,"C"
"NR1H2","EIF1",1,"C"
"NR1H2","MNT",1,"C"
"NR1H2","NCOR2",1,"C"
"NR1H2","SQSTM1",1,"C"
"NR1H2","TBC1D1",1,"C"
"NR1H3","ABCA1",1,"C"
"NR1H3","ABCG1",1,"C"
"NR1H3","APOE",1,"C"
"NR1H3","BHLHE40",1,"C"
"NR1H3","SREBF1",1,"C"
"NR1H3","FASN",1,"C"
"NR1H3","ABCD1",1,"C"
"NR1H3","AKR1C4",1,"C"
"NR1H3","KIAA1217",1,"C"
"NR1H3","PPARG",1,"C"
"NR1H3","RNF145",1,"C"
"NR1H3","TMEM135",1,"C"
"NR2C2","ASXL1",1,"C"
"NR2C2","GCC2",1,"C"
"NR2C2","NR2C1",1,"C"
"NR2C2","SNRNP200",1,"C"
"NR2C2","TAF2",1,"C"
"NR2C2","ACBD3",1,"C"
"NR2C2","ADGRF3",1,"C"
"NR2C2","AGPS",1,"C"
"NR2C2","ANAPC15",1,"C"
"NR2C2","ANKIB1",1,"C"
"NR2C2","ANXA11",1,"C"
"NR2C2","ASB8",1,"C"
"NR2C2","ATP11A",1,"C"
"NR2C2","BAZ1B",1,"C"
"NR2C2","BRD9",1,"C"
"NR2C2","CCDC146",1,"C"
"NR2C2","CCDC51",1,"C"
"NR2C2","CCDC71",1,"C"
"NR2C2","CFAP61",1,"C"
"NR2C2","CHMP4B",1,"C"
"NR2C2","CLUH",1,"C"
"NR2C2","CNOT9",1,"C"
"NR2C2","CWC15",1,"C"
"NR2C2","DDX42",1,"C"
"NR2C2","DICER1",1,"C"
"NR2C2","DUS1L",1,"C"
"NR2C2","EBAG9",1,"C"
"NR2C2","EHMT1",1,"C"
"NR2C2","EIF3M",1,"C"
"NR2C2","FAM193B",1,"C"
"NR2C2","GCN1",1,"C"
"NR2C2","GOLGB1",1,"C"
"NR2C2","GPATCH8",1,"C"
"NR2C2","IMPACT",1,"C"
"NR2C2","KDM4D",1,"C"
"NR2C2","KDM5A",1,"C"
"NR2C2","KMT5A",1,"C"
"NR2C2","KRIT1",1,"C"
"NR2C2","LSM7",1,"C"
"NR2C2","MAP3K11",1,"C"
"NR2C2","MAPKAP1",1,"C"
"NR2C2","MRPL20",1,"C"
"NR2C2","MRPL33",1,"C"
"NR2C2","MRPS28",1,"C"
"NR2C2","NAA50",1,"C"
"NR2C2","NDUFAF6",1,"C"
"NR2C2","NDUFB7",1,"C"
"NR2C2","NDUFS6",1,"C"
"NR2C2","NFE2L2",1,"C"
"NR2C2","NFXL1",1,"C"
"NR2C2","NOL7",1,"C"
"NR2C2","NUP107",1,"C"
"NR2C2","NUP37",1,"C"
"NR2C2","PAK4",1,"C"
"NR2C2","PARPBP",1,"C"
"NR2C2","PCBP1",1,"C"
"NR2C2","PHF12",1,"C"
"NR2C2","PPIH",1,"C"
"NR2C2","PRPF40A",1,"C"
"NR2C2","PTAR1",1,"C"
"NR2C2","RAB11FIP2",1,"C"
"NR2C2","RPRD1B",1,"C"
"NR2C2","RPS21",1,"C"
"NR2C2","RPS3A",1,"C"
"NR2C2","RPS6KC1",1,"C"
"NR2C2","SAP18",1,"C"
"NR2C2","SCNM1",1,"C"
"NR2C2","SELENOI",1,"C"
"NR2C2","SKIDA1",1,"C"
"NR2C2","SMARCD2",1,"C"
"NR2C2","SNRPF",1,"C"
"NR2C2","SPPL2B",1,"C"
"NR2C2","SRCAP",1,"C"
"NR2C2","TBC1D22A",1,"C"
"NR2C2","TMA7",1,"C"
"NR2C2","TMCO1",1,"C"
"NR2C2","TMEM248",1,"C"
"NR2C2","TNRC6A",1,"C"
"NR2C2","TOMM40",1,"C"
"NR2C2","TRIP13",1,"C"
"NR2C2","TTC31",1,"C"
"NR2C2","TTI1",1,"C"
"NR2C2","TXNL1",1,"C"
"NR2C2","USP37",1,"C"
"NR2C2","VPS13D",1,"C"
"NR2C2","WTAP",1,"C"
"NR2C2","ZNF3",1,"C"
"NR2C2","ZNF513",1,"C"
"NR2F1","AGT",-1,"C"
"NR2F1","APOA2",-1,"C"
"NR2F1","APOC3",-1,"C"
"NR2F1","CYP19A1",-1,"C"
"NR2F1","EPO",-1,"C"
"NR2F1","LHCGR",-1,"C"
"NR2F1","ABCA2",1,"C"
"NR2F1","ADAP1",1,"C"
"NR2F1","ADGRG1",1,"C"
"NR2F1","AGPAT3",1,"C"
"NR2F1","AHDC1",1,"C"
"NR2F1","ARHGEF1",1,"C"
"NR2F1","ARHGEF2",1,"C"
"NR2F1","ARHGEF4",1,"C"
"NR2F1","ATP11A",1,"C"
"NR2F1","ATP2B3",1,"C"
"NR2F1","BEGAIN",1,"C"
"NR2F1","BRSK2",1,"C"
"NR2F1","COL27A1",1,"C"
"NR2F1","COL5A1",1,"C"
"NR2F1","CPNE7",1,"C"
"NR2F1","CRB2",1,"C"
"NR2F1","CTBP2",1,"C"
"NR2F1","CTIF",1,"C"
"NR2F1","EHMT1",1,"C"
"NR2F1","FBLN1",1,"C"
"NR2F1","FGD5",1,"C"
"NR2F1","FLT4",1,"C"
"NR2F1","FSCN1",1,"C"
"NR2F1","GDPD5",1,"C"
"NR2F1","GPSM1",1,"C"
"NR2F1","GRAMD4",1,"C"
"NR2F1","HDAC7",1,"C"
"NR2F1","IQSEC1",1,"C"
"NR2F1","KAZN",1,"C"
"NR2F1","KCNAB2",1,"C"
"NR2F1","KIF21B",1,"C"
"NR2F1","LINGO1",1,"C"
"NR2F1","LRP1",1,"C"
"NR2F1","MAD1L1",1,"C"
"NR2F1","MIDEAS",1,"C"
"NR2F1","MYO18A",1,"C"
"NR2F1","NEK6",1,"C"
"NR2F1","NRXN2",1,"C"
"NR2F1","OSBPL5",1,"C"
"NR2F1","PAK4",1,"C"
"NR2F1","PALM",1,"C"
"NR2F1","PDXK",1,"C"
"NR2F1","PEPD",1,"C"
"NR2F1","PHACTR3",1,"C"
"NR2F1","PLXNA2",1,"C"
"NR2F1","PLXND1",1,"C"
"NR2F1","PRKAR1B",1,"C"
"NR2F1","RHBDF2",1,"C"
"NR2F1","RIPOR3",1,"C"
"NR2F1","ROR2",1,"C"
"NR2F1","SDK2",1,"C"
"NR2F1","SULF2",1,"C"
"NR2F1","SULT2B1",1,"C"
"NR2F1","SYNJ2",1,"C"
"NR2F1","TACC2",1,"C"
"NR2F1","TNK2",1,"C"
"NR2F1","TOP1MT",1,"C"
"NR2F1","TPCN1",1,"C"
"NR2F1","UBAC1",1,"C"
"NR2F1","UNKL",1,"C"
"NR2F1","ZFYVE28",1,"C"
"NR2F1","ZNF469",1,"C"
"NR2F2","ACTA1",1,"A"
"NR2F2","APOA1",-1,"A"
"NR2F2","APOA2",-1,"A"
"NR2F2","APOB",1,"A"
"NR2F2","APOC2",1,"A"
"NR2F2","APOC3",1,"A"
"NR2F2","BGLAP",1,"A"
"NR2F2","CETP",1,"A"
"NR2F2","F9",1,"A"
"NR2F2","HNF4A",-1,"A"
"NR2F2","MYH6",1,"A"
"NR2F2","MYOD1",1,"A"
"NR2F2","MYOG",1,"A"
"NR2F2","OXT",1,"A"
"NR2F2","PENK",1,"A"
"NR2F2","POU5F1",-1,"A"
"NR2F2","PPARA",1,"A"
"NR2F2","TF",1,"A"
"NR2F6","LHCGR",-1,"C"
"NR2F6","AGPAT3",-1,"C"
"NR2F6","APOB",-1,"C"
"NR2F6","RAB11FIP4",-1,"C"
"NR2F6","AFF1",-1,"C"
"NR2F6","ARHGEF16",-1,"C"
"NR2F6","ARID5B",-1,"C"
"NR2F6","ASPSCR1",-1,"C"
"NR2F6","ATP2B2",-1,"C"
"NR2F6","CCDC12",-1,"C"
"NR2F6","GPT2",-1,"C"
"NR2F6","GRAMD4",-1,"C"
"NR2F6","HIVEP2",-1,"C"
"NR2F6","IMPA2",-1,"C"
"NR2F6","KSR1",-1,"C"
"NR2F6","LSM4",-1,"C"
"NR2F6","MVK",-1,"C"
"NR2F6","MYO18A",-1,"C"
"NR2F6","OSBPL10",-1,"C"
"NR2F6","PHACTR2",-1,"C"
"NR2F6","PLCB1",-1,"C"
"NR2F6","PLCD3",-1,"C"
"NR2F6","PTPRF",-1,"C"
"NR2F6","RAB31",-1,"C"
"NR2F6","RBPJ",-1,"C"
"NR2F6","RXRA",-1,"C"
"NR2F6","SFXN5",-1,"C"
"NR2F6","SLC1A7",-1,"C"
"NR2F6","SPAG9",-1,"C"
"NR2F6","TRNP1",-1,"C"
"NR2F6","TTC7A",-1,"C"
"NR2F6","VPS54",-1,"C"
"NR3C1","ATF2",-1,"A"
"NR3C1","ATP1B1",-1,"A"
"NR3C1","BGLAP",-1,"A"
"NR3C1","CALD1",1,"A"
"NR3C1","CDK6",-1,"A"
"NR3C1","ETS1",-1,"A"
"NR3C1","NR1I3",1,"A"
"NR3C1","RLN1",1,"A"
"NR3C1","RLN2",1,"A"
"NR3C1","SCNN1A",1,"A"
"NR4A1","CYP17A1",1,"C"
"NR4A1","E2F1",1,"C"
"NR4A1","HSD3B2",1,"C"
"NR4A1","MDM2",-1,"C"
"NR4A1","STAR",1,"C"
"NR4A1","ADD3",1,"C"
"NR4A1","AKAP13",1,"C"
"NR4A1","ALAS1",1,"C"
"NR4A1","AMPD3",1,"C"
"NR4A1","ANXA11",1,"C"
"NR4A1","BCOR",1,"C"
"NR4A1","BHLHE40",1,"C"
"NR4A1","CACNA1C",1,"C"
"NR4A1","CCDC6",1,"C"
"NR4A1","CDKAL1",1,"C"
"NR4A1","CHD9",1,"C"
"NR4A1","CREB3L2",1,"C"
"NR4A1","CTIF",1,"C"
"NR4A1","CUEDC1",1,"C"
"NR4A1","DUSP5",1,"C"
"NR4A1","FHAD1",1,"C"
"NR4A1","FHIT",1,"C"
"NR4A1","FOXP1",1,"C"
"NR4A1","GAS7",1,"C"
"NR4A1","LMBR1",1,"C"
"NR4A1","LPAR1",1,"C"
"NR4A1","LPP",1,"C"
"NR4A1","PARVB",1,"C"
"NR4A1","RERE",1,"C"
"NR4A1","RNF220",1,"C"
"NR4A1","SERPINE1",1,"C"
"NR4A1","SH3KBP1",1,"C"
"NR4A1","SIK3",1,"C"
"NR4A1","SMAD7",1,"C"
"NR4A1","SMAP2",1,"C"
"NR4A1","STK40",1,"C"
"NR4A1","TBC1D14",1,"C"
"NR4A1","TG",1,"C"
"NR4A1","WBP1L",1,"C"
"NR4A1","ZBTB20",1,"C"
"NR4A1","ZHX3",1,"C"
"NR4A1","ZMYND8",1,"C"
"NR5A1","AMH",1,"A"
"NR5A1","AMHR2",1,"A"
"NR5A1","CYP11A1",1,"A"
"NR5A1","CYP11B1",1,"A"
"NR5A1","CYP11B2",-1,"A"
"NR5A1","CYP17A1",1,"A"
"NR5A1","CYP19A1",1,"A"
"NR5A1","CYP21A2",1,"A"
"NR5A1","HSD3B2",1,"A"
"NR5A1","LHB",-1,"A"
"NR5A1","MC2R",1,"A"
"NR5A1","NR0B1",1,"A"
"NR5A1","POU5F1",1,"A"
"NR5A1","SRY",1,"A"
"NR5A1","STAR",1,"A"
"NR5A2","CYP11B1",1,"C"
"NR5A2","ABCG2",1,"C"
"NR5A2","BAHCC1",1,"C"
"NR5A2","BMPER",1,"C"
"NR5A2","C1QTNF6",1,"C"
"NR5A2","CD276",1,"C"
"NR5A2","CYP11A1",1,"C"
"NR5A2","CYP7A1",1,"C"
"NR5A2","DNM2",1,"C"
"NR5A2","F11R",1,"C"
"NR5A2","FAM160A1",1,"C"
"NR5A2","FCN2",1,"C"
"NR5A2","FGD5",1,"C"
"NR5A2","KCNB1",1,"C"
"NR5A2","KRT18",1,"C"
"NR5A2","MAP3K14",1,"C"
"NR5A2","MYO10",1,"C"
"NR5A2","MYO1B",1,"C"
"NR5A2","MYO5C",1,"C"
"NR5A2","PKP4",1,"C"
"NR5A2","PLEKHF1",1,"C"
"NR5A2","PPM1D",1,"C"
"NR5A2","PRKCH",1,"C"
"NR5A2","RARA",1,"C"
"NR5A2","RPGR",1,"C"
"NR5A2","SCNN1B",1,"C"
"NR5A2","SYTL2",1,"C"
"NR5A2","TBC1D30",1,"C"
"NR5A2","TXNRD1",1,"C"
"NR5A2","VDR",1,"C"
"NR5A2","XPNPEP1",1,"C"
"NR5A2","ZMYND8",1,"C"
"NRF1","CAPNS1",1,"C"
"NRF1","FMR1",1,"C"
"NRF1","FXR2",1,"C"
"NRF1","PRDX5",1,"C"
"NRF1","CRTC1",1,"C"
"NRF1","KDM2A",1,"C"
"NRF1","OTUD5",1,"C"
"NRF1","ACIN1",1,"C"
"NRF1","ARMC6",1,"C"
"NRF1","ARRDC3",1,"C"
"NRF1","B9D1",1,"C"
"NRF1","BRF1",1,"C"
"NRF1","CBX5",1,"C"
"NRF1","CIC",1,"C"
"NRF1","CLASP1",1,"C"
"NRF1","DEDD2",1,"C"
"NRF1","DGKQ",1,"C"
"NRF1","DIDO1",1,"C"
"NRF1","EHMT1",1,"C"
"NRF1","EIF4ENIF1",1,"C"
"NRF1","FADS1",1,"C"
"NRF1","FADS2",1,"C"
"NRF1","FAM182B",1,"C"
"NRF1","FAM222B",1,"C"
"NRF1","FBXL15",1,"C"
"NRF1","GET1",1,"C"
"NRF1","GRK5",1,"C"
"NRF1","GTF2I",1,"C"
"NRF1","HIRA",1,"C"
"NRF1","ING1",1,"C"
"NRF1","ITGAE",1,"C"
"NRF1","KCTD2",1,"C"
"NRF1","KIAA2026",1,"C"
"NRF1","LIG4",1,"C"
"NRF1","LUC7L2",1,"C"
"NRF1","MAFG",1,"C"
"NRF1","MEPCE",1,"C"
"NRF1","MIB1",1,"C"
"NRF1","MIB2",1,"C"
"NRF1","MRPL34",1,"C"
"NRF1","MRPL36",1,"C"
"NRF1","MYL5",1,"C"
"NRF1","NADK",1,"C"
"NRF1","NARF",1,"C"
"NRF1","NELFA",1,"C"
"NRF1","PACS2",1,"C"
"NRF1","PAICS",1,"C"
"NRF1","PCIF1",1,"C"
"NRF1","PER1",1,"C"
"NRF1","PKIB",1,"C"
"NRF1","PKMYT1",1,"C"
"NRF1","POLR2B",1,"C"
"NRF1","PPAT",1,"C"
"NRF1","PSD",1,"C"
"NRF1","PTTG1IP",1,"C"
"NRF1","PUDP",1,"C"
"NRF1","RSPH14",1,"C"
"NRF1","RSRP1",1,"C"
"NRF1","RUBCN",1,"C"
"NRF1","SERP1",1,"C"
"NRF1","SF1",1,"C"
"NRF1","SIN3A",1,"C"
"NRF1","SIX5",1,"C"
"NRF1","SOS1",1,"C"
"NRF1","SSH2",1,"C"
"NRF1","SUGP2",1,"C"
"NRF1","TBCB",1,"C"
"NRF1","TCAIM",1,"C"
"NRF1","TEF",1,"C"
"NRF1","TMEM104",1,"C"
"NRF1","TOB2",1,"C"
"NRF1","TRAPPC3",1,"C"
"NRF1","U2AF2",1,"C"
"NRF1","UIMC1",1,"C"
"NRF1","WDR12",1,"C"
"NRF1","ZBTB17",1,"C"
"NRF1","ZBTB4",1,"C"
"NRF1","ZCWPW1",1,"C"
"NRF1","ZNF263",1,"C"
"ONECUT1","MITF",1,"C"
"ONECUT1","ACSS3",1,"C"
"ONECUT1","AK4",1,"C"
"ONECUT1","AKAP7",1,"C"
"ONECUT1","ALDH1A1",1,"C"
"ONECUT1","ANK3",1,"C"
"ONECUT1","ARAP2",1,"C"
"ONECUT1","ARID5B",1,"C"
"ONECUT1","ARPP21",1,"C"
"ONECUT1","BBX",1,"C"
"ONECUT1","BNC2",1,"C"
"ONECUT1","CACNA2D1",1,"C"
"ONECUT1","CADM1",1,"C"
"ONECUT1","CCDC178",1,"C"
"ONECUT1","CHST9",1,"C"
"ONECUT1","CPED1",1,"C"
"ONECUT1","CSMD3",1,"C"
"ONECUT1","DCDC1",1,"C"
"ONECUT1","DIAPH3",1,"C"
"ONECUT1","DNAH14",1,"C"
"ONECUT1","DYRK1A",1,"C"
"ONECUT1","EIF3E",1,"C"
"ONECUT1","EIF4G3",1,"C"
"ONECUT1","ESR1",1,"C"
"ONECUT1","EXOC4",1,"C"
"ONECUT1","EYS",1,"C"
"ONECUT1","GRIP1",1,"C"
"ONECUT1","HMCN1",1,"C"
"ONECUT1","HNF4G",1,"C"
"ONECUT1","IKZF2",1,"C"
"ONECUT1","IQGAP2",1,"C"
"ONECUT1","ITSN1",1,"C"
"ONECUT1","KIAA1109",1,"C"
"ONECUT1","KIAA1217",1,"C"
"ONECUT1","MACF1",1,"C"
"ONECUT1","MLIP",1,"C"
"ONECUT1","MYLK",1,"C"
"ONECUT1","NRXN1",1,"C"
"ONECUT1","OLFM3",1,"C"
"ONECUT1","PDE4B",1,"C"
"ONECUT1","PLEKHA5",1,"C"
"ONECUT1","RAPGEF4",1,"C"
"ONECUT1","RAPGEF5",1,"C"
"ONECUT1","RAPGEF6",1,"C"
"ONECUT1","ROBO1",1,"C"
"ONECUT1","SOX2",1,"C"
"ONECUT1","SOX5",1,"C"
"ONECUT1","SPIDR",1,"C"
"ONECUT1","SYNE2",1,"C"
"ONECUT1","TENM4",1,"C"
"ONECUT1","TMCO5A",1,"C"
"ONECUT1","UBR3",1,"C"
"ONECUT1","UNC13C",1,"C"
"ONECUT1","UNC5D",1,"C"
"ONECUT1","WWC2",1,"C"
"OTX2","RBP3",1,"C"
"OTX2","ADAMTS18",1,"C"
"OTX2","ARHGAP15",1,"C"
"OTX2","CREB5",1,"C"
"OTX2","DCLK1",1,"C"
"OTX2","DDX60L",1,"C"
"OTX2","DENND1A",1,"C"
"OTX2","DIAPH3",1,"C"
"OTX2","ENPP2",1,"C"
"OTX2","EXPH5",1,"C"
"OTX2","FRYL",1,"C"
"OTX2","ITGA1",1,"C"
"OTX2","MACF1",1,"C"
"OTX2","MBNL2",1,"C"
"OTX2","MEF2C",1,"C"
"OTX2","MYO1E",1,"C"
"OTX2","NBEA",1,"C"
"OTX2","PDE1A",1,"C"
"OTX2","SYNE1",1,"C"
"OTX2","TBC1D5",1,"C"
"OTX2","TMCO5A",1,"C"
"OTX2","TRPC4",1,"C"
"OTX2","TULP4",1,"C"
"OTX2","XIRP2",1,"C"
"PAX5","BCL2",-1,"C"
"PAX5","BLK",-1,"C"
"PAX5","CD19",1,"C"
"PAX5","CD79A",1,"C"
"PAX5","PRDM1",-1,"C"
"PAX5","TP53",1,"C"
"PAX5","XBP1",-1,"C"
"PAX5","FCER2",1,"C"
"PAX5","PRKCE",1,"C"
"PAX5","ABR",1,"C"
"PAX5","AKNA",1,"C"
"PAX5","APBB2",1,"C"
"PAX5","ARHGAP45",1,"C"
"PAX5","BCL11A",1,"C"
"PAX5","CD22",1,"C"
"PAX5","CD70",1,"C"
"PAX5","CIRBP",1,"C"
"PAX5","CORO1A",1,"C"
"PAX5","DUSP10",1,"C"
"PAX5","FCHO1",1,"C"
"PAX5","GPER1",1,"C"
"PAX5","GRAMD4",1,"C"
"PAX5","IRF4",1,"C"
"PAX5","IRF8",1,"C"
"PAX5","KLF13",1,"C"
"PAX5","KLHDC4",1,"C"
"PAX5","LONP1",1,"C"
"PAX5","MACF1",1,"C"
"PAX5","MAD1L1",1,"C"
"PAX5","MED15",1,"C"
"PAX5","MGAT1",1,"C"
"PAX5","MICAL3",1,"C"
"PAX5","MX2",1,"C"
"PAX5","NCOR2",1,"C"
"PAX5","NR4A1",1,"C"
"PAX5","PER1",1,"C"
"PAX5","PIK3R5",1,"C"
"PAX5","POU2AF1",1,"C"
"PAX5","RAC2",1,"C"
"PAX5","RAD51B",1,"C"
"PAX5","RGS12",1,"C"
"PAX5","RHOH",1,"C"
"PAX5","RIPOR1",1,"C"
"PAX5","RUNX3",1,"C"
"PAX5","RYR1",1,"C"
"PAX5","SMAD3",1,"C"
"PAX5","SMAD7",1,"C"
"PAX5","SMARCA4",1,"C"
"PAX5","SNX8",1,"C"
"PAX5","SP140",1,"C"
"PAX5","TBC1D14",1,"C"
"PAX5","TCF7",1,"C"
"PAX5","WNT10A",1,"C"
"PAX5","ZC3H12D",1,"C"
"PAX5","ZMIZ1",1,"C"
"PAX6","CTNND2",1,"A"
"PAX6","GCK",1,"A"
"PAX6","ITGA5",1,"A"
"PAX6","ITGB1",1,"A"
"PAX6","KRT12",1,"A"
"PAX6","MET",1,"A"
"PAX6","MMP2",1,"A"
"PAX6","NANOG",1,"A"
"PAX6","NECAB2",1,"A"
"PAX6","OLFM3",1,"A"
"PAX6","PCSK1",1,"A"
"PAX6","PDHX",-1,"A"
"PAX6","POU5F1",1,"A"
"PAX8","BCL2",1,"A"
"PAX8","E2F1",1,"A"
"PAX8","GATA3",1,"A"
"PAX8","NCAM1",1,"A"
"PAX8","SLC5A5",1,"A"
"PAX8","TERT",1,"A"
"PAX8","TG",-1,"A"
"PAX8","TP53",-1,"A"
"PAX8","TPO",1,"A"
"PAX8","TSHR",-1,"A"
"PAX8","WT1",1,"A"
"PBX2","UGT2B17",1,"C"
"PBX2","PHF21A",1,"C"
"PBX2","ANKRD11",1,"C"
"PBX2","ARHGAP6",1,"C"
"PBX2","ARHGEF1",1,"C"
"PBX2","ARHGEF2",1,"C"
"PBX2","BCOR",1,"C"
"PBX2","CDYL",1,"C"
"PBX2","CREBBP",1,"C"
"PBX2","DENND2B",1,"C"
"PBX2","DLG1",1,"C"
"PBX2","DNM2",1,"C"
"PBX2","DYRK1A",1,"C"
"PBX2","DYSF",1,"C"
"PBX2","FOXP1",1,"C"
"PBX2","FYN",1,"C"
"PBX2","GALNT2",1,"C"
"PBX2","GARNL3",1,"C"
"PBX2","GTDC1",1,"C"
"PBX2","HIP1",1,"C"
"PBX2","HOXB3",1,"C"
"PBX2","JARID2",1,"C"
"PBX2","KDM2B",1,"C"
"PBX2","KIAA0513",1,"C"
"PBX2","KSR1",1,"C"
"PBX2","MAPKAP1",1,"C"
"PBX2","MBNL2",1,"C"
"PBX2","MEIS1",1,"C"
"PBX2","MITF",1,"C"
"PBX2","MSI2",1,"C"
"PBX2","NAV2",1,"C"
"PBX2","NBAS",1,"C"
"PBX2","NFASC",1,"C"
"PBX2","PACSIN2",1,"C"
"PBX2","PIK3C2B",1,"C"
"PBX2","PIK3R1",1,"C"
"PBX2","PLCG2",1,"C"
"PBX2","PRKCB",1,"C"
"PBX2","RARA",1,"C"
"PBX2","SEPTIN9",1,"C"
"PBX2","SLC25A25",1,"C"
"PBX2","SOX6",1,"C"
"PBX2","TACC1",1,"C"
"PBX2","TIAM2",1,"C"
"PBX2","TLE3",1,"C"
"PBX2","ZFPM2",1,"C"
"PBX3","MEIS2",1,"C"
"PBX3","PBX1",1,"C"
"PBX3","AKAP6",1,"C"
"PBX3","APBB2",1,"C"
"PBX3","ATXN1",1,"C"
"PBX3","BBX",1,"C"
"PBX3","CACNA2D1",1,"C"
"PBX3","CCDC97",1,"C"
"PBX3","CD226",1,"C"
"PBX3","CHN1",1,"C"
"PBX3","COL21A1",1,"C"
"PBX3","CSNK1D",1,"C"
"PBX3","DAAM1",1,"C"
"PBX3","DMD",1,"C"
"PBX3","ERGIC1",1,"C"
"PBX3","FAM110B",1,"C"
"PBX3","FLNA",1,"C"
"PBX3","FNDC3B",1,"C"
"PBX3","FRMD4B",1,"C"
"PBX3","FTO",1,"C"
"PBX3","FYN",1,"C"
"PBX3","GALNT2",1,"C"
"PBX3","HMCN1",1,"C"
"PBX3","IGF1R",1,"C"
"PBX3","INPP5A",1,"C"
"PBX3","JARID2",1,"C"
"PBX3","KCNMA1",1,"C"
"PBX3","MACF1",1,"C"
"PBX3","MACROD2",1,"C"
"PBX3","MAP4",1,"C"
"PBX3","MYLK",1,"C"
"PBX3","NBEA",1,"C"
"PBX3","PACSIN2",1,"C"
"PBX3","PARD3",1,"C"
"PBX3","PDE4D",1,"C"
"PBX3","PLCB1",1,"C"
"PBX3","PRICKLE2",1,"C"
"PBX3","RARB",1,"C"
"PBX3","RNF150",1,"C"
"PBX3","RPS6KA2",1,"C"
"PBX3","RUNX1T1",1,"C"
"PBX3","SEC14L1",1,"C"
"PBX3","SEPTIN9",1,"C"
"PBX3","SLIT2",1,"C"
"PBX3","SPATS2L",1,"C"
"PBX3","ST7",1,"C"
"PBX3","TIAM2",1,"C"
"PBX3","TLE4",1,"C"
"PBX3","TNS1",1,"C"
"PBX3","WWC1",1,"C"
"PBX3","ZNF385B",1,"C"
"PBX3","ZNF407",1,"C"
"PDX1","ADA",1,"C"
"PDX1","GCK",1,"C"
"PDX1","INS",1,"C"
"PDX1","ARHGAP42",1,"C"
"PDX1","ARHGEF28",1,"C"
"PDX1","ARHGEF3",1,"C"
"PDX1","BACH2",1,"C"
"PDX1","BCR",1,"C"
"PDX1","CARMIL1",1,"C"
"PDX1","CHN2",1,"C"
"PDX1","CMIP",1,"C"
"PDX1","DAAM1",1,"C"
"PDX1","DCDC1",1,"C"
"PDX1","DMD",1,"C"
"PDX1","DST",1,"C"
"PDX1","DYM",1,"C"
"PDX1","DYNC1I1",1,"C"
"PDX1","DYRK1A",1,"C"
"PDX1","FAM107B",1,"C"
"PDX1","FRYL",1,"C"
"PDX1","FTO",1,"C"
"PDX1","GABRB3",1,"C"
"PDX1","GLIS3",1,"C"
"PDX1","GTDC1",1,"C"
"PDX1","HNF4A",1,"C"
"PDX1","ITPR2",1,"C"
"PDX1","LHFPL2",1,"C"
"PDX1","LMO1",1,"C"
"PDX1","MACROD2",1,"C"
"PDX1","MBNL2",1,"C"
"PDX1","MTUS2",1,"C"
"PDX1","MYT1L",1,"C"
"PDX1","NAV2",1,"C"
"PDX1","NBAS",1,"C"
"PDX1","NEDD4L",1,"C"
"PDX1","PCNX2",1,"C"
"PDX1","PLD1",1,"C"
"PDX1","PRKCH",1,"C"
"PDX1","RALGAPA2",1,"C"
"PDX1","RBFOX3",1,"C"
"PDX1","RTN1",1,"C"
"PDX1","RUNX1",1,"C"
"PDX1","SLC8A1",1,"C"
"PDX1","SORBS1",1,"C"
"PDX1","SYNE1",1,"C"
"PDX1","SYNE2",1,"C"
"PDX1","TCF4",1,"C"
"PDX1","TENM4",1,"C"
"PDX1","USP6NL",1,"C"
"PDX1","XXYLT1",1,"C"
"PDX1","ZNF385D",1,"C"
"PDX1","ZPLD1",1,"C"
"PGR","BCL2",1,"A"
"PGR","CCND1",1,"A"
"PGR","CYP19A1",-1,"A"
"PGR","ESR1",1,"A"
"PGR","HLTF",1,"A"
"PGR","IGFBP1",1,"A"
"PGR","KLK3",1,"A"
"PGR","MYC",1,"A"
"PGR","RLN1",1,"A"
"PGR","RLN2",1,"A"
"PGR","VEGFA",1,"A"
"PKNOX1","PTPN6",1,"C"
"PKNOX1","AP4S1",1,"C"
"PKNOX1","ARHGAP6",1,"C"
"PKNOX1","ASTN2",1,"C"
"PKNOX1","DNM2",1,"C"
"PKNOX1","FAM13A",1,"C"
"PKNOX1","FGD6",1,"C"
"PKNOX1","GALNT2",1,"C"
"PKNOX1","GATAD2A",1,"C"
"PKNOX1","HDAC4",1,"C"
"PKNOX1","HIP1",1,"C"
"PKNOX1","JARID2",1,"C"
"PKNOX1","KIAA0513",1,"C"
"PKNOX1","LIMS1",1,"C"
"PKNOX1","LYRM9",1,"C"
"PKNOX1","MARCHF8",1,"C"
"PKNOX1","MCC",1,"C"
"PKNOX1","MCF2L2",1,"C"
"PKNOX1","MEIS1",1,"C"
"PKNOX1","MICAL3",1,"C"
"PKNOX1","PRKCB",1,"C"
"PKNOX1","RNF220",1,"C"
"PKNOX1","RPS6KC1",1,"C"
"PKNOX1","SEPTIN9",1,"C"
"PKNOX1","SIL1",1,"C"
"PKNOX1","SLC25A25",1,"C"
"PKNOX1","SPRED2",1,"C"
"PKNOX1","SPTB",1,"C"
"PKNOX1","TBPL1",1,"C"
"PKNOX1","TCF4",1,"C"
"PKNOX1","TECR",1,"C"
"PKNOX1","THADA",1,"C"
"PKNOX1","TNS1",1,"C"
"PKNOX1","TUSC3",1,"C"
"PKNOX1","WNT3",1,"C"
"PKNOX1","WSCD2",1,"C"
"POU2F1","BDKRB1",1,"A"
"POU2F1","CCND1",1,"A"
"POU2F1","CDX2",1,"A"
"POU2F1","CXCR5",1,"A"
"POU2F1","GADD45A",1,"A"
"POU2F1","GCM1",1,"A"
"POU2F1","GNRH1",1,"A"
"POU2F1","H2BC21",1,"A"
"POU2F1","HBG1",-1,"A"
"POU2F1","HLA-DRA",1,"A"
"POU2F1","HPGDS",1,"A"
"POU2F1","IL2",1,"A"
"POU2F1","IL3",1,"A"
"POU2F1","IL4",-1,"A"
"POU2F1","IL5",1,"A"
"POU2F1","LCT",1,"A"
"POU2F1","MS4A2",1,"A"
"POU2F1","MYC",1,"A"
"POU2F1","PLAU",1,"A"
"POU2F1","POU2AF1",1,"A"
"POU2F1","PTGIR",1,"A"
"POU2F1","RPTOR",1,"A"
"POU2F1","RRM2B",1,"A"
"POU2F1","SNAPC1",1,"A"
"POU2F1","SPI1",1,"A"
"POU2F1","SPP1",1,"A"
"POU2F1","ST6GAL1",1,"A"
"POU2F1","TFAP2A",1,"A"
"POU2F1","TRA",1,"A"
"POU2F1","TSC22D3",1,"A"
"POU2F1","TXNRD1",1,"A"
"POU2F1","UGT2B7",1,"A"
"POU2F1","VCAM1",-1,"A"
"POU2F1","VWF",1,"A"
"POU2F2","HLA-DOB",1,"B"
"POU2F2","HLA-DRA",1,"B"
"POU2F2","IL5",1,"B"
"POU2F2","SPI1",1,"B"
"POU2F2","SPP1",1,"B"
"POU2F2","TRA",1,"B"
"POU2F2","LRRK1",1,"B"
"POU2F2","LYN",1,"B"
"POU2F2","POU2AF1",1,"B"
"POU2F2","STK10",1,"B"
"POU4F2","CCND1",1,"C"
"POU4F2","ARHGAP15",1,"C"
"POU4F2","BBX",1,"C"
"POU4F2","CHN2",1,"C"
"POU4F2","CNTN5",1,"C"
"POU4F2","CTNND2",1,"C"
"POU4F2","CUBN",1,"C"
"POU4F2","DOCK10",1,"C"
"POU4F2","DST",1,"C"
"POU4F2","FAM13A",1,"C"
"POU4F2","FOXP2",1,"C"
"POU4F2","INPP4B",1,"C"
"POU4F2","ITSN1",1,"C"
"POU4F2","KCNIP4",1,"C"
"POU4F2","MYT1L",1,"C"
"POU4F2","NCOA1",1,"C"
"POU4F2","NEB",1,"C"
"POU4F2","NLGN1",1,"C"
"POU4F2","PDE4B",1,"C"
"POU4F2","RABGAP1L",1,"C"
"POU4F2","ROBO1",1,"C"
"POU4F2","SORBS2",1,"C"
"POU4F2","SPIDR",1,"C"
"POU4F2","STARD13",1,"C"
"POU4F2","SYNE1",1,"C"
"POU4F2","ZBTB20",1,"C"
"POU4F2","ZMIZ1",1,"C"
"POU4F2","ZNF385B",1,"C"
"POU5F1","CDX2",-1,"C"
"POU5F1","ID2",-1,"C"
"POU5F1","LEFTY1",1,"C"
"POU5F1","NANOG",1,"C"
"POU5F1","SOX2",1,"C"
"POU5F1","TDGF1",1,"C"
"POU5F1","ADGRL2",1,"C"
"POU5F1","ADGRV1",1,"C"
"POU5F1","ANGPT1",1,"C"
"POU5F1","ANK1",1,"C"
"POU5F1","ANK2",1,"C"
"POU5F1","ANK3",1,"C"
"POU5F1","ANKS1B",1,"C"
"POU5F1","BCAR3",1,"C"
"POU5F1","BCR",1,"C"
"POU5F1","CACNA1C",1,"C"
"POU5F1","CADPS",1,"C"
"POU5F1","CLASP2",1,"C"
"POU5F1","CNTNAP2",1,"C"
"POU5F1","COBL",1,"C"
"POU5F1","CPNE4",1,"C"
"POU5F1","DENND2B",1,"C"
"POU5F1","DNMBP",1,"C"
"POU5F1","DPYSL2",1,"C"
"POU5F1","EBF1",1,"C"
"POU5F1","EPB41L2",1,"C"
"POU5F1","EPHA4",1,"C"
"POU5F1","FAT1",1,"C"
"POU5F1","GALNT10",1,"C"
"POU5F1","GAS7",1,"C"
"POU5F1","GCNT2",1,"C"
"POU5F1","GPC6",1,"C"
"POU5F1","GRIP1",1,"C"
"POU5F1","IGF2BP3",1,"C"
"POU5F1","INPP5D",1,"C"
"POU5F1","JMJD1C",1,"C"
"POU5F1","KIAA1217",1,"C"
"POU5F1","KIFC3",1,"C"
"POU5F1","LDLRAD3",1,"C"
"POU5F1","LIMCH1",1,"C"
"POU5F1","LRRK1",1,"C"
"POU5F1","MACF1",1,"C"
"POU5F1","MAGI2",1,"C"
"POU5F1","MAP2K5",1,"C"
"POU5F1","NAV1",1,"C"
"POU5F1","NEDD4L",1,"C"
"POU5F1","NRXN3",1,"C"
"POU5F1","OSBPL10",1,"C"
"POU5F1","PATJ",1,"C"
"POU5F1","RABGAP1L",1,"C"
"POU5F1","RUNX1T1",1,"C"
"POU5F1","SASH1",1,"C"
"POU5F1","SBF2",1,"C"
"POU5F1","SHROOM3",1,"C"
"POU5F1","SMAD3",1,"C"
"POU5F1","SNRPN",1,"C"
"POU5F1","SORBS2",1,"C"
"POU5F1","SPATS2L",1,"C"
"POU5F1","SPTBN1",1,"C"
"POU5F1","STK10",1,"C"
"POU5F1","SYNE1",1,"C"
"POU5F1","SYNE2",1,"C"
"POU5F1","TACC2",1,"C"
"POU5F1","TCF4",1,"C"
"POU5F1","TIAM2",1,"C"
"POU5F1","TJP2",1,"C"
"POU5F1","TMEM131L",1,"C"
"POU5F1","TNRC6B",1,"C"
"POU5F1","TRIM2",1,"C"
"POU5F1","WNT5B",1,"C"
"POU5F1","ZEB2",1,"C"
"POU5F1","ZNF532",1,"C"
"PPARA","ACOX1",1,"A"
"PPARA","ACOX2",1,"A"
"PPARA","ACSL1",-1,"A"
"PPARA","ANGPTL4",1,"A"
"PPARA","APOA1",1,"A"
"PPARA","APOA4",1,"A"
"PPARA","APOA5",1,"A"
"PPARA","APOB",1,"A"
"PPARA","APOBR",-1,"A"
"PPARA","APOC3",-1,"A"
"PPARA","CCND1",1,"A"
"PPARA","CD36",1,"A"
"PPARA","CPT1A",-1,"A"
"PPARA","CYP1A1",1,"A"
"PPARA","CYP4A11",1,"A"
"PPARA","CYP7A1",1,"A"
"PPARA","FABP1",1,"A"
"PPARA","FABP3",1,"A"
"PPARA","FADS2",1,"A"
"PPARA","HMGCS1",1,"A"
"PPARA","HMGCS2",1,"A"
"PPARA","LPL",1,"A"
"PPARA","MMP12",1,"A"
"PPARA","MMP9",-1,"A"
"PPARA","MYC",1,"A"
"PPARA","NFKBIA",1,"A"
"PPARA","PANK1",1,"A"
"PPARA","PCK1",1,"A"
"PPARA","PTGS2",1,"A"
"PPARA","SERPINE1",1,"A"
"PPARA","TUBA1B",-1,"A"
"PPARA","UCP1",-1,"A"
"PPARG","ABCG2",1,"A"
"PPARG","ADIPOQ",1,"A"
"PPARG","ANGPTL4",1,"A"
"PPARG","APOB",-1,"A"
"PPARG","APOBR",-1,"A"
"PPARG","ATP2A2",1,"A"
"PPARG","BCL2",1,"A"
"PPARG","CCND1",-1,"A"
"PPARG","CD36",1,"A"
"PPARG","CD83",1,"A"
"PPARG","CDKN1A",1,"A"
"PPARG","CPT1B",1,"A"
"PPARG","CYP27A1",1,"A"
"PPARG","DBI",1,"A"
"PPARG","EGFR",-1,"A"
"PPARG","FABP4",1,"A"
"PPARG","GK",1,"A"
"PPARG","GSTA2",1,"A"
"PPARG","LIPE",1,"A"
"PPARG","LPL",1,"A"
"PPARG","MMP1",1,"A"
"PPARG","MMP9",-1,"A"
"PPARG","MYC",-1,"A"
"PPARG","NR1D1",1,"A"
"PPARG","NR1H3",1,"A"
"PPARG","PCK1",1,"A"
"PPARG","PLIN2",1,"A"
"PPARG","POU2F1",1,"A"
"PPARG","PTEN",1,"A"
"PPARG","PTGS2",-1,"A"
"PPARG","RARB",1,"A"
"PPARG","RETN",1,"A"
"PPARG","SAT1",1,"A"
"PPARG","SCARB1",1,"A"
"PPARG","SERPINE1",1,"A"
"PPARG","SLC2A4",-1,"A"
"PPARG","TNFRSF11B",1,"A"
"PPARG","TP53",1,"A"
"PPARG","TSHR",-1,"A"
"PPARG","UCP1",1,"A"
"PPARG","VLDLR",1,"A"
"PRDM1","CIITA",-1,"C"
"PRDM1","MYC",-1,"C"
"PRDM1","ACSS2",1,"C"
"PRDM1","ANO10",1,"C"
"PRDM1","AOAH",1,"C"
"PRDM1","APOL2",1,"C"
"PRDM1","ARAP2",1,"C"
"PRDM1","ARHGAP26",1,"C"
"PRDM1","CREB1",1,"C"
"PRDM1","CRISPLD1",1,"C"
"PRDM1","CRYBG1",1,"C"
"PRDM1","DLG2",1,"C"
"PRDM1","DMD",1,"C"
"PRDM1","ERG",1,"C"
"PRDM1","EVI5L",1,"C"
"PRDM1","FSTL5",1,"C"
"PRDM1","FXR2",1,"C"
"PRDM1","IFIT2",1,"C"
"PRDM1","IL18",1,"C"
"PRDM1","IL24",1,"C"
"PRDM1","KCNK1",1,"C"
"PRDM1","LGR4",1,"C"
"PRDM1","LMO7",1,"C"
"PRDM1","MBNL3",1,"C"
"PRDM1","MECOM",1,"C"
"PRDM1","MID1",1,"C"
"PRDM1","MYO1E",1,"C"
"PRDM1","NFIX",1,"C"
"PRDM1","NR3C1",1,"C"
"PRDM1","OLR1",1,"C"
"PRDM1","PAQR5",1,"C"
"PRDM1","PCNA",1,"C"
"PRDM1","PLXNA2",1,"C"
"PRDM1","PRKCH",1,"C"
"PRDM1","S100A16",1,"C"
"PRDM1","SLC37A1",1,"C"
"PRDM1","TEAD1",1,"C"
"PRDM1","TNFSF8",1,"C"
"PRDM1","TNIK",1,"C"
"PRDM1","ZFP36L1",1,"C"
"PRDM1","ZHX1",1,"C"
"PRDM1","ZSCAN31",1,"C"
"PRDM14","POU5F1",1,"B"
"PRDM14","ABCA4",1,"B"
"PRDM14","ADAMTS2",1,"B"
"PRDM14","AGAP1",1,"B"
"PRDM14","AGAP3",1,"B"
"PRDM14","AGPAT3",1,"B"
"PRDM14","AHDC1",1,"B"
"PRDM14","AHNAK",1,"B"
"PRDM14","AJAP1",1,"B"
"PRDM14","ALK",1,"B"
"PRDM14","AMPD3",1,"B"
"PRDM14","ANO1",1,"B"
"PRDM14","ARHGEF10L",1,"B"
"PRDM14","ARHGEF17",1,"B"
"PRDM14","ARHGEF2",1,"B"
"PRDM14","ARID1A",1,"B"
"PRDM14","ARID1B",1,"B"
"PRDM14","ARID5A",1,"B"
"PRDM14","ASS1",1,"B"
"PRDM14","ATP13A2",1,"B"
"PRDM14","AUTS2",1,"B"
"PRDM14","AXIN2",1,"B"
"PRDM14","BCAR3",1,"B"
"PRDM14","BCL11A",1,"B"
"PRDM14","BCOR",1,"B"
"PRDM14","BMP7",1,"B"
"PRDM14","CA4",1,"B"
"PRDM14","CACNA1C",1,"B"
"PRDM14","CACNA1G",1,"B"
"PRDM14","CCDC33",1,"B"
"PRDM14","CCDC57",1,"B"
"PRDM14","CCND2",1,"B"
"PRDM14","CD6",1,"B"
"PRDM14","CD9",1,"B"
"PRDM14","CDC42BPG",1,"B"
"PRDM14","CDC42EP4",1,"B"
"PRDM14","CDH23",1,"B"
"PRDM14","CDYL",1,"B"
"PRDM14","COBL",1,"B"
"PRDM14","COL2A1",1,"B"
"PRDM14","CORO2B",1,"B"
"PRDM14","CPAMD8",1,"B"
"PRDM14","CPLX2",1,"B"
"PRDM14","CROCC",1,"B"
"PRDM14","CSMD2",1,"B"
"PRDM14","CXCL12",1,"B"
"PRDM14","CYP26B1",1,"B"
"PRDM14","DAB2IP",1,"B"
"PRDM14","DGKG",1,"B"
"PRDM14","DGKZ",1,"B"
"PRDM14","DLGAP4",1,"B"
"PRDM14","DLL4",1,"B"
"PRDM14","DNMT3A",1,"B"
"PRDM14","DPYSL5",1,"B"
"PRDM14","DYSF",1,"B"
"PRDM14","ECE1",1,"B"
"PRDM14","EFNB1",1,"B"
"PRDM14","EPB41L1",1,"B"
"PRDM14","EPHB3",1,"B"
"PRDM14","EVA1B",1,"B"
"PRDM14","FAM131C",1,"B"
"PRDM14","FAM174B",1,"B"
"PRDM14","FHAD1",1,"B"
"PRDM14","FOSL2",1,"B"
"PRDM14","FOXO6",1,"B"
"PRDM14","GATA2",1,"B"
"PRDM14","GATAD2A",1,"B"
"PRDM14","GLI2",1,"B"
"PRDM14","GMDS",1,"B"
"PRDM14","GPC1",1,"B"
"PRDM14","GPRC5C",1,"B"
"PRDM14","GRAMD1B",1,"B"
"PRDM14","GRB10",1,"B"
"PRDM14","GRHL3",1,"B"
"PRDM14","GRIK4",1,"B"
"PRDM14","GRK2",1,"B"
"PRDM14","GSE1",1,"B"
"PRDM14","HDAC5",1,"B"
"PRDM14","HES2",1,"B"
"PRDM14","IGDCC4",1,"B"
"PRDM14","IGF1R",1,"B"
"PRDM14","IGF2R",1,"B"
"PRDM14","INHBB",1,"B"
"PRDM14","ISLR2",1,"B"
"PRDM14","ITGA11",1,"B"
"PRDM14","ITPKB",1,"B"
"PRDM14","KAZN",1,"B"
"PRDM14","KCNAB2",1,"B"
"PRDM14","KDM4B",1,"B"
"PRDM14","KDM6B",1,"B"
"PRDM14","KIRREL1",1,"B"
"PRDM14","KIRREL3",1,"B"
"PRDM14","KLHDC7A",1,"B"
"PRDM14","LHX2",1,"B"
"PRDM14","LINC00261",1,"B"
"PRDM14","LINGO1",1,"B"
"PRDM14","LRRK1",1,"B"
"PRDM14","MACF1",1,"B"
"PRDM14","MAD1L1",1,"B"
"PRDM14","MAP7D1",1,"B"
"PRDM14","MATN1",1,"B"
"PRDM14","MCF2L",1,"B"
"PRDM14","MEF2D",1,"B"
"PRDM14","MEGF6",1,"B"
"PRDM14","MEIS1",1,"B"
"PRDM14","MGAT5B",1,"B"
"PRDM14","MNT",1,"B"
"PRDM14","NADK",1,"B"
"PRDM14","NECTIN1",1,"B"
"PRDM14","NFATC2",1,"B"
"PRDM14","NFIA",1,"B"
"PRDM14","NFIC",1,"B"
"PRDM14","NGEF",1,"B"
"PRDM14","NOL4L",1,"B"
"PRDM14","NR4A1",1,"B"
"PRDM14","NRP2",1,"B"
"PRDM14","NTF3",1,"B"
"PRDM14","NTN1",1,"B"
"PRDM14","NTRK1",1,"B"
"PRDM14","NXN",1,"B"
"PRDM14","OTX1",1,"B"
"PRDM14","PADI2",1,"B"
"PRDM14","PAX7",1,"B"
"PRDM14","PDGFRB",1,"B"
"PRDM14","PEAR1",1,"B"
"PRDM14","PHC2",1,"B"
"PRDM14","PHLDB1",1,"B"
"PRDM14","PKDCC",1,"B"
"PRDM14","PKNOX2",1,"B"
"PRDM14","PLEKHG5",1,"B"
"PRDM14","PLXNA2",1,"B"
"PRDM14","PREX1",1,"B"
"PRDM14","PRMT8",1,"B"
"PRDM14","PTCH1",1,"B"
"PRDM14","PTH1R",1,"B"
"PRDM14","PTMA",1,"B"
"PRDM14","PTPRU",1,"B"
"PRDM14","RAB25",1,"B"
"PRDM14","RAI1",1,"B"
"PRDM14","RASGRF1",1,"B"
"PRDM14","RCOR2",1,"B"
"PRDM14","RFX4",1,"B"
"PRDM14","RGMA",1,"B"
"PRDM14","RNA5SP43",1,"B"
"PRDM14","RNF220",1,"B"
"PRDM14","RPS6KA2",1,"B"
"PRDM14","RPTOR",1,"B"
"PRDM14","RSPO1",1,"B"
"PRDM14","RUNX1",1,"B"
"PRDM14","RUNX3",1,"B"
"PRDM14","SDK2",1,"B"
"PRDM14","SEMA4A",1,"B"
"PRDM14","SEPTIN9",1,"B"
"PRDM14","SFXN5",1,"B"
"PRDM14","SH3BP4",1,"B"
"PRDM14","SHANK2",1,"B"
"PRDM14","SIM2",1,"B"
"PRDM14","SLC12A5",1,"B"
"PRDM14","SLC22A23",1,"B"
"PRDM14","SLIT3",1,"B"
"PRDM14","SMAD6",1,"B"
"PRDM14","SOX13",1,"B"
"PRDM14","SOX9",1,"B"
"PRDM14","SREBF1",1,"B"
"PRDM14","STUM",1,"B"
"PRDM14","SYNDIG1",1,"B"
"PRDM14","TACC2",1,"B"
"PRDM14","TAL1",1,"B"
"PRDM14","TBC1D16",1,"B"
"PRDM14","TBCD",1,"B"
"PRDM14","TCF7L1",1,"B"
"PRDM14","TENM4",1,"B"
"PRDM14","TENT5B",1,"B"
"PRDM14","TFAP2A",1,"B"
"PRDM14","TMCO4",1,"B"
"PRDM14","TMEM59L",1,"B"
"PRDM14","TNS1",1,"B"
"PRDM14","TNS3",1,"B"
"PRDM14","TP53I11",1,"B"
"PRDM14","TRIM2",1,"B"
"PRDM14","TRIO",1,"B"
"PRDM14","TSPAN18",1,"B"
"PRDM14","TSPAN9",1,"B"
"PRDM14","TTC7A",1,"B"
"PRDM14","UNC5A",1,"B"
"PRDM14","WNT3A",1,"B"
"PRDM14","WNT4",1,"B"
"PRDM14","WNT5B",1,"B"
"PRDM14","WWC1",1,"B"
"PRDM14","XXYLT1",1,"B"
"PRDM14","ZBTB17",1,"B"
"PRDM14","ZBTB7B",1,"B"
"PRDM14","ZDHHC14",1,"B"
"PRDM14","ZMIZ1",1,"B"
"PRDM14","ZMYND8",1,"B"
"PRDM14","ZNF423",1,"B"
"PROX1","CYP7A1",-1,"C"
"PROX1","NR5A2",-1,"C"
"PROX1","ABCB1",1,"C"
"PROX1","ADD3",1,"C"
"PROX1","AFAP1L2",1,"C"
"PROX1","ARHGAP42",1,"C"
"PROX1","ARHGEF2",1,"C"
"PROX1","ATP1A1",1,"C"
"PROX1","DNM2",1,"C"
"PROX1","FZD10",1,"C"
"PROX1","GRIN2B",1,"C"
"PROX1","IGF1R",1,"C"
"PROX1","MAPKAPK3",1,"C"
"PROX1","NEDD4L",1,"C"
"PROX1","NRP2",1,"C"
"PROX1","OSBPL10",1,"C"
"PROX1","PCYT1A",1,"C"
"PROX1","PLCB4",1,"C"
"PROX1","PLEKHA7",1,"C"
"PROX1","SAP30BP",1,"C"
"PROX1","SEMA3A",1,"C"
"PROX1","SEPTIN9",1,"C"
"PROX1","SOX13",1,"C"
"PROX1","SPRED2",1,"C"
"PROX1","TNS3",1,"C"
"PROX1","ZNF608",1,"C"
"RARA","BTG2",1,"A"
"RARA","CASP9",1,"A"
"RARA","CCNA1",-1,"A"
"RARA","CDKN1A",1,"A"
"RARA","CEBPE",1,"A"
"RARA","CRABP2",1,"A"
"RARA","CXCR5",1,"A"
"RARA","CYP26A1",1,"A"
"RARA","ETS1",1,"A"
"RARA","GPRC5A",1,"A"
"RARA","HNF4A",1,"A"
"RARA","HOXA1",1,"A"
"RARA","HOXA4",1,"A"
"RARA","HOXA7",1,"A"
"RARA","HOXB4",1,"A"
"RARA","HOXD4",1,"A"
"RARA","HSD17B2",1,"A"
"RARA","ICAM1",1,"A"
"RARA","IER3",1,"A"
"RARA","MACROD1",-1,"A"
"RARA","MAOB",1,"A"
"RARA","MUC5AC",-1,"A"
"RARA","MYC",1,"A"
"RARA","NR1I3",1,"A"
"RARA","NRIP1",1,"A"
"RARA","PCK1",1,"A"
"RARA","PLAAT4",1,"A"
"RARA","PLAT",1,"A"
"RARA","PLAU",1,"A"
"RARA","PRKCA",1,"A"
"RARA","RARB",1,"A"
"RARA","RARG",1,"A"
"RARA","RPTOR",1,"A"
"RARA","SCD",1,"A"
"RARA","SFTPB",1,"A"
"RARA","THBD",1,"A"
"RARA","TNFAIP2",1,"A"
"RARA","TPO",1,"A"
"RBPJ","CR2",1,"C"
"RBPJ","FCER2",1,"C"
"RBPJ","HES1",1,"C"
"RBPJ","HEY1",1,"C"
"RBPJ","HEY2",1,"C"
"RBPJ","NFKB1",1,"C"
"RBPJ","PTEN",-1,"C"
"RBPJ","FNDC3B",1,"C"
"RBPJ","WIPF1",1,"C"
"RBPJ","AMPD3",1,"C"
"RBPJ","ANKRD44",1,"C"
"RBPJ","ARHGEF3",1,"C"
"RBPJ","ASAP1",1,"C"
"RBPJ","BCAT1",1,"C"
"RBPJ","CASP8",1,"C"
"RBPJ","CBLB",1,"C"
"RBPJ","CDK17",1,"C"
"RBPJ","CEP85L",1,"C"
"RBPJ","CXCR4",1,"C"
"RBPJ","DPYSL2",1,"C"
"RBPJ","FAM167A",1,"C"
"RBPJ","FCHSD2",1,"C"
"RBPJ","FMNL2",1,"C"
"RBPJ","FOXP1",1,"C"
"RBPJ","GAS7",1,"C"
"RBPJ","GNA12",1,"C"
"RBPJ","GPATCH2L",1,"C"
"RBPJ","GPCPD1",1,"C"
"RBPJ","GSN",1,"C"
"RBPJ","HES5",1,"C"
"RBPJ","HEYL",1,"C"
"RBPJ","IFNGR1",1,"C"
"RBPJ","IL16",1,"C"
"RBPJ","INPP4A",1,"C"
"RBPJ","IRF8",1,"C"
"RBPJ","LIMS1",1,"C"
"RBPJ","LPP",1,"C"
"RBPJ","LYST",1,"C"
"RBPJ","MARCHF1",1,"C"
"RBPJ","MKNK2",1,"C"
"RBPJ","NIN",1,"C"
"RBPJ","NSMCE2",1,"C"
"RBPJ","NUMB",1,"C"
"RBPJ","PAG1",1,"C"
"RBPJ","PEX5L",1,"C"
"RBPJ","PIK3AP1",1,"C"
"RBPJ","PIP4K2A",1,"C"
"RBPJ","PLEC",1,"C"
"RBPJ","PMAIP1",1,"C"
"RBPJ","RFX3",1,"C"
"RBPJ","RUNX1",1,"C"
"RBPJ","SEMA4D",1,"C"
"RBPJ","SH3KBP1",1,"C"
"RBPJ","SIPA1L1",1,"C"
"RBPJ","SLC12A8",1,"C"
"RBPJ","SNX25",1,"C"
"RBPJ","TCF4",1,"C"
"RBPJ","THADA",1,"C"
"RBPJ","TNIP1",1,"C"
"RBPJ","WWTR1",1,"C"
"RBPJ","ZBTB38",1,"C"
"REL","BIRC3",1,"A"
"REL","CCL2",1,"A"
"REL","CCL5",1,"A"
"REL","CD40LG",1,"A"
"REL","CRP",1,"A"
"REL","CSF2",1,"A"
"REL","CSRP1",1,"A"
"REL","EPHB2",-1,"A"
"REL","F3",1,"A"
"REL","ICAM1",1,"A"
"REL","IER3",1,"A"
"REL","IFNG",1,"A"
"REL","IL12B",1,"A"
"REL","IL1B",1,"A"
"REL","IL2",1,"A"
"REL","IL2RA",1,"A"
"REL","IL6",-1,"A"
"REL","NFKBIA",1,"A"
"REL","SELE",1,"A"
"REL","TNFAIP3",1,"A"
"RELA","ABCB1",1,"A"
"RELA","AGER",1,"A"
"RELA","AGT",1,"A"
"RELA","AKT1",-1,"A"
"RELA","AMH",1,"A"
"RELA","AR",-1,"A"
"RELA","BAX",-1,"A"
"RELA","BCL2",1,"A"
"RELA","BCL2A1",1,"A"
"RELA","BCL2L1",1,"A"
"RELA","BCL3",1,"A"
"RELA","BIRC2",1,"A"
"RELA","BIRC3",1,"A"
"RELA","BIRC5",1,"A"
"RELA","BNIP3",-1,"A"
"RELA","BRCA2",1,"A"
"RELA","CCL11",1,"A"
"RELA","CCL2",1,"A"
"RELA","CCL20",1,"A"
"RELA","CCL3",1,"A"
"RELA","CCL4",1,"A"
"RELA","CCL5",1,"A"
"RELA","CCND1",1,"A"
"RELA","CCR5",1,"A"
"RELA","CD40",1,"A"
"RELA","CD40LG",1,"A"
"RELA","CD58",1,"A"
"RELA","CD69",1,"A"
"RELA","CD74",1,"A"
"RELA","CD83",1,"A"
"RELA","CD86",1,"A"
"RELA","CDK4",1,"A"
"RELA","CDK6",1,"A"
"RELA","CDKN1A",1,"A"
"RELA","CFLAR",1,"A"
"RELA","CFTR",1,"A"
"RELA","COL1A1",-1,"A"
"RELA","COL1A2",-1,"A"
"RELA","COL2A1",-1,"A"
"RELA","CR2",1,"A"
"RELA","CRHR1",1,"A"
"RELA","CSF1",1,"A"
"RELA","CSF2",1,"A"
"RELA","CTSB",1,"A"
"RELA","CXCL1",1,"A"
"RELA","CXCL10",1,"A"
"RELA","CXCL2",1,"A"
"RELA","CXCL3",1,"A"
"RELA","CXCL5",1,"A"
"RELA","CXCL8",1,"A"
"RELA","CXCR4",1,"A"
"RELA","CYP3A4",1,"A"
"RELA","DEFB4A",1,"A"
"RELA","EBI3",1,"A"
"RELA","EDN1",1,"A"
"RELA","EGFR",1,"A"
"RELA","EGR1",-1,"A"
"RELA","ELF3",1,"A"
"RELA","EPAS1",1,"A"
"RELA","F3",1,"A"
"RELA","FCGRT",1,"A"
"RELA","FGF8",1,"A"
"RELA","FN1",-1,"A"
"RELA","GADD45G",1,"A"
"RELA","GATA3",1,"A"
"RELA","GSTP1",1,"A"
"RELA","HDAC1",1,"A"
"RELA","HIF1A",1,"A"
"RELA","ICAM1",1,"A"
"RELA","IER3",1,"A"
"RELA","IFNA1",1,"A"
"RELA","IFNB1",1,"A"
"RELA","IFNG",1,"A"
"RELA","IL10",1,"A"
"RELA","IL12A",1,"A"
"RELA","IL12B",1,"A"
"RELA","IL17C",1,"A"
"RELA","IL18",1,"A"
"RELA","IL1A",-1,"A"
"RELA","IL1B",1,"A"
"RELA","IL2",1,"A"
"RELA","IL23A",1,"A"
"RELA","IL2RA",1,"A"
"RELA","IL4",1,"A"
"RELA","IL6",1,"A"
"RELA","IRF1",1,"A"
"RELA","IRF4",1,"A"
"RELA","IRF7",1,"A"
"RELA","KLK3",1,"A"
"RELA","MAT2A",1,"A"
"RELA","MCL1",1,"A"
"RELA","MICA",1,"A"
"RELA","MMP14",1,"A"
"RELA","MMP2",1,"A"
"RELA","MMP3",1,"A"
"RELA","MMP9",1,"A"
"RELA","MYC",1,"A"
"RELA","NCAM1",1,"A"
"RELA","NFKB1",1,"A"
"RELA","NFKB2",1,"A"
"RELA","NFKBIA",1,"A"
"RELA","NOLC1",1,"A"
"RELA","NOS2",1,"A"
"RELA","NOS3",1,"A"
"RELA","NR4A1",1,"A"
"RELA","OPTN",1,"A"
"RELA","PCK2",-1,"A"
"RELA","PGR",-1,"A"
"RELA","PIGR",1,"A"
"RELA","PLAU",1,"A"
"RELA","PLAUR",1,"A"
"RELA","PPARA",1,"A"
"RELA","PPARD",-1,"A"
"RELA","PTGS2",1,"A"
"RELA","PTHLH",1,"A"
"RELA","PTPN13",1,"A"
"RELA","PTX3",1,"A"
"RELA","RIPK2",1,"A"
"RELA","S100A6",1,"A"
"RELA","SAA2",1,"A"
"RELA","SELE",1,"A"
"RELA","SERPINE1",1,"A"
"RELA","SIRT1",1,"A"
"RELA","SLC25A27",1,"A"
"RELA","SNAI1",1,"A"
"RELA","SOCS3",1,"A"
"RELA","SOD2",1,"A"
"RELA","TBX21",1,"A"
"RELA","THBD",-1,"A"
"RELA","TIMP1",-1,"A"
"RELA","TNC",1,"A"
"RELA","TNF",1,"A"
"RELA","TNFAIP3",1,"A"
"RELA","TNFRSF10A",1,"A"
"RELA","TNFRSF10B",1,"A"
"RELA","TP53",1,"A"
"RELA","TRAF1",1,"A"
"RELA","TRAF2",1,"A"
"RELA","TRIB3",-1,"A"
"RELA","VCAM1",1,"A"
"RELA","VEGFA",1,"A"
"RELA","VEGFD",1,"A"
"RELA","WT1",1,"A"
"RELA","XIAP",1,"A"
"RELB","ABCB1",1,"B"
"RELB","CCL19",1,"B"
"RELB","CCL21",1,"B"
"RELB","CD40",1,"B"
"RELB","PIGR",1,"B"
"RELB","TNFAIP3",1,"B"
"RELB","BCL2",1,"B"
"RELB","CD44",1,"B"
"RELB","IL15",1,"B"
"RELB","IL6",1,"B"
"RELB","IRF1",1,"B"
"RELB","TNIP1",1,"B"
"RELB","TRAF3",1,"B"
"REST","BDNF",-1,"B"
"REST","CARTPT",-1,"B"
"REST","GLRA1",1,"B"
"REST","GRIN1",-1,"B"
"REST","KCNQ2",-1,"B"
"REST","LIN28A",-1,"B"
"REST","OPRM1",-1,"B"
"REST","TUBB3",-1,"B"
"REST","CACNA1H",-1,"B"
"REST","CHGA",-1,"B"
"REST","PCSK1",-1,"B"
"REST","VGF",-1,"B"
"RFX1","COL1A2",1,"C"
"RFX1","MYC",-1,"C"
"RFX1","PCNA",-1,"C"
"RFX1","FBRS",1,"C"
"RFX1","MZF1",1,"C"
"RFX1","STK32C",1,"C"
"RFX1","VRK3",1,"C"
"RFX1","ADGRG1",1,"C"
"RFX1","ARMC9",1,"C"
"RFX1","BAIAP3",1,"C"
"RFX1","BTBD3",1,"C"
"RFX1","CAMK2A",1,"C"
"RFX1","CBX8",1,"C"
"RFX1","CEP112",1,"C"
"RFX1","CFAP20",1,"C"
"RFX1","CRIP2",1,"C"
"RFX1","DIS3L2",1,"C"
"RFX1","DSE",1,"C"
"RFX1","EHD1",1,"C"
"RFX1","FGF1",1,"C"
"RFX1","FHAD1",1,"C"
"RFX1","GPR137",1,"C"
"RFX1","IP6K2",1,"C"
"RFX1","IQCH",1,"C"
"RFX1","ITFG2",1,"C"
"RFX1","KATNIP",1,"C"
"RFX1","LY6G5C",1,"C"
"RFX1","MAPRE2",1,"C"
"RFX1","PDE4A",1,"C"
"RFX1","PSMB7",1,"C"
"RFX1","RFX2",1,"C"
"RFX1","RIIAD1",1,"C"
"RFX1","SPATA2",1,"C"
"RFX1","SREK1",1,"C"
"RFX1","SWSAP1",1,"C"
"RFX1","SYNGAP1",1,"C"
"RFX1","TP53BP1",1,"C"
"RFX1","TRIT1",1,"C"
"RFX1","ZDHHC1",1,"C"
"RFX1","ZNF398",1,"C"
"RFX2","BAIAP3",1,"C"
"RFX2","CFAP61",1,"C"
"RFX2","DPCD",1,"C"
"RFX2","ENDOV",1,"C"
"RFX2","ENKUR",1,"C"
"RFX2","KIAA0753",1,"C"
"RFX2","MAPK10",1,"C"
"RFX2","MAPRE2",1,"C"
"RFX2","MAPRE3",1,"C"
"RFX2","PACRGL",1,"C"
"RFX2","PDE4A",1,"C"
"RFX2","PICK1",1,"C"
"RFX2","POLL",1,"C"
"RFX2","POLRMT",1,"C"
"RFX2","PRKCG",1,"C"
"RFX2","STRN4",1,"C"
"RFX2","TBCEL",1,"C"
"RFX2","THAP10",1,"C"
"RFX2","TTC23L",1,"C"
"RFX2","TTC30B",1,"C"
"RFX2","TXNDC17",1,"C"
"RFX5","CD74",1,"A"
"RFX5","COL1A2",-1,"A"
"RFX5","HLA-DMA",1,"A"
"RFX5","HLA-DMB",1,"A"
"RFX5","HLA-DOA",1,"A"
"RFX5","HLA-DOB",1,"A"
"RFX5","HLA-DPA1",1,"A"
"RFX5","HLA-DPB1",1,"A"
"RFX5","HLA-DQA1",1,"A"
"RFX5","HLA-DQA2",1,"A"
"RFX5","HLA-DQB1",1,"A"
"RFX5","HLA-DRA",1,"A"
"RFX5","HLA-DRB1",1,"A"
"RFX5","HLA-DRB3",1,"A"
"RFX5","HLA-DRB4",1,"A"
"RFX5","HLA-DRB5",1,"A"
"RUNX1","ARHGAP10",1,"A"
"RUNX1","CSF1R",1,"A"
"RUNX1","FYB1",1,"A"
"RUNX1","HIVEP3",1,"A"
"RUNX1","IL2",1,"A"
"RUNX1","IL3",-1,"A"
"RUNX1","ITGAX",1,"A"
"RUNX1","ITGB2",1,"A"
"RUNX1","KLK3",1,"A"
"RUNX1","LCP2",1,"A"
"RUNX1","LGALS3",1,"A"
"RUNX1","MAD2L1",-1,"A"
"RUNX1","MECOM",1,"A"
"RUNX1","NFKB1",1,"A"
"RUNX1","PIK3CD",1,"A"
"RUNX1","PRKCB",1,"A"
"RUNX1","PRKCQ",1,"A"
"RUNX1","PRR5L",1,"A"
"RUNX1","RORC",1,"A"
"RUNX1","SMAD3",1,"A"
"RUNX1","SPI1",1,"A"
"RUNX2","ESR1",-1,"C"
"RUNX2","IBSP",1,"C"
"RUNX2","LGALS3",1,"C"
"RUNX2","MMP13",1,"C"
"RUNX2","ITGBL1",1,"C"
"RUNX2","PSD3",1,"C"
"RUNX2","RUNX1",1,"C"
"RUNX2","AFF3",1,"C"
"RUNX2","ALCAM",1,"C"
"RUNX2","AMPD3",1,"C"
"RUNX2","ANKRD44",1,"C"
"RUNX2","APP",1,"C"
"RUNX2","ATP8B4",1,"C"
"RUNX2","CACNA1C",1,"C"
"RUNX2","CBLB",1,"C"
"RUNX2","CDH11",1,"C"
"RUNX2","CHN2",1,"C"
"RUNX2","COL14A1",1,"C"
"RUNX2","CSGALNACT1",1,"C"
"RUNX2","CUEDC1",1,"C"
"RUNX2","DOCK10",1,"C"
"RUNX2","DOCK2",1,"C"
"RUNX2","DPYD",1,"C"
"RUNX2","ETS1",1,"C"
"RUNX2","FARP1",1,"C"
"RUNX2","FAT1",1,"C"
"RUNX2","GLI3",1,"C"
"RUNX2","GRAMD2B",1,"C"
"RUNX2","GULP1",1,"C"
"RUNX2","HMCN1",1,"C"
"RUNX2","ITPR1",1,"C"
"RUNX2","KIAA1217",1,"C"
"RUNX2","LRIG1",1,"C"
"RUNX2","MAPKAP1",1,"C"
"RUNX2","MET",1,"C"
"RUNX2","MICAL2",1,"C"
"RUNX2","MID1",1,"C"
"RUNX2","MRPS27",1,"C"
"RUNX2","MYOF",1,"C"
"RUNX2","NABP1",1,"C"
"RUNX2","NEDD4L",1,"C"
"RUNX2","NRG1",1,"C"
"RUNX2","OSBPL3",1,"C"
"RUNX2","PACSIN2",1,"C"
"RUNX2","PAPPA",1,"C"
"RUNX2","PBX1",1,"C"
"RUNX2","PIP4K2A",1,"C"
"RUNX2","PLCB1",1,"C"
"RUNX2","PPARG",1,"C"
"RUNX2","PTK2",1,"C"
"RUNX2","PTPRM",1,"C"
"RUNX2","RBMS3",1,"C"
"RUNX2","RFTN1",1,"C"
"RUNX2","SEMA5A",1,"C"
"RUNX2","SVIL",1,"C"
"RUNX2","TBXAS1",1,"C"
"RUNX2","TCF4",1,"C"
"RUNX2","TENM2",1,"C"
"RUNX2","TIAM2",1,"C"
"RUNX2","TLE4",1,"C"
"RUNX2","TNS1",1,"C"
"RUNX2","TPRG1",1,"C"
"RUNX2","TSPAN5",1,"C"
"RUNX2","WIPF1",1,"C"
"RUNX2","WNT5B",1,"C"
"RUNX3","CASP8",1,"B"
"RUNX3","CFLAR",-1,"B"
"RUNX3","ICAM3",-1,"B"
"RUNX3","MMP9",-1,"B"
"RUNX3","RUNX1",-1,"B"
"RUNX3","TCF4",1,"B"
"RUNX3","CIITA",1,"B"
"RUNX3","CYTIP",1,"B"
"RUNX3","DOCK2",1,"B"
"RUNX3","FYN",1,"B"
"RUNX3","PAX5",1,"B"
"RUNX3","TCF7",1,"B"
"RXRA","ABCB11",1,"A"
"RXRA","ABCC3",-1,"A"
"RXRA","CPT1B",1,"A"
"RXRA","CXCR5",1,"A"
"RXRA","CYP3A4",1,"A"
"RXRA","CYP7A1",1,"A"
"RXRA","HNF1A",1,"A"
"RXRA","HSD17B2",1,"A"
"RXRA","NOL7",1,"A"
"RXRA","NR1H3",1,"A"
"RXRA","PLD1",1,"A"
"RXRA","SREBF1",1,"A"
"SIX2","ZNF423",1,"C"
"SIX2","CABLES1",1,"C"
"SIX2","CCDC80",1,"C"
"SIX2","CLDN14",1,"C"
"SIX2","CLVS1",1,"C"
"SIX2","CNTN5",1,"C"
"SIX2","COL13A1",1,"C"
"SIX2","CPNE4",1,"C"
"SIX2","CTNNA2",1,"C"
"SIX2","DCLK1",1,"C"
"SIX2","DOCK9",1,"C"
"SIX2","DPP6",1,"C"
"SIX2","ETV1",1,"C"
"SIX2","ETV6",1,"C"
"SIX2","FBLN1",1,"C"
"SIX2","FGFR2",1,"C"
"SIX2","FRMD4B",1,"C"
"SIX2","GALNT10",1,"C"
"SIX2","GSE1",1,"C"
"SIX2","ITPR1",1,"C"
"SIX2","KANK1",1,"C"
"SIX2","KAZN",1,"C"
"SIX2","KIAA1217",1,"C"
"SIX2","LTBP1",1,"C"
"SIX2","MTSS1",1,"C"
"SIX2","MYCBP2",1,"C"
"SIX2","NEDD4L",1,"C"
"SIX2","NRG1",1,"C"
"SIX2","NRXN1",1,"C"
"SIX2","PRKCH",1,"C"
"SIX2","RIMS2",1,"C"
"SIX2","SIX1",1,"C"
"SIX2","SYNE1",1,"C"
"SIX2","TBC1D1",1,"C"
"SIX2","THSD4",1,"C"
"SIX2","TRAPPC9",1,"C"
"SIX2","TTC39B",1,"C"
"SIX2","ZBTB7C",1,"C"
"SIX2","ZMIZ1",1,"C"
"SIX5","APBA3",1,"C"
"SIX5","BAHCC1",1,"C"
"SIX5","BCAT2",1,"C"
"SIX5","BOLA1",1,"C"
"SIX5","FAM168A",1,"C"
"SIX5","FUZ",1,"C"
"SIX5","IRF2BP1",1,"C"
"SIX5","MAF1",1,"C"
"SIX5","MAMSTR",1,"C"
"SIX5","MED25",1,"C"
"SIX5","MGRN1",1,"C"
"SIX5","NME4",1,"C"
"SIX5","RFX1",1,"C"
"SIX5","SCRIB",1,"C"
"SIX5","SH2B1",1,"C"
"SIX5","SLC4A2",1,"C"
"SIX5","SPHK2",1,"C"
"SIX5","TBC1D17",1,"C"
"SIX5","TCEA2",1,"C"
"SIX5","THAP11",1,"C"
"SIX5","TSPAN4",1,"C"
"SIX5","ZNF219",1,"C"
"SIX5","ZNF500",1,"C"
"SIX5","ZNF524",1,"C"
"SIX5","ZNF837",1,"C"
"SMAD1","CDKN1A",1,"C"
"SMAD1","ID2",1,"C"
"SMAD1","ID3",1,"C"
"SMAD1","SPP1",1,"C"
"SMAD1","TNFRSF11B",1,"C"
"SMAD1","GDF15",1,"C"
"SMAD1","ZEB2",1,"C"
"SMAD1","ARHGEF3",1,"C"
"SMAD1","ARID1A",1,"C"
"SMAD1","CTNNB1",1,"C"
"SMAD1","IGF2R",1,"C"
"SMAD1","LYN",1,"C"
"SMAD1","MRPS27",1,"C"
"SMAD1","STK32B",1,"C"
"SMAD1","TANC1",1,"C"
"SMAD1","XPO7",1,"C"
"SMAD1","ZNF521",1,"C"
"SMAD3","AHR",1,"A"
"SMAD3","ANKRD1",1,"A"
"SMAD3","APOC3",1,"A"
"SMAD3","BAMBI",1,"A"
"SMAD3","BGLAP",1,"A"
"SMAD3","CCND2",1,"A"
"SMAD3","CDKN1A",1,"A"
"SMAD3","COL1A1",1,"A"
"SMAD3","COL3A1",1,"A"
"SMAD3","COL6A1",1,"A"
"SMAD3","COL6A3",1,"A"
"SMAD3","COL7A1",1,"A"
"SMAD3","CYP17A1",-1,"A"
"SMAD3","EDN1",1,"A"
"SMAD3","EPO",1,"A"
"SMAD3","FOXP3",1,"A"
"SMAD3","FSTL3",1,"A"
"SMAD3","GLI2",1,"A"
"SMAD3","ITGA11",1,"A"
"SMAD3","JUN",1,"A"
"SMAD3","MET",1,"A"
"SMAD3","MMP9",1,"A"
"SMAD3","MYC",1,"A"
"SMAD3","POR",1,"A"
"SMAD3","PTHLH",1,"A"
"SMAD3","SERPINE1",1,"A"
"SMAD3","SMAD7",1,"A"
"SMAD3","TERT",-1,"A"
"SMAD3","TGFB1",-1,"A"
"SMAD3","TIMP1",1,"A"
"SMAD3","TNC",1,"A"
"SMAD3","VEGFA",1,"A"
"SMAD3","ZFP36",1,"A"
"SMAD4","AHR",1,"A"
"SMAD4","APOC3",1,"A"
"SMAD4","BAMBI",1,"A"
"SMAD4","BGLAP",1,"A"
"SMAD4","BTRC",-1,"A"
"SMAD4","CCN1",1,"A"
"SMAD4","CDKN1A",1,"A"
"SMAD4","CDKN2B",1,"A"
"SMAD4","COL7A1",1,"A"
"SMAD4","DACH1",-1,"A"
"SMAD4","EPO",1,"A"
"SMAD4","FSHB",1,"A"
"SMAD4","FSTL3",1,"A"
"SMAD4","IHH",1,"A"
"SMAD4","JUN",1,"A"
"SMAD4","MET",1,"A"
"SMAD4","MYC",1,"A"
"SMAD4","NKX2-5",1,"A"
"SMAD4","POR",1,"A"
"SMAD4","PTHLH",1,"A"
"SMAD4","RUNX1T1",1,"A"
"SMAD4","SERPINE1",1,"A"
"SMAD4","SMAD7",1,"A"
"SMAD4","TGFB1",1,"A"
"SMAD4","TNC",1,"A"
"SMAD4","TNFRSF11B",1,"A"
"SMAD4","ZFP36",1,"A"
"SMAD5","ID3",1,"C"
"SMAD5","ARID1B",1,"C"
"SMAD5","ATXN2",1,"C"
"SMAD5","DMTF1",1,"C"
"SMAD5","HMGB1",1,"C"
"SMAD5","HNRNPA3",1,"C"
"SMAD5","NR3C1",1,"C"
"SMAD5","REV1",1,"C"
"SMAD5","RHOBTB3",1,"C"
"SMAD5","SMC4",1,"C"
"SMAD5","SP3",1,"C"
"SNAI2","CDH1",-1,"C"
"SNAI2","CXCR4",1,"C"
"SNAI2","JAG1",1,"C"
"SNAI2","VDR",-1,"C"
"SNAI2","ACOT7",-1,"C"
"SNAI2","ADAM8",-1,"C"
"SNAI2","ADAP1",-1,"C"
"SNAI2","ADGRB2",-1,"C"
"SNAI2","AGPAT3",-1,"C"
"SNAI2","ANK1",-1,"C"
"SNAI2","ARHGEF16",-1,"C"
"SNAI2","ARHGEF3",-1,"C"
"SNAI2","BRI3",-1,"C"
"SNAI2","C1QTNF1",-1,"C"
"SNAI2","CCDC187",-1,"C"
"SNAI2","CCDC57",-1,"C"
"SNAI2","CCDC88C",-1,"C"
"SNAI2","CLSTN1",-1,"C"
"SNAI2","CRISPLD2",-1,"C"
"SNAI2","CROCC",-1,"C"
"SNAI2","DAB2IP",-1,"C"
"SNAI2","DLGAP4",-1,"C"
"SNAI2","DOCK9",-1,"C"
"SNAI2","EGFR",-1,"C"
"SNAI2","EPS8L2",-1,"C"
"SNAI2","FAM110C",-1,"C"
"SNAI2","FAM160A1",-1,"C"
"SNAI2","FARP1",-1,"C"
"SNAI2","FGD2",-1,"C"
"SNAI2","FKBP5",-1,"C"
"SNAI2","HPCAL1",-1,"C"
"SNAI2","JAG2",-1,"C"
"SNAI2","KDM4B",-1,"C"
"SNAI2","KIFC3",-1,"C"
"SNAI2","LAMA3",-1,"C"
"SNAI2","LONP1",-1,"C"
"SNAI2","LRP1",-1,"C"
"SNAI2","LRRFIP1",-1,"C"
"SNAI2","MAFK",-1,"C"
"SNAI2","MBP",-1,"C"
"SNAI2","MED15",-1,"C"
"SNAI2","MKNK2",-1,"C"
"SNAI2","MPRIP",-1,"C"
"SNAI2","NADSYN1",-1,"C"
"SNAI2","NEDD4L",-1,"C"
"SNAI2","NOTCH1",-1,"C"
"SNAI2","NSD2",-1,"C"
"SNAI2","NTMT1",-1,"C"
"SNAI2","NUDT14",-1,"C"
"SNAI2","PARVB",-1,"C"
"SNAI2","PIEZO1",-1,"C"
"SNAI2","PRKAG2",-1,"C"
"SNAI2","RBCK1",-1,"C"
"SNAI2","SEMA4B",-1,"C"
"SNAI2","SERINC2",-1,"C"
"SNAI2","SH3PXD2B",-1,"C"
"SNAI2","SKI",-1,"C"
"SNAI2","SLC25A10",-1,"C"
"SNAI2","SPIDR",-1,"C"
"SNAI2","SULT2B1",-1,"C"
"SNAI2","SUN1",-1,"C"
"SNAI2","TACC2",-1,"C"
"SNAI2","TTYH3",-1,"C"
"SNAI2","VASP",-1,"C"
"SNAI2","VGLL4",-1,"C"
"SNAI2","WSCD1",-1,"C"
"SNAPC4","ANAPC7",1,"C"
"SNAPC4","BRF1",1,"C"
"SNAPC4","CACTIN",1,"C"
"SNAPC4","DLK2",1,"C"
"SNAPC4","DNMT1",1,"C"
"SNAPC4","ELAC2",1,"C"
"SNAPC4","FBXL19",1,"C"
"SNAPC4","LRSAM1",1,"C"
"SNAPC4","MBD3",1,"C"
"SNAPC4","MYO9B",1,"C"
"SNAPC4","NUP85",1,"C"
"SNAPC4","PARP2",1,"C"
"SNAPC4","PASK",1,"C"
"SNAPC4","PELP1",1,"C"
"SNAPC4","PRPF31",1,"C"
"SNAPC4","PRR19",1,"C"
"SNAPC4","QTRT1",1,"C"
"SNAPC4","RAB40C",1,"C"
"SNAPC4","RINT1",1,"C"
"SNAPC4","SCAP",1,"C"
"SNAPC4","SH2D3A",1,"C"
"SNAPC4","SPG7",1,"C"
"SNAPC4","TAB1",1,"C"
"SNAPC4","TBCD",1,"C"
"SNAPC4","TECPR1",1,"C"
"SNAPC4","TMEM259",1,"C"
"SNAPC4","WDR59",1,"C"
"SNAPC4","WDR74",1,"C"
"SNAPC4","ZBTB48",1,"C"
"SNAPC4","ZNF335",1,"C"
"SOX10","ASCL1",1,"A"
"SOX10","COL11A2",1,"A"
"SOX10","DCT",-1,"A"
"SOX10","EDNRB",1,"A"
"SOX10","EGR2",1,"A"
"SOX10","GJB1",-1,"A"
"SOX10","GJC2",1,"A"
"SOX10","MAG",1,"A"
"SOX10","MBP",1,"A"
"SOX10","MITF",1,"A"
"SOX10","MPZ",1,"A"
"SOX10","PDGFRA",1,"A"
"SOX10","PLP1",1,"A"
"SOX10","RET",1,"A"
"SOX10","SOX6",1,"A"
"SOX10","TYR",1,"A"
"SOX11","AFF3",1,"C"
"SOX11","ANK2",1,"C"
"SOX11","ATP10B",1,"C"
"SOX11","CACHD1",1,"C"
"SOX11","CDH11",1,"C"
"SOX11","CHODL",1,"C"
"SOX11","COL28A1",1,"C"
"SOX11","DMD",1,"C"
"SOX11","DOCK4",1,"C"
"SOX11","DST",1,"C"
"SOX11","EPHA7",1,"C"
"SOX11","ERC1",1,"C"
"SOX11","GRIA2",1,"C"
"SOX11","MAP4K4",1,"C"
"SOX11","MECOM",1,"C"
"SOX11","MID1",1,"C"
"SOX11","NEDD4L",1,"C"
"SOX11","PCLO",1,"C"
"SOX11","PTK2",1,"C"
"SOX11","RAPGEF4",1,"C"
"SOX11","RAPGEF5",1,"C"
"SOX11","RIMS1",1,"C"
"SOX11","RIMS2",1,"C"
"SOX11","RP1",1,"C"
"SOX11","RUNX1",1,"C"
"SOX11","SOX5",1,"C"
"SOX11","TANC1",1,"C"
"SOX11","TEAD1",1,"C"
"SOX11","ZBTB20",1,"C"
"SOX13","GSN",1,"C"
"SOX13","LRP5",1,"C"
"SOX13","AFF1",1,"C"
"SOX13","AXIN2",1,"C"
"SOX13","BMF",1,"C"
"SOX13","CARD10",1,"C"
"SOX13","CBX2",1,"C"
"SOX13","CFLAR",1,"C"
"SOX13","CLMN",1,"C"
"SOX13","CTDSP1",1,"C"
"SOX13","DAB2IP",1,"C"
"SOX13","DUSP6",1,"C"
"SOX13","EPS8",1,"C"
"SOX13","FOXP1",1,"C"
"SOX13","FRY",1,"C"
"SOX13","GPRC5C",1,"C"
"SOX13","HLF",1,"C"
"SOX13","JAG1",1,"C"
"SOX13","KIAA1217",1,"C"
"SOX13","KYAT1",1,"C"
"SOX13","LIMD1",1,"C"
"SOX13","MAP4K4",1,"C"
"SOX13","MTSS1",1,"C"
"SOX13","MYOM1",1,"C"
"SOX13","NID1",1,"C"
"SOX13","NKD1",1,"C"
"SOX13","NR2F2",1,"C"
"SOX13","PIK3R1",1,"C"
"SOX13","PIM1",1,"C"
"SOX13","PTP4A1",1,"C"
"SOX13","RCAN1",1,"C"
"SOX13","RERE",1,"C"
"SOX13","RGS12",1,"C"
"SOX13","SCARB1",1,"C"
"SOX13","SERPINA1",1,"C"
"SOX13","SMOC1",1,"C"
"SOX13","SORBS3",1,"C"
"SOX13","SOX5",1,"C"
"SOX13","SOX6",1,"C"
"SOX13","SYN3",1,"C"
"SOX13","TGIF1",1,"C"
"SOX13","TTLL4",1,"C"
"SOX2","ABCC6",1,"A"
"SOX2","CCND1",1,"A"
"SOX2","DLGAP1",1,"A"
"SOX2","GLI2",1,"A"
"SOX2","GLI3",1,"A"
"SOX2","HHAT",1,"A"
"SOX2","ISL1",-1,"A"
"SOX2","NANOG",1,"A"
"SOX2","NTRK3",1,"A"
"SOX2","RHO",-1,"A"
"SOX6","TP53",1,"C"
"SOX6","CPED1",1,"C"
"SOX6","ANK3",1,"C"
"SOX6","APLF",1,"C"
"SOX6","ATP2B4",1,"C"
"SOX6","BCOR",1,"C"
"SOX6","CYRIB",1,"C"
"SOX6","DNAJC6",1,"C"
"SOX6","DUSP10",1,"C"
"SOX6","ELAPOR2",1,"C"
"SOX6","EPB41L2",1,"C"
"SOX6","GTDC1",1,"C"
"SOX6","LDLR",1,"C"
"SOX6","LYN",1,"C"
"SOX6","MAGI1",1,"C"
"SOX6","NEK5",1,"C"
"SOX6","NFASC",1,"C"
"SOX6","PARD3B",1,"C"
"SOX6","PDE11A",1,"C"
"SOX6","PIP5K1B",1,"C"
"SOX6","PLLP",1,"C"
"SOX6","PPFIBP2",1,"C"
"SOX6","SCARB1",1,"C"
"SOX6","SEPTIN9",1,"C"
"SOX6","SMAD3",1,"C"
"SOX6","SOX5",1,"C"
"SOX6","STXBP5",1,"C"
"SOX6","TBC1D14",1,"C"
"SOX6","TGIF1",1,"C"
"SOX6","UTRN",1,"C"
"SOX6","ZEB2",1,"C"
"SOX6","ZFPM2",1,"C"
"SOX9","AMH",1,"A"
"SOX9","CDKN1A",1,"A"
"SOX9","CEACAM1",1,"A"
"SOX9","CLDN7",1,"A"
"SOX9","COL9A1",1,"A"
"SOX9","COMP",1,"A"
"SOX9","HAPLN1",1,"A"
"SOX9","HES1",1,"A"
"SOX9","MATN1",1,"A"
"SOX9","MIA",1,"A"
"SOX9","NKX3-2",1,"A"
"SOX9","PRAME",-1,"A"
"SOX9","RGR",1,"A"
"SP1","ABCB1",1,"A"
"SP1","ABCC1",-1,"A"
"SP1","ABCC3",1,"A"
"SP1","ACAN",1,"A"
"SP1","ACTA1",1,"A"
"SP1","ACTC1",1,"A"
"SP1","ADA",1,"A"
"SP1","ADAM10",1,"A"
"SP1","ADAM17",1,"A"
"SP1","ADGRE5",1,"A"
"SP1","ADH6",1,"A"
"SP1","ADIPOQ",1,"A"
"SP1","ADRA1A",1,"A"
"SP1","ADRA2B",1,"A"
"SP1","ADRB3",1,"A"
"SP1","AGT",1,"A"
"SP1","AGTR1",1,"A"
"SP1","AHR",-1,"A"
"SP1","ALDOA",1,"A"
"SP1","ALOX12",1,"A"
"SP1","ALOX15B",1,"A"
"SP1","ALOX5",1,"A"
"SP1","APEX1",-1,"A"
"SP1","APOA1",1,"A"
"SP1","APOE",1,"A"
"SP1","APP",1,"A"
"SP1","AR",1,"A"
"SP1","AREG",1,"A"
"SP1","ATF2",1,"A"
"SP1","ATM",1,"A"
"SP1","ATP1A3",1,"A"
"SP1","ATP2A2",1,"A"
"SP1","B4GALT1",1,"A"
"SP1","BAX",1,"A"
"SP1","BCL2",1,"A"
"SP1","BIRC5",1,"A"
"SP1","BLMH",1,"A"
"SP1","BRCA1",1,"A"
"SP1","BRD7",1,"A"
"SP1","BSG",1,"A"
"SP1","BTK",1,"A"
"SP1","C1QBP",1,"A"
"SP1","CA9",1,"A"
"SP1","CAT",1,"A"
"SP1","CAV1",1,"A"
"SP1","CCK",1,"A"
"SP1","CCL2",1,"A"
"SP1","CCN2",1,"A"
"SP1","CCNA1",1,"A"
"SP1","CCND1",1,"A"
"SP1","CCND2",1,"A"
"SP1","CD14",1,"A"
"SP1","CD151",1,"A"
"SP1","CD163",1,"A"
"SP1","CD19",1,"A"
"SP1","CD28",1,"A"
"SP1","CD44",1,"A"
"SP1","CD83",1,"A"
"SP1","CD9",1,"A"
"SP1","CD99",1,"A"
"SP1","CDC25C",1,"A"
"SP1","CDH3",1,"A"
"SP1","CDK1",1,"A"
"SP1","CDK6",-1,"A"
"SP1","CDKN1A",1,"A"
"SP1","CDKN1B",1,"A"
"SP1","CDKN2A",1,"A"
"SP1","CDKN2B",1,"A"
"SP1","CDKN2C",1,"A"
"SP1","CDKN2D",1,"A"
"SP1","CENPW",1,"A"
"SP1","CERS2",1,"A"
"SP1","CES1",1,"A"
"SP1","CETP",-1,"A"
"SP1","CHRNB4",1,"A"
"SP1","COL18A1",1,"A"
"SP1","COL1A1",-1,"A"
"SP1","COL1A2",1,"A"
"SP1","COL2A1",1,"A"
"SP1","COL7A1",1,"A"
"SP1","CREM",1,"A"
"SP1","CRMP1",-1,"A"
"SP1","CSNK2A1",1,"A"
"SP1","CTSD",1,"A"
"SP1","CTSL",1,"A"
"SP1","CXCL1",1,"A"
"SP1","CXCL5",1,"A"
"SP1","CYP11A1",1,"A"
"SP1","CYP17A1",1,"A"
"SP1","CYP19A1",1,"A"
"SP1","CYP1B1",1,"A"
"SP1","CYP27A1",1,"A"
"SP1","CYP2F1",1,"A"
"SP1","CYP3A4",1,"A"
"SP1","CYP3A5",1,"A"
"SP1","CYP3A7",1,"A"
"SP1","CYP7A1",1,"A"
"SP1","CYP7B1",1,"A"
"SP1","DBH",1,"A"
"SP1","DCK",1,"A"
"SP1","DRG2",1,"A"
"SP1","E2F1",1,"A"
"SP1","EAPP",1,"A"
"SP1","EDNRB",1,"A"
"SP1","EGFR",-1,"A"
"SP1","EGR1",1,"A"
"SP1","EPO",1,"A"
"SP1","EPOR",-1,"A"
"SP1","ESR1",1,"A"
"SP1","ETS2",1,"A"
"SP1","EZR",1,"A"
"SP1","F10",1,"A"
"SP1","F2R",1,"A"
"SP1","F3",1,"A"
"SP1","F7",1,"A"
"SP1","FAS",1,"A"
"SP1","FASLG",1,"A"
"SP1","FES",1,"A"
"SP1","FGL2",1,"A"
"SP1","FMR1",1,"A"
"SP1","FN1",1,"A"
"SP1","FOS",1,"A"
"SP1","FOSL1",1,"A"
"SP1","FURIN",1,"A"
"SP1","FXR2",1,"A"
"SP1","GAST",1,"A"
"SP1","GCLC",1,"A"
"SP1","GFER",1,"A"
"SP1","GH2",1,"A"
"SP1","GJA1",1,"A"
"SP1","GSTP1",1,"A"
"SP1","H4C14",1,"A"
"SP1","HBZ",1,"A"
"SP1","HCN2",1,"A"
"SP1","HDAC4",1,"A"
"SP1","HLA-G",1,"A"
"SP1","HMGA2",1,"A"
"SP1","HNF4A",1,"A"
"SP1","HOXB7",1,"A"
"SP1","HPR",1,"A"
"SP1","HRAS",1,"A"
"SP1","HSD17B1",1,"A"
"SP1","HSD17B2",1,"A"
"SP1","HSD3B1",1,"A"
"SP1","HSPA1A",1,"A"
"SP1","HSPB1",1,"A"
"SP1","HTR1A",1,"A"
"SP1","HTT",1,"A"
"SP1","IER3",1,"A"
"SP1","IFNGR1",1,"A"
"SP1","IGF1R",1,"A"
"SP1","IGF2",1,"A"
"SP1","IGFBP1",1,"A"
"SP1","IGFBP3",1,"A"
"SP1","IGFBP4",1,"A"
"SP1","IL10",1,"A"
"SP1","IL12B",1,"A"
"SP1","IL1A",1,"A"
"SP1","IL2",1,"A"
"SP1","IL2RB",1,"A"
"SP1","IL3",1,"A"
"SP1","IMPDH2",1,"A"
"SP1","INSR",1,"A"
"SP1","IRS2",1,"A"
"SP1","ITGA2",1,"A"
"SP1","ITGA5",1,"A"
"SP1","ITGAD",1,"A"
"SP1","ITGAV",-1,"A"
"SP1","ITGAX",1,"A"
"SP1","IVL",1,"A"
"SP1","JUN",1,"A"
"SP1","KDR",-1,"A"
"SP1","KIF2C",1,"A"
"SP1","KIT",1,"A"
"SP1","KLF8",1,"A"
"SP1","KLK3",1,"A"
"SP1","KRT16",1,"A"
"SP1","KRT18",1,"A"
"SP1","KRT19",1,"A"
"SP1","KRT5",1,"A"
"SP1","LCAT",1,"A"
"SP1","LDHA",1,"A"
"SP1","LDLR",1,"A"
"SP1","LEP",1,"A"
"SP1","LHCGR",1,"A"
"SP1","LRP5",1,"A"
"SP1","LTC4S",1,"A"
"SP1","LTF",1,"A"
"SP1","MACROD1",1,"A"
"SP1","MAOB",1,"A"
"SP1","MAT2A",1,"A"
"SP1","MAT2B",1,"A"
"SP1","MCL1",1,"A"
"SP1","MCTS1",1,"A"
"SP1","MET",1,"A"
"SP1","MIF",1,"A"
"SP1","MIP",1,"A"
"SP1","MME",1,"A"
"SP1","MMP11",1,"A"
"SP1","MMP14",1,"A"
"SP1","MMP2",1,"A"
"SP1","MMP28",1,"A"
"SP1","MMP9",1,"A"
"SP1","MNDA",1,"A"
"SP1","MPG",1,"A"
"SP1","MPO",1,"A"
"SP1","MUC2",1,"A"
"SP1","MUC4",1,"A"
"SP1","MUC5AC",1,"A"
"SP1","MYBL1",1,"A"
"SP1","MYBL2",1,"A"
"SP1","MYC",1,"A"
"SP1","NFKB1",1,"A"
"SP1","NFKB2",1,"A"
"SP1","NKX2-1",1,"A"
"SP1","NOL7",1,"A"
"SP1","NOS3",1,"A"
"SP1","NPY",1,"A"
"SP1","NQO2",1,"A"
"SP1","NR3C1",1,"A"
"SP1","ODC1",1,"A"
"SP1","OPRM1",1,"A"
"SP1","OXTR",1,"A"
"SP1","PADI1",1,"A"
"SP1","PADI3",1,"A"
"SP1","PAX6",1,"A"
"SP1","PCK1",1,"A"
"SP1","PCNA",1,"A"
"SP1","PDE6A",1,"A"
"SP1","PDGFB",1,"A"
"SP1","PDGFC",1,"A"
"SP1","PDHA1",1,"A"
"SP1","PGR",1,"A"
"SP1","PIM1",1,"A"
"SP1","PLAT",1,"A"
"SP1","PLAU",1,"A"
"SP1","PLAUR",1,"A"
"SP1","PNOC",1,"A"
"SP1","POLB",-1,"A"
"SP1","PPL",1,"A"
"SP1","PRKCE",-1,"A"
"SP1","PROC",1,"A"
"SP1","PRSS50",1,"A"
"SP1","PSEN1",1,"A"
"SP1","PTGIR",1,"A"
"SP1","PTGS2",1,"A"
"SP1","PTH",1,"A"
"SP1","PTHLH",1,"A"
"SP1","PTK6",1,"A"
"SP1","PTN",1,"A"
"SP1","PTTG1",1,"A"
"SP1","RARA",1,"A"
"SP1","RB1",1,"A"
"SP1","REL",1,"A"
"SP1","RELA",1,"A"
"SP1","RNLS",1,"A"
"SP1","RORA",1,"A"
"SP1","RPS3A",1,"A"
"SP1","SCNN1G",1,"A"
"SP1","SCT",1,"A"
"SP1","SCTR",1,"A"
"SP1","SERPINE1",1,"A"
"SP1","SIGIRR",1,"A"
"SP1","SKP2",1,"A"
"SP1","SLC19A1",1,"A"
"SP1","SLC19A3",1,"A"
"SP1","SLC25A5",1,"A"
"SP1","SLC9A2",1,"A"
"SP1","SMAD4",1,"A"
"SP1","SMPD1",1,"A"
"SP1","SOCS1",1,"A"
"SP1","SOD1",1,"A"
"SP1","SOD2",-1,"A"
"SP1","SP3",1,"A"
"SP1","SPI1",1,"A"
"SP1","SPN",1,"A"
"SP1","SPP1",1,"A"
"SP1","SPRY2",1,"A"
"SP1","SRC",1,"A"
"SP1","SREBF1",1,"A"
"SP1","STAR",1,"A"
"SP1","STARD3",1,"A"
"SP1","STK11",1,"A"
"SP1","TAF7",1,"A"
"SP1","TAL1",1,"A"
"SP1","TBXA2R",1,"A"
"SP1","TCN2",1,"A"
"SP1","TERT",1,"A"
"SP1","TFPI2",1,"A"
"SP1","TGFA",1,"A"
"SP1","TGFB1",1,"A"
"SP1","TGFBR2",1,"A"
"SP1","TGM4",1,"A"
"SP1","THBD",1,"A"
"SP1","TIMP1",1,"A"
"SP1","TIMP2",1,"A"
"SP1","TINF2",1,"A"
"SP1","TMPO",1,"A"
"SP1","TNF",1,"A"
"SP1","TNFRSF10B",1,"A"
"SP1","TNFRSF8",1,"A"
"SP1","TNFSF10",-1,"A"
"SP1","TNFSF14",1,"A"
"SP1","TNNC1",1,"A"
"SP1","TP53",1,"A"
"SP1","TPI1",1,"A"
"SP1","TPMT",1,"A"
"SP1","TYMS",1,"A"
"SP1","UBC",1,"A"
"SP1","UGDH",1,"A"
"SP1","UGT1A4",1,"A"
"SP1","UGT1A6",1,"A"
"SP1","UNG",1,"A"
"SP1","UTRN",1,"A"
"SP1","VAMP2",1,"A"
"SP1","VDR",1,"A"
"SP1","VEGFA",1,"A"
"SP1","VIM",1,"A"
"SP1","WT1",1,"A"
"SP1","XIAP",1,"A"
"SP1","YY1",1,"A"
"SP2","DNMT3B",1,"C"
"SP2","MMP9",-1,"C"
"SP2","RFX1",1,"C"
"SP2","ZNF213",1,"C"
"SP2","ARHGEF1",1,"C"
"SP2","BCAS3",1,"C"
"SP2","CHD8",1,"C"
"SP2","HNRNPUL1",1,"C"
"SP2","JUP",1,"C"
"SP2","MIA3",1,"C"
"SP2","MON1B",1,"C"
"SP2","NFYC",1,"C"
"SP2","NRL",1,"C"
"SP2","NUP214",1,"C"
"SP2","RERE",1,"C"
"SP2","RFWD3",1,"C"
"SP2","SAP130",1,"C"
"SP2","SCAF8",1,"C"
"SP2","SOD2",1,"C"
"SP2","USP16",1,"C"
"SP2","ZNF768",1,"C"
"SP2","ZSCAN25",1,"C"
"SP3","ABCA1",-1,"A"
"SP3","ADGRE5",1,"A"
"SP3","AGTR1",1,"A"
"SP3","ALPL",1,"A"
"SP3","BPI",1,"A"
"SP3","BTK",1,"A"
"SP3","CA9",1,"A"
"SP3","CCND1",1,"A"
"SP3","CD14",1,"A"
"SP3","CD2AP",1,"A"
"SP3","CD83",1,"A"
"SP3","CDKN1A",1,"A"
"SP3","CDKN2A",1,"A"
"SP3","CDKN2B",1,"A"
"SP3","CDKN2D",1,"A"
"SP3","CHRNB4",1,"A"
"SP3","CNMD",1,"A"
"SP3","COL1A1",1,"A"
"SP3","COL2A1",1,"A"
"SP3","CTSB",1,"A"
"SP3","CTSL",1,"A"
"SP3","CYP17A1",1,"A"
"SP3","CYP27A1",1,"A"
"SP3","CYP2F1",1,"A"
"SP3","CYP3A5",1,"A"
"SP3","CYP3A7",1,"A"
"SP3","DNASE2",1,"A"
"SP3","EAPP",-1,"A"
"SP3","ETF1",-1,"A"
"SP3","F2",1,"A"
"SP3","F2R",1,"A"
"SP3","HMGA2",1,"A"
"SP3","HOXB7",1,"A"
"SP3","HSD17B1",1,"A"
"SP3","HSD17B2",1,"A"
"SP3","IGFBP1",1,"A"
"SP3","IGFBP3",1,"A"
"SP3","ITGA2",1,"A"
"SP3","ITGAD",1,"A"
"SP3","ITGAV",1,"A"
"SP3","KDR",1,"A"
"SP3","KLK3",1,"A"
"SP3","LCAT",1,"A"
"SP3","LORICRIN",-1,"A"
"SP3","LTC4S",1,"A"
"SP3","MAOB",1,"A"
"SP3","MMP2",1,"A"
"SP3","MSH6",1,"A"
"SP3","MUC2",1,"A"
"SP3","MYC",1,"A"
"SP3","MYCN",1,"A"
"SP3","NKX2-1",1,"A"
"SP3","NOS3",1,"A"
"SP3","NOX4",1,"A"
"SP3","OPRM1",1,"A"
"SP3","PADI1",1,"A"
"SP3","PADI3",1,"A"
"SP3","PLAT",1,"A"
"SP3","PLAUR",1,"A"
"SP3","RORA",1,"A"
"SP3","SCGB2A1",1,"A"
"SP3","SCT",1,"A"
"SP3","SCTR",1,"A"
"SP3","SLC19A3",1,"A"
"SP3","SLC1A3",1,"A"
"SP3","SLC9A2",1,"A"
"SP3","SLC9A3",1,"A"
"SP3","TCN2",1,"A"
"SP3","TFF1",1,"A"
"SP3","TGM4",1,"A"
"SP3","TIMP1",1,"A"
"SP3","TIMP2",1,"A"
"SP3","TNF",1,"A"
"SP3","TPMT",1,"A"
"SP3","UBC",1,"A"
"SP3","UTRN",1,"A"
"SP3","VEGFA",1,"A"
"SP4","CCND1",1,"C"
"SP4","ERBB2",1,"C"
"SP4","KDR",1,"C"
"SP4","PDE6B",1,"C"
"SP4","YY1",1,"C"
"SP4","RNF38",1,"C"
"SP4","ZNF131",1,"C"
"SP4","APOE",1,"C"
"SP4","ASAH1",1,"C"
"SP4","ATP8B3",1,"C"
"SP4","BAZ2B",1,"C"
"SP4","BICRAL",1,"C"
"SP4","CCDC114",1,"C"
"SP4","CDC42EP4",1,"C"
"SP4","CFL1",1,"C"
"SP4","DDX54",1,"C"
"SP4","DLC1",1,"C"
"SP4","FCHO1",1,"C"
"SP4","GPR137",1,"C"
"SP4","GTF2A1",1,"C"
"SP4","HNRNPA3",1,"C"
"SP4","HYOU1",1,"C"
"SP4","ILF3",1,"C"
"SP4","JADE1",1,"C"
"SP4","KANSL1",1,"C"
"SP4","KCNC3",1,"C"
"SP4","KCNIP2",1,"C"
"SP4","LTBP4",1,"C"
"SP4","MAD2L2",1,"C"
"SP4","MAN2A1",1,"C"
"SP4","MAT2B",1,"C"
"SP4","MGA",1,"C"
"SP4","MUS81",1,"C"
"SP4","MXI1",1,"C"
"SP4","MYADM",1,"C"
"SP4","NECTIN2",1,"C"
"SP4","NFYC",1,"C"
"SP4","NMT2",1,"C"
"SP4","NR1H2",1,"C"
"SP4","NUDT8",1,"C"
"SP4","PCM1",1,"C"
"SP4","PPFIA3",1,"C"
"SP4","PSIP1",1,"C"
"SP4","PTPN4",1,"C"
"SP4","RABEP2",1,"C"
"SP4","RERE",1,"C"
"SP4","RTBDN",1,"C"
"SP4","SAP130",1,"C"
"SP4","SEPTIN9",1,"C"
"SP4","SLC12A5",1,"C"
"SP4","SLC1A5",1,"C"
"SP4","SNX8",1,"C"
"SP4","SP3",1,"C"
"SP4","SPTBN4",1,"C"
"SP4","STAG2",1,"C"
"SP4","SYDE2",1,"C"
"SP4","THRA",1,"C"
"SP4","TMEM18",1,"C"
"SP4","TRPM7",1,"C"
"SP4","TSPAN9",1,"C"
"SPI1","ACP5",1,"A"
"SPI1","APBB1IP",1,"A"
"SPI1","B2M",1,"A"
"SPI1","BCL6",-1,"A"
"SPI1","BPI",1,"A"
"SPI1","BTK",1,"A"
"SPI1","CCL5",1,"A"
"SPI1","CD14",1,"A"
"SPI1","CD163",1,"A"
"SPI1","CD22",1,"A"
"SPI1","CD33",1,"A"
"SPI1","CD40",1,"A"
"SPI1","CD47",1,"A"
"SPI1","CD53",1,"A"
"SPI1","CD58",1,"A"
"SPI1","CD68",-1,"A"
"SPI1","CD86",1,"A"
"SPI1","CDKN2A",1,"A"
"SPI1","CIITA",1,"A"
"SPI1","CLEC4G",1,"A"
"SPI1","CREBBP",1,"A"
"SPI1","CSF1",1,"A"
"SPI1","CSF1R",1,"A"
"SPI1","CSF2",1,"A"
"SPI1","CSF2RA",1,"A"
"SPI1","CSF3R",1,"A"
"SPI1","CTSE",1,"A"
"SPI1","CTSG",1,"A"
"SPI1","CTSK",1,"A"
"SPI1","CTSS",1,"A"
"SPI1","CXCR1",1,"A"
"SPI1","CXCR2",1,"A"
"SPI1","CYBB",1,"A"
"SPI1","DAB2",1,"A"
"SPI1","DAPK2",1,"A"
"SPI1","EGR2",1,"A"
"SPI1","ELANE",1,"A"
"SPI1","ERAP2",1,"A"
"SPI1","ERG",1,"A"
"SPI1","FCER1A",1,"A"
"SPI1","FCGR1A",1,"A"
"SPI1","FES",1,"A"
"SPI1","FLI1",1,"A"
"SPI1","FLII",1,"A"
"SPI1","FOS",1,"A"
"SPI1","FPR1",-1,"A"
"SPI1","GATA1",1,"A"
"SPI1","HCK",1,"A"
"SPI1","ICAM1",1,"A"
"SPI1","IFIT3",1,"A"
"SPI1","IL12B",1,"A"
"SPI1","IL1B",1,"A"
"SPI1","IL5",1,"A"
"SPI1","IL5RA",1,"A"
"SPI1","ITGA2B",1,"A"
"SPI1","ITGAM",1,"A"
"SPI1","ITGAX",-1,"A"
"SPI1","ITGB1",1,"A"
"SPI1","ITGB2",1,"A"
"SPI1","JCHAIN",1,"A"
"SPI1","KCNMA1",1,"A"
"SPI1","LCP2",1,"A"
"SPI1","LSP1",1,"A"
"SPI1","LY96",1,"A"
"SPI1","MACROD1",-1,"A"
"SPI1","MCM3AP",1,"A"
"SPI1","MME",1,"A"
"SPI1","MMP2",1,"A"
"SPI1","MNDA",1,"A"
"SPI1","MPO",1,"A"
"SPI1","MSR1",1,"A"
"SPI1","MYB",1,"A"
"SPI1","NCF1",1,"A"
"SPI1","NCF2",1,"A"
"SPI1","NCF4",1,"A"
"SPI1","NR3C1",1,"A"
"SPI1","P2RY10",1,"A"
"SPI1","PARG",-1,"A"
"SPI1","PDGFRB",1,"A"
"SPI1","PPBP",1,"A"
"SPI1","PRTN3",1,"A"
"SPI1","PTGIR",1,"A"
"SPI1","PTPRC",1,"A"
"SPI1","PTPRE",1,"A"
"SPI1","REL",1,"A"
"SPI1","RNASE2",1,"A"
"SPI1","RUNX1",1,"A"
"SPI1","SCARB1",1,"A"
"SPI1","SCARB2",1,"A"
"SPI1","SERPINB1",1,"A"
"SPI1","STAT3",1,"A"
"SPI1","TAL1",1,"A"
"SPI1","TBXAS1",1,"A"
"SPI1","TFEC",1,"A"
"SPI1","TGFBR2",1,"A"
"SPI1","TLR4",1,"A"
"SPI1","TNF",1,"A"
"SPI1","TYROBP",1,"A"
"SPI1","VAV1",1,"A"
"SPI1","VIP",1,"A"
"SPI1","WAS",1,"A"
"SPI1","ZNF300",1,"A"
"SPIB","CD40",1,"C"
"SPIB","IRF7",-1,"C"
"SPIB","PRDM1",1,"C"
"SPIB","XBP1",1,"C"
"SPIB","KLHL6",1,"C"
"SPIB","ARHGAP24",1,"C"
"SPIB","BANK1",1,"C"
"SPIB","BBS9",1,"C"
"SPIB","BCL11A",1,"C"
"SPIB","BHLHE40",1,"C"
"SPIB","CAMK4",1,"C"
"SPIB","CCDC88C",1,"C"
"SPIB","CD86",1,"C"
"SPIB","CDYL",1,"C"
"SPIB","CHL1",1,"C"
"SPIB","CIITA",1,"C"
"SPIB","CNTN4",1,"C"
"SPIB","DLGAP1",1,"C"
"SPIB","DOCK10",1,"C"
"SPIB","DTNB",1,"C"
"SPIB","ECE1",1,"C"
"SPIB","ELMO1",1,"C"
"SPIB","GMDS",1,"C"
"SPIB","GRAMD2B",1,"C"
"SPIB","GRM7",1,"C"
"SPIB","GSDME",1,"C"
"SPIB","IKZF1",1,"C"
"SPIB","IL16",1,"C"
"SPIB","IL21R",1,"C"
"SPIB","IRAG2",1,"C"
"SPIB","ITGAX",1,"C"
"SPIB","ITPR1",1,"C"
"SPIB","KDM4C",1,"C"
"SPIB","NDRG1",1,"C"
"SPIB","NUP210",1,"C"
"SPIB","PARP15",1,"C"
"SPIB","PAX5",1,"C"
"SPIB","PDCD1LG2",1,"C"
"SPIB","PIK3AP1",1,"C"
"SPIB","PPFIBP2",1,"C"
"SPIB","RAPGEF1",1,"C"
"SPIB","RASSF2",1,"C"
"SPIB","RASSF5",1,"C"
"SPIB","RFX3",1,"C"
"SPIB","RUBCNL",1,"C"
"SPIB","SLC12A3",1,"C"
"SPIB","SP110",1,"C"
"SPIB","SP140",1,"C"
"SPIB","ST14",1,"C"
"SPIB","SYNE2",1,"C"
"SPIB","TBC1D4",1,"C"
"SPIB","TENM4",1,"C"
"SPIB","TNFAIP8",1,"C"
"SPIB","TRABD2A",1,"C"
"SPIB","UCP2",1,"C"
"SPIB","VOPP1",1,"C"
"SPIB","WNK1",1,"C"
"SPIB","WNT5B",1,"C"
"SPIB","WSCD2",1,"C"
"SPIB","ZC3H12D",1,"C"
"SPIB","ZNF608",1,"C"
"SREBF1","ACACA",1,"A"
"SREBF1","ACACB",1,"A"
"SREBF1","ACLY",1,"A"
"SREBF1","CETP",1,"A"
"SREBF1","FASN",1,"A"
"SREBF1","FDFT1",1,"A"
"SREBF1","FDPS",1,"A"
"SREBF1","HK2",1,"A"
"SREBF1","HMGCR",1,"A"
"SREBF1","HMGCS1",1,"A"
"SREBF1","HMOX1",1,"A"
"SREBF1","INSIG1",1,"A"
"SREBF1","IRS2",-1,"A"
"SREBF1","LDLR",1,"A"
"SREBF1","LRP1",-1,"A"
"SREBF1","NPC1",1,"A"
"SREBF1","NR0B2",1,"A"
"SREBF1","PCYT2",1,"A"
"SREBF1","PIK3R3",1,"A"
"SREBF1","SCD",1,"A"
"SREBF1","SCD5",1,"A"
"SREBF1","SLC2A4",1,"A"
"SREBF1","SQLE",1,"A"
"SREBF2","ABCA1",-1,"A"
"SREBF2","ACLY",1,"A"
"SREBF2","ACOT7",1,"A"
"SREBF2","EBP",1,"A"
"SREBF2","FDFT1",1,"A"
"SREBF2","HMGCR",1,"A"
"SREBF2","INSIG1",1,"A"
"SREBF2","LDLR",1,"A"
"SREBF2","LRP1",-1,"A"
"SREBF2","MTTP",-1,"A"
"SREBF2","NPC1L1",1,"A"
"SREBF2","PCSK9",1,"A"
"SREBF2","PCYT2",1,"A"
"SREBF2","PON1",1,"A"
"SREBF2","SQLE",1,"A"
"SREBF2","STARD4",1,"A"
"SRF","ACTA1",1,"A"
"SRF","ACTB",1,"A"
"SRF","ACTC1",1,"A"
"SRF","DMD",1,"A"
"SRF","EGR1",1,"A"
"SRF","FOS",1,"A"
"SRF","FOSL1",1,"A"
"SRF","MMP2",1,"A"
"SRF","SAMD4A",1,"A"
"SRF","TAGLN",1,"A"
"STAT1","A2M",1,"A"
"STAT1","ADAR",1,"A"
"STAT1","AGFG2",-1,"A"
"STAT1","AIM2",1,"A"
"STAT1","AOX1",1,"A"
"STAT1","APOE",1,"A"
"STAT1","APOL4",1,"A"
"STAT1","APP",1,"A"
"STAT1","ATG4C",1,"A"
"STAT1","B3GAT3",1,"A"
"STAT1","BAX",1,"A"
"STAT1","BCL2",1,"A"
"STAT1","BCL6",1,"A"
"STAT1","BRD8",1,"A"
"STAT1","BST2",1,"A"
"STAT1","CASP4",1,"A"
"STAT1","CCL2",1,"A"
"STAT1","CCL3",1,"A"
"STAT1","CCND1",1,"A"
"STAT1","CCND2",1,"A"
"STAT1","CCND3",1,"A"
"STAT1","CCR1",1,"A"
"STAT1","CCR5",1,"A"
"STAT1","CD274",1,"A"
"STAT1","CD40",1,"A"
"STAT1","CD86",1,"A"
"STAT1","CDC7",-1,"A"
"STAT1","CDKN1A",1,"A"
"STAT1","CEBPE",1,"A"
"STAT1","CFTR",1,"A"
"STAT1","CIITA",1,"A"
"STAT1","CISH",1,"A"
"STAT1","CLC",1,"A"
"STAT1","CLIC2",1,"A"
"STAT1","COL1A1",1,"A"
"STAT1","COL1A2",1,"A"
"STAT1","CREM",1,"A"
"STAT1","CSF1",1,"A"
"STAT1","CTSB",1,"A"
"STAT1","CTSL",1,"A"
"STAT1","CX3CL1",1,"A"
"STAT1","CXCL10",1,"A"
"STAT1","CXCL8",-1,"A"
"STAT1","CXCL9",1,"A"
"STAT1","CYP19A1",1,"A"
"STAT1","DCLRE1C",1,"A"
"STAT1","DDX50",1,"A"
"STAT1","DIMT1",1,"A"
"STAT1","DUOX2",1,"A"
"STAT1","EARS2",1,"A"
"STAT1","EDEM2",1,"A"
"STAT1","EDN1",1,"A"
"STAT1","EGFR",1,"A"
"STAT1","EGLN3",1,"A"
"STAT1","EIF2AK1",1,"A"
"STAT1","EIF2AK2",1,"A"
"STAT1","EIF2AK3",1,"A"
"STAT1","ELF5",1,"A"
"STAT1","ELP3",1,"A"
"STAT1","ESR1",1,"A"
"STAT1","ESR2",1,"A"
"STAT1","ETV7",1,"A"
"STAT1","FAS",1,"A"
"STAT1","FBXO5",1,"A"
"STAT1","FCGR1A",1,"A"
"STAT1","FCGR3A",1,"A"
"STAT1","FCGRT",-1,"A"
"STAT1","FGF2",1,"A"
"STAT1","FGFR3",-1,"A"
"STAT1","FOS",1,"A"
"STAT1","FOXP3",1,"A"
"STAT1","GATA3",1,"A"
"STAT1","GBP1",1,"A"
"STAT1","GCK",1,"A"
"STAT1","GLS",1,"A"
"STAT1","GREB1",1,"A"
"STAT1","GSTK1",1,"A"
"STAT1","HCFC1",-1,"A"
"STAT1","HDAC7",1,"A"
"STAT1","HLA-DMA",1,"A"
"STAT1","HLA-DMB",1,"A"
"STAT1","HLA-DQA2",1,"A"
"STAT1","HLA-DRB1",1,"A"
"STAT1","HLA-E",1,"A"
"STAT1","HMOX1",1,"A"
"STAT1","HSP90AA1",-1,"A"
"STAT1","HSPB1",1,"A"
"STAT1","ICAM1",1,"A"
"STAT1","IDO1",1,"A"
"STAT1","IFI35",1,"A"
"STAT1","IFI6",1,"A"
"STAT1","IFIT1",1,"A"
"STAT1","IFIT3",1,"A"
"STAT1","IFITM1",1,"A"
"STAT1","IFITM3",1,"A"
"STAT1","IFNA1",-1,"A"
"STAT1","IFNB1",-1,"A"
"STAT1","IFNG",-1,"A"
"STAT1","IFNLR1",1,"A"
"STAT1","IGF1",1,"A"
"STAT1","IGFBP3",1,"A"
"STAT1","IGFLR1",1,"A"
"STAT1","IL10",1,"A"
"STAT1","IL12A",1,"A"
"STAT1","IL12B",1,"A"
"STAT1","IL12RB1",1,"A"
"STAT1","IL12RB2",1,"A"
"STAT1","IL17D",1,"A"
"STAT1","IL18BP",1,"A"
"STAT1","IL1B",1,"A"
"STAT1","IL1R1",1,"A"
"STAT1","IL2RA",1,"A"
"STAT1","IL6",-1,"A"
"STAT1","IL6ST",1,"A"
"STAT1","INO80",1,"A"
"STAT1","IRF1",1,"A"
"STAT1","IRF2",1,"A"
"STAT1","IRF7",1,"A"
"STAT1","IRF8",1,"A"
"STAT1","IRF9",1,"A"
"STAT1","ISG15",1,"A"
"STAT1","ISG20",1,"A"
"STAT1","JAK2",1,"A"
"STAT1","JUN",1,"A"
"STAT1","JUNB",1,"A"
"STAT1","KIF2A",1,"A"
"STAT1","KRT17",1,"A"
"STAT1","LAP3",1,"A"
"STAT1","LY96",1,"A"
"STAT1","MAN1A1",1,"A"
"STAT1","MAT2A",1,"A"
"STAT1","MCL1",1,"A"
"STAT1","MED16",1,"A"
"STAT1","MET",1,"A"
"STAT1","MMP13",-1,"A"
"STAT1","MMP9",-1,"A"
"STAT1","MTMR9",1,"A"
"STAT1","MUC1",1,"A"
"STAT1","MUC4",1,"A"
"STAT1","MVP",1,"A"
"STAT1","MX1",1,"A"
"STAT1","MYC",1,"A"
"STAT1","MYD88",1,"A"
"STAT1","NAA35",-1,"A"
"STAT1","NMI",1,"A"
"STAT1","NOS2",1,"A"
"STAT1","NOX5",1,"A"
"STAT1","NR1H4",-1,"A"
"STAT1","OAS1",1,"A"
"STAT1","OAS2",1,"A"
"STAT1","OAS3",1,"A"
"STAT1","OASL",1,"A"
"STAT1","OPRM1",1,"A"
"STAT1","PARP14",1,"A"
"STAT1","PIM1",1,"A"
"STAT1","PLAU",1,"A"
"STAT1","PLSCR1",1,"A"
"STAT1","PML",1,"A"
"STAT1","PPARA",1,"A"
"STAT1","PPIP5K2",1,"A"
"STAT1","PRF1",1,"A"
"STAT1","PRKCE",-1,"A"
"STAT1","PROS1",1,"A"
"STAT1","PSMB9",1,"A"
"STAT1","PTGFR",1,"A"
"STAT1","PTGS2",1,"A"
"STAT1","PTTG1IP",1,"A"
"STAT1","PWP2",1,"A"
"STAT1","RBAK",1,"A"
"STAT1","REV3L",1,"A"
"STAT1","RIPK1",1,"A"
"STAT1","RNF213",1,"A"
"STAT1","RPS24",-1,"A"
"STAT1","S100A10",1,"A"
"STAT1","SBNO2",1,"A"
"STAT1","SCARB1",1,"A"
"STAT1","SEMA4B",1,"A"
"STAT1","SLC2A2",1,"A"
"STAT1","SMARCA4",1,"A"
"STAT1","SNRNP27",1,"A"
"STAT1","SOCS1",1,"A"
"STAT1","SOCS2",1,"A"
"STAT1","SOCS3",1,"A"
"STAT1","SOCS4",1,"A"
"STAT1","SOCS5",1,"A"
"STAT1","SOCS6",1,"A"
"STAT1","SOCS7",1,"A"
"STAT1","STAT2",1,"A"
"STAT1","STAT3",1,"A"
"STAT1","TAP1",1,"A"
"STAT1","TBX21",1,"A"
"STAT1","TFF1",1,"A"
"STAT1","TH",1,"A"
"STAT1","TIMP1",1,"A"
"STAT1","TLR3",1,"A"
"STAT1","TNFRSF8",1,"A"
"STAT1","TNFSF11",1,"A"
"STAT1","TNFSF13B",1,"A"
"STAT1","TP53",1,"A"
"STAT1","TRIM25",1,"A"
"STAT1","UBR1",1,"A"
"STAT1","UPP1",1,"A"
"STAT1","VEGFA",1,"A"
"STAT1","VEGFC",1,"A"
"STAT1","VEGFD",1,"A"
"STAT1","VIP",1,"A"
"STAT1","VPS33B",1,"A"
"STAT1","WARS1",1,"A"
"STAT1","ZC3HAV1",1,"A"
"STAT1","ZFP1",1,"A"
"STAT1","ZFP30",1,"A"
"STAT1","ZNF107",1,"A"
"STAT1","ZNF112",1,"A"
"STAT1","ZNF114",1,"A"
"STAT1","ZNF12",1,"A"
"STAT1","ZNF124",1,"A"
"STAT1","ZNF140",1,"A"
"STAT1","ZNF155",1,"A"
"STAT1","ZNF157",1,"A"
"STAT1","ZNF169",1,"A"
"STAT1","ZNF175",1,"A"
"STAT1","ZNF181",1,"A"
"STAT1","ZNF184",1,"A"
"STAT1","ZNF19",1,"A"
"STAT1","ZNF200",1,"A"
"STAT1","ZNF205",1,"A"
"STAT1","ZNF222",1,"A"
"STAT1","ZNF226",1,"A"
"STAT1","ZNF227",1,"A"
"STAT1","ZNF23",1,"A"
"STAT1","ZNF230",1,"A"
"STAT1","ZNF235",1,"A"
"STAT1","ZNF25",1,"A"
"STAT1","ZNF251",1,"A"
"STAT1","ZNF254",1,"A"
"STAT1","ZNF267",1,"A"
"STAT1","ZNF268",1,"A"
"STAT1","ZNF273",1,"A"
"STAT1","ZNF282",1,"A"
"STAT1","ZNF302",1,"A"
"STAT1","ZNF311",1,"A"
"STAT1","ZNF331",1,"A"
"STAT1","ZNF333",1,"A"
"STAT1","ZNF337",1,"A"
"STAT1","ZNF33B",1,"A"
"STAT1","ZNF343",1,"A"
"STAT1","ZNF354A",1,"A"
"STAT1","ZNF367",-1,"A"
"STAT1","ZNF398",1,"A"
"STAT1","ZNF41",1,"A"
"STAT1","ZNF417",1,"A"
"STAT1","ZNF418",1,"A"
"STAT1","ZNF419",1,"A"
"STAT1","ZNF425",1,"A"
"STAT1","ZNF460",1,"A"
"STAT1","ZNF490",1,"A"
"STAT1","ZNF510",1,"A"
"STAT1","ZNF519",1,"A"
"STAT1","ZNF529",1,"A"
"STAT1","ZNF546",1,"A"
"STAT1","ZNF550",1,"A"
"STAT1","ZNF567",1,"A"
"STAT1","ZNF585A",1,"A"
"STAT1","ZNF589",1,"A"
"STAT1","ZNF596",1,"A"
"STAT1","ZNF599",1,"A"
"STAT1","ZNF613",1,"A"
"STAT1","ZNF619",1,"A"
"STAT1","ZNF630",1,"A"
"STAT1","ZNF655",1,"A"
"STAT1","ZNF669",1,"A"
"STAT1","ZNF670",1,"A"
"STAT1","ZNF680",1,"A"
"STAT1","ZNF689",1,"A"
"STAT1","ZNF713",1,"A"
"STAT1","ZNF721",1,"A"
"STAT1","ZNF746",1,"A"
"STAT1","ZNF764",1,"A"
"STAT1","ZNF777",1,"A"
"STAT1","ZNF778",1,"A"
"STAT1","ZNF782",1,"A"
"STAT1","ZNF786",1,"A"
"STAT1","ZNF79",1,"A"
"STAT1","ZNF8",1,"A"
"STAT1","ZNF81",1,"A"
"STAT1","ZNF84",1,"A"
"STAT1","ZNF860",1,"A"
"STAT1","ZNF875",1,"A"
"STAT1","ZNF878",1,"A"
"STAT1","ZNF879",1,"A"
"STAT2","BST2",1,"B"
"STAT2","CFB",1,"B"
"STAT2","IFIT3",1,"B"
"STAT2","IRF1",1,"B"
"STAT2","IRF7",1,"B"
"STAT2","MX1",1,"B"
"STAT2","OAS1",1,"B"
"STAT2","OAS2",1,"B"
"STAT2","PML",1,"B"
"STAT2","ADAR",1,"B"
"STAT2","ATP13A1",1,"B"
"STAT2","CMTR1",1,"B"
"STAT2","DDX60L",1,"B"
"STAT2","DHX58",1,"B"
"STAT2","DTX3L",1,"B"
"STAT2","EIF2AK2",1,"B"
"STAT2","EPSTI1",1,"B"
"STAT2","FAM111A",1,"B"
"STAT2","IFI35",1,"B"
"STAT2","ISG15",1,"B"
"STAT2","MOV10",1,"B"
"STAT2","MYD88",1,"B"
"STAT2","OAS3",1,"B"
"STAT2","OASL",1,"B"
"STAT2","PARP10",1,"B"
"STAT2","PARP14",1,"B"
"STAT2","PARP9",1,"B"
"STAT2","PIM1",1,"B"
"STAT2","PSMB8",1,"B"
"STAT2","SAMD9",1,"B"
"STAT2","SOCS1",1,"B"
"STAT2","SP110",1,"B"
"STAT2","SP140L",1,"B"
"STAT2","STAT1",1,"B"
"STAT2","TAP2",1,"B"
"STAT2","TRIM21",1,"B"
"STAT2","TRIM56",1,"B"
"STAT2","USF1",1,"B"
"STAT2","XAF1",1,"B"
"STAT3","A2M",1,"A"
"STAT3","BCL2",1,"A"
"STAT3","BCL2L1",1,"A"
"STAT3","BCL6",1,"A"
"STAT3","BIRC3",1,"A"
"STAT3","BIRC5",1,"A"
"STAT3","CCL2",1,"A"
"STAT3","CCND1",1,"A"
"STAT3","CCND2",1,"A"
"STAT3","CCND3",1,"A"
"STAT3","CD274",1,"A"
"STAT3","CDK4",1,"A"
"STAT3","CDKN1A",1,"A"
"STAT3","CFB",1,"A"
"STAT3","CHI3L1",1,"A"
"STAT3","CISH",1,"A"
"STAT3","COPS5",1,"A"
"STAT3","CRP",1,"A"
"STAT3","CSRP1",1,"A"
"STAT3","CYP19A1",1,"A"
"STAT3","EGFR",1,"A"
"STAT3","ESR1",1,"A"
"STAT3","ESR2",1,"A"
"STAT3","ETV6",1,"A"
"STAT3","FAS",-1,"A"
"STAT3","FOS",1,"A"
"STAT3","GFAP",1,"A"
"STAT3","HAMP",1,"A"
"STAT3","HIF1A",1,"A"
"STAT3","HMOX1",1,"A"
"STAT3","HSPB1",1,"A"
"STAT3","IFNAR1",1,"A"
"STAT3","IGF1",1,"A"
"STAT3","IL10",1,"A"
"STAT3","IL21",1,"A"
"STAT3","IL2RA",1,"A"
"STAT3","IL6",1,"A"
"STAT3","IL6ST",1,"A"
"STAT3","IRF1",1,"A"
"STAT3","JUNB",1,"A"
"STAT3","KLF11",1,"A"
"STAT3","LBP",1,"A"
"STAT3","LTBP1",-1,"A"
"STAT3","MCL1",1,"A"
"STAT3","MMP3",1,"A"
"STAT3","MUC1",1,"A"
"STAT3","MUC4",1,"A"
"STAT3","MYC",1,"A"
"STAT3","MYD88",1,"A"
"STAT3","NNMT",1,"A"
"STAT3","NOX5",1,"A"
"STAT3","OSM",1,"A"
"STAT3","PGF",-1,"A"
"STAT3","PIM1",1,"A"
"STAT3","PRF1",1,"A"
"STAT3","PTGS2",1,"A"
"STAT3","PTPN13",1,"A"
"STAT3","REG1A",1,"A"
"STAT3","RNLS",1,"A"
"STAT3","ROR1",1,"A"
"STAT3","RORA",1,"A"
"STAT3","S100A11",1,"A"
"STAT3","SAA1",1,"A"
"STAT3","SOCS1",1,"A"
"STAT3","SOCS3",1,"A"
"STAT3","STAT1",1,"A"
"STAT3","TIMP1",1,"A"
"STAT3","TP53",1,"A"
"STAT3","TRH",1,"A"
"STAT3","TWIST1",1,"A"
"STAT3","USP7",-1,"A"
"STAT3","VEGFA",1,"A"
"STAT3","VEGFB",1,"A"
"STAT3","VIP",1,"A"
"STAT3","ZFP36",1,"A"
"STAT4","IFNG",1,"B"
"STAT4","IL2RA",1,"B"
"STAT4","IRF1",1,"B"
"STAT4","MYC",1,"B"
"STAT4","PIM1",1,"B"
"STAT4","PRF1",1,"B"
"STAT4","S100A4",1,"B"
"STAT4","SOCS3",-1,"B"
"STAT4","TBX21",1,"B"
"STAT4","CCND2",1,"B"
"STAT5A","BCL2",1,"A"
"STAT5A","BCL2L1",1,"A"
"STAT5A","BCL6",1,"A"
"STAT5A","CCND1",1,"A"
"STAT5A","CCND2",-1,"A"
"STAT5A","CCND3",1,"A"
"STAT5A","CEL",1,"A"
"STAT5A","CSN2",1,"A"
"STAT5A","ESR1",1,"A"
"STAT5A","ESR2",1,"A"
"STAT5A","IFNG",1,"A"
"STAT5A","IGF1",1,"A"
"STAT5A","IL2RA",1,"A"
"STAT5A","IL6ST",1,"A"
"STAT5A","IRF1",1,"A"
"STAT5A","LONP1",1,"A"
"STAT5A","MUC1",1,"A"
"STAT5A","MYD88",1,"A"
"STAT5A","OSM",1,"A"
"STAT5A","PIM1",1,"A"
"STAT5A","PRF1",1,"A"
"STAT5B","BCL2L1",1,"A"
"STAT5B","BCL6",1,"A"
"STAT5B","CCND1",1,"A"
"STAT5B","CCND3",1,"A"
"STAT5B","CEL",1,"A"
"STAT5B","ESR1",1,"A"
"STAT5B","ESR2",1,"A"
"STAT5B","FCGR1A",1,"A"
"STAT5B","IFNG",1,"A"
"STAT5B","IGF1",1,"A"
"STAT5B","IL2RA",1,"A"
"STAT5B","IL6ST",1,"A"
"STAT5B","MUC1",1,"A"
"STAT5B","OSM",1,"A"
"STAT5B","PIM1",1,"A"
"STAT5B","PRF1",1,"A"
"STAT6","ALOX15",1,"A"
"STAT6","BCL2L1",1,"A"
"STAT6","CCL17",1,"A"
"STAT6","CISH",1,"A"
"STAT6","FOS",1,"A"
"STAT6","IL4",1,"A"
"STAT6","IRF1",1,"A"
"STAT6","RHOA",1,"A"
"STAT6","SLC26A4",1,"A"
"STAT6","SOCS1",1,"A"
"TAL1","ALDH1A2",1,"A"
"TAL1","BRF1",1,"A"
"TAL1","C3AR1",1,"A"
"TAL1","CD34",-1,"A"
"TAL1","CDH13",1,"A"
"TAL1","CDH23",1,"A"
"TAL1","CHST11",1,"A"
"TAL1","DOCK9",1,"A"
"TAL1","ELMO1",1,"A"
"TAL1","ERG",1,"A"
"TAL1","MYB",1,"A"
"TAL1","NBAS",1,"A"
"TAL1","NFKB1",-1,"A"
"TAL1","PLEKHO1",1,"A"
"TAL1","PPP3CA",1,"A"
"TAL1","SSH2",1,"A"
"TAL1","UBE2H",1,"A"
"TAL1","USP34",1,"A"
"TBP","APP",1,"C"
"TBP","CDKN1A",1,"C"
"TBP","FN1",1,"C"
"TBP","FUS",-1,"C"
"TBP","LIN28B",1,"C"
"TBP","MYC",1,"C"
"TBP","PMF1",1,"C"
"TBP","ACTB",1,"C"
"TBP","ABT1",1,"C"
"TBP","ANXA2",1,"C"
"TBP","BSG",1,"C"
"TBP","CFLAR",1,"C"
"TBP","CYRIB",1,"C"
"TBP","DES",1,"C"
"TBP","DIO2",1,"C"
"TBP","DNAJB12",1,"C"
"TBP","FBXL5",1,"C"
"TBP","HBP1",1,"C"
"TBP","HIVEP1",1,"C"
"TBP","IER5",1,"C"
"TBP","IL10",1,"C"
"TBP","IL13",1,"C"
"TBP","ITPR1",1,"C"
"TBP","KDM2A",1,"C"
"TBP","KIAA1522",1,"C"
"TBP","KLF6",1,"C"
"TBP","LIMA1",1,"C"
"TBP","LUC7L2",1,"C"
"TBP","MB",1,"C"
"TBP","NCOR2",1,"C"
"TBP","PICALM",1,"C"
"TBP","PNKP",1,"C"
"TBP","PRPF31",1,"C"
"TBP","PRRC2B",1,"C"
"TBP","RABGAP1L",1,"C"
"TBP","RUNX1",1,"C"
"TBP","SAMD4A",1,"C"
"TBP","SEC22C",1,"C"
"TBP","SERPINE1",1,"C"
"TBP","SMTN",1,"C"
"TBP","ST6GAL1",1,"C"
"TBP","TGIF1",1,"C"
"TBP","THUMPD3",1,"C"
"TBP","USP3",1,"C"
"TBP","USP45",1,"C"
"TBP","ZMYND8",1,"C"
"TBX21","CXCR3",1,"C"
"TBX21","GATA3",1,"C"
"TBX21","IFNG",1,"C"
"TBX21","IL4",-1,"C"
"TBX21","AKNA",1,"C"
"TBX21","IL12RB2",1,"C"
"TBX21","IL21R",1,"C"
"TBX21","SEMA4D",1,"C"
"TBX21","SLAMF7",1,"C"
"TBX21","ADD3",1,"C"
"TBX21","ANK3",1,"C"
"TBX21","ARHGAP25",1,"C"
"TBX21","AUTS2",1,"C"
"TBX21","CCDC88C",1,"C"
"TBX21","CD226",1,"C"
"TBX21","CHN2",1,"C"
"TBX21","CIITA",1,"C"
"TBX21","CLMN",1,"C"
"TBX21","CRTAM",1,"C"
"TBX21","CXCR4",1,"C"
"TBX21","CYTH1",1,"C"
"TBX21","CYTIP",1,"C"
"TBX21","DENND3",1,"C"
"TBX21","DOCK10",1,"C"
"TBX21","DOCK2",1,"C"
"TBX21","EBF1",1,"C"
"TBX21","EGR2",1,"C"
"TBX21","ERN1",1,"C"
"TBX21","EVL",1,"C"
"TBX21","FYN",1,"C"
"TBX21","GALNT10",1,"C"
"TBX21","GAS7",1,"C"
"TBX21","GFI1",1,"C"
"TBX21","GRAMD1B",1,"C"
"TBX21","GRAP2",1,"C"
"TBX21","HIVEP1",1,"C"
"TBX21","IKZF1",1,"C"
"TBX21","IKZF3",1,"C"
"TBX21","IL10RA",1,"C"
"TBX21","IL1R1",1,"C"
"TBX21","INPP5D",1,"C"
"TBX21","IRF4",1,"C"
"TBX21","ITK",1,"C"
"TBX21","KDM2B",1,"C"
"TBX21","KIAA2026",1,"C"
"TBX21","KLHL6",1,"C"
"TBX21","KSR1",1,"C"
"TBX21","LRIG1",1,"C"
"TBX21","MTSS1",1,"C"
"TBX21","NLRC5",1,"C"
"TBX21","PAH",1,"C"
"TBX21","PARP15",1,"C"
"TBX21","PDE4D",1,"C"
"TBX21","PLAC8",1,"C"
"TBX21","PLEC",1,"C"
"TBX21","PRKCQ",1,"C"
"TBX21","PRLR",1,"C"
"TBX21","PSTPIP1",1,"C"
"TBX21","RAB27A",1,"C"
"TBX21","RAC2",1,"C"
"TBX21","RASGRP1",1,"C"
"TBX21","RASSF5",1,"C"
"TBX21","RGS3",1,"C"
"TBX21","RHOH",1,"C"
"TBX21","RREB1",1,"C"
"TBX21","SEPTIN9",1,"C"
"TBX21","SH3BP5",1,"C"
"TBX21","SMYD3",1,"C"
"TBX21","STK17B",1,"C"
"TBX21","SYNE2",1,"C"
"TBX21","TBC1D14",1,"C"
"TBX21","TCF7",1,"C"
"TBX21","TIAM1",1,"C"
"TBX21","TMC6",1,"C"
"TBX21","TMEM131",1,"C"
"TBX21","TNFRSF8",1,"C"
"TBX21","TOX2",1,"C"
"TCF12","ERC1",1,"C"
"TCF12","PPP3CA",1,"C"
"TCF12","WWTR1",1,"C"
"TCF12","ABLIM1",1,"C"
"TCF12","ABR",1,"C"
"TCF12","ADGRL2",1,"C"
"TCF12","ANTXR2",1,"C"
"TCF12","ARHGAP23",1,"C"
"TCF12","ARHGEF3",1,"C"
"TCF12","ARID1B",1,"C"
"TCF12","BNC2",1,"C"
"TCF12","CAST",1,"C"
"TCF12","CCDC12",1,"C"
"TCF12","CEMIP2",1,"C"
"TCF12","CHD9",1,"C"
"TCF12","CLIP2",1,"C"
"TCF12","CNIH3",1,"C"
"TCF12","CRIM1",1,"C"
"TCF12","CTNNA1",1,"C"
"TCF12","CUEDC1",1,"C"
"TCF12","DAAM1",1,"C"
"TCF12","DIP2C",1,"C"
"TCF12","DPYSL2",1,"C"
"TCF12","FNDC3B",1,"C"
"TCF12","FOXP1",1,"C"
"TCF12","FTO",1,"C"
"TCF12","GAS7",1,"C"
"TCF12","HIVEP3",1,"C"
"TCF12","IQGAP2",1,"C"
"TCF12","ITPR2",1,"C"
"TCF12","JARID2",1,"C"
"TCF12","JAZF1",1,"C"
"TCF12","KDM2B",1,"C"
"TCF12","KLF13",1,"C"
"TCF12","LIMCH1",1,"C"
"TCF12","LIMS1",1,"C"
"TCF12","LPP",1,"C"
"TCF12","LRCH1",1,"C"
"TCF12","LTBP1",1,"C"
"TCF12","MACF1",1,"C"
"TCF12","MBNL1",1,"C"
"TCF12","MED15",1,"C"
"TCF12","NFIB",1,"C"
"TCF12","NRP2",1,"C"
"TCF12","PALLD",1,"C"
"TCF12","PARD3B",1,"C"
"TCF12","PC",1,"C"
"TCF12","PDE4D",1,"C"
"TCF12","PLCB1",1,"C"
"TCF12","PLXNA2",1,"C"
"TCF12","PRICKLE2",1,"C"
"TCF12","PRKCE",1,"C"
"TCF12","PRRC2B",1,"C"
"TCF12","PTK2",1,"C"
"TCF12","PTPRK",1,"C"
"TCF12","RAPGEF4",1,"C"
"TCF12","RBMS3",1,"C"
"TCF12","RBPJ",1,"C"
"TCF12","SBNO2",1,"C"
"TCF12","SERTAD2",1,"C"
"TCF12","SH3RF1",1,"C"
"TCF12","SLC37A1",1,"C"
"TCF12","SPATS2L",1,"C"
"TCF12","SVIL",1,"C"
"TCF12","TBC1D1",1,"C"
"TCF12","TCF4",1,"C"
"TCF12","TEAD1",1,"C"
"TCF12","THADA",1,"C"
"TCF12","TIAM2",1,"C"
"TCF12","TNRC6B",1,"C"
"TCF12","VGLL4",1,"C"
"TCF12","WIPF1",1,"C"
"TCF12","WWC1",1,"C"
"TCF12","ZBTB38",1,"C"
"TCF12","ZDHHC14",1,"C"
"TCF12","ZFHX3",1,"C"
"TCF12","ZNF608",1,"C"
"TCF3","BBC3",-1,"B"
"TCF3","CDK6",-1,"B"
"TCF3","CR2",1,"B"
"TCF3","ANP32A",1,"B"
"TCF3","AXIN1",1,"B"
"TCF3","CIITA",1,"B"
"TCF3","KDM2B",1,"B"
"TCF3","MAD1L1",1,"B"
"TCF3","MED15",1,"B"
"TCF3","NUP210",1,"B"
"TCF3","PIEZO1",1,"B"
"TCF3","PSTPIP1",1,"B"
"TCF3","RALGDS",1,"B"
"TCF3","SLC37A1",1,"B"
"TCF3","VAV2",1,"B"
"TCF4","ABCB1",1,"C"
"TCF4","CCND1",1,"C"
"TCF4","NRXN1",1,"C"
"TCF4","VIM",1,"C"
"TCF4","CD44",1,"C"
"TCF4","HDAC7",1,"C"
"TCF4","NOL4L",1,"C"
"TCF4","SPTBN1",1,"C"
"TCF4","ADD3",1,"C"
"TCF4","AREG",1,"C"
"TCF4","ARID5B",1,"C"
"TCF4","ASAP2",1,"C"
"TCF4","ATP8B1",1,"C"
"TCF4","CD9",1,"C"
"TCF4","CDK6",1,"C"
"TCF4","CEP112",1,"C"
"TCF4","CHN2",1,"C"
"TCF4","DAAM1",1,"C"
"TCF4","EHBP1",1,"C"
"TCF4","EPB41L1",1,"C"
"TCF4","EPB41L2",1,"C"
"TCF4","EPHA6",1,"C"
"TCF4","ERI3",1,"C"
"TCF4","FGD5",1,"C"
"TCF4","FOXP1",1,"C"
"TCF4","FRMD3",1,"C"
"TCF4","GLS",1,"C"
"TCF4","GOLIM4",1,"C"
"TCF4","IL33",1,"C"
"TCF4","KIAA1522",1,"C"
"TCF4","LIMA1",1,"C"
"TCF4","LIMCH1",1,"C"
"TCF4","LNX1",1,"C"
"TCF4","MAML2",1,"C"
"TCF4","MEF2C",1,"C"
"TCF4","NAALADL2",1,"C"
"TCF4","NR3C2",1,"C"
"TCF4","OXR1",1,"C"
"TCF4","PCDH1",1,"C"
"TCF4","PHACTR2",1,"C"
"TCF4","PLCB1",1,"C"
"TCF4","PLEKHG1",1,"C"
"TCF4","PPARG",1,"C"
"TCF4","PRKCH",1,"C"
"TCF4","PRR5L",1,"C"
"TCF4","SLC25A28",1,"C"
"TCF4","SPRED2",1,"C"
"TCF4","ST14",1,"C"
"TCF4","SULT1C4",1,"C"
"TCF4","TBL1XR1",1,"C"
"TCF4","TEAD1",1,"C"
"TCF4","TGIF1",1,"C"
"TCF4","TMEM131",1,"C"
"TCF4","TRIO",1,"C"
"TCF4","TRPC6",1,"C"
"TCF4","TRPS1",1,"C"
"TCF4","USP3",1,"C"
"TCF4","UTRN",1,"C"
"TCF4","WNT4",1,"C"
"TCF4","YAP1",1,"C"
"TCF4","ZBTB7B",1,"C"
"TCF4","ZNF608",1,"C"
"TCF7","AXIN2",1,"C"
"TCF7","BCL2",1,"C"
"TCF7","BIRC5",1,"C"
"TCF7","LEF1",1,"C"
"TCF7","SNAI2",1,"C"
"TCF7","CCND2",1,"C"
"TCF7","KIAA1217",1,"C"
"TCF7","TCF3",1,"C"
"TCF7","ANKRD28",1,"C"
"TCF7","ANTXR2",1,"C"
"TCF7","ARHGAP15",1,"C"
"TCF7","BIRC3",1,"C"
"TCF7","CAMK4",1,"C"
"TCF7","CCND1",1,"C"
"TCF7","CD86",1,"C"
"TCF7","CDK17",1,"C"
"TCF7","CDYL",1,"C"
"TCF7","CORO1C",1,"C"
"TCF7","CPPED1",1,"C"
"TCF7","CREM",1,"C"
"TCF7","DMD",1,"C"
"TCF7","DOCK10",1,"C"
"TCF7","DST",1,"C"
"TCF7","DTNB",1,"C"
"TCF7","ERAP2",1,"C"
"TCF7","FYB1",1,"C"
"TCF7","GPR15",1,"C"
"TCF7","GRM7",1,"C"
"TCF7","GTF2F2",1,"C"
"TCF7","HBS1L",1,"C"
"TCF7","IKZF1",1,"C"
"TCF7","IKZF3",1,"C"
"TCF7","KCNK1",1,"C"
"TCF7","MAP3K1",1,"C"
"TCF7","MARCHF8",1,"C"
"TCF7","MMP20",1,"C"
"TCF7","NKD1",1,"C"
"TCF7","NUMB",1,"C"
"TCF7","PDE7A",1,"C"
"TCF7","PHACTR1",1,"C"
"TCF7","PLEC",1,"C"
"TCF7","PRR5L",1,"C"
"TCF7","PTPRC",1,"C"
"TCF7","QPCT",1,"C"
"TCF7","RBPJ",1,"C"
"TCF7","RGS6",1,"C"
"TCF7","RHOH",1,"C"
"TCF7","RIN3",1,"C"
"TCF7","RTN4",1,"C"
"TCF7","SKAP1",1,"C"
"TCF7","SOX6",1,"C"
"TCF7","SP100",1,"C"
"TCF7","SP140",1,"C"
"TCF7","TGFBR3",1,"C"
"TCF7","TNFRSF11B",1,"C"
"TCF7","TNFRSF19",1,"C"
"TCF7","TRIO",1,"C"
"TCF7","USP48",1,"C"
"TCF7","WNK1",1,"C"
"TCF7","ZBTB20",1,"C"
"TCF7","ZFPM2",1,"C"
"TCF7L2","ABCB1",1,"A"
"TCF7L2","AXIN2",1,"A"
"TCF7L2","BIRC5",1,"A"
"TCF7L2","CCND1",1,"A"
"TCF7L2","CD44",1,"A"
"TCF7L2","CTNNB1",1,"A"
"TCF7L2","CXCL8",1,"A"
"TCF7L2","DKK1",1,"A"
"TCF7L2","FGF18",1,"A"
"TCF7L2","GLCE",1,"A"
"TCF7L2","GLI2",1,"A"
"TCF7L2","LEF1",1,"A"
"TCF7L2","MMP7",1,"A"
"TCF7L2","MYC",1,"A"
"TCF7L2","SNAI2",1,"A"
"TCF7L2","SP5",1,"A"
"TCF7L2","STAT3",1,"A"
"TCF7L2","TCF7",1,"A"
"TCF7L2","TNFRSF11B",1,"A"
"TCF7L2","VIM",-1,"A"
"TEAD1","MSLN",1,"C"
"TEAD1","ADGRL2",1,"C"
"TEAD1","AMOTL2",1,"C"
"TEAD1","GTDC1",1,"C"
"TEAD1","ITGA1",1,"C"
"TEAD1","OSBPL9",1,"C"
"TEAD1","SORBS2",1,"C"
"TEAD1","TACC1",1,"C"
"TEAD1","AFAP1",1,"C"
"TEAD1","AHNAK",1,"C"
"TEAD1","ANK3",1,"C"
"TEAD1","ANO6",1,"C"
"TEAD1","APBB2",1,"C"
"TEAD1","ARHGAP24",1,"C"
"TEAD1","ARHGAP29",1,"C"
"TEAD1","ARHGAP35",1,"C"
"TEAD1","ARNT2",1,"C"
"TEAD1","ASAP1",1,"C"
"TEAD1","ASAP2",1,"C"
"TEAD1","BCAR3",1,"C"
"TEAD1","CACNA2D1",1,"C"
"TEAD1","CALD1",1,"C"
"TEAD1","CAMK2D",1,"C"
"TEAD1","CAPN2",1,"C"
"TEAD1","CAST",1,"C"
"TEAD1","CLIC5",1,"C"
"TEAD1","CLIP4",1,"C"
"TEAD1","CNOT1",1,"C"
"TEAD1","CRIM1",1,"C"
"TEAD1","CTNNA1",1,"C"
"TEAD1","DAAM1",1,"C"
"TEAD1","DENND2B",1,"C"
"TEAD1","DGKB",1,"C"
"TEAD1","DLC1",1,"C"
"TEAD1","DLGAP1",1,"C"
"TEAD1","DNMBP",1,"C"
"TEAD1","DST",1,"C"
"TEAD1","EGFR",1,"C"
"TEAD1","EML1",1,"C"
"TEAD1","EPS8",1,"C"
"TEAD1","EXT1",1,"C"
"TEAD1","FAM160A1",1,"C"
"TEAD1","FAT1",1,"C"
"TEAD1","FEZ2",1,"C"
"TEAD1","FHL2",1,"C"
"TEAD1","FLNB",1,"C"
"TEAD1","FMN2",1,"C"
"TEAD1","FRMD6",1,"C"
"TEAD1","FTO",1,"C"
"TEAD1","GMDS",1,"C"
"TEAD1","GULP1",1,"C"
"TEAD1","HDAC9",1,"C"
"TEAD1","INPP4B",1,"C"
"TEAD1","ITGB1",1,"C"
"TEAD1","ITSN1",1,"C"
"TEAD1","JCAD",1,"C"
"TEAD1","KCNMA1",1,"C"
"TEAD1","KDM4C",1,"C"
"TEAD1","KIF13A",1,"C"
"TEAD1","KTN1",1,"C"
"TEAD1","LAMC1",1,"C"
"TEAD1","LAMC2",1,"C"
"TEAD1","LIMCH1",1,"C"
"TEAD1","LPP",1,"C"
"TEAD1","MACF1",1,"C"
"TEAD1","MAML2",1,"C"
"TEAD1","MBNL1",1,"C"
"TEAD1","MBNL2",1,"C"
"TEAD1","MICAL2",1,"C"
"TEAD1","MYLK",1,"C"
"TEAD1","NAIP",1,"C"
"TEAD1","NAV2",1,"C"
"TEAD1","NDST1",1,"C"
"TEAD1","NEK7",1,"C"
"TEAD1","NRP2",1,"C"
"TEAD1","NRXN3",1,"C"
"TEAD1","PALLD",1,"C"
"TEAD1","PAM",1,"C"
"TEAD1","PARD3B",1,"C"
"TEAD1","PBX1",1,"C"
"TEAD1","PCYT1A",1,"C"
"TEAD1","PDE4B",1,"C"
"TEAD1","PDE4D",1,"C"
"TEAD1","PDGFC",1,"C"
"TEAD1","PDLIM5",1,"C"
"TEAD1","PRICKLE2",1,"C"
"TEAD1","PRKAG2",1,"C"
"TEAD1","PRKCH",1,"C"
"TEAD1","PRUNE2",1,"C"
"TEAD1","PTPN14",1,"C"
"TEAD1","PTPRM",1,"C"
"TEAD1","RAPGEF2",1,"C"
"TEAD1","RARB",1,"C"
"TEAD1","RASAL2",1,"C"
"TEAD1","RB1CC1",1,"C"
"TEAD1","RBMS1",1,"C"
"TEAD1","RBMS3",1,"C"
"TEAD1","RERE",1,"C"
"TEAD1","RTN4",1,"C"
"TEAD1","SAMD4A",1,"C"
"TEAD1","SASH1",1,"C"
"TEAD1","SCHIP1",1,"C"
"TEAD1","SEMA3C",1,"C"
"TEAD1","SEMA3D",1,"C"
"TEAD1","SH3BP4",1,"C"
"TEAD1","SHROOM3",1,"C"
"TEAD1","SMYD3",1,"C"
"TEAD1","SORBS1",1,"C"
"TEAD1","SORCS2",1,"C"
"TEAD1","SPIDR",1,"C"
"TEAD1","SPTBN1",1,"C"
"TEAD1","STARD13",1,"C"
"TEAD1","SVIL",1,"C"
"TEAD1","TANC1",1,"C"
"TEAD1","TCF4",1,"C"
"TEAD1","TENM3",1,"C"
"TEAD1","TGFB2",1,"C"
"TEAD1","TGFBR3",1,"C"
"TEAD1","TIAM2",1,"C"
"TEAD1","TLN2",1,"C"
"TEAD1","TMEM245",1,"C"
"TEAD1","TRIO",1,"C"
"TEAD1","UACA",1,"C"
"TEAD1","UBE2H",1,"C"
"TEAD1","VPS13D",1,"C"
"TEAD1","WWC2",1,"C"
"TEAD1","WWTR1",1,"C"
"TEAD1","YAP1",1,"C"
"TEAD2","CCND2",1,"C"
"TEAD2","RIN3",1,"C"
"TEAD2","AJUBA",1,"C"
"TEAD2","ASAP3",1,"C"
"TEAD2","ATP6V1A",1,"C"
"TEAD2","ATP8B2",1,"C"
"TEAD2","CFI",1,"C"
"TEAD2","CTDSP2",1,"C"
"TEAD2","CYBRD1",1,"C"
"TEAD2","DHRSX",1,"C"
"TEAD2","DLGAP4",1,"C"
"TEAD2","DNAJB5",1,"C"
"TEAD2","DTNBP1",1,"C"
"TEAD2","FAM89A",1,"C"
"TEAD2","GALNT2",1,"C"
"TEAD2","JMJD1C",1,"C"
"TEAD2","LAMB2",1,"C"
"TEAD2","LSM10",1,"C"
"TEAD2","MAP1S",1,"C"
"TEAD2","MPZ",1,"C"
"TEAD2","MYL12A",1,"C"
"TEAD2","PLEKHA4",1,"C"
"TEAD2","RHBDF1",1,"C"
"TEAD2","SNRPC",1,"C"
"TEAD2","SPEG",1,"C"
"TEAD2","ST3GAL2",1,"C"
"TEAD2","TBC1D25",1,"C"
"TEAD2","TRAF4",1,"C"
"TEAD2","TRIP6",1,"C"
"TEAD2","VPS37B",1,"C"
"TEAD4","ABLIM2",1,"C"
"TEAD4","ADAMTSL1",1,"C"
"TEAD4","ADGRL2",1,"C"
"TEAD4","ALK",1,"C"
"TEAD4","ANXA2",1,"C"
"TEAD4","BCAR3",1,"C"
"TEAD4","BCR",1,"C"
"TEAD4","CCN2",1,"C"
"TEAD4","CEMIP2",1,"C"
"TEAD4","CMIP",1,"C"
"TEAD4","DAB2IP",1,"C"
"TEAD4","DENND1A",1,"C"
"TEAD4","DENND2B",1,"C"
"TEAD4","DGKB",1,"C"
"TEAD4","DLGAP1",1,"C"
"TEAD4","ETV6",1,"C"
"TEAD4","EXT1",1,"C"
"TEAD4","FGFR2",1,"C"
"TEAD4","FNDC3B",1,"C"
"TEAD4","FOXO3",1,"C"
"TEAD4","GALNT2",1,"C"
"TEAD4","GLIS3",1,"C"
"TEAD4","GMDS",1,"C"
"TEAD4","GTDC1",1,"C"
"TEAD4","HDAC9",1,"C"
"TEAD4","HIVEP3",1,"C"
"TEAD4","HSPG2",1,"C"
"TEAD4","IL1R1",1,"C"
"TEAD4","IQSEC1",1,"C"
"TEAD4","ITPR1",1,"C"
"TEAD4","KAZN",1,"C"
"TEAD4","KDM4C",1,"C"
"TEAD4","KRT18",1,"C"
"TEAD4","LITAF",1,"C"
"TEAD4","MACF1",1,"C"
"TEAD4","MAML2",1,"C"
"TEAD4","MAP4K4",1,"C"
"TEAD4","MID1",1,"C"
"TEAD4","MPZL1",1,"C"
"TEAD4","MYH9",1,"C"
"TEAD4","NEK6",1,"C"
"TEAD4","NIBAN2",1,"C"
"TEAD4","PDE4B",1,"C"
"TEAD4","PDGFC",1,"C"
"TEAD4","PDLIM1",1,"C"
"TEAD4","PHLDB2",1,"C"
"TEAD4","PHLPP1",1,"C"
"TEAD4","PICALM",1,"C"
"TEAD4","PLCL1",1,"C"
"TEAD4","PLXNA2",1,"C"
"TEAD4","PRKCH",1,"C"
"TEAD4","PTPRJ",1,"C"
"TEAD4","RABGAP1L",1,"C"
"TEAD4","RAI14",1,"C"
"TEAD4","RBPMS",1,"C"
"TEAD4","RIN3",1,"C"
"TEAD4","RIPOR3",1,"C"
"TEAD4","RND3",1,"C"
"TEAD4","SIK3",1,"C"
"TEAD4","SORBS2",1,"C"
"TEAD4","SPIDR",1,"C"
"TEAD4","SPTB",1,"C"
"TEAD4","STK10",1,"C"
"TEAD4","TACC2",1,"C"
"TEAD4","TCF4",1,"C"
"TEAD4","TGFBI",1,"C"
"TEAD4","TGM2",1,"C"
"TEAD4","TIAM2",1,"C"
"TEAD4","TJP2",1,"C"
"TEAD4","TLE4",1,"C"
"TEAD4","TRIM2",1,"C"
"TEAD4","VMP1",1,"C"
"TEAD4","ZMYND8",1,"C"
"TFAP2A","ACHE",-1,"A"
"TFAP2A","ADM",1,"A"
"TFAP2A","ADRA1A",1,"A"
"TFAP2A","ADRA2B",1,"A"
"TFAP2A","APP",1,"A"
"TFAP2A","BACE1",1,"A"
"TFAP2A","BCL2",-1,"A"
"TFAP2A","CCNB1",1,"A"
"TFAP2A","CDH1",1,"A"
"TFAP2A","CDKN1A",1,"A"
"TFAP2A","CFTR",1,"A"
"TFAP2A","CGA",1,"A"
"TFAP2A","CRABP2",1,"A"
"TFAP2A","CRX",1,"A"
"TFAP2A","CSH1",1,"A"
"TFAP2A","CYP11A1",1,"A"
"TFAP2A","DBH",1,"A"
"TFAP2A","EGFR",1,"A"
"TFAP2A","ERBB2",1,"A"
"TFAP2A","ETS1",1,"A"
"TFAP2A","F2R",1,"A"
"TFAP2A","FAS",1,"A"
"TFAP2A","FMR1",1,"A"
"TFAP2A","FOXA1",1,"A"
"TFAP2A","GALNT3",1,"A"
"TFAP2A","GAST",1,"A"
"TFAP2A","GPX4",1,"A"
"TFAP2A","GUSB",1,"A"
"TFAP2A","HGF",-1,"A"
"TFAP2A","HIP1",1,"A"
"TFAP2A","HMOX1",1,"A"
"TFAP2A","HOXA4",-1,"A"
"TFAP2A","HSD17B1",-1,"A"
"TFAP2A","HTT",1,"A"
"TFAP2A","IGFBP5",1,"A"
"TFAP2A","KIT",1,"A"
"TFAP2A","KRT5",1,"A"
"TFAP2A","L1CAM",1,"A"
"TFAP2A","MIP",1,"A"
"TFAP2A","MMP2",1,"A"
"TFAP2A","MPG",1,"A"
"TFAP2A","MYC",1,"A"
"TFAP2A","NME3",1,"A"
"TFAP2A","NR3C1",1,"A"
"TFAP2A","OAT",1,"A"
"TFAP2A","PENK",1,"A"
"TFAP2A","PLAUR",1,"A"
"TFAP2A","POLD2",1,"A"
"TFAP2A","PRKCA",1,"A"
"TFAP2A","PTGS2",1,"A"
"TFAP2A","PVR",1,"A"
"TFAP2A","S100B",1,"A"
"TFAP2A","SERPINE1",1,"A"
"TFAP2A","SLC19A1",1,"A"
"TFAP2A","SMPD1",1,"A"
"TFAP2A","SNAP91",1,"A"
"TFAP2A","SP1",1,"A"
"TFAP2A","SPRY2",1,"A"
"TFAP2A","TAF7",1,"A"
"TFAP2A","TH",1,"A"
"TFAP2A","TIMP2",1,"A"
"TFAP2A","VEGFA",1,"A"
"TFAP2C","CDKN1A",-1,"A"
"TFAP2C","CRABP2",1,"A"
"TFAP2C","CSTA",1,"A"
"TFAP2C","ECM1",1,"A"
"TFAP2C","ERBB2",1,"A"
"TFAP2C","ESR1",1,"A"
"TFAP2C","FOXA1",1,"A"
"TFAP2C","FOXC1",1,"A"
"TFAP2C","FREM2",1,"A"
"TFAP2C","GREB1",1,"A"
"TFAP2C","MMP2",1,"A"
"TFAP2C","MYC",1,"A"
"TFAP2C","RET",1,"A"
"TFAP2C","SULT1E1",1,"A"
"TFAP2C","TFF1",1,"A"
"TFAP4","MDM2",-1,"C"
"TFAP4","PENK",1,"C"
"TFAP4","ZNF395",1,"C"
"TFAP4","ABTB2",1,"C"
"TFAP4","AGPAT3",1,"C"
"TFAP4","ARHGEF10L",1,"C"
"TFAP4","ATP2B2",1,"C"
"TFAP4","BCAR1",1,"C"
"TFAP4","CRTC1",1,"C"
"TFAP4","CSNK1D",1,"C"
"TFAP4","CYTH1",1,"C"
"TFAP4","DENND1A",1,"C"
"TFAP4","DENND3",1,"C"
"TFAP4","EGFR",1,"C"
"TFAP4","ELAPOR1",1,"C"
"TFAP4","ELL",1,"C"
"TFAP4","FGFR3",1,"C"
"TFAP4","GNA12",1,"C"
"TFAP4","GREB1",1,"C"
"TFAP4","HDAC5",1,"C"
"TFAP4","JADE2",1,"C"
"TFAP4","JUP",1,"C"
"TFAP4","KIAA1217",1,"C"
"TFAP4","KRT8",1,"C"
"TFAP4","MED15",1,"C"
"TFAP4","MICAL2",1,"C"
"TFAP4","MYOM1",1,"C"
"TFAP4","PEMT",1,"C"
"TFAP4","PLEKHA7",1,"C"
"TFAP4","PLEKHG5",1,"C"
"TFAP4","PLXNA2",1,"C"
"TFAP4","PRKCZ",1,"C"
"TFAP4","RGS3",1,"C"
"TFAP4","SRGAP3",1,"C"
"TFAP4","SVIL",1,"C"
"TFAP4","SYNJ2",1,"C"
"TFAP4","TBC1D2B",1,"C"
"TFAP4","TIAM2",1,"C"
"TFAP4","TPM4",1,"C"
"TFAP4","TRIO",1,"C"
"TFDP1","CAV1",1,"B"
"TFDP1","CCNE1",1,"B"
"TFDP1","CDK1",1,"B"
"TFDP1","DHFR",1,"B"
"TFDP1","MYBL2",1,"B"
"TFDP1","PCNA",1,"B"
"TFDP1","RRM1",1,"B"
"TFDP1","TYMS",1,"B"
"TFDP1","CCNE2",1,"B"
"TFDP1","CKAP2L",1,"B"
"TFDP1","HNRNPUL1",1,"B"
"TFDP1","PTMA",1,"B"
"TGIF2","AHCY",-1,"C"
"TGIF2","AKAP1",-1,"C"
"TGIF2","ASXL1",-1,"C"
"TGIF2","COQ8A",-1,"C"
"TGIF2","DPAGT1",-1,"C"
"TGIF2","FAM102A",-1,"C"
"TGIF2","HMGXB3",-1,"C"
"TGIF2","IST1",-1,"C"
"TGIF2","MSH6",-1,"C"
"TGIF2","NELFA",-1,"C"
"TGIF2","NFKB2",-1,"C"
"TGIF2","OGFR",-1,"C"
"TGIF2","PRR3",-1,"C"
"TGIF2","RPL3",-1,"C"
"TGIF2","SEPTIN9",-1,"C"
"TGIF2","SMOX",-1,"C"
"TGIF2","TCIRG1",-1,"C"
"TGIF2","ZBTB2",-1,"C"
"TGIF2","ZSCAN2",-1,"C"
"THAP1","FAM20B",1,"C"
"THAP1","ACAP3",1,"C"
"THAP1","ARHGDIA",1,"C"
"THAP1","BCOR",1,"C"
"THAP1","CELF5",1,"C"
"THAP1","COL18A1",1,"C"
"THAP1","CORO2A",1,"C"
"THAP1","CSNK1D",1,"C"
"THAP1","CYFIP1",1,"C"
"THAP1","DOCK6",1,"C"
"THAP1","EPS8L2",1,"C"
"THAP1","FAAP100",1,"C"
"THAP1","FAM78A",1,"C"
"THAP1","FGFR3",1,"C"
"THAP1","FGFRL1",1,"C"
"THAP1","FNDC10",1,"C"
"THAP1","GAK",1,"C"
"THAP1","GALE",1,"C"
"THAP1","GNB1",1,"C"
"THAP1","GPT2",1,"C"
"THAP1","GRAMD1A",1,"C"
"THAP1","HDAC11",1,"C"
"THAP1","HOOK2",1,"C"
"THAP1","HSP90AA1",1,"C"
"THAP1","IER2",1,"C"
"THAP1","IQSEC1",1,"C"
"THAP1","LTBP3",1,"C"
"THAP1","LYSMD2",1,"C"
"THAP1","MAST3",1,"C"
"THAP1","METRNL",1,"C"
"THAP1","MTCL1",1,"C"
"THAP1","MYO1C",1,"C"
"THAP1","NCOR2",1,"C"
"THAP1","NKD2",1,"C"
"THAP1","PIDD1",1,"C"
"THAP1","PIEZO1",1,"C"
"THAP1","PLEC",1,"C"
"THAP1","PPM1F",1,"C"
"THAP1","PPP6R1",1,"C"
"THAP1","RASGEF1A",1,"C"
"THAP1","RREB1",1,"C"
"THAP1","RXRA",1,"C"
"THAP1","SGMS1",1,"C"
"THAP1","SKI",1,"C"
"THAP1","SRCIN1",1,"C"
"THAP1","STIP1",1,"C"
"THAP1","SYMPK",1,"C"
"THAP1","TCF25",1,"C"
"THAP1","TLE5",1,"C"
"THAP1","TRABD",1,"C"
"THAP1","UBTF",1,"C"
"THAP1","UNKL",1,"C"
"THAP1","USF2",1,"C"
"THAP1","YWHAZ",1,"C"
"THAP1","ZNF276",1,"C"
"THAP11","CNIH4",-1,"C"
"THAP11","LSM10",-1,"C"
"THAP11","PRPF31",-1,"C"
"THAP11","SLC4A2",-1,"C"
"THAP11","SNX17",-1,"C"
"THAP11","TMEM115",-1,"C"
"THAP11","AFG1L",-1,"C"
"THAP11","AP2S1",-1,"C"
"THAP11","ARPP19",-1,"C"
"THAP11","ATL3",-1,"C"
"THAP11","BABAM1",-1,"C"
"THAP11","BANP",-1,"C"
"THAP11","BOLA1",-1,"C"
"THAP11","BUB1B",-1,"C"
"THAP11","BUB3",-1,"C"
"THAP11","CALCOCO1",-1,"C"
"THAP11","CCDC191",-1,"C"
"THAP11","CCDC90B",-1,"C"
"THAP11","CEP128",-1,"C"
"THAP11","CHCHD3",-1,"C"
"THAP11","CHCHD4",-1,"C"
"THAP11","CHRNB1",-1,"C"
"THAP11","CLDN12",-1,"C"
"THAP11","CLP1",-1,"C"
"THAP11","CNPY2",-1,"C"
"THAP11","COPS7B",-1,"C"
"THAP11","DCAKD",-1,"C"
"THAP11","DESI2",-1,"C"
"THAP11","DFFA",-1,"C"
"THAP11","DNAJC17",-1,"C"
"THAP11","DNAJC18",-1,"C"
"THAP11","DNM1L",-1,"C"
"THAP11","DPM3",-1,"C"
"THAP11","EIF1B",-1,"C"
"THAP11","EIF2B4",-1,"C"
"THAP11","EIF2S2",-1,"C"
"THAP11","ENY2",-1,"C"
"THAP11","ERP44",-1,"C"
"THAP11","FAM168A",-1,"C"
"THAP11","FBXL19",-1,"C"
"THAP11","FTO",-1,"C"
"THAP11","FYCO1",-1,"C"
"THAP11","GPKOW",-1,"C"
"THAP11","HCFC1R1",-1,"C"
"THAP11","HEXIM2",-1,"C"
"THAP11","HSD11B1L",-1,"C"
"THAP11","HSP90B1",-1,"C"
"THAP11","HSPH1",-1,"C"
"THAP11","INVS",-1,"C"
"THAP11","ITCH",-1,"C"
"THAP11","ITPR1",-1,"C"
"THAP11","IZUMO1",-1,"C"
"THAP11","LMBRD2",-1,"C"
"THAP11","LMNA",-1,"C"
"THAP11","LRRC29",-1,"C"
"THAP11","LYSMD1",-1,"C"
"THAP11","MAD2L1BP",-1,"C"
"THAP11","MED11",-1,"C"
"THAP11","MITF",-1,"C"
"THAP11","MRPL24",-1,"C"
"THAP11","MRPL42",-1,"C"
"THAP11","MRPL50",-1,"C"
"THAP11","MTR",-1,"C"
"THAP11","NDC1",-1,"C"
"THAP11","NMT1",-1,"C"
"THAP11","NOP14",-1,"C"
"THAP11","NUDCD1",-1,"C"
"THAP11","NUP153",-1,"C"
"THAP11","NUTF2",-1,"C"
"THAP11","PCM1",-1,"C"
"THAP11","PDCD10",-1,"C"
"THAP11","PEMT",-1,"C"
"THAP11","PHB",-1,"C"
"THAP11","PHF23",-1,"C"
"THAP11","PNKD",-1,"C"
"THAP11","PNPLA6",-1,"C"
"THAP11","POP1",-1,"C"
"THAP11","PPCDC",-1,"C"
"THAP11","PPP1R12B",-1,"C"
"THAP11","PPP2R5B",-1,"C"
"THAP11","PRCC",-1,"C"
"THAP11","RANGAP1",-1,"C"
"THAP11","RIDA",-1,"C"
"THAP11","RPGRIP1L",-1,"C"
"THAP11","SEL1L",-1,"C"
"THAP11","SH2D6",-1,"C"
"THAP11","SIRT2",-1,"C"
"THAP11","SKP2",-1,"C"
"THAP11","SLC25A19",-1,"C"
"THAP11","SLC35B4",-1,"C"
"THAP11","SMARCAL1",-1,"C"
"THAP11","SMIM13",-1,"C"
"THAP11","SNAP47",-1,"C"
"THAP11","SNX16",-1,"C"
"THAP11","SNX27",-1,"C"
"THAP11","SOX6",-1,"C"
"THAP11","SWT1",-1,"C"
"THAP11","SYMPK",-1,"C"
"THAP11","TBC1D31",-1,"C"
"THAP11","THRAP3",-1,"C"
"THAP11","TMEM109",-1,"C"
"THAP11","TMEM208",-1,"C"
"THAP11","TRAPPC3",-1,"C"
"THAP11","TRMT1L",-1,"C"
"THAP11","TTC30B",-1,"C"
"THAP11","UBA1",-1,"C"
"THAP11","UBR2",-1,"C"
"THAP11","USP48",-1,"C"
"THAP11","VPS41",-1,"C"
"THAP11","VPS50",-1,"C"
"THAP11","WBP2",-1,"C"
"THAP11","WNK1",-1,"C"
"THAP11","ZCCHC8",-1,"C"
"THAP11","ZNF444",-1,"C"
"THAP11","ZNF605",-1,"C"
"THAP11","ZSCAN22",-1,"C"
"TP53","ABCB1",-1,"A"
"TP53","ABCC1",1,"A"
"TP53","ACTA2",1,"A"
"TP53","ADA",1,"A"
"TP53","ADGRB1",1,"A"
"TP53","ADGRB2",1,"A"
"TP53","AFP",-1,"A"
"TP53","AIFM2",1,"A"
"TP53","AKT1",-1,"A"
"TP53","ALDH1A3",1,"A"
"TP53","ALOX5",1,"A"
"TP53","ANTXR1",1,"A"
"TP53","APAF1",1,"A"
"TP53","APCS",1,"A"
"TP53","ARID3A",1,"A"
"TP53","ASCC3",1,"A"
"TP53","ATF3",1,"A"
"TP53","BAK1",1,"A"
"TP53","BAX",1,"A"
"TP53","BBC3",1,"A"
"TP53","BCL2",-1,"A"
"TP53","BCL2L1",1,"A"
"TP53","BCL2L14",1,"A"
"TP53","BCL3",-1,"A"
"TP53","BCL6",1,"A"
"TP53","BDKRB2",1,"A"
"TP53","BID",1,"A"
"TP53","BIRC5",-1,"A"
"TP53","BIRC8",1,"A"
"TP53","BNIP3L",1,"A"
"TP53","BRCA1",-1,"A"
"TP53","BRCA2",-1,"A"
"TP53","BTG1",1,"A"
"TP53","BTG2",1,"A"
"TP53","BTG3",1,"A"
"TP53","C12ORF5",1,"A"
"TP53","C13ORF15",1,"A"
"TP53","CABLES1",1,"A"
"TP53","CASP1",1,"A"
"TP53","CASP10",1,"A"
"TP53","CASP3",1,"A"
"TP53","CASP6",1,"A"
"TP53","CAV1",1,"A"
"TP53","CCNA1",1,"A"
"TP53","CCNA2",1,"A"
"TP53","CCNB1",-1,"A"
"TP53","CCND1",-1,"A"
"TP53","CCNG1",1,"A"
"TP53","CCNG2",1,"A"
"TP53","CCNK",1,"A"
"TP53","CD82",1,"A"
"TP53","CDC25C",1,"A"
"TP53","CDH13",1,"A"
"TP53","CDK1",-1,"A"
"TP53","CDKN1A",1,"A"
"TP53","CDKN1B",1,"A"
"TP53","CHEK1",-1,"A"
"TP53","CHEK2",-1,"A"
"TP53","CHMP4C",1,"A"
"TP53","CHUK",-1,"A"
"TP53","CKM",1,"A"
"TP53","COL18A1",1,"A"
"TP53","COP1",1,"A"
"TP53","CTNNB1",-1,"A"
"TP53","CTSD",1,"A"
"TP53","CX3CL1",1,"A"
"TP53","CYP24A1",1,"A"
"TP53","DCC",1,"A"
"TP53","DDB1",1,"A"
"TP53","DDB2",1,"A"
"TP53","DDIT4",1,"A"
"TP53","DDR1",1,"A"
"TP53","DKK1",1,"A"
"TP53","DNMT1",-1,"A"
"TP53","DUSP1",1,"A"
"TP53","DUSP11",1,"A"
"TP53","DUSP5",1,"A"
"TP53","E2F1",-1,"A"
"TP53","E2F3",-1,"A"
"TP53","E2F7",1,"A"
"TP53","EDN2",1,"A"
"TP53","EEF1A1",1,"A"
"TP53","EGFR",1,"A"
"TP53","EGR1",1,"A"
"TP53","EI24",1,"A"
"TP53","ELF4",-1,"A"
"TP53","EPCAM",1,"A"
"TP53","EPHA2",1,"A"
"TP53","ESR1",1,"A"
"TP53","EZH2",-1,"A"
"TP53","FANCC",1,"A"
"TP53","FAS",1,"A"
"TP53","FBLN1",1,"A"
"TP53","FBLN2",1,"A"
"TP53","FDXR",1,"A"
"TP53","FGF2",-1,"A"
"TP53","FLT1",1,"A"
"TP53","FOS",1,"A"
"TP53","FRMD5",1,"A"
"TP53","GADD45A",-1,"A"
"TP53","GADD45G",1,"A"
"TP53","GDF15",1,"A"
"TP53","GHR",1,"A"
"TP53","GML",1,"A"
"TP53","GPNMB",1,"A"
"TP53","GPX1",1,"A"
"TP53","GSTP1",1,"A"
"TP53","HGF",1,"A"
"TP53","HIC1",1,"A"
"TP53","HIPK2",1,"A"
"TP53","HNF4A",-1,"A"
"TP53","HNRNPUL1",1,"A"
"TP53","HRAS",-1,"A"
"TP53","HSP90AB1",-1,"A"
"TP53","HTT",1,"A"
"TP53","IER3",1,"A"
"TP53","IFI16",1,"A"
"TP53","IGF1R",-1,"A"
"TP53","IGFBP3",1,"A"
"TP53","IL1B",1,"A"
"TP53","ING1",1,"A"
"TP53","INTS7",-1,"A"
"TP53","IRF5",1,"A"
"TP53","JAK2",1,"A"
"TP53","KAT2B",1,"A"
"TP53","KLK3",-1,"A"
"TP53","KRT8",1,"A"
"TP53","LIF",1,"A"
"TP53","LIG1",1,"A"
"TP53","LITAF",1,"A"
"TP53","MAD1L1",-1,"A"
"TP53","MAP4",-1,"A"
"TP53","MAPK8",1,"A"
"TP53","MCM7",-1,"A"
"TP53","MDM2",1,"A"
"TP53","MDM4",1,"A"
"TP53","MET",-1,"A"
"TP53","MGMT",-1,"A"
"TP53","MKI67",1,"A"
"TP53","MLH1",1,"A"
"TP53","MMP2",1,"A"
"TP53","MRPL27",1,"A"
"TP53","MSH2",1,"A"
"TP53","MUC2",1,"A"
"TP53","MYC",-1,"A"
"TP53","NDRG1",1,"A"
"TP53","NFATC4",-1,"A"
"TP53","NHLH2",1,"A"
"TP53","NINJ1",1,"A"
"TP53","NLRC4",1,"A"
"TP53","NME1",1,"A"
"TP53","NOS2",-1,"A"
"TP53","OGG1",1,"A"
"TP53","P2RX6",1,"A"
"TP53","PAX5",1,"A"
"TP53","PCBP4",1,"A"
"TP53","PCNA",1,"A"
"TP53","PDGFRB",1,"A"
"TP53","PEG3",1,"A"
"TP53","PERP",-1,"A"
"TP53","PIAS3",-1,"A"
"TP53","PIDD1",1,"A"
"TP53","PLAGL1",1,"A"
"TP53","PLK1",-1,"A"
"TP53","PLK2",1,"A"
"TP53","PLK3",1,"A"
"TP53","PMAIP1",1,"A"
"TP53","PML",1,"A"
"TP53","PMS2",1,"A"
"TP53","POLD1",1,"A"
"TP53","PPM1D",1,"A"
"TP53","PPM1J",1,"A"
"TP53","PRDM1",1,"A"
"TP53","PRG3",1,"A"
"TP53","PRKAB1",1,"A"
"TP53","PRODH",1,"A"
"TP53","PTEN",-1,"A"
"TP53","PTPA",-1,"A"
"TP53","PTPN13",1,"A"
"TP53","PTTG1",1,"A"
"TP53","PYCARD",1,"A"
"TP53","RABGGTA",1,"A"
"TP53","RAD51",1,"A"
"TP53","RAD51B",1,"A"
"TP53","RASSF1",-1,"A"
"TP53","RB1",-1,"A"
"TP53","RCHY1",1,"A"
"TP53","RELA",1,"A"
"TP53","RHOA",1,"A"
"TP53","RNF144B",1,"A"
"TP53","RPS27L",1,"A"
"TP53","RRM1",1,"A"
"TP53","RRM2B",1,"A"
"TP53","S100A2",1,"A"
"TP53","S100B",-1,"A"
"TP53","SCN3B",1,"A"
"TP53","SERPINB5",1,"A"
"TP53","SERPINE1",1,"A"
"TP53","SERTAD1",1,"A"
"TP53","SESN1",1,"A"
"TP53","SESN2",1,"A"
"TP53","SFN",1,"A"
"TP53","SH2D1A",1,"A"
"TP53","SIAH1",1,"A"
"TP53","SIVA1",1,"A"
"TP53","SLC2A1",-1,"A"
"TP53","SLC6A6",-1,"A"
"TP53","SMPD3",1,"A"
"TP53","SSTR2",-1,"A"
"TP53","STAT1",1,"A"
"TP53","STAT3",-1,"A"
"TP53","STEAP3",1,"A"
"TP53","SYK",1,"A"
"TP53","TAP1",1,"A"
"TP53","TBC1D31",1,"A"
"TP53","TBXAS1",-1,"A"
"TP53","TCEAL1",1,"A"
"TP53","TCF7L2",-1,"A"
"TP53","TENT4A",1,"A"
"TP53","TERT",-1,"A"
"TP53","TGFA",1,"A"
"TP53","TGFB1",1,"A"
"TP53","THBS1",1,"A"
"TP53","TNFRSF10A",1,"A"
"TP53","TNFRSF10B",1,"A"
"TP53","TNFRSF10C",1,"A"
"TP53","TNFRSF10D",1,"A"
"TP53","TP53AIP1",1,"A"
"TP53","TP53I3",1,"A"
"TP53","TP53INP1",1,"A"
"TP53","TP53TG1",1,"A"
"TP53","TP53TG5",1,"A"
"TP53","TP63",-1,"A"
"TP53","TP73",1,"A"
"TP53","TP73:DELTA",1,"A"
"TP53","TRIAP1",1,"A"
"TP53","TRIM22",1,"A"
"TP53","TSC2",1,"A"
"TP53","TYMS",-1,"A"
"TP53","TYRP1",1,"A"
"TP53","UBE2L3",1,"A"
"TP53","UHRF1",-1,"A"
"TP53","VCAN",1,"A"
"TP53","VDR",1,"A"
"TP53","VEGFA",-1,"A"
"TP53","WRN",-1,"A"
"TP53","XPC",1,"A"
"TP53","ZMAT3",1,"A"
"TP63","CDKN1A",1,"B"
"TP63","KLF4",-1,"B"
"TP63","PPARA",1,"B"
"TP63","SFN",1,"B"
"TP63","TCF4",1,"B"
"TP63","VDR",1,"B"
"TP63","ARNTL",1,"B"
"TP63","BHLHE40",1,"B"
"TP63","FOXN1",1,"B"
"TP63","GRB10",1,"B"
"TP63","KCTD1",1,"B"
"TP63","KIAA1671",1,"B"
"TP63","RGS20",1,"B"
"TP63","SERPINB5",1,"B"
"TP63","SYN3",1,"B"
"TP63","THSD4",1,"B"
"TP63","TP73",1,"B"
"TP63","VAV3",1,"B"
"TP63","ZNF750",1,"B"
"TP73","BBC3",1,"C"
"TP73","CABLES1",1,"C"
"TP73","CDK1",1,"C"
"TP73","CDKN1A",1,"C"
"TP73","MDM2",1,"C"
"TP73","PMAIP1",1,"C"
"TP73","TERT",-1,"C"
"TP73","ADGRV1",1,"C"
"TP73","HIPK2",1,"C"
"TP73","ABCA13",1,"C"
"TP73","ADGRG1",1,"C"
"TP73","CARMIL1",1,"C"
"TP73","CCDC88C",1,"C"
"TP73","CEP68",1,"C"
"TP73","CLIP1",1,"C"
"TP73","DGKZ",1,"C"
"TP73","FHOD3",1,"C"
"TP73","FOXK2",1,"C"
"TP73","FRMD6",1,"C"
"TP73","KCNJ15",1,"C"
"TP73","LGR6",1,"C"
"TP73","MDM4",1,"C"
"TP73","MEGF6",1,"C"
"TP73","MVB12B",1,"C"
"TP73","MYO5A",1,"C"
"TP73","NDST1",1,"C"
"TP73","OSBPL9",1,"C"
"TP73","PLAC8",1,"C"
"TP73","POU2AF1",1,"C"
"TP73","RAPGEF4",1,"C"
"TP73","RBM47",1,"C"
"TP73","RIN3",1,"C"
"TP73","SASH1",1,"C"
"TP73","SBF2",1,"C"
"TP73","SPIDR",1,"C"
"TP73","SYNE1",1,"C"
"TP73","TCF4",1,"C"
"TP73","TLE4",1,"C"
"TP73","TP53",1,"C"
"TP73","UBASH3B",1,"C"
"TP73","VAC14",1,"C"
"TP73","VAV3",1,"C"
"TWIST1","AKT2",1,"A"
"TWIST1","CD24",1,"A"
"TWIST1","CDH1",-1,"A"
"TWIST1","CDKN1A",1,"A"
"TWIST1","CDKN2A",1,"A"
"TWIST1","CLDN7",1,"A"
"TWIST1","ESR1",-1,"A"
"TWIST1","FOS",1,"A"
"TWIST1","GLI1",1,"A"
"TWIST1","MDM2",1,"A"
"TWIST1","MMP2",1,"A"
"TWIST1","NR2F1",1,"A"
"TWIST1","SRPX",-1,"A"
"TWIST1","TIMP1",-1,"A"
"TWIST1","VEGFA",1,"A"
"USF1","ABCA1",1,"A"
"USF1","APC",1,"A"
"USF1","APEX1",1,"A"
"USF1","APOA2",1,"A"
"USF1","APOA5",1,"A"
"USF1","APOC3",1,"A"
"USF1","B2M",1,"A"
"USF1","BRCA2",1,"A"
"USF1","CCNB1",1,"A"
"USF1","CD2",1,"A"
"USF1","CDK4",1,"A"
"USF1","CEACAM1",1,"A"
"USF1","CEACAM5",1,"A"
"USF1","CEBPA",1,"A"
"USF1","CIITA",1,"A"
"USF1","CTSB",1,"A"
"USF1","CTSD",1,"A"
"USF1","CXCR4",1,"A"
"USF1","CYP19A1",-1,"A"
"USF1","CYP1A1",-1,"A"
"USF1","CYP1A2",1,"A"
"USF1","CYP3A4",1,"A"
"USF1","FASN",1,"A"
"USF1","FBP1",1,"A"
"USF1","FCER1A",1,"A"
"USF1","FMR1",1,"A"
"USF1","GATA5",1,"A"
"USF1","GCK",1,"A"
"USF1","HMOX1",1,"A"
"USF1","HOXB4",1,"A"
"USF1","HOXB7",1,"A"
"USF1","ID4",1,"A"
"USF1","IFNG",1,"A"
"USF1","ISG20",1,"A"
"USF1","LIPC",1,"A"
"USF1","MYH9",1,"A"
"USF1","NUP188",1,"A"
"USF1","OGN",1,"A"
"USF1","P4HA1",1,"A"
"USF1","PF4",1,"A"
"USF1","PIGR",1,"A"
"USF1","PKLR",1,"A"
"USF1","PTGDS",1,"A"
"USF1","PTGS2",-1,"A"
"USF1","PTPN6",1,"A"
"USF1","S100A6",1,"A"
"USF1","SERBP1",1,"A"
"USF1","SERPINE1",1,"A"
"USF1","SF1",1,"A"
"USF1","SLC19A1",1,"A"
"USF1","SLC1A3",1,"A"
"USF1","SLC22A2",1,"A"
"USF1","TCN2",1,"A"
"USF1","TERT",1,"A"
"USF1","TGFB1",1,"A"
"USF1","TGFB2",1,"A"
"USF1","TOP3A",1,"A"
"USF1","TRIM25",1,"A"
"USF1","TYMS",1,"A"
"USF2","ABCA1",1,"A"
"USF2","APC",1,"A"
"USF2","APOA2",1,"A"
"USF2","ATP5F1A",1,"A"
"USF2","B2M",1,"A"
"USF2","BRCA1",1,"A"
"USF2","BRCA2",1,"A"
"USF2","CD2",1,"A"
"USF2","CEACAM1",1,"A"
"USF2","CEACAM5",1,"A"
"USF2","CTSB",1,"A"
"USF2","CTSD",1,"A"
"USF2","CXCR4",1,"A"
"USF2","CYP19A1",-1,"A"
"USF2","CYP1A2",1,"A"
"USF2","FBP1",1,"A"
"USF2","FCER1A",1,"A"
"USF2","FMR1",1,"A"
"USF2","HMOX1",1,"A"
"USF2","HOXB4",1,"A"
"USF2","IGF2R",1,"A"
"USF2","LIPC",1,"A"
"USF2","MYH9",1,"A"
"USF2","P4HA1",1,"A"
"USF2","PDX1",1,"A"
"USF2","PF4",1,"A"
"USF2","PIGR",1,"A"
"USF2","PKLR",1,"A"
"USF2","PTGS2",1,"A"
"USF2","PTPN6",1,"A"
"USF2","SF1",1,"A"
"USF2","SLC19A1",1,"A"
"USF2","TCN2",1,"A"
"USF2","TERT",1,"A"
"USF2","TGFB1",1,"A"
"USF2","TGFB2",1,"A"
"USF2","THBS1",1,"A"
"USF2","TOP3A",1,"A"
"VDR","AMH",1,"A"
"VDR","ASAP2",1,"A"
"VDR","BGLAP",1,"A"
"VDR","BHLHE40",1,"A"
"VDR","CALB1",1,"A"
"VDR","CAMP",1,"A"
"VDR","CDH1",1,"A"
"VDR","CDKN1A",1,"A"
"VDR","CDKN1B",1,"A"
"VDR","CYP24A1",1,"A"
"VDR","CYP3A4",1,"A"
"VDR","CYP7A1",-1,"A"
"VDR","DDIT4",1,"A"
"VDR","EGFR",-1,"A"
"VDR","ELL",1,"A"
"VDR","HOXA10",1,"A"
"VDR","IGFBP3",-1,"A"
"VDR","IL10",-1,"A"
"VDR","IL12B",-1,"A"
"VDR","PLD1",1,"A"
"VDR","PODXL",1,"A"
"VDR","PTH",-1,"A"
"VDR","PTK2B",1,"A"
"VDR","TRPV6",1,"A"
"WT1","ABCB1",1,"A"
"WT1","AMH",1,"A"
"WT1","AR",-1,"A"
"WT1","BCL2",1,"A"
"WT1","CCN2",1,"A"
"WT1","CCN3",1,"A"
"WT1","CDH1",-1,"A"
"WT1","CDKN1A",1,"A"
"WT1","CIAO1",-1,"A"
"WT1","EGFR",-1,"A"
"WT1","ETS1",1,"A"
"WT1","IGF1",-1,"A"
"WT1","IGF1R",-1,"A"
"WT1","IGF2",-1,"A"
"WT1","IL2RB",1,"A"
"WT1","MYB",-1,"A"
"WT1","MYC",-1,"A"
"WT1","MYCN",-1,"A"
"WT1","NPHS1",1,"A"
"WT1","NR5A1",1,"A"
"WT1","ODC1",1,"A"
"WT1","PAX2",-1,"A"
"WT1","PDGFA",-1,"A"
"WT1","PODXL",1,"A"
"WT1","SMAD3",1,"A"
"WT1","TBXA2R",-1,"A"
"WT1","TERT",-1,"A"
"WT1","THBS1",1,"A"
"WT1","UBE2I",-1,"A"
"WT1","VDR",1,"A"
"WT1","WTAP",1,"A"
"XBP1","AMOTL1",1,"C"
"XBP1","CACNB2",1,"C"
"XBP1","CTNNA1",1,"C"
"XBP1","DOCK1",1,"C"
"XBP1","DTNA",1,"C"
"XBP1","FANCC",1,"C"
"XBP1","FRMD4B",1,"C"
"XBP1","JCAD",1,"C"
"XBP1","MYT1L",1,"C"
"XBP1","PRNP",1,"C"
"XBP1","PRPF31",1,"C"
"XBP1","RAPGEF4",1,"C"
"XBP1","RUNX1",1,"C"
"XBP1","SND1",1,"C"
"XBP1","SPEF2",1,"C"
"XBP1","ZZEF1",1,"C"
"YY1","ACTR5",1,"A"
"YY1","ADA",1,"A"
"YY1","AFG1L",-1,"A"
"YY1","APH1A",1,"A"
"YY1","ATP13A1",-1,"A"
"YY1","ATXN10",1,"A"
"YY1","CCDC43",1,"A"
"YY1","CDK5RAP2",1,"A"
"YY1","CEP43",-1,"A"
"YY1","CETP",1,"A"
"YY1","COQ5",1,"A"
"YY1","COQ9",1,"A"
"YY1","CPSF2",1,"A"
"YY1","CREBBP",-1,"A"
"YY1","CTCF",1,"A"
"YY1","CXCR4",-1,"A"
"YY1","DEK",1,"A"
"YY1","DLG1",1,"A"
"YY1","DNAJA3",-1,"A"
"YY1","DNAJB4",1,"A"
"YY1","EGFR",1,"A"
"YY1","EP300",1,"A"
"YY1","EPAS1",-1,"A"
"YY1","ERBB2",1,"A"
"YY1","FAS",-1,"A"
"YY1","FDPS",-1,"A"
"YY1","HACD2",1,"A"
"YY1","HCFC1",1,"A"
"YY1","HNRNPL",-1,"A"
"YY1","HSD3B2",1,"A"
"YY1","HSF1",1,"A"
"YY1","HSPA5",1,"A"
"YY1","IFNB1",-1,"A"
"YY1","IL5",1,"A"
"YY1","IRAK1",-1,"A"
"YY1","KAT6A",-1,"A"
"YY1","LDLR",-1,"A"
"YY1","LSS",1,"A"
"YY1","MANF",1,"A"
"YY1","MICU2",-1,"A"
"YY1","MKLN1",-1,"A"
"YY1","MRPL46",1,"A"
"YY1","MRPS10",-1,"A"
"YY1","MRPS18B",-1,"A"
"YY1","MRPS24",1,"A"
"YY1","MYC",1,"A"
"YY1","NARS1",1,"A"
"YY1","NOS2",1,"A"
"YY1","NR3C1",1,"A"
"YY1","OPRM1",1,"A"
"YY1","PAK4",1,"A"
"YY1","PBDC1",-1,"A"
"YY1","PPP2R1A",-1,"A"
"YY1","PRDM2",1,"A"
"YY1","PSMD8",-1,"A"
"YY1","PTPA",1,"A"
"YY1","RAB3GAP1",1,"A"
"YY1","RANBP10",-1,"A"
"YY1","RAVER1",-1,"A"
"YY1","RNF26",1,"A"
"YY1","RNF40",1,"A"
"YY1","RPRD2",-1,"A"
"YY1","SNX27",-1,"A"
"YY1","SPNS1",-1,"A"
"YY1","SRP68",-1,"A"
"YY1","TNFRSF10B",-1,"A"
"YY1","TOP3A",1,"A"
"YY1","TP53",1,"A"
"YY1","TP73",1,"A"
"YY1","TTC17",-1,"A"
"YY1","WDR82",1,"A"
"YY1","ZNF175",1,"A"
"YY1","ZNF615",1,"A"
"ZBED1","CIRBP",1,"C"
"ZBED1","ECE1",1,"C"
"ZBED1","ETV6",1,"C"
"ZBED1","GATAD2B",1,"C"
"ZBED1","MAD1L1",1,"C"
"ZBED1","MSH6",1,"C"
"ZBED1","MTFR2",1,"C"
"ZBED1","NAA25",1,"C"
"ZBED1","PARN",1,"C"
"ZBED1","PTMA",1,"C"
"ZBED1","RBM15",1,"C"
"ZBED1","RFFL",1,"C"
"ZBED1","RPL6",1,"C"
"ZBED1","SLC1A4",1,"C"
"ZBED1","SQSTM1",1,"C"
"ZBED1","SRSF7",1,"C"
"ZBED1","TANGO2",1,"C"
"ZBED1","TCF3",1,"C"
"ZBED1","TGIF1",1,"C"
"ZBED1","USP48",1,"C"
"ZBED1","ZC3H4",1,"C"
"ZBED1","ZNF276",1,"C"
"ZBTB11","ADAM17",1,"C"
"ZBTB11","AP1AR",1,"C"
"ZBTB11","AZIN1",1,"C"
"ZBTB11","CEPT1",1,"C"
"ZBTB11","CGGBP1",1,"C"
"ZBTB11","ELK4",1,"C"
"ZBTB11","ERBIN",1,"C"
"ZBTB11","FBXO28",1,"C"
"ZBTB11","GABPA",1,"C"
"ZBTB11","GNA13",1,"C"
"ZBTB11","GTF3C3",1,"C"
"ZBTB11","KDM5A",1,"C"
"ZBTB11","PPP1R15B",1,"C"
"ZBTB11","PPP4R2",1,"C"
"ZBTB11","RO60",1,"C"
"ZBTB11","SEC22B",1,"C"
"ZBTB11","UBE2D3",1,"C"
"ZBTB11","UCHL5",1,"C"
"ZBTB11","USPL1",1,"C"
"ZBTB11","VCPIP1",1,"C"
"ZBTB11","YY1",1,"C"
"ZBTB11","ZNF131",1,"C"
"ZBTB33","CUL3",1,"B"
"ZBTB33","GTF2A1",1,"B"
"ZBTB33","IREB2",1,"B"
"ZBTB33","LSM14A",1,"B"
"ZBTB33","NANP",1,"B"
"ZBTB33","PURA",1,"B"
"ZBTB33","RBM15",1,"B"
"ZBTB33","RMI1",1,"B"
"ZBTB33","SLC39A9",1,"B"
"ZBTB33","UBE2D3",1,"B"
"ZBTB33","YOD1",1,"B"
"ZBTB33","ZZZ3",1,"B"
"ZBTB7A","PFKP",-1,"C"
"ZBTB7A","PNPLA6",-1,"C"
"ZBTB7A","SEPTIN9",-1,"C"
"ZBTB7A","ABR",-1,"C"
"ZBTB7A","ACAP3",-1,"C"
"ZBTB7A","ACTB",-1,"C"
"ZBTB7A","ADAM8",-1,"C"
"ZBTB7A","AGRN",-1,"C"
"ZBTB7A","AHDC1",-1,"C"
"ZBTB7A","AHRR",-1,"C"
"ZBTB7A","AKT1",-1,"C"
"ZBTB7A","AP3D1",-1,"C"
"ZBTB7A","ARHGAP23",-1,"C"
"ZBTB7A","ARHGAP45",-1,"C"
"ZBTB7A","ASPSCR1",-1,"C"
"ZBTB7A","ATP2B2",-1,"C"
"ZBTB7A","BAIAP3",-1,"C"
"ZBTB7A","BCAR1",-1,"C"
"ZBTB7A","BCL9L",-1,"C"
"ZBTB7A","BCR",-1,"C"
"ZBTB7A","BHLHE40",-1,"C"
"ZBTB7A","CDC42BPG",-1,"C"
"ZBTB7A","CDC42EP4",-1,"C"
"ZBTB7A","CIC",-1,"C"
"ZBTB7A","COMT",-1,"C"
"ZBTB7A","CUX1",-1,"C"
"ZBTB7A","DAB2IP",-1,"C"
"ZBTB7A","DNMT3A",-1,"C"
"ZBTB7A","ECE1",-1,"C"
"ZBTB7A","EFNA2",-1,"C"
"ZBTB7A","EHD1",-1,"C"
"ZBTB7A","EML2",-1,"C"
"ZBTB7A","EPS8L2",-1,"C"
"ZBTB7A","FBXL16",-1,"C"
"ZBTB7A","FMNL1",-1,"C"
"ZBTB7A","GATAD2A",-1,"C"
"ZBTB7A","HS6ST1",-1,"C"
"ZBTB7A","IGF2BP1",-1,"C"
"ZBTB7A","KAZN",-1,"C"
"ZBTB7A","KHSRP",-1,"C"
"ZBTB7A","KIAA1522",-1,"C"
"ZBTB7A","KRT8",-1,"C"
"ZBTB7A","LAMA5",-1,"C"
"ZBTB7A","LMNA",-1,"C"
"ZBTB7A","LTBP3",-1,"C"
"ZBTB7A","MARK4",-1,"C"
"ZBTB7A","METRNL",-1,"C"
"ZBTB7A","MGRN1",-1,"C"
"ZBTB7A","MKNK2",-1,"C"
"ZBTB7A","MNT",-1,"C"
"ZBTB7A","MSLN",-1,"C"
"ZBTB7A","MXRA8",-1,"C"
"ZBTB7A","NACC2",-1,"C"
"ZBTB7A","NCOR2",-1,"C"
"ZBTB7A","NDRG2",-1,"C"
"ZBTB7A","NFIC",-1,"C"
"ZBTB7A","NIBAN2",-1,"C"
"ZBTB7A","NOTCH1",-1,"C"
"ZBTB7A","NPAS1",-1,"C"
"ZBTB7A","NR2F6",-1,"C"
"ZBTB7A","OBSL1",-1,"C"
"ZBTB7A","PALM",-1,"C"
"ZBTB7A","PCBP1",-1,"C"
"ZBTB7A","PCDH1",-1,"C"
"ZBTB7A","PDGFB",-1,"C"
"ZBTB7A","PIAS4",-1,"C"
"ZBTB7A","PIEZO1",-1,"C"
"ZBTB7A","PLEC",-1,"C"
"ZBTB7A","PLXNB2",-1,"C"
"ZBTB7A","PPP1R9B",-1,"C"
"ZBTB7A","PTBP1",-1,"C"
"ZBTB7A","PTCH1",-1,"C"
"ZBTB7A","PWWP2B",-1,"C"
"ZBTB7A","RAI1",-1,"C"
"ZBTB7A","RNF220",-1,"C"
"ZBTB7A","RXRA",-1,"C"
"ZBTB7A","SIGIRR",-1,"C"
"ZBTB7A","SKI",-1,"C"
"ZBTB7A","SLC19A1",-1,"C"
"ZBTB7A","SLC22A23",-1,"C"
"ZBTB7A","SRC",-1,"C"
"ZBTB7A","SRCIN1",-1,"C"
"ZBTB7A","STAT6",-1,"C"
"ZBTB7A","SYNPO",-1,"C"
"ZBTB7A","THRA",-1,"C"
"ZBTB7A","TLE5",-1,"C"
"ZBTB7A","TRIM8",-1,"C"
"ZBTB7A","ZBTB7B",-1,"C"
"ZBTB7A","ZFPM1",-1,"C"
"ZBTB7A","ZNF710",-1,"C"
"ZEB1","AR",-1,"B"
"ZEB1","CDH1",-1,"B"
"ZEB1","GRHL2",-1,"B"
"ZEB1","ITGB4",-1,"B"
"ZEB1","LAMC2",-1,"B"
"ZEB1","PKP3",-1,"B"
"ZEB1","SPRR1B",1,"B"
"ZEB1","CSRP1",-1,"B"
"ZEB1","FLNA",-1,"B"
"ZEB1","ITGB1",-1,"B"
"ZEB1","LAD1",-1,"B"
"ZEB1","PHLDB1",-1,"B"
"ZEB1","PXN",-1,"B"
"ZEB1","SLC25A10",-1,"B"
"ZEB1","TECR",-1,"B"
"ZEB2","CDH1",-1,"C"
"ZEB2","MEOX2",-1,"C"
"ZEB2","VIM",1,"C"
"ZEB2","ACVR1",-1,"C"
"ZEB2","ADGRB3",-1,"C"
"ZEB2","ANXA4",-1,"C"
"ZEB2","ARHGEF2",-1,"C"
"ZEB2","ASAP1",-1,"C"
"ZEB2","ATP2B4",-1,"C"
"ZEB2","CPED1",-1,"C"
"ZEB2","CREB3L2",-1,"C"
"ZEB2","CREG1",-1,"C"
"ZEB2","DENND1A",-1,"C"
"ZEB2","DMXL2",-1,"C"
"ZEB2","DOCK11",-1,"C"
"ZEB2","EPB41L2",-1,"C"
"ZEB2","FNDC3B",-1,"C"
"ZEB2","FYN",-1,"C"
"ZEB2","GAB2",-1,"C"
"ZEB2","GTDC1",-1,"C"
"ZEB2","HIP1",-1,"C"
"ZEB2","IKZF1",-1,"C"
"ZEB2","ITPR1",-1,"C"
"ZEB2","LHFPL2",-1,"C"
"ZEB2","LIMS1",-1,"C"
"ZEB2","LTBP1",-1,"C"
"ZEB2","LTBP4",-1,"C"
"ZEB2","MAP4",-1,"C"
"ZEB2","MBNL1",-1,"C"
"ZEB2","MEF2C",-1,"C"
"ZEB2","NFIA",-1,"C"
"ZEB2","NSMAF",-1,"C"
"ZEB2","PICALM",-1,"C"
"ZEB2","PIK3CG",-1,"C"
"ZEB2","PIP4K2A",-1,"C"
"ZEB2","PRKAR2B",-1,"C"
"ZEB2","PRKCB",-1,"C"
"ZEB2","QKI",-1,"C"
"ZEB2","RAB31",-1,"C"
"ZEB2","RAB8B",-1,"C"
"ZEB2","RELN",-1,"C"
"ZEB2","SCN9A",-1,"C"
"ZEB2","SERTAD2",-1,"C"
"ZEB2","SGMS1",-1,"C"
"ZEB2","SOX6",-1,"C"
"ZEB2","SPTBN1",-1,"C"
"ZEB2","ST3GAL2",-1,"C"
"ZEB2","SUSD1",-1,"C"
"ZEB2","TBC1D5",-1,"C"
"ZEB2","TBL1XR1",-1,"C"
"ZEB2","TCF4",-1,"C"
"ZEB2","UTRN",-1,"C"
"ZEB2","ZFPM2",-1,"C"
"ZFX","ADD1",1,"C"
"ZFX","ANP32B",1,"C"
"ZFX","ARID1B",1,"C"
"ZFX","ASH2L",1,"C"
"ZFX","ATG16L2",1,"C"
"ZFX","CARS2",1,"C"
"ZFX","CDK13",1,"C"
"ZFX","CELF1",1,"C"
"ZFX","CGGBP1",1,"C"
"ZFX","CREB1",1,"C"
"ZFX","DDX6",1,"C"
"ZFX","DERL2",1,"C"
"ZFX","DGCR8",1,"C"
"ZFX","ERBIN",1,"C"
"ZFX","FBXL5",1,"C"
"ZFX","FCHSD2",1,"C"
"ZFX","GABPA",1,"C"
"ZFX","HHEX",1,"C"
"ZFX","HNRNPF",1,"C"
"ZFX","IFRD1",1,"C"
"ZFX","KLHL21",1,"C"
"ZFX","MAN2A2",1,"C"
"ZFX","MCM7",1,"C"
"ZFX","MRPL36",1,"C"
"ZFX","MSH6",1,"C"
"ZFX","MYADM",1,"C"
"ZFX","MYO1C",1,"C"
"ZFX","NAA38",1,"C"
"ZFX","NELFA",1,"C"
"ZFX","NIPBL",1,"C"
"ZFX","NSD2",1,"C"
"ZFX","NUP210",1,"C"
"ZFX","PCGF5",1,"C"
"ZFX","PHF12",1,"C"
"ZFX","POGK",1,"C"
"ZFX","PUM2",1,"C"
"ZFX","QRICH1",1,"C"
"ZFX","RBM33",1,"C"
"ZFX","RNF4",1,"C"
"ZFX","RPL22",1,"C"
"ZFX","SEC22C",1,"C"
"ZFX","SETD5",1,"C"
"ZFX","SMAD2",1,"C"
"ZFX","SMCHD1",1,"C"
"ZFX","TEAD3",1,"C"
"ZFX","TENT4A",1,"C"
"ZFX","UBE2D3",1,"C"
"ZFX","UBXN2A",1,"C"
"ZFX","USF2",1,"C"
"ZFX","USP37",1,"C"
"ZFX","ZBTB7A",1,"C"
"ZFX","ZMYND8",1,"C"
"ZFX","ZNF143",1,"C"
"ZFX","ZNF398",1,"C"
"ZKSCAN1","ABLIM2",1,"C"
"ZKSCAN1","ACTB",1,"C"
"ZKSCAN1","ADGRG1",1,"C"
"ZKSCAN1","ALDH3B1",1,"C"
"ZKSCAN1","ARHGAP22",1,"C"
"ZKSCAN1","ARHGEF19",1,"C"
"ZKSCAN1","BAZ2A",1,"C"
"ZKSCAN1","BICRA",1,"C"
"ZKSCAN1","CAPZB",1,"C"
"ZKSCAN1","CHD9",1,"C"
"ZKSCAN1","CRB2",1,"C"
"ZKSCAN1","CYRIB",1,"C"
"ZKSCAN1","CYTH1",1,"C"
"ZKSCAN1","DAB2IP",1,"C"
"ZKSCAN1","EGLN3",1,"C"
"ZKSCAN1","ELAVL1",1,"C"
"ZKSCAN1","EPHB4",1,"C"
"ZKSCAN1","EPOP",1,"C"
"ZKSCAN1","FHAD1",1,"C"
"ZKSCAN1","GABBR2",1,"C"
"ZKSCAN1","GAS2L1",1,"C"
"ZKSCAN1","HOOK2",1,"C"
"ZKSCAN1","IQCG",1,"C"
"ZKSCAN1","LTBP3",1,"C"
"ZKSCAN1","MED15",1,"C"
"ZKSCAN1","MSI2",1,"C"
"ZKSCAN1","MYEOV",1,"C"
"ZKSCAN1","NFASC",1,"C"
"ZKSCAN1","PEDS1",1,"C"
"ZKSCAN1","PIP5KL1",1,"C"
"ZKSCAN1","PRR5",1,"C"
"ZKSCAN1","PTPRF",1,"C"
"ZKSCAN1","RAB11FIP5",1,"C"
"ZKSCAN1","RAI1",1,"C"
"ZKSCAN1","RALGDS",1,"C"
"ZKSCAN1","RAPGEF3",1,"C"
"ZKSCAN1","RHOD",1,"C"
"ZKSCAN1","RIPOR1",1,"C"
"ZKSCAN1","SEPTIN9",1,"C"
"ZKSCAN1","SMOX",1,"C"
"ZKSCAN1","SPAG9",1,"C"
"ZKSCAN1","SULT2B1",1,"C"
"ZKSCAN1","TICAM1",1,"C"
"ZKSCAN1","TTC7B",1,"C"
"ZKSCAN1","UBE2L3",1,"C"
"ZKSCAN1","UBE2V1",1,"C"
"ZKSCAN1","WHRN",1,"C"
"ZNF143","ESCO2",1,"C"
"ZNF143","CDYL",1,"C"
"ZNF143","CEP162",1,"C"
"ZNF143","CTIF",1,"C"
"ZNF143","DENND1A",1,"C"
"ZNF143","DGKI",1,"C"
"ZNF143","DIP2C",1,"C"
"ZNF143","DLG4",1,"C"
"ZNF143","DNAJB6",1,"C"
"ZNF143","DOCK4",1,"C"
"ZNF143","DPYSL5",1,"C"
"ZNF143","FBXL19",1,"C"
"ZNF143","FNDC3B",1,"C"
"ZNF143","FRMD4A",1,"C"
"ZNF143","FTO",1,"C"
"ZNF143","GATAD2A",1,"C"
"ZNF143","ITPR1",1,"C"
"ZNF143","KCNN3",1,"C"
"ZNF143","LMNA",1,"C"
"ZNF143","MAP4K4",1,"C"
"ZNF143","MED13L",1,"C"
"ZNF143","MGRN1",1,"C"
"ZNF143","MIDEAS",1,"C"
"ZNF143","MRPS22",1,"C"
"ZNF143","MSI2",1,"C"
"ZNF143","NCOA1",1,"C"
"ZNF143","NUCB1",1,"C"
"ZNF143","OSBP2",1,"C"
"ZNF143","PACRG",1,"C"
"ZNF143","PARD3",1,"C"
"ZNF143","PCBP1",1,"C"
"ZNF143","PDE4A",1,"C"
"ZNF143","PLEC",1,"C"
"ZNF143","PNPLA6",1,"C"
"ZNF143","PRDM11",1,"C"
"ZNF143","PRKCE",1,"C"
"ZNF143","PRKN",1,"C"
"ZNF143","PRPF31",1,"C"
"ZNF143","RABGAP1L",1,"C"
"ZNF143","RPTOR",1,"C"
"ZNF143","SLC38A1",1,"C"
"ZNF143","SPTBN1",1,"C"
"ZNF143","SYN3",1,"C"
"ZNF143","TALDO1",1,"C"
"ZNF143","TARBP1",1,"C"
"ZNF143","TPD52L1",1,"C"
"ZNF143","USP7",1,"C"
"ZNF143","VAMP7",1,"C"
"ZNF143","VASP",1,"C"
"ZNF143","WWC1",1,"C"
"ZNF143","ZMIZ1",1,"C"
"ZNF217","ARID5B",1,"C"
"ZNF217","CEMIP2",1,"C"
"ZNF217","FMN1",1,"C"
"ZNF217","FNDC3B",1,"C"
"ZNF217","IL1R1",1,"C"
"ZNF217","IQGAP1",1,"C"
"ZNF217","OSBPL8",1,"C"
"ZNF217","SERINC5",1,"C"
"ZNF217","TET3",1,"C"
"ZNF217","USP32",1,"C"
"ZNF217","VAV3",1,"C"
"ZNF24","ADCK1",-1,"C"
"ZNF24","AKAP9",-1,"C"
"ZNF24","CLEC16A",-1,"C"
"ZNF24","CRTC1",-1,"C"
"ZNF24","CSMD2",-1,"C"
"ZNF24","DNAJC6",-1,"C"
"ZNF24","FCHO1",-1,"C"
"ZNF24","KCNB1",-1,"C"
"ZNF24","MUC4",-1,"C"
"ZNF24","MYEOV",-1,"C"
"ZNF24","NCS1",-1,"C"
"ZNF24","OTUD3",-1,"C"
"ZNF24","RB1CC1",-1,"C"
"ZNF24","SGK1",-1,"C"
"ZNF24","SNX8",-1,"C"
"ZNF24","SULT2B1",-1,"C"
"ZNF24","TBXAS1",-1,"C"
"ZNF24","TRPV4",-1,"C"
"ZNF24","USP31",-1,"C"
"ZNF24","ZNF131",-1,"C"
"ZNF263","AATK",-1,"B"
"ZNF263","ABCA7",-1,"B"
"ZNF263","ABR",-1,"B"
"ZNF263","ACOT7",-1,"B"
"ZNF263","ACSF3",-1,"B"
"ZNF263","ACTRT2",-1,"B"
"ZNF263","ADCY3",-1,"B"
"ZNF263","ADGRB1",-1,"B"
"ZNF263","ADGRD1",-1,"B"
"ZNF263","ADGRG1",-1,"B"
"ZNF263","AGAP1",-1,"B"
"ZNF263","AGAP3",-1,"B"
"ZNF263","AGPAT2",-1,"B"
"ZNF263","AGPAT3",-1,"B"
"ZNF263","AGRN",-1,"B"
"ZNF263","AHDC1",-1,"B"
"ZNF263","AHRR",-1,"B"
"ZNF263","AKT2",-1,"B"
"ZNF263","ANK1",-1,"B"
"ZNF263","ANKRD11",-1,"B"
"ZNF263","ANO7",-1,"B"
"ZNF263","AP2A2",-1,"B"
"ZNF263","APBA2",-1,"B"
"ZNF263","ARAP1",-1,"B"
"ZNF263","ARHGAP22",-1,"B"
"ZNF263","ARHGAP23",-1,"B"
"ZNF263","ARHGEF1",-1,"B"
"ZNF263","ARHGEF16",-1,"B"
"ZNF263","ARHGEF17",-1,"B"
"ZNF263","ARID1B",-1,"B"
"ZNF263","ASAP1",-1,"B"
"ZNF263","ASAP2",-1,"B"
"ZNF263","ASS1",-1,"B"
"ZNF263","ATP11A",-1,"B"
"ZNF263","ATP2B2",-1,"B"
"ZNF263","BAHCC1",-1,"B"
"ZNF263","BAIAP2",-1,"B"
"ZNF263","BCOR",-1,"B"
"ZNF263","BCR",-1,"B"
"ZNF263","BIN1",-1,"B"
"ZNF263","BLACE",-1,"B"
"ZNF263","C2CD2",-1,"B"
"ZNF263","CACNA1A",-1,"B"
"ZNF263","CACNA1I",-1,"B"
"ZNF263","CAMK2B",-1,"B"
"ZNF263","CASZ1",-1,"B"
"ZNF263","CBFA2T3",-1,"B"
"ZNF263","CBX8",-1,"B"
"ZNF263","CCNY",-1,"B"
"ZNF263","CDC42EP4",-1,"B"
"ZNF263","CDH22",-1,"B"
"ZNF263","CDH23",-1,"B"
"ZNF263","CFAP46",-1,"B"
"ZNF263","CHD5",-1,"B"
"ZNF263","CHST8",-1,"B"
"ZNF263","CLIP2",-1,"B"
"ZNF263","CLTCL1",-1,"B"
"ZNF263","COL13A1",-1,"B"
"ZNF263","COL16A1",-1,"B"
"ZNF263","COL18A1",-1,"B"
"ZNF263","COL26A1",-1,"B"
"ZNF263","COL27A1",-1,"B"
"ZNF263","CPNE5",-1,"B"
"ZNF263","CRTC1",-1,"B"
"ZNF263","CSNK1D",-1,"B"
"ZNF263","CTNNA1",-1,"B"
"ZNF263","CUX1",-1,"B"
"ZNF263","CUX2",-1,"B"
"ZNF263","CXXC5",-1,"B"
"ZNF263","DCAKD",-1,"B"
"ZNF263","DENND1A",-1,"B"
"ZNF263","DGCR8",-1,"B"
"ZNF263","DGKZ",-1,"B"
"ZNF263","DIP2C",-1,"B"
"ZNF263","DISP3",-1,"B"
"ZNF263","DLG5",-1,"B"
"ZNF263","DLGAP4",-1,"B"
"ZNF263","DNAH17",-1,"B"
"ZNF263","DNAJB12",-1,"B"
"ZNF263","DNAJB6",-1,"B"
"ZNF263","DNM1",-1,"B"
"ZNF263","DPP6",-1,"B"
"ZNF263","DYSF",-1,"B"
"ZNF263","EHD1",-1,"B"
"ZNF263","ELL",-1,"B"
"ZNF263","EPB41L1",-1,"B"
"ZNF263","EPHA2",-1,"B"
"ZNF263","EPHB2",-1,"B"
"ZNF263","EPHB4",-1,"B"
"ZNF263","ERGIC1",-1,"B"
"ZNF263","FADS2",-1,"B"
"ZNF263","FAM102A",-1,"B"
"ZNF263","FAM178B",-1,"B"
"ZNF263","FAM78A",-1,"B"
"ZNF263","FBLN2",-1,"B"
"ZNF263","FBRS",-1,"B"
"ZNF263","FBRSL1",-1,"B"
"ZNF263","FGFR3",-1,"B"
"ZNF263","FIBCD1",-1,"B"
"ZNF263","FLNC",-1,"B"
"ZNF263","FRMD1",-1,"B"
"ZNF263","FTCD",-1,"B"
"ZNF263","GABBR2",-1,"B"
"ZNF263","GAK",-1,"B"
"ZNF263","GLI2",-1,"B"
"ZNF263","GNAO1",-1,"B"
"ZNF263","GNAZ",-1,"B"
"ZNF263","GRIN1",-1,"B"
"ZNF263","GRIP2",-1,"B"
"ZNF263","GRM4",-1,"B"
"ZNF263","GSE1",-1,"B"
"ZNF263","GSN",-1,"B"
"ZNF263","HDAC4",-1,"B"
"ZNF263","HDAC5",-1,"B"
"ZNF263","HK1",-1,"B"
"ZNF263","HPCAL1",-1,"B"
"ZNF263","HSPG2",-1,"B"
"ZNF263","IGF1R",-1,"B"
"ZNF263","IGSF21",-1,"B"
"ZNF263","IQSEC1",-1,"B"
"ZNF263","IQSEC2",-1,"B"
"ZNF263","ITGB2",-1,"B"
"ZNF263","ITPK1",-1,"B"
"ZNF263","ITPKB",-1,"B"
"ZNF263","ITPR1",-1,"B"
"ZNF263","KCNAB2",-1,"B"
"ZNF263","KCNH2",-1,"B"
"ZNF263","KCNN3",-1,"B"
"ZNF263","KCNQ1",-1,"B"
"ZNF263","KCNQ2",-1,"B"
"ZNF263","KCP",-1,"B"
"ZNF263","KDM2B",-1,"B"
"ZNF263","KIAA0513",-1,"B"
"ZNF263","KIAA1522",-1,"B"
"ZNF263","KIF1A",-1,"B"
"ZNF263","KLHL29",-1,"B"
"ZNF263","KSR1",-1,"B"
"ZNF263","LAMA5",-1,"B"
"ZNF263","LAMC3",-1,"B"
"ZNF263","LDLRAP1",-1,"B"
"ZNF263","LGR6",-1,"B"
"ZNF263","LHFPL2",-1,"B"
"ZNF263","LHX3",-1,"B"
"ZNF263","LINC00322",-1,"B"
"ZNF263","LINGO1",-1,"B"
"ZNF263","LMNA",-1,"B"
"ZNF263","LPCAT1",-1,"B"
"ZNF263","LTBP3",-1,"B"
"ZNF263","LTBP4",-1,"B"
"ZNF263","MACF1",-1,"B"
"ZNF263","MAD1L1",-1,"B"
"ZNF263","MAP2K2",-1,"B"
"ZNF263","MCF2L",-1,"B"
"ZNF263","MDGA1",-1,"B"
"ZNF263","MED15",-1,"B"
"ZNF263","MEGF11",-1,"B"
"ZNF263","MEGF6",-1,"B"
"ZNF263","MGAT3",-1,"B"
"ZNF263","MICAL3",-1,"B"
"ZNF263","MICALL2",-1,"B"
"ZNF263","MKNK2",-1,"B"
"ZNF263","MLXIPL",-1,"B"
"ZNF263","MSI2",-1,"B"
"ZNF263","MTCL1",-1,"B"
"ZNF263","MYO15B",-1,"B"
"ZNF263","MYO18A",-1,"B"
"ZNF263","MYO7A",-1,"B"
"ZNF263","MYOM3",-1,"B"
"ZNF263","MYT1L",-1,"B"
"ZNF263","NACC2",-1,"B"
"ZNF263","NADK",-1,"B"
"ZNF263","NCOR2",-1,"B"
"ZNF263","NCS1",-1,"B"
"ZNF263","NDST1",-1,"B"
"ZNF263","NEDD4L",-1,"B"
"ZNF263","NFASC",-1,"B"
"ZNF263","NFIC",-1,"B"
"ZNF263","NFIX",-1,"B"
"ZNF263","NOL4L",-1,"B"
"ZNF263","NOTCH1",-1,"B"
"ZNF263","NRXN2",-1,"B"
"ZNF263","NTNG2",-1,"B"
"ZNF263","NTRK1",-1,"B"
"ZNF263","NUP210",-1,"B"
"ZNF263","OBSCN",-1,"B"
"ZNF263","OSBPL5",-1,"B"
"ZNF263","PACSIN1",-1,"B"
"ZNF263","PCBP3",-1,"B"
"ZNF263","PCSK6",-1,"B"
"ZNF263","PDE2A",-1,"B"
"ZNF263","PDGFRB",-1,"B"
"ZNF263","PDXK",-1,"B"
"ZNF263","PFKL",-1,"B"
"ZNF263","PFKP",-1,"B"
"ZNF263","PGBD5",-1,"B"
"ZNF263","PI4KA",-1,"B"
"ZNF263","PIEZO1",-1,"B"
"ZNF263","PIP5K1C",-1,"B"
"ZNF263","PITPNM2",-1,"B"
"ZNF263","PITPNM3",-1,"B"
"ZNF263","PLA2G6",-1,"B"
"ZNF263","PLCG2",-1,"B"
"ZNF263","PLCH2",-1,"B"
"ZNF263","PLEC",-1,"B"
"ZNF263","PLEKHG5",-1,"B"
"ZNF263","PLXNA2",-1,"B"
"ZNF263","PLXND1",-1,"B"
"ZNF263","PNPLA7",-1,"B"
"ZNF263","POLE",-1,"B"
"ZNF263","POR",-1,"B"
"ZNF263","PPARGC1B",-1,"B"
"ZNF263","PPIL2",-1,"B"
"ZNF263","PPM1F",-1,"B"
"ZNF263","PRDM16",-1,"B"
"ZNF263","PRKAG2",-1,"B"
"ZNF263","PRKAR1B",-1,"B"
"ZNF263","PRKCE",-1,"B"
"ZNF263","PRKCZ",-1,"B"
"ZNF263","PRR5",-1,"B"
"ZNF263","PSD4",-1,"B"
"ZNF263","PTK7",-1,"B"
"ZNF263","PTPRF",-1,"B"
"ZNF263","PTPRU",-1,"B"
"ZNF263","PVT1",-1,"B"
"ZNF263","PXN",-1,"B"
"ZNF263","RAB11FIP3",-1,"B"
"ZNF263","RADIL",-1,"B"
"ZNF263","RALGDS",-1,"B"
"ZNF263","RALGPS1",-1,"B"
"ZNF263","RAP1GAP",-1,"B"
"ZNF263","RASGEF1A",-1,"B"
"ZNF263","RBFOX3",-1,"B"
"ZNF263","RBM19",-1,"B"
"ZNF263","RET",-1,"B"
"ZNF263","RGS12",-1,"B"
"ZNF263","RGS3",-1,"B"
"ZNF263","RNF220",-1,"B"
"ZNF263","ROR2",-1,"B"
"ZNF263","RPH3AL",-1,"B"
"ZNF263","RPS6KA1",-1,"B"
"ZNF263","RPS6KA2",-1,"B"
"ZNF263","RPTOR",-1,"B"
"ZNF263","RTN4R",-1,"B"
"ZNF263","RUNX1",-1,"B"
"ZNF263","RXRA",-1,"B"
"ZNF263","RYR1",-1,"B"
"ZNF263","SARDH",-1,"B"
"ZNF263","SBNO2",-1,"B"
"ZNF263","SCARB1",-1,"B"
"ZNF263","SDC3",-1,"B"
"ZNF263","SDK2",-1,"B"
"ZNF263","SEC14L1",-1,"B"
"ZNF263","SEPTIN9",-1,"B"
"ZNF263","SH3TC1",-1,"B"
"ZNF263","SKI",-1,"B"
"ZNF263","SLC12A7",-1,"B"
"ZNF263","SLC22A23",-1,"B"
"ZNF263","SLC25A10",-1,"B"
"ZNF263","SLC38A10",-1,"B"
"ZNF263","SLC66A1",-1,"B"
"ZNF263","SLC6A18",-1,"B"
"ZNF263","SLC6A6",-1,"B"
"ZNF263","SLC9A1",-1,"B"
"ZNF263","SMAD3",-1,"B"
"ZNF263","SMAD7",-1,"B"
"ZNF263","SMARCD3",-1,"B"
"ZNF263","SMOC2",-1,"B"
"ZNF263","SND1",-1,"B"
"ZNF263","SOGA1",-1,"B"
"ZNF263","SORCS2",-1,"B"
"ZNF263","SPEG",-1,"B"
"ZNF263","SPSB1",-1,"B"
"ZNF263","SRC",-1,"B"
"ZNF263","SSBP3",-1,"B"
"ZNF263","SSPOP",-1,"B"
"ZNF263","STK32C",-1,"B"
"ZNF263","STX1A",-1,"B"
"ZNF263","SYNJ2",-1,"B"
"ZNF263","SYNPO",-1,"B"
"ZNF263","TACC2",-1,"B"
"ZNF263","TACC3",-1,"B"
"ZNF263","TANGO2",-1,"B"
"ZNF263","TBCD",-1,"B"
"ZNF263","TBX1",-1,"B"
"ZNF263","TCERG1L",-1,"B"
"ZNF263","TCF3",-1,"B"
"ZNF263","TESC",-1,"B"
"ZNF263","TFEB",-1,"B"
"ZNF263","TLE3",-1,"B"
"ZNF263","TMEM132B",-1,"B"
"ZNF263","TMEM201",-1,"B"
"ZNF263","TNS1",-1,"B"
"ZNF263","TNS3",-1,"B"
"ZNF263","TOP3B",-1,"B"
"ZNF263","TP73",-1,"B"
"ZNF263","TRAPPC9",-1,"B"
"ZNF263","TRIO",-1,"B"
"ZNF263","TSNARE1",-1,"B"
"ZNF263","TTC7A",-1,"B"
"ZNF263","TTYH3",-1,"B"
"ZNF263","TXNRD2",-1,"B"
"ZNF263","UBAC1",-1,"B"
"ZNF263","UNC5A",-1,"B"
"ZNF263","VAV2",-1,"B"
"ZNF263","WDR86",-1,"B"
"ZNF263","WNK2",-1,"B"
"ZNF263","WNT4",-1,"B"
"ZNF263","WNT7A",-1,"B"
"ZNF263","XXYLT1",-1,"B"
"ZNF263","YEATS2",-1,"B"
"ZNF263","ZBTB16",-1,"B"
"ZNF263","ZBTB7C",-1,"B"
"ZNF263","ZC3H18",-1,"B"
"ZNF263","ZFYVE28",-1,"B"
"ZNF263","ZMIZ1",-1,"B"
"ZNF263","ZNF469",-1,"B"
"ZNF263","ZNF608",-1,"B"
"ZNF274","TNFRSF10B",-1,"C"
"ZNF274","ZNF577",-1,"C"
"ZNF274","CACNA1D",-1,"C"
"ZNF274","NAT1",-1,"C"
"ZNF274","SLC25A37",-1,"C"
"ZNF274","TJP2",-1,"C"
"ZNF274","TNFAIP8",-1,"C"
"ZNF274","ZNF12",-1,"C"
"ZNF274","ZNF121",-1,"C"
"ZNF274","ZNF26",-1,"C"
"ZNF274","ZNF263",-1,"C"
"ZNF274","ZNF317",-1,"C"
"ZNF274","ZNF397",-1,"C"
"ZNF274","ZNF529",-1,"C"
"ZNF274","ZNF567",-1,"C"
"ZNF274","ZNF84",-1,"C"
"ZNF274","ZNF841",-1,"C"
"ZNF274","ZSCAN18",-1,"C"
"ZNF384","PANK2",1,"C"
"ZNF384","ANKRD11",1,"C"
"ZNF384","AP3D1",1,"C"
"ZNF384","ARID1A",1,"C"
"ZNF384","ATXN2",1,"C"
"ZNF384","BRD4",1,"C"
"ZNF384","CACNA1A",1,"C"
"ZNF384","CDKAL1",1,"C"
"ZNF384","CNOT1",1,"C"
"ZNF384","CREBBP",1,"C"
"ZNF384","CTSB",1,"C"
"ZNF384","DENND5A",1,"C"
"ZNF384","DYRK1A",1,"C"
"ZNF384","EGLN3",1,"C"
"ZNF384","EHBP1",1,"C"
"ZNF384","EIF4G3",1,"C"
"ZNF384","ELF1",1,"C"
"ZNF384","ETFBKMT",1,"C"
"ZNF384","FDFT1",1,"C"
"ZNF384","FLNB",1,"C"
"ZNF384","FOXP1",1,"C"
"ZNF384","GON4L",1,"C"
"ZNF384","GTF2I",1,"C"
"ZNF384","HERPUD1",1,"C"
"ZNF384","HM13",1,"C"
"ZNF384","IGF2BP3",1,"C"
"ZNF384","IGF2R",1,"C"
"ZNF384","JMJD1C",1,"C"
"ZNF384","KANSL1",1,"C"
"ZNF384","KDM4C",1,"C"
"ZNF384","KEAP1",1,"C"
"ZNF384","KPNA6",1,"C"
"ZNF384","MAP4K4",1,"C"
"ZNF384","MARF1",1,"C"
"ZNF384","MED15",1,"C"
"ZNF384","MEIS2",1,"C"
"ZNF384","NDE1",1,"C"
"ZNF384","NFAT5",1,"C"
"ZNF384","NFIX",1,"C"
"ZNF384","PHACTR4",1,"C"
"ZNF384","PHF21A",1,"C"
"ZNF384","PI4KA",1,"C"
"ZNF384","PRPF31",1,"C"
"ZNF384","PRRC2B",1,"C"
"ZNF384","PTK2",1,"C"
"ZNF384","RACGAP1",1,"C"
"ZNF384","SAMD4A",1,"C"
"ZNF384","SEPTIN9",1,"C"
"ZNF384","SMAD7",1,"C"
"ZNF384","SORBS1",1,"C"
"ZNF384","SOX6",1,"C"
"ZNF384","SPEN",1,"C"
"ZNF384","SRPK2",1,"C"
"ZNF384","TAOK3",1,"C"
"ZNF384","TBC1D14",1,"C"
"ZNF384","TCF4",1,"C"
"ZNF384","TGIF1",1,"C"
"ZNF384","THRAP3",1,"C"
"ZNF384","TLE2",1,"C"
"ZNF384","TNRC18",1,"C"
"ZNF384","TRAPPC9",1,"C"
"ZNF384","UBE2V1",1,"C"
"ZNF384","USP34",1,"C"
"ZNF384","USP7",1,"C"
"ZNF384","VEGFA",1,"C"
"ZNF384","ZMYND8",1,"C"
"ZNF592","AHDC1",1,"C"
"ZNF592","BCL9L",1,"C"
"ZNF592","FBXL18",1,"C"
"ZNF592","FTSJ3",1,"C"
"ZNF592","LRRC41",1,"C"
"ZNF592","PCIF1",1,"C"
"ZNF592","PHF8",1,"C"
"ZNF592","PREX1",1,"C"
"ZNF592","PRPF8",1,"C"
"ZNF592","SART3",1,"C"
"ZNF592","STRIP1",1,"C"
"ZNF592","VPS26C",1,"C"
"ZNF592","WIPF2",1,"C"
"ZNF592","ZNF646",1,"C"
"ZNF639","AHCTF1",-1,"C"
"ZNF639","CSDE1",-1,"C"
"ZNF639","CTBS",-1,"C"
"ZNF639","DNM1L",-1,"C"
"ZNF639","EPM2A",-1,"C"
"ZNF639","HIPK3",-1,"C"
"ZNF639","HMGB1",-1,"C"
"ZNF639","MAPK9",-1,"C"
"ZNF639","MEF2A",-1,"C"
"ZNF639","MTDH",-1,"C"
"ZNF639","PDS5B",-1,"C"
"ZNF639","PHF10",-1,"C"
"ZNF639","PPP2R5C",-1,"C"
"ZNF639","PPP4R3A",-1,"C"
"ZNF639","PTP4A2",-1,"C"
"ZNF639","PTPN11",-1,"C"
"ZNF639","RHEB",-1,"C"
"ZNF639","RNF38",-1,"C"
"ZNF639","RO60",-1,"C"
"ZNF639","SAMD8",-1,"C"
"ZNF639","SEC22C",-1,"C"
"ZNF639","SEPTIN2",-1,"C"
"ZNF639","SIN3A",-1,"C"
"ZNF639","SLC30A5",-1,"C"
"ZNF639","UBE3A",-1,"C"
"ZNF639","URI1",-1,"C"
"ZNF639","ZC3H7A",-1,"C"
"ZNF639","ZNF143",-1,"C"
"ZNF639","ZZZ3",-1,"C"
"ZNF740","MBD6",1,"C"
"ZNF740","SETD1B",1,"C"
"ZNF740","ADNP",1,"C"
"ZNF740","ANKRD11",1,"C"
"ZNF740","BRD2",1,"C"
"ZNF740","CASZ1",1,"C"
"ZNF740","CIRBP",1,"C"
"ZNF740","CREBBP",1,"C"
"ZNF740","CUX1",1,"C"
"ZNF740","DNMT1",1,"C"
"ZNF740","FBXL19",1,"C"
"ZNF740","FOXP1",1,"C"
"ZNF740","HMGA1",1,"C"
"ZNF740","HMX3",1,"C"
"ZNF740","HNRNPL",1,"C"
"ZNF740","JUP",1,"C"
"ZNF740","KDM2B",1,"C"
"ZNF740","LARP1",1,"C"
"ZNF740","MAP1A",1,"C"
"ZNF740","MECP2",1,"C"
"ZNF740","MEPCE",1,"C"
"ZNF740","NFIA",1,"C"
"ZNF740","NOL4L",1,"C"
"ZNF740","PCBP4",1,"C"
"ZNF740","PDGFA",1,"C"
"ZNF740","PPFIA3",1,"C"
"ZNF740","PPP2R1A",1,"C"
"ZNF740","PRAME",1,"C"
"ZNF740","PRR12",1,"C"
"ZNF740","RHOF",1,"C"
"ZNF740","TAOK1",1,"C"
"ZNF740","VAPB",1,"C"
"ZNF740","WNK1",1,"C"
"ZNF740","ZBTB7A",1,"C"
"ZNF740","ZFP91",1,"C"
"ZNF740","ZNF385A",1,"C"
"ZNF740","ZNF512B",1,"C"
"ZNF740","ZNF687",1,"C"
