"macrophage_state","contrast","numerator","denominator","TF","activity_difference","t","p_value","FDR","n_numerator","n_denominator"
"C6-SLC2A1-like","Advanced_vs_Early","Advanced","Early","ZNF263",-1.61387808790592,-5.34098376051475,5.84385544811537e-06,0.00158368482643926,4,2
"C6-SLC2A1-like","Advanced_vs_Early","Advanced","Early","E2F1",1.13350968289244,3.90294998632614,0.000416958654107986,0.0447430654718056,4,2
"C6-SLC2A1-like","Advanced_vs_Early","Advanced","Early","TEAD1",1.36536198368841,3.82603491490242,0.000519438207210181,0.0447430654718056,4,2
"C6-SLC2A1-like","Advanced_vs_Early","Advanced","Early","MYCN",1.0593942494069,3.69142126325882,0.000760576773469309,0.0447430654718056,4,2
"C6-SLC2A1-like","Advanced_vs_Early","Advanced","Early","TCF12",1.12510161665627,3.66229149938393,0.000825517813132945,0.0447430654718056,4,2
"C6-SLC2A1-like","Advanced_vs_Early","Advanced","Early","E2F4",0.978914850297061,3.43176951705348,0.00156613810071498,0.0707372375489597,4,2
"C6-SLC2A1-like","Advanced_vs_Early","Advanced","Early","TCF4",0.976908400633312,3.33190964095032,0.00205693157469302,0.0796326366774011,4,2
"C6-SLC2A1-like","Advanced_vs_Early","Advanced","Early","IRF1",-1.07961332963352,-3.25887989245797,0.00250573269142402,0.0848816949219885,4,2
"C6-SLC2A1-like","Advanced_vs_Early","Advanced","Early","FOXM1",0.925476529931006,3.20585055741157,0.00288865450231678,0.0869805966808719,4,2
"C6-SLC2A1-like","Advanced_vs_Early","Advanced","Early","KLF5",1.00432815578453,3.01221966563229,0.00481467642560504,0.118972133011567,4,2
"C6-SLC2A1-like","Advanced_vs_Early","Advanced","Early","FOXK2",0.917953541856035,2.98788325487892,0.00512894468603952,0.118972133011567,4,2
"C6-SLC2A1-like","Advanced_vs_Early","Advanced","Early","MEF2A",0.99589820771236,2.97755076726533,0.00526813873113951,0.118972133011567,4,2
"C6-SLC2A1-like","Advanced_vs_Early","Advanced","Early","MYBL2",0.823483987817472,2.84661734695881,0.00736946839737833,0.140028671302769,4,2
"C6-SLC2A1-like","Advanced_vs_Early","Advanced","Early","MNT",-0.830167657745854,-2.83289275780349,0.00763030967107372,0.140028671302769,4,2
"C6-SLC2A1-like","Advanced_vs_Early","Advanced","Early","STAT2",-0.944426203248122,-2.78467544918462,0.00861671049475195,0.140028671302769,4,2
"C6-SLC2A1-like","Advanced_vs_Early","Advanced","Early","THAP11",-0.794228243524866,-2.78110347660198,0.00869432646060842,0.140028671302769,4,2
"C6-SLC2A1-like","Advanced_vs_Early","Advanced","Early","RUNX2",0.813873360262175,2.77126416936401,0.00891150994090616,0.140028671302769,4,2
"C6-SLC2A1-like","Advanced_vs_Early","Advanced","Early","SNAI2",-0.803208445315029,-2.75417406935284,0.00930079735590348,0.140028671302769,4,2
"C6-SLC2A1-like","Advanced_vs_Early","Advanced","Early","NR2F1",0.790251961547554,2.68529156761809,0.0110357944036299,0.151166104433027,4,2
"C6-SLC2A1-like","Advanced_vs_Early","Advanced","Early","ASCL1",0.763750035914549,2.67284845301985,0.0113795560572029,0.151166104433027,4,2
"C6-SLC2A1-like","Advanced_vs_Early","Advanced","Early","TFAP4",0.79234762816592,2.66107307362336,0.011713978572301,0.151166104433027,4,2
"C6-SLC2A1-like","Advanced_vs_Early","Advanced","Early","MAFF",0.747933587878779,2.47800452612375,0.0182260870842088,0.200108005781203,4,2
"C6-SLC2A1-like","Advanced_vs_Early","Advanced","Early","PBX3",0.76135205830095,2.47518859996857,0.0183481649501372,0.200108005781203,4,2
"C6-SLC2A1-like","Advanced_vs_Early","Advanced","Early","MAZ",0.716244214732994,2.45520710584008,0.0192360859853993,0.200108005781203,4,2
"C6-SLC2A1-like","Advanced_vs_Early","Advanced","Early","NFKB1",-0.773716526092571,-2.43937549835747,0.0199672290941277,0.200108005781203,4,2
"C6-SLC2A1-like","Advanced_vs_Early","Advanced","Early","TEAD4",0.758567445960192,2.43130618996955,0.0203495478828723,0.200108005781203,4,2
"C6-SLC2A1-like","Advanced_vs_Early","Advanced","Early","GATA6",0.781599061390768,2.41128608481246,0.0213270216893494,0.200108005781203,4,2
"C6-SLC2A1-like","Advanced_vs_Early","Advanced","Early","PAX5",0.682582875158574,2.40152694879356,0.0218188111120323,0.200108005781203,4,2
"C6-SLC2A1-like","Advanced_vs_Early","Advanced","Early","PBX2",0.72447806271363,2.39937220477189,0.0219287728268788,0.200108005781203,4,2
"C6-SLC2A1-like","Advanced_vs_Early","Advanced","Early","ZBTB7A",-0.745988735700762,-2.39502453276103,0.0221521777617568,0.200108005781203,4,2
"C6-SLC2A1-like","Advanced_vs_Early","Advanced","Early","SMAD3",0.72040668025159,2.31068358506299,0.0269146263485337,0.229696348071414,4,2
"C6-SLC2A1-like","Advanced_vs_Early","Advanced","Early","ATF3",-0.648504987101741,-2.29781814034236,0.0277171998608733,0.229696348071414,4,2
"C6-SLC2A1-like","Advanced_vs_Early","Advanced","Early","FOXP1",-0.805776057540845,-2.29382876269086,0.0279704040086962,0.229696348071414,4,2
"C6-SLC2A1-like","Advanced_vs_Early","Advanced","Early","TFAP2C",0.675849378760583,2.25968015106304,0.0302243398489213,0.23217938566443,4,2
"C6-SLC2A1-like","Advanced_vs_Early","Advanced","Early","AHR",0.684123594559413,2.25062073641816,0.0308490153701762,0.23217938566443,4,2
"C6-SLC2A1-like","Advanced_vs_Early","Advanced","Early","FOSL1",-0.659031486848038,-2.24364843223168,0.0313376273027286,0.23217938566443,4,2
"C6-SLC2A1-like","Advanced_vs_Early","Advanced","Early","RARA",0.634548253994384,2.23854333735775,0.0316997685224499,0.23217938566443,4,2
"C6-SLC2A1-like","Advanced_vs_Early","Advanced","Early","NFKB2",0.652382662372166,2.21785371145595,0.0332060601447503,0.236811639453351,4,2
"C6-SLC2A1-like","Advanced_vs_Early","Advanced","Early","ZNF24",-0.631104952157927,-2.19024251172068,0.0353157094562243,0.245398904170174,4,2
"C6-SLC2A1-like","Advanced_vs_Early","Advanced","Early","PDX1",0.641082587638458,2.16131968851543,0.0376527694337739,0.249531156182881,4,2
"C6-SLC2A1-like","Advanced_vs_Early","Advanced","Early","E2F6",-0.630037839901067,-2.1533088628853,0.0383239028399234,0.249531156182881,4,2
"C6-SLC2A1-like","Advanced_vs_Early","Advanced","Early","RFX1",0.626301832832165,2.14886713943536,0.0387005778046145,0.249531156182881,4,2
"C6-SLC2A1-like","Advanced_vs_Early","Advanced","Early","STAT1",-0.685038983452635,-2.13292946971794,0.0400793074405706,0.249531156182881,4,2
"C6-SLC2A1-like","Advanced_vs_Early","Advanced","Early","GATA2",-0.613156406111335,-2.12800198750076,0.0405142836606892,0.249531156182881,4,2
"C6-SLC2A1-like","Advanced_vs_Early","Advanced","Early","CLOCK",0.631155554893467,2.11757718290833,0.0414483249714112,0.249611023716721,4,2
"C6-SLC2A1-like","Advanced_vs_Early","Advanced","Early","GFI1B",0.612491713419902,2.10225027317106,0.0428561332816925,0.252478524333449,4,2
"C6-SLC2A1-like","Advanced_vs_Early","Advanced","Early","ELF5",0.665838611830557,2.08877555967378,0.0441284830589986,0.253921115038674,4,2
"C6-SLC2A1-like","Advanced_vs_Early","Advanced","Early","RFX5",-0.837093636138983,-2.07486969369699,0.0454763137367693,0.253921115038674,4,2
"C6-SLC2A1-like","Advanced_vs_Early","Advanced","Early","E2F7",0.594916516769815,2.06729234962396,0.0462258830722918,0.253921115038674,4,2
"C6-SLC2A1-like","Advanced_vs_Early","Advanced","Early","ESR1",0.59542395092552,2.05534692725499,0.047429602886834,0.253921115038674,4,2
"C6-SLC2A1-like","Advanced_vs_Early","Advanced","Early","NCOA2",0.592301050949772,2.05186223426038,0.0477858924980531,0.253921115038674,4,2
"C6-SLC2A1-like","Advanced_vs_Early","Advanced","Early","PPARA",0.591879135881278,1.99772910573027,0.0536295834643065,0.278792727269126,4,2
"C6-SLC2A1-like","Advanced_vs_Early","Advanced","Early","NR5A2",0.589080467358848,1.98125836665451,0.0555270377365149,0.278792727269126,4,2
"C6-SLC2A1-like","Advanced_vs_Early","Advanced","Early","ZKSCAN1",0.598157329240152,1.98103817762123,0.0555527943635898,0.278792727269126,4,2
"C6-SLC2A1-like","Advanced_vs_Early","Advanced","Early","KLF9",0.575713292390087,1.95055592065644,0.0592201606813636,0.286258993344759,4,2
"C6-SLC2A1-like","Advanced_vs_Early","Advanced","Early","EGR1",0.594173658393502,1.94202646197349,0.0602831865855936,0.286258993344759,4,2
"C6-SLC2A1-like","Advanced_vs_Early","Advanced","Early","HNF4G",0.559793519378186,1.93742376743652,0.0608636480267842,0.286258993344759,4,2
"C6-SLC2A1-like","Advanced_vs_Early","Advanced","Early","HOXA9",0.582129368727442,1.93425745379659,0.0612657624132695,0.286258993344759,4,2
"C6-SLC2A1-like","Advanced_vs_Early","Advanced","Early","RELA",-0.600233654349738,-1.92258537634916,0.0627679786631798,0.288307156232572,4,2
"C6-SLC2A1-like","Advanced_vs_Early","Advanced","Early","GRHL2",0.614022455450839,1.90352821338372,0.0652889709100185,0.29488851861025,4,2
"C6-SLC2A1-like","Advanced_vs_Early","Advanced","Early","PGR",0.54524548232945,1.89477245634396,0.0664761487882188,0.295328464288644,4,2
"C6-SLC2A1-like","Advanced_vs_Early","Advanced","Early","ARID3A",-0.536578325912669,-1.86648281685269,0.0704394902745509,0.30788873974844,4,2
"C6-SLC2A1-like","Advanced_vs_Early","Advanced","Early","ZNF740",0.535703908352829,1.79489203923277,0.0813822922056002,0.346673378090006,4,2
"C6-SLC2A1-like","Advanced_vs_Early","Advanced","Early","THAP1",0.518839998548286,1.78719261953794,0.082640748112136,0.346673378090006,4,2
"C6-SLC2A1-like","Advanced_vs_Early","Advanced","Early","IRF9",-0.540585786053965,-1.78410244087765,0.0831504412393003,0.346673378090006,4,2
"C6-SLC2A1-like","Advanced_vs_Early","Advanced","Early","SPIB",0.516600172398646,1.76877659565539,0.0857177132945185,0.35196212580022,4,2
"C6-SLC2A1-like","Advanced_vs_Early","Advanced","Early","ARNT",0.519883284225646,1.74639846350249,0.0895861555419401,0.362355942565161,4,2
"C6-SLC2A1-like","Advanced_vs_Early","Advanced","Early","KDM5B",0.493903415510217,1.71826650161883,0.0946563430453629,0.374550323393161,4,2
"C6-SLC2A1-like","Advanced_vs_Early","Advanced","Early","E2F2",0.617971822905972,1.70258959279827,0.0975844547476732,0.374550323393161,4,2
"C6-SLC2A1-like","Advanced_vs_Early","Advanced","Early","WT1",-0.498157727394507,-1.70143781455884,0.0978025299640841,0.374550323393161,4,2
"C6-SLC2A1-like","Advanced_vs_Early","Advanced","Early","MYOD1",0.504076162205691,1.69971532531795,0.0981294205199793,0.374550323393161,4,2
"C6-SLC2A1-like","Advanced_vs_Early","Advanced","Early","MXI1",-0.502303654793808,-1.67908075679401,0.102116671294572,0.384355804455958,4,2
"C6-SLC2A1-like","Advanced_vs_Early","Advanced","Early","ZNF592",0.49896374970092,1.67154011525127,0.103606943900906,0.38462303831706,4,2
"C6-SLC2A1-like","Advanced_vs_Early","Advanced","Early","MEIS1",0.506696402592452,1.65568433974297,0.106799424902024,0.391116812816872,4,2
"C6-SLC2A1-like","Advanced_vs_Early","Advanced","Early","HOXB13",0.500532975893033,1.64461341565036,0.109076394185413,0.394129370989959,4,2
"C6-SLC2A1-like","Advanced_vs_Early","Advanced","Early","SNAPC4",0.507259211694525,1.59245537373295,0.120348492883209,0.425050728401928,4,2
"C6-SLC2A1-like","Advanced_vs_Early","Advanced","Early","FOS",-0.496088415808028,-1.59058012251339,0.120770871169551,0.425050728401928,4,2
"C6-SLC2A1-like","Advanced_vs_Early","Advanced","Early","SIX2",0.469772337252423,1.57590207308377,0.124118899213263,0.431233611369157,4,2
"C6-SLC2A1-like","Advanced_vs_Early","Advanced","Early","NR5A1",-0.455335589001237,-1.56515512980386,0.126617868892388,0.433931187664049,4,2
"C6-SLC2A1-like","Advanced_vs_Early","Advanced","Early","MAFB",0.510450203218249,1.55887176580407,0.128097767576103,0.433931187664049,4,2
"C6-SLC2A1-like","Advanced_vs_Early","Advanced","Early","SOX13",0.441910792816245,1.54899745674267,0.130451755185918,0.435620791323352,4,2
"C6-SLC2A1-like","Advanced_vs_Early","Advanced","Early","VDR",-0.440082944229273,-1.54335947108442,0.131811457153191,0.435620791323352,4,2
"C6-SLC2A1-like","Advanced_vs_Early","Advanced","Early","KLF3",0.533458596216627,1.52759474944694,0.135674300253909,0.438940149347097,4,2
"C6-SLC2A1-like","Advanced_vs_Early","Advanced","Early","ZEB1",-0.437814161388544,-1.52605974785939,0.136055249244119,0.438940149347097,4,2
"C6-SLC2A1-like","Advanced_vs_Early","Advanced","Early","PRDM14",0.488803405351256,1.50448328830945,0.141501676815927,0.451140640201367,4,2
"C6-SLC2A1-like","Advanced_vs_Early","Advanced","Early","SP2",-0.445017008536728,-1.4947153654169,0.144024182801058,0.451687927917869,4,2
"C6-SLC2A1-like","Advanced_vs_Early","Advanced","Early","USF1",0.445747224644887,1.49094731149331,0.145006825567729,0.451687927917869,4,2
"C6-SLC2A1-like","Advanced_vs_Early","Advanced","Early","CREM",0.440439385792446,1.48381433123717,0.146881652159024,0.452328724262447,4,2
"C6-SLC2A1-like","Advanced_vs_Early","Advanced","Early","LEF1",0.423036679571511,1.45478252965673,0.154712653865531,0.471091339298414,4,2
"C6-SLC2A1-like","Advanced_vs_Early","Advanced","Early","PROX1",0.417857966041139,1.43156553839931,0.161210380737787,0.480822194219364,4,2
"C6-SLC2A1-like","Advanced_vs_Early","Advanced","Early","ATF1",0.404429870399554,1.428624484788,0.162048627938397,0.480822194219364,4,2
"C6-SLC2A1-like","Advanced_vs_Early","Advanced","Early","FOXA1",0.407468378073031,1.41931342156094,0.164725080170243,0.480822194219364,4,2
"C6-SLC2A1-like","Advanced_vs_Early","Advanced","Early","BACH1",0.402797627709082,1.41834511162542,0.165005402444284,0.480822194219364,4,2
"C6-SLC2A1-like","Advanced_vs_Early","Advanced","Early","ATF4",-0.425386957789042,-1.39462828514802,0.171988963403746,0.495840522153352,4,2
"C6-SLC2A1-like","Advanced_vs_Early","Advanced","Early","ETS1",-0.412827031209855,-1.38064003102394,0.176214857275841,0.500974587226874,4,2
"C6-SLC2A1-like","Advanced_vs_Early","Advanced","Early","HSF1",-0.401580283454832,-1.36398449226193,0.181351399161242,0.500974587226874,4,2
"C6-SLC2A1-like","Advanced_vs_Early","Advanced","Early","EHF",-0.420613730666165,-1.36032296010567,0.182496013614048,0.500974587226874,4,2
"C6-SLC2A1-like","Advanced_vs_Early","Advanced","Early","NR1H3",0.405371754596788,1.35889515838785,0.182943864053606,0.500974587226874,4,2
"C6-SLC2A1-like","Advanced_vs_Early","Advanced","Early","TAL1",0.401142227597771,1.35867544220743,0.183012856588415,0.500974587226874,4,2
"C6-SLC2A1-like","Advanced_vs_Early","Advanced","Early","SIX5",0.411872677223514,1.33604171675125,0.190228350715263,0.515518830438362,4,2
"C6-SLC2A1-like","Advanced_vs_Early","Advanced","Early","KLF13",-0.379242539337117,-1.28268143195259,0.208102287846015,0.558373465408615,4,2
"C6-SLC2A1-like","Advanced_vs_Early","Advanced","Early","JUND",-0.368613530915012,-1.25885103972423,0.216483940406278,0.575168116177465,4,2
"C6-SLC2A1-like","Advanced_vs_Early","Advanced","Early","GATA4",-0.351248735608106,-1.24485050089957,0.221525111241422,0.577569754172004,4,2
"C6-SLC2A1-like","Advanced_vs_Early","Advanced","Early","NFYB",0.356212924521113,1.2443650806061,0.221701458373593,0.577569754172004,4,2
"C6-SLC2A1-like","Advanced_vs_Early","Advanced","Early","STAT3",-0.348230611005292,-1.23490117036292,0.225160576738964,0.577569754172004,4,2
"C6-SLC2A1-like","Advanced_vs_Early","Advanced","Early","RBPJ",0.37048386257582,1.23285726370134,0.225912892775765,0.577569754172004,4,2
"C6-SLC2A1-like","Advanced_vs_Early","Advanced","Early","HNF1B",0.3670970818078,1.20155151442196,0.237670661762008,0.601950928387889,4,2
"C6-SLC2A1-like","Advanced_vs_Early","Advanced","Early","ZNF143",0.350317977170729,1.17956609502712,0.24619358160612,0.617763524215356,4,2
"C6-SLC2A1-like","Advanced_vs_Early","Advanced","Early","TFDP1",0.370379791554777,1.14319307827362,0.260781143866975,0.639668994210421,4,2
"C6-SLC2A1-like","Advanced_vs_Early","Advanced","Early","BHLHE40",-0.336796259782236,-1.13648210237059,0.263539481712678,0.639668994210421,4,2
"C6-SLC2A1-like","Advanced_vs_Early","Advanced","Early","STAT5B",0.332337889000584,1.13592906705649,0.263767723265226,0.639668994210421,4,2
"C6-SLC2A1-like","Advanced_vs_Early","Advanced","Early","KMT2A",-0.319484855150237,-1.13448336790208,0.264365045577739,0.639668994210421,4,2
"C6-SLC2A1-like","Advanced_vs_Early","Advanced","Early","FOXO1",0.337862924362046,1.12048706533159,0.270198279578234,0.644733328208418,4,2
"C6-SLC2A1-like","Advanced_vs_Early","Advanced","Early","GLI2",0.315394745319199,1.11301625740198,0.273349333851352,0.644733328208418,4,2
"C6-SLC2A1-like","Advanced_vs_Early","Advanced","Early","CEBPB",-0.334637120386383,-1.11243563535657,0.27359532377848,0.644733328208418,4,2
"C6-SLC2A1-like","Advanced_vs_Early","Advanced","Early","MEIS2",0.368413421284764,1.10220721624569,0.277954670622783,0.646691030393106,4,2
"C6-SLC2A1-like","Advanced_vs_Early","Advanced","Early","POU2F1",-0.323298597463805,-1.08973739363701,0.283335769232177,0.646691030393106,4,2
"C6-SLC2A1-like","Advanced_vs_Early","Advanced","Early","PAX6",0.316003321334915,1.08668845247812,0.284662612043055,0.646691030393106,4,2
"C6-SLC2A1-like","Advanced_vs_Early","Advanced","Early","MAFK",0.317907004585611,1.0853698197931,0.285237813590602,0.646691030393106,4,2
"C6-SLC2A1-like","Advanced_vs_Early","Advanced","Early","ZFX",0.319604262170541,1.08280799585453,0.286357651834586,0.646691030393106,4,2
"C6-SLC2A1-like","Advanced_vs_Early","Advanced","Early","EBF1",0.321606557046892,1.07075784875461,0.291666631824513,0.648212789515026,4,2
"C6-SLC2A1-like","Advanced_vs_Early","Advanced","Early","MAFG",0.324657062161133,1.07042251628555,0.291815351737392,0.648212789515026,4,2
"C6-SLC2A1-like","Advanced_vs_Early","Advanced","Early","IRF3",0.301535496912596,1.05326151256644,0.299497321340924,0.659868081978785,4,2
"C6-SLC2A1-like","Advanced_vs_Early","Advanced","Early","CREB3",0.300413928657722,1.03632020608934,0.307217951972142,0.665915304459692,4,2
"C6-SLC2A1-like","Advanced_vs_Early","Advanced","Early","MITF",0.318766518559118,1.03050900745455,0.309897695889146,0.665915304459692,4,2
"C6-SLC2A1-like","Advanced_vs_Early","Advanced","Early","NCOA3",0.311501910046797,1.0263524880631,0.311824266006742,0.665915304459692,4,2
"C6-SLC2A1-like","Advanced_vs_Early","Advanced","Early","FOXO4",-0.304217995762669,-1.02342054768459,0.313188183220788,0.665915304459692,4,2
"C6-SLC2A1-like","Advanced_vs_Early","Advanced","Early","MAF",0.297727599625369,1.02054838360398,0.314528261885021,0.665915304459692,4,2
"C6-SLC2A1-like","Advanced_vs_Early","Advanced","Early","NR2F6",-0.312117678674969,-1.00417877694248,0.322240947064632,0.668830597690755,4,2
"C6-SLC2A1-like","Advanced_vs_Early","Advanced","Early","XBP1",0.291833818851333,1.00289755728196,0.322849995926644,0.668830597690755,4,2
"C6-SLC2A1-like","Advanced_vs_Early","Advanced","Early","OTX2",0.295503477337097,1.00193252744994,0.323309255710291,0.668830597690755,4,2
"C6-SLC2A1-like","Advanced_vs_Early","Advanced","Early","MYC",0.284251574752879,0.994330878702223,0.326942430065412,0.670100134774894,4,2
"C6-SLC2A1-like","Advanced_vs_Early","Advanced","Early","SOX9",-0.287354594450332,-0.990324551209615,0.328868331826793,0.670100134774894,4,2
"C6-SLC2A1-like","Advanced_vs_Early","Advanced","Early","CREB3L1",0.287156755756645,0.97159482721129,0.337973624412006,0.683513822504878,4,2
"C6-SLC2A1-like","Advanced_vs_Early","Advanced","Early","AR",0.281116369387727,0.958147407495045,0.344614256763627,0.691781211725503,4,2
"C6-SLC2A1-like","Advanced_vs_Early","Advanced","Early","POU2F2",-0.273267473243796,-0.933702704992095,0.35690661240044,0.70795796419686,4,2
"C6-SLC2A1-like","Advanced_vs_Early","Advanced","Early","RFX2",0.272912971844047,0.926833907946119,0.360411965328596,0.70795796419686,4,2
"C6-SLC2A1-like","Advanced_vs_Early","Advanced","Early","NRF1",0.270205906319079,0.926586156631978,0.360538820301154,0.70795796419686,4,2
"C6-SLC2A1-like","Advanced_vs_Early","Advanced","Early","NR2C2",0.274685352762127,0.916576011147216,0.365688719095302,0.70795796419686,4,2
"C6-SLC2A1-like","Advanced_vs_Early","Advanced","Early","REST",0.258012695149305,0.916486970574017,0.365734741651514,0.70795796419686,4,2
"C6-SLC2A1-like","Advanced_vs_Early","Advanced","Early","NCOA1",0.264206579415631,0.911406793847096,0.368366788327572,0.707995742104765,4,2
"C6-SLC2A1-like","Advanced_vs_Early","Advanced","Early","SP4",0.250747475491206,0.87750676315111,0.386244198477722,0.737128012587766,4,2
"C6-SLC2A1-like","Advanced_vs_Early","Advanced","Early","SP3",0.26111883835928,0.871547458105672,0.389443135282475,0.738035592038815,4,2
"C6-SLC2A1-like","Advanced_vs_Early","Advanced","Early","PPARG",-0.251588172099636,-0.860609100416995,0.395358439238644,0.740730662857902,4,2
"C6-SLC2A1-like","Advanced_vs_Early","Advanced","Early","TP53",0.246384015240099,0.858036271842899,0.396757980015249,0.740730662857902,4,2
"C6-SLC2A1-like","Advanced_vs_Early","Advanced","Early","ELF1",0.245034355759781,0.846926222407085,0.402837264310955,0.740730662857902,4,2
"C6-SLC2A1-like","Advanced_vs_Early","Advanced","Early","ATF7",0.255503363378826,0.846741961338764,0.402938578603962,0.740730662857902,4,2
"C6-SLC2A1-like","Advanced_vs_Early","Advanced","Early","YY1",0.240441735492839,0.843848022221946,0.404531874918706,0.740730662857902,4,2
"C6-SLC2A1-like","Advanced_vs_Early","Advanced","Early","NFATC1",0.247323260102803,0.838280974194449,0.40760792798615,0.741168106006208,4,2
"C6-SLC2A1-like","Advanced_vs_Early","Advanced","Early","BATF",-0.255174490512279,-0.831953683392459,0.411121666435875,0.741168106006208,4,2
"C6-SLC2A1-like","Advanced_vs_Early","Advanced","Early","TCF7",0.239092367258476,0.826366365415006,0.414240029577234,0.741168106006208,4,2
"C6-SLC2A1-like","Advanced_vs_Early","Advanced","Early","EOMES",-0.242049016847327,-0.823740624805934,0.415710524402006,0.741168106006208,4,2
"C6-SLC2A1-like","Advanced_vs_Early","Advanced","Early","FOSL2",-0.240057717590906,-0.817208799144859,0.41938247738924,0.741805048057128,4,2
"C6-SLC2A1-like","Advanced_vs_Early","Advanced","Early","TFAP2A",0.237808383599131,0.806759076600177,0.425298163869321,0.741805048057128,4,2
"C6-SLC2A1-like","Advanced_vs_Early","Advanced","Early","MYB",-0.239716307314978,-0.806291485289901,0.425564055460077,0.741805048057128,4,2
"C6-SLC2A1-like","Advanced_vs_Early","Advanced","Early","NR1H2",0.22759466576589,0.802800456269988,0.427552396506895,0.741805048057128,4,2
"C6-SLC2A1-like","Advanced_vs_Early","Advanced","Early","POU5F1",0.249338377690996,0.795269691690286,0.43186078222762,0.741805048057128,4,2
"C6-SLC2A1-like","Advanced_vs_Early","Advanced","Early","SOX10",0.232469284689018,0.787705225860065,0.436214774343956,0.741805048057128,4,2
"C6-SLC2A1-like","Advanced_vs_Early","Advanced","Early","SMAD1",-0.227874834385813,-0.78205935631857,0.439481597090479,0.741805048057128,4,2
"C6-SLC2A1-like","Advanced_vs_Early","Advanced","Early","SREBF1",0.221882793595178,0.780589583593446,0.440334438646847,0.741805048057128,4,2
"C6-SLC2A1-like","Advanced_vs_Early","Advanced","Early","ZBTB33",0.242314443162077,0.779954305006002,0.440703368033939,0.741805048057128,4,2
"C6-SLC2A1-like","Advanced_vs_Early","Advanced","Early","ZNF217",0.22590502650116,0.770665227153573,0.446118960752584,0.746285421999693,4,2
"C6-SLC2A1-like","Advanced_vs_Early","Advanced","Early","NFYA",-0.219864578274167,-0.760450581068992,0.452119593542164,0.74870285623896,4,2
"C6-SLC2A1-like","Advanced_vs_Early","Advanced","Early","MAX",0.22004384266124,0.756532235213463,0.454434020556278,0.74870285623896,4,2
"C6-SLC2A1-like","Advanced_vs_Early","Advanced","Early","SMAD4",0.2150685287592,0.7541368881529,0.455852292544016,0.74870285623896,4,2
"C6-SLC2A1-like","Advanced_vs_Early","Advanced","Early","PKNOX1",0.220969361305775,0.747223782691729,0.459960049023382,0.750898634249015,4,2
"C6-SLC2A1-like","Advanced_vs_Early","Advanced","Early","HIF1A",-0.242340065814942,-0.737641351281113,0.465689520707061,0.755699761147386,4,2
"C6-SLC2A1-like","Advanced_vs_Early","Advanced","Early","SRF",0.206102093495309,0.71335407157046,0.480395109796689,0.768348573629663,4,2
"C6-SLC2A1-like","Advanced_vs_Early","Advanced","Early","MBD1",-0.244123893988377,-0.711011387851997,0.48182741537819,0.768348573629663,4,2
"C6-SLC2A1-like","Advanced_vs_Early","Advanced","Early","STAT6",-0.206448316617712,-0.710745909892514,0.481989880136689,0.768348573629663,4,2
"C6-SLC2A1-like","Advanced_vs_Early","Advanced","Early","ELK4",0.203563047161281,0.69510352311851,0.49161726160568,0.779112736228885,4,2
"C6-SLC2A1-like","Advanced_vs_Early","Advanced","Early","IRF2",-0.200193413204095,-0.687568299101631,0.496293135489966,0.781950230917331,4,2
"C6-SLC2A1-like","Advanced_vs_Early","Advanced","Early","E2F3",0.229138989567851,0.678425281649425,0.501999794252605,0.784638701248822,4,2
"C6-SLC2A1-like","Advanced_vs_Early","Advanced","Early","KLF6",0.222503019300663,0.672867998113476,0.505486032543204,0.784638701248822,4,2
"C6-SLC2A1-like","Advanced_vs_Early","Advanced","Early","SP1",0.224669331361286,0.662864368882173,0.511794977238866,0.784638701248822,4,2
"C6-SLC2A1-like","Advanced_vs_Early","Advanced","Early","MBD2",0.19458083819393,0.658270171026254,0.514706690025095,0.784638701248822,4,2
"C6-SLC2A1-like","Advanced_vs_Early","Advanced","Early","ONECUT1",0.194852974313481,0.657972579918845,0.514895606850055,0.784638701248822,4,2
"C6-SLC2A1-like","Advanced_vs_Early","Advanced","Early","ETV4",0.199003244053796,0.657223120235334,0.515371545469706,0.784638701248822,4,2
"C6-SLC2A1-like","Advanced_vs_Early","Advanced","Early","ELF3",0.198019789446321,0.648774663438924,0.520753120883074,0.788402769605101,4,2
"C6-SLC2A1-like","Advanced_vs_Early","Advanced","Early","FLI1",-0.175540246504975,-0.620262402857728,0.539135798945963,0.809286270607904,4,2
"C6-SLC2A1-like","Advanced_vs_Early","Advanced","Early","TGIF2",-0.190911217923311,-0.618136959828735,0.540519612472438,0.809286270607904,4,2
"C6-SLC2A1-like","Advanced_vs_Early","Advanced","Early","BACH2",0.169513242766637,0.590270112629255,0.558832726447272,0.83210807069896,4,2
"C6-SLC2A1-like","Advanced_vs_Early","Advanced","Early","GABPA",0.175597054573537,0.579463948060168,0.56601791311779,0.838201390464049,4,2
"C6-SLC2A1-like","Advanced_vs_Early","Advanced","Early","RUNX3",-0.174509517122331,-0.572598402308135,0.57060684777947,0.840404650805632,4,2
"C6-SLC2A1-like","Advanced_vs_Early","Advanced","Early","RELB",-0.160821456019484,-0.546615569016709,0.58813936011778,0.85207010748221,4,2
"C6-SLC2A1-like","Advanced_vs_Early","Advanced","Early","POU4F2",0.156638842225171,0.541586283965356,0.591562793840383,0.85207010748221,4,2
"C6-SLC2A1-like","Advanced_vs_Early","Advanced","Early","CEBPG",0.153644767093753,0.535719789384616,0.595568148564073,0.85207010748221,4,2
"C6-SLC2A1-like","Advanced_vs_Early","Advanced","Early","JUN",0.16838999113814,0.535032826968071,0.596038016123867,0.85207010748221,4,2
"C6-SLC2A1-like","Advanced_vs_Early","Advanced","Early","CEBPA",0.176313594907652,0.534759055897315,0.596225318790502,0.85207010748221,4,2
"C6-SLC2A1-like","Advanced_vs_Early","Advanced","Early","EPAS1",-0.152092088408495,-0.533054218429783,0.59739232627904,0.85207010748221,4,2
"C6-SLC2A1-like","Advanced_vs_Early","Advanced","Early","CTCF",0.154295405981553,0.517549502860879,0.608055124925617,0.85926373627264,4,2
"C6-SLC2A1-like","Advanced_vs_Early","Advanced","Early","CEBPD",0.147842922144235,0.516504070944693,0.608777259647036,0.85926373627264,4,2
"C6-SLC2A1-like","Advanced_vs_Early","Advanced","Early","ARID2",0.153653926952526,0.509387219539014,0.613703795623292,0.861729163802653,4,2
"C6-SLC2A1-like","Advanced_vs_Early","Advanced","Early","ELK1",0.155373724005206,0.498800804327441,0.621065835247727,0.867571347175949,4,2
"C6-SLC2A1-like","Advanced_vs_Early","Advanced","Early","ATF2",0.137894471832172,0.481318893186418,0.633310033606096,0.87606756918347,4,2
"C6-SLC2A1-like","Advanced_vs_Early","Advanced","Early","TP73",0.139389684175048,0.480887616526554,0.633613444870701,0.87606756918347,4,2
"C6-SLC2A1-like","Advanced_vs_Early","Advanced","Early","ATF6",0.133666287366512,0.47281635341196,0.639303548586783,0.877775324423114,4,2
"C6-SLC2A1-like","Advanced_vs_Early","Advanced","Early","BCL11A",0.135101266391255,0.469954276419761,0.641326620796224,0.877775324423114,4,2
"C6-SLC2A1-like","Advanced_vs_Early","Advanced","Early","ESR2",0.130225770492668,0.458567281213135,0.649403012314287,0.8805058280409,4,2
"C6-SLC2A1-like","Advanced_vs_Early","Advanced","Early","GATA1",-0.130510871808653,-0.457981307948046,0.649819799292177,0.8805058280409,4,2
"C6-SLC2A1-like","Advanced_vs_Early","Advanced","Early","ETV1",0.13233395421774,0.452900367597154,0.653438519419998,0.881004172949351,4,2
"C6-SLC2A1-like","Advanced_vs_Early","Advanced","Early","HINFP",0.124660586358338,0.439299143491969,0.663167268056134,0.887188658713535,4,2
"C6-SLC2A1-like","Advanced_vs_Early","Advanced","Early","ZEB2",-0.129304879193435,-0.433138161935748,0.667593843284308,0.887188658713535,4,2
"C6-SLC2A1-like","Advanced_vs_Early","Advanced","Early","ZBED1",-0.135373864332009,-0.432786584084386,0.667846813201333,0.887188658713535,4,2
"C6-SLC2A1-like","Advanced_vs_Early","Advanced","Early","NFE2",0.12279191559895,0.425729646312618,0.672932769731526,0.889584295596309,4,2
"C6-SLC2A1-like","Advanced_vs_Early","Advanced","Early","FOXP2",-0.120461013809467,-0.412627284061927,0.682417059003829,0.897742830048727,4,2
"C6-SLC2A1-like","Advanced_vs_Early","Advanced","Early","FOXO3",-0.115369534452359,-0.401978362742146,0.690164238474032,0.898525042474588,4,2
"C6-SLC2A1-like","Advanced_vs_Early","Advanced","Early","HNF1A",-0.115707990825191,-0.399357804049213,0.69207596379565,0.898525042474588,4,2
"C6-SLC2A1-like","Advanced_vs_Early","Advanced","Early","ETS2",-0.11525386690283,-0.397957991665324,0.693097982455965,0.898525042474588,4,2
"C6-SLC2A1-like","Advanced_vs_Early","Advanced","Early","BHLHE22",0.127916355792045,0.392124535713718,0.697363314127134,0.898525042474588,4,2
"C6-SLC2A1-like","Advanced_vs_Early","Advanced","Early","HMBOX1",-0.118310928303245,-0.385268461349034,0.702389148874352,0.898525042474588,4,2
"C6-SLC2A1-like","Advanced_vs_Early","Advanced","Early","GATA3",0.111192115361705,0.384565537432745,0.702905199279013,0.898525042474588,4,2
"C6-SLC2A1-like","Advanced_vs_Early","Advanced","Early","NR3C1",-0.103319781491134,-0.362071730437734,0.719493250649773,0.915411600591965,4,2
"C6-SLC2A1-like","Advanced_vs_Early","Advanced","Early","PRDM1",-0.109306072811881,-0.353791936166889,0.725634586011781,0.918911087893424,4,2
"C6-SLC2A1-like","Advanced_vs_Early","Advanced","Early","NR2F2",-0.099205518087381,-0.347317583454958,0.730449665530055,0.920706322598348,4,2
"C6-SLC2A1-like","Advanced_vs_Early","Advanced","Early","SOX2",0.0947432089833484,0.334667297448252,0.739889791166936,0.924754522212707,4,2
"C6-SLC2A1-like","Advanced_vs_Early","Advanced","Early","STAT5A",0.0962886200674621,0.333749840998161,0.74057604599092,0.924754522212707,4,2
"C6-SLC2A1-like","Advanced_vs_Early","Advanced","Early","ZNF639",0.0930046329724039,0.321209725928624,0.749977400918249,0.924754522212707,4,2
"C6-SLC2A1-like","Advanced_vs_Early","Advanced","Early","ZNF384",0.1014506323776,0.320702757440601,0.750358304125163,0.924754522212707,4,2
"C6-SLC2A1-like","Advanced_vs_Early","Advanced","Early","SMAD5",-0.0917891559405994,-0.320217135677353,0.75072322836456,0.924754522212707,4,2
"C6-SLC2A1-like","Advanced_vs_Early","Advanced","Early","PAX8",-0.0956778299971049,-0.304798853619377,0.762339261344789,0.925335407641439,4,2
"C6-SLC2A1-like","Advanced_vs_Early","Advanced","Early","SREBF2",-0.0877508251723438,-0.30385523861286,0.763052023929224,0.925335407641439,4,2
"C6-SLC2A1-like","Advanced_vs_Early","Advanced","Early","HBP1",0.0860328777910165,0.302415140673795,0.764140210546053,0.925335407641439,4,2
"C6-SLC2A1-like","Advanced_vs_Early","Advanced","Early","SPI1",-0.0874574676575635,-0.300841112133459,0.765330155920666,0.925335407641439,4,2
"C6-SLC2A1-like","Advanced_vs_Early","Advanced","Early","NR4A1",0.0845519375042865,0.292461716210773,0.771674539874588,0.925335407641439,4,2
"C6-SLC2A1-like","Advanced_vs_Early","Advanced","Early","BCL6",0.0860993566339401,0.292451972433464,0.771681926667769,0.925335407641439,4,2
"C6-SLC2A1-like","Advanced_vs_Early","Advanced","Early","ZBTB11",-0.0798903306422169,-0.277776836222685,0.782831345065718,0.934569579351584,4,2
"C6-SLC2A1-like","Advanced_vs_Early","Advanced","Early","JUNB",0.0824338746934439,0.264794738344119,0.79273352479175,0.939583932211053,4,2
"C6-SLC2A1-like","Advanced_vs_Early","Advanced","Early","MEF2C",0.0786406176056715,0.259389524045084,0.796866801468037,0.939583932211053,4,2
"C6-SLC2A1-like","Advanced_vs_Early","Advanced","Early","RUNX1",-0.0747124670840371,-0.253076948625526,0.801701451879605,0.939583932211053,4,2
"C6-SLC2A1-like","Advanced_vs_Early","Advanced","Early","TCF3",-0.0716522995841644,-0.250730472629179,0.80350059526239,0.939583932211053,4,2
"C6-SLC2A1-like","Advanced_vs_Early","Advanced","Early","TEAD2",0.0740880582960951,0.249600924485931,0.804367056357802,0.939583932211053,4,2
"C6-SLC2A1-like","Advanced_vs_Early","Advanced","Early","FOXL2",0.0772700641159561,0.240518552847722,0.811343050038126,0.941026992809728,4,2
"C6-SLC2A1-like","Advanced_vs_Early","Advanced","Early","E2F5",-0.06765233755101,-0.238952774958011,0.812547292684414,0.941026992809728,4,2
"C6-SLC2A1-like","Advanced_vs_Early","Advanced","Early","LYL1",0.0749002145494161,0.231774034972231,0.818074357066781,0.943396386234458,4,2
"C6-SLC2A1-like","Advanced_vs_Early","Advanced","Early","ERG",-0.0622664142543066,-0.219563643833745,0.827496965194558,0.947916473572703,4,2
"C6-SLC2A1-like","Advanced_vs_Early","Advanced","Early","MEF2B",0.0628707833929118,0.213233528909931,0.832392152262099,0.947916473572703,4,2
"C6-SLC2A1-like","Advanced_vs_Early","Advanced","Early","NFIC",-0.0693352592366934,-0.208434851988989,0.836107589286199,0.947916473572703,4,2
"C6-SLC2A1-like","Advanced_vs_Early","Advanced","Early","CREB1",-0.0605020862386483,-0.208167803582238,0.836314467928715,0.947916473572703,4,2
"C6-SLC2A1-like","Advanced_vs_Early","Advanced","Early","ESRRA",0.0612518805096288,0.204079322073826,0.839483223828224,0.947916473572703,4,2
"C6-SLC2A1-like","Advanced_vs_Early","Advanced","Early","STAT4",0.0600238722645485,0.199379481596815,0.843129165066639,0.948083003041739,4,2
"C6-SLC2A1-like","Advanced_vs_Early","Advanced","Early","HHEX",-0.0546796104330514,-0.191788672328721,0.849025183553995,0.950767870839391,4,2
"C6-SLC2A1-like","Advanced_vs_Early","Advanced","Early","USF2",0.0549215111705926,0.183176765133445,0.855724991676212,0.952331619054992,4,2
"C6-SLC2A1-like","Advanced_vs_Early","Advanced","Early","SOX11",0.0537884405647646,0.180961896474344,0.857449871031063,0.952331619054992,4,2
"C6-SLC2A1-like","Advanced_vs_Early","Advanced","Early","RXRA",-0.048751208081759,-0.166643426864987,0.868617484423347,0.953427618075336,4,2
"C6-SLC2A1-like","Advanced_vs_Early","Advanced","Early","NFE2L2",-0.0461488786772211,-0.164101645862362,0.870602864745156,0.953427618075336,4,2
"C6-SLC2A1-like","Advanced_vs_Early","Advanced","Early","DUX4",-0.0472187153748229,-0.163452931006905,0.871109711590326,0.953427618075336,4,2
"C6-SLC2A1-like","Advanced_vs_Early","Advanced","Early","ARNTL",-0.0487505123289891,-0.161661822899116,0.872509406947171,0.953427618075336,4,2
"C6-SLC2A1-like","Advanced_vs_Early","Advanced","Early","TBX21",0.0460347955799616,0.149761684614981,0.881819362467675,0.957051715842083,4,2
"C6-SLC2A1-like","Advanced_vs_Early","Advanced","Early","HNF4A",-0.0426455630086855,-0.148395837522734,0.882889036754689,0.957051715842083,4,2
"C6-SLC2A1-like","Advanced_vs_Early","Advanced","Early","NEUROD1",-0.041888800228253,-0.140630393073847,0.888974785236104,0.959809429478024,4,2
"C6-SLC2A1-like","Advanced_vs_Early","Advanced","Early","SOX6",0.0387537110838986,0.131896626292126,0.89582755515992,0.963370108921977,4,2
"C6-SLC2A1-like","Advanced_vs_Early","Advanced","Early","FOXJ2",-0.0364274034657551,-0.123997603533657,0.902032369717034,0.966208585744333,4,2
"C6-SLC2A1-like","Advanced_vs_Early","Advanced","Early","KLF1",0.03413990936539,0.118591677847566,0.906282442522292,0.966939141431264,4,2
"C6-SLC2A1-like","Advanced_vs_Early","Advanced","Early","TWIST1",-0.0335464745175799,-0.111499933436658,0.911862116013198,0.969076993880693,4,2
"C6-SLC2A1-like","Advanced_vs_Early","Advanced","Early","NFATC2",0.0307928944002191,0.104111559293248,0.917679996979658,0.971450309302685,4,2
"C6-SLC2A1-like","Advanced_vs_Early","Advanced","Early","IKZF1",0.0254660302762411,0.0888236039529048,0.929732557390555,0.979917475405549,4,2
"C6-SLC2A1-like","Advanced_vs_Early","Advanced","Early","LHX2",0.0239618545125335,0.0812179497218904,0.935735078919426,0.979917475405549,4,2
"C6-SLC2A1-like","Advanced_vs_Early","Advanced","Early","ZNF274",0.025002615236128,0.0802157876650334,0.936526295682794,0.979917475405549,4,2
"C6-SLC2A1-like","Advanced_vs_Early","Advanced","Early","TCF7L2",-0.0214606474191681,-0.0709924909945668,0.943811146542541,0.983741618127033,4,2
"C6-SLC2A1-like","Advanced_vs_Early","Advanced","Early","FOXA2",0.0187425735073046,0.0581158101931064,0.953989625025364,0.984817809186943,4,2
"C6-SLC2A1-like","Advanced_vs_Early","Advanced","Early","CDX2",0.016306824536008,0.0577805833603874,0.954254720030278,0.984817809186943,4,2
"C6-SLC2A1-like","Advanced_vs_Early","Advanced","Early","TP63",0.016158559318858,0.0558952867623713,0.95574569673862,0.984817809186943,4,2
"C6-SLC2A1-like","Advanced_vs_Early","Advanced","Early","CUX1",-0.0109928226090141,-0.0364823544435295,0.971106731357395,0.992336998375927,4,2
"C6-SLC2A1-like","Advanced_vs_Early","Advanced","Early","NANOG",0.0105953116646867,0.0343284534398485,0.972811865432585,0.992336998375927,4,2
"C6-SLC2A1-like","Advanced_vs_Early","Advanced","Early","IRF4",0.00898315968342111,0.0303024685574367,0.975999374769382,0.992336998375927,4,2
"C6-SLC2A1-like","Advanced_vs_Early","Advanced","Early","KLF4",0.00815307531411686,0.0281673863190622,0.977689957809493,0.992336998375927,4,2
"C6-SLC2A1-like","Advanced_vs_Early","Advanced","Early","CTCFL",0.00358104151991318,0.0118471268491978,0.990615405601907,0.999114715878863,4,2
"C6-SLC2A1-like","Advanced_vs_Early","Advanced","Early","REL",0.00182553339771111,0.0059667690270498,0.995273392978201,0.999114715878863,4,2
"C6-SLC2A1-like","Advanced_vs_Early","Advanced","Early","NFE2L1",-0.000401131578975437,-0.00113111544933693,0.999103975758789,0.999114715878863,4,2
"C6-SLC2A1-like","Advanced_vs_Early","Advanced","Early","TBP",-0.000318614102658007,-0.00111755742219918,0.999114715878863,0.999114715878863,4,2
"C7-APOBEC3A-like","Advanced_vs_Early","Advanced","Early","MEF2A",0.909297120888099,2.68357689407339,0.00939282734588137,0.651120694151532,2,2
"C7-APOBEC3A-like","Advanced_vs_Early","Advanced","Early","ZBTB7A",-0.852951742929349,-2.6215257030368,0.0110688567906109,0.651120694151532,2,2
"C7-APOBEC3A-like","Advanced_vs_Early","Advanced","Early","ZNF263",-0.843139993218944,-2.591384517244,0.0119775518109431,0.651120694151532,2,2
"C7-APOBEC3A-like","Advanced_vs_Early","Advanced","Early","TEAD1",0.867969075427508,2.51117649113228,0.0147350561283741,0.651120694151532,2,2
"C7-APOBEC3A-like","Advanced_vs_Early","Advanced","Early","FOXP1",-0.802066242689326,-2.41553789405033,0.0187644156472623,0.651120694151532,2,2
"C7-APOBEC3A-like","Advanced_vs_Early","Advanced","Early","PRDM14",0.774843275225636,2.3855922129488,0.0202154003247654,0.651120694151532,2,2
"C7-APOBEC3A-like","Advanced_vs_Early","Advanced","Early","PBX3",0.769673625482986,2.35277636328815,0.0219199636703157,0.651120694151532,2,2
"C7-APOBEC3A-like","Advanced_vs_Early","Advanced","Early","TEAD4",0.737408196766031,2.25124070947779,0.0280335838811337,0.651120694151532,2,2
"C7-APOBEC3A-like","Advanced_vs_Early","Advanced","Early","MBD1",-0.715297410626036,-2.19556199288981,0.0319892909544569,0.651120694151532,2,2
"C7-APOBEC3A-like","Advanced_vs_Early","Advanced","Early","TCF12",0.696831846624922,2.14164854558452,0.0362786856546934,0.651120694151532,2,2
"C7-APOBEC3A-like","Advanced_vs_Early","Advanced","Early","HMBOX1",-0.700457974650102,-2.1199621422636,0.0381410077546839,0.651120694151532,2,2
"C7-APOBEC3A-like","Advanced_vs_Early","Advanced","Early","GATA6",0.725132566852691,2.08403243577128,0.0414100524507307,0.651120694151532,2,2
"C7-APOBEC3A-like","Advanced_vs_Early","Advanced","Early","ZNF384",0.691538223460685,2.06320652776164,0.0434141247036962,0.651120694151532,2,2
"C7-APOBEC3A-like","Advanced_vs_Early","Advanced","Early","E2F2",-0.765306815289557,-2.05175948321548,0.0445510389963317,0.651120694151532,2,2
"C7-APOBEC3A-like","Advanced_vs_Early","Advanced","Early","E2F1",-0.705861038367289,-2.0496215124445,0.0447662110425097,0.651120694151532,2,2
"C7-APOBEC3A-like","Advanced_vs_Early","Advanced","Early","MEIS1",0.688939421142402,2.03903244959428,0.0458452207552442,0.651120694151532,2,2
"C7-APOBEC3A-like","Advanced_vs_Early","Advanced","Early","MAFF",0.6615139354193,2.02660347597881,0.0471402957273078,0.651120694151532,2,2
"C7-APOBEC3A-like","Advanced_vs_Early","Advanced","Early","ELF3",0.696154821025431,2.01869337219004,0.0479808372875574,0.651120694151532,2,2
"C7-APOBEC3A-like","Advanced_vs_Early","Advanced","Early","KLF5",0.680929875681857,1.98234177690462,0.0520115439916595,0.651120694151532,2,2
"C7-APOBEC3A-like","Advanced_vs_Early","Advanced","Early","GRHL2",0.675562050207634,1.93277292465326,0.0579731235443307,0.651120694151532,2,2
"C7-APOBEC3A-like","Advanced_vs_Early","Advanced","Early","ARID2",0.646347692433244,1.9210661163577,0.0594631776434908,0.651120694151532,2,2
"C7-APOBEC3A-like","Advanced_vs_Early","Advanced","Early","MEIS2",0.632724393321112,1.91113300139203,0.0607528990005396,0.651120694151532,2,2
"C7-APOBEC3A-like","Advanced_vs_Early","Advanced","Early","AHR",0.631913176555575,1.89124082131847,0.063407232544161,0.651120694151532,2,2
"C7-APOBEC3A-like","Advanced_vs_Early","Advanced","Early","PBX2",0.623103342583052,1.87378166683201,0.0658172245410055,0.651120694151532,2,2
"C7-APOBEC3A-like","Advanced_vs_Early","Advanced","Early","ATF3",-0.613317834546509,-1.8694209017772,0.0664311054042923,0.651120694151532,2,2
"C7-APOBEC3A-like","Advanced_vs_Early","Advanced","Early","KLF9",0.614906184459338,1.86391727888104,0.0672127647214337,0.651120694151532,2,2
"C7-APOBEC3A-like","Advanced_vs_Early","Advanced","Early","SOX13",0.623195520022451,1.84407587933831,0.0700954622002331,0.651120694151532,2,2
"C7-APOBEC3A-like","Advanced_vs_Early","Advanced","Early","FOXA2",0.630026117338116,1.83834525305713,0.0709471567749792,0.651120694151532,2,2
"C7-APOBEC3A-like","Advanced_vs_Early","Advanced","Early","RFX5",-0.59957769478631,-1.83038607566497,0.0721444763425732,0.651120694151532,2,2
"C7-APOBEC3A-like","Advanced_vs_Early","Advanced","Early","NFIC",0.598167972088183,1.82410300364362,0.0731015942432812,0.651120694151532,2,2
"C7-APOBEC3A-like","Advanced_vs_Early","Advanced","Early","TFAP4",0.585169578703373,1.78661548092756,0.0790359259221591,0.651120694151532,2,2
"C7-APOBEC3A-like","Advanced_vs_Early","Advanced","Early","TCF7L2",0.607304766674168,1.78605909053479,0.0791269434003299,0.651120694151532,2,2
"C7-APOBEC3A-like","Advanced_vs_Early","Advanced","Early","MAFB",0.595557510484408,1.78507732171747,0.0792877598044301,0.651120694151532,2,2
"C7-APOBEC3A-like","Advanced_vs_Early","Advanced","Early","MYCN",-0.59843677548422,-1.74154940518459,0.0866962054309956,0.680344849861137,2,2
"C7-APOBEC3A-like","Advanced_vs_Early","Advanced","Early","FOSL1",0.58918478389635,1.71075634589863,0.0922760542311004,0.680344849861137,2,2
"C7-APOBEC3A-like","Advanced_vs_Early","Advanced","Early","KLF6",0.564500090791029,1.69054108567428,0.0960974830694706,0.680344849861137,2,2
"C7-APOBEC3A-like","Advanced_vs_Early","Advanced","Early","MXI1",-0.546945199786763,-1.68354560130653,0.0974497550229806,0.680344849861137,2,2
"C7-APOBEC3A-like","Advanced_vs_Early","Advanced","Early","NCOA2",0.570517127903781,1.65242144518963,0.103656425302022,0.680344849861137,2,2
"C7-APOBEC3A-like","Advanced_vs_Early","Advanced","Early","ARNT",0.540990357891226,1.62834424842583,0.108675632260445,0.680344849861137,2,2
"C7-APOBEC3A-like","Advanced_vs_Early","Advanced","Early","ARNTL",0.530861776392118,1.62017946146147,0.110421793103319,0.680344849861137,2,2
"C7-APOBEC3A-like","Advanced_vs_Early","Advanced","Early","ELF5",0.531696804697717,1.61341754060989,0.111885066508453,0.680344849861137,2,2
"C7-APOBEC3A-like","Advanced_vs_Early","Advanced","Early","E2F4",-0.550593322224448,-1.59704592492646,0.115492848333104,0.680344849861137,2,2
"C7-APOBEC3A-like","Advanced_vs_Early","Advanced","Early","RBPJ",0.526044494460818,1.5950272290324,0.115944127274412,0.680344849861137,2,2
"C7-APOBEC3A-like","Advanced_vs_Early","Advanced","Early","E2F3",-0.527082681767889,-1.57059541563759,0.121519228581385,0.680344849861137,2,2
"C7-APOBEC3A-like","Advanced_vs_Early","Advanced","Early","POU5F1",0.516712538966982,1.56949291108787,0.121775792222044,0.680344849861137,2,2
"C7-APOBEC3A-like","Advanced_vs_Early","Advanced","Early","NR2F1",0.50948634762197,1.56232231888949,0.12345506909767,0.680344849861137,2,2
"C7-APOBEC3A-like","Advanced_vs_Early","Advanced","Early","NFATC2",0.616610791364212,1.54980007801531,0.126432036083658,0.680344849861137,2,2
"C7-APOBEC3A-like","Advanced_vs_Early","Advanced","Early","ZNF740",0.516145677163547,1.54566908589541,0.127426590315914,0.680344849861137,2,2
"C7-APOBEC3A-like","Advanced_vs_Early","Advanced","Early","STAT6",0.51521236973748,1.54094813633404,0.128570807404151,0.680344849861137,2,2
"C7-APOBEC3A-like","Advanced_vs_Early","Advanced","Early","RUNX2",0.501546587659735,1.52839880667478,0.131652207884392,0.680344849861137,2,2
"C7-APOBEC3A-like","Advanced_vs_Early","Advanced","Early","SPI1",-0.498028517954328,-1.52167418644828,0.133327375368518,0.680344849861137,2,2
"C7-APOBEC3A-like","Advanced_vs_Early","Advanced","Early","BCL6",-0.497256234951921,-1.50227390552516,0.138255033389212,0.680344849861137,2,2
"C7-APOBEC3A-like","Advanced_vs_Early","Advanced","Early","PRDM1",0.491184800185357,1.49815365356653,0.139319872492869,0.680344849861137,2,2
"C7-APOBEC3A-like","Advanced_vs_Early","Advanced","Early","POU2F2",-0.486550521917552,-1.49018708521449,0.141397099441167,0.680344849861137,2,2
"C7-APOBEC3A-like","Advanced_vs_Early","Advanced","Early","CEBPA",-0.493432032447433,-1.4812183850124,0.143764733472069,0.680344849861137,2,2
"C7-APOBEC3A-like","Advanced_vs_Early","Advanced","Early","NANOG",0.492337188375406,1.47447378376238,0.145565675036442,0.680344849861137,2,2
"C7-APOBEC3A-like","Advanced_vs_Early","Advanced","Early","RUNX1",0.476223770537637,1.46675168984055,0.14764931518918,0.680344849861137,2,2
"C7-APOBEC3A-like","Advanced_vs_Early","Advanced","Early","HHEX",-0.478469267817148,-1.46359883894212,0.148506732392646,0.680344849861137,2,2
"C7-APOBEC3A-like","Advanced_vs_Early","Advanced","Early","MAZ",0.467578251588607,1.4375101993106,0.15575181835716,0.680344849861137,2,2
"C7-APOBEC3A-like","Advanced_vs_Early","Advanced","Early","GFI1B",0.466322122525646,1.42417331298458,0.159560346674026,0.680344849861137,2,2
"C7-APOBEC3A-like","Advanced_vs_Early","Advanced","Early","ZEB1",-0.461312062603349,-1.40553896102367,0.165002056971835,0.680344849861137,2,2
"C7-APOBEC3A-like","Advanced_vs_Early","Advanced","Early","PDX1",0.461933379781187,1.40200635026085,0.166049636179123,0.680344849861137,2,2
"C7-APOBEC3A-like","Advanced_vs_Early","Advanced","Early","RARA",0.46039602935417,1.40041189504099,0.166524140718957,0.680344849861137,2,2
"C7-APOBEC3A-like","Advanced_vs_Early","Advanced","Early","TBX21",0.453823773196807,1.37765998126063,0.173409365692391,0.680344849861137,2,2
"C7-APOBEC3A-like","Advanced_vs_Early","Advanced","Early","XBP1",0.447778050371897,1.37317290182483,0.174792649262353,0.680344849861137,2,2
"C7-APOBEC3A-like","Advanced_vs_Early","Advanced","Early","E2F6",-0.448511705514548,-1.37143111125133,0.175331880203404,0.680344849861137,2,2
"C7-APOBEC3A-like","Advanced_vs_Early","Advanced","Early","ZFX",0.442226742768525,1.35965646956954,0.179010543411203,0.680344849861137,2,2
"C7-APOBEC3A-like","Advanced_vs_Early","Advanced","Early","NFATC1",0.441426579738188,1.35691463956787,0.179875540494462,0.680344849861137,2,2
"C7-APOBEC3A-like","Advanced_vs_Early","Advanced","Early","BACH1",0.440135803819957,1.34129871437745,0.184862884166697,0.680344849861137,2,2
"C7-APOBEC3A-like","Advanced_vs_Early","Advanced","Early","HOXB13",0.452939834080623,1.33936355769201,0.185488160772045,0.680344849861137,2,2
"C7-APOBEC3A-like","Advanced_vs_Early","Advanced","Early","JUND",0.455562441126776,1.33240163795788,0.187750917827755,0.680344849861137,2,2
"C7-APOBEC3A-like","Advanced_vs_Early","Advanced","Early","RFX1",0.431894274429935,1.32216415102029,0.191116143607674,0.680344849861137,2,2
"C7-APOBEC3A-like","Advanced_vs_Early","Advanced","Early","ETV1",0.437269199693444,1.31972170765984,0.19192569687477,0.680344849861137,2,2
"C7-APOBEC3A-like","Advanced_vs_Early","Advanced","Early","OTX2",0.446480699691321,1.31367692778305,0.193940364371404,0.680344849861137,2,2
"C7-APOBEC3A-like","Advanced_vs_Early","Advanced","Early","CLOCK",0.424695206130552,1.29758878313835,0.199379879287483,0.680344849861137,2,2
"C7-APOBEC3A-like","Advanced_vs_Early","Advanced","Early","ESRRA",0.421078721291161,1.2915037976541,0.201466774721977,0.680344849861137,2,2
"C7-APOBEC3A-like","Advanced_vs_Early","Advanced","Early","SOX11",0.430152960943976,1.2893846884445,0.20219736128849,0.680344849861137,2,2
"C7-APOBEC3A-like","Advanced_vs_Early","Advanced","Early","MYOD1",0.419182999059512,1.28146681818907,0.204944651878282,0.680344849861137,2,2
"C7-APOBEC3A-like","Advanced_vs_Early","Advanced","Early","PROX1",0.416354790617638,1.27990332957774,0.205490415028996,0.680344849861137,2,2
"C7-APOBEC3A-like","Advanced_vs_Early","Advanced","Early","SP2",0.422016439166767,1.27494732274139,0.207227550817127,0.680344849861137,2,2
"C7-APOBEC3A-like","Advanced_vs_Early","Advanced","Early","LHX2",0.41676765209411,1.27239056366364,0.20812798350176,0.680344849861137,2,2
"C7-APOBEC3A-like","Advanced_vs_Early","Advanced","Early","ATF7",0.416949640135758,1.26538768860501,0.210609121881574,0.680344849861137,2,2
"C7-APOBEC3A-like","Advanced_vs_Early","Advanced","Early","CREB1",0.411082255651228,1.24545728345652,0.217790459928422,0.680344849861137,2,2
"C7-APOBEC3A-like","Advanced_vs_Early","Advanced","Early","ELF1",0.404351668972691,1.24542607720437,0.217801843988049,0.680344849861137,2,2
"C7-APOBEC3A-like","Advanced_vs_Early","Advanced","Early","NRF1",0.406577184060722,1.23852284721136,0.220330935630688,0.680344849861137,2,2
"C7-APOBEC3A-like","Advanced_vs_Early","Advanced","Early","SNAI2",-0.404218327625432,-1.23679261397257,0.220968201277412,0.680344849861137,2,2
"C7-APOBEC3A-like","Advanced_vs_Early","Advanced","Early","E2F5",-0.402334245585359,-1.22952922365621,0.223658173804697,0.680344849861137,2,2
"C7-APOBEC3A-like","Advanced_vs_Early","Advanced","Early","NR4A1",0.394103105755864,1.21308273509294,0.229837630667405,0.680344849861137,2,2
"C7-APOBEC3A-like","Advanced_vs_Early","Advanced","Early","GATA2",0.395857501663284,1.21019036766479,0.230937134554164,0.680344849861137,2,2
"C7-APOBEC3A-like","Advanced_vs_Early","Advanced","Early","MAX",0.390950173240188,1.20379430793246,0.233382123742509,0.680344849861137,2,2
"C7-APOBEC3A-like","Advanced_vs_Early","Advanced","Early","SIX2",0.399432454088317,1.19830997133632,0.235493530467275,0.680344849861137,2,2
"C7-APOBEC3A-like","Advanced_vs_Early","Advanced","Early","MNT",-0.386514225450346,-1.18731963067214,0.239766320710155,0.680344849861137,2,2
"C7-APOBEC3A-like","Advanced_vs_Early","Advanced","Early","MEF2C",0.391062042989253,1.1825219520465,0.241649012502651,0.680344849861137,2,2
"C7-APOBEC3A-like","Advanced_vs_Early","Advanced","Early","KDM5B",0.392575266318653,1.18000636679793,0.242640423209741,0.680344849861137,2,2
"C7-APOBEC3A-like","Advanced_vs_Early","Advanced","Early","TCF7",0.386859639455074,1.1799625918352,0.242657701161069,0.680344849861137,2,2
"C7-APOBEC3A-like","Advanced_vs_Early","Advanced","Early","SRF",0.383438612543879,1.17843357628293,0.243261759221337,0.680344849861137,2,2
"C7-APOBEC3A-like","Advanced_vs_Early","Advanced","Early","MAFK",0.38312280348869,1.17778512032039,0.24351826729347,0.680344849861137,2,2
"C7-APOBEC3A-like","Advanced_vs_Early","Advanced","Early","THAP1",0.38147498675348,1.16823275332504,0.247319461218168,0.681381716843053,2,2
"C7-APOBEC3A-like","Advanced_vs_Early","Advanced","Early","TFDP1",-0.387703601473242,-1.16021772043863,0.250541609824921,0.681381716843053,2,2
"C7-APOBEC3A-like","Advanced_vs_Early","Advanced","Early","SP4",0.375236982003425,1.15419495451643,0.252982533735445,0.681381716843053,2,2
"C7-APOBEC3A-like","Advanced_vs_Early","Advanced","Early","BCL11A",0.370007497776905,1.13848921216214,0.259427543536921,0.681381716843053,2,2
"C7-APOBEC3A-like","Advanced_vs_Early","Advanced","Early","RELB",0.374623735916728,1.13587041773893,0.260513433403041,0.681381716843053,2,2
"C7-APOBEC3A-like","Advanced_vs_Early","Advanced","Early","NCOA3",0.384910797789515,1.13211573823462,0.262075938760528,0.681381716843053,2,2
"C7-APOBEC3A-like","Advanced_vs_Early","Advanced","Early","NFE2",0.364891702457361,1.12117683859875,0.26666594255235,0.681381716843053,2,2
"C7-APOBEC3A-like","Advanced_vs_Early","Advanced","Early","TP53",0.371963735064442,1.11955470368333,0.267351394672709,0.681381716843053,2,2
"C7-APOBEC3A-like","Advanced_vs_Early","Advanced","Early","BHLHE40",-0.370020453352698,-1.1156753204449,0.268995706590699,0.681381716843053,2,2
"C7-APOBEC3A-like","Advanced_vs_Early","Advanced","Early","EHF",0.362941169329759,1.11558839144327,0.269032633587478,0.681381716843053,2,2
"C7-APOBEC3A-like","Advanced_vs_Early","Advanced","Early","ZBTB11",0.355790143320629,1.08693610097084,0.28139876840379,0.706102465161363,2,2
"C7-APOBEC3A-like","Advanced_vs_Early","Advanced","Early","RUNX3",0.351014398472666,1.07284712218052,0.287622369616217,0.706178662996498,2,2
"C7-APOBEC3A-like","Advanced_vs_Early","Advanced","Early","EOMES",0.34991775528046,1.06791287392652,0.289824345319061,0.706178662996498,2,2
"C7-APOBEC3A-like","Advanced_vs_Early","Advanced","Early","IRF4",0.349965423748601,1.06613749269002,0.290619472408804,0.706178662996498,2,2
"C7-APOBEC3A-like","Advanced_vs_Early","Advanced","Early","NFE2L2",0.350604305908854,1.06339110921325,0.291852436367556,0.706178662996498,2,2
"C7-APOBEC3A-like","Advanced_vs_Early","Advanced","Early","IKZF1",0.341953342840343,1.04893931078625,0.298399761967795,0.709583798615948,2,2
"C7-APOBEC3A-like","Advanced_vs_Early","Advanced","Early","HIF1A",-0.364387541589225,-1.04872740839362,0.298496505690842,0.709583798615948,2,2
"C7-APOBEC3A-like","Advanced_vs_Early","Advanced","Early","CDX2",0.324924468836802,0.999767045923392,0.321425734481109,0.757446730820701,2,2
"C7-APOBEC3A-like","Advanced_vs_Early","Advanced","Early","ZKSCAN1",0.321617699211943,0.984683197679056,0.328721505460356,0.767961448101348,2,2
"C7-APOBEC3A-like","Advanced_vs_Early","Advanced","Early","FOXJ2",0.321518175584365,0.976673788206566,0.332639901512911,0.770473618034179,2,2
"C7-APOBEC3A-like","Advanced_vs_Early","Advanced","Early","FOXO3",0.313310002363142,0.95219389679102,0.344806924429187,0.776387956181806,2,2
"C7-APOBEC3A-like","Advanced_vs_Early","Advanced","Early","KMT2A",0.316078029775433,0.949962122009417,0.345930464236115,0.776387956181806,2,2
"C7-APOBEC3A-like","Advanced_vs_Early","Advanced","Early","STAT2",-0.327697360661471,-0.937977472399383,0.352004721691278,0.776387956181806,2,2
"C7-APOBEC3A-like","Advanced_vs_Early","Advanced","Early","FOXP2",-0.310424134893581,-0.935349930213885,0.353345654517705,0.776387956181806,2,2
"C7-APOBEC3A-like","Advanced_vs_Early","Advanced","Early","STAT4",0.330708304859739,0.929490271965617,0.356347964070437,0.776387956181806,2,2
"C7-APOBEC3A-like","Advanced_vs_Early","Advanced","Early","REST",0.301572111771289,0.926471516791198,0.357901096291775,0.776387956181806,2,2
"C7-APOBEC3A-like","Advanced_vs_Early","Advanced","Early","POU4F2",0.301913797840626,0.926102335283421,0.358091337299512,0.776387956181806,2,2
"C7-APOBEC3A-like","Advanced_vs_Early","Advanced","Early","SP3",-0.299789017256673,-0.919445120113166,0.361533018724097,0.776387956181806,2,2
"C7-APOBEC3A-like","Advanced_vs_Early","Advanced","Early","ASCL1",0.299424837667272,0.909316007338627,0.366810250934938,0.776387956181806,2,2
"C7-APOBEC3A-like","Advanced_vs_Early","Advanced","Early","EBF1",0.294111505925009,0.905202151102968,0.368967543182844,0.776387956181806,2,2
"C7-APOBEC3A-like","Advanced_vs_Early","Advanced","Early","ZNF143",0.297695183475955,0.904818713966176,0.369169027660455,0.776387956181806,2,2
"C7-APOBEC3A-like","Advanced_vs_Early","Advanced","Early","MAFG",0.294202713511291,0.899183640251399,0.372138171802197,0.776387956181806,2,2
"C7-APOBEC3A-like","Advanced_vs_Early","Advanced","Early","ELK4",0.297104497566765,0.893887635539987,0.374942451284655,0.776387956181806,2,2
"C7-APOBEC3A-like","Advanced_vs_Early","Advanced","Early","SMAD3",0.290125548257085,0.888641754794959,0.377733351746387,0.776387956181806,2,2
"C7-APOBEC3A-like","Advanced_vs_Early","Advanced","Early","PKNOX1",0.28919213282254,0.882494306462718,0.381020553385716,0.776387956181806,2,2
"C7-APOBEC3A-like","Advanced_vs_Early","Advanced","Early","PAX5",0.291928485994466,0.879295516526913,0.382738130570851,0.776387956181806,2,2
"C7-APOBEC3A-like","Advanced_vs_Early","Advanced","Early","PGR",0.288032402366531,0.877143039233758,0.383896627779933,0.776387956181806,2,2
"C7-APOBEC3A-like","Advanced_vs_Early","Advanced","Early","POU2F1",0.282292515474992,0.858626265024296,0.393953297219115,0.790162237790926,2,2
"C7-APOBEC3A-like","Advanced_vs_Early","Advanced","Early","BACH2",0.283170573141804,0.853913034595399,0.396538982802826,0.790162237790926,2,2
"C7-APOBEC3A-like","Advanced_vs_Early","Advanced","Early","ESR1",0.282019284912553,0.844711273479901,0.401617255713402,0.794439972980525,2,2
"C7-APOBEC3A-like","Advanced_vs_Early","Advanced","Early","MYBL2",0.273154583698115,0.833676177489862,0.407759802186026,0.795139379632586,2,2
"C7-APOBEC3A-like","Advanced_vs_Early","Advanced","Early","TFAP2C",0.27029095493864,0.831762660034227,0.408830747939547,0.795139379632586,2,2
"C7-APOBEC3A-like","Advanced_vs_Early","Advanced","Early","NR2F6",-0.270294856487673,-0.82829991941973,0.410773111249306,0.795139379632586,2,2
"C7-APOBEC3A-like","Advanced_vs_Early","Advanced","Early","LYL1",0.264521988085829,0.812993037887705,0.419426326685454,0.800803067416336,2,2
"C7-APOBEC3A-like","Advanced_vs_Early","Advanced","Early","CTCF",0.262801959597479,0.809748541168977,0.421274508092811,0.800803067416336,2,2
"C7-APOBEC3A-like","Advanced_vs_Early","Advanced","Early","WT1",-0.263460344746124,-0.807489931050883,0.42256398022338,0.800803067416336,2,2
"C7-APOBEC3A-like","Advanced_vs_Early","Advanced","Early","NFE2L1",0.254345816882755,0.783468064822768,0.436424444639554,0.815182025631495,2,2
"C7-APOBEC3A-like","Advanced_vs_Early","Advanced","Early","NR3C1",0.254175885229887,0.774228625035759,0.441826271098455,0.815182025631495,2,2
"C7-APOBEC3A-like","Advanced_vs_Early","Advanced","Early","HNF1A",-0.250197455998278,-0.768301382743301,0.44531219047715,0.815182025631495,2,2
"C7-APOBEC3A-like","Advanced_vs_Early","Advanced","Early","KLF1",0.249947104230947,0.766103181970836,0.446609066886756,0.815182025631495,2,2
"C7-APOBEC3A-like","Advanced_vs_Early","Advanced","Early","NR5A2",0.249353740124883,0.757029679995869,0.451985439133076,0.815182025631495,2,2
"C7-APOBEC3A-like","Advanced_vs_Early","Advanced","Early","ATF6",-0.24404387538225,-0.749685707933331,0.456364337874324,0.815182025631495,2,2
"C7-APOBEC3A-like","Advanced_vs_Early","Advanced","Early","E2F7",0.245450378171143,0.74406690255953,0.459731039964182,0.815182025631495,2,2
"C7-APOBEC3A-like","Advanced_vs_Early","Advanced","Early","ELK1",0.243036775209654,0.742473693258223,0.460688254171875,0.815182025631495,2,2
"C7-APOBEC3A-like","Advanced_vs_Early","Advanced","Early","SOX6",0.242583621411118,0.740312118702035,0.461988771768107,0.815182025631495,2,2
"C7-APOBEC3A-like","Advanced_vs_Early","Advanced","Early","MYB",0.240847859156405,0.739156956173304,0.46268463912816,0.815182025631495,2,2
"C7-APOBEC3A-like","Advanced_vs_Early","Advanced","Early","CTCFL",0.239930913046564,0.738235800806948,0.463239970285056,0.815182025631495,2,2
"C7-APOBEC3A-like","Advanced_vs_Early","Advanced","Early","BHLHE22",-0.232350527270783,-0.715538617562118,0.477042979770065,0.834055790436694,2,2
"C7-APOBEC3A-like","Advanced_vs_Early","Advanced","Early","JUNB",0.231186583095216,0.709697846385679,0.480631964573741,0.834397754830942,2,2
"C7-APOBEC3A-like","Advanced_vs_Early","Advanced","Early","TGIF2",-0.228166687382516,-0.698159325999701,0.487766168874666,0.834397754830942,2,2
"C7-APOBEC3A-like","Advanced_vs_Early","Advanced","Early","EGR1",0.232290583324855,0.695389343131038,0.489487513822859,0.834397754830942,2,2
"C7-APOBEC3A-like","Advanced_vs_Early","Advanced","Early","FOXA1",0.234389439730929,0.695281815106232,0.489554402280885,0.834397754830942,2,2
"C7-APOBEC3A-like","Advanced_vs_Early","Advanced","Early","CEBPG",0.224115054442183,0.678054363415585,0.500335706512528,0.847443602905595,2,2
"C7-APOBEC3A-like","Advanced_vs_Early","Advanced","Early","ZNF639",-0.215558418906309,-0.655435139365063,0.514685091809078,0.856625184975228,2,2
"C7-APOBEC3A-like","Advanced_vs_Early","Advanced","Early","IRF2",0.215736257193838,0.655400596100292,0.514707172170597,0.856625184975228,2,2
"C7-APOBEC3A-like","Advanced_vs_Early","Advanced","Early","SMAD5",0.21158992324449,0.645579496253191,0.52100531590867,0.856625184975228,2,2
"C7-APOBEC3A-like","Advanced_vs_Early","Advanced","Early","FOXM1",-0.211482870816145,-0.6452798008896,0.521198144355598,0.856625184975228,2,2
"C7-APOBEC3A-like","Advanced_vs_Early","Advanced","Early","ARID3A",0.211085713458208,0.643217746242202,0.522525921223882,0.856625184975228,2,2
"C7-APOBEC3A-like","Advanced_vs_Early","Advanced","Early","JUN",-0.208116807189421,-0.639812574149697,0.524722438029106,0.856625184975228,2,2
"C7-APOBEC3A-like","Advanced_vs_Early","Advanced","Early","SIX5",0.206119705557596,0.630493185427751,0.530758631102502,0.861290952268133,2,2
"C7-APOBEC3A-like","Advanced_vs_Early","Advanced","Early","ZEB2",-0.204193254096244,-0.624909985275781,0.534392113736464,0.86202537394394,2,2
"C7-APOBEC3A-like","Advanced_vs_Early","Advanced","Early","ZNF592",0.20147107976599,0.616821933549309,0.539678457453258,0.865216592813588,2,2
"C7-APOBEC3A-like","Advanced_vs_Early","Advanced","Early","ZNF217",0.199316086268532,0.612132373991519,0.542755796229926,0.865216592813588,2,2
"C7-APOBEC3A-like","Advanced_vs_Early","Advanced","Early","SREBF1",0.198214337764618,0.59812015923282,0.552003846391901,0.871766202957503,2,2
"C7-APOBEC3A-like","Advanced_vs_Early","Advanced","Early","ATF2",0.192540299784612,0.59261914720156,0.555656076418215,0.871766202957503,2,2
"C7-APOBEC3A-like","Advanced_vs_Early","Advanced","Early","USF2",-0.191895456552509,-0.591328131471409,0.556514956131543,0.871766202957503,2,2
"C7-APOBEC3A-like","Advanced_vs_Early","Advanced","Early","CEBPB",0.194202027453952,0.58054224533711,0.563716348475948,0.87413681741933,2,2
"C7-APOBEC3A-like","Advanced_vs_Early","Advanced","Early","CUX1",0.188374496720373,0.579403255785488,0.564479494643479,0.87413681741933,2,2
"C7-APOBEC3A-like","Advanced_vs_Early","Advanced","Early","USF1",0.187157558084506,0.572562801456767,0.569073430008358,0.87473057804236,2,2
"C7-APOBEC3A-like","Advanced_vs_Early","Advanced","Early","RXRA",-0.183930375676471,-0.565050137882142,0.574139807852426,0.87473057804236,2,2
"C7-APOBEC3A-like","Advanced_vs_Early","Advanced","Early","SREBF2",0.183765362391059,0.564132161003658,0.574760369797425,0.87473057804236,2,2
"C7-APOBEC3A-like","Advanced_vs_Early","Advanced","Early","ERG",-0.183740391889305,-0.559680900226547,0.577774071843478,0.87473057804236,2,2
"C7-APOBEC3A-like","Advanced_vs_Early","Advanced","Early","PAX6",-0.179625925866812,-0.553018008451458,0.582299341478942,0.876684008559963,2,2
"C7-APOBEC3A-like","Advanced_vs_Early","Advanced","Early","HNF4G",-0.177140629498499,-0.538266630525698,0.592378023655419,0.883374915304103,2,2
"C7-APOBEC3A-like","Advanced_vs_Early","Advanced","Early","FOXK2",0.174435690043685,0.536977254614584,0.593262858248512,0.883374915304103,2,2
"C7-APOBEC3A-like","Advanced_vs_Early","Advanced","Early","TCF4",0.171305885557632,0.521148162549874,0.604175787357009,0.891156898635589,2,2
"C7-APOBEC3A-like","Advanced_vs_Early","Advanced","Early","REL",0.188913947714503,0.519862871212975,0.605065938557005,0.891156898635589,2,2
"C7-APOBEC3A-like","Advanced_vs_Early","Advanced","Early","GLI2",-0.165946808672039,-0.508865397962099,0.612706940955914,0.897107367176546,2,2
"C7-APOBEC3A-like","Advanced_vs_Early","Advanced","Early","NR5A1",-0.163892669130285,-0.50453615495407,0.615726827656227,0.897107367176546,2,2
"C7-APOBEC3A-like","Advanced_vs_Early","Advanced","Early","KLF3",0.166394517099876,0.499570365446649,0.619198969813739,0.897341822564295,2,2
"C7-APOBEC3A-like","Advanced_vs_Early","Advanced","Early","GABPA",0.160567095845807,0.487493934692886,0.627679269930232,0.904792990165388,2,2
"C7-APOBEC3A-like","Advanced_vs_Early","Advanced","Early","HBP1",-0.151869449347653,-0.466804918434028,0.642324807899022,0.913474234739404,2,2
"C7-APOBEC3A-like","Advanced_vs_Early","Advanced","Early","MAF",0.148691572785085,0.455263688589071,0.650557598656472,0.913474234739404,2,2
"C7-APOBEC3A-like","Advanced_vs_Early","Advanced","Early","IRF3",0.147681831503603,0.453202364755617,0.652032668150449,0.913474234739404,2,2
"C7-APOBEC3A-like","Advanced_vs_Early","Advanced","Early","SOX10",0.148271889370994,0.449263732355406,0.654855007053406,0.913474234739404,2,2
"C7-APOBEC3A-like","Advanced_vs_Early","Advanced","Early","ONECUT1",0.151091899765788,0.447575831294937,0.656066072831709,0.913474234739404,2,2
"C7-APOBEC3A-like","Advanced_vs_Early","Advanced","Early","NR1H3",-0.146775101569382,-0.444996550251547,0.657918492433343,0.913474234739404,2,2
"C7-APOBEC3A-like","Advanced_vs_Early","Advanced","Early","TP63",-0.143631440631068,-0.440561250267014,0.661108925354998,0.913474234739404,2,2
"C7-APOBEC3A-like","Advanced_vs_Early","Advanced","Early","KLF4",0.14406761902292,0.436076307337915,0.664341497804205,0.913474234739404,2,2
"C7-APOBEC3A-like","Advanced_vs_Early","Advanced","Early","EPAS1",0.144414173120656,0.435816701826216,0.664528808227291,0.913474234739404,2,2
"C7-APOBEC3A-like","Advanced_vs_Early","Advanced","Early","MITF",-0.145188524366094,-0.431067373236459,0.667959321313487,0.913474234739404,2,2
"C7-APOBEC3A-like","Advanced_vs_Early","Advanced","Early","GATA4",-0.14051746285367,-0.424461897887591,0.672742390598152,0.913474234739404,2,2
"C7-APOBEC3A-like","Advanced_vs_Early","Advanced","Early","GATA1",0.136714101925823,0.421181072445259,0.675123128610594,0.913474234739404,2,2
"C7-APOBEC3A-like","Advanced_vs_Early","Advanced","Early","TCF3",0.134825962142883,0.414729302882169,0.6798145823026,0.913474234739404,2,2
"C7-APOBEC3A-like","Advanced_vs_Early","Advanced","Early","ZNF24",-0.133528478229261,-0.407855235493391,0.684827130085023,0.913474234739404,2,2
"C7-APOBEC3A-like","Advanced_vs_Early","Advanced","Early","ZNF274",0.13180841586936,0.405147370769565,0.686805624522252,0.913474234739404,2,2
"C7-APOBEC3A-like","Advanced_vs_Early","Advanced","Early","SP1",-0.134470673151844,-0.404014864176329,0.687633741279847,0.913474234739404,2,2
"C7-APOBEC3A-like","Advanced_vs_Early","Advanced","Early","BATF",0.130804662649351,0.394338187140623,0.694725142499775,0.91397522344808,2,2
"C7-APOBEC3A-like","Advanced_vs_Early","Advanced","Early","KLF13",-0.128053802009593,-0.394296061790399,0.694756073912562,0.91397522344808,2,2
"C7-APOBEC3A-like","Advanced_vs_Early","Advanced","Early","TBP",0.125598755500222,0.383211236442703,0.702913299741469,0.920239150869266,2,2
"C7-APOBEC3A-like","Advanced_vs_Early","Advanced","Early","ATF1",-0.118814705509727,-0.365531260939593,0.715996360417222,0.932063399981522,2,2
"C7-APOBEC3A-like","Advanced_vs_Early","Advanced","Early","NFYA",-0.118012692503867,-0.361725730541615,0.718823802937779,0.932063399981522,2,2
"C7-APOBEC3A-like","Advanced_vs_Early","Advanced","Early","HNF1B",0.115016176794147,0.354027027547855,0.724555848555047,0.935022071230561,2,2
"C7-APOBEC3A-like","Advanced_vs_Early","Advanced","Early","NR2F2",-0.113529976035536,-0.341940477193604,0.733586755029636,0.942189623758443,2,2
"C7-APOBEC3A-like","Advanced_vs_Early","Advanced","Early","FOXO4",0.107231396168252,0.329498078715497,0.74292317585973,0.948284113900641,2,2
"C7-APOBEC3A-like","Advanced_vs_Early","Advanced","Early","RFX2",0.106175829714555,0.32629859807407,0.74533031830567,0.948284113900641,2,2
"C7-APOBEC3A-like","Advanced_vs_Early","Advanced","Early","FOXO1",0.106041405267549,0.317264578482083,0.752140800977134,0.952477369461698,2,2
"C7-APOBEC3A-like","Advanced_vs_Early","Advanced","Early","NFYB",-0.0966700000354545,-0.29628203470624,0.768034615259659,0.961663699608023,2,2
"C7-APOBEC3A-like","Advanced_vs_Early","Advanced","Early","STAT5B",-0.0996389521166858,-0.295735763772724,0.768449775354871,0.961663699608023,2,2
"C7-APOBEC3A-like","Advanced_vs_Early","Advanced","Early","FLI1",-0.0950574391218584,-0.2927266430316,0.770737892599884,0.961663699608023,2,2
"C7-APOBEC3A-like","Advanced_vs_Early","Advanced","Early","RELA",0.0922409025283404,0.279055286280504,0.781159000398228,0.961663699608023,2,2
"C7-APOBEC3A-like","Advanced_vs_Early","Advanced","Early","ZBTB33",-0.0870516295211331,-0.265859870915438,0.791255693590416,0.961663699608023,2,2
"C7-APOBEC3A-like","Advanced_vs_Early","Advanced","Early","ZBED1",-0.0875078627514784,-0.264916918203272,0.791978608655444,0.961663699608023,2,2
"C7-APOBEC3A-like","Advanced_vs_Early","Advanced","Early","ETS2",-0.0863415586666511,-0.263552674576999,0.793024831012433,0.961663699608023,2,2
"C7-APOBEC3A-like","Advanced_vs_Early","Advanced","Early","MEF2B",-0.0862583715866385,-0.259705384509566,0.795977324321946,0.961663699608023,2,2
"C7-APOBEC3A-like","Advanced_vs_Early","Advanced","Early","NR1H2",-0.0860132607978382,-0.259398483109385,0.796212976695756,0.961663699608023,2,2
"C7-APOBEC3A-like","Advanced_vs_Early","Advanced","Early","PAX8",0.0839994883864007,0.258621299492097,0.796809817571313,0.961663699608023,2,2
"C7-APOBEC3A-like","Advanced_vs_Early","Advanced","Early","ETV4",0.0853146742441084,0.254532199477391,0.799952055087368,0.961663699608023,2,2
"C7-APOBEC3A-like","Advanced_vs_Early","Advanced","Early","FOXL2",0.0831503479553559,0.251898263839501,0.801977845429569,0.961663699608023,2,2
"C7-APOBEC3A-like","Advanced_vs_Early","Advanced","Early","ETS1",0.0774170094955563,0.236426040871662,0.813904840557398,0.962695360014221,2,2
"C7-APOBEC3A-like","Advanced_vs_Early","Advanced","Early","VDR",0.0750934551773802,0.230148273836341,0.818756966838792,0.962695360014221,2,2
"C7-APOBEC3A-like","Advanced_vs_Early","Advanced","Early","ATF4",0.0769318160050018,0.229148298919381,0.819530516529651,0.962695360014221,2,2
"C7-APOBEC3A-like","Advanced_vs_Early","Advanced","Early","SMAD4",-0.0732479351771239,-0.223505759054841,0.823898764014069,0.962695360014221,2,2
"C7-APOBEC3A-like","Advanced_vs_Early","Advanced","Early","STAT3",-0.0746288772253436,-0.218667033684244,0.82764919259146,0.962695360014221,2,2
"C7-APOBEC3A-like","Advanced_vs_Early","Advanced","Early","GATA3",-0.0677183768874111,-0.207078199958814,0.836647772291405,0.962695360014221,2,2
"C7-APOBEC3A-like","Advanced_vs_Early","Advanced","Early","IRF1",-0.0679773969235017,-0.203269794756238,0.839609802206533,0.962695360014221,2,2
"C7-APOBEC3A-like","Advanced_vs_Early","Advanced","Early","THAP11",0.0675120093404846,0.202829849926209,0.839952125185929,0.962695360014221,2,2
"C7-APOBEC3A-like","Advanced_vs_Early","Advanced","Early","MYC",-0.066253652671835,-0.201065136470874,0.841325567639147,0.962695360014221,2,2
"C7-APOBEC3A-like","Advanced_vs_Early","Advanced","Early","SOX9",0.0640491876008942,0.194383066043358,0.84653054646629,0.962695360014221,2,2
"C7-APOBEC3A-like","Advanced_vs_Early","Advanced","Early","FOSL2",0.0634761425419164,0.194147162271555,0.84671442994751,0.962695360014221,2,2
"C7-APOBEC3A-like","Advanced_vs_Early","Advanced","Early","HSF1",-0.0613207919661036,-0.188716776011104,0.850949680538048,0.962695360014221,2,2
"C7-APOBEC3A-like","Advanced_vs_Early","Advanced","Early","TAL1",0.0613332476266035,0.185461807342865,0.853490408669734,0.962695360014221,2,2
"C7-APOBEC3A-like","Advanced_vs_Early","Advanced","Early","CEBPD",-0.0589555264571058,-0.179976377884185,0.857775679154078,0.962695360014221,2,2
"C7-APOBEC3A-like","Advanced_vs_Early","Advanced","Early","STAT1",-0.0608793420560557,-0.179687234702869,0.858001681033185,0.962695360014221,2,2
"C7-APOBEC3A-like","Advanced_vs_Early","Advanced","Early","AR",0.0570102402157963,0.174472852764914,0.862079408051306,0.962695360014221,2,2
"C7-APOBEC3A-like","Advanced_vs_Early","Advanced","Early","NFKB1",0.0576667016715582,0.171478305987952,0.864422901547298,0.962695360014221,2,2
"C7-APOBEC3A-like","Advanced_vs_Early","Advanced","Early","IRF9",-0.0531376870461472,-0.159122046457875,0.874105457200214,0.962695360014221,2,2
"C7-APOBEC3A-like","Advanced_vs_Early","Advanced","Early","MBD2",-0.0510418056415399,-0.156472064541722,0.876184595708089,0.962695360014221,2,2
"C7-APOBEC3A-like","Advanced_vs_Early","Advanced","Early","LEF1",-0.0522547741824799,-0.154129279175862,0.878023442372374,0.962695360014221,2,2
"C7-APOBEC3A-like","Advanced_vs_Early","Advanced","Early","NCOA1",0.0478098101019413,0.145734095176141,0.884618273760946,0.962695360014221,2,2
"C7-APOBEC3A-like","Advanced_vs_Early","Advanced","Early","TEAD2",-0.0467017490395022,-0.143014965945691,0.886756065400721,0.962695360014221,2,2
"C7-APOBEC3A-like","Advanced_vs_Early","Advanced","Early","FOS",0.0469078171967272,0.140061016544624,0.889079430844133,0.962695360014221,2,2
"C7-APOBEC3A-like","Advanced_vs_Early","Advanced","Early","HINFP",0.0454544752831234,0.139864161972673,0.889234297529529,0.962695360014221,2,2
"C7-APOBEC3A-like","Advanced_vs_Early","Advanced","Early","CREB3L1",0.0446952823080138,0.136212677289308,0.89210772202542,0.962695360014221,2,2
"C7-APOBEC3A-like","Advanced_vs_Early","Advanced","Early","DUX4",0.0430903988445566,0.131443470117964,0.895862886249934,0.962695360014221,2,2
"C7-APOBEC3A-like","Advanced_vs_Early","Advanced","Early","CREM",-0.0417582089642448,-0.127665837743755,0.898839010021285,0.962695360014221,2,2
"C7-APOBEC3A-like","Advanced_vs_Early","Advanced","Early","CREB3",-0.0400856773690524,-0.123268897732544,0.90230487617569,0.962695360014221,2,2
"C7-APOBEC3A-like","Advanced_vs_Early","Advanced","Early","HOXA9",0.0351442121589343,0.106942719758581,0.915190084216794,0.972613775775495,2,2
"C7-APOBEC3A-like","Advanced_vs_Early","Advanced","Early","HNF4A",0.0329381363065218,0.100493277216313,0.92028671483676,0.974209764534226,2,2
"C7-APOBEC3A-like","Advanced_vs_Early","Advanced","Early","YY1",0.0312840515345089,0.0957472818904977,0.924039364378887,0.974376139092134,2,2
"C7-APOBEC3A-like","Advanced_vs_Early","Advanced","Early","ESR2",0.0293713541435574,0.088020062577275,0.93015293330156,0.97702110435939,2,2
"C7-APOBEC3A-like","Advanced_vs_Early","Advanced","Early","SMAD1",-0.0253722316202393,-0.0769819302289174,0.938893250356707,0.978761237446627,2,2
"C7-APOBEC3A-like","Advanced_vs_Early","Advanced","Early","NFKB2",0.0238308583163773,0.0710452216936484,0.943597302424893,0.978761237446627,2,2
"C7-APOBEC3A-like","Advanced_vs_Early","Advanced","Early","TWIST1",-0.022739158451292,-0.0686457995445859,0.945499107279788,0.978761237446627,2,2
"C7-APOBEC3A-like","Advanced_vs_Early","Advanced","Early","SPIB",-0.0222090503421993,-0.0676906568642233,0.946256251701167,0.978761237446627,2,2
"C7-APOBEC3A-like","Advanced_vs_Early","Advanced","Early","PPARA",-0.018702836818245,-0.0566983639386257,0.954973280321558,0.982976341199825,2,2
"C7-APOBEC3A-like","Advanced_vs_Early","Advanced","Early","TP73",0.0159638455858483,0.0490709932775956,0.961025193292893,0.982976341199825,2,2
"C7-APOBEC3A-like","Advanced_vs_Early","Advanced","Early","PPARG",0.0148443525873871,0.0437334797232819,0.965261617432517,0.982976341199825,2,2
"C7-APOBEC3A-like","Advanced_vs_Early","Advanced","Early","SNAPC4",0.0135866138966757,0.0410424108937329,0.967397927661453,0.982976341199825,2,2
"C7-APOBEC3A-like","Advanced_vs_Early","Advanced","Early","TFAP2A",-0.0115824321801713,-0.0355599850155684,0.971750887468103,0.982976341199825,2,2
"C7-APOBEC3A-like","Advanced_vs_Early","Advanced","Early","NEUROD1",-0.0116060271413848,-0.0351270314380872,0.972094684286174,0.982976341199825,2,2
"C7-APOBEC3A-like","Advanced_vs_Early","Advanced","Early","NR2C2",-0.00282724107991031,-0.00867815646470923,0.993104619849521,0.997783779065125,2,2
"C7-APOBEC3A-like","Advanced_vs_Early","Advanced","Early","SOX2",0.00243682647726641,0.00742298231781653,0.994101920101785,0.997783779065125,2,2
"C7-APOBEC3A-like","Advanced_vs_Early","Advanced","Early","STAT5A",-9.00024654089948e-05,-0.000272560634284091,0.999783429446885,0.999783429446885,2,2
"Mac-Cycling","Advanced_vs_Early","Advanced","Early","IRF2",-0.966527875391728,-5.22590018162776,0.000322996927043952,0.0875321672289111,4,3
"Mac-Cycling","Advanced_vs_Early","Advanced","Early","NFE2L1",1.04460732938797,4.45548390141114,0.00107046798376359,0.145048411799966,4,3
"Mac-Cycling","Advanced_vs_Early","Advanced","Early","TCF4",0.751762919575008,3.80472645541315,0.00313573621975262,0.271297399993983,4,3
"Mac-Cycling","Advanced_vs_Early","Advanced","Early","STAT2",-1.51654850487446,-3.66080486167526,0.00400438966780787,0.271297399993983,4,3
"Mac-Cycling","Advanced_vs_Early","Advanced","Early","SMAD3",1.058865169535,3.44200505337154,0.00583054828076432,0.316015716817426,4,3
"Mac-Cycling","Advanced_vs_Early","Advanced","Early","TCF12",0.790701195069604,3.31625052403347,0.00724955979180294,0.327438450596433,4,3
"Mac-Cycling","Advanced_vs_Early","Advanced","Early","SIX2",0.79541955772099,3.13006107898579,0.0100290536029081,0.357401296726888,4,3
"Mac-Cycling","Advanced_vs_Early","Advanced","Early","IRF4",-0.612985224400371,-3.03935097602959,0.0117551312414573,0.357401296726888,4,3
"Mac-Cycling","Advanced_vs_Early","Advanced","Early","RUNX2",0.5734916564768,2.93653714678451,0.0140787451528984,0.357401296726888,4,3
"Mac-Cycling","Advanced_vs_Early","Advanced","Early","EGR1",0.690423552892511,2.92699321417805,0.014316684925639,0.357401296726888,4,3
"Mac-Cycling","Advanced_vs_Early","Advanced","Early","TEAD1",1.09334461164798,2.91947137247638,0.0145070637047814,0.357401296726888,4,3
"Mac-Cycling","Advanced_vs_Early","Advanced","Early","NR5A2",0.684599121918288,2.8306985105338,0.0169559099050414,0.382920965355517,4,3
"Mac-Cycling","Advanced_vs_Early","Advanced","Early","RFX5",-1.20585963819767,-2.71375515872705,0.0208253178023482,0.391516700238977,4,3
"Mac-Cycling","Advanced_vs_Early","Advanced","Early","TFAP2A",0.763371241277784,2.6911860591624,0.0216678343153618,0.391516700238977,4,3
"Mac-Cycling","Advanced_vs_Early","Advanced","Early","SP1",0.99664982342263,2.67552267000781,0.0222724054673456,0.391516700238977,4,3
"Mac-Cycling","Advanced_vs_Early","Advanced","Early","IRF1",-1.00620227469079,-2.6543738250757,0.0231153771358806,0.391516700238977,4,3
"Mac-Cycling","Advanced_vs_Early","Advanced","Early","SPIB",-0.488345954929807,-2.60639401574926,0.025146957072394,0.397418863571114,4,3
"Mac-Cycling","Advanced_vs_Early","Advanced","Early","MYC",0.588134934951319,2.57874745268032,0.0263968248866422,0.397418863571114,4,3
"Mac-Cycling","Advanced_vs_Early","Advanced","Early","ESR1",0.588135444758394,2.52852486238634,0.0288261705099851,0.40305497140851,4,3
"Mac-Cycling","Advanced_vs_Early","Advanced","Early","STAT1",-0.940982599498872,-2.48763587072882,0.0309654828255346,0.40305497140851,4,3
"Mac-Cycling","Advanced_vs_Early","Advanced","Early","FOXP2",-0.443380148778996,-2.48271843483991,0.0312330420648661,0.40305497140851,4,3
"Mac-Cycling","Advanced_vs_Early","Advanced","Early","GATA6",0.645060832911776,2.43524554466693,0.0339353866621993,0.409210722963983,4,3
"Mac-Cycling","Advanced_vs_Early","Advanced","Early","MXI1",-0.51416821601045,-2.40171785918819,0.0359803415793873,0.409210722963983,4,3
"Mac-Cycling","Advanced_vs_Early","Advanced","Early","HIF1A",0.963392292720895,2.39759339706235,0.0362400640263306,0.409210722963983,4,3
"Mac-Cycling","Advanced_vs_Early","Advanced","Early","SP3",0.570491132163788,2.33411799347624,0.0404749641637958,0.426559349387468,4,3
"Mac-Cycling","Advanced_vs_Early","Advanced","Early","KLF5",0.886647220002391,2.30851919639935,0.0423154910280997,0.426559349387468,4,3
"Mac-Cycling","Advanced_vs_Early","Advanced","Early","PPARA",0.707159267643427,2.28538588767492,0.0440482197100232,0.426559349387468,4,3
"Mac-Cycling","Advanced_vs_Early","Advanced","Early","IRF9",-0.773662881708674,-2.28506732471628,0.0440725527042403,0.426559349387468,4,3
"Mac-Cycling","Advanced_vs_Early","Advanced","Early","FOXJ2",0.483126025703727,2.22173452575412,0.0491763573777049,0.450556520753541,4,3
"Mac-Cycling","Advanced_vs_Early","Advanced","Early","MYBL2",0.550022236114691,2.21353718559736,0.0498771056184732,0.450556520753541,4,3
"Mac-Cycling","Advanced_vs_Early","Advanced","Early","AR",0.508500149524134,2.17682234676715,0.0531348100675676,0.456305426774942,4,3
"Mac-Cycling","Advanced_vs_Early","Advanced","Early","TEAD4",0.612554102528993,2.15605804987223,0.055066301292095,0.456305426774942,4,3
"Mac-Cycling","Advanced_vs_Early","Advanced","Early","FOXA2",0.565401693592113,2.13341946958099,0.0572483954045297,0.456305426774942,4,3
"Mac-Cycling","Advanced_vs_Early","Advanced","Early","ESR2",0.401914771847272,2.12120843599666,0.0584593236875535,0.456305426774942,4,3
"Mac-Cycling","Advanced_vs_Early","Advanced","Early","FOXP1",-0.673564791207966,-2.11650279352241,0.0589324351923356,0.456305426774942,4,3
"Mac-Cycling","Advanced_vs_Early","Advanced","Early","MITF",0.542855112240723,2.08651408520505,0.0620340036783195,0.457781406889955,4,3
"Mac-Cycling","Advanced_vs_Early","Advanced","Early","ERG",0.456315284858596,2.06925613014999,0.0638883563816537,0.457781406889955,4,3
"Mac-Cycling","Advanced_vs_Early","Advanced","Early","MYOD1",0.406174218594071,2.06648684360851,0.0641907507816173,0.457781406889955,4,3
"Mac-Cycling","Advanced_vs_Early","Advanced","Early","CREB3L1",0.461565297507181,2.03082102787285,0.0682080225110236,0.461209352763146,4,3
"Mac-Cycling","Advanced_vs_Early","Advanced","Early","ZNF143",0.522517571130968,2.02531508481658,0.0688489043655442,0.461209352763146,4,3
"Mac-Cycling","Advanced_vs_Early","Advanced","Early","SOX13",0.476848517907202,2.00640171778029,0.0710937676020291,0.461209352763146,4,3
"Mac-Cycling","Advanced_vs_Early","Advanced","Early","ETS1",0.542077873108801,2.00321305223465,0.0714789402806352,0.461209352763146,4,3
"Mac-Cycling","Advanced_vs_Early","Advanced","Early","RUNX3",-0.402378872442545,-1.98762626076854,0.0733900558346684,0.462528026306864,4,3
"Mac-Cycling","Advanced_vs_Early","Advanced","Early","TP53",0.669565251327697,1.96878220626785,0.0757644139213186,0.466456058567025,4,3
"Mac-Cycling","Advanced_vs_Early","Advanced","Early","NR2F1",0.473938107915107,1.95569213599352,0.0774558030830854,0.466456058567025,4,3
"Mac-Cycling","Advanced_vs_Early","Advanced","Early","TEAD2",0.533588176820669,1.89285277511514,0.0860758510655523,0.499510993797246,4,3
"Mac-Cycling","Advanced_vs_Early","Advanced","Early","TCF3",-0.335588346953807,-1.8890083412488,0.086631057964836,0.499510993797246,4,3
"Mac-Cycling","Advanced_vs_Early","Advanced","Early","BCL11A",-0.392400469110948,-1.8579295279927,0.0912423375315858,0.508844668016861,4,3
"Mac-Cycling","Advanced_vs_Early","Advanced","Early","POU2F2",-0.389244855194611,-1.85292862410569,0.0920051244753734,0.508844668016861,4,3
"Mac-Cycling","Advanced_vs_Early","Advanced","Early","PBX3",0.396019988512964,1.81108648442366,0.0986205684256018,0.534523480866762,4,3
"Mac-Cycling","Advanced_vs_Early","Advanced","Early","MYB",0.305951627929426,1.79831177594101,0.100725418754235,0.535227225145053,4,3
"Mac-Cycling","Advanced_vs_Early","Advanced","Early","ZNF263",-0.599475601903129,-1.73959502946067,0.110936098651993,0.569094942966898,4,3
"Mac-Cycling","Advanced_vs_Early","Advanced","Early","ZNF217",0.33564403474502,1.73759968703829,0.111299010986146,0.569094942966898,4,3
"Mac-Cycling","Advanced_vs_Early","Advanced","Early","CUX1",0.378558944990169,1.69162850341369,0.119962390123141,0.592478633065728,4,3
"Mac-Cycling","Advanced_vs_Early","Advanced","Early","MAFB",0.621434994312969,1.6901810919322,0.1202447410281,0.592478633065728,4,3
"Mac-Cycling","Advanced_vs_Early","Advanced","Early","CTCFL",0.335776931361665,1.6637966787206,0.125497018083783,0.59826904808495,4,3
"Mac-Cycling","Advanced_vs_Early","Advanced","Early","EBF1",0.428842715416635,1.66037221295548,0.126193537538027,0.59826904808495,4,3
"Mac-Cycling","Advanced_vs_Early","Advanced","Early","GATA3",0.32217900397407,1.65136125309825,0.128042822099362,0.59826904808495,4,3
"Mac-Cycling","Advanced_vs_Early","Advanced","Early","THAP11",-0.319057994987134,-1.62027710970663,0.134608515653363,0.616215841520846,4,3
"Mac-Cycling","Advanced_vs_Early","Advanced","Early","CTCF",0.397072299013683,1.61188492713089,0.136431551628232,0.616215841520846,4,3
"Mac-Cycling","Advanced_vs_Early","Advanced","Early","KLF9",0.347342271955027,1.60008281618062,0.139032249555579,0.617667862779705,4,3
"Mac-Cycling","Advanced_vs_Early","Advanced","Early","ZBED1",-0.329015240825301,-1.57423370156752,0.144881507329737,0.627990469073233,4,3
"Mac-Cycling","Advanced_vs_Early","Advanced","Early","ELF3",0.417424081943525,1.56114487008597,0.147924912358869,0.627990469073233,4,3
"Mac-Cycling","Advanced_vs_Early","Advanced","Early","TBX21",-0.454562016122147,-1.54179330541167,0.152527004112265,0.627990469073233,4,3
"Mac-Cycling","Advanced_vs_Early","Advanced","Early","OTX2",0.283567910227084,1.54112709700146,0.152687639158764,0.627990469073233,4,3
"Mac-Cycling","Advanced_vs_Early","Advanced","Early","ETV4",0.399905545563321,1.54007206563108,0.152942328261378,0.627990469073233,4,3
"Mac-Cycling","Advanced_vs_Early","Advanced","Early","REL",0.490385647393931,1.50505039568186,0.161609114778712,0.653672688134789,4,3
"Mac-Cycling","Advanced_vs_Early","Advanced","Early","HHEX",-0.258202721707426,-1.4857834322527,0.16655602226684,0.660483019502055,4,3
"Mac-Cycling","Advanced_vs_Early","Advanced","Early","E2F2",-0.387895451524147,-1.47643257585482,0.169003589897704,0.660483019502055,4,3
"Mac-Cycling","Advanced_vs_Early","Advanced","Early","MAZ",0.289497296109619,1.45868360311955,0.173734425709339,0.660483019502055,4,3
"Mac-Cycling","Advanced_vs_Early","Advanced","Early","POU2F1",0.340756231228821,1.44984016476124,0.176133607489552,0.660483019502055,4,3
"Mac-Cycling","Advanced_vs_Early","Advanced","Early","BHLHE22",-0.328533831934707,-1.4453828504369,0.177353549254871,0.660483019502055,4,3
"Mac-Cycling","Advanced_vs_Early","Advanced","Early","ZEB1",-0.272680604324234,-1.42269494196545,0.183675341382829,0.660483019502055,4,3
"Mac-Cycling","Advanced_vs_Early","Advanced","Early","TFAP4",0.46202370321881,1.41747364188117,0.185157012288213,0.660483019502055,4,3
"Mac-Cycling","Advanced_vs_Early","Advanced","Early","ELK4",0.355914600947737,1.40092267512636,0.189920843617314,0.660483019502055,4,3
"Mac-Cycling","Advanced_vs_Early","Advanced","Early","KLF3",0.310345371331092,1.39441233422515,0.191822870138622,0.660483019502055,4,3
"Mac-Cycling","Advanced_vs_Early","Advanced","Early","SOX9",0.303040680756391,1.3930603252723,0.192219873310221,0.660483019502055,4,3
"Mac-Cycling","Advanced_vs_Early","Advanced","Early","RELB",-0.348263862705943,-1.38617519552318,0.194252371163198,0.660483019502055,4,3
"Mac-Cycling","Advanced_vs_Early","Advanced","Early","FOSL2",-0.251064818029846,-1.37732039618347,0.196892859635316,0.660483019502055,4,3
"Mac-Cycling","Advanced_vs_Early","Advanced","Early","KMT2A",-0.24492816719261,-1.37554175160284,0.197426867110976,0.660483019502055,4,3
"Mac-Cycling","Advanced_vs_Early","Advanced","Early","HNF4A",0.259095697175025,1.36721264914619,0.199943721657051,0.660483019502055,4,3
"Mac-Cycling","Advanced_vs_Early","Advanced","Early","TFAP2C",0.305066858830015,1.35990392506388,0.202174311997165,0.660483019502055,4,3
"Mac-Cycling","Advanced_vs_Early","Advanced","Early","PAX5",-0.340882499515297,-1.35953271217023,0.202288157264467,0.660483019502055,4,3
"Mac-Cycling","Advanced_vs_Early","Advanced","Early","XBP1",0.237288068041587,1.31334972019894,0.216874181649938,0.690047069299297,4,3
"Mac-Cycling","Advanced_vs_Early","Advanced","Early","ZBTB7A",-0.457236651422641,-1.30879686885237,0.218358055444665,0.690047069299297,4,3
"Mac-Cycling","Advanced_vs_Early","Advanced","Early","ETV1",0.330329527847062,1.30656407364229,0.219088822950206,0.690047069299297,4,3
"Mac-Cycling","Advanced_vs_Early","Advanced","Early","RARA",0.344077446358178,1.27314844991897,0.230267387351548,0.690047069299297,4,3
"Mac-Cycling","Advanced_vs_Early","Advanced","Early","NR3C1",0.295608582975528,1.27259516359831,0.230456327750245,0.690047069299297,4,3
"Mac-Cycling","Advanced_vs_Early","Advanced","Early","HSF1",-0.232996079211124,-1.26346593163372,0.23359211613604,0.690047069299297,4,3
"Mac-Cycling","Advanced_vs_Early","Advanced","Early","HBP1",-0.266373856768458,-1.2588757890145,0.235181832469927,0.690047069299297,4,3
"Mac-Cycling","Advanced_vs_Early","Advanced","Early","REST",0.244596762961076,1.25517693784552,0.236469243785339,0.690047069299297,4,3
"Mac-Cycling","Advanced_vs_Early","Advanced","Early","EPAS1",0.353921984964587,1.25451117118499,0.236701574196476,0.690047069299297,4,3
"Mac-Cycling","Advanced_vs_Early","Advanced","Early","TGIF2",-0.247436515095022,-1.25421261385772,0.236805820829648,0.690047069299297,4,3
"Mac-Cycling","Advanced_vs_Early","Advanced","Early","SIX5",0.382702736223066,1.24562829377423,0.239819127634818,0.691122249715781,4,3
"Mac-Cycling","Advanced_vs_Early","Advanced","Early","NFIC",0.256317458225631,1.23869532112208,0.242275327391141,0.691122249715781,4,3
"Mac-Cycling","Advanced_vs_Early","Advanced","Early","JUN",0.460254074703521,1.20508733052201,0.254470289560249,0.713183920768699,4,3
"Mac-Cycling","Advanced_vs_Early","Advanced","Early","E2F7",0.254205019331335,1.20292214035008,0.255272473485475,0.713183920768699,4,3
"Mac-Cycling","Advanced_vs_Early","Advanced","Early","HNF4G",0.201510099213272,1.16992348085485,0.267748768958507,0.740407310079136,4,3
"Mac-Cycling","Advanced_vs_Early","Advanced","Early","ARNT",0.274127391717094,1.1570826612427,0.272731817611696,0.74656891487646,4,3
"Mac-Cycling","Advanced_vs_Early","Advanced","Early","KLF4",0.239971070284002,1.14064915987613,0.27921480248504,0.756672114734458,4,3
"Mac-Cycling","Advanced_vs_Early","Advanced","Early","LEF1",0.304846490012961,1.12921917150513,0.283794338318826,0.761467977073285,4,3
"Mac-Cycling","Advanced_vs_Early","Advanced","Early","EOMES",-0.245974728944669,-1.09755726169287,0.296784174990466,0.765976118966689,4,3
"Mac-Cycling","Advanced_vs_Early","Advanced","Early","FOXO4",-0.203845690678952,-1.08249129014347,0.30312336134309,0.765976118966689,4,3
"Mac-Cycling","Advanced_vs_Early","Advanced","Early","ELK1",0.327815367840679,1.08092955581562,0.303786345183053,0.765976118966689,4,3
"Mac-Cycling","Advanced_vs_Early","Advanced","Early","ESRRA",0.229596668263402,1.07995146762189,0.304202123129057,0.765976118966689,4,3
"Mac-Cycling","Advanced_vs_Early","Advanced","Early","ZFX",-0.264775559203625,-1.07033516429021,0.308313028361686,0.765976118966689,4,3
"Mac-Cycling","Advanced_vs_Early","Advanced","Early","ATF4",0.378634611792456,1.06655062690747,0.309942402795985,0.765976118966689,4,3
"Mac-Cycling","Advanced_vs_Early","Advanced","Early","ATF1",0.259232790883294,1.06119169341589,0.312260750900428,0.765976118966689,4,3
"Mac-Cycling","Advanced_vs_Early","Advanced","Early","RBPJ",0.253487254306199,1.05962642151409,0.312940376021405,0.765976118966689,4,3
"Mac-Cycling","Advanced_vs_Early","Advanced","Early","FLI1",-0.188312696466836,-1.05354848820603,0.31558994013146,0.765976118966689,4,3
"Mac-Cycling","Advanced_vs_Early","Advanced","Early","BHLHE40",-0.350935053545115,-1.05008734646872,0.317106294074844,0.765976118966689,4,3
"Mac-Cycling","Advanced_vs_Early","Advanced","Early","ZNF384",-0.279614841166341,-1.04609487459039,0.318862225503503,0.765976118966689,4,3
"Mac-Cycling","Advanced_vs_Early","Advanced","Early","FOS",0.467583404436401,1.04489298540951,0.319392256248103,0.765976118966689,4,3
"Mac-Cycling","Advanced_vs_Early","Advanced","Early","MEF2A",0.328429815415325,1.02774840250357,0.327025023314497,0.777401590510778,4,3
"Mac-Cycling","Advanced_vs_Early","Advanced","Early","CEBPB",0.407004088092922,1.01024094685989,0.334958678430923,0.78933740743287,4,3
"Mac-Cycling","Advanced_vs_Early","Advanced","Early","CREB1",0.186703787269306,0.998875684470259,0.340184558813131,0.790015777526033,4,3
"Mac-Cycling","Advanced_vs_Early","Advanced","Early","PPARG",0.240469945545242,0.992199813668867,0.343282016326875,0.790015777526033,4,3
"Mac-Cycling","Advanced_vs_Early","Advanced","Early","BCL6",-0.212060894914287,-0.990675595355194,0.343992109771483,0.790015777526033,4,3
"Mac-Cycling","Advanced_vs_Early","Advanced","Early","NR2F6",-0.179943545349554,-0.979823671329359,0.349078817910735,0.794076348306331,4,3
"Mac-Cycling","Advanced_vs_Early","Advanced","Early","ZBTB11",-0.191171312258662,-0.968536420266699,0.354427472764776,0.794076348306331,4,3
"Mac-Cycling","Advanced_vs_Early","Advanced","Early","LYL1",0.230879585864074,0.968277847239,0.354550694262236,0.794076348306331,4,3
"Mac-Cycling","Advanced_vs_Early","Advanced","Early","KLF6",0.282911741537914,0.960451971150711,0.358294752497597,0.795884245302039,4,3
"Mac-Cycling","Advanced_vs_Early","Advanced","Early","PAX6",0.166063395353975,0.906672463233681,0.384793950332638,0.835384831767237,4,3
"Mac-Cycling","Advanced_vs_Early","Advanced","Early","HOXA9",0.238911234326243,0.894443030252823,0.391007619746589,0.835384831767237,4,3
"Mac-Cycling","Advanced_vs_Early","Advanced","Early","STAT5A",-0.170009601786132,-0.892780200910081,0.391857861182155,0.835384831767237,4,3
"Mac-Cycling","Advanced_vs_Early","Advanced","Early","MBD2",0.161887364369643,0.885870577351053,0.395404674838372,0.835384831767237,4,3
"Mac-Cycling","Advanced_vs_Early","Advanced","Early","FOXK2",0.199249532851682,0.881392780413433,0.39771504623315,0.835384831767237,4,3
"Mac-Cycling","Advanced_vs_Early","Advanced","Early","SNAPC4",-0.203674207325186,-0.874974670449205,0.401042790420319,0.835384831767237,4,3
"Mac-Cycling","Advanced_vs_Early","Advanced","Early","NR2C2",0.174360332273217,0.869013198366441,0.404150907208258,0.835384831767237,4,3
"Mac-Cycling","Advanced_vs_Early","Advanced","Early","NFATC2",0.240385342742703,0.861114621185015,0.408294369000258,0.835384831767237,4,3
"Mac-Cycling","Advanced_vs_Early","Advanced","Early","RFX1",0.198382452869792,0.849779492977184,0.414291123264651,0.835384831767237,4,3
"Mac-Cycling","Advanced_vs_Early","Advanced","Early","IRF3",-0.207994674363243,-0.848341722540219,0.415056016380569,0.835384831767237,4,3
"Mac-Cycling","Advanced_vs_Early","Advanced","Early","PRDM14",0.249972035289998,0.843860834064,0.417445982849656,0.835384831767237,4,3
"Mac-Cycling","Advanced_vs_Early","Advanced","Early","FOXO1",0.180094167438585,0.836127570883347,0.421592502252543,0.835384831767237,4,3
"Mac-Cycling","Advanced_vs_Early","Advanced","Early","NFYA",-0.143482078331699,-0.835409576910318,0.421978887194874,0.835384831767237,4,3
"Mac-Cycling","Advanced_vs_Early","Advanced","Early","ZKSCAN1",0.179454826559245,0.832680059805093,0.423449935835103,0.835384831767237,4,3
"Mac-Cycling","Advanced_vs_Early","Advanced","Early","HOXB13",0.271960238574567,0.831384339912516,0.424149456072197,0.835384831767237,4,3
"Mac-Cycling","Advanced_vs_Early","Advanced","Early","SNAI2",-0.167967620419757,-0.829073525285592,0.425398918021693,0.835384831767237,4,3
"Mac-Cycling","Advanced_vs_Early","Advanced","Early","VDR",0.200147340663968,0.816093464163664,0.432462995093739,0.843147278204341,4,3
"Mac-Cycling","Advanced_vs_Early","Advanced","Early","BACH1",0.15918078868353,0.794178766914155,0.444565216432,0.860551240379086,4,3
"Mac-Cycling","Advanced_vs_Early","Advanced","Early","FOXL2",0.526051669600083,0.772358754062664,0.456833262724963,0.878027051052942,4,3
"Mac-Cycling","Advanced_vs_Early","Advanced","Early","CREB3",0.147654999284275,0.74702375589747,0.471348564712645,0.895184240990767,4,3
"Mac-Cycling","Advanced_vs_Early","Advanced","Early","GRHL2",0.189005432635371,0.735261578086168,0.478185759846128,0.895184240990767,4,3
"Mac-Cycling","Advanced_vs_Early","Advanced","Early","SMAD5",-0.143678908738008,-0.732264687440561,0.479937712807223,0.895184240990767,4,3
"Mac-Cycling","Advanced_vs_Early","Advanced","Early","BACH2",-0.158961564333545,-0.723350191555834,0.485172721588322,0.895184240990767,4,3
"Mac-Cycling","Advanced_vs_Early","Advanced","Early","TBP",0.16746233652356,0.716847285132476,0.48901382559439,0.895184240990767,4,3
"Mac-Cycling","Advanced_vs_Early","Advanced","Early","ZNF274",0.146631439083905,0.71486696725253,0.490187274443903,0.895184240990767,4,3
"Mac-Cycling","Advanced_vs_Early","Advanced","Early","MAFF",0.206859102924667,0.71267781733661,0.491486487912493,0.895184240990767,4,3
"Mac-Cycling","Advanced_vs_Early","Advanced","Early","ZBTB33",-0.138898753356488,-0.707162495446587,0.494769100819299,0.895184240990767,4,3
"Mac-Cycling","Advanced_vs_Early","Advanced","Early","CEBPA",0.262073556393116,0.700716374982544,0.49862269814664,0.895184240990767,4,3
"Mac-Cycling","Advanced_vs_Early","Advanced","Early","TWIST1",0.150455518675554,0.694775238169907,0.502190571556973,0.895184240990767,4,3
"Mac-Cycling","Advanced_vs_Early","Advanced","Early","ASCL1",0.125286404183401,0.690882951792118,0.504536414260958,0.895184240990767,4,3
"Mac-Cycling","Advanced_vs_Early","Advanced","Early","E2F1",0.145010805042593,0.684915296823,0.50814590409008,0.895184240990767,4,3
"Mac-Cycling","Advanced_vs_Early","Advanced","Early","NR2F2",-0.1609697822554,-0.682075195879892,0.509869162987248,0.895184240990767,4,3
"Mac-Cycling","Advanced_vs_Early","Advanced","Early","NFKB2",0.168883476515338,0.664771247443427,0.520443971845483,0.895184240990767,4,3
"Mac-Cycling","Advanced_vs_Early","Advanced","Early","IKZF1",0.140098655261184,0.663482685978372,0.521236601893656,0.895184240990767,4,3
"Mac-Cycling","Advanced_vs_Early","Advanced","Early","E2F6",-0.140293682876714,-0.659872617007708,0.523461047852292,0.895184240990767,4,3
"Mac-Cycling","Advanced_vs_Early","Advanced","Early","ONECUT1",0.123450748093963,0.658025011407752,0.524601661030282,0.895184240990767,4,3
"Mac-Cycling","Advanced_vs_Early","Advanced","Early","STAT4",0.190774598190813,0.657026335010917,0.525218798219675,0.895184240990767,4,3
"Mac-Cycling","Advanced_vs_Early","Advanced","Early","SOX10",0.113014685662121,0.649459802872492,0.529908395127133,0.897532344246582,4,3
"Mac-Cycling","Advanced_vs_Early","Advanced","Early","ATF3",-0.224997504604899,-0.635716878368996,0.538488112840486,0.901413814366123,4,3
"Mac-Cycling","Advanced_vs_Early","Advanced","Early","POU5F1",0.161480373704747,0.6334151144029,0.539932891312334,0.901413814366123,4,3
"Mac-Cycling","Advanced_vs_Early","Advanced","Early","MEIS1",-0.179865878295487,-0.629844047208949,0.542178788714679,0.901413814366123,4,3
"Mac-Cycling","Advanced_vs_Early","Advanced","Early","TCF7L2",0.135122098964271,0.620158492333125,0.548296995792127,0.904356586488294,4,3
"Mac-Cycling","Advanced_vs_Early","Advanced","Early","GLI2",-0.124452206968042,-0.606565517415643,0.556949052944045,0.904356586488294,4,3
"Mac-Cycling","Advanced_vs_Early","Advanced","Early","PDX1",0.125387869045857,0.601661789333292,0.560088973165752,0.904356586488294,4,3
"Mac-Cycling","Advanced_vs_Early","Advanced","Early","NCOA3",-0.189759545121597,-0.601016726032487,0.560502747319335,0.904356586488294,4,3
"Mac-Cycling","Advanced_vs_Early","Advanced","Early","NFATC1",-0.111997329378622,-0.600811629652615,0.560634341439238,0.904356586488294,4,3
"Mac-Cycling","Advanced_vs_Early","Advanced","Early","MAFG",-0.122498423687983,-0.595082094604366,0.564317456668781,0.904498059261285,4,3
"Mac-Cycling","Advanced_vs_Early","Advanced","Early","SOX11",0.120409329325496,0.589296421366218,0.568050180008361,0.904498059261285,4,3
"Mac-Cycling","Advanced_vs_Early","Advanced","Early","ATF2",0.176473621516728,0.583906650547997,0.57153963885565,0.904498059261285,4,3
"Mac-Cycling","Advanced_vs_Early","Advanced","Early","ELF5",0.128242974445367,0.575747331625777,0.576844340972846,0.904498059261285,4,3
"Mac-Cycling","Advanced_vs_Early","Advanced","Early","GFI1B",0.113477104548016,0.571129874470261,0.5798580984474,0.904498059261285,4,3
"Mac-Cycling","Advanced_vs_Early","Advanced","Early","EHF",0.122583809789669,0.552616923918972,0.592025727944762,0.904498059261285,4,3
"Mac-Cycling","Advanced_vs_Early","Advanced","Early","RXRA",-0.102617456848197,-0.552332180240637,0.592213922450733,0.904498059261285,4,3
"Mac-Cycling","Advanced_vs_Early","Advanced","Early","NR1H2",0.103590545493399,0.535914945811254,0.603117427812268,0.904498059261285,4,3
"Mac-Cycling","Advanced_vs_Early","Advanced","Early","MAX",0.107089633091474,0.524286332000002,0.610902831934855,0.904498059261285,4,3
"Mac-Cycling","Advanced_vs_Early","Advanced","Early","THAP1",0.110137624382871,0.518691571579503,0.614666694189891,0.904498059261285,4,3
"Mac-Cycling","Advanced_vs_Early","Advanced","Early","ETS2",0.114779694246908,0.51710678516968,0.615734981646792,0.904498059261285,4,3
"Mac-Cycling","Advanced_vs_Early","Advanced","Early","AHR",0.126258343643128,0.514352104535914,0.617594106383192,0.904498059261285,4,3
"Mac-Cycling","Advanced_vs_Early","Advanced","Early","JUND",-0.102169870406562,-0.509053234562485,0.621178203185545,0.904498059261285,4,3
"Mac-Cycling","Advanced_vs_Early","Advanced","Early","KLF13",-0.092486781981537,-0.504899812065567,0.623994767593643,0.904498059261285,4,3
"Mac-Cycling","Advanced_vs_Early","Advanced","Early","TFDP1",0.107057230455286,0.499222151957701,0.627855182823892,0.904498059261285,4,3
"Mac-Cycling","Advanced_vs_Early","Advanced","Early","E2F3",-0.0918803243869,-0.49708918388579,0.629308486523236,0.904498059261285,4,3
"Mac-Cycling","Advanced_vs_Early","Advanced","Early","NR4A1",0.102653429000404,0.494585149166924,0.631016721592668,0.904498059261285,4,3
"Mac-Cycling","Advanced_vs_Early","Advanced","Early","MEIS2",0.132440412367487,0.493008205357733,0.632093664509522,0.904498059261285,4,3
"Mac-Cycling","Advanced_vs_Early","Advanced","Early","MAF",0.0874677371178084,0.491168554679355,0.633351150488704,0.904498059261285,4,3
"Mac-Cycling","Advanced_vs_Early","Advanced","Early","STAT5B",-0.0953699084778622,-0.484250288781327,0.638090968159253,0.904498059261285,4,3
"Mac-Cycling","Advanced_vs_Early","Advanced","Early","USF1",0.109383931829668,0.479795315637584,0.641152171124886,0.904498059261285,4,3
"Mac-Cycling","Advanced_vs_Early","Advanced","Early","E2F5",-0.0790759510016758,-0.479475978339782,0.641371871572281,0.904498059261285,4,3
"Mac-Cycling","Advanced_vs_Early","Advanced","Early","WT1",-0.124591460981525,-0.476125299544545,0.643679270524788,0.904498059261285,4,3
"Mac-Cycling","Advanced_vs_Early","Advanced","Early","MAFK",0.102631677109705,0.472646072661384,0.646079370456002,0.904498059261285,4,3
"Mac-Cycling","Advanced_vs_Early","Advanced","Early","TAL1",0.0899089061606739,0.466131897779211,0.650584459363387,0.904498059261285,4,3
"Mac-Cycling","Advanced_vs_Early","Advanced","Early","USF2",0.118744104406089,0.46055232019191,0.654454887850476,0.904498059261285,4,3
"Mac-Cycling","Advanced_vs_Early","Advanced","Early","CREM",0.0994254978388107,0.44833904701372,0.662964132374237,0.904498059261285,4,3
"Mac-Cycling","Advanced_vs_Early","Advanced","Early","SMAD1",0.107875550462644,0.448153576921803,0.663093742820833,0.904498059261285,4,3
"Mac-Cycling","Advanced_vs_Early","Advanced","Early","TP63",-0.0903354022251696,-0.442758826619722,0.666868758550919,0.904498059261285,4,3
"Mac-Cycling","Advanced_vs_Early","Advanced","Early","NFE2",-0.091974786194775,-0.441649031153159,0.667646552273957,0.904498059261285,4,3
"Mac-Cycling","Advanced_vs_Early","Advanced","Early","MEF2C",-0.115503028087602,-0.436273534098032,0.671419724607977,0.904498059261285,4,3
"Mac-Cycling","Advanced_vs_Early","Advanced","Early","KDM5B",-0.0835315258326867,-0.432962971340473,0.67374822299006,0.904498059261285,4,3
"Mac-Cycling","Advanced_vs_Early","Advanced","Early","GATA2",0.0855528159738905,0.432065767352561,0.674379894850474,0.904498059261285,4,3
"Mac-Cycling","Advanced_vs_Early","Advanced","Early","NR5A1",-0.0822126786258831,-0.430488489863767,0.675491007377234,0.904498059261285,4,3
"Mac-Cycling","Advanced_vs_Early","Advanced","Early","HNF1B",0.0836100597335175,0.423004281495145,0.680774282724402,0.904498059261285,4,3
"Mac-Cycling","Advanced_vs_Early","Advanced","Early","SREBF1",-0.107828418063004,-0.419901039871076,0.682970236061347,0.904498059261285,4,3
"Mac-Cycling","Advanced_vs_Early","Advanced","Early","ZNF592",0.0877927630701175,0.418069974171405,0.684267404302517,0.904498059261285,4,3
"Mac-Cycling","Advanced_vs_Early","Advanced","Early","E2F4",0.0851023779338481,0.40475961397892,0.693728684285927,0.904498059261285,4,3
"Mac-Cycling","Advanced_vs_Early","Advanced","Early","JUNB",-0.109539416196788,-0.399024208868297,0.697822601163245,0.904498059261285,4,3
"Mac-Cycling","Advanced_vs_Early","Advanced","Early","MYCN",-0.0802572510124164,-0.398568675961483,0.698148194512568,0.904498059261285,4,3
"Mac-Cycling","Advanced_vs_Early","Advanced","Early","CLOCK",0.13072232266539,0.396929883491278,0.699320052619335,0.904498059261285,4,3
"Mac-Cycling","Advanced_vs_Early","Advanced","Early","NEUROD1",0.0772713424333926,0.39471864499392,0.700902555147121,0.904498059261285,4,3
"Mac-Cycling","Advanced_vs_Early","Advanced","Early","YY1",0.072614648771276,0.384053887943659,0.708555743817046,0.910040789452226,4,3
"Mac-Cycling","Advanced_vs_Early","Advanced","Early","DUX4",-0.0957902362066078,-0.372211191674661,0.71709394727685,0.916065672977617,4,3
"Mac-Cycling","Advanced_vs_Early","Advanced","Early","NCOA1",-0.0761880261763675,-0.363985183858434,0.723048688865705,0.916065672977617,4,3
"Mac-Cycling","Advanced_vs_Early","Advanced","Early","RFX2",0.0597532127520551,0.35759921499257,0.727684771157961,0.916065672977617,4,3
"Mac-Cycling","Advanced_vs_Early","Advanced","Early","PKNOX1",0.0754746330471982,0.355066993149896,0.729526296155046,0.916065672977617,4,3
"Mac-Cycling","Advanced_vs_Early","Advanced","Early","PRDM1",0.0749115067960945,0.354212272587574,0.730148285472934,0.916065672977617,4,3
"Mac-Cycling","Advanced_vs_Early","Advanced","Early","NRF1",0.0778298101656121,0.34470516679052,0.737080351151192,0.920501268027526,4,3
"Mac-Cycling","Advanced_vs_Early","Advanced","Early","FOXM1",0.0558332928367417,0.331938706456666,0.746427607745651,0.920877578211116,4,3
"Mac-Cycling","Advanced_vs_Early","Advanced","Early","NFYB",0.0613180035769218,0.32918100994402,0.748452416140247,0.920877578211116,4,3
"Mac-Cycling","Advanced_vs_Early","Advanced","Early","ARID2",0.0883598952627874,0.326507204228137,0.750417531396831,0.920877578211116,4,3
"Mac-Cycling","Advanced_vs_Early","Advanced","Early","NFE2L2",-0.0564766658672946,-0.325750559739412,0.750973965995043,0.920877578211116,4,3
"Mac-Cycling","Advanced_vs_Early","Advanced","Early","STAT6",-0.0938992649642905,-0.296263912352508,0.7727711826812,0.943337795074798,4,3
"Mac-Cycling","Advanced_vs_Early","Advanced","Early","HNF1A",-0.0528646274545851,-0.286649679007414,0.77992403964567,0.94776880825545,4,3
"Mac-Cycling","Advanced_vs_Early","Advanced","Early","PGR",0.054618489668793,0.280535365265375,0.784484200732716,0.94776880825545,4,3
"Mac-Cycling","Advanced_vs_Early","Advanced","Early","ZNF24",0.0539183373417128,0.268354539836941,0.793594061112742,0.94776880825545,4,3
"Mac-Cycling","Advanced_vs_Early","Advanced","Early","FOSL1",-0.0693825599882663,-0.267776526090629,0.794027165689804,0.94776880825545,4,3
"Mac-Cycling","Advanced_vs_Early","Advanced","Early","TP73",0.0598070493943461,0.267361463714517,0.794338216094631,0.94776880825545,4,3
"Mac-Cycling","Advanced_vs_Early","Advanced","Early","ELF1",-0.0624513906453403,-0.2605908056996,0.799417452217231,0.94776880825545,4,3
"Mac-Cycling","Advanced_vs_Early","Advanced","Early","HMBOX1",-0.0670146965317395,-0.258640806289816,0.800882129485232,0.94776880825545,4,3
"Mac-Cycling","Advanced_vs_Early","Advanced","Early","GATA1",-0.0463690586731587,-0.252554946509737,0.805458464360319,0.949040190615854,4,3
"Mac-Cycling","Advanced_vs_Early","Advanced","Early","SMAD4",0.04292187841235,0.241822225650271,0.813547622207699,0.954421669343232,4,3
"Mac-Cycling","Advanced_vs_Early","Advanced","Early","HINFP",-0.0382817335414241,-0.22640807438101,0.825204932603025,0.9554517795362,4,3
"Mac-Cycling","Advanced_vs_Early","Advanced","Early","PAX8",0.0422922430539884,0.225523882824293,0.825874996494542,0.9554517795362,4,3
"Mac-Cycling","Advanced_vs_Early","Advanced","Early","SP4",-0.0515094368986917,-0.221255681034391,0.829111591321308,0.9554517795362,4,3
"Mac-Cycling","Advanced_vs_Early","Advanced","Early","NFKB1",-0.105228896184056,-0.2212456970568,0.829119166142018,0.9554517795362,4,3
"Mac-Cycling","Advanced_vs_Early","Advanced","Early","MBD1",-0.0632902275228914,-0.214780420349206,0.834028150181178,0.9554517795362,4,3
"Mac-Cycling","Advanced_vs_Early","Advanced","Early","MNT",-0.053467009143532,-0.212739161507663,0.835579600553798,0.9554517795362,4,3
"Mac-Cycling","Advanced_vs_Early","Advanced","Early","BATF",0.0446133195659815,0.204922499565799,0.841527356114591,0.95598831122267,4,3
"Mac-Cycling","Advanced_vs_Early","Advanced","Early","KLF1",0.043726024170504,0.202852641747655,0.843104082591211,0.95598831122267,4,3
"Mac-Cycling","Advanced_vs_Early","Advanced","Early","STAT3",-0.0685294013404619,-0.194656916757824,0.849354246704145,0.956672845117445,4,3
"Mac-Cycling","Advanced_vs_Early","Advanced","Early","GATA4",-0.0385368644969565,-0.190727112047823,0.852355053734191,0.956672845117445,4,3
"Mac-Cycling","Advanced_vs_Early","Advanced","Early","CEBPD",-0.0398747319296098,-0.188184039759643,0.854298260215578,0.956672845117445,4,3
"Mac-Cycling","Advanced_vs_Early","Advanced","Early","FOXO3",0.0446958096291767,0.160430511578022,0.87556836751348,0.972698173819694,4,3
"Mac-Cycling","Advanced_vs_Early","Advanced","Early","ATF6",-0.0306276914850065,-0.160145604265742,0.875787285653156,0.972698173819694,4,3
"Mac-Cycling","Advanced_vs_Early","Advanced","Early","SOX2",-0.0264873691069808,-0.146320603255006,0.886422939876869,0.977223281465375,4,3
"Mac-Cycling","Advanced_vs_Early","Advanced","Early","ATF7",-0.037282469864246,-0.145475935632829,0.887073532252702,0.977223281465375,4,3
"Mac-Cycling","Advanced_vs_Early","Advanced","Early","POU4F2",-0.0261706513734705,-0.137127653608869,0.893508288296694,0.97727073536471,4,3
"Mac-Cycling","Advanced_vs_Early","Advanced","Early","ZNF740",-0.0334316370347044,-0.136063727282499,0.89432893863634,0.97727073536471,4,3
"Mac-Cycling","Advanced_vs_Early","Advanced","Early","SRF",0.0284939439286964,0.124251259444944,0.903448881227889,0.97755724738986,4,3
"Mac-Cycling","Advanced_vs_Early","Advanced","Early","NR1H3",-0.0268620497803869,-0.122913859664203,0.904482383268398,0.97755724738986,4,3
"Mac-Cycling","Advanced_vs_Early","Advanced","Early","FOXA1",-0.0285760563457325,-0.118850138937546,0.907623834818706,0.97755724738986,4,3
"Mac-Cycling","Advanced_vs_Early","Advanced","Early","ZEB2",0.0209796542427638,0.117044749311283,0.909020023403117,0.97755724738986,4,3
"Mac-Cycling","Advanced_vs_Early","Advanced","Early","ARNTL",0.0428016749326632,0.103248115696624,0.91969987123062,0.98513306365019,4,3
"Mac-Cycling","Advanced_vs_Early","Advanced","Early","GABPA",-0.0229434486388225,-0.0934381170456569,0.927303957897619,0.987142098983957,4,3
"Mac-Cycling","Advanced_vs_Early","Advanced","Early","PBX2",0.0208709092430606,0.0905316642533491,0.929558355466474,0.987142098983957,4,3
"Mac-Cycling","Advanced_vs_Early","Advanced","Early","ZNF639",0.0172883277754006,0.0847730368488307,0.934026946275945,0.987142098983957,4,3
"Mac-Cycling","Advanced_vs_Early","Advanced","Early","TCF7",-0.0168704066693156,-0.0776540333820662,0.939554446207951,0.987142098983957,4,3
"Mac-Cycling","Advanced_vs_Early","Advanced","Early","SREBF2",0.0197600557976089,0.0756690719008658,0.941096264752478,0.987142098983957,4,3
"Mac-Cycling","Advanced_vs_Early","Advanced","Early","SOX6",-0.0147127176760359,-0.067824236154583,0.947192155788102,0.987142098983957,4,3
"Mac-Cycling","Advanced_vs_Early","Advanced","Early","PROX1",0.0118639180931347,0.0589306591363279,0.954107250926386,0.987142098983957,4,3
"Mac-Cycling","Advanced_vs_Early","Advanced","Early","NANOG",-0.0157051930423803,-0.0552985177873234,0.956932554002923,0.987142098983957,4,3
"Mac-Cycling","Advanced_vs_Early","Advanced","Early","RUNX1",-0.00943710334676145,-0.0539916333791713,0.957949283184641,0.987142098983957,4,3
"Mac-Cycling","Advanced_vs_Early","Advanced","Early","NCOA2",-0.0144910575100496,-0.0539246810948189,0.958001372814689,0.987142098983957,4,3
"Mac-Cycling","Advanced_vs_Early","Advanced","Early","RELA",-0.0231173816444555,-0.043957089915219,0.965758426863982,0.991365657879315,4,3
"Mac-Cycling","Advanced_vs_Early","Advanced","Early","ARID3A",-0.00621573235541949,-0.0305341051841039,0.976210288478965,0.992286490788015,4,3
"Mac-Cycling","Advanced_vs_Early","Advanced","Early","CEBPG",0.00620421787360495,0.0277054017897582,0.978413537284408,0.992286490788015,4,3
"Mac-Cycling","Advanced_vs_Early","Advanced","Early","SP2",0.0067787046752078,0.0250728639231809,0.980464164922625,0.992286490788015,4,3
"Mac-Cycling","Advanced_vs_Early","Advanced","Early","MEF2B",0.00632045148054009,0.023997626671434,0.981301769487778,0.992286490788015,4,3
"Mac-Cycling","Advanced_vs_Early","Advanced","Early","LHX2",0.00372303346113586,0.0185598028460501,0.985538148095469,0.9928655692709,4,3
"Mac-Cycling","Advanced_vs_Early","Advanced","Early","SPI1",-0.00322797296747301,-0.012520532899085,0.990243630571101,0.993911199573216,4,3
"Mac-Cycling","Advanced_vs_Early","Advanced","Early","CDX2",-0.00025094570974354,-0.00144783671864025,0.998871770985302,0.998871770985302,4,3
"Mac-FOLR2-LYVE1-resident","Early_vs_Non-malignant","Early","Non-malignant","RELA",2.14762387011312,4.50399237603426,1.87846370993123e-05,0.00509063665391363,3,3
"Mac-FOLR2-LYVE1-resident","Early_vs_Non-malignant","Early","Non-malignant","PPARG",-2.05494446470499,-4.11041304401969,8.3266386858821e-05,0.0112825954193703,3,3
"Mac-FOLR2-LYVE1-resident","Early_vs_Non-malignant","Early","Non-malignant","NFKB1",1.83094408793888,3.83926283056686,0.000221246833136039,0.0199859639266222,3,3
"Mac-FOLR2-LYVE1-resident","Early_vs_Non-malignant","Early","Non-malignant","KLF6",-1.73734769772322,-3.55769504753822,0.000583436199849841,0.0373779562696493,3,3
"Mac-FOLR2-LYVE1-resident","Early_vs_Non-malignant","Early","Non-malignant","LYL1",-1.73737394524853,-3.46981654220085,0.000781894607692864,0.0373779562696493,3,3
"Mac-FOLR2-LYVE1-resident","Early_vs_Non-malignant","Early","Non-malignant","FOSL1",1.67178991834833,3.44846830143479,0.000838923816801768,0.0373779562696493,3,3
"Mac-FOLR2-LYVE1-resident","Early_vs_Non-malignant","Early","Non-malignant","IRF1",1.60043964909388,3.40559790641231,0.000965482265267695,0.0373779562696493,3,3
"Mac-FOLR2-LYVE1-resident","Early_vs_Non-malignant","Early","Non-malignant","RFX5",1.63210483274007,3.35684314142269,0.00113116926061908,0.0383183587034715,3,3
"Mac-FOLR2-LYVE1-resident","Early_vs_Non-malignant","Early","Non-malignant","ATF6",-1.47339906311233,-3.08620829708077,0.00264965350346527,0.0797840110487874,3,3
"Mac-FOLR2-LYVE1-resident","Early_vs_Non-malignant","Early","Non-malignant","ATF2",1.40857140165102,2.9618549294053,0.00385444168858215,0.104455369760576,3,3
"Mac-FOLR2-LYVE1-resident","Early_vs_Non-malignant","Early","Non-malignant","TWIST1",1.33689646780137,2.81910973610995,0.00584992387413235,0.14412085180817,3,3
"Mac-FOLR2-LYVE1-resident","Early_vs_Non-malignant","Early","Non-malignant","BHLHE40",1.36823524386295,2.74264039271888,0.00727250454683724,0.164237394349408,3,3
"Mac-FOLR2-LYVE1-resident","Early_vs_Non-malignant","Early","Non-malignant","NFKB2",-1.27752894324103,-2.68879050240476,0.00845633618551646,0.176282085098074,3,3
"Mac-FOLR2-LYVE1-resident","Early_vs_Non-malignant","Early","Non-malignant","XBP1",-1.20295743501404,-2.53255750403397,0.012945840991229,0.250594493473075,3,3
"Mac-FOLR2-LYVE1-resident","Early_vs_Non-malignant","Early","Non-malignant","TBX21",1.17015818979398,2.47805330329663,0.0149573611329958,0.27022965780279,3,3
"Mac-FOLR2-LYVE1-resident","Early_vs_Non-malignant","Early","Non-malignant","RELB",1.12349873808343,2.38286282639244,0.0191490202829423,0.316499509943239,3,3
"Mac-FOLR2-LYVE1-resident","Early_vs_Non-malignant","Early","Non-malignant","STAT2",1.14452454327745,2.3687095101344,0.0198542128008674,0.316499509943239,3,3
"Mac-FOLR2-LYVE1-resident","Early_vs_Non-malignant","Early","Non-malignant","CREM",-1.07670759528245,-2.28975029738078,0.0242268181675983,0.347502037386587,3,3
"Mac-FOLR2-LYVE1-resident","Early_vs_Non-malignant","Early","Non-malignant","KLF1",-1.1021853018195,-2.28748976880153,0.0243636114772884,0.347502037386587,3,3
"Mac-FOLR2-LYVE1-resident","Early_vs_Non-malignant","Early","Non-malignant","STAT1",1.05429235659729,2.20126521431582,0.0301148352073413,0.389494254455191,3,3
"Mac-FOLR2-LYVE1-resident","Early_vs_Non-malignant","Early","Non-malignant","PKNOX1",-1.06049358826188,-2.20034376865224,0.0301822115998488,0.389494254455191,3,3
"Mac-FOLR2-LYVE1-resident","Early_vs_Non-malignant","Early","Non-malignant","JUN",0.992005841564424,2.10495502062218,0.0379078113702908,0.466955312788582,3,3
"Mac-FOLR2-LYVE1-resident","Early_vs_Non-malignant","Early","Non-malignant","FOXM1",0.952418568039982,1.99595668984649,0.0487730817621044,0.521621830242089,3,3
"Mac-FOLR2-LYVE1-resident","Early_vs_Non-malignant","Early","Non-malignant","TCF12",-0.934789667737023,-1.97090740769116,0.0516155794017693,0.521621830242089,3,3
"Mac-FOLR2-LYVE1-resident","Early_vs_Non-malignant","Early","Non-malignant","IRF9",0.922939581321578,1.96285951864358,0.0525582089364849,0.521621830242089,3,3
"Mac-FOLR2-LYVE1-resident","Early_vs_Non-malignant","Early","Non-malignant","IRF3",0.938463404131848,1.95915445651242,0.0529970636453944,0.521621830242089,3,3
"Mac-FOLR2-LYVE1-resident","Early_vs_Non-malignant","Early","Non-malignant","E2F4",0.945616877637168,1.92445661517089,0.0572599132353843,0.521621830242089,3,3
"Mac-FOLR2-LYVE1-resident","Early_vs_Non-malignant","Early","Non-malignant","ZEB2",0.883445314892611,1.89865608289987,0.0606143615563246,0.521621830242089,3,3
"Mac-FOLR2-LYVE1-resident","Early_vs_Non-malignant","Early","Non-malignant","NR4A1",-0.895502656886631,-1.89220673706333,0.0614782508576416,0.521621830242089,3,3
"Mac-FOLR2-LYVE1-resident","Early_vs_Non-malignant","Early","Non-malignant","PPARA",-0.882859660081134,-1.86830276309553,0.0647709986182283,0.521621830242089,3,3
"Mac-FOLR2-LYVE1-resident","Early_vs_Non-malignant","Early","Non-malignant","IRF4",0.87257725292499,1.86119937832305,0.0657775146453798,0.521621830242089,3,3
"Mac-FOLR2-LYVE1-resident","Early_vs_Non-malignant","Early","Non-malignant","HOXB13",-0.858986342081363,-1.84610366503844,0.0679600299465976,0.521621830242089,3,3
"Mac-FOLR2-LYVE1-resident","Early_vs_Non-malignant","Early","Non-malignant","ZNF740",0.871977116648603,1.83936385905558,0.0689538172130082,0.521621830242089,3,3
"Mac-FOLR2-LYVE1-resident","Early_vs_Non-malignant","Early","Non-malignant","TGIF2",-0.850487615830561,-1.82393935376942,0.0712738601761753,0.521621830242089,3,3
"Mac-FOLR2-LYVE1-resident","Early_vs_Non-malignant","Early","Non-malignant","NR2C2",-0.854346165455845,-1.81703386798679,0.0723334001412418,0.521621830242089,3,3
"Mac-FOLR2-LYVE1-resident","Early_vs_Non-malignant","Early","Non-malignant","EGR1",-0.871992820179865,-1.8151597130333,0.0726232097568272,0.521621830242089,3,3
"Mac-FOLR2-LYVE1-resident","Early_vs_Non-malignant","Early","Non-malignant","TEAD1",-0.845332417001427,-1.81487975151357,0.0726665843183642,0.521621830242089,3,3
"Mac-FOLR2-LYVE1-resident","Early_vs_Non-malignant","Early","Non-malignant","CEBPD",0.856249238577353,1.8118167520724,0.0731425444619904,0.521621830242089,3,3
"Mac-FOLR2-LYVE1-resident","Early_vs_Non-malignant","Early","Non-malignant","SREBF2",-0.88139673341761,-1.7989490844063,0.0751704393012457,0.522338180785579,3,3
"Mac-FOLR2-LYVE1-resident","Early_vs_Non-malignant","Early","Non-malignant","ESR1",-0.835068753018953,-1.76826233131324,0.0801952309924214,0.543322689973655,3,3
"Mac-FOLR2-LYVE1-resident","Early_vs_Non-malignant","Early","Non-malignant","IRF2",0.815173041491477,1.73205372987309,0.086477358330608,0.571594246526702,3,3
"Mac-FOLR2-LYVE1-resident","Early_vs_Non-malignant","Early","Non-malignant","FOSL2",0.786569005763531,1.6820229636231,0.0958161276847599,0.601711890475284,3,3
"Mac-FOLR2-LYVE1-resident","Early_vs_Non-malignant","Early","Non-malignant","E2F6",0.787557057454628,1.67032975958372,0.0981130752756772,0.601711890475284,3,3
"Mac-FOLR2-LYVE1-resident","Early_vs_Non-malignant","Early","Non-malignant","THAP11",0.792607902149963,1.66711588901358,0.098752158048903,0.601711890475284,3,3
"Mac-FOLR2-LYVE1-resident","Early_vs_Non-malignant","Early","Non-malignant","CEBPA",0.778463939945034,1.66130981592558,0.0999152585660065,0.601711890475284,3,3
"Mac-FOLR2-LYVE1-resident","Early_vs_Non-malignant","Early","Non-malignant","MAZ",-0.765594070722813,-1.62830567344797,0.106739168556372,0.618870945391645,3,3
"Mac-FOLR2-LYVE1-resident","Early_vs_Non-malignant","Early","Non-malignant","NCOA2",0.780391864949414,1.62095071298229,0.108309882511061,0.618870945391645,3,3
"Mac-FOLR2-LYVE1-resident","Early_vs_Non-malignant","Early","Non-malignant","MAFF",-0.77549531259719,-1.60847794470697,0.111015966189102,0.618870945391645,3,3
"Mac-FOLR2-LYVE1-resident","Early_vs_Non-malignant","Early","Non-malignant","ETS2",0.745526571204536,1.59111146528631,0.114873777638265,0.618870945391645,3,3
"Mac-FOLR2-LYVE1-resident","Early_vs_Non-malignant","Early","Non-malignant","FOXA1",0.756214141642072,1.58513749048614,0.116225344249531,0.618870945391645,3,3
"Mac-FOLR2-LYVE1-resident","Early_vs_Non-malignant","Early","Non-malignant","EHF",0.756895746904727,1.57554763318977,0.118421482918845,0.618870945391645,3,3
"Mac-FOLR2-LYVE1-resident","Early_vs_Non-malignant","Early","Non-malignant","RUNX3",-0.733388170552407,-1.57038815948279,0.119616639216686,0.618870945391645,3,3
"Mac-FOLR2-LYVE1-resident","Early_vs_Non-malignant","Early","Non-malignant","FOXL2",0.777007635136201,1.56432317290652,0.121033801128255,0.618870945391645,3,3
"Mac-FOLR2-LYVE1-resident","Early_vs_Non-malignant","Early","Non-malignant","MAF",-0.750926747631442,-1.5524351696002,0.123850267962066,0.619020571947474,3,3
"Mac-FOLR2-LYVE1-resident","Early_vs_Non-malignant","Early","Non-malignant","NR1H3",0.765010873635919,1.54087542747851,0.126638539517618,0.619020571947474,3,3
"Mac-FOLR2-LYVE1-resident","Early_vs_Non-malignant","Early","Non-malignant","CREB3",-0.714474672315423,-1.52671417436467,0.130121693053545,0.619020571947474,3,3
"Mac-FOLR2-LYVE1-resident","Early_vs_Non-malignant","Early","Non-malignant","REL",0.715865039230956,1.52639966839518,0.130199898896701,0.619020571947474,3,3
"Mac-FOLR2-LYVE1-resident","Early_vs_Non-malignant","Early","Non-malignant","JUND",0.718417049913978,1.49723026803907,0.137615638748829,0.642997208636771,3,3
"Mac-FOLR2-LYVE1-resident","Early_vs_Non-malignant","Early","Non-malignant","SMAD3",-0.699223440388557,-1.48391570939321,0.141108730859502,0.64814349259195,3,3
"Mac-FOLR2-LYVE1-resident","Early_vs_Non-malignant","Early","Non-malignant","SP1",-0.70516157866798,-1.45874390878199,0.147901285878572,0.659637069619,3,3
"Mac-FOLR2-LYVE1-resident","Early_vs_Non-malignant","Early","Non-malignant","ELF5",0.664644720710728,1.43251028602603,0.155247619028094,0.659637069619,3,3
"Mac-FOLR2-LYVE1-resident","Early_vs_Non-malignant","Early","Non-malignant","CREB1",0.663644577459389,1.42822673146617,0.156473444778065,0.659637069619,3,3
"Mac-FOLR2-LYVE1-resident","Early_vs_Non-malignant","Early","Non-malignant","NFIC",-0.669095534319446,-1.42815670125711,0.156493547104833,0.659637069619,3,3
"Mac-FOLR2-LYVE1-resident","Early_vs_Non-malignant","Early","Non-malignant","ZNF263",0.688309239056659,1.42793560005127,0.15655702775162,0.659637069619,3,3
"Mac-FOLR2-LYVE1-resident","Early_vs_Non-malignant","Early","Non-malignant","EOMES",0.664593142939139,1.41499473341771,0.160307154825022,0.659637069619,3,3
"Mac-FOLR2-LYVE1-resident","Early_vs_Non-malignant","Early","Non-malignant","MEF2A",-0.702009177203695,-1.4115399973619,0.161319873486641,0.659637069619,3,3
"Mac-FOLR2-LYVE1-resident","Early_vs_Non-malignant","Early","Non-malignant","MYC",-0.659997408623859,-1.4015954810661,0.164262398009203,0.659637069619,3,3
"Mac-FOLR2-LYVE1-resident","Early_vs_Non-malignant","Early","Non-malignant","FOXJ2",-0.652801350314361,-1.3968750879549,0.165673428860114,0.659637069619,3,3
"Mac-FOLR2-LYVE1-resident","Early_vs_Non-malignant","Early","Non-malignant","STAT5B",0.64938860429995,1.38931732465669,0.167951873814432,0.659637069619,3,3
"Mac-FOLR2-LYVE1-resident","Early_vs_Non-malignant","Early","Non-malignant","ZBED1",0.619941149819357,1.33280872831454,0.185750685796897,0.719120512156557,3,3
"Mac-FOLR2-LYVE1-resident","Early_vs_Non-malignant","Early","Non-malignant","EBF1",-0.624713092106093,-1.30383754596247,0.195408276500858,0.744003746692244,3,3
"Mac-FOLR2-LYVE1-resident","Early_vs_Non-malignant","Early","Non-malignant","ZNF217",-0.615613059138613,-1.28913137848196,0.200451442307157,0.744003746692244,3,3
"Mac-FOLR2-LYVE1-resident","Early_vs_Non-malignant","Early","Non-malignant","STAT5A",0.603484639938628,1.28835623826863,0.200719912967422,0.744003746692244,3,3
"Mac-FOLR2-LYVE1-resident","Early_vs_Non-malignant","Early","Non-malignant","ETS1",0.601949269193383,1.27665720426788,0.204804304097805,0.744003746692244,3,3
"Mac-FOLR2-LYVE1-resident","Early_vs_Non-malignant","Early","Non-malignant","SPI1",0.597947943379197,1.27353371390182,0.205905095948038,0.744003746692244,3,3
"Mac-FOLR2-LYVE1-resident","Early_vs_Non-malignant","Early","Non-malignant","POU5F1",0.599936140796634,1.2595958584454,0.210870351351196,0.748495090478091,3,3
"Mac-FOLR2-LYVE1-resident","Early_vs_Non-malignant","Early","Non-malignant","MAX",-0.59939995879719,-1.25459806477039,0.212672036777908,0.748495090478091,3,3
"Mac-FOLR2-LYVE1-resident","Early_vs_Non-malignant","Early","Non-malignant","SIX2",-0.57013056082749,-1.21226096600465,0.228388916685694,0.793505082331064,3,3
"Mac-FOLR2-LYVE1-resident","Early_vs_Non-malignant","Early","Non-malignant","IKZF1",-0.561392330443534,-1.18296544423974,0.239745573211674,0.809893959913968,3,3
"Mac-FOLR2-LYVE1-resident","Early_vs_Non-malignant","Early","Non-malignant","MEIS1",0.550933915626095,1.17894203372623,0.241336333084808,0.809893959913968,3,3
"Mac-FOLR2-LYVE1-resident","Early_vs_Non-malignant","Early","Non-malignant","AHR",-0.54720317011829,-1.17708870985872,0.24207162639495,0.809893959913968,3,3
"Mac-FOLR2-LYVE1-resident","Early_vs_Non-malignant","Early","Non-malignant","NR5A1",-0.561269072004524,-1.1672906277684,0.245985551311728,0.811873657950591,3,3
"Mac-FOLR2-LYVE1-resident","Early_vs_Non-malignant","Early","Non-malignant","ARNT",-0.545037719595945,-1.15449944484795,0.251162614119795,0.811873657950591,3,3
"Mac-FOLR2-LYVE1-resident","Early_vs_Non-malignant","Early","Non-malignant","ZNF143",-0.546316137862785,-1.14711959391729,0.254184407786169,0.811873657950591,3,3
"Mac-FOLR2-LYVE1-resident","Early_vs_Non-malignant","Early","Non-malignant","ZEB1",0.551991230083342,1.14599601460046,0.254646719283396,0.811873657950591,3,3
"Mac-FOLR2-LYVE1-resident","Early_vs_Non-malignant","Early","Non-malignant","POU2F2",0.528643816625749,1.12984402514565,0.261358379642653,0.817798854704015,3,3
"Mac-FOLR2-LYVE1-resident","Early_vs_Non-malignant","Early","Non-malignant","SNAPC4",0.519922929964588,1.10252871562144,0.272989475794241,0.817798854704015,3,3
"Mac-FOLR2-LYVE1-resident","Early_vs_Non-malignant","Early","Non-malignant","PAX8",-0.513750458214947,-1.09940172693113,0.274343567842272,0.817798854704015,3,3
"Mac-FOLR2-LYVE1-resident","Early_vs_Non-malignant","Early","Non-malignant","HHEX",0.509956964969168,1.09203346453922,0.277552680454833,0.817798854704015,3,3
"Mac-FOLR2-LYVE1-resident","Early_vs_Non-malignant","Early","Non-malignant","ASCL1",-0.512776310145288,-1.08868755882857,0.27901846895893,0.817798854704015,3,3
"Mac-FOLR2-LYVE1-resident","Early_vs_Non-malignant","Early","Non-malignant","CEBPG",-0.503123942930183,-1.08218205867005,0.281883710606461,0.817798854704015,3,3
"Mac-FOLR2-LYVE1-resident","Early_vs_Non-malignant","Early","Non-malignant","ZNF274",-0.523234167008742,-1.08093888436435,0.282433545468192,0.817798854704015,3,3
"Mac-FOLR2-LYVE1-resident","Early_vs_Non-malignant","Early","Non-malignant","LEF1",0.49812491008561,1.06690173865143,0.288693191182213,0.817798854704015,3,3
"Mac-FOLR2-LYVE1-resident","Early_vs_Non-malignant","Early","Non-malignant","TBP",-0.4942094013917,-1.05954217734665,0.292012747011428,0.817798854704015,3,3
"Mac-FOLR2-LYVE1-resident","Early_vs_Non-malignant","Early","Non-malignant","BHLHE22",0.499285035787039,1.05692208296556,0.29320081294859,0.817798854704015,3,3
"Mac-FOLR2-LYVE1-resident","Early_vs_Non-malignant","Early","Non-malignant","MAFG",-0.501881230714855,-1.05241243238621,0.295253393347357,0.817798854704015,3,3
"Mac-FOLR2-LYVE1-resident","Early_vs_Non-malignant","Early","Non-malignant","MAFK",-0.493399896983278,-1.05170124156215,0.29557798415787,0.817798854704015,3,3
"Mac-FOLR2-LYVE1-resident","Early_vs_Non-malignant","Early","Non-malignant","BATF",0.492686466422214,1.04900424028023,0.296811112776657,0.817798854704015,3,3
"Mac-FOLR2-LYVE1-resident","Early_vs_Non-malignant","Early","Non-malignant","FOXP2",-0.493190368097653,-1.04477229435147,0.298753087142795,0.817798854704015,3,3
"Mac-FOLR2-LYVE1-resident","Early_vs_Non-malignant","Early","Non-malignant","KLF5",0.494608975867032,1.02552590409509,0.307693468682056,0.831471748054321,3,3
"Mac-FOLR2-LYVE1-resident","Early_vs_Non-malignant","Early","Non-malignant","TEAD2",-0.47510578769326,-1.01595841732638,0.312204045289146,0.831471748054321,3,3
"Mac-FOLR2-LYVE1-resident","Early_vs_Non-malignant","Early","Non-malignant","SP4",0.478053909735147,1.01437990172807,0.312952466057346,0.831471748054321,3,3
"Mac-FOLR2-LYVE1-resident","Early_vs_Non-malignant","Early","Non-malignant","E2F5",-0.464960748939615,-0.997539713173224,0.321011537503663,0.836795598635103,3,3
"Mac-FOLR2-LYVE1-resident","Early_vs_Non-malignant","Early","Non-malignant","WT1",-0.470489659971757,-0.991629752585654,0.323872182245427,0.836795598635103,3,3
"Mac-FOLR2-LYVE1-resident","Early_vs_Non-malignant","Early","Non-malignant","TCF3",0.465498120036853,0.987893231126787,0.325689477376308,0.836795598635103,3,3
"Mac-FOLR2-LYVE1-resident","Early_vs_Non-malignant","Early","Non-malignant","MNT",0.478727086441121,0.984577996339803,0.32730750352517,0.836795598635103,3,3
"Mac-FOLR2-LYVE1-resident","Early_vs_Non-malignant","Early","Non-malignant","CLOCK",0.466506041557696,0.977497650136063,0.330780840356462,0.837772034921508,3,3
"Mac-FOLR2-LYVE1-resident","Early_vs_Non-malignant","Early","Non-malignant","EPAS1",-0.452936783489628,-0.956326581306933,0.341310469280214,0.851613185229045,3,3
"Mac-FOLR2-LYVE1-resident","Early_vs_Non-malignant","Early","Non-malignant","PBX2",-0.455237137442202,-0.953900718926539,0.342530764538619,0.851613185229045,3,3
"Mac-FOLR2-LYVE1-resident","Early_vs_Non-malignant","Early","Non-malignant","POU2F1",-0.440982089637844,-0.942243958752274,0.348433988273404,0.858414643837205,3,3
"Mac-FOLR2-LYVE1-resident","Early_vs_Non-malignant","Early","Non-malignant","SOX10",-0.435606603061662,-0.930061804979841,0.354673030664948,0.865913435227034,3,3
"Mac-FOLR2-LYVE1-resident","Early_vs_Non-malignant","Early","Non-malignant","MEF2C",-0.439052590021312,-0.920516835274719,0.359611196622467,0.870130663256147,3,3
"Mac-FOLR2-LYVE1-resident","Early_vs_Non-malignant","Early","Non-malignant","GATA6",-0.422291317125781,-0.90782436375763,0.366245347816314,0.87834061290461,3,3
"Mac-FOLR2-LYVE1-resident","Early_vs_Non-malignant","Early","Non-malignant","ESR2",-0.420152714209544,-0.896131014509158,0.372425445612673,0.885024227037518,3,3
"Mac-FOLR2-LYVE1-resident","Early_vs_Non-malignant","Early","Non-malignant","E2F7",0.41769037870328,0.88188457008985,0.380043025921354,0.885024227037518,3,3
"Mac-FOLR2-LYVE1-resident","Early_vs_Non-malignant","Early","Non-malignant","RFX1",-0.439262845319707,-0.880265163326982,0.380915039393496,0.885024227037518,3,3
"Mac-FOLR2-LYVE1-resident","Early_vs_Non-malignant","Early","Non-malignant","THAP1",-0.423391135963096,-0.877823987551614,0.382231912963584,0.885024227037518,3,3
"Mac-FOLR2-LYVE1-resident","Early_vs_Non-malignant","Early","Non-malignant","TP73",0.407570062802869,0.872044123313917,0.385361102547702,0.885024227037518,3,3
"Mac-FOLR2-LYVE1-resident","Early_vs_Non-malignant","Early","Non-malignant","STAT6",0.404596102601309,0.858026814808571,0.393015791471601,0.886857775493049,3,3
"Mac-FOLR2-LYVE1-resident","Early_vs_Non-malignant","Early","Non-malignant","NR2F6",0.399215949655224,0.852302680899942,0.396168402451673,0.886857775493049,3,3
"Mac-FOLR2-LYVE1-resident","Early_vs_Non-malignant","Early","Non-malignant","FOXO1",-0.398984061909579,-0.846850561947225,0.399185576704171,0.886857775493049,3,3
"Mac-FOLR2-LYVE1-resident","Early_vs_Non-malignant","Early","Non-malignant","PGR",-0.394959409701084,-0.846555319702045,0.399349362140321,0.886857775493049,3,3
"Mac-FOLR2-LYVE1-resident","Early_vs_Non-malignant","Early","Non-malignant","FOXO4",0.394531910918849,0.84069333013179,0.402609793037661,0.886857775493049,3,3
"Mac-FOLR2-LYVE1-resident","Early_vs_Non-malignant","Early","Non-malignant","NFYA",-0.394476611743486,-0.834994966949243,0.405794701701617,0.886857775493049,3,3
"Mac-FOLR2-LYVE1-resident","Early_vs_Non-malignant","Early","Non-malignant","MEIS2",-0.402725039727621,-0.820084681155145,0.414200326397344,0.8895660994559,3,3
"Mac-FOLR2-LYVE1-resident","Early_vs_Non-malignant","Early","Non-malignant","HNF4A",-0.381773359602313,-0.818320229921927,0.415201907526028,0.8895660994559,3,3
"Mac-FOLR2-LYVE1-resident","Early_vs_Non-malignant","Early","Non-malignant","ATF7",-0.385716213920201,-0.815367019703281,0.416881530003319,0.8895660994559,3,3
"Mac-FOLR2-LYVE1-resident","Early_vs_Non-malignant","Early","Non-malignant","NCOA1",-0.382527295982581,-0.805054214917227,0.422778721656383,0.895101824756874,3,3
"Mac-FOLR2-LYVE1-resident","Early_vs_Non-malignant","Early","Non-malignant","FOXO3",0.370344546695054,0.776080904492284,0.439609923414104,0.904716804479379,3,3
"Mac-FOLR2-LYVE1-resident","Early_vs_Non-malignant","Early","Non-malignant","MXI1",0.361071710089081,0.770881256356773,0.44267134158605,0.904716804479379,3,3
"Mac-FOLR2-LYVE1-resident","Early_vs_Non-malignant","Early","Non-malignant","BCL11A",0.358429230898433,0.7686315067883,0.443999764765105,0.904716804479379,3,3
"Mac-FOLR2-LYVE1-resident","Early_vs_Non-malignant","Early","Non-malignant","NFE2L1",-0.358267964321863,-0.760555286663362,0.448787581401442,0.904716804479379,3,3
"Mac-FOLR2-LYVE1-resident","Early_vs_Non-malignant","Early","Non-malignant","FOS",0.360059654870318,0.759140282166748,0.449629490866735,0.904716804479379,3,3
"Mac-FOLR2-LYVE1-resident","Early_vs_Non-malignant","Early","Non-malignant","NFYB",0.354370159839264,0.748579975659265,0.455941390746466,0.904716804479379,3,3
"Mac-FOLR2-LYVE1-resident","Early_vs_Non-malignant","Early","Non-malignant","SOX13",-0.353224068081978,-0.739637617192732,0.46132560346465,0.904716804479379,3,3
"Mac-FOLR2-LYVE1-resident","Early_vs_Non-malignant","Early","Non-malignant","HIF1A",-0.352293415994465,-0.731867807438565,0.466032974813119,0.904716804479379,3,3
"Mac-FOLR2-LYVE1-resident","Early_vs_Non-malignant","Early","Non-malignant","CTCF",-0.339314164524909,-0.728183785444255,0.468274389574988,0.904716804479379,3,3
"Mac-FOLR2-LYVE1-resident","Early_vs_Non-malignant","Early","Non-malignant","MYB",-0.336581787880497,-0.724781327663452,0.470349871105576,0.904716804479379,3,3
"Mac-FOLR2-LYVE1-resident","Early_vs_Non-malignant","Early","Non-malignant","KLF9",-0.343932331672579,-0.692179852481796,0.490496003796299,0.904716804479379,3,3
"Mac-FOLR2-LYVE1-resident","Early_vs_Non-malignant","Early","Non-malignant","PBX3",-0.329413363365083,-0.690185936207302,0.491743260502969,0.904716804479379,3,3
"Mac-FOLR2-LYVE1-resident","Early_vs_Non-malignant","Early","Non-malignant","NEUROD1",-0.321677829457323,-0.687758613027314,0.49326395729353,0.904716804479379,3,3
"Mac-FOLR2-LYVE1-resident","Early_vs_Non-malignant","Early","Non-malignant","ATF4",-0.329405824261685,-0.685933646142846,0.494408965778261,0.904716804479379,3,3
"Mac-FOLR2-LYVE1-resident","Early_vs_Non-malignant","Early","Non-malignant","GATA1",-0.319921235472403,-0.685445998389135,0.494715166699575,0.904716804479379,3,3
"Mac-FOLR2-LYVE1-resident","Early_vs_Non-malignant","Early","Non-malignant","TP63",0.318642774479311,0.68031109404882,0.497945686738196,0.904716804479379,3,3
"Mac-FOLR2-LYVE1-resident","Early_vs_Non-malignant","Early","Non-malignant","ETV4",0.317160237581678,0.67913756087893,0.498685588671713,0.904716804479379,3,3
"Mac-FOLR2-LYVE1-resident","Early_vs_Non-malignant","Early","Non-malignant","ZNF592",-0.318985854339964,-0.674942398575224,0.501335447197476,0.904716804479379,3,3
"Mac-FOLR2-LYVE1-resident","Early_vs_Non-malignant","Early","Non-malignant","ARID3A",-0.319823506360337,-0.673038761693441,0.502540366106765,0.904716804479379,3,3
"Mac-FOLR2-LYVE1-resident","Early_vs_Non-malignant","Early","Non-malignant","RFX2",-0.322830540312836,-0.66482454009991,0.507757393801536,0.904716804479379,3,3
"Mac-FOLR2-LYVE1-resident","Early_vs_Non-malignant","Early","Non-malignant","TCF7L2",0.312343616336384,0.66308059652318,0.50886871399801,0.904716804479379,3,3
"Mac-FOLR2-LYVE1-resident","Early_vs_Non-malignant","Early","Non-malignant","TCF4",-0.309962959693397,-0.661621247638663,0.509799671544604,0.904716804479379,3,3
"Mac-FOLR2-LYVE1-resident","Early_vs_Non-malignant","Early","Non-malignant","TFAP4",-0.308794176134313,-0.658659818722086,0.511691625083803,0.904716804479379,3,3
"Mac-FOLR2-LYVE1-resident","Early_vs_Non-malignant","Early","Non-malignant","CUX1",-0.307637526040355,-0.658577220175646,0.511744447717917,0.904716804479379,3,3
"Mac-FOLR2-LYVE1-resident","Early_vs_Non-malignant","Early","Non-malignant","TFAP2C",0.308444741356041,0.654687424155632,0.514235282536835,0.904716804479379,3,3
"Mac-FOLR2-LYVE1-resident","Early_vs_Non-malignant","Early","Non-malignant","YY1",0.311588330287244,0.648810317431579,0.518010805838924,0.904716804479379,3,3
"Mac-FOLR2-LYVE1-resident","Early_vs_Non-malignant","Early","Non-malignant","HINFP",-0.300257032303739,-0.64396494189627,0.521134449379543,0.904716804479379,3,3
"Mac-FOLR2-LYVE1-resident","Early_vs_Non-malignant","Early","Non-malignant","SOX9",0.299195006818167,0.639495290817052,0.524024585851958,0.904716804479379,3,3
"Mac-FOLR2-LYVE1-resident","Early_vs_Non-malignant","Early","Non-malignant","MBD1",0.3004182935415,0.626551963156237,0.532440745705995,0.904716804479379,3,3
"Mac-FOLR2-LYVE1-resident","Early_vs_Non-malignant","Early","Non-malignant","NFATC2",0.295030187714821,0.622552801114353,0.535055112321324,0.904716804479379,3,3
"Mac-FOLR2-LYVE1-resident","Early_vs_Non-malignant","Early","Non-malignant","SOX11",-0.289098531048702,-0.621444967287319,0.535780496120395,0.904716804479379,3,3
"Mac-FOLR2-LYVE1-resident","Early_vs_Non-malignant","Early","Non-malignant","HSF1",0.283318785348735,0.606910179131049,0.545343901217477,0.904716804479379,3,3
"Mac-FOLR2-LYVE1-resident","Early_vs_Non-malignant","Early","Non-malignant","FOXA2",0.283844996229765,0.606154803960225,0.545843255309334,0.904716804479379,3,3
"Mac-FOLR2-LYVE1-resident","Early_vs_Non-malignant","Early","Non-malignant","TEAD4",-0.278363075103243,-0.595896029221078,0.552647717140412,0.904716804479379,3,3
"Mac-FOLR2-LYVE1-resident","Early_vs_Non-malignant","Early","Non-malignant","RUNX1",-0.277209382162767,-0.587739473763514,0.558087811830936,0.904716804479379,3,3
"Mac-FOLR2-LYVE1-resident","Early_vs_Non-malignant","Early","Non-malignant","ESRRA",-0.281502448301888,-0.58198746222109,0.561940011364493,0.904716804479379,3,3
"Mac-FOLR2-LYVE1-resident","Early_vs_Non-malignant","Early","Non-malignant","HNF4G",-0.27022166870824,-0.568497389695005,0.57102536605092,0.904716804479379,3,3
"Mac-FOLR2-LYVE1-resident","Early_vs_Non-malignant","Early","Non-malignant","OTX2",-0.263689505632601,-0.564067748407055,0.574024077112974,0.904716804479379,3,3
"Mac-FOLR2-LYVE1-resident","Early_vs_Non-malignant","Early","Non-malignant","HMBOX1",0.266337715645778,0.561673682595608,0.575647922955879,0.904716804479379,3,3
"Mac-FOLR2-LYVE1-resident","Early_vs_Non-malignant","Early","Non-malignant","TP53",-0.265718056945304,-0.560993115115965,0.576109939921643,0.904716804479379,3,3
"Mac-FOLR2-LYVE1-resident","Early_vs_Non-malignant","Early","Non-malignant","MYOD1",-0.26103638428244,-0.558745937118577,0.577636743222148,0.904716804479379,3,3
"Mac-FOLR2-LYVE1-resident","Early_vs_Non-malignant","Early","Non-malignant","RXRA",0.260909547380819,0.558177328973904,0.578023379933454,0.904716804479379,3,3
"Mac-FOLR2-LYVE1-resident","Early_vs_Non-malignant","Early","Non-malignant","STAT4",0.262040384451336,0.553883120809346,0.58094730013995,0.904716804479379,3,3
"Mac-FOLR2-LYVE1-resident","Early_vs_Non-malignant","Early","Non-malignant","ARID2",0.271311983110187,0.553846274351364,0.580972419239406,0.904716804479379,3,3
"Mac-FOLR2-LYVE1-resident","Early_vs_Non-malignant","Early","Non-malignant","SP3",0.257585188983687,0.550964801613631,0.582938384242366,0.904716804479379,3,3
"Mac-FOLR2-LYVE1-resident","Early_vs_Non-malignant","Early","Non-malignant","TFDP1",0.256344184889192,0.546558645202669,0.585950687120707,0.904716804479379,3,3
"Mac-FOLR2-LYVE1-resident","Early_vs_Non-malignant","Early","Non-malignant","CREB3L1",-0.253232194692253,-0.539323991377183,0.590912563182512,0.904716804479379,3,3
"Mac-FOLR2-LYVE1-resident","Early_vs_Non-malignant","Early","Non-malignant","NFATC1",0.26475469634668,0.538234401671539,0.591661554246133,0.904716804479379,3,3
"Mac-FOLR2-LYVE1-resident","Early_vs_Non-malignant","Early","Non-malignant","STAT3",0.25143223744001,0.52927769596123,0.597835168241219,0.904716804479379,3,3
"Mac-FOLR2-LYVE1-resident","Early_vs_Non-malignant","Early","Non-malignant","SMAD1",-0.249737111854397,-0.527671610464346,0.59894533475772,0.904716804479379,3,3
"Mac-FOLR2-LYVE1-resident","Early_vs_Non-malignant","Early","Non-malignant","E2F3",0.250708221162693,0.521131198450817,0.603476003441116,0.904716804479379,3,3
"Mac-FOLR2-LYVE1-resident","Early_vs_Non-malignant","Early","Non-malignant","ERG",-0.24228087950046,-0.518231736697444,0.605489510805742,0.904716804479379,3,3
"Mac-FOLR2-LYVE1-resident","Early_vs_Non-malignant","Early","Non-malignant","E2F1",0.249129012743271,0.516806088721279,0.606480659894565,0.904716804479379,3,3
"Mac-FOLR2-LYVE1-resident","Early_vs_Non-malignant","Early","Non-malignant","GLI2",-0.240020513977698,-0.515203376742368,0.607595787510136,0.904716804479379,3,3
"Mac-FOLR2-LYVE1-resident","Early_vs_Non-malignant","Early","Non-malignant","NR2F2",0.238217369310649,0.50852672707244,0.612251199884361,0.906667077424382,3,3
"Mac-FOLR2-LYVE1-resident","Early_vs_Non-malignant","Early","Non-malignant","FOXP1",0.237836329734103,0.491682065928693,0.624066994725175,0.914380121864255,3,3
"Mac-FOLR2-LYVE1-resident","Early_vs_Non-malignant","Early","Non-malignant","USF1",0.230811379060437,0.488346997692809,0.626418226473265,0.914380121864255,3,3
"Mac-FOLR2-LYVE1-resident","Early_vs_Non-malignant","Early","Non-malignant","GATA4",-0.227811997650876,-0.486204991264353,0.627930385035308,0.914380121864255,3,3
"Mac-FOLR2-LYVE1-resident","Early_vs_Non-malignant","Early","Non-malignant","SIX5",0.231538607646744,0.481925833347392,0.630956025050242,0.914380121864255,3,3
"Mac-FOLR2-LYVE1-resident","Early_vs_Non-malignant","Early","Non-malignant","TAL1",-0.224829793722271,-0.476549834434593,0.634766120482134,0.915008609843928,3,3
"Mac-FOLR2-LYVE1-resident","Early_vs_Non-malignant","Early","Non-malignant","POU4F2",0.222791960251516,0.463533881573876,0.64403146408753,0.922887036066054,3,3
"Mac-FOLR2-LYVE1-resident","Early_vs_Non-malignant","Early","Non-malignant","CEBPB",0.21880910116345,0.459320973878359,0.647042571411625,0.922887036066054,3,3
"Mac-FOLR2-LYVE1-resident","Early_vs_Non-malignant","Early","Non-malignant","GRHL2",0.211798980722631,0.453507379265697,0.651207390883105,0.92396441324252,3,3
"Mac-FOLR2-LYVE1-resident","Early_vs_Non-malignant","Early","Non-malignant","ATF1",0.204393565579681,0.437848355497793,0.662480236695757,0.935063250752866,3,3
"Mac-FOLR2-LYVE1-resident","Early_vs_Non-malignant","Early","Non-malignant","NANOG",0.195185697554183,0.417312336567783,0.677382186291917,0.944985570611519,3,3
"Mac-FOLR2-LYVE1-resident","Early_vs_Non-malignant","Early","Non-malignant","PAX6",0.191620791298614,0.412425331496016,0.680947689212623,0.944985570611519,3,3
"Mac-FOLR2-LYVE1-resident","Early_vs_Non-malignant","Early","Non-malignant","HNF1B",0.188357903632037,0.405586183426452,0.685949619585972,0.944985570611519,3,3
"Mac-FOLR2-LYVE1-resident","Early_vs_Non-malignant","Early","Non-malignant","GFI1B",-0.188831123263465,-0.404778278500582,0.68654142434077,0.944985570611519,3,3
"Mac-FOLR2-LYVE1-resident","Early_vs_Non-malignant","Early","Non-malignant","ETV1",0.189748718916821,0.401156435432285,0.689196883946417,0.944985570611519,3,3
"Mac-FOLR2-LYVE1-resident","Early_vs_Non-malignant","Early","Non-malignant","SOX6",0.189767505121803,0.399473285072358,0.690432261922807,0.944985570611519,3,3
"Mac-FOLR2-LYVE1-resident","Early_vs_Non-malignant","Early","Non-malignant","SMAD4",-0.181813311144965,-0.38909514547384,0.698067885588562,0.949821378404511,3,3
"Mac-FOLR2-LYVE1-resident","Early_vs_Non-malignant","Early","Non-malignant","GABPA",0.185575071833818,0.385154765139232,0.700975187014399,0.949821378404511,3,3
"Mac-FOLR2-LYVE1-resident","Early_vs_Non-malignant","Early","Non-malignant","E2F2",0.181747948194598,0.366132614697552,0.715072122455718,0.964102214853232,3,3
"Mac-FOLR2-LYVE1-resident","Early_vs_Non-malignant","Early","Non-malignant","NCOA3",-0.167189996667458,-0.353368351417317,0.724587471572145,0.97043996726479,3,3
"Mac-FOLR2-LYVE1-resident","Early_vs_Non-malignant","Early","Non-malignant","PRDM14",0.163235322331042,0.339067025489688,0.735300149485957,0.97043996726479,3,3
"Mac-FOLR2-LYVE1-resident","Early_vs_Non-malignant","Early","Non-malignant","ELK1",-0.157087730510212,-0.327969214624444,0.743649488451851,0.97043996726479,3,3
"Mac-FOLR2-LYVE1-resident","Early_vs_Non-malignant","Early","Non-malignant","LHX2",0.147016375082661,0.317118100225602,0.751842944997036,0.97043996726479,3,3
"Mac-FOLR2-LYVE1-resident","Early_vs_Non-malignant","Early","Non-malignant","NFE2",0.14957941367469,0.313633966045587,0.754479832291647,0.97043996726479,3,3
"Mac-FOLR2-LYVE1-resident","Early_vs_Non-malignant","Early","Non-malignant","NR2F1",-0.147421486993558,-0.312679745017097,0.755202521529097,0.97043996726479,3,3
"Mac-FOLR2-LYVE1-resident","Early_vs_Non-malignant","Early","Non-malignant","ZKSCAN1",-0.147820334361826,-0.309353136574914,0.757723661482887,0.97043996726479,3,3
"Mac-FOLR2-LYVE1-resident","Early_vs_Non-malignant","Early","Non-malignant","FLI1",-0.143304464012355,-0.307572660342339,0.759074110867048,0.97043996726479,3,3
"Mac-FOLR2-LYVE1-resident","Early_vs_Non-malignant","Early","Non-malignant","MYCN",0.148378404127356,0.305879193956637,0.76035925825892,0.97043996726479,3,3
"Mac-FOLR2-LYVE1-resident","Early_vs_Non-malignant","Early","Non-malignant","MEF2B",0.140962551074709,0.300890904751572,0.764148692813369,0.97043996726479,3,3
"Mac-FOLR2-LYVE1-resident","Early_vs_Non-malignant","Early","Non-malignant","MBD2",-0.139689463489553,-0.297683672927783,0.766588158560985,0.97043996726479,3,3
"Mac-FOLR2-LYVE1-resident","Early_vs_Non-malignant","Early","Non-malignant","ARNTL",0.13861929370803,0.293572610333202,0.769718527613762,0.97043996726479,3,3
"Mac-FOLR2-LYVE1-resident","Early_vs_Non-malignant","Early","Non-malignant","SPIB",-0.142137899265301,-0.291779007480551,0.77108546527425,0.97043996726479,3,3
"Mac-FOLR2-LYVE1-resident","Early_vs_Non-malignant","Early","Non-malignant","DUX4",0.135908448548095,0.285815388209016,0.775635620307218,0.97043996726479,3,3
"Mac-FOLR2-LYVE1-resident","Early_vs_Non-malignant","Early","Non-malignant","CTCFL",0.132663811493137,0.282961203494048,0.777816103882478,0.97043996726479,3,3
"Mac-FOLR2-LYVE1-resident","Early_vs_Non-malignant","Early","Non-malignant","ONECUT1",0.13057317806756,0.280265333507864,0.779877274939124,0.97043996726479,3,3
"Mac-FOLR2-LYVE1-resident","Early_vs_Non-malignant","Early","Non-malignant","BACH1",-0.127553057322252,-0.269361645423817,0.788229767870257,0.97043996726479,3,3
"Mac-FOLR2-LYVE1-resident","Early_vs_Non-malignant","Early","Non-malignant","ATF3",0.131202437231707,0.262938459695959,0.7931617555924,0.97043996726479,3,3
"Mac-FOLR2-LYVE1-resident","Early_vs_Non-malignant","Early","Non-malignant","NFE2L2",-0.119714638464717,-0.24824614608155,0.804474460663111,0.97043996726479,3,3
"Mac-FOLR2-LYVE1-resident","Early_vs_Non-malignant","Early","Non-malignant","NR5A2",-0.114015123647379,-0.24405581216323,0.807708661434711,0.97043996726479,3,3
"Mac-FOLR2-LYVE1-resident","Early_vs_Non-malignant","Early","Non-malignant","RBPJ",-0.113720449503682,-0.240446296770702,0.810497253436118,0.97043996726479,3,3
"Mac-FOLR2-LYVE1-resident","Early_vs_Non-malignant","Early","Non-malignant","GATA2",-0.111026625520259,-0.236685792506553,0.813405094501856,0.97043996726479,3,3
"Mac-FOLR2-LYVE1-resident","Early_vs_Non-malignant","Early","Non-malignant","ZNF384",0.108844332273245,0.229017787255362,0.819342502813522,0.97043996726479,3,3
"Mac-FOLR2-LYVE1-resident","Early_vs_Non-malignant","Early","Non-malignant","GATA3",0.106166342331463,0.226938575065884,0.820954286548032,0.97043996726479,3,3
"Mac-FOLR2-LYVE1-resident","Early_vs_Non-malignant","Early","Non-malignant","SREBF1",-0.105571441703503,-0.221342202578881,0.825296334399276,0.97043996726479,3,3
"Mac-FOLR2-LYVE1-resident","Early_vs_Non-malignant","Early","Non-malignant","SOX2",0.102911948203853,0.220443718453214,0.825993949480538,0.97043996726479,3,3
"Mac-FOLR2-LYVE1-resident","Early_vs_Non-malignant","Early","Non-malignant","HNF1A",0.102179736871374,0.218799314859921,0.827271084059379,0.97043996726479,3,3
"Mac-FOLR2-LYVE1-resident","Early_vs_Non-malignant","Early","Non-malignant","VDR",-0.10248073286179,-0.216261630866336,0.829242899149721,0.97043996726479,3,3
"Mac-FOLR2-LYVE1-resident","Early_vs_Non-malignant","Early","Non-malignant","PROX1",-0.0998378047508207,-0.214972894145524,0.830244684482788,0.97043996726479,3,3
"Mac-FOLR2-LYVE1-resident","Early_vs_Non-malignant","Early","Non-malignant","ELF1",0.0956389385903861,0.205125717904173,0.837908416165,0.97043996726479,3,3
"Mac-FOLR2-LYVE1-resident","Early_vs_Non-malignant","Early","Non-malignant","ZBTB11",0.0932185097097007,0.195313524605718,0.845560489661024,0.97043996726479,3,3
"Mac-FOLR2-LYVE1-resident","Early_vs_Non-malignant","Early","Non-malignant","MITF",-0.0906880300498544,-0.19224855576982,0.84795378887615,0.97043996726479,3,3
"Mac-FOLR2-LYVE1-resident","Early_vs_Non-malignant","Early","Non-malignant","ELF3",-0.0868074145270784,-0.185337168435699,0.853355782203042,0.97043996726479,3,3
"Mac-FOLR2-LYVE1-resident","Early_vs_Non-malignant","Early","Non-malignant","ZBTB7A",0.0842621537832857,0.18079863700076,0.856906953055722,0.97043996726479,3,3
"Mac-FOLR2-LYVE1-resident","Early_vs_Non-malignant","Early","Non-malignant","MYBL2",0.0828626011594304,0.176463374251136,0.86030182712571,0.97043996726479,3,3
"Mac-FOLR2-LYVE1-resident","Early_vs_Non-malignant","Early","Non-malignant","SNAI2",-0.0802518395103134,-0.170710833364926,0.864810589770643,0.97043996726479,3,3
"Mac-FOLR2-LYVE1-resident","Early_vs_Non-malignant","Early","Non-malignant","SP2",-0.0762877701418849,-0.161514537761449,0.872027754099461,0.97043996726479,3,3
"Mac-FOLR2-LYVE1-resident","Early_vs_Non-malignant","Early","Non-malignant","KLF4",0.0770884239452496,0.161426198858933,0.872097135129975,0.97043996726479,3,3
"Mac-FOLR2-LYVE1-resident","Early_vs_Non-malignant","Early","Non-malignant","JUNB",-0.0753770224959661,-0.158153767470817,0.874667989763871,0.97043996726479,3,3
"Mac-FOLR2-LYVE1-resident","Early_vs_Non-malignant","Early","Non-malignant","RARA",0.0736904211290262,0.156232521188042,0.876177968033274,0.97043996726479,3,3
"Mac-FOLR2-LYVE1-resident","Early_vs_Non-malignant","Early","Non-malignant","KLF3",0.0699304021187714,0.150107113702006,0.880995182095398,0.97043996726479,3,3
"Mac-FOLR2-LYVE1-resident","Early_vs_Non-malignant","Early","Non-malignant","ELK4",0.0642385816029912,0.137687250264843,0.890776107299658,0.97043996726479,3,3
"Mac-FOLR2-LYVE1-resident","Early_vs_Non-malignant","Early","Non-malignant","BCL6",-0.0643167270531684,-0.137027051641791,0.891296515325659,0.97043996726479,3,3
"Mac-FOLR2-LYVE1-resident","Early_vs_Non-malignant","Early","Non-malignant","NR1H2",0.0643757509154002,0.136199520431469,0.891948892046958,0.97043996726479,3,3
"Mac-FOLR2-LYVE1-resident","Early_vs_Non-malignant","Early","Non-malignant","HBP1",0.0629322384381789,0.135570994229419,0.892444434636239,0.97043996726479,3,3
"Mac-FOLR2-LYVE1-resident","Early_vs_Non-malignant","Early","Non-malignant","ZNF639",0.0631901425005663,0.135189366020875,0.892745338751418,0.97043996726479,3,3
"Mac-FOLR2-LYVE1-resident","Early_vs_Non-malignant","Early","Non-malignant","SRF",0.0598769342118507,0.12880081631632,0.897784842300054,0.97043996726479,3,3
"Mac-FOLR2-LYVE1-resident","Early_vs_Non-malignant","Early","Non-malignant","REST",-0.0599547513911496,-0.128792532315291,0.897791379764446,0.97043996726479,3,3
"Mac-FOLR2-LYVE1-resident","Early_vs_Non-malignant","Early","Non-malignant","FOXK2",-0.0596108321037006,-0.127369252155237,0.89891469044177,0.97043996726479,3,3
"Mac-FOLR2-LYVE1-resident","Early_vs_Non-malignant","Early","Non-malignant","ZNF24",0.0579578418181385,0.123998788629767,0.901575613931557,0.97043996726479,3,3
"Mac-FOLR2-LYVE1-resident","Early_vs_Non-malignant","Early","Non-malignant","TFAP2A",0.0573662473671613,0.121585854468313,0.903481276275132,0.97043996726479,3,3
"Mac-FOLR2-LYVE1-resident","Early_vs_Non-malignant","Early","Non-malignant","KDM5B",-0.055882036699213,-0.118419654870018,0.90598270006639,0.97043996726479,3,3
"Mac-FOLR2-LYVE1-resident","Early_vs_Non-malignant","Early","Non-malignant","PAX5",0.0521090849667026,0.110423114237308,0.912304448350103,0.97336419489322,3,3
"Mac-FOLR2-LYVE1-resident","Early_vs_Non-malignant","Early","Non-malignant","AR",0.0489296015621214,0.104208052707437,0.91722174717859,0.974772915629011,3,3
"Mac-FOLR2-LYVE1-resident","Early_vs_Non-malignant","Early","Non-malignant","PRDM1",-0.0383365207412222,-0.0809780626945076,0.935628060188594,0.979363523731716,3,3
"Mac-FOLR2-LYVE1-resident","Early_vs_Non-malignant","Early","Non-malignant","NR3C1",-0.0371094506159964,-0.0792457806004586,0.937002162386128,0.979363523731716,3,3
"Mac-FOLR2-LYVE1-resident","Early_vs_Non-malignant","Early","Non-malignant","ZFX",0.036378733920409,0.0770578901241359,0.93873793975697,0.979363523731716,3,3
"Mac-FOLR2-LYVE1-resident","Early_vs_Non-malignant","Early","Non-malignant","KMT2A",0.0341618036429742,0.072739234273597,0.94216503386374,0.979363523731716,3,3
"Mac-FOLR2-LYVE1-resident","Early_vs_Non-malignant","Early","Non-malignant","CDX2",-0.0321324261023729,-0.0689804314214648,0.945148741171561,0.979363523731716,3,3
"Mac-FOLR2-LYVE1-resident","Early_vs_Non-malignant","Early","Non-malignant","MAFB",0.0281572514363413,0.0596587341835048,0.952551512111937,0.979363523731716,3,3
"Mac-FOLR2-LYVE1-resident","Early_vs_Non-malignant","Early","Non-malignant","RUNX2",0.0261800854858592,0.0560905894856001,0.955386269605149,0.979363523731716,3,3
"Mac-FOLR2-LYVE1-resident","Early_vs_Non-malignant","Early","Non-malignant","BACH2",0.0248828233371171,0.0525185982445339,0.958224657244914,0.979363523731716,3,3
"Mac-FOLR2-LYVE1-resident","Early_vs_Non-malignant","Early","Non-malignant","USF2",-0.0240510628827856,-0.0505451267799856,0.959793056833485,0.979363523731716,3,3
"Mac-FOLR2-LYVE1-resident","Early_vs_Non-malignant","Early","Non-malignant","NRF1",-0.0237625476592969,-0.0495076920309132,0.960617613022273,0.979363523731716,3,3
"Mac-FOLR2-LYVE1-resident","Early_vs_Non-malignant","Early","Non-malignant","ZBTB33",-0.0232151907026965,-0.0486566118747952,0.961294086024489,0.979363523731716,3,3
"Mac-FOLR2-LYVE1-resident","Early_vs_Non-malignant","Early","Non-malignant","SMAD5",-0.0111239640105641,-0.0238419063694368,0.981028223975841,0.992140437094708,3,3
"Mac-FOLR2-LYVE1-resident","Early_vs_Non-malignant","Early","Non-malignant","HOXA9",-0.00836806773491953,-0.0178808757940034,0.985771012890063,0.992140437094708,3,3
"Mac-FOLR2-LYVE1-resident","Early_vs_Non-malignant","Early","Non-malignant","PDX1",0.00734548886095154,0.0157396661704394,0.987474762162938,0.992140437094708,3,3
"Mac-FOLR2-LYVE1-resident","Early_vs_Non-malignant","Early","Non-malignant","KLF13",0.00653994233474164,0.0139070961205141,0.988932974923209,0.992140437094708,3,3
"Mac-FOLR2-LYVE1-resident","Early_vs_Non-malignant","Early","Non-malignant","TCF7",0.00459392456469604,0.00987636076402989,0.992140437094708,0.992140437094708,3,3
"Mac-FOLR2-LYVE1-resident","Advanced_vs_Non-malignant","Advanced","Non-malignant","KLF5",2.08060212190227,6.33849912255714,1.73001218181201e-06,0.000468833301271055,4,3
"Mac-FOLR2-LYVE1-resident","Advanced_vs_Non-malignant","Advanced","Non-malignant","ZBTB7A",-1.46802566069692,-5.10221900990397,3.51659617798058e-05,0.0032862324199061,4,3
"Mac-FOLR2-LYVE1-resident","Advanced_vs_Non-malignant","Advanced","Non-malignant","TWIST1",1.67317621266743,5.08858446640792,3.63789566779273e-05,0.0032862324199061,4,3
"Mac-FOLR2-LYVE1-resident","Advanced_vs_Non-malignant","Advanced","Non-malignant","ZNF740",1.53212289148547,4.73012254934585,8.90086952260948e-05,0.00499072575147743,4,3
"Mac-FOLR2-LYVE1-resident","Advanced_vs_Non-malignant","Advanced","Non-malignant","FOSL1",1.55063741283118,4.71656988198919,9.20798109128676e-05,0.00499072575147743,4,3
"Mac-FOLR2-LYVE1-resident","Advanced_vs_Non-malignant","Advanced","Non-malignant","IRF3",1.26093188335679,4.57507848778224,0.000131241499748762,0.00592774107198574,4,3
"Mac-FOLR2-LYVE1-resident","Advanced_vs_Non-malignant","Advanced","Non-malignant","STAT1",1.40479509565087,4.33146560666474,0.000241673075954448,0.0086740522227861,4,3
"Mac-FOLR2-LYVE1-resident","Advanced_vs_Non-malignant","Advanced","Non-malignant","PRDM14",1.28200233770536,4.30838388768576,0.000256060582222468,0.0086740522227861,4,3
"Mac-FOLR2-LYVE1-resident","Advanced_vs_Non-malignant","Advanced","Non-malignant","NFKB1",1.58908619330544,4.12135879157491,0.000408915060487104,0.0123128868213339,4,3
"Mac-FOLR2-LYVE1-resident","Advanced_vs_Non-malignant","Advanced","Non-malignant","IRF2",1.27571865019862,4.01108650223527,0.000538552409913217,0.0137356567855637,4,3
"Mac-FOLR2-LYVE1-resident","Advanced_vs_Non-malignant","Advanced","Non-malignant","RELA",1.72686578273231,3.99719669671282,0.000557535884284871,0.0137356567855637,4,3
"Mac-FOLR2-LYVE1-resident","Advanced_vs_Non-malignant","Advanced","Non-malignant","GRHL2",1.15065669409455,3.94283003041758,0.000638428840899062,0.0144178513236372,4,3
"Mac-FOLR2-LYVE1-resident","Advanced_vs_Non-malignant","Advanced","Non-malignant","TGIF2",-1.11715505512955,-3.88622813663417,0.000734990854644236,0.0153217324314299,4,3
"Mac-FOLR2-LYVE1-resident","Advanced_vs_Non-malignant","Advanced","Non-malignant","ETV4",1.05772185168282,3.83092102385711,0.000843243806224425,0.0163227908204871,4,3
"Mac-FOLR2-LYVE1-resident","Advanced_vs_Non-malignant","Advanced","Non-malignant","ATF2",1.2303145247697,3.77651614499169,0.000965038741217843,0.0174350332580024,4,3
"Mac-FOLR2-LYVE1-resident","Advanced_vs_Non-malignant","Advanced","Non-malignant","SNAPC4",1.13888893677131,3.68881439406385,0.00119879862825408,0.0203046517660534,4,3
"Mac-FOLR2-LYVE1-resident","Advanced_vs_Non-malignant","Advanced","Non-malignant","ZKSCAN1",1.0318837017918,3.60322275040989,0.00148028530566129,0.0235974892843652,4,3
"Mac-FOLR2-LYVE1-resident","Advanced_vs_Non-malignant","Advanced","Non-malignant","NFKB2",-1.18930402165529,-3.57870329066033,0.00157223835930508,0.0236709219650931,4,3
"Mac-FOLR2-LYVE1-resident","Advanced_vs_Non-malignant","Advanced","Non-malignant","PPARG",-1.1757409112021,-3.44948211766072,0.0021572403087959,0.0307690591412467,4,3
"Mac-FOLR2-LYVE1-resident","Advanced_vs_Non-malignant","Advanced","Non-malignant","SP4",1.01779633334817,3.36252642021726,0.00266539426011388,0.0346037626479675,4,3
"Mac-FOLR2-LYVE1-resident","Advanced_vs_Non-malignant","Advanced","Non-malignant","IRF4",1.07266245330334,3.36004696213186,0.00268147238231482,0.0346037626479675,4,3
"Mac-FOLR2-LYVE1-resident","Advanced_vs_Non-malignant","Advanced","Non-malignant","ELF5",0.933822782758324,3.26803006533579,0.003349564910152,0.0404775613692108,4,3
"Mac-FOLR2-LYVE1-resident","Advanced_vs_Non-malignant","Advanced","Non-malignant","RUNX2",0.943835694010934,3.25752963980873,0.00343536498705479,0.0404775613692108,4,3
"Mac-FOLR2-LYVE1-resident","Advanced_vs_Non-malignant","Advanced","Non-malignant","NR1H3",1.21464265393742,3.22669741004147,0.00369978055855788,0.0417766888070494,4,3
"Mac-FOLR2-LYVE1-resident","Advanced_vs_Non-malignant","Advanced","Non-malignant","TEAD4",0.884258920806475,3.03520340611009,0.00583923171112239,0.0632972717485667,4,3
"Mac-FOLR2-LYVE1-resident","Advanced_vs_Non-malignant","Advanced","Non-malignant","RFX5",1.18059656630085,2.96248693180531,0.00692951502490822,0.0720014948646898,4,3
"Mac-FOLR2-LYVE1-resident","Advanced_vs_Non-malignant","Advanced","Non-malignant","ZNF263",-0.83069543795369,-2.9477184886709,0.00717358066917574,0.0720014948646898,4,3
"Mac-FOLR2-LYVE1-resident","Advanced_vs_Non-malignant","Advanced","Non-malignant","TP73",0.843648061384333,2.92578106950758,0.00755133642903911,0.0725671860641205,4,3
"Mac-FOLR2-LYVE1-resident","Advanced_vs_Non-malignant","Advanced","Non-malignant","ZNF592",0.875390794419075,2.91380530854474,0.00776549223564389,0.0725671860641205,4,3
"Mac-FOLR2-LYVE1-resident","Advanced_vs_Non-malignant","Advanced","Non-malignant","TBX21",1.03769795403292,2.89456990259613,0.00812163852375635,0.0733654679979324,4,3
"Mac-FOLR2-LYVE1-resident","Advanced_vs_Non-malignant","Advanced","Non-malignant","JUNB",0.858942595066768,2.87503731756725,0.00849918283895882,0.0742993080438013,4,3
"Mac-FOLR2-LYVE1-resident","Advanced_vs_Non-malignant","Advanced","Non-malignant","ZNF274",-0.867539611765242,-2.76508441900587,0.010955637432394,0.0927805545055868,4,3
"Mac-FOLR2-LYVE1-resident","Advanced_vs_Non-malignant","Advanced","Non-malignant","SPIB",0.817552289854521,2.73035170521687,0.0118621583955915,0.0947044447347236,4,3
"Mac-FOLR2-LYVE1-resident","Advanced_vs_Non-malignant","Advanced","Non-malignant","CEBPD",0.911891421911735,2.72962953144597,0.011881738453803,0.0947044447347236,4,3
"Mac-FOLR2-LYVE1-resident","Advanced_vs_Non-malignant","Advanced","Non-malignant","NR5A1",-0.96032526628042,-2.68646685314847,0.0131089655308133,0.101500847395726,4,3
"Mac-FOLR2-LYVE1-resident","Advanced_vs_Non-malignant","Advanced","Non-malignant","NCOA2",0.871866847135906,2.6563019713178,0.0140364567154275,0.105663326941135,4,3
"Mac-FOLR2-LYVE1-resident","Advanced_vs_Non-malignant","Advanced","Non-malignant","ZNF384",0.843184119296389,2.6384798842827,0.0146130663828407,0.107030837560806,4,3
"Mac-FOLR2-LYVE1-resident","Advanced_vs_Non-malignant","Advanced","Non-malignant","TP53",0.845808173568732,2.62537321315653,0.0150512241204039,0.107338993069196,4,3
"Mac-FOLR2-LYVE1-resident","Advanced_vs_Non-malignant","Advanced","Non-malignant","PDX1",0.746556423629071,2.52203480923028,0.0189622672436278,0.130970685580448,4,3
"Mac-FOLR2-LYVE1-resident","Advanced_vs_Non-malignant","Advanced","Non-malignant","SNAI2",-0.738042261890681,-2.50322319942549,0.0197690643835449,0.130970685580448,4,3
"Mac-FOLR2-LYVE1-resident","Advanced_vs_Non-malignant","Advanced","Non-malignant","FOS",0.789457840095345,2.49707900575818,0.0200394189364079,0.130970685580448,4,3
"Mac-FOLR2-LYVE1-resident","Advanced_vs_Non-malignant","Advanced","Non-malignant","GABPA",0.79460792293738,2.49127314936936,0.0202980398316562,0.130970685580448,4,3
"Mac-FOLR2-LYVE1-resident","Advanced_vs_Non-malignant","Advanced","Non-malignant","FOXJ2",-0.698435800595028,-2.38503168496212,0.0256121178156047,0.161415905302997,4,3
"Mac-FOLR2-LYVE1-resident","Advanced_vs_Non-malignant","Advanced","Non-malignant","STAT5A",0.693531187783003,2.37424576813475,0.0262179495439323,0.161478734691037,4,3
"Mac-FOLR2-LYVE1-resident","Advanced_vs_Non-malignant","Advanced","Non-malignant","NFYB",0.752288524818221,2.34387286918289,0.027995495021949,0.168595092243293,4,3
"Mac-FOLR2-LYVE1-resident","Advanced_vs_Non-malignant","Advanced","Non-malignant","MEF2A",0.798438215308821,2.33222675314235,0.0287059396033175,0.169115426793458,4,3
"Mac-FOLR2-LYVE1-resident","Advanced_vs_Non-malignant","Advanced","Non-malignant","NRF1",0.687023633051333,2.31117366045236,0.0300323295202949,0.170388112093767,4,3
"Mac-FOLR2-LYVE1-resident","Advanced_vs_Non-malignant","Advanced","Non-malignant","TCF3",0.677090757213872,2.30889130964297,0.0301794442084902,0.170388112093767,4,3
"Mac-FOLR2-LYVE1-resident","Advanced_vs_Non-malignant","Advanced","Non-malignant","THAP1",0.645295736963725,2.22721176385779,0.0358980995736347,0.19853846907051,4,3
"Mac-FOLR2-LYVE1-resident","Advanced_vs_Non-malignant","Advanced","Non-malignant","SREBF2",-0.827968809344986,-2.21171761162083,0.0370881449288709,0.20101774551448,4,3
"Mac-FOLR2-LYVE1-resident","Advanced_vs_Non-malignant","Advanced","Non-malignant","BACH2",0.645946975051065,2.18493668504571,0.0392296893586568,0.204630192857621,4,3
"Mac-FOLR2-LYVE1-resident","Advanced_vs_Non-malignant","Advanced","Non-malignant","ESRRA",0.723264300973595,2.18450832861611,0.0392648340538608,0.204630192857621,4,3
"Mac-FOLR2-LYVE1-resident","Advanced_vs_Non-malignant","Advanced","Non-malignant","IRF1",0.686517477112651,2.16498000926392,0.0408975846713169,0.205858621186303,4,3
"Mac-FOLR2-LYVE1-resident","Advanced_vs_Non-malignant","Advanced","Non-malignant","RFX1",0.803138946986216,2.15938568825576,0.0413764855274901,0.205858621186303,4,3
"Mac-FOLR2-LYVE1-resident","Advanced_vs_Non-malignant","Advanced","Non-malignant","JUN",0.662398305008308,2.15472377765899,0.0417794249640098,0.205858621186303,4,3
"Mac-FOLR2-LYVE1-resident","Advanced_vs_Non-malignant","Advanced","Non-malignant","STAT5B",0.636722383469554,2.14462292124104,0.0426646233414065,0.206466302241449,4,3
"Mac-FOLR2-LYVE1-resident","Advanced_vs_Non-malignant","Advanced","Non-malignant","TCF7L2",0.602522638128663,2.11050873271493,0.0457804053066469,0.212687634900984,4,3
"Mac-FOLR2-LYVE1-resident","Advanced_vs_Non-malignant","Advanced","Non-malignant","E2F7",0.602174845340442,2.10409833974861,0.046388190323483,0.212687634900984,4,3
"Mac-FOLR2-LYVE1-resident","Advanced_vs_Non-malignant","Advanced","Non-malignant","RBPJ",0.631812700381056,2.09753559464927,0.0470179052725861,0.212687634900984,4,3
"Mac-FOLR2-LYVE1-resident","Advanced_vs_Non-malignant","Advanced","Non-malignant","MBD1",-0.685842955248414,-2.0954390892562,0.0472206794539979,0.212687634900984,4,3
"Mac-FOLR2-LYVE1-resident","Advanced_vs_Non-malignant","Advanced","Non-malignant","FOXP1",-0.823872489577351,-2.08873528969178,0.0478743384832472,0.212687634900984,4,3
"Mac-FOLR2-LYVE1-resident","Advanced_vs_Non-malignant","Advanced","Non-malignant","PRDM1",0.666641183443368,2.07242838849791,0.0494982808490619,0.216009978175308,4,3
"Mac-FOLR2-LYVE1-resident","Advanced_vs_Non-malignant","Advanced","Non-malignant","ELF3",0.585992625501248,2.0653699402348,0.0502163417898317,0.216009978175308,4,3
"Mac-FOLR2-LYVE1-resident","Advanced_vs_Non-malignant","Advanced","Non-malignant","AR",0.620887877294656,2.05018005843842,0.0517932361102204,0.216480193486521,4,3
"Mac-FOLR2-LYVE1-resident","Advanced_vs_Non-malignant","Advanced","Non-malignant","RELB",0.750958054078056,2.04894572510888,0.0519232936406784,0.216480193486521,4,3
"Mac-FOLR2-LYVE1-resident","Advanced_vs_Non-malignant","Advanced","Non-malignant","ATF6",-0.613623040937889,-2.0237078952837,0.0546470561040884,0.224384124306181,4,3
"Mac-FOLR2-LYVE1-resident","Advanced_vs_Non-malignant","Advanced","Non-malignant","POU5F1",0.631004024827117,2.01466248575607,0.0556537490409004,0.225106955075881,4,3
"Mac-FOLR2-LYVE1-resident","Advanced_vs_Non-malignant","Advanced","Non-malignant","ELK4",0.586739653055451,1.99148714088131,0.058308457005764,0.228859832552488,4,3
"Mac-FOLR2-LYVE1-resident","Advanced_vs_Non-malignant","Advanced","Non-malignant","SMAD1",0.592065052501925,1.99046928651697,0.0584275788404225,0.228859832552488,4,3
"Mac-FOLR2-LYVE1-resident","Advanced_vs_Non-malignant","Advanced","Non-malignant","FOXK2",0.605141154954443,1.98463039853581,0.0591150858991666,0.228859832552488,4,3
"Mac-FOLR2-LYVE1-resident","Advanced_vs_Non-malignant","Advanced","Non-malignant","TFAP4",0.575421222211257,1.96775204340451,0.0611428209920659,0.232511534684811,4,3
"Mac-FOLR2-LYVE1-resident","Advanced_vs_Non-malignant","Advanced","Non-malignant","TCF4",0.576406852000448,1.95507287118064,0.0627061928617742,0.232511534684811,4,3
"Mac-FOLR2-LYVE1-resident","Advanced_vs_Non-malignant","Advanced","Non-malignant","MAZ",0.59585566607237,1.95073973417881,0.0632484953375425,0.232511534684811,4,3
"Mac-FOLR2-LYVE1-resident","Advanced_vs_Non-malignant","Advanced","Non-malignant","ATF7",0.601954996942794,1.94881870628992,0.0634902345633801,0.232511534684811,4,3
"Mac-FOLR2-LYVE1-resident","Advanced_vs_Non-malignant","Advanced","Non-malignant","TP63",0.6038374063879,1.94055489924343,0.0645394342417716,0.233202489060268,4,3
"Mac-FOLR2-LYVE1-resident","Advanced_vs_Non-malignant","Advanced","Non-malignant","HNF1A",-0.538944369415987,-1.92678655926093,0.0663213764191201,0.236488065915547,4,3
"Mac-FOLR2-LYVE1-resident","Advanced_vs_Non-malignant","Advanced","Non-malignant","MEF2B",0.597694424924987,1.91347074442392,0.0680856702977587,0.239626190268735,4,3
"Mac-FOLR2-LYVE1-resident","Advanced_vs_Non-malignant","Advanced","Non-malignant","BATF",0.521000857489936,1.88571766685408,0.0718953938152466,0.249790406717075,4,3
"Mac-FOLR2-LYVE1-resident","Advanced_vs_Non-malignant","Advanced","Non-malignant","REST",0.511315691690184,1.85557081162138,0.0762432062319882,0.259999602220169,4,3
"Mac-FOLR2-LYVE1-resident","Advanced_vs_Non-malignant","Advanced","Non-malignant","E2F1",0.650587450964078,1.84434066594257,0.0779202980113429,0.259999602220169,4,3
"Mac-FOLR2-LYVE1-resident","Advanced_vs_Non-malignant","Advanced","Non-malignant","HNF1B",0.508140099704348,1.84301265421761,0.0781207217310938,0.259999602220169,4,3
"Mac-FOLR2-LYVE1-resident","Advanced_vs_Non-malignant","Advanced","Non-malignant","PBX3",0.550249308217066,1.82814824396838,0.0803947317294217,0.259999602220169,4,3
"Mac-FOLR2-LYVE1-resident","Advanced_vs_Non-malignant","Advanced","Non-malignant","STAT6",0.540022807991199,1.81443983580174,0.082542437621113,0.259999602220169,4,3
"Mac-FOLR2-LYVE1-resident","Advanced_vs_Non-malignant","Advanced","Non-malignant","XBP1",-0.510333372499439,-1.81029425851527,0.0832016106479185,0.259999602220169,4,3
"Mac-FOLR2-LYVE1-resident","Advanced_vs_Non-malignant","Advanced","Non-malignant","MYB",-0.518118773058404,-1.80897402071649,0.0834124883509024,0.259999602220169,4,3
"Mac-FOLR2-LYVE1-resident","Advanced_vs_Non-malignant","Advanced","Non-malignant","NR1H2",0.600964463106698,1.80657589652103,0.0837967133261155,0.259999602220169,4,3
"Mac-FOLR2-LYVE1-resident","Advanced_vs_Non-malignant","Advanced","Non-malignant","MEIS1",0.555198183375945,1.80561947608202,0.0839503752716644,0.259999602220169,4,3
"Mac-FOLR2-LYVE1-resident","Advanced_vs_Non-malignant","Advanced","Non-malignant","CREM",-0.540517315863551,-1.79297383854987,0.0860050180149246,0.259999602220169,4,3
"Mac-FOLR2-LYVE1-resident","Advanced_vs_Non-malignant","Advanced","Non-malignant","STAT2",0.666715650693048,1.79229587465669,0.0861163847279564,0.259999602220169,4,3
"Mac-FOLR2-LYVE1-resident","Advanced_vs_Non-malignant","Advanced","Non-malignant","SOX2",0.528753584794267,1.79089599082279,0.0863467313646316,0.259999602220169,4,3
"Mac-FOLR2-LYVE1-resident","Advanced_vs_Non-malignant","Advanced","Non-malignant","MAFF",0.62319698044063,1.78385107843548,0.0875140122115247,0.260618651750804,4,3
"Mac-FOLR2-LYVE1-resident","Advanced_vs_Non-malignant","Advanced","Non-malignant","POU2F2",0.524090856970178,1.74164347698017,0.0947949561816371,0.279232968752431,4,3
"Mac-FOLR2-LYVE1-resident","Advanced_vs_Non-malignant","Advanced","Non-malignant","MAFB",0.534520951414198,1.72015566270631,0.0986963327316499,0.287598991078249,4,3
"Mac-FOLR2-LYVE1-resident","Advanced_vs_Non-malignant","Advanced","Non-malignant","NR2F1",0.515489231092737,1.71073578141537,0.10044922237714,0.289592970895796,4,3
"Mac-FOLR2-LYVE1-resident","Advanced_vs_Non-malignant","Advanced","Non-malignant","NFE2L1",0.498803185249359,1.6985881057071,0.102748671827414,0.29310410594978,4,3
"Mac-FOLR2-LYVE1-resident","Advanced_vs_Non-malignant","Advanced","Non-malignant","KMT2A",-0.463128573704464,-1.68804296457423,0.104780791718629,0.295787443289047,4,3
"Mac-FOLR2-LYVE1-resident","Advanced_vs_Non-malignant","Advanced","Non-malignant","ETV1",0.506467504498263,1.66848998490795,0.108638753172307,0.303516516594797,4,3
"Mac-FOLR2-LYVE1-resident","Advanced_vs_Non-malignant","Advanced","Non-malignant","FOXL2",0.584536671057264,1.64862549911923,0.112680080140024,0.311594915489251,4,3
"Mac-FOLR2-LYVE1-resident","Advanced_vs_Non-malignant","Advanced","Non-malignant","E2F4",0.481353911836944,1.62227550175204,0.118234936956061,0.323653211263562,4,3
"Mac-FOLR2-LYVE1-resident","Advanced_vs_Non-malignant","Advanced","Non-malignant","EBF1",0.457149607534916,1.60670800455556,0.121622996231963,0.326482200488085,4,3
"Mac-FOLR2-LYVE1-resident","Advanced_vs_Non-malignant","Advanced","Non-malignant","LYL1",-0.504752799075749,-1.60538831104541,0.121913893256575,0.326482200488085,4,3
"Mac-FOLR2-LYVE1-resident","Advanced_vs_Non-malignant","Advanced","Non-malignant","KLF3",0.462897926032639,1.60101246610163,0.1228825994457,0.326482200488085,4,3
"Mac-FOLR2-LYVE1-resident","Advanced_vs_Non-malignant","Advanced","Non-malignant","SOX10",-0.436701702346403,-1.58571982805719,0.126318440896506,0.33157791058034,4,3
"Mac-FOLR2-LYVE1-resident","Advanced_vs_Non-malignant","Advanced","Non-malignant","NANOG",0.499719418970084,1.58164354336001,0.127247611440426,0.33157791058034,4,3
"Mac-FOLR2-LYVE1-resident","Advanced_vs_Non-malignant","Advanced","Non-malignant","NCOA3",0.465927108682182,1.5572851070858,0.132918715268466,0.343056874645278,4,3
"Mac-FOLR2-LYVE1-resident","Advanced_vs_Non-malignant","Advanced","Non-malignant","CTCFL",0.464455692740699,1.53610412649325,0.138018013664213,0.35285737455662,4,3
"Mac-FOLR2-LYVE1-resident","Advanced_vs_Non-malignant","Advanced","Non-malignant","NR5A2",0.425212080235031,1.52962491617283,0.139609597969928,0.353014321425929,4,3
"Mac-FOLR2-LYVE1-resident","Advanced_vs_Non-malignant","Advanced","Non-malignant","SIX5",0.513897134215555,1.52100251485143,0.141750952186583,0.353014321425929,4,3
"Mac-FOLR2-LYVE1-resident","Advanced_vs_Non-malignant","Advanced","Non-malignant","ZFX",0.445474824917614,1.5200573426184,0.141987310093824,0.353014321425929,4,3
"Mac-FOLR2-LYVE1-resident","Advanced_vs_Non-malignant","Advanced","Non-malignant","MEF2C",0.540487276320063,1.50535361145612,0.145705940416088,0.357436247348821,4,3
"Mac-FOLR2-LYVE1-resident","Advanced_vs_Non-malignant","Advanced","Non-malignant","FOXA2",0.506545872908498,1.5026285288836,0.146403776589369,0.357436247348821,4,3
"Mac-FOLR2-LYVE1-resident","Advanced_vs_Non-malignant","Advanced","Non-malignant","ETS1",0.467278657703436,1.47861075021813,0.152672664903354,0.367668800066708,4,3
"Mac-FOLR2-LYVE1-resident","Advanced_vs_Non-malignant","Advanced","Non-malignant","TFDP1",-0.412066173189352,-1.46793712483881,0.155527611110544,0.367668800066708,4,3
"Mac-FOLR2-LYVE1-resident","Advanced_vs_Non-malignant","Advanced","Non-malignant","THAP11",-0.421843939485895,-1.46486993767546,0.15635595238836,0.367668800066708,4,3
"Mac-FOLR2-LYVE1-resident","Advanced_vs_Non-malignant","Advanced","Non-malignant","FOXM1",0.407961750694336,1.46420289464594,0.156536568830494,0.367668800066708,4,3
"Mac-FOLR2-LYVE1-resident","Advanced_vs_Non-malignant","Advanced","Non-malignant","EHF",0.432284820779487,1.46110159927626,0.157378526965823,0.367668800066708,4,3
"Mac-FOLR2-LYVE1-resident","Advanced_vs_Non-malignant","Advanced","Non-malignant","GATA1",-0.430713020567051,-1.45207981271638,0.159848615997007,0.370247649018709,4,3
"Mac-FOLR2-LYVE1-resident","Advanced_vs_Non-malignant","Advanced","Non-malignant","ATF3",-0.583867979039833,-1.39880155148841,0.175078211214577,0.402086400331784,4,3
"Mac-FOLR2-LYVE1-resident","Advanced_vs_Non-malignant","Advanced","Non-malignant","PBX2",0.425114039930317,1.39277033010595,0.176872712488825,0.402794160373711,4,3
"Mac-FOLR2-LYVE1-resident","Advanced_vs_Non-malignant","Advanced","Non-malignant","MNT",-0.431415433481688,-1.37726106206935,0.181554328214824,0.408475768190574,4,3
"Mac-FOLR2-LYVE1-resident","Advanced_vs_Non-malignant","Advanced","Non-malignant","GATA6",0.429569112835569,1.37455160583727,0.182382169561105,0.408475768190574,4,3
"Mac-FOLR2-LYVE1-resident","Advanced_vs_Non-malignant","Advanced","Non-malignant","SREBF1",-0.397456103905583,-1.36440447009101,0.185509022060099,0.409236831961039,4,3
"Mac-FOLR2-LYVE1-resident","Advanced_vs_Non-malignant","Advanced","Non-malignant","FOXA1",0.39690657155176,1.36365325853194,0.18574217834394,0.409236831961039,4,3
"Mac-FOLR2-LYVE1-resident","Advanced_vs_Non-malignant","Advanced","Non-malignant","SP3",0.400587436720032,1.35693560573496,0.18783743408975,0.410515682567114,4,3
"Mac-FOLR2-LYVE1-resident","Advanced_vs_Non-malignant","Advanced","Non-malignant","POU2F1",0.384522499097445,1.3517958424315,0.189453056147133,0.410734225726985,4,3
"Mac-FOLR2-LYVE1-resident","Advanced_vs_Non-malignant","Advanced","Non-malignant","ATF4",0.37874951321363,1.34221757063407,0.19249295832407,0.414012632585896,4,3
"Mac-FOLR2-LYVE1-resident","Advanced_vs_Non-malignant","Advanced","Non-malignant","JUND",0.422318031625985,1.33639176963537,0.194360523232057,0.414737809416436,4,3
"Mac-FOLR2-LYVE1-resident","Advanced_vs_Non-malignant","Advanced","Non-malignant","E2F2",-0.498593145757687,-1.31380901581214,0.201733919151298,0.42457256953108,4,3
"Mac-FOLR2-LYVE1-resident","Advanced_vs_Non-malignant","Advanced","Non-malignant","NCOA1",0.37858402219548,1.30457012568027,0.204812408909657,0.42457256953108,4,3
"Mac-FOLR2-LYVE1-resident","Advanced_vs_Non-malignant","Advanced","Non-malignant","FOXP2",-0.382116291851567,-1.30423740520828,0.20492395010225,0.42457256953108,4,3
"Mac-FOLR2-LYVE1-resident","Advanced_vs_Non-malignant","Advanced","Non-malignant","KLF13",-0.404679027827375,-1.30330676803459,0.205236186747496,0.42457256953108,4,3
"Mac-FOLR2-LYVE1-resident","Advanced_vs_Non-malignant","Advanced","Non-malignant","LHX2",0.351949135269527,1.28097600059197,0.212839271377043,0.43286665342963,4,3
"Mac-FOLR2-LYVE1-resident","Advanced_vs_Non-malignant","Advanced","Non-malignant","CREB3",-0.35775619646929,-1.27846591638506,0.213707276327367,0.43286665342963,4,3
"Mac-FOLR2-LYVE1-resident","Advanced_vs_Non-malignant","Advanced","Non-malignant","ZBED1",0.364205256188955,1.27386600298619,0.215305018002845,0.43286665342963,4,3
"Mac-FOLR2-LYVE1-resident","Advanced_vs_Non-malignant","Advanced","Non-malignant","EOMES",0.370930300783921,1.27292016803725,0.215634679752768,0.43286665342963,4,3
"Mac-FOLR2-LYVE1-resident","Advanced_vs_Non-malignant","Advanced","Non-malignant","SOX6",0.40825003463945,1.23385971176513,0.229589371100989,0.450250315496168,4,3
"Mac-FOLR2-LYVE1-resident","Advanced_vs_Non-malignant","Advanced","Non-malignant","STAT4",0.366897276370609,1.23311354992879,0.229862463359989,0.450250315496168,4,3
"Mac-FOLR2-LYVE1-resident","Advanced_vs_Non-malignant","Advanced","Non-malignant","NR3C1",0.3437238228045,1.22792266608703,0.231769122415546,0.450250315496168,4,3
"Mac-FOLR2-LYVE1-resident","Advanced_vs_Non-malignant","Advanced","Non-malignant","ETS2",0.382695945752323,1.22737431024932,0.231971235331199,0.450250315496168,4,3
"Mac-FOLR2-LYVE1-resident","Advanced_vs_Non-malignant","Advanced","Non-malignant","ZNF24",-0.360214178576487,-1.22566626975196,0.23260163900171,0.450250315496168,4,3
"Mac-FOLR2-LYVE1-resident","Advanced_vs_Non-malignant","Advanced","Non-malignant","SOX9",0.374242445841651,1.21872294085556,0.235177618940009,0.452008047749947,4,3
"Mac-FOLR2-LYVE1-resident","Advanced_vs_Non-malignant","Advanced","Non-malignant","NFATC1",0.395552293932249,1.17591923759952,0.2515343191537,0.476754259970999,4,3
"Mac-FOLR2-LYVE1-resident","Advanced_vs_Non-malignant","Advanced","Non-malignant","CEBPB",0.355790343272412,1.17582450396019,0.251571436073257,0.476754259970999,4,3
"Mac-FOLR2-LYVE1-resident","Advanced_vs_Non-malignant","Advanced","Non-malignant","BCL11A",0.33211585503159,1.16418936283279,0.256161116633514,0.478837258422334,4,3
"Mac-FOLR2-LYVE1-resident","Advanced_vs_Non-malignant","Advanced","Non-malignant","TBP",0.31980234448694,1.16408028121396,0.256204437163242,0.478837258422334,4,3
"Mac-FOLR2-LYVE1-resident","Advanced_vs_Non-malignant","Advanced","Non-malignant","PPARA",-0.341410811564964,-1.1540555527836,0.260208818230614,0.482990340688332,4,3
"Mac-FOLR2-LYVE1-resident","Advanced_vs_Non-malignant","Advanced","Non-malignant","NFE2",0.365396740067797,1.12562600979094,0.271815555190369,0.501102145963197,4,3
"Mac-FOLR2-LYVE1-resident","Advanced_vs_Non-malignant","Advanced","Non-malignant","POU4F2",0.319860388566478,1.08954614247252,0.287083444664379,0.523972662241692,4,3
"Mac-FOLR2-LYVE1-resident","Advanced_vs_Non-malignant","Advanced","Non-malignant","E2F5",-0.304612226500385,-1.08452230777152,0.289257419218182,0.523972662241692,4,3
"Mac-FOLR2-LYVE1-resident","Advanced_vs_Non-malignant","Advanced","Non-malignant","TCF12",0.354239979344939,1.07962283445462,0.291388935452896,0.523972662241692,4,3
"Mac-FOLR2-LYVE1-resident","Advanced_vs_Non-malignant","Advanced","Non-malignant","NFYA",0.295412236869709,1.07832543879668,0.29195524722692,0.523972662241692,4,3
"Mac-FOLR2-LYVE1-resident","Advanced_vs_Non-malignant","Advanced","Non-malignant","FOSL2",0.319954918065345,1.06905145811073,0.296026278297619,0.527783693543781,4,3
"Mac-FOLR2-LYVE1-resident","Advanced_vs_Non-malignant","Advanced","Non-malignant","NFE2L2",-0.377310696315824,-1.05142590281737,0.303874635326975,0.538235465186995,4,3
"Mac-FOLR2-LYVE1-resident","Advanced_vs_Non-malignant","Advanced","Non-malignant","ZEB1",-0.310862240867094,-1.03404477353063,0.311757280541606,0.548611837836203,4,3
"Mac-FOLR2-LYVE1-resident","Advanced_vs_Non-malignant","Advanced","Non-malignant","FOXO1",-0.287726884867699,-1.02517663197401,0.315834030819092,0.550858869022832,4,3
"Mac-FOLR2-LYVE1-resident","Advanced_vs_Non-malignant","Advanced","Non-malignant","PROX1",0.280045911594241,1.01553100184785,0.320310382139028,0.550858869022832,4,3
"Mac-FOLR2-LYVE1-resident","Advanced_vs_Non-malignant","Advanced","Non-malignant","SPI1",0.318405450250394,1.01505411133102,0.320532839087373,0.550858869022832,4,3
"Mac-FOLR2-LYVE1-resident","Advanced_vs_Non-malignant","Advanced","Non-malignant","ARID2",0.39782025641029,1.01370028581758,0.321164949467186,0.550858869022832,4,3
"Mac-FOLR2-LYVE1-resident","Advanced_vs_Non-malignant","Advanced","Non-malignant","ESR2",-0.270016881776927,-0.962787883351491,0.345566621288183,0.588984618673571,4,3
"Mac-FOLR2-LYVE1-resident","Advanced_vs_Non-malignant","Advanced","Non-malignant","WT1",-0.330761782281539,-0.956146803857694,0.34884024417593,0.590848163572981,4,3
"Mac-FOLR2-LYVE1-resident","Advanced_vs_Non-malignant","Advanced","Non-malignant","CREB3L1",0.288487172951836,0.927893683645552,0.363001066944705,0.611014218273386,4,3
"Mac-FOLR2-LYVE1-resident","Advanced_vs_Non-malignant","Advanced","Non-malignant","CLOCK",0.269077002102674,0.908860724967017,0.37275394967768,0.623339383611967,4,3
"Mac-FOLR2-LYVE1-resident","Advanced_vs_Non-malignant","Advanced","Non-malignant","RFX2",0.258300324863699,0.904671376655063,0.374923688297973,0.623339383611967,4,3
"Mac-FOLR2-LYVE1-resident","Advanced_vs_Non-malignant","Advanced","Non-malignant","CTCF",0.26772867909487,0.889246184182088,0.382984190512732,0.632858022127747,4,3
"Mac-FOLR2-LYVE1-resident","Advanced_vs_Non-malignant","Advanced","Non-malignant","ERG",-0.243515972487378,-0.873332451876081,0.39141766914711,0.642873868720405,4,3
"Mac-FOLR2-LYVE1-resident","Advanced_vs_Non-malignant","Advanced","Non-malignant","ARNTL",0.267808780613365,0.866662563372966,0.394987845629954,0.644829555215167,4,3
"Mac-FOLR2-LYVE1-resident","Advanced_vs_Non-malignant","Advanced","Non-malignant","SP1",-0.273705789958828,-0.844132155211137,0.407202099605885,0.660789035887395,4,3
"Mac-FOLR2-LYVE1-resident","Advanced_vs_Non-malignant","Advanced","Non-malignant","TEAD1",0.272281240146265,0.827385855097045,0.416434507273716,0.671078002974472,4,3
"Mac-FOLR2-LYVE1-resident","Advanced_vs_Non-malignant","Advanced","Non-malignant","HINFP",0.226998625799541,0.817152467089721,0.42214057027187,0.671078002974472,4,3
"Mac-FOLR2-LYVE1-resident","Advanced_vs_Non-malignant","Advanced","Non-malignant","ZEB2",0.224172355309976,0.807062428401992,0.427814271221168,0.671078002974472,4,3
"Mac-FOLR2-LYVE1-resident","Advanced_vs_Non-malignant","Advanced","Non-malignant","IKZF1",0.218603216048518,0.806758259699087,0.427986039170252,0.671078002974472,4,3
"Mac-FOLR2-LYVE1-resident","Advanced_vs_Non-malignant","Advanced","Non-malignant","KLF6",-0.268732629469994,-0.805371501913681,0.428769700951786,0.671078002974472,4,3
"Mac-FOLR2-LYVE1-resident","Advanced_vs_Non-malignant","Advanced","Non-malignant","RARA",0.254305172030017,0.804567928501596,0.4292242098348,0.671078002974472,4,3
"Mac-FOLR2-LYVE1-resident","Advanced_vs_Non-malignant","Advanced","Non-malignant","REL",0.255060049879404,0.79733521359716,0.433328517786108,0.671078002974472,4,3
"Mac-FOLR2-LYVE1-resident","Advanced_vs_Non-malignant","Advanced","Non-malignant","DUX4",0.254082820543859,0.792335170027339,0.436179957757933,0.671078002974472,4,3
"Mac-FOLR2-LYVE1-resident","Advanced_vs_Non-malignant","Advanced","Non-malignant","FLI1",-0.220876722276198,-0.789981567470073,0.437526157951687,0.671078002974472,4,3
"Mac-FOLR2-LYVE1-resident","Advanced_vs_Non-malignant","Advanced","Non-malignant","IRF9",0.306976541009813,0.788620946553233,0.438305559138308,0.671078002974472,4,3
"Mac-FOLR2-LYVE1-resident","Advanced_vs_Non-malignant","Advanced","Non-malignant","USF1",0.245090605971706,0.768812729918777,0.449748272499331,0.684729111501791,4,3
"Mac-FOLR2-LYVE1-resident","Advanced_vs_Non-malignant","Advanced","Non-malignant","HSF1",0.217333386276255,0.754910366804639,0.457886095292854,0.692210953570642,4,3
"Mac-FOLR2-LYVE1-resident","Advanced_vs_Non-malignant","Advanced","Non-malignant","RXRA",-0.21862797553182,-0.749339127280489,0.461171818283417,0.692210953570642,4,3
"Mac-FOLR2-LYVE1-resident","Advanced_vs_Non-malignant","Advanced","Non-malignant","HOXB13",-0.21505817103519,-0.745936583049185,0.463185408737389,0.692210953570642,4,3
"Mac-FOLR2-LYVE1-resident","Advanced_vs_Non-malignant","Advanced","Non-malignant","CREB1",0.224697543264221,0.743080420239968,0.464879680995782,0.692210953570642,4,3
"Mac-FOLR2-LYVE1-resident","Advanced_vs_Non-malignant","Advanced","Non-malignant","BCL6",-0.215448607595104,-0.731066172426602,0.472046612574694,0.699041704960339,4,3
"Mac-FOLR2-LYVE1-resident","Advanced_vs_Non-malignant","Advanced","Non-malignant","MYBL2",0.218139749291557,0.705457407297312,0.487537763328087,0.718058336206041,4,3
"Mac-FOLR2-LYVE1-resident","Advanced_vs_Non-malignant","Advanced","Non-malignant","PAX5",0.238716331069732,0.698772829930397,0.491629031178847,0.720170094321446,4,3
"Mac-FOLR2-LYVE1-resident","Advanced_vs_Non-malignant","Advanced","Non-malignant","MEIS2",-0.219690383742456,-0.683763996509016,0.500886289414741,0.726844776089756,4,3
"Mac-FOLR2-LYVE1-resident","Advanced_vs_Non-malignant","Advanced","Non-malignant","SRF",0.192654249088189,0.680491171795785,0.502917929971101,0.726844776089756,4,3
"Mac-FOLR2-LYVE1-resident","Advanced_vs_Non-malignant","Advanced","Non-malignant","MAF",0.197477039741696,0.678378586736045,0.504231800386989,0.726844776089756,4,3
"Mac-FOLR2-LYVE1-resident","Advanced_vs_Non-malignant","Advanced","Non-malignant","ZBTB33",0.206966326339546,0.668529887751198,0.510382344380334,0.731143983382955,4,3
"Mac-FOLR2-LYVE1-resident","Advanced_vs_Non-malignant","Advanced","Non-malignant","HIF1A",-0.212594921362674,-0.66310928524267,0.513785288782807,0.731143983382955,4,3
"Mac-FOLR2-LYVE1-resident","Advanced_vs_Non-malignant","Advanced","Non-malignant","ONECUT1",0.184013727955576,0.658139478104131,0.516916257016222,0.731143983382955,4,3
"Mac-FOLR2-LYVE1-resident","Advanced_vs_Non-malignant","Advanced","Non-malignant","ZNF639",0.194913805104587,0.656413515362515,0.51800606940785,0.731143983382955,4,3
"Mac-FOLR2-LYVE1-resident","Advanced_vs_Non-malignant","Advanced","Non-malignant","MXI1",-0.180303640871789,-0.647570167461573,0.52360977132388,0.731513453362784,4,3
"Mac-FOLR2-LYVE1-resident","Advanced_vs_Non-malignant","Advanced","Non-malignant","SMAD3",-0.222925143546779,-0.647480975415052,0.523666457388857,0.731513453362784,4,3
"Mac-FOLR2-LYVE1-resident","Advanced_vs_Non-malignant","Advanced","Non-malignant","NEUROD1",-0.17892917432966,-0.629486657813366,0.535171012534968,0.740905334486825,4,3
"Mac-FOLR2-LYVE1-resident","Advanced_vs_Non-malignant","Advanced","Non-malignant","SMAD5",0.189026274923475,0.628419195439411,0.535857732691578,0.740905334486825,4,3
"Mac-FOLR2-LYVE1-resident","Advanced_vs_Non-malignant","Advanced","Non-malignant","TFAP2A",-0.187144125373717,-0.621542283127373,0.540293099871133,0.742402636270437,4,3
"Mac-FOLR2-LYVE1-resident","Advanced_vs_Non-malignant","Advanced","Non-malignant","MYCN",0.20735040302161,0.617802928550073,0.54271304177772,0.742402636270437,4,3
"Mac-FOLR2-LYVE1-resident","Advanced_vs_Non-malignant","Advanced","Non-malignant","CDX2",-0.168960760301703,-0.611700770566601,0.546674408748649,0.742402636270437,4,3
"Mac-FOLR2-LYVE1-resident","Advanced_vs_Non-malignant","Advanced","Non-malignant","MAX",0.187663734075154,0.609819697516814,0.547898624553828,0.742402636270437,4,3
"Mac-FOLR2-LYVE1-resident","Advanced_vs_Non-malignant","Advanced","Non-malignant","RUNX3",-0.178793098392328,-0.59930436131847,0.554768577082556,0.747971564126232,4,3
"Mac-FOLR2-LYVE1-resident","Advanced_vs_Non-malignant","Advanced","Non-malignant","NFATC2",-0.16556433895865,-0.58017870025101,0.567377919115052,0.761185228119699,4,3
"Mac-FOLR2-LYVE1-resident","Advanced_vs_Non-malignant","Advanced","Non-malignant","YY1",0.179051140494318,0.572067789080806,0.572769215505602,0.761345815513321,4,3
"Mac-FOLR2-LYVE1-resident","Advanced_vs_Non-malignant","Advanced","Non-malignant","PAX6",0.159687591515343,0.571546788018327,0.57311640724988,0.761345815513321,4,3
"Mac-FOLR2-LYVE1-resident","Advanced_vs_Non-malignant","Advanced","Non-malignant","SMAD4",-0.16346223023794,-0.554591137212941,0.584473238884793,0.772645110915995,4,3
"Mac-FOLR2-LYVE1-resident","Advanced_vs_Non-malignant","Advanced","Non-malignant","CUX1",-0.153729261406102,-0.544732702162226,0.591127310083622,0.777648063265348,4,3
"Mac-FOLR2-LYVE1-resident","Advanced_vs_Non-malignant","Advanced","Non-malignant","NFIC",-0.15319219057793,-0.534589453432014,0.598012133017637,0.780238243545204,4,3
"Mac-FOLR2-LYVE1-resident","Advanced_vs_Non-malignant","Advanced","Non-malignant","SIX2",0.163949546003088,0.533352397309508,0.598854445230267,0.780238243545204,4,3
"Mac-FOLR2-LYVE1-resident","Advanced_vs_Non-malignant","Advanced","Non-malignant","EPAS1",0.172891175622181,0.522509846157052,0.60626155732144,0.785497139547617,4,3
"Mac-FOLR2-LYVE1-resident","Advanced_vs_Non-malignant","Advanced","Non-malignant","USF2",-0.15925536736281,-0.51897206242018,0.608687820313652,0.785497139547617,4,3
"Mac-FOLR2-LYVE1-resident","Advanced_vs_Non-malignant","Advanced","Non-malignant","BHLHE22",0.14526062819105,0.51416170143974,0.611994206378293,0.786020994921883,4,3
"Mac-FOLR2-LYVE1-resident","Advanced_vs_Non-malignant","Advanced","Non-malignant","STAT3",0.16062971862215,0.502536975170348,0.620019176054785,0.7915707878526,4,3
"Mac-FOLR2-LYVE1-resident","Advanced_vs_Non-malignant","Advanced","Non-malignant","ZNF143",0.145098649927211,0.49945187308244,0.622157113699645,0.7915707878526,4,3
"Mac-FOLR2-LYVE1-resident","Advanced_vs_Non-malignant","Advanced","Non-malignant","MYC",-0.136945953631879,-0.488044893271186,0.630091436606355,0.797919529534217,4,3
"Mac-FOLR2-LYVE1-resident","Advanced_vs_Non-malignant","Advanced","Non-malignant","GATA3",-0.133674335649811,-0.476743500247746,0.637997421527305,0.803014463422731,4,3
"Mac-FOLR2-LYVE1-resident","Advanced_vs_Non-malignant","Advanced","Non-malignant","E2F3",0.153752669602117,0.47323589171471,0.640460207239053,0.803014463422731,4,3
"Mac-FOLR2-LYVE1-resident","Advanced_vs_Non-malignant","Advanced","Non-malignant","ZBTB11",0.138928696763617,0.469618926803128,0.643004201338497,0.803014463422731,4,3
"Mac-FOLR2-LYVE1-resident","Advanced_vs_Non-malignant","Advanced","Non-malignant","KLF1",-0.135827167383663,-0.452627410063024,0.65501456770033,0.811892912609695,4,3
"Mac-FOLR2-LYVE1-resident","Advanced_vs_Non-malignant","Advanced","Non-malignant","FOXO4",0.136931796247768,0.44733224676979,0.658777152768657,0.811892912609695,4,3
"Mac-FOLR2-LYVE1-resident","Advanced_vs_Non-malignant","Advanced","Non-malignant","LEF1",0.133779609782018,0.444440566108643,0.660835795844598,0.811892912609695,4,3
"Mac-FOLR2-LYVE1-resident","Advanced_vs_Non-malignant","Advanced","Non-malignant","ARNT",-0.135554126522454,-0.442670667725435,0.662097172275803,0.811892912609695,4,3
"Mac-FOLR2-LYVE1-resident","Advanced_vs_Non-malignant","Advanced","Non-malignant","SOX11",0.132398529712004,0.432614026142176,0.66928368712029,0.813212609083929,4,3
"Mac-FOLR2-LYVE1-resident","Advanced_vs_Non-malignant","Advanced","Non-malignant","NR2F6",-0.122477238719241,-0.431220917433727,0.670281778318414,0.813212609083929,4,3
"Mac-FOLR2-LYVE1-resident","Advanced_vs_Non-malignant","Advanced","Non-malignant","ELK1",0.157757157557716,0.428579758739317,0.672175735921772,0.813212609083929,4,3
"Mac-FOLR2-LYVE1-resident","Advanced_vs_Non-malignant","Advanced","Non-malignant","NR2C2",0.116941846222918,0.424036105597603,0.675439148064741,0.813528929446866,4,3
"Mac-FOLR2-LYVE1-resident","Advanced_vs_Non-malignant","Advanced","Non-malignant","OTX2",0.122473729446084,0.412403209182235,0.683823861368731,0.819983479782859,4,3
"Mac-FOLR2-LYVE1-resident","Advanced_vs_Non-malignant","Advanced","Non-malignant","FOXO3",0.144057853042241,0.395959792204576,0.695746881518807,0.824571268867023,4,3
"Mac-FOLR2-LYVE1-resident","Advanced_vs_Non-malignant","Advanced","Non-malignant","GFI1B",0.11810370512718,0.386689254809799,0.702504641581579,0.824571268867023,4,3
"Mac-FOLR2-LYVE1-resident","Advanced_vs_Non-malignant","Advanced","Non-malignant","BHLHE40",-0.128266500881581,-0.384471268820943,0.704125190583136,0.824571268867023,4,3
"Mac-FOLR2-LYVE1-resident","Advanced_vs_Non-malignant","Advanced","Non-malignant","CEBPA",0.116501595208544,0.381834918559937,0.706053276468971,0.824571268867023,4,3
"Mac-FOLR2-LYVE1-resident","Advanced_vs_Non-malignant","Advanced","Non-malignant","KDM5B",0.117899708868579,0.381011985195673,0.706655538778699,0.824571268867023,4,3
"Mac-FOLR2-LYVE1-resident","Advanced_vs_Non-malignant","Advanced","Non-malignant","TFAP2C",-0.10687708365567,-0.379610600242303,0.707681590212951,0.824571268867023,4,3
"Mac-FOLR2-LYVE1-resident","Advanced_vs_Non-malignant","Advanced","Non-malignant","ASCL1",-0.106167559282401,-0.377881002347903,0.708948729321094,0.824571268867023,4,3
"Mac-FOLR2-LYVE1-resident","Advanced_vs_Non-malignant","Advanced","Non-malignant","PGR",0.105146339254674,0.364269169588009,0.71895074960492,0.832551470553186,4,3
"Mac-FOLR2-LYVE1-resident","Advanced_vs_Non-malignant","Advanced","Non-malignant","MAFG",0.104766879742358,0.360195457134471,0.721954227232467,0.832551470553186,4,3
"Mac-FOLR2-LYVE1-resident","Advanced_vs_Non-malignant","Advanced","Non-malignant","SP2",0.109268480696304,0.349366296186434,0.729960504995631,0.838217359550067,4,3
"Mac-FOLR2-LYVE1-resident","Advanced_vs_Non-malignant","Advanced","Non-malignant","HMBOX1",-0.0971379391372488,-0.333498824028435,0.741748373942473,0.846685894564645,4,3
"Mac-FOLR2-LYVE1-resident","Advanced_vs_Non-malignant","Advanced","Non-malignant","MITF",-0.0985247910847894,-0.330123447790045,0.744264391448559,0.846685894564645,4,3
"Mac-FOLR2-LYVE1-resident","Advanced_vs_Non-malignant","Advanced","Non-malignant","HNF4A",0.0909360670690461,0.326848645565393,0.74670822435775,0.846685894564645,4,3
"Mac-FOLR2-LYVE1-resident","Advanced_vs_Non-malignant","Advanced","Non-malignant","TCF7",0.0896527394360463,0.307574967029483,0.761145540567861,0.856412590190702,4,3
"Mac-FOLR2-LYVE1-resident","Advanced_vs_Non-malignant","Advanced","Non-malignant","HNF4G",0.0970365607372674,0.306961223529885,0.761606768398373,0.856412590190702,4,3
"Mac-FOLR2-LYVE1-resident","Advanced_vs_Non-malignant","Advanced","Non-malignant","RUNX1",-0.0771661121008642,-0.262005717490764,0.795625586498344,0.89096914851674,4,3
"Mac-FOLR2-LYVE1-resident","Advanced_vs_Non-malignant","Advanced","Non-malignant","TEAD2",0.0718155142383719,0.246164107440655,0.807716588802196,0.891968189244299,4,3
"Mac-FOLR2-LYVE1-resident","Advanced_vs_Non-malignant","Advanced","Non-malignant","ELF1",0.0677110908113993,0.243696779122035,0.809604258920856,0.891968189244299,4,3
"Mac-FOLR2-LYVE1-resident","Advanced_vs_Non-malignant","Advanced","Non-malignant","NR2F2",-0.0741081484043319,-0.241158274804032,0.811547616113214,0.891968189244299,4,3
"Mac-FOLR2-LYVE1-resident","Advanced_vs_Non-malignant","Advanced","Non-malignant","ESR1",-0.0701047430409128,-0.239253205740451,0.813006859592807,0.891968189244299,4,3
"Mac-FOLR2-LYVE1-resident","Advanced_vs_Non-malignant","Advanced","Non-malignant","HOXA9",0.0721023876560009,0.235971346856796,0.815522316000887,0.891968189244299,4,3
"Mac-FOLR2-LYVE1-resident","Advanced_vs_Non-malignant","Advanced","Non-malignant","GATA2",-0.0721040362316668,-0.235001467201756,0.816266092002163,0.891968189244299,4,3
"Mac-FOLR2-LYVE1-resident","Advanced_vs_Non-malignant","Advanced","Non-malignant","EGR1",0.0820043839187014,0.215126649414619,0.831545451804,0.903544873351707,4,3
"Mac-FOLR2-LYVE1-resident","Advanced_vs_Non-malignant","Advanced","Non-malignant","HBP1",0.0580647846003682,0.208290528993231,0.836816978041067,0.903544873351707,4,3
"Mac-FOLR2-LYVE1-resident","Advanced_vs_Non-malignant","Advanced","Non-malignant","BACH1",-0.0617016755135101,-0.205214908553167,0.839191241437906,0.903544873351707,4,3
"Mac-FOLR2-LYVE1-resident","Advanced_vs_Non-malignant","Advanced","Non-malignant","ARID3A",-0.0639602445986686,-0.203913036972085,0.840196708799373,0.903544873351707,4,3
"Mac-FOLR2-LYVE1-resident","Advanced_vs_Non-malignant","Advanced","Non-malignant","AHR",-0.0537946596097888,-0.190225523551813,0.850784408846053,0.911314524890437,4,3
"Mac-FOLR2-LYVE1-resident","Advanced_vs_Non-malignant","Advanced","Non-malignant","GLI2",-0.0483325754857268,-0.164114466504973,0.871060146604632,0.929359447755336,4,3
"Mac-FOLR2-LYVE1-resident","Advanced_vs_Non-malignant","Advanced","Non-malignant","GATA4",0.042140280161314,0.149867809693866,0.882162095988636,0.937513443187923,4,3
"Mac-FOLR2-LYVE1-resident","Advanced_vs_Non-malignant","Advanced","Non-malignant","TAL1",0.0360611403625653,0.125024398012522,0.901579538922924,0.954406465031689,4,3
"Mac-FOLR2-LYVE1-resident","Advanced_vs_Non-malignant","Advanced","Non-malignant","PAX8",0.0341403223802189,0.114449113487916,0.90986492990682,0.959429556438709,4,3
"Mac-FOLR2-LYVE1-resident","Advanced_vs_Non-malignant","Advanced","Non-malignant","E2F6",-0.0283866927929709,-0.101621486935525,0.919928905844034,0.966166588680918,4,3
"Mac-FOLR2-LYVE1-resident","Advanced_vs_Non-malignant","Advanced","Non-malignant","PKNOX1",-0.0230733033373079,-0.0838225444160675,0.933915456295935,0.966166588680918,4,3
"Mac-FOLR2-LYVE1-resident","Advanced_vs_Non-malignant","Advanced","Non-malignant","MAFK",-0.0237051692554432,-0.0785528291229803,0.938060824822411,0.966166588680918,4,3
"Mac-FOLR2-LYVE1-resident","Advanced_vs_Non-malignant","Advanced","Non-malignant","CEBPG",-0.0217632082889001,-0.0777771260853291,0.938671177790012,0.966166588680918,4,3
"Mac-FOLR2-LYVE1-resident","Advanced_vs_Non-malignant","Advanced","Non-malignant","ATF1",-0.0224455111431615,-0.0760535480061466,0.940027492173831,0.966166588680918,4,3
"Mac-FOLR2-LYVE1-resident","Advanced_vs_Non-malignant","Advanced","Non-malignant","KLF4",-0.0217268559067504,-0.0706861062973954,0.944252396818931,0.966166588680918,4,3
"Mac-FOLR2-LYVE1-resident","Advanced_vs_Non-malignant","Advanced","Non-malignant","MBD2",-0.0197138896739965,-0.0691351092089442,0.945473558831172,0.966166588680918,4,3
"Mac-FOLR2-LYVE1-resident","Advanced_vs_Non-malignant","Advanced","Non-malignant","SOX13",0.0190814944722581,0.0636695351027746,0.949777891874172,0.966166588680918,4,3
"Mac-FOLR2-LYVE1-resident","Advanced_vs_Non-malignant","Advanced","Non-malignant","VDR",-0.0179064010959221,-0.0627502593033965,0.9505020112231,0.966166588680918,4,3
"Mac-FOLR2-LYVE1-resident","Advanced_vs_Non-malignant","Advanced","Non-malignant","HHEX",-0.0173440506262534,-0.0609682594918428,0.951905827224373,0.966166588680918,4,3
"Mac-FOLR2-LYVE1-resident","Advanced_vs_Non-malignant","Advanced","Non-malignant","NR4A1",0.0123007904326555,0.0428816850526747,0.966162190135504,0.976052153881775,4,3
"Mac-FOLR2-LYVE1-resident","Advanced_vs_Non-malignant","Advanced","Non-malignant","ZNF217",-0.0114630038871455,-0.0385465957567678,0.969581130094859,0.976052153881775,4,3
"Mac-FOLR2-LYVE1-resident","Advanced_vs_Non-malignant","Advanced","Non-malignant","KLF9",0.0122303677166825,0.0349089459765048,0.972450485417266,0.976052153881775,4,3
"Mac-FOLR2-LYVE1-resident","Advanced_vs_Non-malignant","Advanced","Non-malignant","MYOD1",0.00503827901894554,0.0175937445234534,0.986113137934356,0.986113137934356,4,3
"Mac-FOLR2-LYVE1-resident","Advanced_vs_Early","Advanced","Early","ZBTB7A",-1.55228781448021,-4.66532207248511,0.000256958476848079,0.0696357472258294,4,3
"Mac-FOLR2-LYVE1-resident","Advanced_vs_Early","Advanced","Early","MAZ",1.36144973679518,3.78020439964335,0.00163341547258487,0.12199961520751,4,3
"Mac-FOLR2-LYVE1-resident","Advanced_vs_Early","Advanced","Early","KLF5",1.58599314603524,3.51777999347068,0.00284499465064578,0.12199961520751,4,3
"Mac-FOLR2-LYVE1-resident","Advanced_vs_Early","Advanced","Early","ZNF263",-1.51900467701035,-3.47411384178761,0.00312016643157831,0.12199961520751,4,3
"Mac-FOLR2-LYVE1-resident","Advanced_vs_Early","Advanced","Early","ZNF592",1.19437664875904,3.43953167484818,0.00335678130875933,0.12199961520751,4,3
"Mac-FOLR2-LYVE1-resident","Advanced_vs_Early","Advanced","Early","TCF12",1.28902964708196,3.42709292379773,0.00344618635618363,0.12199961520751,4,3
"Mac-FOLR2-LYVE1-resident","Advanced_vs_Early","Advanced","Early","KLF6",1.46861506825322,3.41720327197803,0.00351895640964536,0.12199961520751,4,3
"Mac-FOLR2-LYVE1-resident","Advanced_vs_Early","Advanced","Early","TP53",1.11152623051403,3.40623323643244,0.00360146465557225,0.12199961520751,4,3
"Mac-FOLR2-LYVE1-resident","Advanced_vs_Early","Advanced","Early","TEAD4",1.16262199590972,3.31698701093914,0.00434814996243128,0.130927626646542,4,3
"Mac-FOLR2-LYVE1-resident","Advanced_vs_Early","Advanced","Early","MAFF",1.39869229303782,3.11931712336976,0.00659112854475143,0.165796631980546,4,3
"Mac-FOLR2-LYVE1-resident","Advanced_vs_Early","Advanced","Early","THAP11",-1.21445184163586,-3.10939532137107,0.00672975258961625,0.165796631980546,4,3
"Mac-FOLR2-LYVE1-resident","Advanced_vs_Early","Advanced","Early","RUNX2",0.917655608525074,2.99790688911491,0.00849822791718672,0.181604055272332,4,3
"Mac-FOLR2-LYVE1-resident","Advanced_vs_Early","Advanced","Early","BHLHE40",-1.49650174474453,-2.97268315271967,0.00895746036524152,0.181604055272332,4,3
"Mac-FOLR2-LYVE1-resident","Advanced_vs_Early","Advanced","Early","ZKSCAN1",1.17970403615362,2.93249062800036,0.00973972069623121,0.181604055272332,4,3
"Mac-FOLR2-LYVE1-resident","Advanced_vs_Early","Advanced","Early","TEAD1",1.11761365714769,2.86530349125558,0.0111983588685934,0.181604055272332,4,3
"Mac-FOLR2-LYVE1-resident","Advanced_vs_Early","Advanced","Early","EGR1",0.953997204098564,2.83966502024896,0.0118091795468429,0.181604055272332,4,3
"Mac-FOLR2-LYVE1-resident","Advanced_vs_Early","Advanced","Early","ATF7",0.987671210862994,2.80699140061337,0.0126345723535982,0.181604055272332,4,3
"Mac-FOLR2-LYVE1-resident","Advanced_vs_Early","Advanced","Early","GRHL2",0.93885771337192,2.79142116462231,0.0130472983796678,0.181604055272332,4,3
"Mac-FOLR2-LYVE1-resident","Advanced_vs_Early","Advanced","Early","MEF2A",1.50044739251251,2.75433880640127,0.014083428460586,0.181604055272332,4,3
"Mac-FOLR2-LYVE1-resident","Advanced_vs_Early","Advanced","Early","NR2C2",0.971288011678759,2.75410778089016,0.0140901262173026,0.181604055272332,4,3
"Mac-FOLR2-LYVE1-resident","Advanced_vs_Early","Advanced","Early","TFAP4",0.88421539834557,2.75290029610142,0.0141251829693655,0.181604055272332,4,3
"Mac-FOLR2-LYVE1-resident","Advanced_vs_Early","Advanced","Early","TCF4",0.886369811693843,2.73208964428975,0.0147427646346543,0.181604055272332,4,3
"Mac-FOLR2-LYVE1-resident","Advanced_vs_Early","Advanced","Early","PRDM14",1.11876701537432,2.7095064612148,0.0154423833161847,0.181951559942872,4,3
"Mac-FOLR2-LYVE1-resident","Advanced_vs_Early","Advanced","Early","EBF1",1.08186269964101,2.67352959634351,0.0166233798027339,0.187705663605871,4,3
"Mac-FOLR2-LYVE1-resident","Advanced_vs_Early","Advanced","Early","RFX1",1.24240179230592,2.6530275564595,0.0173347143867063,0.187908303951897,4,3
"Mac-FOLR2-LYVE1-resident","Advanced_vs_Early","Advanced","Early","ESRRA",1.00476674927548,2.58123640141334,0.0200626224588835,0.209114257167593,4,3
"Mac-FOLR2-LYVE1-resident","Advanced_vs_Early","Advanced","Early","THAP1",1.06868687292682,2.55395391175441,0.0212031778981616,0.212817081866734,4,3
"Mac-FOLR2-LYVE1-resident","Advanced_vs_Early","Advanced","Early","TBP",0.814011745878638,2.51956980699465,0.0227287646135437,0.21998197179537,4,3
"Mac-FOLR2-LYVE1-resident","Advanced_vs_Early","Advanced","Early","NFE2L1",0.857071149571221,2.49814769207706,0.0237314129286662,0.221612891238282,4,3
"Mac-FOLR2-LYVE1-resident","Advanced_vs_Early","Advanced","Early","GATA6",0.851860429961349,2.46309055114494,0.0254633241123458,0.221612891238282,4,3
"Mac-FOLR2-LYVE1-resident","Advanced_vs_Early","Advanced","Early","NR4A1",0.907803447319284,2.45978775859602,0.025632522195737,0.221612891238282,4,3
"Mac-FOLR2-LYVE1-resident","Advanced_vs_Early","Advanced","Early","SMAD1",0.841802164356322,2.4494634307792,0.0261683118805352,0.221612891238282,4,3
"Mac-FOLR2-LYVE1-resident","Advanced_vs_Early","Advanced","Early","PKNOX1",1.03742028492457,2.40185451643434,0.0287788376864293,0.221745859487483,4,3
"Mac-FOLR2-LYVE1-resident","Advanced_vs_Early","Advanced","Early","FOXP1",-1.06170881931145,-2.39662915647699,0.0290798618644466,0.221745859487483,4,3
"Mac-FOLR2-LYVE1-resident","Advanced_vs_Early","Advanced","Early","IRF1",-0.913922171981231,-2.38755741453202,0.0296095229797809,0.221745859487483,4,3
"Mac-FOLR2-LYVE1-resident","Advanced_vs_Early","Advanced","Early","MEF2C",0.979539866341371,2.37722728584513,0.0302237064648889,0.221745859487483,4,3
"Mac-FOLR2-LYVE1-resident","Advanced_vs_Early","Advanced","Early","POU2F1",0.825504588735288,2.37636911357825,0.0302752649484756,0.221745859487483,4,3
"Mac-FOLR2-LYVE1-resident","Advanced_vs_Early","Advanced","Early","SIX2",0.734080106830578,2.3165714424332,0.0340782694249146,0.234181838188278,4,3
"Mac-FOLR2-LYVE1-resident","Advanced_vs_Early","Advanced","Early","JUNB",0.93431961756273,2.3127141125466,0.0343383439028277,0.234181838188278,4,3
"Mac-FOLR2-LYVE1-resident","Advanced_vs_Early","Advanced","Early","ETV4",0.74056161410114,2.28683481952199,0.0361317633214879,0.234181838188278,4,3
"Mac-FOLR2-LYVE1-resident","Advanced_vs_Early","Advanced","Early","KLF1",0.966358134435831,2.26126455352409,0.0379892762726581,0.234181838188278,4,3
"Mac-FOLR2-LYVE1-resident","Advanced_vs_Early","Advanced","Early","LYL1",1.23262114617278,2.2597469614078,0.0381022679246701,0.234181838188278,4,3
"Mac-FOLR2-LYVE1-resident","Advanced_vs_Early","Advanced","Early","ATF6",0.859776022174434,2.25145742884363,0.038724999865952,0.234181838188278,4,3
"Mac-FOLR2-LYVE1-resident","Advanced_vs_Early","Advanced","Early","MAF",0.948403787373135,2.24854830823176,0.0389457752623407,0.234181838188278,4,3
"Mac-FOLR2-LYVE1-resident","Advanced_vs_Early","Advanced","Early","PBX3",0.879662671582148,2.23995571721205,0.0396047232971836,0.234181838188278,4,3
"Mac-FOLR2-LYVE1-resident","Advanced_vs_Early","Advanced","Early","E2F6",-0.815943750247596,-2.23807375885447,0.0397504227183055,0.234181838188278,4,3
"Mac-FOLR2-LYVE1-resident","Advanced_vs_Early","Advanced","Early","PDX1",0.739210934768119,2.20110502430389,0.0427152919892841,0.246294555938212,4,3
"Mac-FOLR2-LYVE1-resident","Advanced_vs_Early","Advanced","Early","MBD1",-0.986261248789911,-2.15460302995938,0.0467351616142081,0.263858933280216,4,3
"Mac-FOLR2-LYVE1-resident","Advanced_vs_Early","Advanced","Early","ZEB1",-0.862853470950435,-2.13799325438128,0.0482535547198876,0.266871700593664,4,3
"Mac-FOLR2-LYVE1-resident","Advanced_vs_Early","Advanced","Early","PBX2",0.880351177372516,2.11378154284974,0.0505482288657052,0.271726779685734,4,3
"Mac-FOLR2-LYVE1-resident","Advanced_vs_Early","Advanced","Early","MNT",-0.910142519922806,-2.10773431424012,0.0511367740367987,0.271726779685734,4,3
"Mac-FOLR2-LYVE1-resident","Advanced_vs_Early","Advanced","Early","SPIB",0.959690189119821,2.08102857189955,0.0538117101358045,0.275341119527131,4,3
"Mac-FOLR2-LYVE1-resident","Advanced_vs_Early","Advanced","Early","MAX",0.787063692872341,2.06745821631548,0.0552194210764615,0.275341119527131,4,3
"Mac-FOLR2-LYVE1-resident","Advanced_vs_Early","Advanced","Early","IKZF1",0.779995546492051,2.04061782760427,0.0581030462807164,0.275341119527131,4,3
"Mac-FOLR2-LYVE1-resident","Advanced_vs_Early","Advanced","Early","ESR1",0.764964009978039,2.03253726636707,0.0589976488925594,0.275341119527131,4,3
"Mac-FOLR2-LYVE1-resident","Advanced_vs_Early","Advanced","Early","ZEB2",-0.659272959582632,-2.03239185338134,0.059013861681401,0.275341119527131,4,3
"Mac-FOLR2-LYVE1-resident","Advanced_vs_Early","Advanced","Early","NR2F1",0.662910718086294,2.01625590800474,0.0608382763545554,0.275341119527131,4,3
"Mac-FOLR2-LYVE1-resident","Advanced_vs_Early","Advanced","Early","ELF3",0.672800040028326,2.01477677411578,0.0610080494316548,0.275341119527131,4,3
"Mac-FOLR2-LYVE1-resident","Advanced_vs_Early","Advanced","Early","PRDM1",0.704977704184589,2.0129755845468,0.0612153676571207,0.275341119527131,4,3
"Mac-FOLR2-LYVE1-resident","Advanced_vs_Early","Advanced","Early","NCOA1",0.761111318178058,2.01047339739854,0.0615044311312568,0.275341119527131,4,3
"Mac-FOLR2-LYVE1-resident","Advanced_vs_Early","Advanced","Early","ZNF740",0.660145774836862,1.99923153776773,0.0628184596718562,0.275341119527131,4,3
"Mac-FOLR2-LYVE1-resident","Advanced_vs_Early","Advanced","Early","RBPJ",0.745533149884736,1.9977529039198,0.0629931712571295,0.275341119527131,4,3
"Mac-FOLR2-LYVE1-resident","Advanced_vs_Early","Advanced","Early","EPAS1",0.625827959111809,1.96788678045366,0.0666174372996774,0.28656072235258,4,3
"Mac-FOLR2-LYVE1-resident","Advanced_vs_Early","Advanced","Early","HOXB13",0.643928171046173,1.93992378098875,0.0701800544693764,0.297168668143766,4,3
"Mac-FOLR2-LYVE1-resident","Advanced_vs_Early","Advanced","Early","HNF1A",-0.641124106287361,-1.90997974679664,0.0741839754746017,0.30929011313257,4,3
"Mac-FOLR2-LYVE1-resident","Advanced_vs_Early","Advanced","Early","TFDP1",-0.668410358078545,-1.87714619658595,0.0788080873430433,0.323590782878253,4,3
"Mac-FOLR2-LYVE1-resident","Advanced_vs_Early","Advanced","Early","NFYA",0.689888848613193,1.86323504313713,0.0808435431818961,0.326994032870058,4,3
"Mac-FOLR2-LYVE1-resident","Advanced_vs_Early","Advanced","Early","SNAI2",-0.657790422380365,-1.83753744539946,0.0847267409194328,0.335189097377042,4,3
"Mac-FOLR2-LYVE1-resident","Advanced_vs_Early","Advanced","Early","XBP1",0.692624062514598,1.83355341385957,0.0853433495166639,0.335189097377042,4,3
"Mac-FOLR2-LYVE1-resident","Advanced_vs_Early","Advanced","Early","SNAPC4",0.618966006806719,1.80755280056982,0.089465830253984,0.34603397993509,4,3
"Mac-FOLR2-LYVE1-resident","Advanced_vs_Early","Advanced","Early","ATF3",-0.715070416271537,-1.8002287920754,0.0906583489866841,0.34603397993509,4,3
"Mac-FOLR2-LYVE1-resident","Advanced_vs_Early","Advanced","Early","CTCF",0.607042843619777,1.78339927462074,0.0934517501711482,0.351742004116405,4,3
"Mac-FOLR2-LYVE1-resident","Advanced_vs_Early","Advanced","Early","REST",0.571270443081333,1.77440260867625,0.094975836192832,0.352581528880239,4,3
"Mac-FOLR2-LYVE1-resident","Advanced_vs_Early","Advanced","Early","FOXK2",0.664751987058141,1.76615365104664,0.0963923726446949,0.353004499820437,4,3
"Mac-FOLR2-LYVE1-resident","Advanced_vs_Early","Advanced","Early","AR",0.571958275732532,1.74068155032605,0.100883917968058,0.363024600634892,4,3
"Mac-FOLR2-LYVE1-resident","Advanced_vs_Early","Advanced","Early","CEBPA",-0.661962344736492,-1.73556616678099,0.10180763707842,0.363024600634892,4,3
"Mac-FOLR2-LYVE1-resident","Advanced_vs_Early","Advanced","Early","RUNX3",0.554595072160078,1.72334195227423,0.104044952561359,0.36413184446507,4,3
"Mac-FOLR2-LYVE1-resident","Advanced_vs_Early","Advanced","Early","PPARG",0.879203553502889,1.71588290908234,0.105431044500892,0.36413184446507,4,3
"Mac-FOLR2-LYVE1-resident","Advanced_vs_Early","Advanced","Early","ZNF143",0.691414787789993,1.7095686386844,0.106616918256385,0.36413184446507,4,3
"Mac-FOLR2-LYVE1-resident","Advanced_vs_Early","Advanced","Early","ATF4",0.708155337475315,1.69526170446235,0.109346778603111,0.36413184446507,4,3
"Mac-FOLR2-LYVE1-resident","Advanced_vs_Early","Advanced","Early","HINFP",0.527255658103278,1.68493306418033,0.111354981566324,0.36413184446507,4,3
"Mac-FOLR2-LYVE1-resident","Advanced_vs_Early","Advanced","Early","PAX8",0.547890780595166,1.68052442771466,0.112221815426259,0.36413184446507,4,3
"Mac-FOLR2-LYVE1-resident","Advanced_vs_Early","Advanced","Early","ZNF384",0.734339787023142,1.67695767352596,0.112927375085927,0.36413184446507,4,3
"Mac-FOLR2-LYVE1-resident","Advanced_vs_Early","Advanced","Early","TEAD2",0.54692130193163,1.67665358352625,0.112987705570843,0.36413184446507,4,3
"Mac-FOLR2-LYVE1-resident","Advanced_vs_Early","Advanced","Early","NRF1",0.710786180710628,1.66771701884911,0.114773148727659,0.36413184446507,4,3
"Mac-FOLR2-LYVE1-resident","Advanced_vs_Early","Advanced","Early","CREB3L1",0.541719367644088,1.66384255123715,0.115554755070096,0.36413184446507,4,3
"Mac-FOLR2-LYVE1-resident","Advanced_vs_Early","Advanced","Early","HHEX",-0.52730101559542,-1.65556591753564,0.117239782216082,0.365195183684576,4,3
"Mac-FOLR2-LYVE1-resident","Advanced_vs_Early","Advanced","Early","MAFG",0.606648110457212,1.62357425143083,0.123952809633542,0.375427359712635,4,3
"Mac-FOLR2-LYVE1-resident","Advanced_vs_Early","Advanced","Early","MXI1",-0.541375350960868,-1.62178688266671,0.124337373551161,0.375427359712635,4,3
"Mac-FOLR2-LYVE1-resident","Advanced_vs_Early","Advanced","Early","NCOA3",0.633117105349637,1.62019528742381,0.124680672967296,0.375427359712635,4,3
"Mac-FOLR2-LYVE1-resident","Advanced_vs_Early","Advanced","Early","NR5A2",0.53922720388241,1.60326488337501,0.128382827016859,0.379854472264494,4,3
"Mac-FOLR2-LYVE1-resident","Advanced_vs_Early","Advanced","Early","AHR",0.4934085105085,1.59790284775538,0.129574686707771,0.379854472264494,4,3
"Mac-FOLR2-LYVE1-resident","Advanced_vs_Early","Advanced","Early","ZNF217",0.604150055251465,1.59257756575178,0.130767675996217,0.379854472264494,4,3
"Mac-FOLR2-LYVE1-resident","Advanced_vs_Early","Advanced","Early","NR2F6",-0.521693188374464,-1.588189793273,0.131757639826061,0.379854472264494,4,3
"Mac-FOLR2-LYVE1-resident","Advanced_vs_Early","Advanced","Early","ELK4",0.522501071452456,1.57216931009534,0.135426316005067,0.386321385656558,4,3
"Mac-FOLR2-LYVE1-resident","Advanced_vs_Early","Advanced","Early","BACH2",0.621064151713944,1.55341042175232,0.139831550431123,0.394426140705598,4,3
"Mac-FOLR2-LYVE1-resident","Advanced_vs_Early","Advanced","Early","CREM",0.536190279418901,1.54777479718399,0.141178360326358,0.394426140705598,4,3
"Mac-FOLR2-LYVE1-resident","Advanced_vs_Early","Advanced","Early","NR1H2",0.536588712191296,1.4968261593241,0.153856034288819,0.409266085148984,4,3
"Mac-FOLR2-LYVE1-resident","Advanced_vs_Early","Advanced","Early","CEBPG",0.48136073464128,1.49289423915048,0.154872695939602,0.409266085148984,4,3
"Mac-FOLR2-LYVE1-resident","Advanced_vs_Early","Advanced","Early","PPARA",0.54144884851617,1.4872572923178,0.156339961764767,0.409266085148984,4,3
"Mac-FOLR2-LYVE1-resident","Advanced_vs_Early","Advanced","Early","E2F2",-0.680341093952285,-1.48490880559807,0.156954658749972,0.409266085148984,4,3
"Mac-FOLR2-LYVE1-resident","Advanced_vs_Early","Advanced","Early","NFIC",0.515903343741516,1.48130346476475,0.157902230634069,0.409266085148984,4,3
"Mac-FOLR2-LYVE1-resident","Advanced_vs_Early","Advanced","Early","GABPA",0.60903285110356,1.47859653261498,0.158616793976746,0.409266085148984,4,3
"Mac-FOLR2-LYVE1-resident","Advanced_vs_Early","Advanced","Early","RXRA",-0.479537522912639,-1.47437872761334,0.159735531810228,0.409266085148984,4,3
"Mac-FOLR2-LYVE1-resident","Advanced_vs_Early","Advanced","Early","PGR",0.500105748955758,1.47278684783008,0.160159460198474,0.409266085148984,4,3
"Mac-FOLR2-LYVE1-resident","Advanced_vs_Early","Advanced","Early","HNF4A",0.47270942667136,1.4691560786505,0.161129844395893,0.409266085148984,4,3
"Mac-FOLR2-LYVE1-resident","Advanced_vs_Early","Advanced","Early","FOSL2",-0.466614087698185,-1.46743270597655,0.161592144320817,0.409266085148984,4,3
"Mac-FOLR2-LYVE1-resident","Advanced_vs_Early","Advanced","Early","SP4",0.539742423613024,1.44002083927869,0.169093935145282,0.424300522447883,4,3
"Mac-FOLR2-LYVE1-resident","Advanced_vs_Early","Advanced","Early","IRF9",-0.615963040311766,-1.42938312815301,0.172081236646377,0.427835001203378,4,3
"Mac-FOLR2-LYVE1-resident","Advanced_vs_Early","Advanced","Early","KMT2A",-0.497290377347437,-1.42225651026307,0.174106638914689,0.427909638609102,4,3
"Mac-FOLR2-LYVE1-resident","Advanced_vs_Early","Advanced","Early","MYC",0.523051454991976,1.41819627712721,0.175269261570518,0.427909638609102,4,3
"Mac-FOLR2-LYVE1-resident","Advanced_vs_Early","Advanced","Early","FOXM1",-0.544456817345647,-1.38782365562969,0.184168656382885,0.445622373926445,4,3
"Mac-FOLR2-LYVE1-resident","Advanced_vs_Early","Advanced","Early","REL",-0.460804989351552,-1.36418418207724,0.191345961395595,0.458891641931028,4,3
"Mac-FOLR2-LYVE1-resident","Advanced_vs_Early","Advanced","Early","SOX2",0.425841636590415,1.35415195053489,0.194459301810073,0.462267287636225,4,3
"Mac-FOLR2-LYVE1-resident","Advanced_vs_Early","Advanced","Early","MEF2B",0.456731873850276,1.34033176571569,0.198814693794613,0.468511147985566,4,3
"Mac-FOLR2-LYVE1-resident","Advanced_vs_Early","Advanced","Early","RFX2",0.581130865176535,1.32569601887994,0.203511901885037,0.47544590871418,4,3
"Mac-FOLR2-LYVE1-resident","Advanced_vs_Early","Advanced","Early","SMAD3",0.476298296841778,1.31518711344336,0.206938912048796,0.479320044147211,4,3
"Mac-FOLR2-LYVE1-resident","Advanced_vs_Early","Advanced","Early","CREB1",-0.438947034195169,-1.30001239470041,0.211968228416999,0.48256662793519,4,3
"Mac-FOLR2-LYVE1-resident","Advanced_vs_Early","Advanced","Early","MAFK",0.469694727727834,1.2976417065136,0.212762609992465,0.48256662793519,4,3
"Mac-FOLR2-LYVE1-resident","Advanced_vs_Early","Advanced","Early","TP73",0.436077998581463,1.29490477785868,0.213682639676099,0.48256662793519,4,3
"Mac-FOLR2-LYVE1-resident","Advanced_vs_Early","Advanced","Early","MAFB",0.506363699977854,1.28044902543481,0.218594239001134,0.489578832804192,4,3
"Mac-FOLR2-LYVE1-resident","Advanced_vs_Early","Advanced","Early","KLF13",-0.411218970162115,-1.26983540392962,0.222256647911797,0.493701242492598,4,3
"Mac-FOLR2-LYVE1-resident","Advanced_vs_Early","Advanced","Early","IRF2",0.460545608707138,1.25835873461192,0.226270841674629,0.495786324106468,4,3
"Mac-FOLR2-LYVE1-resident","Advanced_vs_Early","Advanced","Early","SOX11",0.421497060760707,1.2561390807922,0.22705371259483,0.495786324106468,4,3
"Mac-FOLR2-LYVE1-resident","Advanced_vs_Early","Advanced","Early","NR5A1",-0.399056194275896,-1.25153664526946,0.228683728831397,0.495786324106468,4,3
"Mac-FOLR2-LYVE1-resident","Advanced_vs_Early","Advanced","Early","OTX2",0.386163235078685,1.22922947422489,0.236713655532343,0.509122227375119,4,3
"Mac-FOLR2-LYVE1-resident","Advanced_vs_Early","Advanced","Early","ARNT",0.409483593073489,1.21201516075231,0.243058266668549,0.514303149512877,4,3
"Mac-FOLR2-LYVE1-resident","Advanced_vs_Early","Advanced","Early","PROX1",0.379883716345061,1.20464663645472,0.245813766225182,0.514303149512877,4,3
"Mac-FOLR2-LYVE1-resident","Advanced_vs_Early","Advanced","Early","KLF3",0.392967523913868,1.20439045851634,0.245909995330263,0.514303149512877,4,3
"Mac-FOLR2-LYVE1-resident","Advanced_vs_Early","Advanced","Early","NFATC2",-0.460594526673471,-1.20225389522346,0.246713687958207,0.514303149512877,4,3
"Mac-FOLR2-LYVE1-resident","Advanced_vs_Early","Advanced","Early","E2F1",0.401458438220804,1.183553515107,0.253834245567219,0.525107485104705,4,3
"Mac-FOLR2-LYVE1-resident","Advanced_vs_Early","Advanced","Early","NFYB",0.397918364978954,1.16995572304076,0.259109550847386,0.527053745630278,4,3
"Mac-FOLR2-LYVE1-resident","Advanced_vs_Early","Advanced","Early","ZNF24",-0.418172020394625,-1.16814286110671,0.259819100162339,0.527053745630278,4,3
"Mac-FOLR2-LYVE1-resident","Advanced_vs_Early","Advanced","Early","TFAP2C",-0.415321825011711,-1.16263228681549,0.261984970637727,0.527053745630278,4,3
"Mac-FOLR2-LYVE1-resident","Advanced_vs_Early","Advanced","Early","ASCL1",0.406608750862887,1.16118910692161,0.262554448930212,0.527053745630278,4,3
"Mac-FOLR2-LYVE1-resident","Advanced_vs_Early","Advanced","Early","ETS2",-0.362830625452214,-1.12586761430432,0.276785393217553,0.551535599720271,4,3
"Mac-FOLR2-LYVE1-resident","Advanced_vs_Early","Advanced","Early","NR3C1",0.380833273420498,1.11311184457688,0.282063939201553,0.557951295792853,4,3
"Mac-FOLR2-LYVE1-resident","Advanced_vs_Early","Advanced","Early","FOS",0.429398185225025,1.09046220857059,0.291620336663767,0.569715405359615,4,3
"Mac-FOLR2-LYVE1-resident","Advanced_vs_Early","Advanced","Early","ZFX",0.409096090997203,1.08852921029472,0.292446834912417,0.569715405359615,4,3
"Mac-FOLR2-LYVE1-resident","Advanced_vs_Early","Advanced","Early","RFX5",-0.451508266439228,-1.0841679475785,0.294317921587993,0.569715405359615,4,3
"Mac-FOLR2-LYVE1-resident","Advanced_vs_Early","Advanced","Early","HNF4G",0.367258229445506,1.06040529068831,0.304667139854788,0.584197080904559,4,3
"Mac-FOLR2-LYVE1-resident","Advanced_vs_Early","Advanced","Early","CTCFL",0.331791881247561,1.05713787453218,0.306110647558847,0.584197080904559,4,3
"Mac-FOLR2-LYVE1-resident","Advanced_vs_Early","Advanced","Early","CREB3",0.35671847584613,1.04984797391215,0.309349128327352,0.586249047389597,4,3
"Mac-FOLR2-LYVE1-resident","Advanced_vs_Early","Advanced","Early","TWIST1",0.336279744866061,1.03484723056307,0.316090936097133,0.591992978866765,4,3
"Mac-FOLR2-LYVE1-resident","Advanced_vs_Early","Advanced","Early","HNF1B",0.319782196072311,1.03339538598779,0.316749010832771,0.591992978866765,4,3
"Mac-FOLR2-LYVE1-resident","Advanced_vs_Early","Advanced","Early","SP1",0.431455788709147,1.02826797075323,0.319080981240106,0.592266752849785,4,3
"Mac-FOLR2-LYVE1-resident","Advanced_vs_Early","Advanced","Early","LEF1",-0.364345300303591,-1.00418162820075,0.330200135112305,0.608736303506358,4,3
"Mac-FOLR2-LYVE1-resident","Advanced_vs_Early","Advanced","Early","BHLHE22",-0.354024407595988,-0.987848730385368,0.337894757262734,0.618712697420276,4,3
"Mac-FOLR2-LYVE1-resident","Advanced_vs_Early","Advanced","Early","NR1H3",0.449631780301495,0.966117489267585,0.348326945058684,0.633534242355055,4,3
"Mac-FOLR2-LYVE1-resident","Advanced_vs_Early","Advanced","Early","STAT2",-0.477808892584406,-0.93369416684813,0.36430505857983,0.653026176394514,4,3
"Mac-FOLR2-LYVE1-resident","Advanced_vs_Early","Advanced","Early","GFI1B",0.306934828390644,0.93329638386556,0.364504158134746,0.653026176394514,4,3
"Mac-FOLR2-LYVE1-resident","Advanced_vs_Early","Advanced","Early","E2F4",-0.464262965800229,-0.929768939527168,0.366272984546,0.653026176394514,4,3
"Mac-FOLR2-LYVE1-resident","Advanced_vs_Early","Advanced","Early","ETV1",0.316718785581441,0.918650166198082,0.371886786761114,0.658118003955935,4,3
"Mac-FOLR2-LYVE1-resident","Advanced_vs_Early","Advanced","Early","HMBOX1",-0.363475654783026,-0.914522012057819,0.373985876786767,0.658118003955935,4,3
"Mac-FOLR2-LYVE1-resident","Advanced_vs_Early","Advanced","Early","SOX13",0.372305562554235,0.90942957116682,0.376586332970067,0.658418685386375,4,3
"Mac-FOLR2-LYVE1-resident","Advanced_vs_Early","Advanced","Early","TP63",0.285194631908589,0.882436863106147,0.390573672776907,0.667671799027693,4,3
"Mac-FOLR2-LYVE1-resident","Advanced_vs_Early","Advanced","Early","TGIF2",-0.266667439298992,-0.879882033583068,0.391915276207353,0.667671799027693,4,3
"Mac-FOLR2-LYVE1-resident","Advanced_vs_Early","Advanced","Early","JUN",-0.329607536556117,-0.879126413290848,0.392312657262695,0.667671799027693,4,3
"Mac-FOLR2-LYVE1-resident","Advanced_vs_Early","Advanced","Early","RELB",-0.372540684005375,-0.872884445514151,0.395605545138585,0.667671799027693,4,3
"Mac-FOLR2-LYVE1-resident","Advanced_vs_Early","Advanced","Early","FOXA1",-0.359307570090312,-0.871379047758316,0.396402434238038,0.667671799027693,4,3
"Mac-FOLR2-LYVE1-resident","Advanced_vs_Early","Advanced","Early","STAT1",0.350502739053572,0.870890823731631,0.396661105695419,0.667671799027693,4,3
"Mac-FOLR2-LYVE1-resident","Advanced_vs_Early","Advanced","Early","NANOG",0.304533721415901,0.860564727653037,0.402158215561495,0.672746150723241,4,3
"Mac-FOLR2-LYVE1-resident","Advanced_vs_Early","Advanced","Early","MYOD1",0.266074663301385,0.851766021211364,0.40688153904951,0.676471761241824,4,3
"Mac-FOLR2-LYVE1-resident","Advanced_vs_Early","Advanced","Early","NR2F2",-0.312325517714981,-0.837189956329303,0.414785703837923,0.677587181606202,4,3
"Mac-FOLR2-LYVE1-resident","Advanced_vs_Early","Advanced","Early","EOMES",-0.293662842155218,-0.836441398345819,0.415194294363172,0.677587181606202,4,3
"Mac-FOLR2-LYVE1-resident","Advanced_vs_Early","Advanced","Early","ELF5",0.269178062047595,0.830496536603997,0.418448464487968,0.677587181606202,4,3
"Mac-FOLR2-LYVE1-resident","Advanced_vs_Early","Advanced","Early","RELA",-0.420758087380808,-0.826831792333735,0.420462691889182,0.677587181606202,4,3
"Mac-FOLR2-LYVE1-resident","Advanced_vs_Early","Advanced","Early","SIX5",0.28235852656881,0.826477740842235,0.420657616727737,0.677587181606202,4,3
"Mac-FOLR2-LYVE1-resident","Advanced_vs_Early","Advanced","Early","SPI1",-0.279542493128805,-0.823038073130737,0.422554367865123,0.677587181606202,4,3
"Mac-FOLR2-LYVE1-resident","Advanced_vs_Early","Advanced","Early","TCF7L2",0.290179021792279,0.81726310052915,0.425751210265609,0.67869751754106,4,3
"Mac-FOLR2-LYVE1-resident","Advanced_vs_Early","Advanced","Early","IRF3",0.322468479224946,0.800693896241581,0.43500892223483,0.683234409035939,4,3
"Mac-FOLR2-LYVE1-resident","Advanced_vs_Early","Advanced","Early","ZBED1",-0.255735893630404,-0.799281456926265,0.435803947134528,0.683234409035939,4,3
"Mac-FOLR2-LYVE1-resident","Advanced_vs_Early","Advanced","Early","ELK1",0.314844888067926,0.798648159886752,0.436160711303385,0.683234409035939,4,3
"Mac-FOLR2-LYVE1-resident","Advanced_vs_Early","Advanced","Early","FOXO4",-0.257600114671083,-0.789774428889006,0.441179052237646,0.685717033318141,4,3
"Mac-FOLR2-LYVE1-resident","Advanced_vs_Early","Advanced","Early","GATA4",0.26995227781219,0.786910835462311,0.442806202327213,0.685717033318141,4,3
"Mac-FOLR2-LYVE1-resident","Advanced_vs_Early","Advanced","Early","KLF9",0.356162699389259,0.782213916952806,0.44548321192021,0.685942900172595,4,3
"Mac-FOLR2-LYVE1-resident","Advanced_vs_Early","Advanced","Early","NFE2L2",-0.257596057851108,-0.756834805964964,0.46012200195582,0.70448057926569,4,3
"Mac-FOLR2-LYVE1-resident","Advanced_vs_Early","Advanced","Early","EHF",-0.32461092612524,-0.744165027795596,0.467539194121223,0.708641737758637,4,3
"Mac-FOLR2-LYVE1-resident","Advanced_vs_Early","Advanced","Early","GATA3",-0.239840677981274,-0.73678978138268,0.471890098072619,0.708641737758637,4,3
"Mac-FOLR2-LYVE1-resident","Advanced_vs_Early","Advanced","Early","ZNF274",-0.344305444756499,-0.735423052246432,0.472699055587666,0.708641737758637,4,3
"Mac-FOLR2-LYVE1-resident","Advanced_vs_Early","Advanced","Early","SREBF1",-0.29188466220208,-0.730692805390705,0.475505306307247,0.708641737758637,4,3
"Mac-FOLR2-LYVE1-resident","Advanced_vs_Early","Advanced","Early","JUND",-0.296099018287993,-0.730004674719944,0.475914377387719,0.708641737758637,4,3
"Mac-FOLR2-LYVE1-resident","Advanced_vs_Early","Advanced","Early","ARID3A",0.255863261761667,0.715315576060194,0.484696842471674,0.717534484292717,4,3
"Mac-FOLR2-LYVE1-resident","Advanced_vs_Early","Advanced","Early","ATF1",-0.226839076722843,-0.711187700407492,0.487182085276236,0.717534484292717,4,3
"Mac-FOLR2-LYVE1-resident","Advanced_vs_Early","Advanced","Early","TAL1",0.260890934084835,0.697531547427907,0.495457481484748,0.725778256661442,4,3
"Mac-FOLR2-LYVE1-resident","Advanced_vs_Early","Advanced","Early","TFAP2A",-0.244510372740879,-0.667353080156973,0.514033762566739,0.74894166481498,4,3
"Mac-FOLR2-LYVE1-resident","Advanced_vs_Early","Advanced","Early","LHX2",0.204932760186866,0.661997619142542,0.51737137136804,0.749773484709834,4,3
"Mac-FOLR2-LYVE1-resident","Advanced_vs_Early","Advanced","Early","ZBTB33",0.230181517042241,0.64771506074926,0.526332295723154,0.758702405005185,4,3
"Mac-FOLR2-LYVE1-resident","Advanced_vs_Early","Advanced","Early","TCF3",0.211592637177018,0.606449009819467,0.552703657419292,0.790724111685904,4,3
"Mac-FOLR2-LYVE1-resident","Advanced_vs_Early","Advanced","Early","FOXO3",-0.226286693652815,-0.603859061375617,0.554382218525172,0.790724111685904,4,3
"Mac-FOLR2-LYVE1-resident","Advanced_vs_Early","Advanced","Early","SMAD5",0.200150238934038,0.595604564803919,0.559750183937872,0.794200522760018,4,3
"Mac-FOLR2-LYVE1-resident","Advanced_vs_Early","Advanced","Early","SOX6",0.218482529517647,0.586955235305075,0.565404412861998,0.795825196852875,4,3
"Mac-FOLR2-LYVE1-resident","Advanced_vs_Early","Advanced","Early","FOXA2",0.222700876678733,0.584875424755611,0.566768498127693,0.795825196852875,4,3
"Mac-FOLR2-LYVE1-resident","Advanced_vs_Early","Advanced","Early","GLI2",0.191687938491972,0.579424384771331,0.570351856999433,0.796728624983744,4,3
"Mac-FOLR2-LYVE1-resident","Advanced_vs_Early","Advanced","Early","SP2",0.185556250838187,0.559862359563814,0.583308016326496,0.808608172205732,4,3
"Mac-FOLR2-LYVE1-resident","Advanced_vs_Early","Advanced","Early","MYB",-0.181536985177907,-0.553909785458784,0.58728013585895,0.808608172205732,4,3
"Mac-FOLR2-LYVE1-resident","Advanced_vs_Early","Advanced","Early","RUNX1",0.2000432700619,0.55312114880325,0.58780741669568,0.808608172205732,4,3
"Mac-FOLR2-LYVE1-resident","Advanced_vs_Early","Advanced","Early","PAX5",0.186607246103029,0.545185248441605,0.593126655163011,0.811804664389778,4,3
"Mac-FOLR2-LYVE1-resident","Advanced_vs_Early","Advanced","Early","IRF4",0.200085200378349,0.529519633535476,0.603697329716202,0.819444384425525,4,3
"Mac-FOLR2-LYVE1-resident","Advanced_vs_Early","Advanced","Early","RARA",0.18061475090099,0.527958204309038,0.60475600326607,0.819444384425525,4,3
"Mac-FOLR2-LYVE1-resident","Advanced_vs_Early","Advanced","Early","E2F7",0.184484466637161,0.509951619092943,0.617030164915658,0.82794412591458,4,3
"Mac-FOLR2-LYVE1-resident","Advanced_vs_Early","Advanced","Early","NFE2",0.215817326393105,0.507026787578805,0.619035125337325,0.82794412591458,4,3
"Mac-FOLR2-LYVE1-resident","Advanced_vs_Early","Advanced","Early","ATF2",-0.178256876881326,-0.502426633929937,0.62219480235367,0.82794412591458,4,3
"Mac-FOLR2-LYVE1-resident","Advanced_vs_Early","Advanced","Early","NFKB1",-0.241857894633442,-0.497077608177736,0.625878464535245,0.82794412591458,4,3
"Mac-FOLR2-LYVE1-resident","Advanced_vs_Early","Advanced","Early","E2F5",0.160348522439229,0.496459785493691,0.626304597094055,0.82794412591458,4,3
"Mac-FOLR2-LYVE1-resident","Advanced_vs_Early","Advanced","Early","KDM5B",0.17378174556779,0.486652297202007,0.633087381049005,0.832847962447963,4,3
"Mac-FOLR2-LYVE1-resident","Advanced_vs_Early","Advanced","Early","CUX1",0.153908264634251,0.476718747034418,0.639991979533174,0.837863895910581,4,3
"Mac-FOLR2-LYVE1-resident","Advanced_vs_Early","Advanced","Early","SP3",0.143002247736344,0.469224423361025,0.645223875607983,0.838332833472423,4,3
"Mac-FOLR2-LYVE1-resident","Advanced_vs_Early","Advanced","Early","CLOCK",-0.197429039455023,-0.467347623837671,0.646537129873566,0.838332833472423,4,3
"Mac-FOLR2-LYVE1-resident","Advanced_vs_Early","Advanced","Early","CDX2",-0.136828334199329,-0.440377257321275,0.665540712553252,0.85886444334253,4,3
"Mac-FOLR2-LYVE1-resident","Advanced_vs_Early","Advanced","Early","BCL6",-0.151131880541933,-0.430241710519651,0.672744551365906,0.864046319526827,4,3
"Mac-FOLR2-LYVE1-resident","Advanced_vs_Early","Advanced","Early","ESR2",0.150135832432615,0.423647715487522,0.677449025170246,0.864580939836582,4,3
"Mac-FOLR2-LYVE1-resident","Advanced_vs_Early","Advanced","Early","NEUROD1",0.142748655127662,0.418696881326748,0.680990286176297,0.864580939836582,4,3
"Mac-FOLR2-LYVE1-resident","Advanced_vs_Early","Advanced","Early","MYBL2",0.135277148132126,0.41388916139588,0.684436571059571,0.864580939836582,4,3
"Mac-FOLR2-LYVE1-resident","Advanced_vs_Early","Advanced","Early","SRF",0.132777314876337,0.407581223735882,0.688969180557246,0.864580939836582,4,3
"Mac-FOLR2-LYVE1-resident","Advanced_vs_Early","Advanced","Early","ZNF639",0.131723662604024,0.407382071329322,0.689112483412183,0.864580939836582,4,3
"Mac-FOLR2-LYVE1-resident","Advanced_vs_Early","Advanced","Early","FOXL2",-0.192470964078942,-0.400490282750137,0.694079063082364,0.866799198595947,4,3
"Mac-FOLR2-LYVE1-resident","Advanced_vs_Early","Advanced","Early","MEIS2",0.183034655985164,0.379663244793865,0.709175025020862,0.879024609137261,4,3
"Mac-FOLR2-LYVE1-resident","Advanced_vs_Early","Advanced","Early","ETS1",-0.134670611489949,-0.378041769395986,0.710355680446716,0.879024609137261,4,3
"Mac-FOLR2-LYVE1-resident","Advanced_vs_Early","Advanced","Early","WT1",0.139727877690217,0.369378325795448,0.71667670018293,0.881330906495429,4,3
"Mac-FOLR2-LYVE1-resident","Advanced_vs_Early","Advanced","Early","ARNTL",0.129189486905334,0.357529802393247,0.725356089439473,0.881330906495429,4,3
"Mac-FOLR2-LYVE1-resident","Advanced_vs_Early","Advanced","Early","USF2",-0.135204304480026,-0.346606848922747,0.733391901796014,0.881330906495429,4,3
"Mac-FOLR2-LYVE1-resident","Advanced_vs_Early","Advanced","Early","STAT6",0.135426705389889,0.346211125728119,0.733683636535635,0.881330906495429,4,3
"Mac-FOLR2-LYVE1-resident","Advanced_vs_Early","Advanced","Early","YY1",-0.132537189792927,-0.345130350628196,0.73448061932857,0.881330906495429,4,3
"Mac-FOLR2-LYVE1-resident","Advanced_vs_Early","Advanced","Early","MBD2",0.119975573815557,0.342422103032425,0.736479104711746,0.881330906495429,4,3
"Mac-FOLR2-LYVE1-resident","Advanced_vs_Early","Advanced","Early","GATA1",-0.110791785094648,-0.341904957781506,0.736860942227258,0.881330906495429,4,3
"Mac-FOLR2-LYVE1-resident","Advanced_vs_Early","Advanced","Early","CEBPB",0.136981242108961,0.336857693032207,0.740591347400841,0.881330906495429,4,3
"Mac-FOLR2-LYVE1-resident","Advanced_vs_Early","Advanced","Early","HIF1A",0.139698494631789,0.335644878330666,0.741488733140066,0.881330906495429,4,3
"Mac-FOLR2-LYVE1-resident","Advanced_vs_Early","Advanced","Early","TBX21",-0.132460235761056,-0.328734618975112,0.746609090169309,0.883541761728745,4,3
"Mac-FOLR2-LYVE1-resident","Advanced_vs_Early","Advanced","Early","FOXP2",0.111074076246086,0.321569638812724,0.751931163577695,0.885971066650241,4,3
"Mac-FOLR2-LYVE1-resident","Advanced_vs_Early","Advanced","Early","FOXO1",0.111257177041879,0.31216464468811,0.758936725438877,0.890354340233488,4,3
"Mac-FOLR2-LYVE1-resident","Advanced_vs_Early","Advanced","Early","DUX4",0.118174371995762,0.304650670756825,0.764549369173993,0.892875485909515,4,3
"Mac-FOLR2-LYVE1-resident","Advanced_vs_Early","Advanced","Early","NFATC1",0.130797597585567,0.297667126139945,0.769777991394483,0.892875485909515,4,3
"Mac-FOLR2-LYVE1-resident","Advanced_vs_Early","Advanced","Early","STAT4",0.104856891919272,0.296077222955197,0.770969976763198,0.892875485909515,4,3
"Mac-FOLR2-LYVE1-resident","Advanced_vs_Early","Advanced","Early","ARID2",0.126508273300101,0.288580212046417,0.776598593619924,0.895566888812764,4,3
"Mac-FOLR2-LYVE1-resident","Advanced_vs_Early","Advanced","Early","TCF7",0.0850588148713485,0.266776270500279,0.793040719180815,0.910652690245766,4,3
"Mac-FOLR2-LYVE1-resident","Advanced_vs_Early","Advanced","Early","E2F3",-0.0969555515605763,-0.259010292650419,0.798921860965907,0.912621179387499,4,3
"Mac-FOLR2-LYVE1-resident","Advanced_vs_Early","Advanced","Early","STAT5A",0.0900465478443738,0.25022952907061,0.805586568128674,0.912621179387499,4,3
"Mac-FOLR2-LYVE1-resident","Advanced_vs_Early","Advanced","Early","FOSL1",-0.12115250551715,-0.246390935142106,0.808505011192975,0.912621179387499,4,3
"Mac-FOLR2-LYVE1-resident","Advanced_vs_Early","Advanced","Early","FLI1",-0.0775722582638434,-0.235114316257065,0.817095253731751,0.912621179387499,4,3
"Mac-FOLR2-LYVE1-resident","Advanced_vs_Early","Advanced","Early","VDR",0.0845743317658674,0.232968543754833,0.818732616358841,0.912621179387499,4,3
"Mac-FOLR2-LYVE1-resident","Advanced_vs_Early","Advanced","Early","KLF4",-0.0988152798520005,-0.232657077028511,0.818970357753735,0.912621179387499,4,3
"Mac-FOLR2-LYVE1-resident","Advanced_vs_Early","Advanced","Early","POU4F2",0.0970684283149598,0.227387456287767,0.822995386285631,0.912621179387499,4,3
"Mac-FOLR2-LYVE1-resident","Advanced_vs_Early","Advanced","Early","HOXA9",0.0804704553909196,0.227294508214627,0.823066427842027,0.912621179387499,4,3
"Mac-FOLR2-LYVE1-resident","Advanced_vs_Early","Advanced","Early","NCOA2",0.0914749821864898,0.217098851313933,0.83086863020156,0.912621179387499,4,3
"Mac-FOLR2-LYVE1-resident","Advanced_vs_Early","Advanced","Early","HSF1",-0.0659853990724815,-0.216358469551944,0.831435928621204,0.912621179387499,4,3
"Mac-FOLR2-LYVE1-resident","Advanced_vs_Early","Advanced","Early","SOX9",0.0750474390234842,0.215885161040475,0.831798639515544,0.912621179387499,4,3
"Mac-FOLR2-LYVE1-resident","Advanced_vs_Early","Advanced","Early","STAT3",-0.0908025188178631,-0.210808537939919,0.835691464484281,0.913195108367904,4,3
"Mac-FOLR2-LYVE1-resident","Advanced_vs_Early","Advanced","Early","NFKB2",0.088224921585747,0.204634876703078,0.840431454337748,0.914686442271203,4,3
"Mac-FOLR2-LYVE1-resident","Advanced_vs_Early","Advanced","Early","BACH1",0.0658513818087398,0.177887711526979,0.861038284555579,0.933365500458248,4,3
"Mac-FOLR2-LYVE1-resident","Advanced_vs_Early","Advanced","Early","ONECUT1",0.0534405498880163,0.162262031668545,0.873125975534611,0.939530933367761,4,3
"Mac-FOLR2-LYVE1-resident","Advanced_vs_Early","Advanced","Early","CEBPD",0.055642183334381,0.16157300811071,0.873659760917622,0.939530933367761,4,3
"Mac-FOLR2-LYVE1-resident","Advanced_vs_Early","Advanced","Early","SREBF2",0.0534279240726245,0.148065845506402,0.884136138990216,0.947039105400587,4,3
"Mac-FOLR2-LYVE1-resident","Advanced_vs_Early","Advanced","Early","MYCN",0.058971998894254,0.134836928287567,0.894418286886314,0.952617556276193,4,3
"Mac-FOLR2-LYVE1-resident","Advanced_vs_Early","Advanced","Early","FOXJ2",-0.045634450280667,-0.132323049825406,0.896374453322617,0.952617556276193,4,3
"Mac-FOLR2-LYVE1-resident","Advanced_vs_Early","Advanced","Early","GATA2",0.0389225892885924,0.120972944966577,0.905214911716256,0.955774044779547,4,3
"Mac-FOLR2-LYVE1-resident","Advanced_vs_Early","Advanced","Early","ZBTB11",0.0457101870539141,0.119454948863074,0.906398263868426,0.955774044779547,4,3
"Mac-FOLR2-LYVE1-resident","Advanced_vs_Early","Advanced","Early","PAX6",-0.0319331997832702,-0.0991662474674602,0.922235036479817,0.968704243744304,4,3
"Mac-FOLR2-LYVE1-resident","Advanced_vs_Early","Advanced","Early","POU5F1",0.0310678840304824,0.0846076545125678,0.933620317953841,0.970175149260827,4,3
"Mac-FOLR2-LYVE1-resident","Advanced_vs_Early","Advanced","Early","ELF1",-0.0279278477789899,-0.0839958114145565,0.934099142717193,0.970175149260827,4,3
"Mac-FOLR2-LYVE1-resident","Advanced_vs_Early","Advanced","Early","BATF",0.0283143910677216,0.0796213297038881,0.937523336068192,0.970175149260827,4,3
"Mac-FOLR2-LYVE1-resident","Advanced_vs_Early","Advanced","Early","BCL11A",-0.026313375866845,-0.0790695898796122,0.937955310355486,0.970175149260827,4,3
"Mac-FOLR2-LYVE1-resident","Advanced_vs_Early","Advanced","Early","SMAD4",0.0183510809070243,0.0575758363654902,0.9547976478192,0.983840922277579,4,3
"Mac-FOLR2-LYVE1-resident","Advanced_vs_Early","Advanced","Early","STAT5B",-0.0126662208303966,-0.0368720033164394,0.971042050032584,0.99392245970603,4,3
"Mac-FOLR2-LYVE1-resident","Advanced_vs_Early","Advanced","Early","USF1",0.0142792269112663,0.0357576811598251,0.971916796391505,0.99392245970603,4,3
"Mac-FOLR2-LYVE1-resident","Advanced_vs_Early","Advanced","Early","MITF",-0.00783676103493531,-0.0216631061806677,0.982983891249074,0.997486320608348,4,3
"Mac-FOLR2-LYVE1-resident","Advanced_vs_Early","Advanced","Early","HBP1",-0.00486745383780857,-0.0157611533450996,0.987619319912337,0.997486320608348,4,3
"Mac-FOLR2-LYVE1-resident","Advanced_vs_Early","Advanced","Early","POU2F2",-0.00455295965557256,-0.013530242567697,0.989371618995701,0.997486320608348,4,3
"Mac-FOLR2-LYVE1-resident","Advanced_vs_Early","Advanced","Early","MEIS1",0.00426426774984958,0.0119366044292825,0.990623398600562,0.997486320608348,4,3
"Mac-FOLR2-LYVE1-resident","Advanced_vs_Early","Advanced","Early","ERG",-0.00123509298691855,-0.00381748734401541,0.997001168293532,0.997486320608348,4,3
"Mac-FOLR2-LYVE1-resident","Advanced_vs_Early","Advanced","Early","SOX10",-0.00109509928474091,-0.0031998901040084,0.997486320608348,0.997486320608348,4,3
"Mac-NUPR1-IGF2-stress","Advanced_vs_Early","Advanced","Early","FOXK2",3.01400478367624,5.84865903737227,4.18418705309315e-05,0.00950866193136769,4,3
"Mac-NUPR1-IGF2-stress","Advanced_vs_Early","Advanced","Early","MXI1",-2.7752005207514,-5.55548869867443,7.01746267997616e-05,0.00950866193136769,4,3
"Mac-NUPR1-IGF2-stress","Advanced_vs_Early","Advanced","Early","MNT",-2.59993999770466,-5.28499877041707,0.000114260484800311,0.0103215304602948,4,3
"Mac-NUPR1-IGF2-stress","Advanced_vs_Early","Advanced","Early","ZBTB7A",-2.40030691392893,-4.97219551510423,0.000203230011126811,0.0137688332538415,4,3
"Mac-NUPR1-IGF2-stress","Advanced_vs_Early","Advanced","Early","CLOCK",2.19469469891609,4.73313875724302,0.000318235238096347,0.0146690599369888,4,3
"Mac-NUPR1-IGF2-stress","Advanced_vs_Early","Advanced","Early","TEAD1",2.77184350842551,4.72237996694254,0.000324776234767279,0.0146690599369888,4,3
"Mac-NUPR1-IGF2-stress","Advanced_vs_Early","Advanced","Early","MEF2A",2.79764855218616,4.59022970748571,0.000417440446403563,0.0161609087107665,4,3
"Mac-NUPR1-IGF2-stress","Advanced_vs_Early","Advanced","Early","MAZ",2.08071447959765,4.36103640681685,0.000648116211893647,0.0181965031149933,4,3
"Mac-NUPR1-IGF2-stress","Advanced_vs_Early","Advanced","Early","NRF1",2.03203037644669,4.35289453733964,0.000658391350478564,0.0181965031149933,4,3
"Mac-NUPR1-IGF2-stress","Advanced_vs_Early","Advanced","Early","TCF12",2.52248961587407,4.29133658838035,0.000741695246177433,0.0181965031149933,4,3
"Mac-NUPR1-IGF2-stress","Advanced_vs_Early","Advanced","Early","ZNF143",1.9692518013549,4.26742623610549,0.000776901972972177,0.0181965031149933,4,3
"Mac-NUPR1-IGF2-stress","Advanced_vs_Early","Advanced","Early","ZNF263",-3.03764356461368,-4.22352305673902,0.00084607560329378,0.0181965031149933,4,3
"Mac-NUPR1-IGF2-stress","Advanced_vs_Early","Advanced","Early","TBP",1.76973643085964,4.20748334379205,0.000872894983376063,0.0181965031149933,4,3
"Mac-NUPR1-IGF2-stress","Advanced_vs_Early","Advanced","Early","FOXP2",-1.87943964569132,-4.16666128281769,0.000945149701203935,0.0182953977875905,4,3
"Mac-NUPR1-IGF2-stress","Advanced_vs_Early","Advanced","Early","BHLHE40",-2.46314565182032,-4.06429736590401,0.00115447854788167,0.0198378632238451,4,3
"Mac-NUPR1-IGF2-stress","Advanced_vs_Early","Advanced","Early","JUNB",2.04294699153612,4.05693973022786,0.00117123915712739,0.0198378632238451,4,3
"Mac-NUPR1-IGF2-stress","Advanced_vs_Early","Advanced","Early","MAFB",2.5647970865601,3.9942021906498,0.00132463693604142,0.0203757063549355,4,3
"Mac-NUPR1-IGF2-stress","Advanced_vs_Early","Advanced","Early","ARNTL",1.95472083193611,3.98327991758851,0.00135336794977431,0.0203757063549355,4,3
"Mac-NUPR1-IGF2-stress","Advanced_vs_Early","Advanced","Early","SIX5",2.14205834248306,3.93978327051038,0.00147423151037612,0.021027196805891,4,3
"Mac-NUPR1-IGF2-stress","Advanced_vs_Early","Advanced","Early","SNAPC4",2.40486242186331,3.86578040967799,0.00170569976988076,0.0226482937152295,4,3
"Mac-NUPR1-IGF2-stress","Advanced_vs_Early","Advanced","Early","CEBPG",2.25041852161841,3.85133365413941,0.00175503383033144,0.0226482937152295,4,3
"Mac-NUPR1-IGF2-stress","Advanced_vs_Early","Advanced","Early","MAX",1.97310666859365,3.80762547930484,0.00191330312021304,0.0235684157080788,4,3
"Mac-NUPR1-IGF2-stress","Advanced_vs_Early","Advanced","Early","ATF3",-2.12644750887512,-3.74663263892937,0.00215869693177059,0.0254350812395579,4,3
"Mac-NUPR1-IGF2-stress","Advanced_vs_Early","Advanced","Early","THAP11",-1.84011879799089,-3.69055175223368,0.00241242744222614,0.0257972736976261,4,3
"Mac-NUPR1-IGF2-stress","Advanced_vs_Early","Advanced","Early","EBF1",2.58837291704799,3.68932127972081,0.00241832094152009,0.0257972736976261,4,3
"Mac-NUPR1-IGF2-stress","Advanced_vs_Early","Advanced","Early","SNAI2",-1.6272655940807,-3.67763702875575,0.00247501518870213,0.0257972736976261,4,3
"Mac-NUPR1-IGF2-stress","Advanced_vs_Early","Advanced","Early","ZNF639",-1.54504737712905,-3.57758516477752,0.00301895826945279,0.0289029396356137,4,3
"Mac-NUPR1-IGF2-stress","Advanced_vs_Early","Advanced","Early","NFE2L1",1.88185107290279,3.51639778294274,0.00340955498041811,0.0289029396356137,4,3
"Mac-NUPR1-IGF2-stress","Advanced_vs_Early","Advanced","Early","ZNF384",1.95886055647542,3.51216326183078,0.00343839930561428,0.0289029396356137,4,3
"Mac-NUPR1-IGF2-stress","Advanced_vs_Early","Advanced","Early","BHLHE22",-1.60605507299352,-3.48793098898119,0.00360825057338765,0.0289029396356137,4,3
"Mac-NUPR1-IGF2-stress","Advanced_vs_Early","Advanced","Early","ZNF740",1.55450730926834,3.48359923259127,0.00363949081237236,0.0289029396356137,4,3
"Mac-NUPR1-IGF2-stress","Advanced_vs_Early","Advanced","Early","ZNF592",1.71164121821666,3.48333026802453,0.00364143950617859,0.0289029396356137,4,3
"Mac-NUPR1-IGF2-stress","Advanced_vs_Early","Advanced","Early","PKNOX1",1.92163907346907,3.48260816331519,0.00364667646872141,0.0289029396356137,4,3
"Mac-NUPR1-IGF2-stress","Advanced_vs_Early","Advanced","Early","NFE2",2.16835629649946,3.46615149220194,0.00376810085369387,0.0289029396356137,4,3
"Mac-NUPR1-IGF2-stress","Advanced_vs_Early","Advanced","Early","KLF5",2.03576292345202,3.45971358233168,0.00381670119729731,0.0289029396356137,4,3
"Mac-NUPR1-IGF2-stress","Advanced_vs_Early","Advanced","Early","STAT2",-1.92396644505712,-3.45672120220799,0.00383950489624388,0.0289029396356137,4,3
"Mac-NUPR1-IGF2-stress","Advanced_vs_Early","Advanced","Early","RUNX2",1.80484905818923,3.42476901896949,0.00409170018444363,0.0299689391887628,4,3
"Mac-NUPR1-IGF2-stress","Advanced_vs_Early","Advanced","Early","NR1H2",1.86350443637005,3.29558174658576,0.00529245005789714,0.0374200646296166,4,3
"Mac-NUPR1-IGF2-stress","Advanced_vs_Early","Advanced","Early","KLF6",1.95703872113544,3.28100862841266,0.00544833954246782,0.0374200646296166,4,3
"Mac-NUPR1-IGF2-stress","Advanced_vs_Early","Advanced","Early","GRHL2",1.6012669287533,3.26259861355567,0.00565184396240507,0.0374200646296166,4,3
"Mac-NUPR1-IGF2-stress","Advanced_vs_Early","Advanced","Early","NCOA1",2.20040779279472,3.26175595382208,0.00566133819119661,0.0374200646296166,4,3
"Mac-NUPR1-IGF2-stress","Advanced_vs_Early","Advanced","Early","PRDM14",1.55068938147508,3.16478890145555,0.00686708353615797,0.0443090390071145,4,3
"Mac-NUPR1-IGF2-stress","Advanced_vs_Early","Advanced","Early","KLF1",1.59482181533523,3.14647590474461,0.00712196484296719,0.0448849412196304,4,3
"Mac-NUPR1-IGF2-stress","Advanced_vs_Early","Advanced","Early","MYOD1",1.4515490374137,3.1221003789716,0.00747585683125335,0.0450834450030834,4,3
"Mac-NUPR1-IGF2-stress","Advanced_vs_Early","Advanced","Early","RBPJ",1.67545635637394,3.1214065916851,0.00748618090457105,0.0450834450030834,4,3
"Mac-NUPR1-IGF2-stress","Advanced_vs_Early","Advanced","Early","IRF9",-1.29228600575775,-3.05503073874559,0.00854215288104635,0.0503244224079035,4,3
"Mac-NUPR1-IGF2-stress","Advanced_vs_Early","Advanced","Early","ARID3A",1.42916560841551,3.04024678420806,0.00879672995789723,0.050721570608301,4,3
"Mac-NUPR1-IGF2-stress","Advanced_vs_Early","Advanced","Early","ZFX",1.70022694921728,3.01864396177034,0.00918227050447796,0.0518415688898651,4,3
"Mac-NUPR1-IGF2-stress","Advanced_vs_Early","Advanced","Early","HBP1",-1.75802464656441,-2.96195876253197,0.0102750307004613,0.0566435583408261,4,3
"Mac-NUPR1-IGF2-stress","Advanced_vs_Early","Advanced","Early","FOXP1",-2.41864982299,-2.95339807161761,0.0104508410222926,0.0566435583408261,4,3
"Mac-NUPR1-IGF2-stress","Advanced_vs_Early","Advanced","Early","MEF2B",1.26890055345996,2.93465574321364,0.0108461564270351,0.0576334978769906,4,3
"Mac-NUPR1-IGF2-stress","Advanced_vs_Early","Advanced","Early","MEIS1",1.67312276434732,2.89833036812866,0.0116546618661029,0.0604403676823101,4,3
"Mac-NUPR1-IGF2-stress","Advanced_vs_Early","Advanced","Early","SMAD3",1.56890246579025,2.8848272108146,0.0119700612225723,0.0604403676823101,4,3
"Mac-NUPR1-IGF2-stress","Advanced_vs_Early","Advanced","Early","ELF1",2.21697348899343,2.87652104289586,0.0121682174906475,0.0604403676823101,4,3
"Mac-NUPR1-IGF2-stress","Advanced_vs_Early","Advanced","Early","PAX5",1.31559986755878,2.87034368339065,0.012317670775011,0.0604403676823101,4,3
"Mac-NUPR1-IGF2-stress","Advanced_vs_Early","Advanced","Early","BACH1",1.26469378363913,2.86163383775564,0.0125314565272987,0.0604403676823101,4,3
"Mac-NUPR1-IGF2-stress","Advanced_vs_Early","Advanced","Early","PBX2",1.779951145459,2.85436911299081,0.0127125496601169,0.0604403676823101,4,3
"Mac-NUPR1-IGF2-stress","Advanced_vs_Early","Advanced","Early","ARID2",1.48024279069132,2.77691077018279,0.0148098716854831,0.0685638802210684,4,3
"Mac-NUPR1-IGF2-stress","Advanced_vs_Early","Advanced","Early","MBD1",-1.74589256475144,-2.76950599053218,0.0150272292454603,0.0685638802210684,4,3
"Mac-NUPR1-IGF2-stress","Advanced_vs_Early","Advanced","Early","E2F2",-1.25219523510218,-2.75619893326103,0.0154256843462999,0.0685638802210684,4,3
"Mac-NUPR1-IGF2-stress","Advanced_vs_Early","Advanced","Early","E2F6",-1.36547046867271,-2.74895343988316,0.0156469473458971,0.0685638802210684,4,3
"Mac-NUPR1-IGF2-stress","Advanced_vs_Early","Advanced","Early","ZBTB33",1.32556114450918,2.74767845712762,0.0156862013789898,0.0685638802210684,4,3
"Mac-NUPR1-IGF2-stress","Advanced_vs_Early","Advanced","Early","SOX13",1.25295918175964,2.72452142809714,0.0164160694454085,0.0697677445174826,4,3
"Mac-NUPR1-IGF2-stress","Advanced_vs_Early","Advanced","Early","HINFP",1.24749472684651,2.72264878059792,0.0164765153104018,0.0697677445174826,4,3
"Mac-NUPR1-IGF2-stress","Advanced_vs_Early","Advanced","Early","ESRRA",1.25428402559957,2.69847732934124,0.0172764168438897,0.0704592597139988,4,3
"Mac-NUPR1-IGF2-stress","Advanced_vs_Early","Advanced","Early","HOXA9",1.25340041995075,2.69724405348743,0.0173182253824588,0.0704592597139988,4,3
"Mac-NUPR1-IGF2-stress","Advanced_vs_Early","Advanced","Early","NR2C2",1.14139233898726,2.69425929242296,0.0174198169772617,0.0704592597139988,4,3
"Mac-NUPR1-IGF2-stress","Advanced_vs_Early","Advanced","Early","NR4A1",1.19630952954841,2.67274147273445,0.0181695225030892,0.0724108911520172,4,3
"Mac-NUPR1-IGF2-stress","Advanced_vs_Early","Advanced","Early","HNF1A",-1.13995381610199,-2.65126289639693,0.0189490180307176,0.0744229548742676,4,3
"Mac-NUPR1-IGF2-stress","Advanced_vs_Early","Advanced","Early","ESR1",1.33116984344415,2.62246173726982,0.0200452368920718,0.0776037028250208,4,3
"Mac-NUPR1-IGF2-stress","Advanced_vs_Early","Advanced","Early","ASCL1",1.12416285796927,2.60491351751981,0.0207429430588256,0.0783787523552305,4,3
"Mac-NUPR1-IGF2-stress","Advanced_vs_Early","Advanced","Early","NFE2L2",1.33899042618816,2.60291498674332,0.0208238751644893,0.0783787523552305,4,3
"Mac-NUPR1-IGF2-stress","Advanced_vs_Early","Advanced","Early","HOXB13",1.41106772706398,2.57887509236762,0.0218215798537813,0.0810088786352703,4,3
"Mac-NUPR1-IGF2-stress","Advanced_vs_Early","Advanced","Early","PBX3",1.51068212218153,2.57081113199873,0.0221664552007873,0.0811771535055859,4,3
"Mac-NUPR1-IGF2-stress","Advanced_vs_Early","Advanced","Early","EHF",1.16539810499655,2.53600697451796,0.0237160730893845,0.0856940774296427,4,3
"Mac-NUPR1-IGF2-stress","Advanced_vs_Early","Advanced","Early","MEIS2",1.42510349885999,2.52608193897229,0.0241767247661645,0.0862091106793496,4,3
"Mac-NUPR1-IGF2-stress","Advanced_vs_Early","Advanced","Early","KLF9",1.46832148225797,2.49683346995219,0.0255847176191891,0.0900449152571459,4,3
"Mac-NUPR1-IGF2-stress","Advanced_vs_Early","Advanced","Early","CREM",1.37858746564759,2.48563723422054,0.026144223872419,0.090834418838789,4,3
"Mac-NUPR1-IGF2-stress","Advanced_vs_Early","Advanced","Early","SP4",1.2896893479292,2.47748089646211,0.0265591735779928,0.0910276340678728,4,3
"Mac-NUPR1-IGF2-stress","Advanced_vs_Early","Advanced","Early","THAP1",1.72870551258814,2.47141933805618,0.026871626293099,0.0910276340678728,4,3
"Mac-NUPR1-IGF2-stress","Advanced_vs_Early","Advanced","Early","GABPA",1.32647483076669,2.45503384265244,0.0277339311483961,0.092788831373029,4,3
"Mac-NUPR1-IGF2-stress","Advanced_vs_Early","Advanced","Early","FOXJ2",1.16704132392352,2.41907333150451,0.02971993794107,0.0982207705125605,4,3
"Mac-NUPR1-IGF2-stress","Advanced_vs_Early","Advanced","Early","TCF4",1.38056342921352,2.3916571400515,0.0313243291523964,0.102275821690355,4,3
"Mac-NUPR1-IGF2-stress","Advanced_vs_Early","Advanced","Early","NR2F1",1.27001642263752,2.37269654100295,0.0324816975397546,0.104792143253256,4,3
"Mac-NUPR1-IGF2-stress","Advanced_vs_Early","Advanced","Early","SRF",1.02920004352663,2.36478996436652,0.0329762145244717,0.105135931013316,4,3
"Mac-NUPR1-IGF2-stress","Advanced_vs_Early","Advanced","Early","MAF",1.31628891742377,2.34715607423503,0.0341049612485391,0.107470284864582,4,3
"Mac-NUPR1-IGF2-stress","Advanced_vs_Early","Advanced","Early","IKZF1",1.49438303984225,2.33263982450198,0.0350615058312539,0.109214575635285,4,3
"Mac-NUPR1-IGF2-stress","Advanced_vs_Early","Advanced","Early","IRF1",-1.09812963394544,-2.2996558328016,0.0373301026807113,0.114059000013581,4,3
"Mac-NUPR1-IGF2-stress","Advanced_vs_Early","Advanced","Early","LYL1",1.30048362365614,2.29543254615395,0.0376303825886664,0.114059000013581,4,3
"Mac-NUPR1-IGF2-stress","Advanced_vs_Early","Advanced","Early","MEF2C",1.42186890651227,2.28719082630907,0.0382229454524474,0.114059000013581,4,3
"Mac-NUPR1-IGF2-stress","Advanced_vs_Early","Advanced","Early","ETS1",1.07589876412707,2.28054017493712,0.0387075105894376,0.114059000013581,4,3
"Mac-NUPR1-IGF2-stress","Advanced_vs_Early","Advanced","Early","SMAD1",0.955334410037726,2.28035429443281,0.0387211365359757,0.114059000013581,4,3
"Mac-NUPR1-IGF2-stress","Advanced_vs_Early","Advanced","Early","E2F3",-1.07025746965125,-2.26053088968263,0.0402004770117023,0.117143325485713,4,3
"Mac-NUPR1-IGF2-stress","Advanced_vs_Early","Advanced","Early","BACH2",1.14404143862944,2.24583320054861,0.0413314213638332,0.119157608399987,4,3
"Mac-NUPR1-IGF2-stress","Advanced_vs_Early","Advanced","Early","FOXO3",1.37062011240771,2.23873217969266,0.0418884605103662,0.11949234524536,4,3
"Mac-NUPR1-IGF2-stress","Advanced_vs_Early","Advanced","Early","MAFK",1.0916089783572,2.22701919916255,0.0428226924529946,0.120884892237099,4,3
"Mac-NUPR1-IGF2-stress","Advanced_vs_Early","Advanced","Early","ZKSCAN1",1.09904749671659,2.20153331599762,0.0449232802713291,0.12550730879928,4,3
"Mac-NUPR1-IGF2-stress","Advanced_vs_Early","Advanced","Early","AR",1.07824723618533,2.19537502994513,0.0454451113231244,0.125597527435102,4,3
"Mac-NUPR1-IGF2-stress","Advanced_vs_Early","Advanced","Early","TP73",1.11739917988937,2.18873145830201,0.0460144078169126,0.125597527435102,4,3
"Mac-NUPR1-IGF2-stress","Advanced_vs_Early","Advanced","Early","ETV4",1.11230903877317,2.17987103663325,0.0467840295607414,0.125597527435102,4,3
"Mac-NUPR1-IGF2-stress","Advanced_vs_Early","Advanced","Early","AHR",1.10038409918866,2.17958115411607,0.046809410593894,0.125597527435102,4,3
"Mac-NUPR1-IGF2-stress","Advanced_vs_Early","Advanced","Early","PPARG",1.0768817220208,2.14971368239031,0.0494943382862667,0.131499663486062,4,3
"Mac-NUPR1-IGF2-stress","Advanced_vs_Early","Advanced","Early","NR1H3",1.19452347492196,2.13761086590903,0.0506225507756066,0.132242135636324,4,3
"Mac-NUPR1-IGF2-stress","Advanced_vs_Early","Advanced","Early","PPARA",0.916863130009547,2.13626210289785,0.0507497494692904,0.132242135636324,4,3
"Mac-NUPR1-IGF2-stress","Advanced_vs_Early","Advanced","Early","ZEB2",-1.19252625071766,-2.12654418477694,0.0516750281790358,0.133311661830579,4,3
"Mac-NUPR1-IGF2-stress","Advanced_vs_Early","Advanced","Early","TEAD4",1.20122634701109,2.12167972255254,0.0521440448488613,0.133311661830579,4,3
"Mac-NUPR1-IGF2-stress","Advanced_vs_Early","Advanced","Early","ETV1",1.05594517975624,2.11099483033008,0.0531881312211916,0.134710126737784,4,3
"Mac-NUPR1-IGF2-stress","Advanced_vs_Early","Advanced","Early","ZEB1",-1.06343057957633,-2.09885078781394,0.0543982810957192,0.136170553596348,4,3
"Mac-NUPR1-IGF2-stress","Advanced_vs_Early","Advanced","Early","HHEX",-1.03606687764156,-2.09506854446528,0.0547803491140217,0.136170553596348,4,3
"Mac-NUPR1-IGF2-stress","Advanced_vs_Early","Advanced","Early","HNF4G",1.17403279871692,2.09023543922743,0.0552721804265618,0.136170553596348,4,3
"Mac-NUPR1-IGF2-stress","Advanced_vs_Early","Advanced","Early","TFAP2A",1.17447194669275,2.07815537419087,0.0565193725300075,0.13711039650992,4,3
"Mac-NUPR1-IGF2-stress","Advanced_vs_Early","Advanced","Early","RARA",0.984257374309387,2.07675565727395,0.0566655513251329,0.13711039650992,4,3
"Mac-NUPR1-IGF2-stress","Advanced_vs_Early","Advanced","Early","CUX1",1.2004289101541,2.04961639310154,0.0595695983804279,0.14286160319554,4,3
"Mac-NUPR1-IGF2-stress","Advanced_vs_Early","Advanced","Early","HIF1A",1.75151268374865,2.01514632217944,0.0634552433748336,0.150765872445884,4,3
"Mac-NUPR1-IGF2-stress","Advanced_vs_Early","Advanced","Early","MAFF",1.34911452207825,2.01065629007614,0.0639781377537885,0.150765872445884,4,3
"Mac-NUPR1-IGF2-stress","Advanced_vs_Early","Advanced","Early","ZNF274",-0.921878808668302,-1.99692577536454,0.0656017062333589,0.152749332361458,4,3
"Mac-NUPR1-IGF2-stress","Advanced_vs_Early","Advanced","Early","CTCF",1.08870769129589,1.99404466026786,0.0659471287316995,0.152749332361458,4,3
"Mac-NUPR1-IGF2-stress","Advanced_vs_Early","Advanced","Early","KLF13",-0.991908743962624,-1.98353016510389,0.0672218700110604,0.154382430279639,4,3
"Mac-NUPR1-IGF2-stress","Advanced_vs_Early","Advanced","Early","ZNF217",1.42059298497839,1.97402331503596,0.0683937560752693,0.155753847868891,4,3
"Mac-NUPR1-IGF2-stress","Advanced_vs_Early","Advanced","Early","STAT1",0.839319635904434,1.96155041682404,0.0699594861789888,0.157991839620883,4,3
"Mac-NUPR1-IGF2-stress","Advanced_vs_Early","Advanced","Early","GATA2",0.896281524759122,1.91711113768081,0.0758063457957273,0.169781154633406,4,3
"Mac-NUPR1-IGF2-stress","Advanced_vs_Early","Advanced","Early","CREB3",0.783393587081911,1.84238232155204,0.0866404214744832,0.192455362455614,4,3
"Mac-NUPR1-IGF2-stress","Advanced_vs_Early","Advanced","Early","TAL1",0.832718424687456,1.81753400079549,0.0905391146435683,0.199480488361033,4,3
"Mac-NUPR1-IGF2-stress","Advanced_vs_Early","Advanced","Early","DUX4",0.839421510797294,1.79387885862629,0.0943952002691599,0.206299187685019,4,3
"Mac-NUPR1-IGF2-stress","Advanced_vs_Early","Advanced","Early","USF2",0.795556681792762,1.78813474400158,0.0953533236019134,0.206726005568948,4,3
"Mac-NUPR1-IGF2-stress","Advanced_vs_Early","Advanced","Early","STAT4",-0.922384048399873,-1.78009676895402,0.09670855731853,0.208000151058108,4,3
"Mac-NUPR1-IGF2-stress","Advanced_vs_Early","Advanced","Early","BCL11A",0.929504177848571,1.76283442646529,0.0996769065175121,0.212696391072801,4,3
"Mac-NUPR1-IGF2-stress","Advanced_vs_Early","Advanced","Early","POU2F1",0.798086782371336,1.74987532131419,0.101957963916794,0.215864126730088,4,3
"Mac-NUPR1-IGF2-stress","Advanced_vs_Early","Advanced","Early","SP2",0.930058983321003,1.7326545274903,0.105060374441343,0.220708228477549,4,3
"Mac-NUPR1-IGF2-stress","Advanced_vs_Early","Advanced","Early","XBP1",0.773377188693796,1.72059911842408,0.10728137363692,0.223640401966195,4,3
"Mac-NUPR1-IGF2-stress","Advanced_vs_Early","Advanced","Early","GFI1B",0.958222775108321,1.6790021754995,0.115264263830473,0.238447446550063,4,3
"Mac-NUPR1-IGF2-stress","Advanced_vs_Early","Advanced","Early","NFATC2",-0.83987099186368,-1.65992552228207,0.119095475162263,0.244506619461919,4,3
"Mac-NUPR1-IGF2-stress","Advanced_vs_Early","Advanced","Early","FOXO1",0.704991827488368,1.63936468178186,0.123348206767756,0.25133356416588,4,3
"Mac-NUPR1-IGF2-stress","Advanced_vs_Early","Advanced","Early","NFYB",0.799094256481385,1.62504966026617,0.126386169305715,0.255131736250654,4,3
"Mac-NUPR1-IGF2-stress","Advanced_vs_Early","Advanced","Early","ZBED1",0.704590474308262,1.62175176834181,0.127095145364717,0.255131736250654,4,3
"Mac-NUPR1-IGF2-stress","Advanced_vs_Early","Advanced","Early","RFX1",0.903806219937244,1.61171682665549,0.12927358489244,0.257596628719494,4,3
"Mac-NUPR1-IGF2-stress","Advanced_vs_Early","Advanced","Early","BCL6",-1.15864408161953,-1.60299796311429,0.131192358510698,0.259511891652549,4,3
"Mac-NUPR1-IGF2-stress","Advanced_vs_Early","Advanced","Early","SREBF1",0.705541454970645,1.5953414029656,0.132897494278048,0.260979861951818,4,3
"Mac-NUPR1-IGF2-stress","Advanced_vs_Early","Advanced","Early","SIX2",0.855446815921899,1.59100109230903,0.133872517856137,0.261003254237505,4,3
"Mac-NUPR1-IGF2-stress","Advanced_vs_Early","Advanced","Early","MITF",0.760421748263275,1.58480107578968,0.135275951608934,0.261855592043008,4,3
"Mac-NUPR1-IGF2-stress","Advanced_vs_Early","Advanced","Early","ELF3",0.851733750486498,1.57342425802978,0.137883998323586,0.265011088976538,4,3
"Mac-NUPR1-IGF2-stress","Advanced_vs_Early","Advanced","Early","NR5A2",0.80141591698441,1.5650540855828,0.139830135126182,0.266858919853488,4,3
"Mac-NUPR1-IGF2-stress","Advanced_vs_Early","Advanced","Early","PDX1",0.791375565103873,1.55740044540059,0.141630141231353,0.268403973941934,4,3
"Mac-NUPR1-IGF2-stress","Advanced_vs_Early","Advanced","Early","IRF2",0.738079991431997,1.54701375270233,0.144104458420572,0.27086813669472,4,3
"Mac-NUPR1-IGF2-stress","Advanced_vs_Early","Advanced","Early","IRF4",1.08270718757236,1.54358433360505,0.144929445832968,0.27086813669472,4,3
"Mac-NUPR1-IGF2-stress","Advanced_vs_Early","Advanced","Early","REST",0.664653876831775,1.52450717561704,0.14959222716959,0.277667764129856,4,3
"Mac-NUPR1-IGF2-stress","Advanced_vs_Early","Advanced","Early","HMBOX1",-0.77266530400377,-1.49957989000589,0.155875574818749,0.287362454257694,4,3
"Mac-NUPR1-IGF2-stress","Advanced_vs_Early","Advanced","Early","NR5A1",-0.634974435382288,-1.47265398581072,0.162910741157442,0.298302776038288,4,3
"Mac-NUPR1-IGF2-stress","Advanced_vs_Early","Advanced","Early","TFDP1",-0.844658314189963,-1.458452906173,0.166726985582887,0.303241698610486,4,3
"Mac-NUPR1-IGF2-stress","Advanced_vs_Early","Advanced","Early","SOX6",0.72956743337123,1.45299837631596,0.168212461903411,0.30390384783883,4,3
"Mac-NUPR1-IGF2-stress","Advanced_vs_Early","Advanced","Early","E2F1",0.771307575839702,1.41104441171973,0.180009678543192,0.323063727716589,4,3
"Mac-NUPR1-IGF2-stress","Advanced_vs_Early","Advanced","Early","REL",-0.742031789351362,-1.40267197059191,0.182443878563677,0.325278230860239,4,3
"Mac-NUPR1-IGF2-stress","Advanced_vs_Early","Advanced","Early","SPI1",-0.686449050723609,-1.3976929374987,0.183904275437967,0.325738945383588,4,3
"Mac-NUPR1-IGF2-stress","Advanced_vs_Early","Advanced","Early","ZBTB11",0.687709040922819,1.38566829236911,0.187470828156685,0.329899963834167,4,3
"Mac-NUPR1-IGF2-stress","Advanced_vs_Early","Advanced","Early","KDM5B",0.636972176968967,1.37803765399827,0.189763342995148,0.331779780333453,4,3
"Mac-NUPR1-IGF2-stress","Advanced_vs_Early","Advanced","Early","GATA6",0.848981767371584,1.35516599913443,0.196772263315676,0.341828739477873,4,3
"Mac-NUPR1-IGF2-stress","Advanced_vs_Early","Advanced","Early","JUN",0.759745383872019,1.32909618393891,0.205016117020435,0.351344097202116,4,3
"Mac-NUPR1-IGF2-stress","Advanced_vs_Early","Advanced","Early","NFIC",0.697275485180063,1.32616027375261,0.20596173653332,0.351344097202116,4,3
"Mac-NUPR1-IGF2-stress","Advanced_vs_Early","Advanced","Early","GATA1",-0.621098988894799,-1.32561063987198,0.20613915666102,0.351344097202116,4,3
"Mac-NUPR1-IGF2-stress","Advanced_vs_Early","Advanced","Early","SREBF2",0.772783085827183,1.29183073786291,0.217281246790875,0.368020111752045,4,3
"Mac-NUPR1-IGF2-stress","Advanced_vs_Early","Advanced","Early","TFAP4",0.73578724669505,1.28690799381462,0.218944426089697,0.368533785529862,4,3
"Mac-NUPR1-IGF2-stress","Advanced_vs_Early","Advanced","Early","TBX21",0.861039562695731,1.27928248614129,0.22154075446413,0.370602126294934,4,3
"Mac-NUPR1-IGF2-stress","Advanced_vs_Early","Advanced","Early","RUNX1",-0.549983526235642,-1.26557795723099,0.226268302842973,0.376188405340157,4,3
"Mac-NUPR1-IGF2-stress","Advanced_vs_Early","Advanced","Early","CTCFL",0.642716367344812,1.26094874040732,0.22788313968038,0.376562993008433,4,3
"Mac-NUPR1-IGF2-stress","Advanced_vs_Early","Advanced","Early","FOS",0.889717710974688,1.23853074831871,0.235832458578718,0.387336947120197,4,3
"Mac-NUPR1-IGF2-stress","Advanced_vs_Early","Advanced","Early","ZNF24",-0.649153774521633,-1.22112734952653,0.24215243369325,0.395321141752233,4,3
"Mac-NUPR1-IGF2-stress","Advanced_vs_Early","Advanced","Early","MAFG",0.604855285217641,1.21219544673503,0.245446971056885,0.398300174589317,4,3
"Mac-NUPR1-IGF2-stress","Advanced_vs_Early","Advanced","Early","MYC",-0.58301513892447,-1.19527818334914,0.251782341449433,0.40614889602855,4,3
"Mac-NUPR1-IGF2-stress","Advanced_vs_Early","Advanced","Early","EOMES",-0.605976260761047,-1.19102320794292,0.253395550410796,0.406332509830329,4,3
"Mac-NUPR1-IGF2-stress","Advanced_vs_Early","Advanced","Early","FOSL2",0.545707456097175,1.161156845436,0.26494422103025,0.422352258230575,4,3
"Mac-NUPR1-IGF2-stress","Advanced_vs_Early","Advanced","Early","NFKB2",-0.711209583659653,-1.14515302493152,0.271296051016938,0.429948712430352,4,3
"Mac-NUPR1-IGF2-stress","Advanced_vs_Early","Advanced","Early","SMAD5",0.61595812707351,1.1342193842825,0.275701674118664,0.434390428407895,4,3
"Mac-NUPR1-IGF2-stress","Advanced_vs_Early","Advanced","Early","CREB1",0.457024078495246,1.08580855047818,0.295859500539507,0.463456211827783,4,3
"Mac-NUPR1-IGF2-stress","Advanced_vs_Early","Advanced","Early","GATA4",-0.478275140280831,-1.07771103487738,0.299335721441578,0.466206784544067,4,3
"Mac-NUPR1-IGF2-stress","Advanced_vs_Early","Advanced","Early","FOXA2",0.575370969731906,1.07217658965556,0.30172896742422,0.467248858125506,4,3
"Mac-NUPR1-IGF2-stress","Advanced_vs_Early","Advanced","Early","MYCN",-0.581770689476568,-1.06769519204134,0.303677178774771,0.467593837772516,4,3
"Mac-NUPR1-IGF2-stress","Advanced_vs_Early","Advanced","Early","TFAP2C",0.526183921231769,1.06292943419296,0.305759168604763,0.468139744021982,4,3
"Mac-NUPR1-IGF2-stress","Advanced_vs_Early","Advanced","Early","GLI2",-0.513382002072079,-1.05826064120161,0.307808962772749,0.468630499502332,4,3
"Mac-NUPR1-IGF2-stress","Advanced_vs_Early","Advanced","Early","ELF5",0.537666093611047,1.04586888871926,0.313298330846051,0.474323171280893,4,3
"Mac-NUPR1-IGF2-stress","Advanced_vs_Early","Advanced","Early","MYBL2",0.572820388552581,1.04175213812607,0.315137729320852,0.474457359144171,4,3
"Mac-NUPR1-IGF2-stress","Advanced_vs_Early","Advanced","Early","ATF6",0.52671805950375,1.02907850066707,0.320849795532634,0.480388367896927,4,3
"Mac-NUPR1-IGF2-stress","Advanced_vs_Early","Advanced","Early","ARNT",0.627549818087793,1.02337318824945,0.323445574886728,0.481614015353315,4,3
"Mac-NUPR1-IGF2-stress","Advanced_vs_Early","Advanced","Early","NCOA3",0.439196440065499,1.01726855909756,0.326239814363875,0.4831201622547,4,3
"Mac-NUPR1-IGF2-stress","Advanced_vs_Early","Advanced","Early","CREB3L1",0.529887655255464,0.996084990931711,0.33607084885841,0.494973913264289,4,3
"Mac-NUPR1-IGF2-stress","Advanced_vs_Early","Advanced","Early","STAT5B",-0.443496299094351,-0.975495399909928,0.345827227471678,0.505802313400889,4,3
"Mac-NUPR1-IGF2-stress","Advanced_vs_Early","Advanced","Early","ATF2",0.412260084568888,0.968065091251658,0.349396823588736,0.505802313400889,4,3
"Mac-NUPR1-IGF2-stress","Advanced_vs_Early","Advanced","Early","ELK1",0.557361865705135,0.967246463255734,0.349791683145719,0.505802313400889,4,3
"Mac-NUPR1-IGF2-stress","Advanced_vs_Early","Advanced","Early","PAX8",-0.475588358826012,-0.964975544064125,0.350888689739362,0.505802313400889,4,3
"Mac-NUPR1-IGF2-stress","Advanced_vs_Early","Advanced","Early","SOX10",0.421500634969719,0.947868220490434,0.359230404274196,0.514387882246262,4,3
"Mac-NUPR1-IGF2-stress","Advanced_vs_Early","Advanced","Early","ELK4",0.528470373752699,0.945002975019792,0.360640950652361,0.514387882246262,4,3
"Mac-NUPR1-IGF2-stress","Advanced_vs_Early","Advanced","Early","PROX1",0.473210670358303,0.934046292331005,0.366070401350402,0.517528889982001,4,3
"Mac-NUPR1-IGF2-stress","Advanced_vs_Early","Advanced","Early","ETS2",0.409267795417883,0.932858193473627,0.366662534599794,0.517528889982001,4,3
"Mac-NUPR1-IGF2-stress","Advanced_vs_Early","Advanced","Early","NEUROD1",0.465090194135148,0.922666355004679,0.37176922686843,0.522017929955154,4,3
"Mac-NUPR1-IGF2-stress","Advanced_vs_Early","Advanced","Early","SP1",0.559461333052355,0.911992867194895,0.377169493260918,0.526870786977881,4,3
"Mac-NUPR1-IGF2-stress","Advanced_vs_Early","Advanced","Early","NCOA2",0.486065338725034,0.904433838232098,0.38102631164014,0.529528874125528,4,3
"Mac-NUPR1-IGF2-stress","Advanced_vs_Early","Advanced","Early","SMAD4",0.39803800488064,0.867449721363491,0.400282353707693,0.553451621708086,4,3
"Mac-NUPR1-IGF2-stress","Advanced_vs_Early","Advanced","Early","NR3C1",-0.369720103022141,-0.861653953725398,0.403357913541492,0.554873068881952,4,3
"Mac-NUPR1-IGF2-stress","Advanced_vs_Early","Advanced","Early","HNF1B",0.365106115781432,0.848721135989075,0.410277252737475,0.561541088342706,4,3
"Mac-NUPR1-IGF2-stress","Advanced_vs_Early","Advanced","Early","VDR",0.350050281662303,0.838683379857968,0.415701321836031,0.566105820188766,4,3
"Mac-NUPR1-IGF2-stress","Advanced_vs_Early","Advanced","Early","POU5F1",0.485220815740944,0.814755760095253,0.428819474607138,0.581050388092672,4,3
"Mac-NUPR1-IGF2-stress","Advanced_vs_Early","Advanced","Early","STAT6",-0.395774689364075,-0.798378756232032,0.437950462940152,0.588597513715586,4,3
"Mac-NUPR1-IGF2-stress","Advanced_vs_Early","Advanced","Early","IRF3",0.393976394628455,0.796985079486011,0.438733202105345,0.588597513715586,4,3
"Mac-NUPR1-IGF2-stress","Advanced_vs_Early","Advanced","Early","TEAD2",-0.337290802327259,-0.79148204383582,0.441832611890292,0.589835654296893,4,3
"Mac-NUPR1-IGF2-stress","Advanced_vs_Early","Advanced","Early","CEBPD",-0.430342349222292,-0.786081598613261,0.44488772994139,0.591002817716259,4,3
"Mac-NUPR1-IGF2-stress","Advanced_vs_Early","Advanced","Early","FOXL2",0.468684663744541,0.781606322798764,0.447429571271437,0.591480067388094,4,3
"Mac-NUPR1-IGF2-stress","Advanced_vs_Early","Advanced","Early","PRDM1",0.389755992886248,0.772031103041147,0.452898740519382,0.595803682916274,4,3
"Mac-NUPR1-IGF2-stress","Advanced_vs_Early","Advanced","Early","ATF4",0.46729799054534,0.765661456519967,0.456560060588223,0.597718726663808,4,3
"Mac-NUPR1-IGF2-stress","Advanced_vs_Early","Advanced","Early","ESR2",0.356292757710217,0.737800932001617,0.47279016486128,0.615991032102917,4,3
"Mac-NUPR1-IGF2-stress","Advanced_vs_Early","Advanced","Early","ATF7",0.515973686052371,0.724189098584421,0.480846449438459,0.623489893769485,4,3
"Mac-NUPR1-IGF2-stress","Advanced_vs_Early","Advanced","Early","TCF7L2",0.344298616414081,0.677139169760951,0.509324220505125,0.657270779794709,4,3
"Mac-NUPR1-IGF2-stress","Advanced_vs_Early","Advanced","Early","PAX6",-0.305233400127267,-0.663088820661547,0.518015341509443,0.665318282223029,4,3
"Mac-NUPR1-IGF2-stress","Advanced_vs_Early","Advanced","Early","CDX2",-0.276508867867139,-0.654566745212428,0.523328070858503,0.668971260389878,4,3
"Mac-NUPR1-IGF2-stress","Advanced_vs_Early","Advanced","Early","RELA",0.324509268378783,0.64146631562852,0.531555164216359,0.676297884988889,4,3
"Mac-NUPR1-IGF2-stress","Advanced_vs_Early","Advanced","Early","KMT2A",-0.291705026092131,-0.629075428169262,0.53940317796526,0.683075987049465,4,3
"Mac-NUPR1-IGF2-stress","Advanced_vs_Early","Advanced","Early","ONECUT1",0.440326499913243,0.620012884881858,0.545183675313851,0.685649337464215,4,3
"Mac-NUPR1-IGF2-stress","Advanced_vs_Early","Advanced","Early","POU4F2",0.282103131237259,0.617963766670332,0.546495412886607,0.685649337464215,4,3
"Mac-NUPR1-IGF2-stress","Advanced_vs_Early","Advanced","Early","SOX2",-0.266845381619699,-0.600016663277111,0.558057924596732,0.696682730180407,4,3
"Mac-NUPR1-IGF2-stress","Advanced_vs_Early","Advanced","Early","E2F4",0.431436058238903,0.596358048150175,0.560431126122984,0.696682730180407,4,3
"Mac-NUPR1-IGF2-stress","Advanced_vs_Early","Advanced","Early","TWIST1",0.281275916308683,0.587781314500795,0.566015716016428,0.700412141737224,4,3
"Mac-NUPR1-IGF2-stress","Advanced_vs_Early","Advanced","Early","KLF3",0.429652947892315,0.570677381155153,0.577240497878117,0.70866155812754,4,3
"Mac-NUPR1-IGF2-stress","Advanced_vs_Early","Advanced","Early","STAT5A",-0.287468343487343,-0.569659445942999,0.577912193159359,0.70866155812754,4,3
"Mac-NUPR1-IGF2-stress","Advanced_vs_Early","Advanced","Early","NFYA",0.285753703086208,0.558474774148605,0.585319283885908,0.712807845319021,4,3
"Mac-NUPR1-IGF2-stress","Advanced_vs_Early","Advanced","Early","NANOG",-0.280700341806341,-0.556617408973125,0.586554057218235,0.712807845319021,4,3
"Mac-NUPR1-IGF2-stress","Advanced_vs_Early","Advanced","Early","BATF",-0.314146202611392,-0.545728940535604,0.593819527788766,0.71681479314987,4,3
"Mac-NUPR1-IGF2-stress","Advanced_vs_Early","Advanced","Early","ERG",0.271243591600707,0.543755168579982,0.595141433427014,0.71681479314987,4,3
"Mac-NUPR1-IGF2-stress","Advanced_vs_Early","Advanced","Early","NR2F2",-0.22245856405953,-0.530821364509569,0.603840356794115,0.721045898990934,4,3
"Mac-NUPR1-IGF2-stress","Advanced_vs_Early","Advanced","Early","HNF4A",0.241379167853186,0.530620849051931,0.603975716128937,0.721045898990934,4,3
"Mac-NUPR1-IGF2-stress","Advanced_vs_Early","Advanced","Early","MBD2",0.254168504114496,0.524404213296974,0.608179783553473,0.721585522472779,4,3
"Mac-NUPR1-IGF2-stress","Advanced_vs_Early","Advanced","Early","RFX2",0.266091321431614,0.522083226992847,0.609753079875522,0.721585522472779,4,3
"Mac-NUPR1-IGF2-stress","Advanced_vs_Early","Advanced","Early","RXRA",-0.217217198402852,-0.51567293058244,0.614108738310378,0.723580296009185,4,3
"Mac-NUPR1-IGF2-stress","Advanced_vs_Early","Advanced","Early","STAT3",-0.248572477870722,-0.50694129197702,0.620066067863617,0.727436815545629,4,3
"Mac-NUPR1-IGF2-stress","Advanced_vs_Early","Advanced","Early","POU2F2",-0.224658269698237,-0.494310012200186,0.628733119716398,0.734425325185965,4,3
"Mac-NUPR1-IGF2-stress","Advanced_vs_Early","Advanced","Early","JUND",-0.237435835198355,-0.472824235451297,0.643606511324474,0.748572380124174,4,3
"Mac-NUPR1-IGF2-stress","Advanced_vs_Early","Advanced","Early","RFX5",-0.252252231017251,-0.464639493038467,0.649314767359744,0.751984196386712,4,3
"Mac-NUPR1-IGF2-stress","Advanced_vs_Early","Advanced","Early","TP53",0.301404371389419,0.429447708810426,0.674116085280833,0.777384932387684,4,3
"Mac-NUPR1-IGF2-stress","Advanced_vs_Early","Advanced","Early","SP3",0.194467815282356,0.422065996582337,0.679369863098616,0.780123868219174,4,3
"Mac-NUPR1-IGF2-stress","Advanced_vs_Early","Advanced","Early","SPIB",0.225978433913181,0.395927598451671,0.698111108082747,0.798262068735969,4,3
"Mac-NUPR1-IGF2-stress","Advanced_vs_Early","Advanced","Early","OTX2",0.201485094925549,0.38337106377772,0.7071882935472,0.80524381324072,4,3
"Mac-NUPR1-IGF2-stress","Advanced_vs_Early","Advanced","Early","RELB",0.203465926361613,0.358250660426539,0.72548609174438,0.822622304864967,4,3
"Mac-NUPR1-IGF2-stress","Advanced_vs_Early","Advanced","Early","TCF7",0.183492550449392,0.343787385225312,0.736101537376259,0.831181319287359,4,3
"Mac-NUPR1-IGF2-stress","Advanced_vs_Early","Advanced","Early","FOXO4",0.144602116745472,0.331238414244006,0.745357585110237,0.837315337696175,4,3
"Mac-NUPR1-IGF2-stress","Advanced_vs_Early","Advanced","Early","ATF1",-0.150379353806704,-0.328053508555819,0.747713327389204,0.837315337696175,4,3
"Mac-NUPR1-IGF2-stress","Advanced_vs_Early","Advanced","Early","TP63",0.142212843143058,0.300087621094099,0.768508468177897,0.851390579968383,4,3
"Mac-NUPR1-IGF2-stress","Advanced_vs_Early","Advanced","Early","KLF4",0.129914136791801,0.299456622864352,0.768979882441325,0.851390579968383,4,3
"Mac-NUPR1-IGF2-stress","Advanced_vs_Early","Advanced","Early","LHX2",0.141891717946694,0.29585237572878,0.771674402082182,0.851390579968383,4,3
"Mac-NUPR1-IGF2-stress","Advanced_vs_Early","Advanced","Early","YY1",-0.133098760512032,-0.293910785341647,0.773127197262624,0.851390579968383,4,3
"Mac-NUPR1-IGF2-stress","Advanced_vs_Early","Advanced","Early","PGR",-0.141078172178904,-0.290087327673697,0.775990676207345,0.851390579968383,4,3
"Mac-NUPR1-IGF2-stress","Advanced_vs_Early","Advanced","Early","SOX11",0.117154278551262,0.27028458531737,0.79087467611961,0.864221924308122,4,3
"Mac-NUPR1-IGF2-stress","Advanced_vs_Early","Advanced","Early","E2F5",-0.134978086269524,-0.264054971307122,0.795574808533174,0.865866558684699,4,3
"Mac-NUPR1-IGF2-stress","Advanced_vs_Early","Advanced","Early","FOSL1",-0.142304499189058,-0.240805962368881,0.81318716361112,0.879275900010508,4,3
"Mac-NUPR1-IGF2-stress","Advanced_vs_Early","Advanced","Early","FOXM1",-0.103363799614929,-0.239230359837822,0.814384689677629,0.879275900010508,4,3
"Mac-NUPR1-IGF2-stress","Advanced_vs_Early","Advanced","Early","CEBPB",-0.149306672651531,-0.22400967778887,0.825977427461647,0.888253503341692,4,3
"Mac-NUPR1-IGF2-stress","Advanced_vs_Early","Advanced","Early","E2F7",-0.123799346948475,-0.196364116714677,0.847139713639563,0.907410523305618,4,3
"Mac-NUPR1-IGF2-stress","Advanced_vs_Early","Advanced","Early","TCF3",0.109807326363669,0.191091723309049,0.851190136864023,0.908159555473032,4,3
"Mac-NUPR1-IGF2-stress","Advanced_vs_Early","Advanced","Early","USF1",-0.0867511869386583,-0.180579363106305,0.859278978855652,0.913194522626987,4,3
"Mac-NUPR1-IGF2-stress","Advanced_vs_Early","Advanced","Early","WT1",-0.0787706699292391,-0.153878947689456,0.879895604563073,0.930256307550339,4,3
"Mac-NUPR1-IGF2-stress","Advanced_vs_Early","Advanced","Early","NR2F6",-0.0847082574265251,-0.150903760612166,0.882198786127074,0.930256307550339,4,3
"Mac-NUPR1-IGF2-stress","Advanced_vs_Early","Advanced","Early","SOX9",-0.0604277784931942,-0.145537828578051,0.886355497370294,0.9310168208812,4,3
"Mac-NUPR1-IGF2-stress","Advanced_vs_Early","Advanced","Early","EPAS1",0.0772347443653087,0.134491807763678,0.894923077350803,0.931455848971996,4,3
"Mac-NUPR1-IGF2-stress","Advanced_vs_Early","Advanced","Early","NFKB1",0.0661324116770788,0.133192124954143,0.895932062252503,0.931455848971996,4,3
"Mac-NUPR1-IGF2-stress","Advanced_vs_Early","Advanced","Early","RUNX3",-0.0761667245966352,-0.131707587212704,0.897084784434284,0.931455848971996,4,3
"Mac-NUPR1-IGF2-stress","Advanced_vs_Early","Advanced","Early","NFATC1",-0.0619115143299266,-0.125906168665172,0.901591790415864,0.932562500773661,4,3
"Mac-NUPR1-IGF2-stress","Advanced_vs_Early","Advanced","Early","FLI1",0.0521584792829082,0.111571148727758,0.912743156978882,0.940507207381282,4,3
"Mac-NUPR1-IGF2-stress","Advanced_vs_Early","Advanced","Early","CEBPA",0.0467553022016231,0.102055379900757,0.92015627611179,0.944554359190512,4,3
"Mac-NUPR1-IGF2-stress","Advanced_vs_Early","Advanced","Early","FOXA1",-0.0456603467386909,-0.0919126835470261,0.928066265602887,0.949079086710876,4,3
"Mac-NUPR1-IGF2-stress","Advanced_vs_Early","Advanced","Early","GATA3",-0.0204622889189115,-0.041695351661541,0.967328840067547,0.985511713001147,4,3
"Mac-NUPR1-IGF2-stress","Advanced_vs_Early","Advanced","Early","LEF1",0.0212918319557955,0.0339055915285742,0.973429857127871,0.985793549685049,4,3
"Mac-NUPR1-IGF2-stress","Advanced_vs_Early","Advanced","Early","HSF1",0.0139786812135947,0.0320534953530541,0.974880705961598,0.985793549685049,4,3
"Mac-NUPR1-IGF2-stress","Advanced_vs_Early","Advanced","Early","EGR1",-0.0144895860328466,-0.025354441878678,0.980129174719754,0.985802423357926,4,3
"Mac-NUPR1-IGF2-stress","Advanced_vs_Early","Advanced","Early","MYB",-0.00949198044009929,-0.0227565817348879,0.982164776039262,0.985802423357926,4,3
"Mac-NUPR1-IGF2-stress","Advanced_vs_Early","Advanced","Early","TGIF2",-0.000122573839978852,-0.000197363298765264,0.999845304355945,0.999845304355945,4,3
"Mac-TNF-CCL4-inflammatory","Advanced_vs_Early","Advanced","Early","TEAD1",1.5295428035808,3.52763821239331,0.00571766800966373,0.78768648676513,3,2
"Mac-TNF-CCL4-inflammatory","Advanced_vs_Early","Advanced","Early","TCF4",1.5783850517623,3.34099773562295,0.00778002762637395,0.78768648676513,3,2
"Mac-TNF-CCL4-inflammatory","Advanced_vs_Early","Advanced","Early","STAT2",-1.76493709072719,-2.83996313301694,0.0180348069519023,0.78768648676513,3,2
"Mac-TNF-CCL4-inflammatory","Advanced_vs_Early","Advanced","Early","REL",-1.24544862551213,-2.65704735777781,0.0245856487554882,0.78768648676513,3,2
"Mac-TNF-CCL4-inflammatory","Advanced_vs_Early","Advanced","Early","GATA6",1.05413337097772,2.63021779148019,0.0257297009278072,0.78768648676513,3,2
"Mac-TNF-CCL4-inflammatory","Advanced_vs_Early","Advanced","Early","VDR",-1.25529670231627,-2.54528299064784,0.0297136960344649,0.78768648676513,3,2
"Mac-TNF-CCL4-inflammatory","Advanced_vs_Early","Advanced","Early","HNF4G",1.0650031996899,2.42461199575862,0.0364482723536531,0.78768648676513,3,2
"Mac-TNF-CCL4-inflammatory","Advanced_vs_Early","Advanced","Early","ELF5",0.951707004302571,2.28304442813864,0.0462815082901024,0.78768648676513,3,2
"Mac-TNF-CCL4-inflammatory","Advanced_vs_Early","Advanced","Early","CUX1",1.00559349140915,2.22868262872059,0.0507089102271238,0.78768648676513,3,2
"Mac-TNF-CCL4-inflammatory","Advanced_vs_Early","Advanced","Early","FOXA2",0.936255527689279,2.21231182086689,0.0521208677308216,0.78768648676513,3,2
"Mac-TNF-CCL4-inflammatory","Advanced_vs_Early","Advanced","Early","CTCF",1.27737832673031,2.20824581986469,0.0524774106891172,0.78768648676513,3,2
"Mac-TNF-CCL4-inflammatory","Advanced_vs_Early","Advanced","Early","NFKB2",0.924754666707121,2.18623485493205,0.0544488319997876,0.78768648676513,3,2
"Mac-TNF-CCL4-inflammatory","Advanced_vs_Early","Advanced","Early","IRF1",-1.15224610028558,-2.16530155406586,0.0563899279371365,0.78768648676513,3,2
"Mac-TNF-CCL4-inflammatory","Advanced_vs_Early","Advanced","Early","ETV4",0.908546404895774,2.16178900916945,0.056722104881967,0.78768648676513,3,2
"Mac-TNF-CCL4-inflammatory","Advanced_vs_Early","Advanced","Early","MAFF",0.862305343662241,2.15414340777109,0.0574516650561132,0.78768648676513,3,2
"Mac-TNF-CCL4-inflammatory","Advanced_vs_Early","Advanced","Early","USF2",-0.924512738017789,-2.11427690901171,0.0614043046571766,0.78768648676513,3,2
"Mac-TNF-CCL4-inflammatory","Advanced_vs_Early","Advanced","Early","DUX4",0.813846818393513,2.09165789524409,0.063761485125798,0.78768648676513,3,2
"Mac-TNF-CCL4-inflammatory","Advanced_vs_Early","Advanced","Early","RARA",-0.837823767483287,-2.08063719064641,0.0649410926429802,0.78768648676513,3,2
"Mac-TNF-CCL4-inflammatory","Advanced_vs_Early","Advanced","Early","ATF3",0.957514743626653,2.07859913694486,0.0651615081967063,0.78768648676513,3,2
"Mac-TNF-CCL4-inflammatory","Advanced_vs_Early","Advanced","Early","ZBTB33",1.08058797992462,2.06017154701277,0.0671871144630643,0.78768648676513,3,2
"Mac-TNF-CCL4-inflammatory","Advanced_vs_Early","Advanced","Early","THAP11",-1.46482237461304,-2.04674500014411,0.0687006234871105,0.78768648676513,3,2
"Mac-TNF-CCL4-inflammatory","Advanced_vs_Early","Advanced","Early","NFKB1",-0.970370879279048,-2.04449944070944,0.0689569000031419,0.78768648676513,3,2
"Mac-TNF-CCL4-inflammatory","Advanced_vs_Early","Advanced","Early","CEBPG",0.843142942201153,2.03799863476149,0.0697039446871253,0.78768648676513,3,2
"Mac-TNF-CCL4-inflammatory","Advanced_vs_Early","Advanced","Early","NFE2L1",0.967415516360292,2.02166460479497,0.0716150523211491,0.78768648676513,3,2
"Mac-TNF-CCL4-inflammatory","Advanced_vs_Early","Advanced","Early","FOSL1",-0.918669776797219,-1.98617657274993,0.0759397457561056,0.78768648676513,3,2
"Mac-TNF-CCL4-inflammatory","Advanced_vs_Early","Advanced","Early","RUNX1",-0.929644534827851,-1.95022484287804,0.0805716613595494,0.78768648676513,3,2
"Mac-TNF-CCL4-inflammatory","Advanced_vs_Early","Advanced","Early","RXRA",-0.863893382210408,-1.94658650772162,0.0810549518321049,0.78768648676513,3,2
"Mac-TNF-CCL4-inflammatory","Advanced_vs_Early","Advanced","Early","MYOD1",0.714354219702152,1.92443002205538,0.0840573338362841,0.78768648676513,3,2
"Mac-TNF-CCL4-inflammatory","Advanced_vs_Early","Advanced","Early","MEF2A",0.761640922622822,1.92273567055654,0.0842911738604752,0.78768648676513,3,2
"Mac-TNF-CCL4-inflammatory","Advanced_vs_Early","Advanced","Early","USF1",-1.12237325564128,-1.9003901253697,0.0874326444756795,0.789808221763638,3,2
"Mac-TNF-CCL4-inflammatory","Advanced_vs_Early","Advanced","Early","KLF5",0.88955433270926,1.86048775738341,0.093315791124979,0.796103492061711,3,2
"Mac-TNF-CCL4-inflammatory","Advanced_vs_Early","Advanced","Early","EPAS1",-1.24774413473454,-1.8392267619221,0.0965987957749841,0.796103492061711,3,2
"Mac-TNF-CCL4-inflammatory","Advanced_vs_Early","Advanced","Early","BHLHE22",-0.804502946554518,-1.80902938741431,0.101445812850617,0.796103492061711,3,2
"Mac-TNF-CCL4-inflammatory","Advanced_vs_Early","Advanced","Early","SMAD4",-0.942248223583876,-1.76703724547325,0.10855919029927,0.796103492061711,3,2
"Mac-TNF-CCL4-inflammatory","Advanced_vs_Early","Advanced","Early","ZNF263",-1.12569846211242,-1.72076196990393,0.11692533383407,0.796103492061711,3,2
"Mac-TNF-CCL4-inflammatory","Advanced_vs_Early","Advanced","Early","FOXP1",-0.842122755520601,-1.70669370219986,0.11958277181964,0.796103492061711,3,2
"Mac-TNF-CCL4-inflammatory","Advanced_vs_Early","Advanced","Early","ZNF592",1.07680140725091,1.70595197830967,0.119724390626281,0.796103492061711,3,2
"Mac-TNF-CCL4-inflammatory","Advanced_vs_Early","Advanced","Early","SP4",0.884520820216372,1.69790307762052,0.12127099485489,0.796103492061711,3,2
"Mac-TNF-CCL4-inflammatory","Advanced_vs_Early","Advanced","Early","MEIS1",0.741868651748697,1.69644111144541,0.121553848726621,0.796103492061711,3,2
"Mac-TNF-CCL4-inflammatory","Advanced_vs_Early","Advanced","Early","SMAD5",0.802837816709054,1.69642734556861,0.121556514917405,0.796103492061711,3,2
"Mac-TNF-CCL4-inflammatory","Advanced_vs_Early","Advanced","Early","ZFX",1.05586816913207,1.6938837931017,0.122050063182962,0.796103492061711,3,2
"Mac-TNF-CCL4-inflammatory","Advanced_vs_Early","Advanced","Early","SREBF1",-0.711433834209953,-1.64735809898257,0.13140317520623,0.796103492061711,3,2
"Mac-TNF-CCL4-inflammatory","Advanced_vs_Early","Advanced","Early","ETS1",-0.611212242095319,-1.63507201705688,0.133978361868276,0.796103492061711,3,2
"Mac-TNF-CCL4-inflammatory","Advanced_vs_Early","Advanced","Early","ZNF24",-0.689122182734037,-1.63087826429144,0.134867683240465,0.796103492061711,3,2
"Mac-TNF-CCL4-inflammatory","Advanced_vs_Early","Advanced","Early","NFATC2",-0.862034320845544,-1.62163187253263,0.1368471556249,0.796103492061711,3,2
"Mac-TNF-CCL4-inflammatory","Advanced_vs_Early","Advanced","Early","XBP1",0.722818768963652,1.60004185156463,0.141570556355341,0.796103492061711,3,2
"Mac-TNF-CCL4-inflammatory","Advanced_vs_Early","Advanced","Early","ELF3",0.847816173140951,1.57622193371516,0.14694970194084,0.796103492061711,3,2
"Mac-TNF-CCL4-inflammatory","Advanced_vs_Early","Advanced","Early","IRF9",-0.905384448392921,-1.5657652421485,0.149367792698478,0.796103492061711,3,2
"Mac-TNF-CCL4-inflammatory","Advanced_vs_Early","Advanced","Early","SREBF2",-1.04006128881309,-1.51841157689155,0.160763255514174,0.796103492061711,3,2
"Mac-TNF-CCL4-inflammatory","Advanced_vs_Early","Advanced","Early","ZNF217",0.58312633776918,1.5115206272655,0.162483587631105,0.796103492061711,3,2
"Mac-TNF-CCL4-inflammatory","Advanced_vs_Early","Advanced","Early","STAT4",-0.57550494654608,-1.50090408372036,0.16516551466066,0.796103492061711,3,2
"Mac-TNF-CCL4-inflammatory","Advanced_vs_Early","Advanced","Early","NR5A2",0.626777673544428,1.48288529106797,0.169805786802993,0.796103492061711,3,2
"Mac-TNF-CCL4-inflammatory","Advanced_vs_Early","Advanced","Early","LYL1",1.39386053350104,1.48229127889065,0.16996067062743,0.796103492061711,3,2
"Mac-TNF-CCL4-inflammatory","Advanced_vs_Early","Advanced","Early","ONECUT1",0.699066536100676,1.48010953357559,0.170530596502751,0.796103492061711,3,2
"Mac-TNF-CCL4-inflammatory","Advanced_vs_Early","Advanced","Early","THAP1",0.598114247038763,1.46685388966739,0.174029072345999,0.796103492061711,3,2
"Mac-TNF-CCL4-inflammatory","Advanced_vs_Early","Advanced","Early","MAFB",0.854634685666321,1.46585711825949,0.17429463952558,0.796103492061711,3,2
"Mac-TNF-CCL4-inflammatory","Advanced_vs_Early","Advanced","Early","RELA",-0.749183608001483,-1.45829677983063,0.176320360002058,0.796103492061711,3,2
"Mac-TNF-CCL4-inflammatory","Advanced_vs_Early","Advanced","Early","NFYA",0.544742048363581,1.442063055727,0.180738830761794,0.796103492061711,3,2
"Mac-TNF-CCL4-inflammatory","Advanced_vs_Early","Advanced","Early","HINFP",0.956641368316684,1.43926058708578,0.181511178293404,0.796103492061711,3,2
"Mac-TNF-CCL4-inflammatory","Advanced_vs_Early","Advanced","Early","NFE2L2",-0.570728671515799,-1.43015152840434,0.184041226966014,0.796103492061711,3,2
"Mac-TNF-CCL4-inflammatory","Advanced_vs_Early","Advanced","Early","NR2F2",-0.516156954347007,-1.42782750949101,0.184691552671561,0.796103492061711,3,2
"Mac-TNF-CCL4-inflammatory","Advanced_vs_Early","Advanced","Early","ETV1",0.74347414573375,1.41905032945302,0.187165458012027,0.796103492061711,3,2
"Mac-TNF-CCL4-inflammatory","Advanced_vs_Early","Advanced","Early","IRF2",-0.637965188389145,-1.39914124616108,0.192882223566442,0.796103492061711,3,2
"Mac-TNF-CCL4-inflammatory","Advanced_vs_Early","Advanced","Early","BHLHE40",0.591574635826722,1.39851232952194,0.193065212815456,0.796103492061711,3,2
"Mac-TNF-CCL4-inflammatory","Advanced_vs_Early","Advanced","Early","PDX1",0.680368598253644,1.39786604568006,0.193253409221257,0.796103492061711,3,2
"Mac-TNF-CCL4-inflammatory","Advanced_vs_Early","Advanced","Early","MEIS2",0.613775712274803,1.39570107124118,0.193884983306542,0.796103492061711,3,2
"Mac-TNF-CCL4-inflammatory","Advanced_vs_Early","Advanced","Early","SRF",0.525297446666269,1.35240520013101,0.206888082054361,0.818330243863837,3,2
"Mac-TNF-CCL4-inflammatory","Advanced_vs_Early","Advanced","Early","E2F4",0.987623714999226,1.34761344108154,0.208371396834885,0.818330243863837,3,2
"Mac-TNF-CCL4-inflammatory","Advanced_vs_Early","Advanced","Early","POU4F2",0.542895011641474,1.32256907125599,0.216270001786483,0.818330243863837,3,2
"Mac-TNF-CCL4-inflammatory","Advanced_vs_Early","Advanced","Early","FOXJ2",0.590314232066545,1.31723712435623,0.217983528932552,0.818330243863837,3,2
"Mac-TNF-CCL4-inflammatory","Advanced_vs_Early","Advanced","Early","RUNX3",0.54235002032779,1.31554287819946,0.218530372205905,0.818330243863837,3,2
"Mac-TNF-CCL4-inflammatory","Advanced_vs_Early","Advanced","Early","POU2F2",-0.481735884358652,-1.29912284181975,0.223889564790614,0.818330243863837,3,2
"Mac-TNF-CCL4-inflammatory","Advanced_vs_Early","Advanced","Early","SPI1",-0.464824353960426,-1.28640364649649,0.228115388368308,0.818330243863837,3,2
"Mac-TNF-CCL4-inflammatory","Advanced_vs_Early","Advanced","Early","WT1",-0.632466318816489,-1.281512825458,0.229757763138552,0.818330243863837,3,2
"Mac-TNF-CCL4-inflammatory","Advanced_vs_Early","Advanced","Early","SNAPC4",0.786907429242725,1.27337006355456,0.232513787748506,0.818330243863837,3,2
"Mac-TNF-CCL4-inflammatory","Advanced_vs_Early","Advanced","Early","PRDM1",0.501699261603666,1.27148014344401,0.23315733173703,0.818330243863837,3,2
"Mac-TNF-CCL4-inflammatory","Advanced_vs_Early","Advanced","Early","CREB1",-0.6571197316866,-1.26600016283413,0.235031623859119,0.818330243863837,3,2
"Mac-TNF-CCL4-inflammatory","Advanced_vs_Early","Advanced","Early","NCOA2",0.498748521097889,1.26146812727201,0.236591023992546,0.818330243863837,3,2
"Mac-TNF-CCL4-inflammatory","Advanced_vs_Early","Advanced","Early","RELB",-0.678337248346286,-1.25579834830157,0.238553834927096,0.818330243863837,3,2
"Mac-TNF-CCL4-inflammatory","Advanced_vs_Early","Advanced","Early","YY1",0.493407664491166,1.22694588601895,0.248749333234172,0.840923161985206,3,2
"Mac-TNF-CCL4-inflammatory","Advanced_vs_Early","Advanced","Early","SP3",-0.516101260251799,-1.21179231946919,0.254244129103538,0.840923161985206,3,2
"Mac-TNF-CCL4-inflammatory","Advanced_vs_Early","Advanced","Early","BACH2",-0.458519527657376,-1.19410497596962,0.26078109964458,0.840923161985206,3,2
"Mac-TNF-CCL4-inflammatory","Advanced_vs_Early","Advanced","Early","ESR1",0.432269379501897,1.17423312181635,0.268285505805131,0.840923161985206,3,2
"Mac-TNF-CCL4-inflammatory","Advanced_vs_Early","Advanced","Early","EHF",0.56206864124596,1.17362485508595,0.268517900960034,0.840923161985206,3,2
"Mac-TNF-CCL4-inflammatory","Advanced_vs_Early","Advanced","Early","TCF12",0.438792486407289,1.14223767903777,0.280728366378295,0.840923161985206,3,2
"Mac-TNF-CCL4-inflammatory","Advanced_vs_Early","Advanced","Early","MAF",0.638866959651684,1.13143854913076,0.285029366898214,0.840923161985206,3,2
"Mac-TNF-CCL4-inflammatory","Advanced_vs_Early","Advanced","Early","FOS",-0.589733239493788,-1.12736727901417,0.2866642029934,0.840923161985206,3,2
"Mac-TNF-CCL4-inflammatory","Advanced_vs_Early","Advanced","Early","PBX2",-0.486765722271629,-1.1259106571175,0.287250896760794,0.840923161985206,3,2
"Mac-TNF-CCL4-inflammatory","Advanced_vs_Early","Advanced","Early","NCOA3",0.463897952029482,1.12478991808298,0.287702944125727,0.840923161985206,3,2
"Mac-TNF-CCL4-inflammatory","Advanced_vs_Early","Advanced","Early","STAT6",-0.503849506819462,-1.12120888240139,0.289151076840465,0.840923161985206,3,2
"Mac-TNF-CCL4-inflammatory","Advanced_vs_Early","Advanced","Early","E2F1",0.546857951859895,1.11131804908828,0.293180407244164,0.840923161985206,3,2
"Mac-TNF-CCL4-inflammatory","Advanced_vs_Early","Advanced","Early","SIX5",0.431946460224565,1.10930380375514,0.294006305856239,0.840923161985206,3,2
"Mac-TNF-CCL4-inflammatory","Advanced_vs_Early","Advanced","Early","GABPA",0.600074962795587,1.10896915037912,0.294143698538361,0.840923161985206,3,2
"Mac-TNF-CCL4-inflammatory","Advanced_vs_Early","Advanced","Early","IKZF1",-0.397521816793125,-1.09919471676861,0.298178665722921,0.840923161985206,3,2
"Mac-TNF-CCL4-inflammatory","Advanced_vs_Early","Advanced","Early","RUNX2",0.399563672487508,1.09717608771003,0.299017293462877,0.840923161985206,3,2
"Mac-TNF-CCL4-inflammatory","Advanced_vs_Early","Advanced","Early","REST",0.462790808443208,1.09036852826219,0.301858915158577,0.840923161985206,3,2
"Mac-TNF-CCL4-inflammatory","Advanced_vs_Early","Advanced","Early","STAT5A",-0.45517748315972,-1.08914788302819,0.302370636747666,0.840923161985206,3,2
"Mac-TNF-CCL4-inflammatory","Advanced_vs_Early","Advanced","Early","ATF7",0.522381067337479,1.07160681842834,0.309798276560225,0.840923161985206,3,2
"Mac-TNF-CCL4-inflammatory","Advanced_vs_Early","Advanced","Early","JUN",-0.586753727843048,-1.0567689829727,0.316189734693652,0.840923161985206,3,2
"Mac-TNF-CCL4-inflammatory","Advanced_vs_Early","Advanced","Early","RFX1",0.382544527618355,1.0513236177535,0.318560386046443,0.840923161985206,3,2
"Mac-TNF-CCL4-inflammatory","Advanced_vs_Early","Advanced","Early","MYBL2",0.412911582182897,1.04919832147357,0.319489293818161,0.840923161985206,3,2
"Mac-TNF-CCL4-inflammatory","Advanced_vs_Early","Advanced","Early","SOX10",-0.416378734494238,-1.04673243789321,0.320569637368448,0.840923161985206,3,2
"Mac-TNF-CCL4-inflammatory","Advanced_vs_Early","Advanced","Early","HIF1A",-0.669184259349149,-1.04525580361396,0.321217899410586,0.840923161985206,3,2
"Mac-TNF-CCL4-inflammatory","Advanced_vs_Early","Advanced","Early","TFAP2C",0.455184450299619,1.04185221987755,0.322715899802441,0.840923161985206,3,2
"Mac-TNF-CCL4-inflammatory","Advanced_vs_Early","Advanced","Early","POU5F1",0.391762792140799,1.02358020786519,0.330848219329247,0.853903499411675,3,2
"Mac-TNF-CCL4-inflammatory","Advanced_vs_Early","Advanced","Early","STAT3",-0.381738782895787,-1.00091049246222,0.341150332464131,0.872186227337542,3,2
"Mac-TNF-CCL4-inflammatory","Advanced_vs_Early","Advanced","Early","TEAD4",0.351856540106206,0.964842950846386,0.358028583496279,0.888239052329554,3,2
"Mac-TNF-CCL4-inflammatory","Advanced_vs_Early","Advanced","Early","ZEB2",-0.355473016896539,-0.958871851159516,0.360880805848335,0.888239052329554,3,2
"Mac-TNF-CCL4-inflammatory","Advanced_vs_Early","Advanced","Early","SNAI2",0.378522683498695,0.956407241726723,0.362062889480127,0.888239052329554,3,2
"Mac-TNF-CCL4-inflammatory","Advanced_vs_Early","Advanced","Early","TCF3",-0.347885018308587,-0.948780002882253,0.365738909493797,0.888239052329554,3,2
"Mac-TNF-CCL4-inflammatory","Advanced_vs_Early","Advanced","Early","PAX6",-0.401974127788306,-0.933663619954985,0.373104043075234,0.888239052329554,3,2
"Mac-TNF-CCL4-inflammatory","Advanced_vs_Early","Advanced","Early","ATF4",-0.432003525590529,-0.932136488344153,0.373853996948507,0.888239052329554,3,2
"Mac-TNF-CCL4-inflammatory","Advanced_vs_Early","Advanced","Early","HNF1B",0.367591840552679,0.921593200746568,0.379061177730195,0.888239052329554,3,2
"Mac-TNF-CCL4-inflammatory","Advanced_vs_Early","Advanced","Early","MEF2C",0.345003536535084,0.913991367831846,0.382847611374019,0.888239052329554,3,2
"Mac-TNF-CCL4-inflammatory","Advanced_vs_Early","Advanced","Early","SIX2",0.476143677585161,0.907516779190257,0.386093714280033,0.888239052329554,3,2
"Mac-TNF-CCL4-inflammatory","Advanced_vs_Early","Advanced","Early","ZKSCAN1",0.352964141106806,0.888429312677298,0.39577660184135,0.888239052329554,3,2
"Mac-TNF-CCL4-inflammatory","Advanced_vs_Early","Advanced","Early","ASCL1",-0.38368585714866,-0.87586711895893,0.402241476471983,0.888239052329554,3,2
"Mac-TNF-CCL4-inflammatory","Advanced_vs_Early","Advanced","Early","MAFG",-0.343436106186505,-0.874835742731465,0.402775502161601,0.888239052329554,3,2
"Mac-TNF-CCL4-inflammatory","Advanced_vs_Early","Advanced","Early","RBPJ",-0.344429490823912,-0.866327056298745,0.407199928350118,0.888239052329554,3,2
"Mac-TNF-CCL4-inflammatory","Advanced_vs_Early","Advanced","Early","FOXO3",-0.487660801967969,-0.86554150728249,0.407610095963374,0.888239052329554,3,2
"Mac-TNF-CCL4-inflammatory","Advanced_vs_Early","Advanced","Early","ZNF740",0.345325611497789,0.860822532012851,0.410080079657091,0.888239052329554,3,2
"Mac-TNF-CCL4-inflammatory","Advanced_vs_Early","Advanced","Early","NEUROD1",-0.313798459576696,-0.860103450500437,0.410457362690183,0.888239052329554,3,2
"Mac-TNF-CCL4-inflammatory","Advanced_vs_Early","Advanced","Early","TP73",0.364483649828893,0.856595922585216,0.412301098762211,0.888239052329554,3,2
"Mac-TNF-CCL4-inflammatory","Advanced_vs_Early","Advanced","Early","NR2C2",0.42555717244257,0.848103887112431,0.416788504187813,0.888239052329554,3,2
"Mac-TNF-CCL4-inflammatory","Advanced_vs_Early","Advanced","Early","KLF13",-0.435090057080088,-0.847846749031591,0.416924902235319,0.888239052329554,3,2
"Mac-TNF-CCL4-inflammatory","Advanced_vs_Early","Advanced","Early","NFATC1",-0.353499874697951,-0.841598521770828,0.420248638597889,0.888239052329554,3,2
"Mac-TNF-CCL4-inflammatory","Advanced_vs_Early","Advanced","Early","ELK4",0.391166320287867,0.834274641087315,0.424167500806142,0.888239052329554,3,2
"Mac-TNF-CCL4-inflammatory","Advanced_vs_Early","Advanced","Early","POU2F1",-0.311144733208877,-0.826173812385139,0.42853088541229,0.888239052329554,3,2
"Mac-TNF-CCL4-inflammatory","Advanced_vs_Early","Advanced","Early","STAT5B",-0.333158267817992,-0.824784003605037,0.429282520417326,0.888239052329554,3,2
"Mac-TNF-CCL4-inflammatory","Advanced_vs_Early","Advanced","Early","NR2F6",-0.356633447062858,-0.82324734531876,0.43011460883775,0.888239052329554,3,2
"Mac-TNF-CCL4-inflammatory","Advanced_vs_Early","Advanced","Early","MAFK",-0.408890733274794,-0.821226836423782,0.431210351255307,0.888239052329554,3,2
"Mac-TNF-CCL4-inflammatory","Advanced_vs_Early","Advanced","Early","CTCFL",0.311570362475431,0.805571010783722,0.43976420926613,0.888239052329554,3,2
"Mac-TNF-CCL4-inflammatory","Advanced_vs_Early","Advanced","Early","HOXA9",0.31982886085651,0.800065874620539,0.442798746271822,0.888239052329554,3,2
"Mac-TNF-CCL4-inflammatory","Advanced_vs_Early","Advanced","Early","KLF6",-0.297244771657108,-0.79664417648832,0.444691838777457,0.888239052329554,3,2
"Mac-TNF-CCL4-inflammatory","Advanced_vs_Early","Advanced","Early","KDM5B",0.306414856518435,0.796513477360575,0.444764255635599,0.888239052329554,3,2
"Mac-TNF-CCL4-inflammatory","Advanced_vs_Early","Advanced","Early","SP1",-0.368354897022615,-0.794720752792645,0.445758343604499,0.888239052329554,3,2
"Mac-TNF-CCL4-inflammatory","Advanced_vs_Early","Advanced","Early","GFI1B",0.308356816388043,0.788268789414159,0.449348179073357,0.888856616999122,3,2
"Mac-TNF-CCL4-inflammatory","Advanced_vs_Early","Advanced","Early","TP63",-0.349974402767942,-0.778716737097444,0.454697718786852,0.889845473851856,3,2
"Mac-TNF-CCL4-inflammatory","Advanced_vs_Early","Advanced","Early","HHEX",-0.313730544637115,-0.750859819126321,0.470535049005551,0.889845473851856,3,2
"Mac-TNF-CCL4-inflammatory","Advanced_vs_Early","Advanced","Early","ARNT",0.267359453818299,0.741810298591,0.475755233233569,0.889845473851856,3,2
"Mac-TNF-CCL4-inflammatory","Advanced_vs_Early","Advanced","Early","CEBPB",-0.291136457246594,-0.739774117222656,0.476934861179424,0.889845473851856,3,2
"Mac-TNF-CCL4-inflammatory","Advanced_vs_Early","Advanced","Early","HSF1",-0.278645953774017,-0.73098856514798,0.482045893144569,0.889845473851856,3,2
"Mac-TNF-CCL4-inflammatory","Advanced_vs_Early","Advanced","Early","LHX2",0.371880853334558,0.724709261281442,0.485720011249829,0.889845473851856,3,2
"Mac-TNF-CCL4-inflammatory","Advanced_vs_Early","Advanced","Early","ZBED1",0.428499802737576,0.717593612283214,0.489904680772563,0.889845473851856,3,2
"Mac-TNF-CCL4-inflammatory","Advanced_vs_Early","Advanced","Early","CLOCK",0.319513979460085,0.713614529509197,0.492254543178165,0.889845473851856,3,2
"Mac-TNF-CCL4-inflammatory","Advanced_vs_Early","Advanced","Early","KLF1",0.297882851799801,0.712736796954338,0.492773834756357,0.889845473851856,3,2
"Mac-TNF-CCL4-inflammatory","Advanced_vs_Early","Advanced","Early","MXI1",-0.330149394538118,-0.709189451015037,0.494876014059901,0.889845473851856,3,2
"Mac-TNF-CCL4-inflammatory","Advanced_vs_Early","Advanced","Early","KMT2A",-0.256589368781272,-0.702554830899127,0.498822628703303,0.889845473851856,3,2
"Mac-TNF-CCL4-inflammatory","Advanced_vs_Early","Advanced","Early","MAX",0.288615237216909,0.702384494630535,0.49892420866065,0.889845473851856,3,2
"Mac-TNF-CCL4-inflammatory","Advanced_vs_Early","Advanced","Early","GATA3",0.256721524643435,0.688407222109641,0.507302909873657,0.889845473851856,3,2
"Mac-TNF-CCL4-inflammatory","Advanced_vs_Early","Advanced","Early","ESR2",0.248574127585915,0.687348400279869,0.507941103442668,0.889845473851856,3,2
"Mac-TNF-CCL4-inflammatory","Advanced_vs_Early","Advanced","Early","HMBOX1",0.254520887871037,0.684888748228433,0.509425518218072,0.889845473851856,3,2
"Mac-TNF-CCL4-inflammatory","Advanced_vs_Early","Advanced","Early","TCF7",0.307242325165258,0.68000182237451,0.512382617038236,0.889845473851856,3,2
"Mac-TNF-CCL4-inflammatory","Advanced_vs_Early","Advanced","Early","NR1H3",0.270693111180199,0.678636243988452,0.513210788123441,0.889845473851856,3,2
"Mac-TNF-CCL4-inflammatory","Advanced_vs_Early","Advanced","Early","TWIST1",0.269455690941042,0.676752879513812,0.514354303119878,0.889845473851856,3,2
"Mac-TNF-CCL4-inflammatory","Advanced_vs_Early","Advanced","Early","PAX5",0.300216491573399,0.675886683581892,0.514880743737969,0.889845473851856,3,2
"Mac-TNF-CCL4-inflammatory","Advanced_vs_Early","Advanced","Early","FOXO1",0.247046671188475,0.670963480912075,0.517879040525478,0.889845473851856,3,2
"Mac-TNF-CCL4-inflammatory","Advanced_vs_Early","Advanced","Early","ELK1",0.26214225628533,0.658759787504678,0.525356274121092,0.889845473851856,3,2
"Mac-TNF-CCL4-inflammatory","Advanced_vs_Early","Advanced","Early","NRF1",0.395799467485122,0.647984344506957,0.532011414354258,0.889845473851856,3,2
"Mac-TNF-CCL4-inflammatory","Advanced_vs_Early","Advanced","Early","PRDM14",0.271093400511812,0.6454231525755,0.53360052791849,0.889845473851856,3,2
"Mac-TNF-CCL4-inflammatory","Advanced_vs_Early","Advanced","Early","MAZ",0.315225664885657,0.645386640548674,0.533623202234622,0.889845473851856,3,2
"Mac-TNF-CCL4-inflammatory","Advanced_vs_Early","Advanced","Early","LEF1",0.286495270997229,0.627532606979854,0.544778121948816,0.889845473851856,3,2
"Mac-TNF-CCL4-inflammatory","Advanced_vs_Early","Advanced","Early","EOMES",0.231688066830518,0.62387458783027,0.547080106056023,0.889845473851856,3,2
"Mac-TNF-CCL4-inflammatory","Advanced_vs_Early","Advanced","Early","TCF7L2",0.238356940158222,0.620550960784777,0.549176494600506,0.889845473851856,3,2
"Mac-TNF-CCL4-inflammatory","Advanced_vs_Early","Advanced","Early","SOX13",-0.238182982810531,-0.613209603128295,0.553823335324025,0.889845473851856,3,2
"Mac-TNF-CCL4-inflammatory","Advanced_vs_Early","Advanced","Early","E2F7",-0.241680456665401,-0.612518572824259,0.554261883784427,0.889845473851856,3,2
"Mac-TNF-CCL4-inflammatory","Advanced_vs_Early","Advanced","Early","KLF9",-0.314322318066774,-0.611676134018247,0.554796787284947,0.889845473851856,3,2
"Mac-TNF-CCL4-inflammatory","Advanced_vs_Early","Advanced","Early","GLI2",0.235527544310341,0.608015530239576,0.557124472297695,0.889845473851856,3,2
"Mac-TNF-CCL4-inflammatory","Advanced_vs_Early","Advanced","Early","FOXL2",-0.240440739351786,-0.607710791454532,0.557318496689844,0.889845473851856,3,2
"Mac-TNF-CCL4-inflammatory","Advanced_vs_Early","Advanced","Early","ERG",0.230594914764141,0.602820438323218,0.560437355676313,0.889845473851856,3,2
"Mac-TNF-CCL4-inflammatory","Advanced_vs_Early","Advanced","Early","TBX21",0.302676314419491,0.598050895065418,0.563488598360325,0.889845473851856,3,2
"Mac-TNF-CCL4-inflammatory","Advanced_vs_Early","Advanced","Early","HBP1",0.266349835897444,0.596047865596412,0.564772773072026,0.889845473851856,3,2
"Mac-TNF-CCL4-inflammatory","Advanced_vs_Early","Advanced","Early","NFIC",0.218618697311339,0.552028380837559,0.593400969646355,0.911053261023372,3,2
"Mac-TNF-CCL4-inflammatory","Advanced_vs_Early","Advanced","Early","ATF2",-0.20934953049972,-0.551996415287324,0.593422036776298,0.911053261023372,3,2
"Mac-TNF-CCL4-inflammatory","Advanced_vs_Early","Advanced","Early","CEBPD",0.197727335887824,0.545420655351028,0.597764271178208,0.911053261023372,3,2
"Mac-TNF-CCL4-inflammatory","Advanced_vs_Early","Advanced","Early","RFX2",0.292509201531173,0.545022404033387,0.5980277898196,0.911053261023372,3,2
"Mac-TNF-CCL4-inflammatory","Advanced_vs_Early","Advanced","Early","ZNF384",-0.273422666460527,-0.543511416933216,0.599028150380459,0.911053261023372,3,2
"Mac-TNF-CCL4-inflammatory","Advanced_vs_Early","Advanced","Early","NR2F1",-0.208863609092746,-0.542634010592078,0.599609447807349,0.911053261023372,3,2
"Mac-TNF-CCL4-inflammatory","Advanced_vs_Early","Advanced","Early","NFYB",-0.228087983998007,-0.534627678866003,0.604927438224519,0.911053261023372,3,2
"Mac-TNF-CCL4-inflammatory","Advanced_vs_Early","Advanced","Early","GATA1",0.197968868259887,0.52631875183687,0.610472264287052,0.911053261023372,3,2
"Mac-TNF-CCL4-inflammatory","Advanced_vs_Early","Advanced","Early","ZNF274",0.266465627609568,0.525793042012023,0.610823967614689,0.911053261023372,3,2
"Mac-TNF-CCL4-inflammatory","Advanced_vs_Early","Advanced","Early","IRF4",0.234791171171547,0.524258372951781,0.611851267550752,0.911053261023372,3,2
"Mac-TNF-CCL4-inflammatory","Advanced_vs_Early","Advanced","Early","SP2",0.207177785589132,0.516671865258803,0.616942634913676,0.913614503068887,3,2
"Mac-TNF-CCL4-inflammatory","Advanced_vs_Early","Advanced","Early","PBX3",0.178864214683103,0.501436620577485,0.627231762519358,0.919505970612598,3,2
"Mac-TNF-CCL4-inflammatory","Advanced_vs_Early","Advanced","Early","SOX11",0.20839506985597,0.500096489462347,0.628140906263738,0.919505970612598,3,2
"Mac-TNF-CCL4-inflammatory","Advanced_vs_Early","Advanced","Early","JUND",-0.200132870578123,-0.495019916002319,0.631590782803923,0.919505970612598,3,2
"Mac-TNF-CCL4-inflammatory","Advanced_vs_Early","Advanced","Early","PAX8",0.200417387531765,0.488603231620861,0.635964710302855,0.919505970612598,3,2
"Mac-TNF-CCL4-inflammatory","Advanced_vs_Early","Advanced","Early","ATF6",0.192389717030278,0.485791399626218,0.637886060793979,0.919505970612598,3,2
"Mac-TNF-CCL4-inflammatory","Advanced_vs_Early","Advanced","Early","HOXB13",0.183073222850949,0.475223003665975,0.64513273824758,0.923769032739705,3,2
"Mac-TNF-CCL4-inflammatory","Advanced_vs_Early","Advanced","Early","MYCN",-0.189654445960555,-0.471156134320651,0.647931878002325,0.923769032739705,3,2
"Mac-TNF-CCL4-inflammatory","Advanced_vs_Early","Advanced","Early","GRHL2",0.177383620885833,0.464522650739328,0.652509970629645,0.923769032739705,3,2
"Mac-TNF-CCL4-inflammatory","Advanced_vs_Early","Advanced","Early","RFX5",-0.335988500972784,-0.461677212429361,0.654478429099717,0.923769032739705,3,2
"Mac-TNF-CCL4-inflammatory","Advanced_vs_Early","Advanced","Early","TFAP4",-0.181310746093802,-0.445741846501142,0.665553686797429,0.927029395583662,3,2
"Mac-TNF-CCL4-inflammatory","Advanced_vs_Early","Advanced","Early","ATF1",0.170718122739998,0.441664392496229,0.668401367549999,0.927029395583662,3,2
"Mac-TNF-CCL4-inflammatory","Advanced_vs_Early","Advanced","Early","JUNB",-0.163291837223442,-0.434607887951413,0.673342699729219,0.927029395583662,3,2
"Mac-TNF-CCL4-inflammatory","Advanced_vs_Early","Advanced","Early","NR1H2",-0.165283039912471,-0.427115255974643,0.678607402859805,0.927029395583662,3,2
"Mac-TNF-CCL4-inflammatory","Advanced_vs_Early","Advanced","Early","HNF1A",-0.186697132335464,-0.42493048076464,0.680145988295595,0.927029395583662,3,2
"Mac-TNF-CCL4-inflammatory","Advanced_vs_Early","Advanced","Early","PPARG",-0.214955950496352,-0.418415861206349,0.684742944927686,0.927029395583662,3,2
"Mac-TNF-CCL4-inflammatory","Advanced_vs_Early","Advanced","Early","CREM",0.151629824462217,0.418022218494342,0.685021151016448,0.927029395583662,3,2
"Mac-TNF-CCL4-inflammatory","Advanced_vs_Early","Advanced","Early","NR5A1",-0.176715850392761,-0.417311882751864,0.685523304676062,0.927029395583662,3,2
"Mac-TNF-CCL4-inflammatory","Advanced_vs_Early","Advanced","Early","E2F5",0.193489163634731,0.414411527618866,0.687575308163528,0.927029395583662,3,2
"Mac-TNF-CCL4-inflammatory","Advanced_vs_Early","Advanced","Early","KLF4",-0.168115657804787,-0.402820559967753,0.69580248481828,0.930284970227003,3,2
"Mac-TNF-CCL4-inflammatory","Advanced_vs_Early","Advanced","Early","SOX6",0.228080770665092,0.40134122488223,0.696855531203253,0.930284970227003,3,2
"Mac-TNF-CCL4-inflammatory","Advanced_vs_Early","Advanced","Early","SMAD1",0.155488295666146,0.382006302329899,0.710680507671399,0.935844977646643,3,2
"Mac-TNF-CCL4-inflammatory","Advanced_vs_Early","Advanced","Early","CDX2",0.146117957358425,0.378414904280709,0.713260856076426,0.935844977646643,3,2
"Mac-TNF-CCL4-inflammatory","Advanced_vs_Early","Advanced","Early","HNF4A",0.141136327644383,0.376919889256599,0.71433612089213,0.935844977646643,3,2
"Mac-TNF-CCL4-inflammatory","Advanced_vs_Early","Advanced","Early","TEAD2",-0.137835981902464,-0.376228495129705,0.714833617612011,0.935844977646643,3,2
"Mac-TNF-CCL4-inflammatory","Advanced_vs_Early","Advanced","Early","OTX2",0.145308845661054,0.36343568918271,0.724063919813969,0.9433717416807,3,2
"Mac-TNF-CCL4-inflammatory","Advanced_vs_Early","Advanced","Early","FOXO4",0.133897196873108,0.355455629946668,0.729845512041515,0.946354707001199,3,2
"Mac-TNF-CCL4-inflammatory","Advanced_vs_Early","Advanced","Early","FOSL2",-0.152434824250067,-0.349482483329411,0.734184807272398,0.94744801319438,3,2
"Mac-TNF-CCL4-inflammatory","Advanced_vs_Early","Advanced","Early","NR3C1",-0.128346286921789,-0.333818390149732,0.745610808017284,0.957632838733099,3,2
"Mac-TNF-CCL4-inflammatory","Advanced_vs_Early","Advanced","Early","TP53",0.126838973104183,0.310496236588185,0.76274315054513,0.962494442113073,3,2
"Mac-TNF-CCL4-inflammatory","Advanced_vs_Early","Advanced","Early","IRF3",0.134089151133731,0.303767015356885,0.767712083815261,0.962494442113073,3,2
"Mac-TNF-CCL4-inflammatory","Advanced_vs_Early","Advanced","Early","ESRRA",0.130434532166295,0.298315267181159,0.771745872805645,0.962494442113073,3,2
"Mac-TNF-CCL4-inflammatory","Advanced_vs_Early","Advanced","Early","MBD2",0.117245483139991,0.296463636706536,0.77311754636412,0.962494442113073,3,2
"Mac-TNF-CCL4-inflammatory","Advanced_vs_Early","Advanced","Early","BACH1",-0.110176280433783,-0.291562669019031,0.776752106705135,0.962494442113073,3,2
"Mac-TNF-CCL4-inflammatory","Advanced_vs_Early","Advanced","Early","ZNF143",0.123844572539926,0.288792693756596,0.778808840990435,0.962494442113073,3,2
"Mac-TNF-CCL4-inflammatory","Advanced_vs_Early","Advanced","Early","E2F2",0.107022958800554,0.287533535472303,0.779744374600993,0.962494442113073,3,2
"Mac-TNF-CCL4-inflammatory","Advanced_vs_Early","Advanced","Early","CEBPA",-0.147555369017112,-0.272975035127502,0.790587632104146,0.962494442113073,3,2
"Mac-TNF-CCL4-inflammatory","Advanced_vs_Early","Advanced","Early","NFE2",-0.0995343827356489,-0.272725340865722,0.790774024681246,0.962494442113073,3,2
"Mac-TNF-CCL4-inflammatory","Advanced_vs_Early","Advanced","Early","NR4A1",0.114849348132182,0.266272077280424,0.79559606429407,0.962494442113073,3,2
"Mac-TNF-CCL4-inflammatory","Advanced_vs_Early","Advanced","Early","CREB3",0.107949095457114,0.260853819549671,0.799651743143935,0.962494442113073,3,2
"Mac-TNF-CCL4-inflammatory","Advanced_vs_Early","Advanced","Early","ZEB1",-0.108147376015656,-0.252515420580503,0.805905441796699,0.962494442113073,3,2
"Mac-TNF-CCL4-inflammatory","Advanced_vs_Early","Advanced","Early","MITF",0.122183630513294,0.245468587715326,0.81120176120429,0.962494442113073,3,2
"Mac-TNF-CCL4-inflammatory","Advanced_vs_Early","Advanced","Early","FOXM1",0.0939591032449292,0.24203194951996,0.813788362246852,0.962494442113073,3,2
"Mac-TNF-CCL4-inflammatory","Advanced_vs_Early","Advanced","Early","PGR",-0.0873257298320782,-0.240894161080382,0.814645245272652,0.962494442113073,3,2
"Mac-TNF-CCL4-inflammatory","Advanced_vs_Early","Advanced","Early","BATF",0.0992152966339785,0.238368145521224,0.816548538832432,0.962494442113073,3,2
"Mac-TNF-CCL4-inflammatory","Advanced_vs_Early","Advanced","Early","E2F6",0.112468981240149,0.235538389709127,0.818682185845755,0.962494442113073,3,2
"Mac-TNF-CCL4-inflammatory","Advanced_vs_Early","Advanced","Early","TGIF2",-0.106390457983854,-0.228569936907497,0.823943042085464,0.962494442113073,3,2
"Mac-TNF-CCL4-inflammatory","Advanced_vs_Early","Advanced","Early","MNT",0.0836039209165467,0.228323620233168,0.82412916955813,0.962494442113073,3,2
"Mac-TNF-CCL4-inflammatory","Advanced_vs_Early","Advanced","Early","BCL11A",0.0886323700409135,0.226793782423003,0.825285437515183,0.962494442113073,3,2
"Mac-TNF-CCL4-inflammatory","Advanced_vs_Early","Advanced","Early","NANOG",-0.12571080484173,-0.226793466627913,0.825285676242068,0.962494442113073,3,2
"Mac-TNF-CCL4-inflammatory","Advanced_vs_Early","Advanced","Early","TAL1",-0.100619678763284,-0.216839039706471,0.832819967511805,0.962494442113073,3,2
"Mac-TNF-CCL4-inflammatory","Advanced_vs_Early","Advanced","Early","MYB",-0.0838958957697055,-0.215689842827036,0.833690935186454,0.962494442113073,3,2
"Mac-TNF-CCL4-inflammatory","Advanced_vs_Early","Advanced","Early","SOX2",0.083946501440455,0.214444021066969,0.834635401832369,0.962494442113073,3,2
"Mac-TNF-CCL4-inflammatory","Advanced_vs_Early","Advanced","Early","ARID2",-0.110162657783056,-0.194365089641466,0.849894543931605,0.97155921239699,3,2
"Mac-TNF-CCL4-inflammatory","Advanced_vs_Early","Advanced","Early","FOXA1",0.0771927120600813,0.191099914719888,0.852382307150704,0.97155921239699,3,2
"Mac-TNF-CCL4-inflammatory","Advanced_vs_Early","Advanced","Early","SPIB",-0.0936763987115108,-0.189959943103803,0.853251264023924,0.97155921239699,3,2
"Mac-TNF-CCL4-inflammatory","Advanced_vs_Early","Advanced","Early","TFDP1",-0.0760653201982278,-0.175600855081822,0.864213964314837,0.979158801945841,3,2
"Mac-TNF-CCL4-inflammatory","Advanced_vs_Early","Advanced","Early","ZBTB7A",0.0709989920750323,0.17175984899879,0.867151706520302,0.979158801945841,3,2
"Mac-TNF-CCL4-inflammatory","Advanced_vs_Early","Advanced","Early","FLI1",0.0714807413783717,0.163631846657601,0.873375273298733,0.980128681427703,3,2
"Mac-TNF-CCL4-inflammatory","Advanced_vs_Early","Advanced","Early","TBP",-0.0623120929985149,-0.160041124205315,0.876127597204514,0.980128681427703,3,2
"Mac-TNF-CCL4-inflammatory","Advanced_vs_Early","Advanced","Early","CREB3L1",-0.0566095128598779,-0.155207546437618,0.87983532332394,0.980128681427703,3,2
"Mac-TNF-CCL4-inflammatory","Advanced_vs_Early","Advanced","Early","BCL6",-0.0556680060007644,-0.151765532829973,0.882477484385091,0.980128681427703,3,2
"Mac-TNF-CCL4-inflammatory","Advanced_vs_Early","Advanced","Early","ETS2",-0.0524547463666125,-0.146694856152148,0.886372598805444,0.980436629699083,3,2
"Mac-TNF-CCL4-inflammatory","Advanced_vs_Early","Advanced","Early","PKNOX1",-0.0812780286176947,-0.137089075710781,0.89376007682993,0.984589352930532,3,2
"Mac-TNF-CCL4-inflammatory","Advanced_vs_Early","Advanced","Early","KLF3",-0.0509058829958172,-0.131076973538337,0.898389278681352,0.985025381107433,3,2
"Mac-TNF-CCL4-inflammatory","Advanced_vs_Early","Advanced","Early","MYC",0.0551142521709909,0.122665137794857,0.904872932574508,0.985025381107433,3,2
"Mac-TNF-CCL4-inflammatory","Advanced_vs_Early","Advanced","Early","ELF1",0.0480631235164132,0.122422296534107,0.90506022101753,0.985025381107433,3,2
"Mac-TNF-CCL4-inflammatory","Advanced_vs_Early","Advanced","Early","NCOA1",-0.0468494523870263,-0.117540305251401,0.908826683522741,0.985069909781943,3,2
"Mac-TNF-CCL4-inflammatory","Advanced_vs_Early","Advanced","Early","FOXP2",0.0359616517780372,0.0997613006954294,0.922562609751009,0.985069909781943,3,2
"Mac-TNF-CCL4-inflammatory","Advanced_vs_Early","Advanced","Early","EGR1",-0.0350349262627037,-0.0959151098744926,0.925537845554878,0.985069909781943,3,2
"Mac-TNF-CCL4-inflammatory","Advanced_vs_Early","Advanced","Early","MBD1",0.0482387590497693,0.0932025633154022,0.927636876685924,0.985069909781943,3,2
"Mac-TNF-CCL4-inflammatory","Advanced_vs_Early","Advanced","Early","EBF1",-0.0315464069841698,-0.0855568736229204,0.933556380405684,0.985069909781943,3,2
"Mac-TNF-CCL4-inflammatory","Advanced_vs_Early","Advanced","Early","ARID3A",0.0335168386650029,0.0851679609665423,0.933857604601332,0.985069909781943,3,2
"Mac-TNF-CCL4-inflammatory","Advanced_vs_Early","Advanced","Early","E2F3",0.0273208846000182,0.0681463590181808,0.947051409117553,0.985069909781943,3,2
"Mac-TNF-CCL4-inflammatory","Advanced_vs_Early","Advanced","Early","MEF2B",0.028868385261028,0.0675294297563691,0.947529946372634,0.985069909781943,3,2
"Mac-TNF-CCL4-inflammatory","Advanced_vs_Early","Advanced","Early","AHR",-0.0227993268581159,-0.0623532782976129,0.951545809539038,0.985069909781943,3,2
"Mac-TNF-CCL4-inflammatory","Advanced_vs_Early","Advanced","Early","TFAP2A",0.0259408163475584,0.061481573061775,0.952222256795247,0.985069909781943,3,2
"Mac-TNF-CCL4-inflammatory","Advanced_vs_Early","Advanced","Early","STAT1",0.0313449679933379,0.0613361052698494,0.9523351443751,0.985069909781943,3,2
"Mac-TNF-CCL4-inflammatory","Advanced_vs_Early","Advanced","Early","ZNF639",0.0229914499777484,0.0553932089322274,0.956947938401874,0.985069909781943,3,2
"Mac-TNF-CCL4-inflammatory","Advanced_vs_Early","Advanced","Early","SMAD3",0.0317955281110116,0.0520246649514085,0.959563310783662,0.985069909781943,3,2
"Mac-TNF-CCL4-inflammatory","Advanced_vs_Early","Advanced","Early","ZBTB11",0.0205526541302441,0.0448528342945989,0.965133236946606,0.985069909781943,3,2
"Mac-TNF-CCL4-inflammatory","Advanced_vs_Early","Advanced","Early","ARNTL",0.0189703401276038,0.0355502439667336,0.972360892437681,0.985069909781943,3,2
"Mac-TNF-CCL4-inflammatory","Advanced_vs_Early","Advanced","Early","PPARA",-0.0148379367459332,-0.0348454443232964,0.972908603208847,0.985069909781943,3,2
"Mac-TNF-CCL4-inflammatory","Advanced_vs_Early","Advanced","Early","AR",0.0155997072690977,0.0339426852785419,0.973610172939862,0.985069909781943,3,2
"Mac-TNF-CCL4-inflammatory","Advanced_vs_Early","Advanced","Early","GATA2",0.0126423225777302,0.0339345844387793,0.973616468530857,0.985069909781943,3,2
"Mac-TNF-CCL4-inflammatory","Advanced_vs_Early","Advanced","Early","FOXK2",-0.0153376865724332,-0.030699297276404,0.976130929046349,0.985069909781943,3,2
"Mac-TNF-CCL4-inflammatory","Advanced_vs_Early","Advanced","Early","GATA4",0.0121902885034246,0.0285519203770651,0.977800021148866,0.985069909781943,3,2
"Mac-TNF-CCL4-inflammatory","Advanced_vs_Early","Advanced","Early","PROX1",-0.0036731724409077,-0.00775029233280162,0.993973077575116,0.995600641749837,3,2
"Mac-TNF-CCL4-inflammatory","Advanced_vs_Early","Advanced","Early","SOX9",-0.00288400311979538,-0.00565730471195861,0.995600641749837,0.995600641749837,3,2
"Mono-FCN1-S100A8-S100A9","Early_vs_Non-malignant","Early","Non-malignant","GRHL2",1.42780800823557,4.85888674686454,0.000578658279651127,0.156816393785455,2,4
"Mono-FCN1-S100A8-S100A9","Early_vs_Non-malignant","Early","Non-malignant","FOXJ2",-1.28192273406705,-4.15423843497456,0.00177852823605435,0.160953470493628,2,4
"Mono-FCN1-S100A8-S100A9","Early_vs_Non-malignant","Early","Non-malignant","STAT5A",1.21307959308986,4.07366177731988,0.00203079552998103,0.160953470493628,2,4
"Mono-FCN1-S100A8-S100A9","Early_vs_Non-malignant","Early","Non-malignant","LEF1",1.11021310136606,3.77217121196226,0.00335944326464221,0.160953470493628,2,4
"Mono-FCN1-S100A8-S100A9","Early_vs_Non-malignant","Early","Non-malignant","STAT3",1.41563292325594,3.61069642121436,0.00441756875219216,0.160953470493628,2,4
"Mono-FCN1-S100A8-S100A9","Early_vs_Non-malignant","Early","Non-malignant","TCF7L2",1.04274451932003,3.6044340534909,0.00446497224733796,0.160953470493628,2,4
"Mono-FCN1-S100A8-S100A9","Early_vs_Non-malignant","Early","Non-malignant","TP53",-1.04798099030706,-3.44288407774057,0.00588789997757164,0.160953470493628,2,4
"Mono-FCN1-S100A8-S100A9","Early_vs_Non-malignant","Early","Non-malignant","DUX4",-0.984169390572562,-3.41055314632307,0.00622481743593358,0.160953470493628,2,4
"Mono-FCN1-S100A8-S100A9","Early_vs_Non-malignant","Early","Non-malignant","BACH2",-0.968222183338977,-3.35855976032122,0.00680876608580611,0.160953470493628,2,4
"Mono-FCN1-S100A8-S100A9","Early_vs_Non-malignant","Early","Non-malignant","SOX10",-0.885661464912297,-3.34395574344935,0.00698269790094978,0.160953470493628,2,4
"Mono-FCN1-S100A8-S100A9","Early_vs_Non-malignant","Early","Non-malignant","TEAD1",-1.0226499034515,-3.33313238156021,0.00711453836623662,0.160953470493628,2,4
"Mono-FCN1-S100A8-S100A9","Early_vs_Non-malignant","Early","Non-malignant","STAT5B",1.01637135386631,3.33211262859386,0.0071270909443673,0.160953470493628,2,4
"Mono-FCN1-S100A8-S100A9","Early_vs_Non-malignant","Early","Non-malignant","ESRRA",-1.04211150534526,-3.27772635902677,0.00783052417944928,0.163236311740827,2,4
"Mono-FCN1-S100A8-S100A9","Early_vs_Non-malignant","Early","Non-malignant","ATF7",-1.02629114500075,-3.15312969787274,0.00972227848904957,0.185344683471,2,4
"Mono-FCN1-S100A8-S100A9","Early_vs_Non-malignant","Early","Non-malignant","POU2F2",1.17738383381366,3.12227509597269,0.010258930819428,0.185344683471,2,4
"Mono-FCN1-S100A8-S100A9","Early_vs_Non-malignant","Early","Non-malignant","PBX3",0.774252908602948,2.93398076566288,0.0142529758771751,0.241409778919654,2,4
"Mono-FCN1-S100A8-S100A9","Early_vs_Non-malignant","Early","Non-malignant","E2F4",-0.845041139775929,-2.88524760630932,0.0155219936310128,0.246748256244688,2,4
"Mono-FCN1-S100A8-S100A9","Early_vs_Non-malignant","Early","Non-malignant","MBD1",0.739722230922336,2.82108559901261,0.0173678163079048,0.246748256244688,2,4
"Mono-FCN1-S100A8-S100A9","Early_vs_Non-malignant","Early","Non-malignant","ATF1",0.830397864905802,2.807584054519,0.0177834595200367,0.246748256244688,2,4
"Mono-FCN1-S100A8-S100A9","Early_vs_Non-malignant","Early","Non-malignant","STAT2",1.82391122357661,2.76841446347165,0.0190465339660608,0.246748256244688,2,4
"Mono-FCN1-S100A8-S100A9","Early_vs_Non-malignant","Early","Non-malignant","ATF2",0.927113851862047,2.76619557145325,0.0191207135835367,0.246748256244688,2,4
"Mono-FCN1-S100A8-S100A9","Early_vs_Non-malignant","Early","Non-malignant","ARID2",-0.811591366893347,-2.71761122313908,0.0208192681331605,0.252390610231576,2,4
"Mono-FCN1-S100A8-S100A9","Early_vs_Non-malignant","Early","Non-malignant","BCL11A",0.854126579461884,2.67577916514429,0.0224017887696399,0.252390610231576,2,4
"Mono-FCN1-S100A8-S100A9","Early_vs_Non-malignant","Early","Non-malignant","MEIS2",-0.797015810073805,-2.66531930395842,0.0228158497979278,0.252390610231576,2,4
"Mono-FCN1-S100A8-S100A9","Early_vs_Non-malignant","Early","Non-malignant","PGR",0.709526245686867,2.62232328907681,0.0245992340597471,0.252390610231576,2,4
"Mono-FCN1-S100A8-S100A9","Early_vs_Non-malignant","Early","Non-malignant","NR1H2",0.82253906936811,2.60289129433284,0.0254499432397286,0.252390610231576,2,4
"Mono-FCN1-S100A8-S100A9","Early_vs_Non-malignant","Early","Non-malignant","KMT2A",0.679256974448415,2.59405077534204,0.0258465501567833,0.252390610231576,2,4
"Mono-FCN1-S100A8-S100A9","Early_vs_Non-malignant","Early","Non-malignant","KLF5",0.924787449378057,2.58896974387241,0.0260772586217127,0.252390610231576,2,4
"Mono-FCN1-S100A8-S100A9","Early_vs_Non-malignant","Early","Non-malignant","STAT6",0.802608382416952,2.5198216270864,0.0294267377602646,0.254560665130988,2,4
"Mono-FCN1-S100A8-S100A9","Early_vs_Non-malignant","Early","Non-malignant","THAP11",1.25534242186429,2.51199870516844,0.0298314043761947,0.254560665130988,2,4
"Mono-FCN1-S100A8-S100A9","Early_vs_Non-malignant","Early","Non-malignant","RUNX2",0.708567916537722,2.48349786340456,0.0313525276179069,0.254560665130988,2,4
"Mono-FCN1-S100A8-S100A9","Early_vs_Non-malignant","Early","Non-malignant","TWIST1",0.731826789988759,2.4724482733726,0.0319625326760354,0.254560665130988,2,4
"Mono-FCN1-S100A8-S100A9","Early_vs_Non-malignant","Early","Non-malignant","IRF9",1.52472993411244,2.46974178124061,0.0321137144019613,0.254560665130988,2,4
"Mono-FCN1-S100A8-S100A9","Early_vs_Non-malignant","Early","Non-malignant","POU2F1",0.715184994711013,2.45779834011314,0.0327892801929958,0.254560665130988,2,4
"Mono-FCN1-S100A8-S100A9","Early_vs_Non-malignant","Early","Non-malignant","NFE2",0.804528716465132,2.44198790052492,0.0337050355158309,0.254560665130988,2,4
"Mono-FCN1-S100A8-S100A9","Early_vs_Non-malignant","Early","Non-malignant","HIF1A",1.37984441906638,2.44009774834766,0.0338161769177696,0.254560665130988,2,4
"Mono-FCN1-S100A8-S100A9","Early_vs_Non-malignant","Early","Non-malignant","ZEB2",0.882083390046582,2.37640137883222,0.0377782624425213,0.276700246538467,2,4
"Mono-FCN1-S100A8-S100A9","Early_vs_Non-malignant","Early","Non-malignant","SOX6",-0.619471233412862,-2.29448347030344,0.0435427938515542,0.285784250252736,2,4
"Mono-FCN1-S100A8-S100A9","Early_vs_Non-malignant","Early","Non-malignant","SP2",-0.723913827484269,-2.29427523687854,0.0435584809209249,0.285784250252736,2,4
"Mono-FCN1-S100A8-S100A9","Early_vs_Non-malignant","Early","Non-malignant","NR4A1",-0.748365937323331,-2.29181364176363,0.0437443375703543,0.285784250252736,2,4
"Mono-FCN1-S100A8-S100A9","Early_vs_Non-malignant","Early","Non-malignant","RFX5",0.937439265503824,2.28451781864093,0.0442997054924204,0.285784250252736,2,4
"Mono-FCN1-S100A8-S100A9","Early_vs_Non-malignant","Early","Non-malignant","ELK1",-0.79050268265819,-2.27267484795564,0.0452157423227663,0.285784250252736,2,4
"Mono-FCN1-S100A8-S100A9","Early_vs_Non-malignant","Early","Non-malignant","NR1H3",0.699241338720041,2.25548268698028,0.0465781348703158,0.285784250252736,2,4
"Mono-FCN1-S100A8-S100A9","Early_vs_Non-malignant","Early","Non-malignant","NFKB1",1.35580217494922,2.25049441489166,0.0469807820668142,0.285784250252736,2,4
"Mono-FCN1-S100A8-S100A9","Early_vs_Non-malignant","Early","Non-malignant","FOXO4",0.639405565473974,2.24467264238972,0.0474549493039598,0.285784250252736,2,4
"Mono-FCN1-S100A8-S100A9","Early_vs_Non-malignant","Early","Non-malignant","MAFG",-0.907991571979635,-2.2272024011679,0.0489056651919912,0.287542363734009,2,4
"Mono-FCN1-S100A8-S100A9","Early_vs_Non-malignant","Early","Non-malignant","RELA",1.49359296547121,2.2011407162856,0.051149292108474,0.287542363734009,2,4
"Mono-FCN1-S100A8-S100A9","Early_vs_Non-malignant","Early","Non-malignant","MAZ",-0.574450225063631,-2.1841661843544,0.0526633541596057,0.287542363734009,2,4
"Mono-FCN1-S100A8-S100A9","Early_vs_Non-malignant","Early","Non-malignant","STAT4",0.705202396184923,2.18038291076433,0.0530066092009196,0.287542363734009,2,4
"Mono-FCN1-S100A8-S100A9","Early_vs_Non-malignant","Early","Non-malignant","REL",1.04733079525855,2.17675332461901,0.053337931872463,0.287542363734009,2,4
"Mono-FCN1-S100A8-S100A9","Early_vs_Non-malignant","Early","Non-malignant","MEF2A",-0.60652471133436,-2.15946396463691,0.0549435420942301,0.287542363734009,2,4
"Mono-FCN1-S100A8-S100A9","Early_vs_Non-malignant","Early","Non-malignant","KLF4",0.680523747204643,2.15702017681994,0.0551741804950865,0.287542363734009,2,4
"Mono-FCN1-S100A8-S100A9","Early_vs_Non-malignant","Early","Non-malignant","NFIC",-0.606350754322949,-2.14173572645908,0.0566377847313678,0.287703485601162,2,4
"Mono-FCN1-S100A8-S100A9","Early_vs_Non-malignant","Early","Non-malignant","STAT1",1.29784140162546,2.13465426785398,0.0573283698245858,0.287703485601162,2,4
"Mono-FCN1-S100A8-S100A9","Early_vs_Non-malignant","Early","Non-malignant","HBP1",0.590060854784997,2.08736103938195,0.0621499835772593,0.303668947297423,2,4
"Mono-FCN1-S100A8-S100A9","Early_vs_Non-malignant","Early","Non-malignant","TP73",-0.612623347488305,-2.08171399982812,0.0627507787773273,0.303668947297423,2,4
"Mono-FCN1-S100A8-S100A9","Early_vs_Non-malignant","Early","Non-malignant","EPAS1",0.957831700673372,2.05427962375658,0.0657486068100464,0.31259425343022,2,4
"Mono-FCN1-S100A8-S100A9","Early_vs_Non-malignant","Early","Non-malignant","ZNF592",-0.575481591607478,-2.01584732903417,0.0701762151184357,0.327892315467174,2,4
"Mono-FCN1-S100A8-S100A9","Early_vs_Non-malignant","Early","Non-malignant","MYC",-0.586736767937515,-2.00133072994677,0.0719204551439224,0.330346497355982,2,4
"Mono-FCN1-S100A8-S100A9","Early_vs_Non-malignant","Early","Non-malignant","TGIF2",0.608764814602882,1.98632543965757,0.0737661251426774,0.333176998561093,2,4
"Mono-FCN1-S100A8-S100A9","Early_vs_Non-malignant","Early","Non-malignant","CEBPB",-0.693332990357124,-1.97253842497164,0.0755009770426688,0.333751852814014,2,4
"Mono-FCN1-S100A8-S100A9","Early_vs_Non-malignant","Early","Non-malignant","RARA",0.864219053933497,1.96584818381339,0.0763565124519146,0.333751852814014,2,4
"Mono-FCN1-S100A8-S100A9","Early_vs_Non-malignant","Early","Non-malignant","SREBF2",-0.567363502057218,-1.94640781421698,0.0788941749581316,0.334682953495347,2,4
"Mono-FCN1-S100A8-S100A9","Early_vs_Non-malignant","Early","Non-malignant","USF1",0.606110820687089,1.94531213357608,0.079039516692628,0.334682953495347,2,4
"Mono-FCN1-S100A8-S100A9","Early_vs_Non-malignant","Early","Non-malignant","ELK4",0.740643076368803,1.92708733311501,0.0814939040795269,0.339766892393104,2,4
"Mono-FCN1-S100A8-S100A9","Early_vs_Non-malignant","Early","Non-malignant","SP4",-0.588567902931872,-1.90115719316068,0.0851082943188236,0.34503229901468,2,4
"Mono-FCN1-S100A8-S100A9","Early_vs_Non-malignant","Early","Non-malignant","PRDM14",0.577385129709205,1.88591629125999,0.0873014941159052,0.34503229901468,2,4
"Mono-FCN1-S100A8-S100A9","Early_vs_Non-malignant","Early","Non-malignant","ARID3A",0.620140228525486,1.88404689816419,0.0875740752468666,0.34503229901468,2,4
"Mono-FCN1-S100A8-S100A9","Early_vs_Non-malignant","Early","Non-malignant","ZBTB11",-0.567401315064626,-1.88216310347182,0.0878495521476492,0.34503229901468,2,4
"Mono-FCN1-S100A8-S100A9","Early_vs_Non-malignant","Early","Non-malignant","FOXM1",0.649013344199111,1.82876087133702,0.0959993347823688,0.369621451269807,2,4
"Mono-FCN1-S100A8-S100A9","Early_vs_Non-malignant","Early","Non-malignant","NRF1",-0.540593799368759,-1.81747097244087,0.0978089166177562,0.369621451269807,2,4
"Mono-FCN1-S100A8-S100A9","Early_vs_Non-malignant","Early","Non-malignant","GATA3",0.539949426370873,1.81504380968888,0.0982020091934543,0.369621451269807,2,4
"Mono-FCN1-S100A8-S100A9","Early_vs_Non-malignant","Early","Non-malignant","IRF4",0.750370203396171,1.7964063875203,0.101268943672384,0.37594361281118,2,4
"Mono-FCN1-S100A8-S100A9","Early_vs_Non-malignant","Early","Non-malignant","TAL1",0.534336409615287,1.78216921619536,0.103670436936799,0.376205403068006,2,4
"Mono-FCN1-S100A8-S100A9","Early_vs_Non-malignant","Early","Non-malignant","NEUROD1",0.493152952998664,1.77956148804633,0.104115886457935,0.376205403068006,2,4
"Mono-FCN1-S100A8-S100A9","Early_vs_Non-malignant","Early","Non-malignant","CLOCK",0.50752646076351,1.74003708220639,0.111083895487569,0.389049818513442,2,4
"Mono-FCN1-S100A8-S100A9","Early_vs_Non-malignant","Early","Non-malignant","NFKB2",-0.767776752186598,-1.73750095282186,0.111545119133237,0.389049818513442,2,4
"Mono-FCN1-S100A8-S100A9","Early_vs_Non-malignant","Early","Non-malignant","ZNF274",-0.630335153705096,-1.73363416178075,0.112251673220917,0.389049818513442,2,4
"Mono-FCN1-S100A8-S100A9","Early_vs_Non-malignant","Early","Non-malignant","KLF13",0.501618652201129,1.7203875851801,0.114702900380818,0.389049818513442,2,4
"Mono-FCN1-S100A8-S100A9","Early_vs_Non-malignant","Early","Non-malignant","CREB1",0.512110927722255,1.71960799363339,0.114848654911717,0.389049818513442,2,4
"Mono-FCN1-S100A8-S100A9","Early_vs_Non-malignant","Early","Non-malignant","GLI2",0.494907705631966,1.70382318440672,0.117835961522289,0.394241303364696,2,4
"Mono-FCN1-S100A8-S100A9","Early_vs_Non-malignant","Early","Non-malignant","CEBPA",0.691155749615717,1.68921715173144,0.120662258279949,0.398774048705684,2,4
"Mono-FCN1-S100A8-S100A9","Early_vs_Non-malignant","Early","Non-malignant","SMAD4",0.621936229624696,1.67532960777997,0.123405788317609,0.402927332940627,2,4
"Mono-FCN1-S100A8-S100A9","Early_vs_Non-malignant","Early","Non-malignant","IRF1",1.01949604467212,1.66031994258697,0.126433666774017,0.404084486004981,2,4
"Mono-FCN1-S100A8-S100A9","Early_vs_Non-malignant","Early","Non-malignant","ETS1",0.824341196348421,1.65347545291283,0.127836292712011,0.404084486004981,2,4
"Mono-FCN1-S100A8-S100A9","Early_vs_Non-malignant","Early","Non-malignant","JUNB",0.669196747655233,1.64135048446716,0.13035512167597,0.404084486004981,2,4
"Mono-FCN1-S100A8-S100A9","Early_vs_Non-malignant","Early","Non-malignant","MAX",0.541936127995316,1.63869800865271,0.130911998556509,0.404084486004981,2,4
"Mono-FCN1-S100A8-S100A9","Early_vs_Non-malignant","Early","Non-malignant","FOXA1",0.422442672097827,1.63448217454053,0.131801450394379,0.404084486004981,2,4
"Mono-FCN1-S100A8-S100A9","Early_vs_Non-malignant","Early","Non-malignant","NCOA3",0.554738164164051,1.6152481569871,0.135927873011048,0.404084486004981,2,4
"Mono-FCN1-S100A8-S100A9","Early_vs_Non-malignant","Early","Non-malignant","HNF4A",-0.497273022431474,-1.61516683719723,0.135945559536407,0.404084486004981,2,4
"Mono-FCN1-S100A8-S100A9","Early_vs_Non-malignant","Early","Non-malignant","MXI1",0.424280519877018,1.60513875051007,0.138142276183747,0.404084486004981,2,4
"Mono-FCN1-S100A8-S100A9","Early_vs_Non-malignant","Early","Non-malignant","MBD2",0.466774748712219,1.60347011240627,0.138510831803618,0.404084486004981,2,4
"Mono-FCN1-S100A8-S100A9","Early_vs_Non-malignant","Early","Non-malignant","ZNF263",-0.554641164576025,-1.60002094538407,0.139275411127597,0.404084486004981,2,4
"Mono-FCN1-S100A8-S100A9","Early_vs_Non-malignant","Early","Non-malignant","CEBPG",-0.485672581303363,-1.59604158317084,0.140162146437152,0.404084486004981,2,4
"Mono-FCN1-S100A8-S100A9","Early_vs_Non-malignant","Early","Non-malignant","ATF3",-0.711945101148689,-1.56949349861467,0.146206289422024,0.41103164084073,2,4
"Mono-FCN1-S100A8-S100A9","Early_vs_Non-malignant","Early","Non-malignant","ZKSCAN1",0.44160132607703,1.56396378438211,0.147493660009723,0.41103164084073,2,4
"Mono-FCN1-S100A8-S100A9","Early_vs_Non-malignant","Early","Non-malignant","ZBTB7A",-0.486569072210486,-1.5638697684042,0.147515633495589,0.41103164084073,2,4
"Mono-FCN1-S100A8-S100A9","Early_vs_Non-malignant","Early","Non-malignant","EGR1",0.744089971372444,1.55908066524308,0.148638748348308,0.41103164084073,2,4
"Mono-FCN1-S100A8-S100A9","Early_vs_Non-malignant","Early","Non-malignant","CTCF",-0.449774582607306,-1.54104176469767,0.152936589370329,0.418644603225849,2,4
"Mono-FCN1-S100A8-S100A9","Early_vs_Non-malignant","Early","Non-malignant","FOXO3",-0.445629331108152,-1.53439290460864,0.154547854614085,0.41882468600417,2,4
"Mono-FCN1-S100A8-S100A9","Early_vs_Non-malignant","Early","Non-malignant","GATA6",-0.414042717308413,-1.52191224244301,0.157612342195281,0.422900442920011,2,4
"Mono-FCN1-S100A8-S100A9","Early_vs_Non-malignant","Early","Non-malignant","SPI1",0.543911865762879,1.50949022984622,0.160714725825435,0.426996967634244,2,4
"Mono-FCN1-S100A8-S100A9","Early_vs_Non-malignant","Early","Non-malignant","ELF3",0.39652363610497,1.50207659378564,0.162591386938392,0.427788988934992,2,4
"Mono-FCN1-S100A8-S100A9","Early_vs_Non-malignant","Early","Non-malignant","FOXA2",0.417351101466972,1.47250350307426,0.170267079373433,0.443676716444234,2,4
"Mono-FCN1-S100A8-S100A9","Early_vs_Non-malignant","Early","Non-malignant","EHF",0.445220731396494,1.45512522119101,0.174921432750095,0.451463888335959,2,4
"Mono-FCN1-S100A8-S100A9","Early_vs_Non-malignant","Early","Non-malignant","TBX21",0.467967308017167,1.43790039511512,0.179641750294357,0.459272776695949,2,4
"Mono-FCN1-S100A8-S100A9","Early_vs_Non-malignant","Early","Non-malignant","PAX6",0.431392661836652,1.39310704319602,0.192427384014205,0.487362813718219,2,4
"Mono-FCN1-S100A8-S100A9","Early_vs_Non-malignant","Early","Non-malignant","NR2C2",-0.435541703736559,-1.3713599715189,0.198906806744339,0.495373406985231,2,4
"Mono-FCN1-S100A8-S100A9","Early_vs_Non-malignant","Early","Non-malignant","ZNF24",0.352133362824097,1.37023757668066,0.199246130484835,0.495373406985231,2,4
"Mono-FCN1-S100A8-S100A9","Early_vs_Non-malignant","Early","Non-malignant","NR5A1",-0.666148505965607,-1.3502111243831,0.205382497078937,0.505987788258109,2,4
"Mono-FCN1-S100A8-S100A9","Early_vs_Non-malignant","Early","Non-malignant","GFI1B",-0.437330001249952,-1.34373075268299,0.207401632905242,0.506358941597483,2,4
"Mono-FCN1-S100A8-S100A9","Early_vs_Non-malignant","Early","Non-malignant","AR",-0.455742060633519,-1.32155363282403,0.21443681711519,0.51886051284122,2,4
"Mono-FCN1-S100A8-S100A9","Early_vs_Non-malignant","Early","Non-malignant","KDM5B",-0.402949802392002,-1.30820232744653,0.218766672923406,0.521366943381432,2,4
"Mono-FCN1-S100A8-S100A9","Early_vs_Non-malignant","Early","Non-malignant","E2F5",0.44293638350485,1.30651061144458,0.219320411606949,0.521366943381432,2,4
"Mono-FCN1-S100A8-S100A9","Early_vs_Non-malignant","Early","Non-malignant","HNF1B",0.371503237253936,1.28430644159187,0.226695839300792,0.534213673482736,2,4
"Mono-FCN1-S100A8-S100A9","Early_vs_Non-malignant","Early","Non-malignant","JUND",-0.593123063727587,-1.25788335181826,0.235735791207828,0.550727581183804,2,4
"Mono-FCN1-S100A8-S100A9","Early_vs_Non-malignant","Early","Non-malignant","ETV1",-0.39179931269646,-1.24713757386256,0.239495003887384,0.554727744046848,2,4
"Mono-FCN1-S100A8-S100A9","Early_vs_Non-malignant","Early","Non-malignant","KLF9",0.436448650621806,1.24129267538023,0.241560021287493,0.554769201431446,2,4
"Mono-FCN1-S100A8-S100A9","Early_vs_Non-malignant","Early","Non-malignant","SMAD5",-0.329120284387705,-1.23514870812,0.243746179965367,0.555085838408526,2,4
"Mono-FCN1-S100A8-S100A9","Early_vs_Non-malignant","Early","Non-malignant","FOSL1",0.528459162604281,1.20986278701809,0.252911678050779,0.571158872931342,2,4
"Mono-FCN1-S100A8-S100A9","Early_vs_Non-malignant","Early","Non-malignant","RUNX3",-0.387751821183367,-1.16445272679939,0.270060679428462,0.596356807963482,2,4
"Mono-FCN1-S100A8-S100A9","Early_vs_Non-malignant","Early","Non-malignant","NFATC1",0.31707879644295,1.16311037488011,0.270581251740112,0.596356807963482,2,4
"Mono-FCN1-S100A8-S100A9","Early_vs_Non-malignant","Early","Non-malignant","FOXP1",-0.404273876932976,-1.16287871384704,0.270671171142097,0.596356807963482,2,4
"Mono-FCN1-S100A8-S100A9","Early_vs_Non-malignant","Early","Non-malignant","PROX1",0.360168132489807,1.14123310701339,0.279176972764692,0.607022049683538,2,4
"Mono-FCN1-S100A8-S100A9","Early_vs_Non-malignant","Early","Non-malignant","NFE2L1",-0.360515946875449,-1.13370360480084,0.282184221855238,0.607022049683538,2,4
"Mono-FCN1-S100A8-S100A9","Early_vs_Non-malignant","Early","Non-malignant","FOXP2",-0.377039876828159,-1.13358534651962,0.282231654096405,0.607022049683538,2,4
"Mono-FCN1-S100A8-S100A9","Early_vs_Non-malignant","Early","Non-malignant","CUX1",0.299263629740082,1.11131820510187,0.291273699691272,0.613399580366341,2,4
"Mono-FCN1-S100A8-S100A9","Early_vs_Non-malignant","Early","Non-malignant","MAFF",-0.36988620535362,-1.10498894267843,0.293884257003972,0.613399580366341,2,4
"Mono-FCN1-S100A8-S100A9","Early_vs_Non-malignant","Early","Non-malignant","NANOG",-0.286469628995548,-1.10374420003836,0.294399775273768,0.613399580366341,2,4
"Mono-FCN1-S100A8-S100A9","Early_vs_Non-malignant","Early","Non-malignant","ZEB1",-0.31507908060581,-1.10119277765798,0.295458637738866,0.613399580366341,2,4
"Mono-FCN1-S100A8-S100A9","Early_vs_Non-malignant","Early","Non-malignant","ERG",0.301316514440393,1.09515790908866,0.297974806588897,0.613399580366341,2,4
"Mono-FCN1-S100A8-S100A9","Early_vs_Non-malignant","Early","Non-malignant","MEIS1",-0.322310297563021,-1.0901258411143,0.30008540575866,0.613399580366341,2,4
"Mono-FCN1-S100A8-S100A9","Early_vs_Non-malignant","Early","Non-malignant","BHLHE40",-0.490745602830301,-1.08785614017756,0.301041122467614,0.613399580366341,2,4
"Mono-FCN1-S100A8-S100A9","Early_vs_Non-malignant","Early","Non-malignant","BACH1",-0.335082422448046,-1.0604426046337,0.312768471690692,0.632539222598339,2,4
"Mono-FCN1-S100A8-S100A9","Early_vs_Non-malignant","Early","Non-malignant","IKZF1",0.308993506994066,1.05099839666522,0.316887749895983,0.636122816457863,2,4
"Mono-FCN1-S100A8-S100A9","Early_vs_Non-malignant","Early","Non-malignant","PAX5",0.365726842487082,1.03634952179321,0.32335774355207,0.644337856636845,2,4
"Mono-FCN1-S100A8-S100A9","Early_vs_Non-malignant","Early","Non-malignant","SPIB",0.403719019708917,1.02068955956606,0.330383060898096,0.645262156571288,2,4
"Mono-FCN1-S100A8-S100A9","Early_vs_Non-malignant","Early","Non-malignant","CREB3",0.296652578560972,1.01922566023521,0.331045548464914,0.645262156571288,2,4
"Mono-FCN1-S100A8-S100A9","Early_vs_Non-malignant","Early","Non-malignant","SNAPC4",-0.443810897629219,-1.01554939322048,0.332713590168648,0.645262156571288,2,4
"Mono-FCN1-S100A8-S100A9","Early_vs_Non-malignant","Early","Non-malignant","FOS",0.536484031262103,1.01415969101209,0.333345763542363,0.645262156571288,2,4
"Mono-FCN1-S100A8-S100A9","Early_vs_Non-malignant","Early","Non-malignant","ZNF740",-0.341214784401006,-1.0047521624229,0.337648634728725,0.648955886606273,2,4
"Mono-FCN1-S100A8-S100A9","Early_vs_Non-malignant","Early","Non-malignant","VDR",0.294170573403732,0.99543643369218,0.341949752181918,0.651121683339369,2,4
"Mono-FCN1-S100A8-S100A9","Early_vs_Non-malignant","Early","Non-malignant","MITF",0.253305550149282,0.985040373327135,0.346797014596892,0.651121683339369,2,4
"Mono-FCN1-S100A8-S100A9","Early_vs_Non-malignant","Early","Non-malignant","SMAD1",0.303067502711495,0.984543941015369,0.347029731689768,0.651121683339369,2,4
"Mono-FCN1-S100A8-S100A9","Early_vs_Non-malignant","Early","Non-malignant","NFYB",-0.329880511924915,-0.975100534494652,0.351478336789439,0.651121683339369,2,4
"Mono-FCN1-S100A8-S100A9","Early_vs_Non-malignant","Early","Non-malignant","TBP",0.334927270302035,0.961994478210216,0.357720839319008,0.651121683339369,2,4
"Mono-FCN1-S100A8-S100A9","Early_vs_Non-malignant","Early","Non-malignant","SRF",-0.413359459658894,-0.958844059099466,0.359233286434443,0.651121683339369,2,4
"Mono-FCN1-S100A8-S100A9","Early_vs_Non-malignant","Early","Non-malignant","HMBOX1",0.277113407935899,0.958821345071303,0.359244207671003,0.651121683339369,2,4
"Mono-FCN1-S100A8-S100A9","Early_vs_Non-malignant","Early","Non-malignant","NFATC2",0.300530305669872,0.957842588051661,0.35971503589479,0.651121683339369,2,4
"Mono-FCN1-S100A8-S100A9","Early_vs_Non-malignant","Early","Non-malignant","ATF4",0.404683925831556,0.956421463120788,0.360399455722898,0.651121683339369,2,4
"Mono-FCN1-S100A8-S100A9","Early_vs_Non-malignant","Early","Non-malignant","GATA2",-0.288857332751389,-0.949314176012463,0.363836431650653,0.652977966737265,2,4
"Mono-FCN1-S100A8-S100A9","Early_vs_Non-malignant","Early","Non-malignant","RELB",0.381804172818677,0.930437354601282,0.373078953831198,0.665160503212202,2,4
"Mono-FCN1-S100A8-S100A9","Early_vs_Non-malignant","Early","Non-malignant","E2F1",-0.305044715798153,-0.925151468885458,0.375696739080205,0.665449779678009,2,4
"Mono-FCN1-S100A8-S100A9","Early_vs_Non-malignant","Early","Non-malignant","MAFK",-0.287726571251879,-0.917786133071629,0.379366023922701,0.667585665474363,2,4
"Mono-FCN1-S100A8-S100A9","Early_vs_Non-malignant","Early","Non-malignant","ZFX",-0.260830931358823,-0.907365894687209,0.384600315082721,0.672430228305919,2,4
"Mono-FCN1-S100A8-S100A9","Early_vs_Non-malignant","Early","Non-malignant","FLI1",0.310374128443129,0.876583394196689,0.40035786834347,0.692361552808378,2,4
"Mono-FCN1-S100A8-S100A9","Early_vs_Non-malignant","Early","Non-malignant","ARNTL",-0.305894291224546,-0.875135611821409,0.401109829486772,0.692361552808378,2,4
"Mono-FCN1-S100A8-S100A9","Early_vs_Non-malignant","Early","Non-malignant","RFX1",-0.274306301332556,-0.860793209005181,0.408611656357701,0.700846575145171,2,4
"Mono-FCN1-S100A8-S100A9","Early_vs_Non-malignant","Early","Non-malignant","FOXO1",-0.235935438143037,-0.852515523525827,0.412984727815285,0.703892209043661,2,4
"Mono-FCN1-S100A8-S100A9","Early_vs_Non-malignant","Early","Non-malignant","CREB3L1",0.339193521746937,0.841278260240826,0.418972095596222,0.705070801505964,2,4
"Mono-FCN1-S100A8-S100A9","Early_vs_Non-malignant","Early","Non-malignant","SP3",0.353943341054172,0.837049596478347,0.421240305296847,0.705070801505964,2,4
"Mono-FCN1-S100A8-S100A9","Early_vs_Non-malignant","Early","Non-malignant","ATF6",0.214803578982163,0.836600951095507,0.42148143853862,0.705070801505964,2,4
"Mono-FCN1-S100A8-S100A9","Early_vs_Non-malignant","Early","Non-malignant","ESR2",0.283771815690353,0.814771108954259,0.433326450515578,0.718842714907252,2,4
"Mono-FCN1-S100A8-S100A9","Early_vs_Non-malignant","Early","Non-malignant","MAF",0.233632477171106,0.811684057795216,0.435019207545348,0.718842714907252,2,4
"Mono-FCN1-S100A8-S100A9","Early_vs_Non-malignant","Early","Non-malignant","JUN",0.49305456170711,0.798730458209692,0.442169876045182,0.726230523686329,2,4
"Mono-FCN1-S100A8-S100A9","Early_vs_Non-malignant","Early","Non-malignant","NCOA1",-0.25178831207253,-0.791354323337938,0.446275998664354,0.72855900986771,2,4
"Mono-FCN1-S100A8-S100A9","Early_vs_Non-malignant","Early","Non-malignant","ZNF639",0.301273332873837,0.769173168677398,0.458773214635003,0.7444762944077,2,4
"Mono-FCN1-S100A8-S100A9","Early_vs_Non-malignant","Early","Non-malignant","ESR1",0.33832467589534,0.746725275901938,0.471647781050161,0.7608127896702,2,4
"Mono-FCN1-S100A8-S100A9","Early_vs_Non-malignant","Early","Non-malignant","FOXL2",-0.280309189463837,-0.731832149401432,0.480314527822314,0.76724844416443,2,4
"Mono-FCN1-S100A8-S100A9","Early_vs_Non-malignant","Early","Non-malignant","BHLHE22",0.278335251369364,0.730149817919735,0.481299762021967,0.76724844416443,2,4
"Mono-FCN1-S100A8-S100A9","Early_vs_Non-malignant","Early","Non-malignant","OTX2",-0.212574027543181,-0.699338485813748,0.49956618341428,0.790639814508261,2,4
"Mono-FCN1-S100A8-S100A9","Early_vs_Non-malignant","Early","Non-malignant","ZNF217",-0.245030496528682,-0.69040680035179,0.504939517478299,0.790639814508261,2,4
"Mono-FCN1-S100A8-S100A9","Early_vs_Non-malignant","Early","Non-malignant","ARNT",0.187529395149931,0.686070899889395,0.507560580277211,0.790639814508261,2,4
"Mono-FCN1-S100A8-S100A9","Early_vs_Non-malignant","Early","Non-malignant","MAFB",-0.297174244894698,-0.685934320896121,0.507643275735931,0.790639814508261,2,4
"Mono-FCN1-S100A8-S100A9","Early_vs_Non-malignant","Early","Non-malignant","SNAI2",-0.186044264491162,-0.673114865309642,0.515441227093155,0.798197557384258,2,4
"Mono-FCN1-S100A8-S100A9","Early_vs_Non-malignant","Early","Non-malignant","MYB",-0.262497493796427,-0.649997428562282,0.52968232081107,0.811811164066488,2,4
"Mono-FCN1-S100A8-S100A9","Early_vs_Non-malignant","Early","Non-malignant","HNF1A",0.178384230968848,0.64309331099363,0.533979698575606,0.811811164066488,2,4
"Mono-FCN1-S100A8-S100A9","Early_vs_Non-malignant","Early","Non-malignant","ZNF384",0.182740231986464,0.640967640917191,0.535306856904713,0.811811164066488,2,4
"Mono-FCN1-S100A8-S100A9","Early_vs_Non-malignant","Early","Non-malignant","PBX2",-0.192015360845799,-0.637007995698066,0.537784137789791,0.811811164066488,2,4
"Mono-FCN1-S100A8-S100A9","Early_vs_Non-malignant","Early","Non-malignant","RBPJ",0.207074122348976,0.634733106121459,0.539210367276634,0.811811164066488,2,4
"Mono-FCN1-S100A8-S100A9","Early_vs_Non-malignant","Early","Non-malignant","GATA1",0.199697441433057,0.617299044219379,0.550212437279362,0.819555617943083,2,4
"Mono-FCN1-S100A8-S100A9","Early_vs_Non-malignant","Early","Non-malignant","PPARA",-0.165893966178691,-0.613034069930635,0.552923157206298,0.819555617943083,2,4
"Mono-FCN1-S100A8-S100A9","Early_vs_Non-malignant","Early","Non-malignant","ONECUT1",-0.177521898910121,-0.612242862900435,0.55342685639699,0.819555617943083,2,4
"Mono-FCN1-S100A8-S100A9","Early_vs_Non-malignant","Early","Non-malignant","E2F7",0.156863935426052,0.597260570659585,0.563013417926729,0.823103705472009,2,4
"Mono-FCN1-S100A8-S100A9","Early_vs_Non-malignant","Early","Non-malignant","KLF1",-0.256673440279372,-0.596978095529638,0.563195043272318,0.823103705472009,2,4
"Mono-FCN1-S100A8-S100A9","Early_vs_Non-malignant","Early","Non-malignant","LHX2",0.202711609557694,0.594275105442452,0.564934646560124,0.823103705472009,2,4
"Mono-FCN1-S100A8-S100A9","Early_vs_Non-malignant","Early","Non-malignant","EBF1",0.232857108807953,0.587879050150455,0.569062840510063,0.824684651220465,2,4
"Mono-FCN1-S100A8-S100A9","Early_vs_Non-malignant","Early","Non-malignant","HOXA9",0.215745412253511,0.577870771622676,0.575555521938326,0.826928968585002,2,4
"Mono-FCN1-S100A8-S100A9","Early_vs_Non-malignant","Early","Non-malignant","KLF3",0.160051113343766,0.569509283527795,0.581010553800086,0.826928968585002,2,4
"Mono-FCN1-S100A8-S100A9","Early_vs_Non-malignant","Early","Non-malignant","NFE2L2",-0.154819790599615,-0.566161720747871,0.583202272747613,0.826928968585002,2,4
"Mono-FCN1-S100A8-S100A9","Early_vs_Non-malignant","Early","Non-malignant","CDX2",0.155281658914021,0.563867762540278,0.584706727817973,0.826928968585002,2,4
"Mono-FCN1-S100A8-S100A9","Early_vs_Non-malignant","Early","Non-malignant","NCOA2",-0.16888782092886,-0.558621332389759,0.588155287290786,0.826928968585002,2,4
"Mono-FCN1-S100A8-S100A9","Early_vs_Non-malignant","Early","Non-malignant","NFYA",-0.145821952000427,-0.557460324791979,0.588919892756108,0.826928968585002,2,4
"Mono-FCN1-S100A8-S100A9","Early_vs_Non-malignant","Early","Non-malignant","NR2F2",-0.139139290779576,-0.545577924256539,0.596775449931783,0.829447599855434,2,4
"Mono-FCN1-S100A8-S100A9","Early_vs_Non-malignant","Early","Non-malignant","XBP1",-0.150629909740747,-0.545488179766194,0.596834988825866,0.829447599855434,2,4
"Mono-FCN1-S100A8-S100A9","Early_vs_Non-malignant","Early","Non-malignant","BCL6",-0.195127943932203,-0.536743197240162,0.602651485489139,0.830919658693332,2,4
"Mono-FCN1-S100A8-S100A9","Early_vs_Non-malignant","Early","Non-malignant","TFDP1",-0.161977393132561,-0.534682344200663,0.604026467758621,0.830919658693332,2,4
"Mono-FCN1-S100A8-S100A9","Early_vs_Non-malignant","Early","Non-malignant","KLF6",0.209689788953323,0.521024989353789,0.613179191961049,0.839250308189112,2,4
"Mono-FCN1-S100A8-S100A9","Early_vs_Non-malignant","Early","Non-malignant","TCF4",-0.143538087348208,-0.51248141432041,0.618940393178848,0.842878625886773,2,4
"Mono-FCN1-S100A8-S100A9","Early_vs_Non-malignant","Early","Non-malignant","PKNOX1",0.18115848645944,0.506340378458883,0.623098194624422,0.844298053716092,2,4
"Mono-FCN1-S100A8-S100A9","Early_vs_Non-malignant","Early","Non-malignant","SOX9",0.165089018792279,0.481918318331173,0.63976909738491,0.862574255678163,2,4
"Mono-FCN1-S100A8-S100A9","Early_vs_Non-malignant","Early","Non-malignant","HSF1",0.211692806558764,0.452308651092311,0.660264185115411,0.882307835761238,2,4
"Mono-FCN1-S100A8-S100A9","Early_vs_Non-malignant","Early","Non-malignant","TEAD4",-0.125175933640491,-0.451372709291962,0.660916939703068,0.882307835761238,2,4
"Mono-FCN1-S100A8-S100A9","Early_vs_Non-malignant","Early","Non-malignant","TFAP4",0.119842557404636,0.443661978473633,0.666305877205015,0.885141630992937,2,4
"Mono-FCN1-S100A8-S100A9","Early_vs_Non-malignant","Early","Non-malignant","EOMES",-0.126767013461006,-0.431747044706598,0.674672040046001,0.889601747077558,2,4
"Mono-FCN1-S100A8-S100A9","Early_vs_Non-malignant","Early","Non-malignant","NR3C1",-0.153818698481331,-0.429537484735401,0.676228634309878,0.889601747077558,2,4
"Mono-FCN1-S100A8-S100A9","Early_vs_Non-malignant","Early","Non-malignant","ELF1",0.162479310222564,0.422264867637347,0.681363262222655,0.892026299818065,2,4
"Mono-FCN1-S100A8-S100A9","Early_vs_Non-malignant","Early","Non-malignant","HHEX",-0.14094551370917,-0.408210111426753,0.691334234393245,0.894623046821565,2,4
"Mono-FCN1-S100A8-S100A9","Early_vs_Non-malignant","Early","Non-malignant","RFX2",-0.141498838767942,-0.407269101747117,0.692004050684456,0.894623046821565,2,4
"Mono-FCN1-S100A8-S100A9","Early_vs_Non-malignant","Early","Non-malignant","E2F3",0.11203987448456,0.405519263796519,0.693250331485346,0.894623046821565,2,4
"Mono-FCN1-S100A8-S100A9","Early_vs_Non-malignant","Early","Non-malignant","WT1",0.11718159948862,0.394147551549075,0.70137266728492,0.896864946869226,2,4
"Mono-FCN1-S100A8-S100A9","Early_vs_Non-malignant","Early","Non-malignant","MEF2C",-0.113528143640895,-0.393820956435955,0.701606526702125,0.896864946869226,2,4
"Mono-FCN1-S100A8-S100A9","Early_vs_Non-malignant","Early","Non-malignant","ASCL1",0.107863478179332,0.386838986962269,0.706613718735718,0.899024966090983,2,4
"Mono-FCN1-S100A8-S100A9","Early_vs_Non-malignant","Early","Non-malignant","MYOD1",0.118876374879018,0.371449749733525,0.71770161551885,0.907747275418769,2,4
"Mono-FCN1-S100A8-S100A9","Early_vs_Non-malignant","Early","Non-malignant","MYCN",0.10507064387171,0.368038910607945,0.720168502638507,0.907747275418769,2,4
"Mono-FCN1-S100A8-S100A9","Early_vs_Non-malignant","Early","Non-malignant","PAX8",0.106396669190938,0.362782101642034,0.723977039605241,0.908323045060279,2,4
"Mono-FCN1-S100A8-S100A9","Early_vs_Non-malignant","Early","Non-malignant","ELF5",0.109751413358966,0.354306285956321,0.730134258018547,0.911826654023163,2,4
"Mono-FCN1-S100A8-S100A9","Early_vs_Non-malignant","Early","Non-malignant","YY1",-0.119247913583284,-0.332797349701336,0.745848380598322,0.922650197937385,2,4
"Mono-FCN1-S100A8-S100A9","Early_vs_Non-malignant","Early","Non-malignant","USF2",0.107889965080201,0.328543670824607,0.748970769288006,0.922650197937385,2,4
"Mono-FCN1-S100A8-S100A9","Early_vs_Non-malignant","Early","Non-malignant","SIX5",-0.116058395234329,-0.328483568865522,0.749014920834777,0.922650197937385,2,4
"Mono-FCN1-S100A8-S100A9","Early_vs_Non-malignant","Early","Non-malignant","SOX13",-0.136781675162932,-0.316650962487027,0.757725499704681,0.927459825514166,2,4
"Mono-FCN1-S100A8-S100A9","Early_vs_Non-malignant","Early","Non-malignant","ZBTB33",0.0978687136829824,0.309211339526619,0.763220423580312,0.927459825514166,2,4
"Mono-FCN1-S100A8-S100A9","Early_vs_Non-malignant","Early","Non-malignant","NR2F6",0.0974557945631602,0.297326321572382,0.772027111627994,0.927459825514166,2,4
"Mono-FCN1-S100A8-S100A9","Early_vs_Non-malignant","Early","Non-malignant","SMAD3",0.133167823591639,0.296497408318001,0.772642606011414,0.927459825514166,2,4
"Mono-FCN1-S100A8-S100A9","Early_vs_Non-malignant","Early","Non-malignant","E2F2",0.0808926714139117,0.282537255745593,0.783032828368372,0.927459825514166,2,4
"Mono-FCN1-S100A8-S100A9","Early_vs_Non-malignant","Early","Non-malignant","TCF7",0.102080070186421,0.28161671403635,0.783719557290457,0.927459825514166,2,4
"Mono-FCN1-S100A8-S100A9","Early_vs_Non-malignant","Early","Non-malignant","RUNX1",0.0889874789498916,0.281475466075977,0.783824946150574,0.927459825514166,2,4
"Mono-FCN1-S100A8-S100A9","Early_vs_Non-malignant","Early","Non-malignant","ZBED1",-0.0852640115660131,-0.279658500413662,0.785181038038296,0.927459825514166,2,4
"Mono-FCN1-S100A8-S100A9","Early_vs_Non-malignant","Early","Non-malignant","FOSL2",-0.112816007831527,-0.279409191139013,0.785367168524367,0.927459825514166,2,4
"Mono-FCN1-S100A8-S100A9","Early_vs_Non-malignant","Early","Non-malignant","TCF3",0.105118250483227,0.276236884561092,0.787736791183162,0.927459825514166,2,4
"Mono-FCN1-S100A8-S100A9","Early_vs_Non-malignant","Early","Non-malignant","E2F6",-0.0766094496995874,-0.272454084606569,0.790565386323884,0.927459825514166,2,4
"Mono-FCN1-S100A8-S100A9","Early_vs_Non-malignant","Early","Non-malignant","REST",-0.0811907979064831,-0.259133365120243,0.800550966703586,0.928451657926157,2,4
"Mono-FCN1-S100A8-S100A9","Early_vs_Non-malignant","Early","Non-malignant","ZNF143",-0.0803270006083397,-0.258713117563009,0.800866616798194,0.928451657926157,2,4
"Mono-FCN1-S100A8-S100A9","Early_vs_Non-malignant","Early","Non-malignant","AHR",0.0780716020296848,0.253262087222496,0.804964278377169,0.928451657926157,2,4
"Mono-FCN1-S100A8-S100A9","Early_vs_Non-malignant","Early","Non-malignant","SREBF1",0.0777593998746364,0.252788395982526,0.805320655520895,0.928451657926157,2,4
"Mono-FCN1-S100A8-S100A9","Early_vs_Non-malignant","Early","Non-malignant","MYBL2",-0.0756324741504311,-0.245354756255585,0.810919319061759,0.928451657926157,2,4
"Mono-FCN1-S100A8-S100A9","Early_vs_Non-malignant","Early","Non-malignant","FOXK2",-0.0721430999988124,-0.233923911788865,0.819550099128744,0.928451657926157,2,4
"Mono-FCN1-S100A8-S100A9","Early_vs_Non-malignant","Early","Non-malignant","NR5A2",0.0703801377976584,0.231510118717354,0.821375876010169,0.928451657926157,2,4
"Mono-FCN1-S100A8-S100A9","Early_vs_Non-malignant","Early","Non-malignant","ETS2",0.0951550695619727,0.230577464963015,0.82208162755319,0.928451657926157,2,4
"Mono-FCN1-S100A8-S100A9","Early_vs_Non-malignant","Early","Non-malignant","SOX11",0.0640747500983057,0.229320170230553,0.823033300972184,0.928451657926157,2,4
"Mono-FCN1-S100A8-S100A9","Early_vs_Non-malignant","Early","Non-malignant","CTCFL",0.0650569206561826,0.225837413476026,0.825671031587468,0.928451657926157,2,4
"Mono-FCN1-S100A8-S100A9","Early_vs_Non-malignant","Early","Non-malignant","POU5F1",-0.0609292919593741,-0.213985284675167,0.834664216886018,0.934685961884755,2,4
"Mono-FCN1-S100A8-S100A9","Early_vs_Non-malignant","Early","Non-malignant","GATA4",-0.0638483059921886,-0.207947984676969,0.839254870932195,0.935959135895575,2,4
"Mono-FCN1-S100A8-S100A9","Early_vs_Non-malignant","Early","Non-malignant","TFAP2A",-0.0653213634293961,-0.191526282090619,0.851772966138451,0.945308622276346,2,4
"Mono-FCN1-S100A8-S100A9","Early_vs_Non-malignant","Early","Non-malignant","HNF4G",0.0555985671393813,0.186693278138518,0.85546547250355,0.945308622276346,2,4
"Mono-FCN1-S100A8-S100A9","Early_vs_Non-malignant","Early","Non-malignant","CEBPD",-0.0704032219060702,-0.174984982731903,0.864425741530882,0.945308622276346,2,4
"Mono-FCN1-S100A8-S100A9","Early_vs_Non-malignant","Early","Non-malignant","IRF2",0.0752343852261132,0.172185209614736,0.866571408858145,0.945308622276346,2,4
"Mono-FCN1-S100A8-S100A9","Early_vs_Non-malignant","Early","Non-malignant","PPARG",-0.0548246675215753,-0.164711729910312,0.872304359926005,0.945308622276346,2,4
"Mono-FCN1-S100A8-S100A9","Early_vs_Non-malignant","Early","Non-malignant","RXRA",0.0490170915843954,0.164608333161567,0.872383731082073,0.945308622276346,2,4
"Mono-FCN1-S100A8-S100A9","Early_vs_Non-malignant","Early","Non-malignant","NR2F1",-0.0632069757701615,-0.160784605006575,0.87531999480304,0.945308622276346,2,4
"Mono-FCN1-S100A8-S100A9","Early_vs_Non-malignant","Early","Non-malignant","MEF2B",-0.0435114878339926,-0.160492809005193,0.875544148307612,0.945308622276346,2,4
"Mono-FCN1-S100A8-S100A9","Early_vs_Non-malignant","Early","Non-malignant","SOX2",0.0427016380786658,0.133108283857157,0.89662881209187,0.958752976312128,2,4
"Mono-FCN1-S100A8-S100A9","Early_vs_Non-malignant","Early","Non-malignant","THAP1",-0.033559712237164,-0.130976776453474,0.898273712790294,0.958752976312128,2,4
"Mono-FCN1-S100A8-S100A9","Early_vs_Non-malignant","Early","Non-malignant","HOXB13",0.0366250043404301,0.130541344961226,0.898609800676311,0.958752976312128,2,4
"Mono-FCN1-S100A8-S100A9","Early_vs_Non-malignant","Early","Non-malignant","MNT",-0.035003539350808,-0.114811276584332,0.910764531457974,0.964729642430954,2,4
"Mono-FCN1-S100A8-S100A9","Early_vs_Non-malignant","Early","Non-malignant","GABPA",-0.0328239380916878,-0.114078553315692,0.911331322739204,0.964729642430954,2,4
"Mono-FCN1-S100A8-S100A9","Early_vs_Non-malignant","Early","Non-malignant","SIX2",0.0364084594329454,0.103097562691279,0.919831592441146,0.966956665547909,2,4
"Mono-FCN1-S100A8-S100A9","Early_vs_Non-malignant","Early","Non-malignant","SP1",0.0445222898176286,0.0882486613926031,0.931342522312712,0.966956665547909,2,4
"Mono-FCN1-S100A8-S100A9","Early_vs_Non-malignant","Early","Non-malignant","TP63",-0.0295843312306457,-0.0874027139466526,0.931998827778397,0.966956665547909,2,4
"Mono-FCN1-S100A8-S100A9","Early_vs_Non-malignant","Early","Non-malignant","PDX1",-0.0273124645076277,-0.0863763711739647,0.932795159353103,0.966956665547909,2,4
"Mono-FCN1-S100A8-S100A9","Early_vs_Non-malignant","Early","Non-malignant","POU4F2",0.0233044399395705,0.0858282315705616,0.933220488430796,0.966956665547909,2,4
"Mono-FCN1-S100A8-S100A9","Early_vs_Non-malignant","Early","Non-malignant","PRDM1",0.0230924152516359,0.0731452287641245,0.94306769910175,0.966956665547909,2,4
"Mono-FCN1-S100A8-S100A9","Early_vs_Non-malignant","Early","Non-malignant","IRF3",-0.0203457349774234,-0.0714378745033383,0.94439410825306,0.966956665547909,2,4
"Mono-FCN1-S100A8-S100A9","Early_vs_Non-malignant","Early","Non-malignant","TFAP2C",-0.0249636031119953,-0.0663843618147736,0.94832110251803,0.966956665547909,2,4
"Mono-FCN1-S100A8-S100A9","Early_vs_Non-malignant","Early","Non-malignant","LYL1",-0.0285233579348658,-0.0593091974531946,0.953821485593195,0.966956665547909,2,4
"Mono-FCN1-S100A8-S100A9","Early_vs_Non-malignant","Early","Non-malignant","BATF",-0.020953200523229,-0.0585434130944101,0.954416979591999,0.966956665547909,2,4
"Mono-FCN1-S100A8-S100A9","Early_vs_Non-malignant","Early","Non-malignant","ETV4",0.0207551336417521,0.0534648157717464,0.958366951809073,0.966956665547909,2,4
"Mono-FCN1-S100A8-S100A9","Early_vs_Non-malignant","Early","Non-malignant","CREM",-0.0180219801558775,-0.0532081666679586,0.958566597472846,0.966956665547909,2,4
"Mono-FCN1-S100A8-S100A9","Early_vs_Non-malignant","Early","Non-malignant","HINFP",0.0143062315589191,0.0515963921974668,0.95982045399405,0.966956665547909,2,4
"Mono-FCN1-S100A8-S100A9","Early_vs_Non-malignant","Early","Non-malignant","TEAD2",-0.016177062352607,-0.0408817064095149,0.968158520767385,0.971744293066524,2,4
"Mono-FCN1-S100A8-S100A9","Early_vs_Non-malignant","Early","Non-malignant","TCF12",0.00851953350898409,0.0272401126760795,0.978779931396442,0.978779931396442,2,4
"Myeloid-CLEC10A-APC","Advanced_vs_Non-malignant","Advanced","Non-malignant","KLF5",1.88108696739457,5.05890804135362,4.72590222065247e-05,0.0128071950179682,2,3
"Myeloid-CLEC10A-APC","Advanced_vs_Non-malignant","Advanced","Non-malignant","FOXL2",-1.5414357022253,-3.7925100477419,0.0010156590576573,0.115037403987757,2,3
"Myeloid-CLEC10A-APC","Advanced_vs_Non-malignant","Advanced","Non-malignant","E2F4",1.62994809515359,3.69869524886535,0.00127347679691244,0.115037403987757,2,3
"Myeloid-CLEC10A-APC","Advanced_vs_Non-malignant","Advanced","Non-malignant","MAZ",1.18745294153922,3.08056939878773,0.00551866623858973,0.271967543251396,2,3
"Myeloid-CLEC10A-APC","Advanced_vs_Non-malignant","Advanced","Non-malignant","TWIST1",1.06375096299314,3.05148049351354,0.00590439698418874,0.271967543251396,2,3
"Myeloid-CLEC10A-APC","Advanced_vs_Non-malignant","Advanced","Non-malignant","FOS",-1.19218725288436,-2.87097155148674,0.00894424749581468,0.271967543251396,2,3
"Myeloid-CLEC10A-APC","Advanced_vs_Non-malignant","Advanced","Non-malignant","ELK1",-1.06024177708825,-2.8673925544275,0.00901754115713431,0.271967543251396,2,3
"Myeloid-CLEC10A-APC","Advanced_vs_Non-malignant","Advanced","Non-malignant","WT1",-0.962867119599272,-2.81794168834037,0.0100907511219424,0.271967543251396,2,3
"Myeloid-CLEC10A-APC","Advanced_vs_Non-malignant","Advanced","Non-malignant","BATF",-0.996161171637871,-2.80202906836746,0.0104612311687814,0.271967543251396,2,3
"Myeloid-CLEC10A-APC","Advanced_vs_Non-malignant","Advanced","Non-malignant","AR",0.915805872003725,2.70068392506573,0.0131416992604337,0.271967543251396,2,3
"Myeloid-CLEC10A-APC","Advanced_vs_Non-malignant","Advanced","Non-malignant","SMAD1",1.0456111595245,2.66039795205268,0.0143780373545084,0.271967543251396,2,3
"Myeloid-CLEC10A-APC","Advanced_vs_Non-malignant","Advanced","Non-malignant","SIX5",0.99213876190709,2.62826351260295,0.0154420222654788,0.271967543251396,2,3
"Myeloid-CLEC10A-APC","Advanced_vs_Non-malignant","Advanced","Non-malignant","SNAPC4",0.960377318750439,2.61766240584566,0.0158089920109237,0.271967543251396,2,3
"Myeloid-CLEC10A-APC","Advanced_vs_Non-malignant","Advanced","Non-malignant","NANOG",0.90480791112386,2.6148056237855,0.0159092767898345,0.271967543251396,2,3
"Myeloid-CLEC10A-APC","Advanced_vs_Non-malignant","Advanced","Non-malignant","ELF3",0.907461825261143,2.57220829331153,0.0174773370450992,0.271967543251396,2,3
"Myeloid-CLEC10A-APC","Advanced_vs_Non-malignant","Advanced","Non-malignant","ELF5",0.898210378470295,2.5434350257801,0.0186172984147842,0.271967543251396,2,3
"Myeloid-CLEC10A-APC","Advanced_vs_Non-malignant","Advanced","Non-malignant","REL",-0.946220720801289,-2.52234753932267,0.0194965373831313,0.271967543251396,2,3
"Myeloid-CLEC10A-APC","Advanced_vs_Non-malignant","Advanced","Non-malignant","MXI1",-0.990633336380561,-2.51081882689853,0.0199934784056391,0.271967543251396,2,3
"Myeloid-CLEC10A-APC","Advanced_vs_Non-malignant","Advanced","Non-malignant","MBD1",-0.894370707017984,-2.5069471310951,0.0201630013973517,0.271967543251396,2,3
"Myeloid-CLEC10A-APC","Advanced_vs_Non-malignant","Advanced","Non-malignant","THAP1",0.919500619389241,2.49282680840443,0.0207926919143845,0.271967543251396,2,3
"Myeloid-CLEC10A-APC","Advanced_vs_Non-malignant","Advanced","Non-malignant","NRF1",0.875721664808952,2.48662580618208,0.0210749756763075,0.271967543251396,2,3
"Myeloid-CLEC10A-APC","Advanced_vs_Non-malignant","Advanced","Non-malignant","NFIC",0.824088256815382,2.44020218992309,0.0233043799968834,0.287067589961609,2,3
"Myeloid-CLEC10A-APC","Advanced_vs_Non-malignant","Advanced","Non-malignant","NR1H3",0.88361882170478,2.37218104707427,0.026968529222602,0.31775962692718,2,3
"Myeloid-CLEC10A-APC","Advanced_vs_Non-malignant","Advanced","Non-malignant","LEF1",0.776947820235271,2.27154193877046,0.0333724460164427,0.347417130344678,2,3
"Myeloid-CLEC10A-APC","Advanced_vs_Non-malignant","Advanced","Non-malignant","SNAI2",-0.777401178425558,-2.26260810195164,0.0340035355636074,0.347417130344678,2,3
"Myeloid-CLEC10A-APC","Advanced_vs_Non-malignant","Advanced","Non-malignant","E2F2",0.830399724237574,2.25742351461338,0.0343747615617808,0.347417130344678,2,3
"Myeloid-CLEC10A-APC","Advanced_vs_Non-malignant","Advanced","Non-malignant","MYCN",0.777404198694967,2.23039348190566,0.0363708104526272,0.347417130344678,2,3
"Myeloid-CLEC10A-APC","Advanced_vs_Non-malignant","Advanced","Non-malignant","FOXA1",0.773871504793139,2.22331537098557,0.0369106751382297,0.347417130344678,2,3
"Myeloid-CLEC10A-APC","Advanced_vs_Non-malignant","Advanced","Non-malignant","FOXA2",0.845114563065461,2.21985208593811,0.037177478892973,0.347417130344678,2,3
"Myeloid-CLEC10A-APC","Advanced_vs_Non-malignant","Advanced","Non-malignant","GRHL2",0.861888999651364,2.18989516724256,0.0395595791872638,0.35735486532495,2,3
"Myeloid-CLEC10A-APC","Advanced_vs_Non-malignant","Advanced","Non-malignant","NFATC2",-0.752673855544088,-2.15930843579728,0.0421339288712364,0.368332087874357,2,3
"Myeloid-CLEC10A-APC","Advanced_vs_Non-malignant","Advanced","Non-malignant","TFAP4",0.810094425423263,2.14115429857076,0.0437326741724716,0.370361084398119,2,3
"Myeloid-CLEC10A-APC","Advanced_vs_Non-malignant","Advanced","Non-malignant","ZNF263",-0.805590863663167,-2.09657498087048,0.0478933667339825,0.375617220542294,2,3
"Myeloid-CLEC10A-APC","Advanced_vs_Non-malignant","Advanced","Non-malignant","SREBF2",-0.784759181668113,-2.09069212244404,0.0484682387826198,0.375617220542294,2,3
"Myeloid-CLEC10A-APC","Advanced_vs_Non-malignant","Advanced","Non-malignant","JUN",-0.769999743751878,-2.09025247353032,0.0485114491475288,0.375617220542294,2,3
"Myeloid-CLEC10A-APC","Advanced_vs_Non-malignant","Advanced","Non-malignant","ZBTB7A",-0.713477073552049,-1.98531445605305,0.0598678788127616,0.4506720877294,2,3
"Myeloid-CLEC10A-APC","Advanced_vs_Non-malignant","Advanced","Non-malignant","PRDM1",0.723153826492476,1.93788497605458,0.0657344936320482,0.468816051105836,2,3
"Myeloid-CLEC10A-APC","Advanced_vs_Non-malignant","Advanced","Non-malignant","RFX5",-0.948470673640503,-1.93723847999096,0.0658178478141615,0.468816051105836,2,3
"Myeloid-CLEC10A-APC","Advanced_vs_Non-malignant","Advanced","Non-malignant","POU2F1",0.738232447580846,1.92458619309312,0.0674679925945668,0.468816051105836,2,3
"Myeloid-CLEC10A-APC","Advanced_vs_Non-malignant","Advanced","Non-malignant","ETS1",-0.689445835420967,-1.89726222458882,0.07115634133881,0.47778649802381,2,3
"Myeloid-CLEC10A-APC","Advanced_vs_Non-malignant","Advanced","Non-malignant","CREB1",-0.738367738979982,-1.86697590178455,0.0754500648565191,0.47778649802381,2,3
"Myeloid-CLEC10A-APC","Advanced_vs_Non-malignant","Advanced","Non-malignant","NR2F1",0.6522949790789,1.86308400436271,0.07601791708661,0.47778649802381,2,3
"Myeloid-CLEC10A-APC","Advanced_vs_Non-malignant","Advanced","Non-malignant","E2F1",0.762354291472655,1.86273078356275,0.0760696383638555,0.47778649802381,2,3
"Myeloid-CLEC10A-APC","Advanced_vs_Non-malignant","Advanced","Non-malignant","MAX",0.661279566628497,1.84796415360265,0.0782595253570786,0.47778649802381,2,3
"Myeloid-CLEC10A-APC","Advanced_vs_Non-malignant","Advanced","Non-malignant","ELK4",0.676580077878122,1.84064097812133,0.0793657730237294,0.47778649802381,2,3
"Myeloid-CLEC10A-APC","Advanced_vs_Non-malignant","Advanced","Non-malignant","TCF7L2",0.661502526581408,1.82911017931622,0.08113519754238,0.47778649802381,2,3
"Myeloid-CLEC10A-APC","Advanced_vs_Non-malignant","Advanced","Non-malignant","PRDM14",0.702114561994493,1.80175515950921,0.0854704140125126,0.47778649802381,2,3
"Myeloid-CLEC10A-APC","Advanced_vs_Non-malignant","Advanced","Non-malignant","THAP11",-0.656263065887294,-1.80127053541488,0.0855489902431441,0.47778649802381,2,3
"Myeloid-CLEC10A-APC","Advanced_vs_Non-malignant","Advanced","Non-malignant","NFE2L2",-0.619401994590424,-1.79611092941762,0.0863894406020912,0.47778649802381,2,3
"Myeloid-CLEC10A-APC","Advanced_vs_Non-malignant","Advanced","Non-malignant","CREM",-0.648297443282662,-1.76737018811795,0.0912026572342597,0.488361119627765,2,3
"Myeloid-CLEC10A-APC","Advanced_vs_Non-malignant","Advanced","Non-malignant","GLI2",0.605225346574028,1.76328269109628,0.0919055981587306,0.488361119627765,2,3
"Myeloid-CLEC10A-APC","Advanced_vs_Non-malignant","Advanced","Non-malignant","IRF3",0.616249354669265,1.73751728535607,0.0964445593347344,0.502624530379096,2,3
"Myeloid-CLEC10A-APC","Advanced_vs_Non-malignant","Advanced","Non-malignant","NFATC1",-0.645582340721692,-1.70565915409985,0.102320877019974,0.513841691482778,2,3
"Myeloid-CLEC10A-APC","Advanced_vs_Non-malignant","Advanced","Non-malignant","FOXJ2",-0.595461557569369,-1.70529844716561,0.102389119336052,0.513841691482778,2,3
"Myeloid-CLEC10A-APC","Advanced_vs_Non-malignant","Advanced","Non-malignant","E2F7",0.597231277895633,1.68959862716872,0.105397128317979,0.515725033452049,2,3
"Myeloid-CLEC10A-APC","Advanced_vs_Non-malignant","Advanced","Non-malignant","HIF1A",0.602124731863952,1.67891656823073,0.107486374301836,0.515725033452049,2,3
"Myeloid-CLEC10A-APC","Advanced_vs_Non-malignant","Advanced","Non-malignant","SRF",-0.59283265828246,-1.6647166412023,0.110317892618343,0.515725033452049,2,3
"Myeloid-CLEC10A-APC","Advanced_vs_Non-malignant","Advanced","Non-malignant","SP4",0.570465178355765,1.66442562567591,0.110376575425162,0.515725033452049,2,3
"Myeloid-CLEC10A-APC","Advanced_vs_Non-malignant","Advanced","Non-malignant","SOX2",0.566710520608437,1.64268720912997,0.114835242956772,0.520124706502906,2,3
"Myeloid-CLEC10A-APC","Advanced_vs_Non-malignant","Advanced","Non-malignant","SPI1",-0.651970185898595,-1.64114728958555,0.115156761587359,0.520124706502906,2,3
"Myeloid-CLEC10A-APC","Advanced_vs_Non-malignant","Advanced","Non-malignant","FOSL1",0.629616798474811,1.60427291443813,0.123084666291841,0.540026407649588,2,3
"Myeloid-CLEC10A-APC","Advanced_vs_Non-malignant","Advanced","Non-malignant","GATA1",-0.540848306323403,-1.6021778643813,0.123548477026843,0.540026407649588,2,3
"Myeloid-CLEC10A-APC","Advanced_vs_Non-malignant","Advanced","Non-malignant","IKZF1",-0.546326146902106,-1.54279972891181,0.137312039532314,0.590659725607256,2,3
"Myeloid-CLEC10A-APC","Advanced_vs_Non-malignant","Advanced","Non-malignant","E2F3",0.58182472950999,1.51744773581573,0.143562609709061,0.607897925486806,2,3
"Myeloid-CLEC10A-APC","Advanced_vs_Non-malignant","Advanced","Non-malignant","ZEB1",-0.545015727519026,-1.49961078558407,0.148098823529695,0.61745817194688,2,3
"Myeloid-CLEC10A-APC","Advanced_vs_Non-malignant","Advanced","Non-malignant","RELA",-0.739110558367669,-1.4769786098725,0.154022443753299,0.623771851448004,2,3
"Myeloid-CLEC10A-APC","Advanced_vs_Non-malignant","Advanced","Non-malignant","TCF7",-0.520694423975822,-1.46660908142026,0.15680017041488,0.623771851448004,2,3
"Myeloid-CLEC10A-APC","Advanced_vs_Non-malignant","Advanced","Non-malignant","CTCFL",0.498791943794666,1.45529706714679,0.159876566227666,0.623771851448004,2,3
"Myeloid-CLEC10A-APC","Advanced_vs_Non-malignant","Advanced","Non-malignant","E2F6",-0.573984120269229,-1.43891841988211,0.164417212440863,0.623771851448004,2,3
"Myeloid-CLEC10A-APC","Advanced_vs_Non-malignant","Advanced","Non-malignant","KLF4",0.493114544262794,1.43566293881243,0.165331998644086,0.623771851448004,2,3
"Myeloid-CLEC10A-APC","Advanced_vs_Non-malignant","Advanced","Non-malignant","FOXO3",-0.515363542298813,-1.42124314651381,0.169433316144798,0.623771851448004,2,3
"Myeloid-CLEC10A-APC","Advanced_vs_Non-malignant","Advanced","Non-malignant","CEBPB",-0.495390645220908,-1.41701550489477,0.1706511132584,0.623771851448004,2,3
"Myeloid-CLEC10A-APC","Advanced_vs_Non-malignant","Advanced","Non-malignant","STAT2",0.542468645753298,1.41457195184612,0.171358186561149,0.623771851448004,2,3
"Myeloid-CLEC10A-APC","Advanced_vs_Non-malignant","Advanced","Non-malignant","GABPA",0.489788236767263,1.41136722470536,0.172289070308296,0.623771851448004,2,3
"Myeloid-CLEC10A-APC","Advanced_vs_Non-malignant","Advanced","Non-malignant","FOXO1",-0.486120908335608,-1.40736205250785,0.173458146252468,0.623771851448004,2,3
"Myeloid-CLEC10A-APC","Advanced_vs_Non-malignant","Advanced","Non-malignant","ATF7",0.527703672940324,1.40234226312425,0.174932327343352,0.623771851448004,2,3
"Myeloid-CLEC10A-APC","Advanced_vs_Non-malignant","Advanced","Non-malignant","HNF1A",-0.48568739442994,-1.38517900933607,0.180048411628347,0.625966485609736,2,3
"Myeloid-CLEC10A-APC","Advanced_vs_Non-malignant","Advanced","Non-malignant","NR2C2",0.513856971946831,1.38447465218212,0.180260884863629,0.625966485609736,2,3
"Myeloid-CLEC10A-APC","Advanced_vs_Non-malignant","Advanced","Non-malignant","HSF1",-0.554442176652671,-1.37716614706458,0.182477314993244,0.625966485609736,2,3
"Myeloid-CLEC10A-APC","Advanced_vs_Non-malignant","Advanced","Non-malignant","SMAD3",-0.492400521411236,-1.36100004925742,0.187456734996254,0.630499354737329,2,3
"Myeloid-CLEC10A-APC","Advanced_vs_Non-malignant","Advanced","Non-malignant","STAT6",0.534630050756216,1.35781017689866,0.188451836655807,0.630499354737329,2,3
"Myeloid-CLEC10A-APC","Advanced_vs_Non-malignant","Advanced","Non-malignant","USF2",-0.465526320233951,-1.32744078521151,0.198135616950307,0.635589814754327,2,3
"Myeloid-CLEC10A-APC","Advanced_vs_Non-malignant","Advanced","Non-malignant","CUX1",0.450385585299358,1.32431901951247,0.199152746593734,0.635589814754327,2,3
"Myeloid-CLEC10A-APC","Advanced_vs_Non-malignant","Advanced","Non-malignant","TBX21",-0.53539849611539,-1.32397929386413,0.199263681473854,0.635589814754327,2,3
"Myeloid-CLEC10A-APC","Advanced_vs_Non-malignant","Advanced","Non-malignant","FOXM1",0.527677414848678,1.32370055104249,0.199354738945084,0.635589814754327,2,3
"Myeloid-CLEC10A-APC","Advanced_vs_Non-malignant","Advanced","Non-malignant","IRF4",-0.528223384003537,-1.29224918234523,0.209839282013483,0.661237737507604,2,3
"Myeloid-CLEC10A-APC","Advanced_vs_Non-malignant","Advanced","Non-malignant","ZEB2",0.480942164357002,1.28054846532597,0.213847128012037,0.666121513692668,2,3
"Myeloid-CLEC10A-APC","Advanced_vs_Non-malignant","Advanced","Non-malignant","GATA4",-0.430217797202967,-1.25910675210444,0.221344531872382,0.681640547016086,2,3
"Myeloid-CLEC10A-APC","Advanced_vs_Non-malignant","Advanced","Non-malignant","TFAP2C",0.456958984365366,1.25069037787788,0.224341954574618,0.683108648199117,2,3
"Myeloid-CLEC10A-APC","Advanced_vs_Non-malignant","Advanced","Non-malignant","NR5A1",-0.528214422558069,-1.2430099289314,0.227104285671941,0.683836237967734,2,3
"Myeloid-CLEC10A-APC","Advanced_vs_Non-malignant","Advanced","Non-malignant","KLF6",-0.448540949861811,-1.19532519632932,0.244837329793607,0.725297593409728,2,3
"Myeloid-CLEC10A-APC","Advanced_vs_Non-malignant","Advanced","Non-malignant","ZNF384",0.416633746471731,1.19170114021765,0.246226489275627,0.725297593409728,2,3
"Myeloid-CLEC10A-APC","Advanced_vs_Non-malignant","Advanced","Non-malignant","MNT",-0.401494900424818,-1.15858711270117,0.259194162331653,0.745011179555146,2,3
"Myeloid-CLEC10A-APC","Advanced_vs_Non-malignant","Advanced","Non-malignant","MAF",0.425661285003542,1.15384713216216,0.261091088151313,0.745011179555146,2,3
"Myeloid-CLEC10A-APC","Advanced_vs_Non-malignant","Advanced","Non-malignant","CEBPG",-0.391306428838924,-1.15362728517804,0.261179318917028,0.745011179555146,2,3
"Myeloid-CLEC10A-APC","Advanced_vs_Non-malignant","Advanced","Non-malignant","CREB3",-0.388964659962279,-1.13384526395136,0.269208906335214,0.745011179555146,2,3
"Myeloid-CLEC10A-APC","Advanced_vs_Non-malignant","Advanced","Non-malignant","NFE2L1",0.444971574179179,1.13184750427356,0.27002978194993,0.745011179555146,2,3
"Myeloid-CLEC10A-APC","Advanced_vs_Non-malignant","Advanced","Non-malignant","FOXO4",-0.397805380283402,-1.12550982788272,0.272646074674569,0.745011179555146,2,3
"Myeloid-CLEC10A-APC","Advanced_vs_Non-malignant","Advanced","Non-malignant","KLF9",0.395056283400124,1.12441947235278,0.273098055880602,0.745011179555146,2,3
"Myeloid-CLEC10A-APC","Advanced_vs_Non-malignant","Advanced","Non-malignant","ESR2",-0.378960203655243,-1.12005706471234,0.274911874374593,0.745011179555146,2,3
"Myeloid-CLEC10A-APC","Advanced_vs_Non-malignant","Advanced","Non-malignant","MBD2",0.402564042311403,1.09868939978039,0.283923330272814,0.753392304156384,2,3
"Myeloid-CLEC10A-APC","Advanced_vs_Non-malignant","Advanced","Non-malignant","HNF4G",-0.377096078896403,-1.09430015102387,0.285800640771861,0.753392304156384,2,3
"Myeloid-CLEC10A-APC","Advanced_vs_Non-malignant","Advanced","Non-malignant","NFKB1",-0.559261810592033,-1.09303206710101,0.286344676487482,0.753392304156384,2,3
"Myeloid-CLEC10A-APC","Advanced_vs_Non-malignant","Advanced","Non-malignant","PPARG",-0.382025298198009,-1.0818629778176,0.291168803495191,0.758718709107661,2,3
"Myeloid-CLEC10A-APC","Advanced_vs_Non-malignant","Advanced","Non-malignant","ETS2",-0.369246478110725,-1.05838735945739,0.301498258358823,0.778152647764201,2,3
"Myeloid-CLEC10A-APC","Advanced_vs_Non-malignant","Advanced","Non-malignant","ZKSCAN1",0.390975373239069,1.04061517821003,0.309489996083899,0.786761360493915,2,3
"Myeloid-CLEC10A-APC","Advanced_vs_Non-malignant","Advanced","Non-malignant","ZFX",0.389021045887398,1.03344487161292,0.312756370060552,0.786761360493915,2,3
"Myeloid-CLEC10A-APC","Advanced_vs_Non-malignant","Advanced","Non-malignant","ATF3",0.463429684791369,1.02812354540229,0.315196112631448,0.786761360493915,2,3
"Myeloid-CLEC10A-APC","Advanced_vs_Non-malignant","Advanced","Non-malignant","YY1",0.357327247060407,1.02540765207705,0.31644645126877,0.786761360493915,2,3
"Myeloid-CLEC10A-APC","Advanced_vs_Non-malignant","Advanced","Non-malignant","TGIF2",-0.35149453475423,-1.01847282850269,0.319654880576046,0.787513387600986,2,3
"Myeloid-CLEC10A-APC","Advanced_vs_Non-malignant","Advanced","Non-malignant","KLF13",-0.3466790967035,-0.997402097930612,0.329542719411649,0.790299370923846,2,3
"Myeloid-CLEC10A-APC","Advanced_vs_Non-malignant","Advanced","Non-malignant","ATF6",-0.345918624286185,-0.987638306179903,0.334195757328342,0.790299370923846,2,3
"Myeloid-CLEC10A-APC","Advanced_vs_Non-malignant","Advanced","Non-malignant","RUNX3",-0.341148385409722,-0.987405066274431,0.334307462134282,0.790299370923846,2,3
"Myeloid-CLEC10A-APC","Advanced_vs_Non-malignant","Advanced","Non-malignant","FOXP2",-0.333392991144231,-0.982509125699909,0.336658204027032,0.790299370923846,2,3
"Myeloid-CLEC10A-APC","Advanced_vs_Non-malignant","Advanced","Non-malignant","BACH2",-0.361459810818431,-0.979928846870755,0.337901669616494,0.790299370923846,2,3
"Myeloid-CLEC10A-APC","Advanced_vs_Non-malignant","Advanced","Non-malignant","PROX1",0.332881387315905,0.977444894654683,0.339101693503925,0.790299370923846,2,3
"Myeloid-CLEC10A-APC","Advanced_vs_Non-malignant","Advanced","Non-malignant","BCL11A",0.354140942253208,0.973117348545876,0.341199359402546,0.790299370923846,2,3
"Myeloid-CLEC10A-APC","Advanced_vs_Non-malignant","Advanced","Non-malignant","ZNF740",0.346929759606115,0.959477781698572,0.347868845891902,0.798919129124622,2,3
"Myeloid-CLEC10A-APC","Advanced_vs_Non-malignant","Advanced","Non-malignant","SPIB",-0.341100908981763,-0.940184641564392,0.357453374169729,0.812415209453399,2,3
"Myeloid-CLEC10A-APC","Advanced_vs_Non-malignant","Advanced","Non-malignant","RELB",0.378823478460251,0.935631450066573,0.359741052156487,0.812415209453399,2,3
"Myeloid-CLEC10A-APC","Advanced_vs_Non-malignant","Advanced","Non-malignant","REST",0.315000536434481,0.912156026201453,0.371691687177837,0.832466505993336,2,3
"Myeloid-CLEC10A-APC","Advanced_vs_Non-malignant","Advanced","Non-malignant","NR1H2",0.321080277230134,0.903011749462291,0.376417322453776,0.835173987172425,2,3
"Myeloid-CLEC10A-APC","Advanced_vs_Non-malignant","Advanced","Non-malignant","MEF2B",0.346041042733025,0.894699862972628,0.380747065376394,0.835173987172425,2,3
"Myeloid-CLEC10A-APC","Advanced_vs_Non-malignant","Advanced","Non-malignant","MAFF",-0.335442294283821,-0.892027543668762,0.382146031030925,0.835173987172425,2,3
"Myeloid-CLEC10A-APC","Advanced_vs_Non-malignant","Advanced","Non-malignant","HMBOX1",0.306534059597203,0.878493282619133,0.38928296255942,0.837343597027812,2,3
"Myeloid-CLEC10A-APC","Advanced_vs_Non-malignant","Advanced","Non-malignant","ATF1",-0.313369378525555,-0.878426438497899,0.389318425186363,0.837343597027812,2,3
"Myeloid-CLEC10A-APC","Advanced_vs_Non-malignant","Advanced","Non-malignant","TP73",-0.296775476143745,-0.867319945024784,0.39523991373301,0.842730933225636,2,3
"Myeloid-CLEC10A-APC","Advanced_vs_Non-malignant","Advanced","Non-malignant","ZBTB33",0.316789464182726,0.853661880991754,0.402601221935234,0.842730933225636,2,3
"Myeloid-CLEC10A-APC","Advanced_vs_Non-malignant","Advanced","Non-malignant","MYC",0.305622619611607,0.850268093926772,0.404443940849968,0.842730933225636,2,3
"Myeloid-CLEC10A-APC","Advanced_vs_Non-malignant","Advanced","Non-malignant","ARID3A",-0.291356073726739,-0.846450721240286,0.406523095230401,0.842730933225636,2,3
"Myeloid-CLEC10A-APC","Advanced_vs_Non-malignant","Advanced","Non-malignant","ARNT",0.293990624306831,0.844896104076394,0.407371779529735,0.842730933225636,2,3
"Myeloid-CLEC10A-APC","Advanced_vs_Non-malignant","Advanced","Non-malignant","ZNF143",0.281780630588258,0.804446715122711,0.429849253664588,0.879789542788545,2,3
"Myeloid-CLEC10A-APC","Advanced_vs_Non-malignant","Advanced","Non-malignant","IRF1",0.289149045384491,0.801037080253379,0.431778631700651,0.879789542788545,2,3
"Myeloid-CLEC10A-APC","Advanced_vs_Non-malignant","Advanced","Non-malignant","CEBPA",0.270618476591702,0.764978665935006,0.452509451288619,0.913715736736986,2,3
"Myeloid-CLEC10A-APC","Advanced_vs_Non-malignant","Advanced","Non-malignant","ETV4",0.27715666062616,0.757854264740557,0.456675625906701,0.913715736736986,2,3
"Myeloid-CLEC10A-APC","Advanced_vs_Non-malignant","Advanced","Non-malignant","GATA3",-0.26861849566641,-0.74877471392701,0.462018427650477,0.913715736736986,2,3
"Myeloid-CLEC10A-APC","Advanced_vs_Non-malignant","Advanced","Non-malignant","FLI1",-0.257357831592294,-0.742438514553716,0.465768951462699,0.913715736736986,2,3
"Myeloid-CLEC10A-APC","Advanced_vs_Non-malignant","Advanced","Non-malignant","SP1",-0.274538233083964,-0.740503548157474,0.466917895843063,0.913715736736986,2,3
"Myeloid-CLEC10A-APC","Advanced_vs_Non-malignant","Advanced","Non-malignant","E2F5",0.250938713001322,0.737577318342323,0.468658625116019,0.913715736736986,2,3
"Myeloid-CLEC10A-APC","Advanced_vs_Non-malignant","Advanced","Non-malignant","ETV1",0.248094134552798,0.727359964289619,0.474766690358603,0.919012664908439,2,3
"Myeloid-CLEC10A-APC","Advanced_vs_Non-malignant","Advanced","Non-malignant","PPARA",0.251702084067555,0.704978103975134,0.488309070302564,0.938523106751736,2,3
"Myeloid-CLEC10A-APC","Advanced_vs_Non-malignant","Advanced","Non-malignant","ESRRA",0.238832082615179,0.697873798199749,0.492653810965551,0.940205512476509,2,3
"Myeloid-CLEC10A-APC","Advanced_vs_Non-malignant","Advanced","Non-malignant","IRF2",0.333257488526618,0.689556287680612,0.497768572451296,0.943323658281826,2,3
"Myeloid-CLEC10A-APC","Advanced_vs_Non-malignant","Advanced","Non-malignant","BACH1",0.246309069985361,0.677107379515954,0.505480107257854,0.951093339793033,2,3
"Myeloid-CLEC10A-APC","Advanced_vs_Non-malignant","Advanced","Non-malignant","CTCF",0.228153560855037,0.671640787178243,0.508887580332066,0.951093339793033,2,3
"Myeloid-CLEC10A-APC","Advanced_vs_Non-malignant","Advanced","Non-malignant","PAX5",0.256559874600395,0.652041203094604,0.521209730998021,0.967450939044272,2,3
"Myeloid-CLEC10A-APC","Advanced_vs_Non-malignant","Advanced","Non-malignant","HNF4A",0.217881736908497,0.632898345587618,0.533401735033057,0.972597343835686,2,3
"Myeloid-CLEC10A-APC","Advanced_vs_Non-malignant","Advanced","Non-malignant","TCF4",0.22386558303883,0.632201258445104,0.533848602969469,0.972597343835686,2,3
"Myeloid-CLEC10A-APC","Advanced_vs_Non-malignant","Advanced","Non-malignant","KMT2A",-0.213657032394586,-0.628705366197574,0.536092694837502,0.972597343835686,2,3
"Myeloid-CLEC10A-APC","Advanced_vs_Non-malignant","Advanced","Non-malignant","AHR",-0.217927961713539,-0.612747780268396,0.546400413421807,0.972597343835686,2,3
"Myeloid-CLEC10A-APC","Advanced_vs_Non-malignant","Advanced","Non-malignant","POU4F2",-0.219555344881397,-0.599346029891201,0.55513773705364,0.972597343835686,2,3
"Myeloid-CLEC10A-APC","Advanced_vs_Non-malignant","Advanced","Non-malignant","KDM5B",-0.204733285537081,-0.59547688291638,0.557673774973484,0.972597343835686,2,3
"Myeloid-CLEC10A-APC","Advanced_vs_Non-malignant","Advanced","Non-malignant","HOXB13",-0.206532570622981,-0.591564891680438,0.56024401632574,0.972597343835686,2,3
"Myeloid-CLEC10A-APC","Advanced_vs_Non-malignant","Advanced","Non-malignant","SOX9",-0.201401935352441,-0.588633420139234,0.562174059894303,0.972597343835686,2,3
"Myeloid-CLEC10A-APC","Advanced_vs_Non-malignant","Advanced","Non-malignant","MAFK",-0.208397051928944,-0.587804338971412,0.562720539421004,0.972597343835686,2,3
"Myeloid-CLEC10A-APC","Advanced_vs_Non-malignant","Advanced","Non-malignant","STAT1",0.224812786578367,0.586669873697583,0.563468753830295,0.972597343835686,2,3
"Myeloid-CLEC10A-APC","Advanced_vs_Non-malignant","Advanced","Non-malignant","EHF",0.209705833803504,0.58263209684005,0.566135948219897,0.972597343835686,2,3
"Myeloid-CLEC10A-APC","Advanced_vs_Non-malignant","Advanced","Non-malignant","MEIS2",-0.202266780487529,-0.576061502512438,0.570490039509088,0.972597343835686,2,3
"Myeloid-CLEC10A-APC","Advanced_vs_Non-malignant","Advanced","Non-malignant","MEF2A",-0.271770066044339,-0.574141254117808,0.571765735414678,0.972597343835686,2,3
"Myeloid-CLEC10A-APC","Advanced_vs_Non-malignant","Advanced","Non-malignant","CLOCK",0.22727047692734,0.5657168956787,0.577379458797073,0.972597343835686,2,3
"Myeloid-CLEC10A-APC","Advanced_vs_Non-malignant","Advanced","Non-malignant","KLF3",0.192492137265763,0.565063328389516,0.577816134160684,0.972597343835686,2,3
"Myeloid-CLEC10A-APC","Advanced_vs_Non-malignant","Advanced","Non-malignant","MYB",-0.206282346864466,-0.541502113875975,0.593668423373075,0.98099133288609,2,3
"Myeloid-CLEC10A-APC","Advanced_vs_Non-malignant","Advanced","Non-malignant","EBF1",0.223308722105079,0.539859275369757,0.594781653043124,0.98099133288609,2,3
"Myeloid-CLEC10A-APC","Advanced_vs_Non-malignant","Advanced","Non-malignant","NR3C1",0.181264245051002,0.52955545326851,0.601786954522451,0.98099133288609,2,3
"Myeloid-CLEC10A-APC","Advanced_vs_Non-malignant","Advanced","Non-malignant","TCF12",0.193145232285619,0.529054932479157,0.602128258017707,0.98099133288609,2,3
"Myeloid-CLEC10A-APC","Advanced_vs_Non-malignant","Advanced","Non-malignant","NR5A2",0.187350621925183,0.524746081237412,0.6050703040464,0.98099133288609,2,3
"Myeloid-CLEC10A-APC","Advanced_vs_Non-malignant","Advanced","Non-malignant","ONECUT1",-0.180632425411279,-0.521822332691547,0.607070533964103,0.98099133288609,2,3
"Myeloid-CLEC10A-APC","Advanced_vs_Non-malignant","Advanced","Non-malignant","CREB3L1",0.180955578745032,0.516080992430928,0.611007537936527,0.98099133288609,2,3
"Myeloid-CLEC10A-APC","Advanced_vs_Non-malignant","Advanced","Non-malignant","HBP1",0.178091894972847,0.511011335655845,0.614493988783306,0.98099133288609,2,3
"Myeloid-CLEC10A-APC","Advanced_vs_Non-malignant","Advanced","Non-malignant","ZBTB11",-0.183097151975195,-0.50031940399262,0.621877498330461,0.98099133288609,2,3
"Myeloid-CLEC10A-APC","Advanced_vs_Non-malignant","Advanced","Non-malignant","SP2",-0.167645355629091,-0.491134674725098,0.628252908488568,0.98099133288609,2,3
"Myeloid-CLEC10A-APC","Advanced_vs_Non-malignant","Advanced","Non-malignant","POU2F2",0.169430885608537,0.488126951317517,0.630347165684968,0.98099133288609,2,3
"Myeloid-CLEC10A-APC","Advanced_vs_Non-malignant","Advanced","Non-malignant","SMAD4",0.174107563933427,0.487352093295353,0.630887210333271,0.98099133288609,2,3
"Myeloid-CLEC10A-APC","Advanced_vs_Non-malignant","Advanced","Non-malignant","ZNF217",-0.166828933842454,-0.477536328748483,0.637746588399553,0.98099133288609,2,3
"Myeloid-CLEC10A-APC","Advanced_vs_Non-malignant","Advanced","Non-malignant","ERG",0.162640886329731,0.473506300448163,0.640572512020078,0.98099133288609,2,3
"Myeloid-CLEC10A-APC","Advanced_vs_Non-malignant","Advanced","Non-malignant","RFX1",0.161702148931898,0.467988141826818,0.644450995516572,0.98099133288609,2,3
"Myeloid-CLEC10A-APC","Advanced_vs_Non-malignant","Advanced","Non-malignant","HINFP",0.170486381158565,0.462000150637416,0.648671451854635,0.98099133288609,2,3
"Myeloid-CLEC10A-APC","Advanced_vs_Non-malignant","Advanced","Non-malignant","ZNF24",-0.175161645890753,-0.461808523505653,0.648806715131916,0.98099133288609,2,3
"Myeloid-CLEC10A-APC","Advanced_vs_Non-malignant","Advanced","Non-malignant","PBX3",0.15750852224798,0.452024566934443,0.65572927915028,0.98099133288609,2,3
"Myeloid-CLEC10A-APC","Advanced_vs_Non-malignant","Advanced","Non-malignant","FOXP1",0.176286073972634,0.446468047664565,0.659674943616478,0.98099133288609,2,3
"Myeloid-CLEC10A-APC","Advanced_vs_Non-malignant","Advanced","Non-malignant","SOX6",-0.168114922106761,-0.443216487153024,0.661988583082112,0.98099133288609,2,3
"Myeloid-CLEC10A-APC","Advanced_vs_Non-malignant","Advanced","Non-malignant","MEF2C",0.180276205132439,0.442493208621986,0.662503701032998,0.98099133288609,2,3
"Myeloid-CLEC10A-APC","Advanced_vs_Non-malignant","Advanced","Non-malignant","LHX2",0.158118369284061,0.441520300743423,0.663196874221975,0.98099133288609,2,3
"Myeloid-CLEC10A-APC","Advanced_vs_Non-malignant","Advanced","Non-malignant","NR4A1",-0.188274728099751,-0.433615699739578,0.668840108131707,0.98099133288609,2,3
"Myeloid-CLEC10A-APC","Advanced_vs_Non-malignant","Advanced","Non-malignant","TEAD1",0.150975624366385,0.424766893728776,0.675181251052818,0.98099133288609,2,3
"Myeloid-CLEC10A-APC","Advanced_vs_Non-malignant","Advanced","Non-malignant","STAT4",-0.152636491760513,-0.42064338231505,0.678144687635079,0.98099133288609,2,3
"Myeloid-CLEC10A-APC","Advanced_vs_Non-malignant","Advanced","Non-malignant","RARA",0.142285228682448,0.419041019741761,0.679297697166266,0.98099133288609,2,3
"Myeloid-CLEC10A-APC","Advanced_vs_Non-malignant","Advanced","Non-malignant","FOSL2",0.144699264250713,0.417315656041923,0.680540112850867,0.98099133288609,2,3
"Myeloid-CLEC10A-APC","Advanced_vs_Non-malignant","Advanced","Non-malignant","MYOD1",0.147161885453447,0.410600676312208,0.685384308575271,0.98274681282486,2,3
"Myeloid-CLEC10A-APC","Advanced_vs_Non-malignant","Advanced","Non-malignant","EGR1",0.14256138003115,0.405578418686189,0.689016456938194,0.982755051738161,2,3
"Myeloid-CLEC10A-APC","Advanced_vs_Non-malignant","Advanced","Non-malignant","CDX2",-0.134378006733188,-0.388360343721001,0.701526631129916,0.987039701467173,2,3
"Myeloid-CLEC10A-APC","Advanced_vs_Non-malignant","Advanced","Non-malignant","ZNF592",0.134297070173788,0.37737333523861,0.709555262572154,0.987039701467173,2,3
"Myeloid-CLEC10A-APC","Advanced_vs_Non-malignant","Advanced","Non-malignant","ZNF639",0.127615774918287,0.371587900401511,0.713796890632949,0.987039701467173,2,3
"Myeloid-CLEC10A-APC","Advanced_vs_Non-malignant","Advanced","Non-malignant","MITF",-0.127171817199445,-0.363896901242592,0.71945026496378,0.987039701467173,2,3
"Myeloid-CLEC10A-APC","Advanced_vs_Non-malignant","Advanced","Non-malignant","JUNB",-0.134611882122064,-0.34252700765275,0.735244048633013,0.987039701467173,2,3
"Myeloid-CLEC10A-APC","Advanced_vs_Non-malignant","Advanced","Non-malignant","TFDP1",-0.122146213214702,-0.339146473604284,0.737753717686031,0.987039701467173,2,3
"Myeloid-CLEC10A-APC","Advanced_vs_Non-malignant","Advanced","Non-malignant","TFAP2A",0.123409467432895,0.328969685865832,0.745326823867342,0.987039701467173,2,3
"Myeloid-CLEC10A-APC","Advanced_vs_Non-malignant","Advanced","Non-malignant","SMAD5",0.113458472174165,0.327021989435835,0.746779247424723,0.987039701467173,2,3
"Myeloid-CLEC10A-APC","Advanced_vs_Non-malignant","Advanced","Non-malignant","RUNX2",0.112330286670497,0.326841257371512,0.74691407068356,0.987039701467173,2,3
"Myeloid-CLEC10A-APC","Advanced_vs_Non-malignant","Advanced","Non-malignant","STAT3",0.126265489732441,0.324140630930407,0.748929680471544,0.987039701467173,2,3
"Myeloid-CLEC10A-APC","Advanced_vs_Non-malignant","Advanced","Non-malignant","SIX2",-0.112195642514866,-0.32230389758039,0.75030157521188,0.987039701467173,2,3
"Myeloid-CLEC10A-APC","Advanced_vs_Non-malignant","Advanced","Non-malignant","NEUROD1",-0.109688347175538,-0.322252849392822,0.750339716274877,0.987039701467173,2,3
"Myeloid-CLEC10A-APC","Advanced_vs_Non-malignant","Advanced","Non-malignant","MAFG",-0.109555730876252,-0.320310787200163,0.751791227898463,0.987039701467173,2,3
"Myeloid-CLEC10A-APC","Advanced_vs_Non-malignant","Advanced","Non-malignant","MYBL2",0.122569132060946,0.319103464844115,0.752694063859695,0.987039701467173,2,3
"Myeloid-CLEC10A-APC","Advanced_vs_Non-malignant","Advanced","Non-malignant","NFE2",-0.11612522450116,-0.318435930230552,0.753193401984736,0.987039701467173,2,3
"Myeloid-CLEC10A-APC","Advanced_vs_Non-malignant","Advanced","Non-malignant","KLF1",0.109739592019265,0.315779369124605,0.755181691284916,0.987039701467173,2,3
"Myeloid-CLEC10A-APC","Advanced_vs_Non-malignant","Advanced","Non-malignant","PAX6",-0.113657202632171,-0.314707326991188,0.755984548402341,0.987039701467173,2,3
"Myeloid-CLEC10A-APC","Advanced_vs_Non-malignant","Advanced","Non-malignant","JUND",-0.124034114193162,-0.310424992326088,0.759194413373572,0.987039701467173,2,3
"Myeloid-CLEC10A-APC","Advanced_vs_Non-malignant","Advanced","Non-malignant","GFI1B",0.104721775465553,0.307722345511482,0.761222500393502,0.987039701467173,2,3
"Myeloid-CLEC10A-APC","Advanced_vs_Non-malignant","Advanced","Non-malignant","MAFB",-0.108484311429847,-0.292038342420933,0.773026151000545,0.990933204560099,2,3
"Myeloid-CLEC10A-APC","Advanced_vs_Non-malignant","Advanced","Non-malignant","CEBPD",0.114595503520679,0.290164904365278,0.774439913802571,0.990933204560099,2,3
"Myeloid-CLEC10A-APC","Advanced_vs_Non-malignant","Advanced","Non-malignant","NR2F2",-0.0956088541883506,-0.274801388333333,0.786063561523635,0.990933204560099,2,3
"Myeloid-CLEC10A-APC","Advanced_vs_Non-malignant","Advanced","Non-malignant","GATA6",0.110272051059625,0.274484784728559,0.786303643911794,0.990933204560099,2,3
"Myeloid-CLEC10A-APC","Advanced_vs_Non-malignant","Advanced","Non-malignant","RXRA",0.0941754316078339,0.274324986970218,0.786424827758527,0.990933204560099,2,3
"Myeloid-CLEC10A-APC","Advanced_vs_Non-malignant","Advanced","Non-malignant","LYL1",0.109133884097668,0.265798762693072,0.792898710262765,0.990933204560099,2,3
"Myeloid-CLEC10A-APC","Advanced_vs_Non-malignant","Advanced","Non-malignant","TP53",-0.0939377069789062,-0.258878763086593,0.798164281057168,0.990933204560099,2,3
"Myeloid-CLEC10A-APC","Advanced_vs_Non-malignant","Advanced","Non-malignant","ARNTL",0.128515023038238,0.258663244178405,0.798328433205975,0.990933204560099,2,3
"Myeloid-CLEC10A-APC","Advanced_vs_Non-malignant","Advanced","Non-malignant","BHLHE40",-0.0920617040884231,-0.243312206713779,0.810044809049817,0.990933204560099,2,3
"Myeloid-CLEC10A-APC","Advanced_vs_Non-malignant","Advanced","Non-malignant","ZNF274",0.0823302772952502,0.234078375639038,0.817114551166135,0.990933204560099,2,3
"Myeloid-CLEC10A-APC","Advanced_vs_Non-malignant","Advanced","Non-malignant","NCOA1",-0.080112719262572,-0.233606635336623,0.817476165508309,0.990933204560099,2,3
"Myeloid-CLEC10A-APC","Advanced_vs_Non-malignant","Advanced","Non-malignant","IRF9",0.0875913026035423,0.232287681435496,0.818487435097483,0.990933204560099,2,3
"Myeloid-CLEC10A-APC","Advanced_vs_Non-malignant","Advanced","Non-malignant","TP63",0.0774975989756956,0.22565850429892,0.823575025486033,0.990933204560099,2,3
"Myeloid-CLEC10A-APC","Advanced_vs_Non-malignant","Advanced","Non-malignant","RUNX1",0.0757559421480379,0.224194505106431,0.82469965712847,0.990933204560099,2,3
"Myeloid-CLEC10A-APC","Advanced_vs_Non-malignant","Advanced","Non-malignant","ATF4",-0.077783614322314,-0.21258780380392,0.833629266966924,0.990933204560099,2,3
"Myeloid-CLEC10A-APC","Advanced_vs_Non-malignant","Advanced","Non-malignant","BCL6",0.0741707999569743,0.206935426193897,0.837986332816278,0.990933204560099,2,3
"Myeloid-CLEC10A-APC","Advanced_vs_Non-malignant","Advanced","Non-malignant","SP3",-0.0743025762449226,-0.205439569270639,0.839140292262461,0.990933204560099,2,3
"Myeloid-CLEC10A-APC","Advanced_vs_Non-malignant","Advanced","Non-malignant","EOMES",0.0734971223358043,0.205320096549917,0.839232473946911,0.990933204560099,2,3
"Myeloid-CLEC10A-APC","Advanced_vs_Non-malignant","Advanced","Non-malignant","SREBF1",-0.0764914588062636,-0.202790646862094,0.841184675936572,0.990933204560099,2,3
"Myeloid-CLEC10A-APC","Advanced_vs_Non-malignant","Advanced","Non-malignant","TBP",0.0683079287851275,0.20091862321605,0.842630157660124,0.990933204560099,2,3
"Myeloid-CLEC10A-APC","Advanced_vs_Non-malignant","Advanced","Non-malignant","PGR",0.0741258809116282,0.195552147356593,0.846777007338288,0.990933204560099,2,3
"Myeloid-CLEC10A-APC","Advanced_vs_Non-malignant","Advanced","Non-malignant","SOX10",-0.0666714100427693,-0.195196618798689,0.847051897659362,0.990933204560099,2,3
"Myeloid-CLEC10A-APC","Advanced_vs_Non-malignant","Advanced","Non-malignant","STAT5A",0.0653122872904542,0.183050686316148,0.856454717571442,0.990933204560099,2,3
"Myeloid-CLEC10A-APC","Advanced_vs_Non-malignant","Advanced","Non-malignant","TEAD2",-0.062007327433047,-0.182676248265971,0.85674494469379,0.990933204560099,2,3
"Myeloid-CLEC10A-APC","Advanced_vs_Non-malignant","Advanced","Non-malignant","SOX13",0.0631380751630824,0.18109369755302,0.857971809068087,0.990933204560099,2,3
"Myeloid-CLEC10A-APC","Advanced_vs_Non-malignant","Advanced","Non-malignant","BHLHE22",0.0621431695530641,0.170268137805834,0.866373956898176,0.990933204560099,2,3
"Myeloid-CLEC10A-APC","Advanced_vs_Non-malignant","Advanced","Non-malignant","OTX2",0.0598885060553967,0.165434661423212,0.870130698858343,0.990933204560099,2,3
"Myeloid-CLEC10A-APC","Advanced_vs_Non-malignant","Advanced","Non-malignant","ZBED1",-0.0553571211546964,-0.159907378875168,0.874430533153457,0.990933204560099,2,3
"Myeloid-CLEC10A-APC","Advanced_vs_Non-malignant","Advanced","Non-malignant","NFKB2",-0.0588150363462698,-0.159321469123608,0.874886564627588,0.990933204560099,2,3
"Myeloid-CLEC10A-APC","Advanced_vs_Non-malignant","Advanced","Non-malignant","ATF2",0.0600965235212491,0.156943930373808,0.876737530504552,0.990933204560099,2,3
"Myeloid-CLEC10A-APC","Advanced_vs_Non-malignant","Advanced","Non-malignant","EPAS1",-0.0566303436130386,-0.149554291932817,0.882495085691352,0.990933204560099,2,3
"Myeloid-CLEC10A-APC","Advanced_vs_Non-malignant","Advanced","Non-malignant","XBP1",-0.0456004459161092,-0.127253577391563,0.899909463290225,0.990933204560099,2,3
"Myeloid-CLEC10A-APC","Advanced_vs_Non-malignant","Advanced","Non-malignant","SOX11",-0.0422981220892909,-0.122687491242381,0.903481739743847,0.990933204560099,2,3
"Myeloid-CLEC10A-APC","Advanced_vs_Non-malignant","Advanced","Non-malignant","VDR",-0.0382989724882013,-0.112862895748042,0.91117500459974,0.990933204560099,2,3
"Myeloid-CLEC10A-APC","Advanced_vs_Non-malignant","Advanced","Non-malignant","DUX4",0.0380923506212943,0.106440804690402,0.916208768816529,0.990933204560099,2,3
"Myeloid-CLEC10A-APC","Advanced_vs_Non-malignant","Advanced","Non-malignant","RBPJ",0.0421972148960769,0.105547031565103,0.916909616318457,0.990933204560099,2,3
"Myeloid-CLEC10A-APC","Advanced_vs_Non-malignant","Advanced","Non-malignant","RFX2",0.0355698460192936,0.104315220630831,0.91787564755657,0.990933204560099,2,3
"Myeloid-CLEC10A-APC","Advanced_vs_Non-malignant","Advanced","Non-malignant","HHEX",-0.0341800503480092,-0.0946006828453584,0.92549856972385,0.990933204560099,2,3
"Myeloid-CLEC10A-APC","Advanced_vs_Non-malignant","Advanced","Non-malignant","NCOA3",0.0331365856840339,0.0917837396339684,0.927710406680123,0.990933204560099,2,3
"Myeloid-CLEC10A-APC","Advanced_vs_Non-malignant","Advanced","Non-malignant","USF1",-0.0316824427661734,-0.0904783684668201,0.928735575551227,0.990933204560099,2,3
"Myeloid-CLEC10A-APC","Advanced_vs_Non-malignant","Advanced","Non-malignant","GATA2",-0.0312268618558356,-0.0904277202183012,0.928775354546671,0.990933204560099,2,3
"Myeloid-CLEC10A-APC","Advanced_vs_Non-malignant","Advanced","Non-malignant","MEIS1",-0.0317289581566892,-0.087307009812835,0.931226715293419,0.990933204560099,2,3
"Myeloid-CLEC10A-APC","Advanced_vs_Non-malignant","Advanced","Non-malignant","PBX2",-0.0333487086297394,-0.0835658819459859,0.934166340857553,0.990933204560099,2,3
"Myeloid-CLEC10A-APC","Advanced_vs_Non-malignant","Advanced","Non-malignant","FOXK2",0.0270748962293037,0.0755406741348104,0.940475408833912,0.990933204560099,2,3
"Myeloid-CLEC10A-APC","Advanced_vs_Non-malignant","Advanced","Non-malignant","HOXA9",0.0256786395060063,0.0732126943020418,0.942306332259873,0.990933204560099,2,3
"Myeloid-CLEC10A-APC","Advanced_vs_Non-malignant","Advanced","Non-malignant","NFYA",-0.024323877495434,-0.0707441039977436,0.944248200144264,0.990933204560099,2,3
"Myeloid-CLEC10A-APC","Advanced_vs_Non-malignant","Advanced","Non-malignant","NFYB",-0.026234618332563,-0.0699175265803012,0.944898490841734,0.990933204560099,2,3
"Myeloid-CLEC10A-APC","Advanced_vs_Non-malignant","Advanced","Non-malignant","STAT5B",0.0252962086021986,0.0690147601829631,0.945608766347607,0.990933204560099,2,3
"Myeloid-CLEC10A-APC","Advanced_vs_Non-malignant","Advanced","Non-malignant","TCF3",0.0243344036193793,0.0682540598400486,0.94620730355487,0.990933204560099,2,3
"Myeloid-CLEC10A-APC","Advanced_vs_Non-malignant","Advanced","Non-malignant","ASCL1",-0.0228131557520166,-0.0671777268991302,0.947054243472567,0.990933204560099,2,3
"Myeloid-CLEC10A-APC","Advanced_vs_Non-malignant","Advanced","Non-malignant","TEAD4",-0.0204518780923563,-0.0579974609716721,0.954280467422907,0.994653871813876,2,3
"Myeloid-CLEC10A-APC","Advanced_vs_Non-malignant","Advanced","Non-malignant","NR2F6",-0.0147437289282031,-0.0424860226669329,0.966499072275212,0.997769991015301,2,3
"Myeloid-CLEC10A-APC","Advanced_vs_Non-malignant","Advanced","Non-malignant","ESR1",-0.0128917372471155,-0.0326876371308301,0.974221951276908,0.997769991015301,2,3
"Myeloid-CLEC10A-APC","Advanced_vs_Non-malignant","Advanced","Non-malignant","ELF1",-0.0109839050860527,-0.0306754105205147,0.975808291139539,0.997769991015301,2,3
"Myeloid-CLEC10A-APC","Advanced_vs_Non-malignant","Advanced","Non-malignant","NCOA2",0.0102795234443227,0.029824964742284,0.976478771676915,0.997769991015301,2,3
"Myeloid-CLEC10A-APC","Advanced_vs_Non-malignant","Advanced","Non-malignant","TAL1",-0.00942756870228822,-0.0255774843657431,0.979827686872725,0.997769991015301,2,3
"Myeloid-CLEC10A-APC","Advanced_vs_Non-malignant","Advanced","Non-malignant","PAX8",0.00912518138168834,0.0252255369534708,0.980105196862475,0.997769991015301,2,3
"Myeloid-CLEC10A-APC","Advanced_vs_Non-malignant","Advanced","Non-malignant","ARID2",0.00774629109672506,0.0215002146763043,0.983042758675591,0.997769991015301,2,3
"Myeloid-CLEC10A-APC","Advanced_vs_Non-malignant","Advanced","Non-malignant","PKNOX1",-0.00414688554917451,-0.0112247192196597,0.991146533492049,0.998389630927636,2,3
"Myeloid-CLEC10A-APC","Advanced_vs_Non-malignant","Advanced","Non-malignant","HNF1B",0.00237492410891415,0.00676342931473691,0.994665289039657,0.998389630927636,2,3
"Myeloid-CLEC10A-APC","Advanced_vs_Non-malignant","Advanced","Non-malignant","POU5F1",-0.00199886356171522,-0.00563172709307112,0.995557917689118,0.998389630927636,2,3
"Myeloid-CLEC10A-APC","Advanced_vs_Non-malignant","Advanced","Non-malignant","PDX1",-0.000756298122624886,-0.00204163609431876,0.998389630927636,0.998389630927636,2,3
