"","p_val","avg_log2FC","pct.1","pct.2","p_val_adj"
"CD2",0,4.97779752412629,0.712,0.049,0
"PTPRC",0,3.45335502330485,0.838,0.21,0
"CD52",0,3.85014474561899,0.731,0.141,0
"CCL5",0,4.77181769131626,0.74,0.174,0
"TRAC",0,4.63646204442595,0.6,0.062,0
"ACAP1",0,4.3330454836436,0.654,0.127,0
"GZMA",0,4.86302441530601,0.563,0.043,0
"CD3E",0,4.93531572502178,0.555,0.037,0
"HCST",0,3.4198866520407,0.709,0.194,0
"TRBC2",0,4.63639435525333,0.579,0.067,0
"CD3D",0,4.93810638302198,0.546,0.037,0
"CORO1A",0,2.81548681591542,0.718,0.214,0
"CD69",0,3.69260541984434,0.648,0.149,0
"IL2RG",0,3.8474162358628,0.603,0.114,0
"NKG7",0,4.96703535161612,0.561,0.081,0
"CD7",0,5.05048005006114,0.519,0.042,0
"CD247",0,5.02321024324331,0.515,0.04,0
"CD48",0,3.18957105923966,0.612,0.145,0
"CST7",0,4.86328386756988,0.517,0.057,0
"LCK",0,4.68218177363634,0.493,0.04,0
"CD3G",0,4.98541194780431,0.475,0.028,0
"RAC2",0,3.14591571941957,0.637,0.191,0
"FYB1",0,2.57027127215422,0.592,0.16,0
"TRBC1",0,4.94121067581053,0.467,0.038,0
"IKZF3",0,4.20025989086241,0.489,0.06,0
"LCP1",0,2.38495561594351,0.635,0.217,0
"LTB",0,4.06350739334783,0.489,0.09,0
"PRF1",0,5.03831380778129,0.43,0.031,0
"CD96",0,4.82664633549011,0.431,0.035,0
"SRGN",0,1.17873511431181,0.735,0.346,0
"IL2RB",0,5.18055529793979,0.423,0.034,0
"GIMAP7",0,3.07012647589415,0.516,0.13,0
"RUNX3",0,3.75086560975385,0.498,0.113,0
"CTSW",0,4.72379115652674,0.418,0.034,0
"TBC1D10C",0,4.05356034610102,0.454,0.074,0
"GZMM",0,5.51062052427361,0.403,0.025,0
"LSP1",0,2.57131562019025,0.555,0.18,0
"CYTIP",0,3.29180711213253,0.495,0.126,0
"SAMD3",0,5.25731782792867,0.395,0.027,0
"CLEC2D",0,3.57607487703033,0.539,0.173,0
"CD53",0,2.26009873953721,0.542,0.179,0
"IL32",0,3.58807697315342,0.746,0.383,0
"CD37",0,2.1349376670792,0.539,0.181,0
"RGS1",0,1.27901103271466,0.591,0.238,0
"IKZF1",0,3.28419452705129,0.475,0.123,0
"CCL4",0,2.8665896569249,0.616,0.268,0
"STK17B",0,2.95558110138202,0.617,0.272,0
"TRAF3IP3",0,3.75212530348111,0.426,0.083,0
"TIGIT",0,4.70138129409708,0.368,0.028,0
"PYHIN1",0,5.20799887467592,0.364,0.025,0
"CXCR4",0,2.81019537763103,0.572,0.241,0
"KLRD1",0,5.52508098771594,0.356,0.028,0
"PTPN22",0,3.95755364582993,0.403,0.078,0
"GZMB",0,4.01809902450461,0.363,0.038,0
"LIMD2",0,2.90964281071139,0.55,0.227,0
"S100A4",0,1.67115422808702,0.736,0.417,0
"PTPN7",0,3.43461416584144,0.433,0.117,0
"SKAP1",0,4.30331289199937,0.389,0.073,0
"GZMH",0,5.19502764440822,0.335,0.024,0
"ARHGDIB",0,1.92913983227055,0.662,0.352,0
"GMFG",0,2.0555646206089,0.539,0.229,0
"ALOX5AP",0,2.45675660806375,0.437,0.127,0
"APOBEC3G",0,3.34670327167807,0.562,0.255,0
"ITGB2",0,1.43228902631113,0.516,0.209,0
"KLRB1",0,6.15971339720219,0.324,0.018,0
"SLA",0,3.28519848330458,0.416,0.111,0
"GBP5",0,3.04336638583453,0.428,0.124,0
"EVL",0,2.98369453224762,0.722,0.418,0
"RASGRP1",0,4.44000890540678,0.361,0.058,0
"LAPTM5",0,0.608805630201537,0.553,0.256,0
"LINC01871",0,4.85775010475373,0.323,0.027,0
"ITGAL",0,3.64635526195321,0.37,0.079,0
"LAT",0,4.02438579815166,0.354,0.064,0
"DOK2",0,3.32639303726859,0.361,0.078,0
"EMB",0,3.14387981799903,0.401,0.122,0
"GNLY",0,5.38691678441144,0.367,0.09,0
"ARL4C",0,2.18945756011653,0.575,0.299,0
"ETS1",0,2.48006999408583,0.54,0.265,0
"DOCK8",0,2.5179261916442,0.446,0.176,0
"DUSP2",0,2.58552477143432,0.492,0.225,0
"STK4",0,2.73102890065943,0.682,0.416,0
"IFNG",0,4.48225473900764,0.293,0.027,0
"GIMAP4",0,2.28511280557913,0.425,0.163,0
"AKNA",0,3.21736134716968,0.444,0.182,0
"ARHGAP9",0,3.58672716340375,0.341,0.079,0
"RASAL3",0,3.5697615501599,0.335,0.074,0
"ZAP70",0,4.76429005398145,0.284,0.026,0
"SPOCK2",0,3.34288850739981,0.366,0.109,0
"FMNL1",0,2.27769085436995,0.451,0.194,0
"APBB1IP",0,2.43974090881404,0.385,0.13,0
"RHOH",0,3.81597468732553,0.307,0.053,0
"ARHGAP30",0,2.93806395399628,0.375,0.122,0
"XCL2",0,5.01629557890137,0.273,0.02,0
"CCAR1",0,0.301484611857899,0.248,0.5,0
"BCL11B",0,5.16024979377075,0.275,0.023,0
"LCP2",0,2.27417734206668,0.391,0.14,0
"SPN",0,3.39163720905617,0.323,0.072,0
"CD8A",0,4.84914686895477,0.271,0.021,0
"SAMSN1",0,2.40544748940515,0.379,0.13,0
"CCND2",0,2.6826501606905,0.449,0.206,0
"GZMK",0,5.94000251853591,0.258,0.015,0
"TNRC6A",0,0.266022036292216,0.202,0.442,0
"BIN2",0,3.10164558998316,0.328,0.09,0
"SLFN12L",0,4.40792933012321,0.273,0.035,0
"WIPF1",0,2.49820826331309,0.488,0.25,0
"CD44",0,1.76993538345954,0.605,0.367,0
"USP8",0,0.284092262568895,0.228,0.465,0
"GPR171",0,5.07087654747082,0.252,0.016,0
"HOPX",0,3.01959878934891,0.326,0.091,0
"AHI1",0,0.353198634434485,0.169,0.404,0
"SPEN",0,0.423728587833713,0.225,0.458,0
"TIA1",0,0.275112837685765,0.21,0.443,0
"RANBP2",0,0.306400357971774,0.227,0.458,0
"TMF1",0,0.257871942946914,0.223,0.453,0
"ISG20",0,2.57056572149286,0.489,0.26,0
"SH2D2A",0,4.50890523556938,0.267,0.039,0
"SMC5",0,0.251951865096641,0.22,0.448,0
"USP48",0,0.272635936882908,0.203,0.43,0
"CXCR3",0,4.27753337458866,0.259,0.033,0
"SUGP2",0,0.297201888473177,0.207,0.431,0
"HLA-F",0,2.10619922899623,0.648,0.427,0
"SUMF2",0,0.260299999416445,0.208,0.429,0
"TAOK1",0,0.285952726483023,0.203,0.424,0
"CCNL2",0,0.344670240637336,0.208,0.428,0
"CRIP1",0,1.83413977707976,0.439,0.219,0
"PRKCH",0,2.94492915142385,0.341,0.125,0
"TNFRSF18",0,4.44692809689379,0.259,0.044,0
"KLC1",0,0.307005897484021,0.186,0.4,0
"GPSM3",0,2.2894217055182,0.406,0.193,0
"OXNAD1",0,3.81817435488455,0.312,0.099,0
"ANKLE2",0,0.309900496272113,0.187,0.398,0
"HERC2",0,0.252020911343805,0.184,0.394,0
"USP7",0,0.291901001309923,0.187,0.396,0
"PSTPIP1",0,3.13337236432722,0.291,0.082,0
"CD27",0,3.87310863793294,0.252,0.044,0
"CREBBP",0,0.377786002316413,0.186,0.393,0
"PDS5B",0,0.253655930765824,0.17,0.377,0
"ICAM3",0,2.68496196950407,0.418,0.211,0
"HCLS1",0,1.89053606483207,0.404,0.198,0
"STK17A",0,2.62599762551003,0.545,0.339,0
"ADGRE5",0,2.74537961577801,0.426,0.221,0
"PUM2",0,0.392609767075153,0.185,0.388,0
"RAF1",0,0.322463033426554,0.185,0.388,0
"ARHGAP15",0,2.92656421345917,0.296,0.093,0
"KRIT1",0,0.330806106413804,0.183,0.385,0
"MYO1G",0,2.74412409129002,0.291,0.089,0
"ARAP2",0,3.29643595268358,0.325,0.125,0
"MYO1F",0,2.15155830169045,0.367,0.168,0
"NOC2L",0,0.287700316449339,0.173,0.368,0
"ANKIB1",0,0.328743104163949,0.161,0.356,0
"EPM2AIP1",0,0.343839962610362,0.174,0.368,0
"IL10RA",0,2.29495474014709,0.328,0.134,0
"LUC7L",0,0.435032795467131,0.172,0.364,0
"IL7R",0,4.36774038141937,0.265,0.074,0
"SEPT6",0,2.39421565295835,0.465,0.274,0
"OASL",0,2.76874546726157,0.29,0.099,0
"SEPT1",0,2.81637515606868,0.354,0.164,0
"SF3B3",0,0.281622130284838,0.163,0.353,0
"TMC8",0,3.31310745217917,0.279,0.09,0
"ITGA4",0,2.69584322432775,0.309,0.12,0
"TNFAIP3",0,1.95059165951743,0.559,0.371,0
"GNG2",0,3.07554880225663,0.31,0.122,0
"TNKS2",0,0.314914295161013,0.164,0.352,0
"SELPLG",0,3.00048407368388,0.269,0.083,0
"EXOC1",0,0.286859194312059,0.154,0.339,0
"MSL1",0,0.312629170306979,0.157,0.342,0
"ARHGAP45",0,2.61794903994778,0.316,0.131,0
"RORA",0,3.05239976965704,0.389,0.205,0
"AGO3",0,0.334007566178299,0.151,0.334,0
"ZNF518A",0,0.305761798741763,0.145,0.326,0
"LAG3",0,3.21823132205123,0.291,0.11,0
"CEP290",0,0.299189348602773,0.144,0.324,0
"SEMA4D",0,2.88760433859298,0.342,0.163,0
"CDC42",0,0.378520494621494,0.63,0.806,0
"EVI2B",0,1.790326370678,0.326,0.151,0
"FYN",0,2.43648043676383,0.476,0.302,0
"RNF213",0,2.22373609544816,0.782,0.611,0
"ANKRD44",0,2.71061187802282,0.319,0.148,0
"AKAP11",0,0.348853417284306,0.134,0.304,0
"PSMB9",0,1.80831806969915,0.643,0.476,0
"TNFRSF1B",0,2.17323300814992,0.358,0.191,0
"HNRNPH1",0,0.74663653446762,0.59,0.756,0
"SLFN5",0,2.28395158631216,0.531,0.366,0
"CYFIP2",0,3.06286424110162,0.283,0.118,0
"TAGAP",0,2.05846249217739,0.288,0.123,0
"INTS1",0,0.283129453927372,0.117,0.279,0
"RASSF5",0,2.78947408089005,0.265,0.107,0
"RHOF",0,2.80075059779867,0.293,0.137,0
"DENND2D",0,3.04368292691785,0.287,0.132,0
"SARAF",0,0.734294855646987,0.588,0.742,0
"STK10",0,2.70574814090079,0.313,0.16,0
"MBP",0,2.31568341061799,0.418,0.266,0
"YWHAZ",0,0.526039478931933,0.634,0.783,0
"SRSF5",0,0.754975122549889,0.653,0.799,0
"TUBA4A",0,2.03461810681392,0.327,0.182,0
"GPRIN3",0,2.24453227579169,0.273,0.128,0
"DEF6",0,2.65203119182101,0.262,0.117,0
"GIMAP1",0,2.19580566439147,0.253,0.108,0
"PTGER4",0,1.92377942509947,0.266,0.122,0
"RBM39",0,0.634275361342175,0.706,0.85,0
"ARGLU1",0,0.767347909616664,0.614,0.757,0
"ARHGEF1",0,2.52597617137805,0.415,0.272,0
"YWHAB",0,0.448377113601635,0.654,0.796,0
"DDX3X",0,0.770090161186332,0.633,0.773,0
"DDX17",0,0.667762479730176,0.7,0.84,0
"GPBP1",0,1.03379661840375,0.487,0.626,0
"CD84",0,1.96275018237404,0.256,0.119,0
"CLIC3",0,3.07143816485434,0.26,0.123,0
"RPL36AL",0,0.475498322296858,0.714,0.851,0
"CCDC88C",0,2.9761870859271,0.267,0.13,0
"VAMP8",0,0.795170448297935,0.489,0.353,0
"SEPT7",0,0.47947868081615,0.64,0.776,0
"MYL12B",0,0.278329174203798,0.712,0.848,0
"TNFAIP8",0,2.03386727001816,0.344,0.209,0
"TSC22D3",0,2.53061253131452,0.596,0.461,0
"WAS",0,1.87678994819651,0.258,0.124,0
"RAP1B",0,0.765620089615639,0.496,0.63,0
"FERMT3",0,1.82432037149892,0.272,0.139,0
"FUS",0,0.610784150709629,0.71,0.843,0
"FXYD5",0,1.49272394604707,0.447,0.314,0
"PARP8",0,2.90570949250568,0.293,0.16,0
"BIRC3",0,1.91931975127134,0.298,0.165,0
"CDC42SE2",0,2.36610457147683,0.455,0.323,0
"SYNRG",0,2.53113667133645,0.425,0.293,0
"SLC9A3R1",0,2.43932106837141,0.336,0.205,0
"SUB1",0,0.469181315362637,0.665,0.796,0
"RBPJ",0,1.38230270624185,0.453,0.584,0
"RARRES3",0,1.8125754228989,0.576,0.445,0
"CCL3",0,0.662287599255949,0.357,0.227,0
"ADAR",0,1.01057785266341,0.476,0.605,0
"NLRC5",0,2.799490788274,0.268,0.14,0
"DRAP1",0,0.87259874727606,0.551,0.678,0
"MPHOSPH8",0,1.13470995682616,0.534,0.659,0
"SAMD9",0,2.36957655702401,0.438,0.314,0
"RAB27A",0,2.50254781443864,0.321,0.197,0
"KMT2E",0,1.03948462605829,0.534,0.657,0
"INPP5D",0,1.99721914233977,0.27,0.149,0
"PREX1",0,2.12116248792083,0.34,0.219,0
"PRRC2C",0,0.941228515521652,0.665,0.786,0
"CHST12",0,2.69276368678122,0.396,0.275,0
"PDE7A",0,2.68715164081304,0.309,0.188,0
"ARID4B",0,1.06933349087126,0.464,0.585,0
"VAMP2",0,0.967951853188511,0.484,0.604,0
"ARPC3",0,0.424493796217108,0.672,0.791,0
"AES",0,0.829744209750566,0.601,0.72,0
"ACTR3",0,0.72350945039639,0.516,0.634,0
"TMA7",0,0.560182991621496,0.755,0.872,0
"SAMD9L",0,2.15711215695043,0.419,0.302,0
"TMC6",0,2.31188515209267,0.332,0.217,0
"PNISR",0,0.726147118219607,0.713,0.828,0
"NCKAP1L",0,1.5299040726587,0.257,0.143,0
"PIK3IP1",0,2.58579293206811,0.298,0.185,0
"HSPA8",0,0.390909640993963,0.713,0.825,0
"ATP5E",0,0.442028517326582,0.801,0.913,0
"BTN3A2",0,2.21245416346058,0.441,0.331,0
"NKTR",0,1.18004047831676,0.559,0.668,0
"PPP1CA",0,0.741931502407915,0.442,0.55,0
"BCL2",0,2.28165374934782,0.316,0.208,0
"MYH9",0,0.682457174396029,0.536,0.644,0
"MCL1",0,0.417988769808006,0.683,0.79,0
"PSME1",0,0.842557513171668,0.62,0.727,0
"IFI16",0,0.805641757617928,0.602,0.707,0
"AAK1",0,1.85888018423922,0.579,0.474,0
"C12orf75",0,1.66541176975347,0.32,0.216,0
"TTC39C",0,2.49527682460526,0.284,0.18,0
"PIP4K2A",0,2.42757232166562,0.301,0.2,0
"SON",0,0.838321336806841,0.754,0.855,0
"RSBN1L",0,1.2028681258883,0.42,0.52,0
"IQGAP2",0,2.08072030676371,0.263,0.163,0
"PPP2R5C",0,2.3451045730605,0.55,0.451,0
"FAM107B",0,1.74419275953208,0.395,0.297,0
"CCL4L2",0,1.93829152445724,0.281,0.183,0
"GCC2",0,1.20158304162604,0.506,0.604,0
"CFL1",0,0.444210456707938,0.781,0.879,0
"PSME2",0,0.515216435934577,0.546,0.644,0
"MYCBP2",0,1.21645595630665,0.455,0.552,0
"PTK2B",0,2.1894450451954,0.255,0.158,0
"ID2",0,1.41401743660068,0.612,0.515,0
"UBB",0,0.361831330111951,0.74,0.837,0
"CLIC1",0,0.751841136796931,0.69,0.786,0
"TMEM2",0,2.41552432849192,0.294,0.198,0
"SUN2",0,2.18903145640388,0.375,0.279,0
"CYBA",0,0.784736404430705,0.796,0.701,0
"BTG1",0,1.87301607166628,0.876,0.781,0
"N4BP2L2",0,1.04110257225495,0.69,0.783,0
"PTPN4",0,2.47483889255423,0.31,0.218,0
"JAK1",0,1.20050166725209,0.524,0.613,0
"TGFB1",0,1.81122415523194,0.365,0.276,0
"ARPC2",0,0.766825875381099,0.73,0.818,0
"SLC2A3",0,1.15669320787573,0.471,0.383,0
"HNRNPA2B1",0,0.355752564900839,0.838,0.925,0
"PRPF38B",0,1.20451747508881,0.5,0.587,0
"MGEA5",0,1.31495545895699,0.413,0.499,0
"CKLF",0,1.80213356762567,0.519,0.433,0
"KANSL1",0,1.33625248570675,0.408,0.494,0
"PRDM1",0,1.44144331831936,0.254,0.169,0
"RNF166",0,2.30730055850494,0.266,0.182,0
"TRIM22",0,2.03002600476464,0.449,0.368,0
"SOCS1",0,2.12852144022604,0.287,0.208,0
"ITM2A",0,0.858937502072984,0.416,0.337,0
"PTPN6",0,1.62334449304815,0.286,0.208,0
"SLC38A1",0,1.7297481913318,0.342,0.265,0
"G3BP2",0,1.34240444798006,0.388,0.464,0
"PPP1R18",0,1.73537097598043,0.363,0.287,0
"CALM1",0,0.675960561117929,0.793,0.869,0
"DDX24",0,1.21767295466958,0.637,0.712,0
"CSK",0,1.89791263250564,0.337,0.263,0
"EZR",0,0.89041326365857,0.415,0.488,0
"UCP2",0,0.755467875202427,0.375,0.302,0
"TRAF5",0,2.49978608699687,0.263,0.191,0
"DOCK10",0,1.8139834770403,0.26,0.188,0
"GSTK1",0,1.18078063091316,0.478,0.549,0
"CELF2",0,1.68473032865754,0.478,0.408,0
"APOBEC3C",0,2.03195910487032,0.373,0.303,0
"ARHGAP4",0,1.69479012664065,0.253,0.185,0
"FAM49B",0,1.44986673035636,0.467,0.399,0
"C5orf56",0,2.23831580568378,0.297,0.229,0
"TPM3",0,0.693566910972939,0.587,0.654,0
"CLK1",0,1.17057188956344,0.436,0.503,0
"SH3BGRL3",0,1.45713960466856,0.8,0.736,0
"CTSC",0,1.17206271525327,0.549,0.485,0
"CASP8",0,1.99338848053407,0.306,0.242,0
"DGKZ",0,2.04606474005698,0.353,0.289,0
"CHMP4A",0,1.25518898799623,0.414,0.477,0
"ARL6IP5",0,1.18671311127112,0.564,0.626,0
"RGCC",0,0.970299216285052,0.301,0.239,0
"CIB1",0,1.07146351766552,0.514,0.574,0
"BTN3A1",0,2.27301558350242,0.256,0.197,0
"IDS",0,1.36909359996392,0.462,0.521,0
"PAG1",0,2.0485956391385,0.28,0.222,0
"ATM",0,1.50661068498817,0.444,0.502,0
"CYLD",0,2.01676929211867,0.389,0.331,0
"LRRFIP1",0,0.759397997291895,0.531,0.589,0
"IFITM2",0,0.911341687273248,0.663,0.721,0
"ARHGEF3",0,1.9715159450059,0.266,0.209,0
"RAB11FIP1",0,1.41523382748718,0.308,0.251,0
"FNBP1",0,1.82459875295586,0.485,0.428,0
"XIST",0,0.572890229509229,0.792,0.849,0
"CFLAR",0,0.929086240006948,0.503,0.558,0
"HSP90AA1",0,0.496202916993682,0.9,0.955,0
"PFN1",0,0.920028487893333,0.743,0.797,0
"GNPTAB",0,2.19054678668048,0.365,0.311,0
"PRKACB",0,2.08810232304709,0.253,0.2,0
"SP110",0,1.70846733610604,0.418,0.365,0
"XAF1",0,1.36450804485291,0.51,0.562,0
"HLA-E",0,1.43885209784849,0.893,0.842,0
"TAP1",0,1.49872805360922,0.422,0.371,0
"CASP1",0,1.51124207804111,0.254,0.203,0
"BUB3",0,1.20448288291845,0.391,0.442,0
"IRF1",0,1.10592818160281,0.573,0.522,0
"ARPC5L",0,1.22052002739166,0.4,0.45,0
"RSRP1",0,1.0631362349659,0.654,0.704,0
"LYST",0,2.00157630671852,0.306,0.257,0
"EFHD2",0,0.997859503541368,0.401,0.449,0
"PPP1R2",0,1.44344385710478,0.413,0.46,0
"CCND3",0,1.79348945264076,0.353,0.306,0
"UTRN",0,1.25956537520982,0.408,0.454,0
"SRSF7",0,0.913057062778324,0.768,0.813,0
"OCIAD2",0,1.41009813891335,0.355,0.311,0
"H3F3B",0,0.504004016467813,0.903,0.947,0
"ZFP36L2",0,1.06945902040124,0.745,0.788,0
"MBNL1",0,1.65279614431643,0.644,0.601,0
"CBLB",0,2.16305293442208,0.285,0.243,0
"COTL1",0,0.799662979630522,0.472,0.431,0
"PSMB8",0,1.09417009292565,0.522,0.562,0
"MYL12A",0,1.12744266540979,0.768,0.808,0
"FAM118A",0,1.94901805849466,0.269,0.229,0
"RPS27",0,0.64211843398679,0.925,0.965,0
"RPS29",0,0.930208748790601,0.91,0.949,0
"LEPROTL1",0,1.94740072363033,0.423,0.385,0
"TAPBP",0,1.09922404783953,0.548,0.586,0
"CDKN1B",0,1.80277590109643,0.333,0.296,0
"AKAP13",0,1.38836023694527,0.572,0.609,0
"RPL28",0,0.416160418317348,0.946,0.983,0
"ARPC1B",0,0.732360499436087,0.53,0.567,0
"ABRACL",0,1.28019767761511,0.382,0.346,0
"MLLT6",0,1.5178525561636,0.359,0.395,0
"SH3KBP1",0,1.61570056807705,0.348,0.312,0
"NR3C1",0,1.49352947393392,0.385,0.42,0
"PCSK7",0,1.81060710810226,0.477,0.442,0
"N4BP1",0,1.60568315209714,0.315,0.349,0
"HLA-B",0,1.30651609409007,0.942,0.908,0
"CARD16",0,1.57550442553154,0.412,0.38,0
"EPSTI1",0,1.49806018751267,0.355,0.324,0
"JUND",0,0.506368499315758,0.91,0.941,0
"ARF6",0,1.34158062524269,0.496,0.526,0
"DIAPH1",0,1.63948350058846,0.364,0.334,0
"PIK3R1",0,1.80943991372427,0.39,0.361,0
"SMAP2",0,1.46468999434879,0.26,0.231,0
"AC245297.3",0,1.9539637580987,0.333,0.305,0
"ODF2L",0,1.62923615524807,0.389,0.417,0
"HLA-C",0,1.43976055051764,0.917,0.89,0
"SYNE2",0,1.47694779393677,0.587,0.56,0
"KLF6",0,0.65692793637779,0.779,0.753,0
"CYTH1",0,1.61395787938187,0.274,0.249,0
"CNOT6L",0,1.91390355566222,0.32,0.296,0
"ELF1",0,1.67302367933755,0.423,0.4,0
"APOL6",0,1.67917609173461,0.387,0.365,0
"MSN",0,1.0183393499865,0.538,0.559,0
"RICTOR",0,1.55989547446437,0.314,0.334,0
"ANKRD13D",0,1.51388974786623,0.293,0.313,0
"CLEC2B",0,1.18271893199042,0.478,0.458,0
"TMSB4X",0,1.04793475301691,0.968,0.987,0
"SIGIRR",0,1.80238187557014,0.32,0.301,0
"EML4",0,1.70112985726196,0.419,0.437,0
"HLA-A",0,1.42850139283073,0.954,0.936,0
"PIM1",0,1.2009389792732,0.328,0.311,0
"UBALD2",0,1.26395295950183,0.326,0.343,0
"MALAT1",0,1.01818657640395,0.999,0.983,0
"RAB8B",0,1.40278984962135,0.289,0.305,0
"IFI44L",0,1.5963723441612,0.394,0.379,0
"CDC42SE1",0,1.50806176781144,0.361,0.376,0
"KIAA1551",0,1.31581628373547,0.566,0.581,0
"ISG15",0,0.897663868559916,0.601,0.615,0
"ABHD17A",0,1.72349416645799,0.469,0.483,0
"EMP3",0,0.858500404111598,0.565,0.579,0
"IRF7",0,1.3215060830586,0.272,0.284,0
"CYTOR",0,1.53231009229343,0.323,0.312,0
"SIRT7",0,1.73559883707082,0.253,0.242,0
"MDFIC",0,1.54648860150986,0.285,0.274,0
"NABP1",0,1.09534370060478,0.295,0.285,0
"PAXX",0,1.6347691181844,0.447,0.457,0
"ORAI1",0,1.55119679413143,0.257,0.247,0
"PHF11",0,1.57702127341394,0.289,0.299,0
"GLIPR1",0,1.10528349600929,0.319,0.328,0
"DDX5",0,0.947987787561793,0.9,0.909,0
"ANKRD12",0,1.53442800506729,0.644,0.653,0
"TRABD",0,1.66612024687321,0.312,0.321,0
"RNF19A",0,1.76274224549522,0.41,0.418,0
"USP15",0,1.66766574809995,0.417,0.424,0
"LNPEP",0,1.69339723701563,0.342,0.349,0
"OSTF1",0,1.39222580424542,0.351,0.345,0
"GRK2",0,1.48165807712475,0.36,0.354,0
"GBP2",0,1.36954881298485,0.356,0.361,0
"TXNIP",0,1.02891078352384,0.713,0.718,0
"TYMP",0,0.292490298907074,0.443,0.438,0
"RBL2",0,1.97157418985033,0.319,0.315,0
"NR4A2",0,0.89238593316114,0.377,0.38,0
"CCNDBP1",0,1.57859296356977,0.293,0.29,0
"LBH",0,0.854815460006933,0.341,0.339,0
"IFITM1",0,1.37267938192613,0.423,0.425,0
"B2M",0,1.5306801891202,0.985,0.983,0
"SP100",0,1.64506255084265,0.549,0.55,0
"GLIPR2",0,1.38155244954276,0.26,0.259,0
"SMCHD1",0,1.73742624015386,0.477,0.478,0
"LPIN2",0,1.64630912596219,0.333,0.332,0
"ILF3",3.95252516672997e-323,0.251880517538711,0.303,0.581,8.82243142465797e-319
"SYMPK",1.67982319586024e-322,0.274169948672048,0.147,0.323,3.74953335547964e-318
"GOPC",2.06519439961641e-321,0.252401112859617,0.181,0.38,4.60972041938379e-317
"PHF14",1.34000484465063e-319,0.377739563297046,0.269,0.523,2.99102481374467e-315
"PDS5A",1.91785414271363e-318,0.303132321292834,0.2,0.41,4.2808422319511e-314
"TMEM87A",4.8273869684469e-318,0.295335465909541,0.215,0.434,1.07752104522703e-313
"COMMD2",9.31529155032337e-318,0.256122306249866,0.182,0.379,2.07926622694768e-313
"THOC2",2.38695791230378e-316,0.332714574922024,0.278,0.54,5.32792875605328e-312
"RBM12",5.18788278708394e-315,0.300068993915011,0.134,0.3,1.15798731690501e-310
"APC",9.84744840253223e-315,0.282782793027657,0.119,0.277,2.19804895792922e-310
"STT3B",1.37239040133832e-311,0.365289238363623,0.239,0.478,3.06331261482726e-307
"CEP164",8.0936437315208e-311,0.255483039325616,0.141,0.31,1.80658221731276e-306
"PMPCA",1.04801577444631e-310,0.255063437069941,0.125,0.284,2.33927601014162e-306
"SNTB2",5.34551545012291e-310,0.257204577695918,0.164,0.349,1.19317250362193e-305
"TAF11",6.65208683759574e-310,0.262233005678173,0.161,0.345,1.48481230301975e-305
"STK11",2.40053422064808e-308,0.251406724667875,0.132,0.293,5.35823243390857e-304
"RABGGTB",2.90764858456762e-308,0.301673425353556,0.173,0.365,6.49016240561338e-304
"UBE4A",4.81006642207785e-308,0.387409843895701,0.142,0.311,1.073654926072e-303
"CDK5RAP3",6.50704034011301e-308,0.500011856641934,0.165,0.348,1.45243647431662e-303
"MAN2C1",8.37572707794197e-308,0.265279737585981,0.11,0.259,1.86954604106743e-303
"RBM10",2.00328937948089e-307,0.259063092376714,0.13,0.291,4.4715422239393e-303
"MAEA",4.06387226172851e-307,0.330726618810106,0.139,0.306,9.0709692754042e-303
"EXOC7",1.36923249491457e-306,0.335840617090344,0.206,0.418,3.05626385189881e-302
"SRPRA",1.64813945803371e-306,0.271484744266482,0.206,0.418,3.67881208427704e-302
"NCBP3",3.09518322799648e-306,0.329428162815809,0.162,0.343,6.90875848321094e-302
"BRD4",8.53990819138598e-306,0.288425145814821,0.294,0.565,1.90619290739926e-301
"NPLOC4",8.20287955232045e-302,0.34598199093326,0.13,0.289,1.83096474487345e-297
"JPX",8.89253404272225e-298,0.32923092740735,0.277,0.532,1.98490252367603e-293
"CUL4A",1.26899618598865e-297,0.251288536923342,0.113,0.261,2.83252638674527e-293
"SKI",4.47196690792664e-297,0.424559093131494,0.14,0.307,9.98187733518306e-293
"CAPN7",9.31337525035778e-297,0.277856622306141,0.129,0.287,2.07883848963236e-292
"SUPT6H",5.49020628356897e-296,0.317362770938065,0.152,0.324,1.22546894455543e-291
"TRIM25",2.54223854246795e-295,0.275150614297809,0.124,0.277,5.67453065064271e-291
"DAZAP1",5.96492694502403e-295,0.293270489128772,0.175,0.361,1.33143134339881e-290
"UBR4",9.90433105951215e-295,0.392872650485328,0.175,0.36,2.21074573579371e-290
"U2AF2",1.48805743452613e-293,0.26060681970982,0.163,0.34,3.32149299960578e-289
"GOSR1",8.15598467911179e-293,0.323640536781788,0.177,0.363,1.82049734022454e-288
"FAM208B",1.41961428412668e-292,0.444922135084394,0.153,0.323,3.16872104359916e-288
"TERF1",2.7781616566951e-292,0.276088182716885,0.218,0.432,6.20113463390912e-288
"ATXN7L3B",5.55847794640701e-291,0.294939817382596,0.204,0.407,1.24070786241751e-286
"ATG4B",1.01867798258814e-290,0.269573540324785,0.139,0.303,2.27379112493498e-286
"AGGF1",1.78795359799461e-290,0.253117464994195,0.139,0.301,3.99089122608377e-286
"WDR26",2.09512970559002e-290,0.305606382529895,0.191,0.384,4.67653901584749e-286
"CNOT7",2.33881939416744e-290,0.280043832250816,0.193,0.391,5.22047876972115e-286
"PPP2R2A",3.62235269354451e-290,0.272566762812622,0.203,0.406,8.0854534472607e-286
"ELF2",5.05701611884906e-290,0.375596941726169,0.184,0.374,1.1287765678883e-285
"PIAS1",6.36612555628885e-288,0.302848857974257,0.176,0.359,1.42098288541924e-283
"MED28",3.39325822609745e-287,0.280898591313542,0.244,0.477,7.57409168647211e-283
"SIKE1",5.68793878509656e-287,0.299517551156246,0.152,0.322,1.2696048162214e-282
"ICE2",7.52084000619584e-286,0.34254848551885,0.142,0.304,1.67872669778297e-281
"AGO2",8.16551527658672e-286,0.371770082141002,0.19,0.385,1.82262466488692e-281
"SLF2",6.51884345425537e-285,0.298387112686457,0.16,0.332,1.45507104742434e-280
"DDX10",1.20755092824396e-283,0.296999078939867,0.112,0.256,2.69537442693333e-279
"KMT2C",9.34413202779671e-283,0.366164845061385,0.276,0.52,2.0857037099245e-278
"AEBP2",1.94313465446104e-282,0.292352948265341,0.125,0.278,4.3372708622225e-278
"TOP2B",1.06617942332191e-281,0.352768981232617,0.213,0.421,2.37981909079684e-277
"ZNF609",1.07844104595391e-281,0.278686535857112,0.114,0.258,2.40718825867373e-277
"ZNF451",2.9301780543554e-281,0.508466744250135,0.192,0.385,6.54045043512669e-277
"ZNF24",2.65774853796026e-280,0.284198808991004,0.22,0.431,5.93236051158109e-276
"HPS4",7.73325930935346e-280,0.303236077971488,0.119,0.265,1.72614081044079e-275
"MAGEH1",8.78920128652069e-279,0.324738623071556,0.109,0.251,1.96183761916428e-274
"KIAA0232",6.71599564866187e-278,0.27111495308946,0.124,0.273,1.49907738873782e-273
"PPP2R5E",2.48889005959042e-276,0.272395763011067,0.203,0.403,5.55545150201177e-272
"ZNF33A",2.7017471655306e-276,0.293555088930785,0.166,0.342,6.03056984818085e-272
"RCOR3",4.52715768424511e-276,0.354348089512868,0.131,0.283,1.01050686670035e-271
"CEP57",1.35709739403201e-275,0.260448277471117,0.208,0.408,3.02917709321885e-271
"TTC9C",1.97055747346539e-275,0.250795376296343,0.12,0.265,4.39848133652211e-271
"SAR1B",2.66187830735041e-275,0.278091814607918,0.197,0.399,5.94157856983684e-271
"IREB2",3.68857907028313e-275,0.40880484085079,0.165,0.337,8.23327734277898e-271
"AGFG1",5.8407270286723e-275,0.312454204334342,0.167,0.342,1.30370868006994e-270
"KDM5C",9.2708424379694e-275,0.425502800651653,0.159,0.329,2.06934474057915e-270
"GSK3A",1.96622073044698e-274,0.26636225385155,0.145,0.305,4.38880129243071e-270
"RIC8A",8.80292497255268e-274,0.272449685238964,0.147,0.309,1.96490088312348e-269
"PDPK1",1.04015978645656e-273,0.25846409150161,0.112,0.252,2.32174065934968e-269
"SP3",3.87529598454578e-273,0.384326261233094,0.193,0.382,8.65004816710464e-269
"CASC3",4.25981628559872e-273,0.327394885555628,0.138,0.294,9.5083359310849e-269
"C16orf72",6.29039762468533e-273,0.359634508190032,0.214,0.415,1.40407965380601e-268
"SOS1",8.81092132058256e-273,0.341838934386818,0.17,0.345,1.96668574796723e-268
"GSK3B",1.4184220446961e-272,0.305168603846045,0.132,0.283,3.16605984596616e-268
"FBXO22",3.42705404394208e-272,0.289988430522849,0.136,0.288,7.64952733148311e-268
"CIAO1",4.56440920867129e-272,0.386051902234041,0.173,0.353,1.01882177946752e-267
"DCP1A",5.94967709398829e-272,0.3388069095705,0.132,0.284,1.32802742414913e-267
"ANAPC7",6.16960434414944e-272,0.265081700225414,0.116,0.257,1.3771173856576e-267
"CDC73",2.53214417194674e-271,0.303179719166562,0.158,0.326,5.65199900620232e-267
"SF3A1",3.35977387692009e-271,0.279366309273384,0.155,0.321,7.49935127067334e-267
"ADD1",6.97693293682128e-271,0.345560859352022,0.292,0.543,1.55732120082788e-266
"SLC35E2B",9.83009750550074e-271,0.538569989139592,0.151,0.315,2.19417606420282e-266
"DAP3",2.47259214590882e-270,0.381886525320381,0.19,0.381,5.51907292888307e-266
"EIF2B5",2.93122709557302e-270,0.323421988717894,0.124,0.27,6.54279200002853e-266
"AIMP1",3.87533720308879e-270,0.250384036375911,0.245,0.474,8.6501401710145e-266
"MON2",2.18475730765412e-269,0.466789799879385,0.139,0.294,4.87659678641476e-265
"COA1",3.58405440590552e-269,0.330363004514565,0.182,0.366,7.99996783942171e-265
"KIAA0319L",5.39032864954801e-269,0.478826532354532,0.133,0.285,1.20317525786561e-264
"RPRD2",7.17193271317311e-269,0.260810107295223,0.148,0.308,1.60084710090737e-264
"PAXBP1",7.34609798608824e-269,0.354811756923,0.163,0.331,1.63972253147476e-264
"HAX1",3.41464712234216e-268,0.281069405763298,0.255,0.493,7.62183384177993e-264
"PTCD3",9.22233124926725e-267,0.446865684164613,0.174,0.35,2.05851655814894e-262
"TRNT1",1.32154962014782e-266,0.29915785663094,0.119,0.262,2.94983090713196e-262
"SDF2",2.22899847221412e-266,0.280025336524509,0.22,0.43,4.97534748982915e-262
"CRTC3",4.79184595983215e-266,0.422029302470155,0.152,0.316,1.06958793669413e-261
"SHPRH",1.20438703559629e-265,0.457484723659621,0.196,0.383,2.68831230215448e-261
"LSG1",1.67648950841156e-265,0.281655169439695,0.113,0.251,3.74209223172545e-261
"CTBP1",1.96898767780913e-265,0.412850734813841,0.178,0.358,4.39497739563775e-261
"GSE1",2.13386848228129e-265,0.426756144802826,0.139,0.293,4.76300783930006e-261
"UBQLN1",6.19814084321986e-265,0.310586536672289,0.182,0.363,1.3834870176151e-260
"CHM",1.00467216389581e-264,0.361990004961498,0.12,0.262,2.24252873703183e-260
"KPNA6",1.16580938436792e-264,0.390183813104326,0.182,0.364,2.60220312684763e-260
"ANAPC5",1.2568436491915e-264,0.402203678783435,0.271,0.514,2.80540070936036e-260
"NRBP1",2.94591026834451e-264,0.316836115251493,0.241,0.465,6.57556630997177e-260
"DDX52",8.03391646101075e-264,0.384780443296694,0.155,0.318,1.79325049326221e-259
"LSM14A",1.28767387162673e-263,0.317460996011675,0.26,0.491,2.87421684885801e-259
"CEBPZ",2.02816165764107e-263,0.357703717368235,0.234,0.45,4.52705963602063e-259
"SRP54",6.99532999399004e-261,0.338246496642802,0.212,0.418,1.56142760795852e-256
"SCO1",1.28586295602947e-260,0.256151851371266,0.115,0.253,2.87017470415339e-256
"RNF139",2.76343348250766e-260,0.331142208954911,0.12,0.262,6.16825987630534e-256
"SLAIN2",2.929523038425e-260,0.271913675986044,0.163,0.328,6.53898837406845e-256
"GPATCH2",1.13221546670573e-259,0.476621250619699,0.174,0.346,2.52721814323386e-255
"FRG1",3.01141586739047e-259,0.285268193414263,0.225,0.436,6.72178135760227e-255
"PDCD7",5.30123236755134e-259,0.360157245383729,0.236,0.447,1.18328807676114e-254
"VPS4A",8.1331503765037e-259,0.333947731768253,0.14,0.293,1.81540049553939e-254
"MAPKAPK2",1.01058742268736e-258,0.371277373436025,0.172,0.344,2.25573218618045e-254
"HGS",4.70076031050867e-258,0.376686487802329,0.152,0.311,1.04925670890864e-253
"SAFB",6.02256283292754e-258,0.404734721128809,0.2,0.388,1.34429624993776e-253
"RLF",6.91118071247153e-258,0.375567859191044,0.115,0.253,1.54264464683077e-253
"ARL14EP",3.88212674017701e-257,0.32542288992657,0.158,0.322,8.6652950967491e-253
"NUP160",1.05510844772584e-256,0.353736518172509,0.12,0.261,2.35510756616885e-252
"STX10",2.4403248082447e-256,0.265057830529708,0.163,0.328,5.447049004483e-252
"DLG1",4.1867118300401e-256,0.366846581681505,0.182,0.358,9.34515947583251e-252
"NSMCE4A",4.21333663735221e-256,0.256118734882886,0.136,0.285,9.40458870823386e-252
"CCDC14",1.05716948804644e-255,0.508877792723403,0.158,0.32,2.35970801426846e-251
"GAPVD1",2.37870941384988e-255,0.306716627339744,0.124,0.266,5.30951728265431e-251
"LGALS8",5.06335356311211e-255,0.357362828967656,0.164,0.33,1.13019114882225e-250
"RAB3GAP1",6.70006000064166e-255,0.543034502174848,0.163,0.328,1.49552039274322e-250
"STAT2",8.35544127117616e-255,0.498671527014589,0.203,0.389,1.86501804613923e-250
"MRPS5",1.57257690734811e-254,0.426575754439444,0.226,0.433,3.51014891489171e-250
"FAM192A",1.83746522247281e-254,0.331950937182458,0.163,0.329,4.10140612308156e-250
"MAP7D1",5.57346413607728e-254,0.354854200768694,0.169,0.336,1.24405292981381e-249
"SMARCC2",7.41236032367148e-254,0.36843703662253,0.185,0.363,1.65451294784671e-249
"DGCR6L",1.04629143239731e-253,0.320799273471438,0.203,0.398,2.33542710625405e-249
"ASXL1",4.64909441969652e-253,0.422143686447788,0.163,0.327,1.03772436542046e-248
"SRSF8",4.24096915872226e-252,0.324028848974249,0.197,0.387,9.46626725918397e-248
"ZBED5",1.27818782488539e-251,0.405257660443936,0.12,0.26,2.85304304392667e-247
"CPSF2",1.86016037516647e-251,0.265341333399807,0.126,0.269,4.15206397340908e-247
"RIOK3",1.93332994574868e-251,0.356095433157674,0.205,0.396,4.31538577190563e-247
"MVP",2.88426407466888e-251,0.25051608991879,0.214,0.408,6.4379658410684e-247
"YY1AP1",3.82343263423319e-251,0.406439672752427,0.124,0.265,8.5342839828719e-247
"CEP95",4.29266300859112e-251,0.302239592293275,0.12,0.259,9.58165310147623e-247
"DMAP1",8.48776964132676e-251,0.383878321588274,0.129,0.271,1.89455506164055e-246
"SBNO1",3.86291622890226e-250,0.445437081774746,0.182,0.356,8.62241531453274e-246
"ARHGAP35",4.90600140041451e-250,0.593990340025183,0.127,0.271,1.09506857258652e-245
"THAP5",7.69273286728755e-250,0.256904255800399,0.121,0.26,1.71709490330725e-245
"PSMD9",1.3746091587387e-249,0.261799017403321,0.152,0.309,3.06826510322065e-245
"MGRN1",2.90672752358798e-249,0.502847662402861,0.139,0.288,6.48810650540073e-245
"ZFAND6",3.35815802139314e-249,0.251481346155719,0.238,0.451,7.49574451955163e-245
"GTF3C1",5.78164305324885e-249,0.380818000772449,0.132,0.277,1.29052054591568e-244
"CALCOCO1",8.36298279352283e-249,0.376400262089444,0.147,0.302,1.86670138934223e-244
"SMNDC1",4.27952843583018e-248,0.383343743407206,0.164,0.327,9.55233542161656e-244
"SLC30A7",4.72575317267233e-248,0.430944382935953,0.134,0.279,1.05483536567219e-243
"DUS1L",6.31941653642004e-248,0.31879158664764,0.19,0.373,1.41055696509432e-243
"PJA2",8.1824287523225e-248,0.332583992172321,0.292,0.535,1.82639992180591e-243
"HBS1L",9.59807568794423e-248,0.29735543934625,0.12,0.257,2.14238647430603e-243
"GLTP",1.97739415133394e-247,0.324286630427757,0.151,0.308,4.41374148519248e-243
"TMX1",5.03673065663089e-247,0.292483210959991,0.176,0.348,1.12424864986658e-242
"COMMD3",1.1492619054891e-246,0.252416202462615,0.205,0.403,2.56526749924223e-242
"GPATCH2L",1.6530904630214e-246,0.42898441478133,0.195,0.375,3.68986322251006e-242
"SENP5",1.65715818740095e-246,0.314620335665195,0.128,0.269,3.69894279009766e-242
"SUPT5H",4.33821744772283e-246,0.421281207084945,0.225,0.425,9.68333516506212e-242
"PUS7L",7.75926095786762e-246,0.447412395521955,0.168,0.334,1.73194463840563e-241
"RAB3GAP2",3.01809548230782e-245,0.441310611344526,0.152,0.306,6.73669092605928e-241
"TOR1AIP1",1.43917412774269e-244,0.413681620509052,0.168,0.333,3.21238057053445e-240
"SRFBP1",2.24128878770077e-244,0.31450272440597,0.143,0.292,5.00278070302688e-240
"XPA",4.33773486564285e-244,0.448063734634025,0.166,0.33,9.68225799360141e-240
"MED13",5.96328106230006e-243,0.584394034012247,0.198,0.381,1.331063965916e-238
"BFAR",7.20667925583438e-243,0.338507973827275,0.186,0.364,1.60860287669479e-238
"ADAM10",1.32716838887888e-242,0.351529687856127,0.227,0.423,2.96237256081656e-238
"ZFPM1",2.36888468988664e-242,0.333776066204656,0.125,0.264,5.28758751629597e-238
"SMARCD1",1.97595484608209e-241,0.341330308288948,0.14,0.286,4.41052881193983e-237
"ASPSCR1",4.36635924689511e-241,0.290346197962075,0.119,0.252,9.74615047499458e-237
"SDHA",1.45829468046267e-240,0.360424361997338,0.206,0.394,3.25505955626072e-236
"ATAD1",2.01196174304485e-240,0.456982086648366,0.15,0.304,4.49089980665041e-236
"SLK",2.48835967908737e-240,0.467190415207458,0.226,0.425,5.55426763969093e-236
"STAG1",4.18165817152339e-240,0.422308819130535,0.171,0.335,9.33387920465736e-236
"TSR2",4.33298612117259e-240,0.250923925951781,0.143,0.292,9.67165832106933e-236
"PPP6R3",8.02746626790463e-240,0.539403264671128,0.192,0.372,1.79181074565899e-235
"POLE3",1.58316840806189e-238,0.252295198581455,0.171,0.335,3.53379020363494e-234
"TSSC4",6.15418850644875e-238,0.3021611623218,0.17,0.336,1.37367641652443e-233
"PHF3",6.35957842036966e-238,0.365066390307051,0.3,0.542,1.41952149921071e-233
"GATAD2B",1.11922063226779e-237,0.486742820213663,0.145,0.295,2.49821237328494e-233
"EXOSC6",1.30490858921964e-237,0.401688035523793,0.185,0.357,2.91268646199716e-233
"ACIN1",7.7652957374224e-237,0.490978302093371,0.245,0.454,1.73329166155005e-232
"FBXO7",9.13166620991709e-237,0.421873031296518,0.213,0.403,2.03827921471559e-232
"RIF1",1.2991010606898e-236,0.513112109119864,0.258,0.474,2.89972347756569e-232
"NUPL2",1.53789341328343e-236,0.262077445743964,0.138,0.282,3.43273188778993e-232
"BAZ1B",3.10041483445279e-236,0.407374288731262,0.254,0.468,6.92043595198208e-232
"RSRC1",5.15732545934208e-236,0.418253470238186,0.2,0.382,1.15116661577975e-231
"RNPS1",7.27210917732521e-236,0.252008357100666,0.313,0.568,1.62320748947076e-231
"PRKAG1",1.06649259274654e-235,0.378417237162381,0.144,0.292,2.38051811626955e-231
"AQR",1.78787245814859e-235,0.360404276548075,0.127,0.263,3.99071011383346e-231
"UBN1",3.23661566696448e-235,0.392303897819769,0.17,0.332,7.22444983023141e-231
"PBDC1",4.2169965341822e-235,0.259199103323959,0.201,0.389,9.41275796394808e-231
"ZDHHC21",6.48608606932435e-235,0.34853184929635,0.124,0.259,1.44775927153389e-230
"SPG7",1.06555300228398e-234,0.588808139800981,0.181,0.35,2.37842085639807e-230
"MARK3",1.0667522238275e-234,0.512326592314954,0.256,0.475,2.38109763880535e-230
"CELF1",3.47102842888835e-234,0.386616274930971,0.268,0.49,7.74768255612168e-230
"MED31",1.58519138984784e-233,0.297718202134275,0.119,0.252,3.53830570127937e-229
"UPF1",3.31961001531635e-233,0.403870677128,0.156,0.311,7.40970151518762e-229
"SOS2",4.21488269321204e-232,0.292634435824828,0.124,0.259,9.4080396595186e-228
"BAZ2A",4.90949646921037e-232,0.48916006315418,0.198,0.376,1.09584870689245e-227
"SFT2D1",7.87046623214589e-232,0.259003134978398,0.255,0.479,1.75676676767729e-227
"PPID",8.3689258459469e-232,0.277827520378921,0.162,0.319,1.86802793807381e-227
"PRKCA",1.09975298452607e-231,0.305971784087919,0.124,0.265,2.45475863676063e-227
"RBM22",2.87831000118789e-231,0.302788649228113,0.18,0.346,6.42467575365149e-227
"WDR74",3.19068748170662e-231,0.414813167007903,0.15,0.299,7.12193352791735e-227
"TMEM242",1.97728478478937e-230,0.327992209573742,0.132,0.271,4.41349736812836e-226
"UGGT1",2.41642825804723e-230,0.520070438004247,0.126,0.261,5.39370951478722e-226
"RALGAPA1",3.44939657905412e-230,0.552655155005966,0.181,0.348,7.69939810410671e-226
"RBMS1",6.19155585069691e-230,0.317012917750126,0.311,0.554,1.38201718143406e-225
"MGA",7.12050460106862e-230,0.573678376372088,0.159,0.312,1.58936783200453e-225
"PRR14L",1.17157137216014e-229,0.507953312429378,0.132,0.27,2.61506445979865e-225
"STXBP3",1.87588988181075e-229,0.405227511718387,0.17,0.33,4.18717380518976e-225
"PPM1A",2.6019337918845e-229,0.449273421800033,0.132,0.272,5.80777641686539e-225
"LARP7",5.1922523196997e-229,0.408209247225679,0.263,0.482,1.15896264028017e-224
"XRRA1",2.11185742012063e-228,0.489154229747943,0.159,0.314,4.71387694745126e-224
"TMEM203",4.9986403742952e-228,0.286052371008764,0.138,0.28,1.11574651794643e-223
"ZCCHC9",1.24749046369209e-227,0.339887205508289,0.119,0.25,2.78452346400712e-223
"SNHG25",2.11398547479949e-227,0.361075297356113,0.13,0.267,4.71862697829995e-223
"MAPK14",2.22817835628218e-227,0.341116198905647,0.126,0.26,4.97351690905745e-223
"PML",6.91993337782316e-227,0.330833016151406,0.165,0.321,1.54459832926391e-222
"ZC3H7A",6.96621083470274e-227,0.414437260213941,0.15,0.298,1.554927920414e-222
"CWC27",1.01148343725964e-226,0.364604959296961,0.143,0.287,2.25773218030725e-222
"PURA",1.76960598617897e-226,0.455308507071747,0.277,0.505,3.94993752175007e-222
"SMC6",2.19819571327498e-226,0.378655856070059,0.126,0.26,4.90659265160109e-222
"IST1",2.94245363683177e-225,0.547943519733481,0.213,0.397,6.5678507627722e-221
"AKIRIN1",9.87197926629047e-225,0.336622694761228,0.217,0.408,2.2035244920287e-220
"TRIP12",1.56314231744422e-224,0.49034562164339,0.246,0.453,3.48908996676724e-220
"CHD6",1.66221175170201e-223,0.531182603567645,0.233,0.428,3.71022285097405e-219
"NHLRC3",3.52185586918119e-223,0.442854322983735,0.188,0.355,7.86113448559933e-219
"C1orf52",6.42411377978647e-223,0.372888089030036,0.144,0.287,1.43392643678614e-218
"SIRT2",1.01356224291042e-222,0.399984948984489,0.14,0.282,2.26237228240036e-218
"CDYL",1.88217121124485e-222,0.410759341599477,0.134,0.272,4.20119436061963e-218
"SRSF4",2.31758753294867e-222,0.342452903774394,0.329,0.587,5.17308713229472e-218
"ISG20L2",2.37649711736507e-222,0.417082990325096,0.142,0.284,5.30457921567058e-218
"BBIP1",6.86204863286792e-222,0.401318692785821,0.139,0.281,1.53167787534245e-217
"PPP4R3B",7.48496198759326e-222,0.428548033352647,0.219,0.41,1.67071836525069e-217
"RBM14",7.75014586603152e-222,0.464661955709003,0.123,0.254,1.7299100587569e-217
"ADSS",2.2892510803744e-221,0.375405795328826,0.192,0.365,5.1098373365037e-217
"CUL2",7.38514741729896e-221,0.373911279747863,0.129,0.263,1.6484387550153e-216
"ZNF281",2.35291345265236e-220,0.352435253277069,0.126,0.256,5.25193811766533e-216
"PSME4",6.23361512726525e-220,0.502559165477048,0.161,0.316,1.39140523255688e-215
"GIGYF1",6.83307000326078e-220,0.483517770682508,0.131,0.267,1.52520955542784e-215
"KLHL36",9.28577804499191e-220,0.425641108063526,0.138,0.277,2.07267851742264e-215
"UVRAG",2.2315575069281e-219,0.377696372320107,0.134,0.269,4.9810595112142e-215
"RRP7A",7.75380633740262e-219,0.317398857399777,0.176,0.336,1.73072711257164e-214
"NUP98",1.16930891486001e-217,0.466357898637693,0.13,0.264,2.61001442885903e-213
"CACYBP",1.66180075820224e-217,0.278370464564996,0.31,0.556,3.70930547238323e-213
"URI1",3.80569952362646e-217,0.398515718464388,0.275,0.504,8.49470190668663e-213
"NCOA1",8.99789796628463e-217,0.548579788803668,0.186,0.352,2.00842080505439e-212
"ZCCHC10",1.14549387649892e-216,0.379684908566098,0.138,0.277,2.55685688173323e-212
"EBLN3P",1.18706830952794e-216,0.513251053234482,0.197,0.37,2.64965517369731e-212
"CYB5B",1.61866300390927e-216,0.349926687449352,0.199,0.373,3.61301769102589e-212
"CCDC82",5.31119504502049e-216,0.336372782080401,0.153,0.299,1.18551184599902e-211
"NFKB1",1.24630134581794e-215,0.27637533477593,0.167,0.318,2.78186923400023e-211
"RABEP1",1.95825486228168e-215,0.409003305274433,0.174,0.332,4.37102067809894e-211
"NRDC",1.9979265544867e-215,0.536186908947563,0.272,0.497,4.45957186226977e-211
"BRWD1",2.33280626064963e-215,0.527973219482707,0.209,0.388,5.20705685439603e-211
"PCF11",4.97609496177592e-215,0.437643169146106,0.247,0.445,1.110714156418e-210
"GRAMD1A",5.50582387882805e-215,0.442833572908005,0.19,0.358,1.22895494799321e-210
"RFC1",7.03096347460248e-215,0.441792772822912,0.274,0.493,1.56938135716602e-210
"MARF1",8.0288854143865e-215,0.378393887142368,0.132,0.266,1.79212751334521e-210
"UBA6",1.23052386710055e-214,0.475434558630519,0.206,0.38,2.74665232375515e-210
"AKAP8L",5.53970126460391e-214,0.544273965349299,0.188,0.355,1.23651671927224e-209
"PEX2",6.23442805524989e-214,0.405388893913056,0.155,0.303,1.39158668621233e-209
"NELFCD",1.00172170776564e-213,0.448113557270817,0.215,0.4,2.23594302390369e-209
"WDR70",1.03453176116523e-213,0.400036183987627,0.123,0.251,2.30917834409691e-209
"TMX3",3.5396971247483e-213,0.441671969441139,0.146,0.287,7.90095795215068e-209
"CNOT8",4.5462588255712e-213,0.37629094676789,0.133,0.266,1.01477043245575e-208
"BROX",6.39994124971589e-213,0.394709177366387,0.169,0.323,1.42853088634908e-208
"TAF1",9.32594758292191e-213,0.489131230942796,0.133,0.266,2.081644759984e-208
"HSPB11",2.3499370426241e-212,0.258169764688567,0.255,0.471,5.24529447284124e-208
"RRP1B",3.26256582501236e-212,0.398367668359921,0.142,0.28,7.28237317801008e-208
"AHSA1",1.45717227149487e-211,0.271505869147518,0.265,0.485,3.2525542272037e-207
"CCNT1",2.25048047349094e-211,0.515459276027829,0.134,0.268,5.02329746487913e-207
"SYS1",2.74766122927308e-211,0.376802708524617,0.158,0.305,6.13305462986043e-207
"NUDCD3",3.08814353822537e-211,0.517979386660959,0.149,0.29,6.89304519167284e-207
"MRE11",4.38787347019472e-211,0.431307301100859,0.129,0.26,9.79417237282163e-207
"HMGXB3",5.5727155691126e-211,0.307257422468718,0.124,0.25,1.24388584218162e-206
"FAM208A",7.77543171644521e-211,0.572858769183576,0.195,0.363,1.73555411342773e-206
"NOP58",1.89313288899045e-210,0.374762381440514,0.263,0.477,4.22566192151559e-206
"CDK9",9.93996914510358e-210,0.414012072647165,0.142,0.278,2.21870051287857e-205
"GLOD4",1.6728937360977e-209,0.26822836723272,0.181,0.342,3.73406610834368e-205
"HPS1",3.3050992894344e-209,0.434442885195081,0.139,0.275,7.37731212394653e-205
"SDAD1",5.65230965611815e-209,0.372981156185075,0.145,0.285,1.26165203834213e-204
"DHPS",5.77106607276303e-209,0.354165038015735,0.187,0.353,1.28815965810144e-204
"CTDSPL2",1.28537050967196e-208,0.416019045183515,0.135,0.269,2.86907551463879e-204
"MEF2D",1.55704730160795e-208,0.443069348459279,0.147,0.288,3.47548528191911e-204
"SMARCA5",2.34654660234649e-208,0.334279671633688,0.305,0.547,5.23772667109761e-204
"CIR1",3.81896771387042e-208,0.361821620335513,0.284,0.51,8.52431783413016e-204
"SKIV2L2",4.33721689290262e-208,0.578149381843438,0.163,0.312,9.68110182664793e-204
"LTN1",4.43163028783809e-208,0.613884864283798,0.168,0.32,9.89184196548339e-204
"UBE2F",9.34320697228672e-208,0.401491394430704,0.17,0.325,2.08549722828412e-203
"EP400",1.12279938443238e-207,0.554952317103844,0.13,0.26,2.50620050599153e-203
"SLC35E1",1.2914820347298e-207,0.569349825860454,0.156,0.302,2.88271704972039e-203
"SMC1A",4.57579762424328e-207,0.342409554674977,0.233,0.42,1.02136378770734e-202
"MAP2K7",5.08666076462231e-207,0.493986667266265,0.124,0.251,1.13539354927135e-202
"MRPS30",5.08666762489445e-207,0.314921068546447,0.136,0.27,1.13539508055269e-202
"DNAJC7",1.26617570251213e-206,0.354211313962267,0.307,0.546,2.82623078557732e-202
"SHOC2",1.29635064247593e-206,0.417407353680173,0.187,0.349,2.89358426907053e-202
"ZNF131",3.63016812269586e-206,0.601253554790116,0.188,0.352,8.10289826666943e-202
"ZNF160",4.90081348022821e-206,0.39385539352417,0.125,0.251,1.09391057692174e-201
"YTHDC2",7.43938385549995e-206,0.469124555901706,0.137,0.271,1.66054487038614e-201
"TOX4",1.55749557557488e-205,0.537485679525412,0.236,0.432,3.47648587424069e-201
"CHMP1A",1.59153855644212e-205,0.513163616215714,0.163,0.311,3.55247321183445e-201
"KRR1",1.65858453673328e-205,0.417605907595789,0.247,0.451,3.70212654444236e-201
"PDCL3",2.73408312660518e-205,0.267376172688087,0.161,0.308,6.10274694689542e-201
"GNPAT",3.69962924785614e-205,0.483260357863476,0.142,0.278,8.25794244413969e-201
"C2orf49",7.59122317258082e-205,0.49196456483343,0.144,0.279,1.69443692435177e-200
"PPIE",1.95869963400696e-204,0.426913811041905,0.178,0.336,4.37201345306693e-200
"ZNF638",1.3474912282404e-203,0.528201367748534,0.306,0.54,3.0077351705554e-199
"SFSWAP",1.56267033095248e-203,0.55884614635923,0.198,0.366,3.48803644571903e-199
"PANK2",2.40276072897831e-203,0.408170925497809,0.133,0.263,5.36320222315249e-199
"SAP30BP",2.88484731613895e-203,0.47784379307593,0.179,0.336,6.43926769435375e-199
"GGA2",3.02530266746892e-203,0.499873171914006,0.163,0.309,6.75277808405736e-199
"FAM133B",3.22057019566957e-203,0.36167901158572,0.359,0.626,7.18863473375405e-199
"FAM103A1",3.74056766099171e-203,0.255674472581053,0.17,0.324,8.3493210760996e-199
"STAG2",4.42089233950268e-203,0.412694385151893,0.278,0.497,9.86787379100394e-199
"FBXL15",6.84846754442955e-203,0.360289774090366,0.157,0.302,1.52864644059212e-198
"ZNF91",9.65916910551712e-203,0.532767493457588,0.199,0.365,2.15602313604248e-198
"MOGS",2.15706006729734e-202,0.506735783054962,0.125,0.251,4.81477377621439e-198
"TRNAU1AP",7.45884353133874e-202,0.488051951072873,0.158,0.301,1.66488846463012e-197
"DYNLL2",1.8330626392684e-201,0.342331404320891,0.151,0.29,4.09157911711099e-197
"SNX14",2.50323508254817e-201,0.546402404657963,0.149,0.288,5.58747102775578e-197
"FKBP5",3.90354301784638e-201,0.469666193421227,0.175,0.331,8.71309837013492e-197
"TIMM10B",3.95860342404506e-201,0.459643786496473,0.143,0.279,8.83599870281098e-197
"BRD7",4.26717941334871e-201,0.415887983597482,0.268,0.481,9.52477116853567e-197
"MIGA1",5.20957902716275e-201,0.499832622021017,0.129,0.256,1.162830134653e-196
"B3GAT3",5.24905936374535e-201,0.461657604271927,0.181,0.34,1.1716425405816e-196
"NFAT5",7.07337342991807e-201,0.548419630885639,0.241,0.429,1.57884768329201e-196
"SRRT",7.39260841725524e-201,0.519990134244424,0.143,0.277,1.65010412481554e-196
"BIRC2",2.74908986305572e-200,0.517250836620383,0.218,0.4,6.13624348332667e-196
"RRP36",8.43013745939097e-200,0.329737978490019,0.161,0.31,1.88169098231066e-195
"AHSA2",1.06592516287265e-199,0.489873047875352,0.193,0.354,2.37925155604803e-195
"CREB1",1.24830619196327e-199,0.465460589523621,0.194,0.356,2.78634425108122e-195
"PAFAH1B1",1.36166176178671e-199,0.432175511397433,0.288,0.516,3.03936521848411e-195
"PCYT1A",1.72129837537936e-199,0.506330637314208,0.129,0.255,3.84211010368426e-195
"TIMM17B",9.25609511409129e-199,0.341411083509764,0.161,0.308,2.06605299041632e-194
"TPGS1",1.20621634947647e-198,0.394390278043162,0.184,0.342,2.69239551366642e-194
"OXLD1",5.17027346703712e-198,0.275342258273915,0.139,0.271,1.15405674057736e-193
"ICE1",7.54693580016934e-198,0.578882497772905,0.158,0.301,1.6845515399558e-193
"HNRNPL",7.63645127938013e-198,0.53880793573627,0.221,0.401,1.70453229007044e-193
"TECR",5.47935001327829e-197,0.323428146646648,0.302,0.539,1.22304571646385e-192
"SLU7",2.56177943785785e-196,0.409464763941765,0.206,0.375,5.7181478832425e-192
"DPF2",3.27429757528026e-196,0.545309425536128,0.181,0.337,7.30855961778307e-192
"UCHL5",1.09805516434191e-195,0.415882060089782,0.131,0.258,2.45096893232758e-191
"HNRNPLL",2.88894061023491e-195,0.604807062451446,0.138,0.269,6.44840433610535e-191
"WIPF2",3.81636521676937e-195,0.480144286630227,0.149,0.285,8.5185088003509e-191
"MDM2",4.05507101561698e-195,0.326897332879391,0.177,0.326,9.05132401395866e-191
"ZCCHC7",7.49849062655276e-195,0.541033596196145,0.14,0.271,1.67373809275284e-190
"FBXW2",8.01173394594564e-195,0.446611395998859,0.139,0.269,1.78829913407453e-190
"SH3GLB2",8.11918205503502e-195,0.418900526662368,0.136,0.266,1.81228262650437e-190
"LIX1L",9.80702227203205e-195,0.448063385704284,0.132,0.265,2.18902544134027e-190
"TP53RK",2.49346589881992e-194,0.316265029914765,0.127,0.253,5.56566523275595e-190
"TIAL1",3.79885245201647e-194,0.529852730153768,0.277,0.496,8.47941855814596e-190
"MAX",4.5989378300849e-194,0.444751932222649,0.2,0.367,1.02652891305325e-189
"SREK1IP1",5.48013779831833e-194,0.450627370783032,0.219,0.396,1.22322155796263e-189
"POLR2A",7.52182531459295e-194,0.568713604977063,0.238,0.429,1.67894662847029e-189
"SNRNP27",1.00474683652209e-193,0.459834627493734,0.185,0.341,2.24269541380095e-189
"DDA1",1.21885992419144e-193,0.309835170503973,0.162,0.307,2.72061723678771e-189
"KIFAP3",1.48624064847224e-193,0.34574039071177,0.128,0.252,3.31743775145489e-189
"CDK5RAP2",8.79048855883157e-193,0.362554489354083,0.127,0.253,1.9621249512168e-188
"DNMT3A",2.29293823712313e-192,0.555939330130234,0.148,0.284,5.11806743908253e-188
"MARCH7",1.12611397367617e-191,0.546521646867773,0.246,0.44,2.51359900064258e-187
"TLK2",3.17136769021122e-191,0.469100128116871,0.136,0.263,7.07880982132046e-187
"SNRNP70",4.75253492626837e-191,0.427178676897324,0.359,0.629,1.06081332089236e-186
"PTAR1",7.63377043773165e-191,0.541240338891253,0.157,0.297,1.70393389940608e-186
"RC3H1",1.00971470258451e-190,0.617215985063227,0.153,0.291,2.25378418763888e-186
"MIS18BP1",1.03758997007991e-190,0.435985909389011,0.242,0.426,2.31600457221537e-186
"PDCD2",1.40631315238386e-190,0.432877926775384,0.212,0.387,3.13903158743602e-186
"PWWP2A",1.43157104187986e-190,0.533553577250553,0.151,0.287,3.19540972258003e-186
"NIPBL",2.76375889078e-190,0.431867376967512,0.312,0.546,6.16898622011004e-186
"EXOSC8",3.07225938402754e-190,0.510212866594459,0.164,0.308,6.85759017108787e-186
"FIP1L1",4.39780930149813e-190,0.544401511889326,0.201,0.367,9.81635014187397e-186
"ST6GALNAC6",5.07282721826565e-190,0.620941101396151,0.154,0.294,1.13230576338908e-185
"RNF145",2.81623870768136e-189,0.479580035296091,0.209,0.377,6.28612641941556e-185
"NUDT22",2.89217240361752e-189,0.378096775456292,0.182,0.34,6.45561802211466e-185
"EXOSC3",2.95622211266458e-189,0.337385243241366,0.129,0.253,6.59858337767861e-185
"RSF1",4.59138787459151e-189,0.345363236365702,0.35,0.61,1.02484368748757e-184
"ZMYM2",4.97085458281854e-189,0.685847556088553,0.241,0.428,1.10954445143093e-184
"CTR9",7.56032726227941e-189,0.530377458810035,0.177,0.327,1.68754064821339e-184
"EP300",1.51265459790379e-188,0.618419947901285,0.23,0.41,3.37639632798105e-184
"PRKRIP1",5.69504287423805e-188,0.52770396549991,0.133,0.258,1.27119051995867e-183
"POLK",6.8012021345537e-188,0.60718379917508,0.18,0.331,1.51809632845373e-183
"USP33",1.31772557386293e-187,0.63505443198754,0.208,0.376,2.94129525341945e-183
"TPP2",1.59349054526182e-187,0.646157121751286,0.154,0.29,3.5568302460789e-183
"THAP7",5.60754985575556e-187,0.506524896981675,0.127,0.25,1.2516612033032e-182
"TEX264",9.430778019391e-187,0.370552723686459,0.232,0.42,2.10504396170826e-182
"ZMAT2",1.61736534811001e-186,0.2747215568321,0.249,0.45,3.61012119351635e-182
"SMC3",1.64091921433961e-186,0.31455473691607,0.306,0.531,3.66269577832744e-182
"TMED5",4.04372665728581e-186,0.441678898493462,0.204,0.373,9.02600227172765e-182
"DCAF7",6.27860766997769e-186,0.50945501239513,0.211,0.38,1.40144801801572e-181
"MED4",7.59662798929233e-186,0.435544902602258,0.245,0.438,1.69564333348994e-181
"SEC16A",9.10911409908487e-186,0.651738190742593,0.138,0.265,2.03324535805673e-181
"PYCR2",1.01513273872758e-185,0.440744879112129,0.159,0.299,2.26587778611383e-181
"EHMT1",2.76322147077645e-185,0.673706165255174,0.18,0.33,6.16778664492012e-181
"C15orf40",3.01158054538857e-185,0.497909432137536,0.148,0.279,6.72214893536184e-181
"GPR108",5.46461713191392e-185,0.512050179820583,0.167,0.311,1.21975719001451e-180
"NRDE2",2.11512350968796e-184,0.531355700137815,0.139,0.265,4.72116718597448e-180
"SECISBP2",2.96448427957638e-184,0.611117588368613,0.214,0.382,6.61702536044244e-180
"AKAP17A",3.36883029054551e-184,0.714343154912055,0.206,0.37,7.51956609152663e-180
"DNAJB2",6.14214900653037e-184,0.2925913707054,0.13,0.252,1.37098907974764e-179
"SIN3A",1.296852265879e-183,0.611615650542085,0.144,0.274,2.89470394266852e-179
"FAM50A",2.41572004193111e-183,0.33118207465346,0.251,0.449,5.39212870559444e-179
"R3HDM2",3.36753973605069e-183,0.611526550368211,0.217,0.388,7.51668544483875e-179
"COQ7",7.86707287140557e-183,0.676059137588034,0.136,0.262,1.75600933562644e-178
"DIDO1",1.4393252420832e-182,0.67344564602881,0.17,0.316,3.21271787285391e-178
"DERL1",1.80155396340223e-182,0.407106915852233,0.231,0.416,4.02124860171012e-178
"RAB1B",2.82281740796303e-182,0.393642451601867,0.234,0.418,6.30081073631428e-178
"XIAP",3.80204795871203e-182,0.513771589711116,0.232,0.411,8.48655124864113e-178
"THUMPD1",3.83383225891604e-182,0.479602912135024,0.231,0.412,8.5574969851265e-178
"SPPL2A",1.03078351481528e-181,0.487789349650073,0.241,0.426,2.30081188341918e-177
"MRPL1",2.51011377659778e-181,0.506832098885654,0.185,0.338,5.6028249607439e-177
"ZFX",3.33254027825403e-181,0.58970608303231,0.197,0.355,7.43856315509082e-177
"ZNF644",3.89012373434456e-181,0.578505055719549,0.251,0.445,8.68314518743049e-177
"TRPM7",4.28300877163368e-181,0.621663110151785,0.152,0.285,9.56010387916354e-177
"COIL",1.36242333665817e-180,0.575502405421852,0.13,0.251,3.0410651297547e-176
"WWP1",4.40042398947034e-180,0.467242996785028,0.142,0.269,9.82218638689675e-176
"THOC1",4.52974922820554e-180,0.59532361478724,0.129,0.25,1.01108532522776e-175
"DPP8",5.58156594898814e-180,0.559742933243057,0.147,0.277,1.24586133547364e-175
"KIN",9.6898512543664e-180,0.701865482955511,0.175,0.321,2.16287169848712e-175
"ZC3H13",1.66692793934295e-179,0.544784559135766,0.299,0.522,3.7207498534074e-175
"RNF216",4.1615554941512e-179,0.6606269048369,0.173,0.315,9.28900801849489e-175
"NAPA",6.81377450766043e-179,0.402638814120537,0.215,0.385,1.52090260785488e-174
"RNMT",1.44822891925208e-178,0.477220846637099,0.29,0.506,3.23259177066256e-174
"FOXJ3",5.45442641504023e-178,0.664843741598264,0.129,0.25,1.21748252010113e-173
"ARMC8",5.87011305687297e-178,0.577691743557933,0.146,0.274,1.31026793542462e-173
"CALCOCO2",1.39067205150937e-177,0.46376779444781,0.252,0.439,3.10411908617408e-173
"BTBD6",4.41237666215441e-177,0.442868947615328,0.144,0.271,9.84886594759485e-173
"CNOT1",4.92389456264568e-177,0.614065132439662,0.214,0.38,1.09906250532814e-172
"ITCH",5.59533544297663e-177,0.62514468915652,0.141,0.266,1.24893482422681e-172
"MEAF6",1.05274477287525e-176,0.345469297497272,0.28,0.496,2.34983160753484e-172
"HDAC1",1.27362192283271e-176,0.452336220166884,0.218,0.386,2.84285149395488e-172
"MRPL54",2.59191533734733e-176,0.268933553162504,0.287,0.512,5.78541422449297e-172
"ARFRP1",3.4318567676528e-176,0.488307300594595,0.155,0.289,7.66024749107782e-172
"CREBZF",3.63945287878741e-175,0.593758912792665,0.267,0.466,8.12362277074138e-171
"DDX27",8.1170721649542e-175,0.497575734750968,0.238,0.421,1.81181167793943e-170
"TRPS1",2.83224520417976e-174,0.447402487467626,0.141,0.269,6.32185452024964e-170
"MICU2",4.49194317346247e-174,0.54703998562925,0.153,0.285,1.00264663574856e-169
"OGDH",2.74667646099779e-173,0.56123838198437,0.14,0.263,6.13085652859317e-169
"SH3BP2",1.06596006424363e-172,0.2979115687352,0.138,0.261,2.37932945939821e-168
"SRPK2",2.49835260619453e-172,0.5737503916848,0.229,0.406,5.57657285228681e-168
"PLEKHJ1",3.27486524744227e-172,0.455108068684917,0.215,0.385,7.30982671881589e-168
"CCNT2",4.71365333497361e-172,0.690708627360498,0.151,0.28,1.05213456089946e-167
"SLC35A3",1.06615533384052e-171,0.679333090782852,0.146,0.272,2.37976532066543e-167
"HTT",1.17907393944273e-171,0.484615621186827,0.141,0.264,2.63181094023011e-167
"CNOT4",1.07236998063401e-170,0.627028705483542,0.219,0.386,2.39363703377317e-166
"ZMYND8",1.25222662711709e-170,0.431871095366664,0.208,0.365,2.79509505438805e-166
"LMF2",1.45370659088095e-170,0.862413608396314,0.17,0.31,3.24481848150538e-166
"PNRC2",2.7811323088796e-170,0.313822748914758,0.321,0.553,6.20776542665015e-166
"TRIM13",3.53324611006181e-170,0.601500095868463,0.147,0.274,7.88655864226897e-166
"SETD2",3.98648846158436e-170,0.730917031622143,0.231,0.406,8.89824089510244e-166
"TOB1",4.76006779938932e-170,0.451576667125555,0.208,0.366,1.06249473350169e-165
"NECAP2",6.76241096344856e-170,0.371267599830043,0.234,0.405,1.50943775115135e-165
"BCL7B",1.34369366957211e-169,0.43599723049105,0.156,0.287,2.99925863985191e-165
"BECN1",1.63576852325386e-169,0.53319257049258,0.145,0.269,3.65119892075494e-165
"TP53I13",3.11907135138801e-169,0.756093949628363,0.186,0.334,6.96207916343317e-165
"RALY",4.09258267677405e-169,0.320807822380298,0.281,0.492,9.13505379282735e-165
"WAC",5.13965048904858e-169,0.476123550531889,0.329,0.572,1.14722138566053e-164
"AFTPH",1.59455212974181e-168,0.508616538686793,0.154,0.283,3.5591998087967e-164
"ARID5B",2.33106207652991e-168,0.365627392440517,0.293,0.496,5.2031636610224e-164
"SRPK1",1.06504320770137e-167,0.491163835074595,0.175,0.318,2.37728294391023e-163
"CCDC174",1.27554176786424e-167,0.456313326941357,0.146,0.271,2.84713678004978e-163
"NEU1",2.09157114853348e-167,0.485668405538073,0.233,0.406,4.66859596064159e-163
"CCDC115",5.44643780323765e-167,0.453153185518806,0.166,0.303,1.21569938206068e-162
"CTDSP1",5.58971275070901e-167,0.590221692141728,0.214,0.379,1.24767978308576e-162
"MRFAP1L1",5.96943285192692e-167,0.648620529155848,0.165,0.301,1.33243710687861e-162
"CWC22",1.25223384290205e-166,0.590997735384549,0.143,0.267,2.79511116074165e-162
"CLIP1",1.39715481135106e-166,0.514004135046784,0.233,0.408,3.11858925441669e-162
"PAPD4",2.59250888052112e-166,0.506292790107735,0.151,0.276,5.7867390722112e-162
"CCNK",3.99561416150149e-166,0.589943781048792,0.178,0.32,8.91861036988748e-162
"EWSR1",1.54824982790915e-165,0.5041247978758,0.326,0.561,3.45584844087601e-161
"M6PR",5.13893178875557e-165,0.292814780576145,0.258,0.445,1.14706096456813e-160
"NIP7",6.13832229518867e-165,0.450478827687327,0.14,0.26,1.37013491950906e-160
"PRPF40A",9.4429037417992e-165,0.289700729131895,0.362,0.618,2.107750544207e-160
"IGF2R",2.33177459080482e-164,0.709162753041838,0.192,0.341,5.20475406413544e-160
"HSPA1A",1.30313915361199e-163,0.290499676915607,0.584,0.805,2.90873690477733e-159
"MPHOSPH6",1.50550847303166e-163,0.425692481293454,0.133,0.251,3.36044546265396e-159
"POLR2G",2.25124616300713e-163,0.309544568808904,0.254,0.45,5.02500656044822e-159
"ISCA2",3.9435568943037e-163,0.323583551959382,0.17,0.313,8.80241334377528e-159
"CSNK1D",1.61242130192046e-162,0.635416400849442,0.239,0.415,3.59908558801665e-158
"DYRK1A",3.51069242504229e-162,0.640617305981361,0.154,0.281,7.8362165619369e-158
"ASB8",4.73932803790666e-162,0.452522154802147,0.141,0.26,1.05786541134115e-157
"RC3H2",1.02003675919763e-161,0.677522751544211,0.167,0.3,2.27682405020504e-157
"RBM23",1.34772214997365e-161,0.647952984747385,0.217,0.378,3.00825061095618e-157
"PFKP",1.7311977733402e-161,0.301558547626842,0.166,0.299,3.86420654987267e-157
"TBRG1",3.01482950146307e-161,0.645363195475353,0.178,0.318,6.72940093021572e-157
"TRPC4AP",5.60611695712956e-161,0.744991445878886,0.175,0.313,1.25134136600089e-156
"RNF169",5.90083024782484e-161,0.564670851931771,0.169,0.303,1.31712431961698e-156
"SPTY2D1",9.5220302937357e-161,0.588703391309924,0.18,0.32,2.12541238186475e-156
"TRIM33",3.56782853807797e-160,0.724131789590739,0.224,0.391,7.96375007984384e-156
"RPS6KB2",4.82366928721744e-160,0.519186423810268,0.166,0.3,1.0766912215998e-155
"TAF12",5.20828482581344e-160,0.465140268539521,0.177,0.317,1.16254125596982e-155
"PSPC1",1.6666714883476e-159,0.708033451200188,0.159,0.286,3.72017742914067e-155
"PPP1R11",1.85872818219436e-159,0.454544120244652,0.166,0.3,4.14886717547602e-155
"SLC39A10",2.16895198936177e-158,0.504070492329187,0.206,0.356,4.8413177354544e-154
"SNRNP40",2.34781747036258e-158,0.379171630625295,0.159,0.286,5.24056337559632e-154
"SUPT20H",3.85563024373588e-158,0.666989688802426,0.189,0.334,8.60615226704286e-154
"CNOT2",5.20514846220217e-158,0.680056979081164,0.26,0.451,1.16184118824815e-153
"TAB2",6.26921211563381e-158,0.554941527827637,0.157,0.283,1.39935083633062e-153
"ARID2",7.75613047075124e-158,0.697438766474817,0.158,0.286,1.73124588237638e-153
"CCDC32",8.2080624201228e-158,0.508785505212325,0.153,0.277,1.83212161279561e-153
"SAFB2",4.16708286683564e-157,0.68117291416156,0.234,0.404,9.30134566706383e-153
"EIF2B1",6.36328664578705e-157,0.620616820304789,0.16,0.287,1.42034921220613e-152
"NUDT5",1.6612612654133e-156,0.300704726749672,0.225,0.395,3.70810127052902e-152
"REST",1.96877296718942e-156,0.439807706958683,0.264,0.452,4.39449814006351e-152
"CHD8",2.1113640713526e-156,0.695189687140809,0.18,0.319,4.71277574366615e-152
"KIAA1109",1.1716716343399e-154,0.774507441637251,0.233,0.402,2.61528825501009e-150
"IWS1",1.60345293264842e-154,0.680176579860679,0.191,0.335,3.57906729096455e-150
"USP47",2.03952492013439e-154,0.657287946670948,0.226,0.393,4.55242357423198e-150
"TBCB",2.18097852885937e-154,0.292651272444472,0.318,0.548,4.86816217426699e-150
"CD2BP2",6.5769204530026e-154,0.522427692316639,0.225,0.395,1.46803441431471e-149
"CARD19",7.06068129820347e-154,0.477466306782466,0.159,0.285,1.576014672572e-149
"STK24",7.15016466401162e-154,0.561637893858049,0.203,0.353,1.59598825465403e-149
"TXNDC9",7.47584749093027e-154,0.475125414096323,0.168,0.301,1.66868391845055e-149
"CITED2",1.32500820544011e-153,0.357862068211452,0.244,0.409,2.95755081536287e-149
"SUZ12",2.04731206794637e-153,0.554628792672193,0.222,0.382,4.5698052668631e-149
"ACAA2",8.00851011892402e-153,0.419371424259305,0.182,0.323,1.78757954364503e-148
"DCAF11",1.95010882500075e-152,0.464993339690387,0.15,0.269,4.35283790828418e-148
"ZDHHC20",4.12694220698948e-152,0.599247857270124,0.145,0.265,9.21174770022121e-148
"PGP",4.39361221186887e-152,0.496064167594976,0.207,0.359,9.80698181811251e-148
"NOSIP",6.43085401757679e-152,0.607673346630978,0.237,0.413,1.43543092526331e-147
"ATG5",7.31376849388333e-152,0.557608878887465,0.167,0.298,1.6325062655197e-147
"SMARCA2",3.28267850062522e-151,0.549913054012358,0.292,0.49,7.32726668124556e-147
"IFNAR2",2.04369310645845e-150,0.49817360142234,0.151,0.273,4.56172738292591e-146
"PNPT1",1.0772348667853e-149,0.805322741908261,0.15,0.27,2.40449594615148e-145
"ZCCHC8",1.34106806995408e-149,0.545543607408939,0.138,0.252,2.99339803894451e-145
"LENG8",4.1455358740814e-149,0.588028645676424,0.279,0.469,9.25325062453709e-145
"WAPL",6.6895982016803e-149,0.58808753754045,0.209,0.361,1.49318521459706e-144
"RPAP2",2.59352235731453e-148,0.690327971886239,0.171,0.299,5.78900125376177e-144
"AP1G1",6.04470336335431e-148,0.749836422986279,0.148,0.266,1.34923823773432e-143
"OTUB1",6.4979135609544e-148,0.578087405349776,0.236,0.41,1.45039928594063e-143
"MED6",7.578626921984e-148,0.586973402675184,0.174,0.307,1.69162531525605e-143
"CRCP",9.68896215175976e-148,0.515640371695341,0.139,0.251,2.1626732418943e-143
"N4BP2",1.85144177973361e-147,0.725833532145457,0.142,0.257,4.13260319654339e-143
"BRMS1",2.8793694203156e-147,0.457691072773665,0.159,0.283,6.42704048308646e-143
"POP5",5.17868498799714e-147,0.613307289724252,0.175,0.309,1.15593427617084e-142
"SNW1",6.20638813661047e-147,0.479647009585895,0.276,0.473,1.38532789597282e-142
"SNAPC5",8.90336018958961e-146,0.489720032284925,0.14,0.253,1.9873190279183e-141
"DESI1",2.80678331096329e-145,0.435887347696299,0.16,0.284,6.26502102840117e-141
"AP3B1",3.2645164440162e-145,0.702207353489135,0.168,0.295,7.28672715468855e-141
"CPNE1",3.36509759359957e-145,0.446363940326649,0.301,0.511,7.51123433867359e-141
"ASH1L",5.24716181687292e-145,0.579120364699642,0.359,0.598,1.17121898914421e-140
"ABCF1",9.92955178928317e-145,0.54255991991965,0.248,0.424,2.2163752548859e-140
"MFSD10",1.56454389828998e-144,0.537078726412292,0.257,0.445,3.49221843537306e-140
"CSNK1G3",8.17558619238328e-144,0.674704475535094,0.161,0.286,1.82487259400187e-139
"USP3",1.83924356242711e-143,0.689206318751097,0.176,0.306,4.10537555569355e-139
"LCOR",6.66258615928583e-143,0.687197185284667,0.189,0.326,1.48715585661419e-138
"BCL2L1",1.45671735798519e-142,0.444073931804757,0.149,0.265,3.25153881475875e-138
"ZNHIT6",1.79148675488515e-142,0.766412392919971,0.142,0.255,3.99877758557914e-138
"TMEM243",2.82115757715292e-142,0.601179874162097,0.206,0.356,6.29710582796303e-138
"GPBP1L1",3.10877052335814e-142,0.667498780542847,0.205,0.353,6.9390866851877e-138
"SMIM12",4.80698722801454e-142,0.435905650056052,0.154,0.272,1.07296761916513e-137
"MAP3K8",1.32020549343172e-141,0.280524064010771,0.144,0.256,2.94683068188894e-137
"CHD1",1.60859310509031e-141,0.535337814213784,0.241,0.402,3.59054066987209e-137
"MALT1",2.02004502624125e-141,0.560179981843014,0.14,0.253,4.50894250307309e-137
"TBC1D1",4.99029480344378e-141,0.506742233113693,0.145,0.258,1.11388370307669e-136
"UGP2",5.71234464906479e-141,0.391810495075691,0.3,0.513,1.27505244911775e-136
"NUFIP2",1.34477039912157e-140,0.507971511100218,0.299,0.497,3.00166200787926e-136
"ALG13",1.96362370542551e-140,0.709287331908094,0.192,0.332,4.38300447288029e-136
"TBC1D20",5.45925119048667e-140,0.787877643979739,0.147,0.261,1.21855945822853e-135
"VOPP1",9.75543468498948e-140,0.466855512924695,0.192,0.328,2.1775105760365e-135
"GOLGA4",1.83873387745233e-139,0.478940837458643,0.396,0.654,4.10423788786135e-135
"GNA13",1.16837909825615e-138,0.329371073236222,0.155,0.27,2.60793898521756e-134
"HNRNPUL1",3.23135869127938e-138,0.560988886348339,0.318,0.534,7.21271573480471e-134
"MRPL10",1.42896802941345e-137,0.59310857534199,0.146,0.259,3.18959953845377e-133
"CGGBP1",3.60991163251231e-137,0.634111075931488,0.261,0.44,8.05768375493072e-133
"GTF2B",7.01890041144941e-137,0.50730288143784,0.186,0.319,1.56668876083962e-132
"SMG6",8.43380181885597e-137,0.830969144658566,0.143,0.255,1.88250890398684e-132
"ARIH2",1.14954120266957e-136,0.726864196878901,0.205,0.35,2.56589091847875e-132
"MAP2K3",1.56118830339967e-136,0.406936293867535,0.174,0.297,3.4847284120184e-132
"USP34",2.68730898358831e-136,0.681827737497737,0.303,0.51,5.99834238226746e-132
"PSIP1",2.95754918925697e-136,0.308727272580124,0.329,0.532,6.60154554534047e-132
"BLOC1S4",3.99007560414638e-136,0.628452451300305,0.173,0.301,8.90624775601514e-132
"WTAP",9.6570077616006e-136,0.431938765467203,0.267,0.443,2.15554070246687e-131
"DCP2",1.07078874314478e-135,0.636151924287825,0.217,0.366,2.39010755357346e-131
"DCAF5",5.85687356982459e-135,0.815385528297252,0.179,0.31,1.30731274952055e-130
"ERBIN",2.20062696917618e-134,0.660702440923328,0.239,0.402,4.91201945789815e-130
"ILKAP",2.39234043826927e-134,0.692481817906226,0.154,0.269,5.33994309226084e-130
"HEXIM1",1.10949550142738e-133,1.0207014820211,0.197,0.333,2.47650490873606e-129
"TRAPPC4",1.51860123806734e-133,0.524778847767659,0.23,0.395,3.3896698234901e-129
"RBM5",1.47826817678241e-132,0.730302099226455,0.298,0.495,3.29964239739601e-128
"VPS36",1.67826746950579e-132,0.717145292711111,0.251,0.421,3.74606081868387e-128
"TTC19",2.00328408699432e-132,0.721256766178881,0.197,0.333,4.47153041058003e-128
"NOL8",2.71746325449907e-132,0.778252210182184,0.193,0.327,6.06564973036737e-128
"E2F4",6.37927219908447e-132,0.643539230611661,0.154,0.268,1.42391734755764e-127
"SUSD6",9.67235632712249e-132,0.600050298986909,0.156,0.271,2.15896665577701e-127
"ZNF791",1.00495796793353e-131,0.747095835565258,0.221,0.371,2.24316668022443e-127
"BCL9L",2.00872544238068e-131,0.732173235410563,0.173,0.299,4.48367605993791e-127
"DDX39A",2.03597183192544e-131,0.346190053784852,0.193,0.325,4.54449272604076e-127
"ARID1A",2.78836414151946e-131,0.611395440192009,0.28,0.467,6.22390760028559e-127
"FAM89B",5.49780726674152e-131,0.531441609036213,0.27,0.458,1.22716556000937e-126
"TULP4",2.18763159251609e-130,0.81331493620507,0.156,0.271,4.88301247765516e-126
"ME2",5.45854482300938e-130,0.419293055346899,0.198,0.333,1.21840178994392e-125
"SNRNP200",7.39245377000334e-130,0.69446777502716,0.292,0.49,1.65006960600244e-125
"ARPP19",2.28284957182718e-129,0.48447134210199,0.29,0.483,5.09554852927544e-125
"STX8",4.15121660569604e-129,0.618889450500391,0.184,0.316,9.26593058557412e-125
"MNAT1",4.55305777876732e-129,0.724161032161431,0.179,0.307,1.01628802679865e-124
"VSIR",5.17537024379422e-129,0.313527617136156,0.2,0.334,1.15519439211731e-124
"ELK4",7.07120243493472e-129,0.768377361509576,0.18,0.307,1.57836309550178e-124
"ADD3",8.11275773830884e-129,0.473109046153887,0.286,0.47,1.81084865476792e-124
"GAK",1.23242550692964e-128,0.766616237173887,0.192,0.324,2.75089697401764e-124
"MTF2",2.40266637593398e-128,0.613510081426624,0.213,0.357,5.36299161772224e-124
"ABI1",1.56699564317273e-127,0.630244951176449,0.223,0.372,3.49769097512586e-123
"SNRNP35",3.36370822803026e-126,0.658950919078004,0.152,0.264,7.50813313578635e-122
"OARD1",9.15091510915551e-126,0.553952732179999,0.175,0.297,2.0425757615146e-121
"YME1L1",1.06013345222909e-125,0.57565661124286,0.365,0.603,2.36632387872055e-121
"EIF5B",1.2573536360404e-125,0.330641831936473,0.391,0.641,2.80653905100577e-121
"ZFC3H1",1.76721187920383e-125,0.8191153572091,0.233,0.386,3.94459363557087e-121
"TGS1",3.0907048998088e-125,0.674634604490213,0.17,0.289,6.89876240686322e-121
"SMURF2",3.77663805674763e-125,0.83111789188042,0.157,0.271,8.42983380646639e-121
"USP36",4.68292670760884e-125,0.761830128635193,0.159,0.272,1.04527607040537e-120
"CDC37",5.57661050523589e-125,0.338565225018912,0.373,0.619,1.2447552308737e-120
"RAB8A",1.09512801149206e-124,0.416137915809199,0.277,0.458,2.44443523445142e-120
"LSM10",1.50157388251417e-124,0.466898746866327,0.222,0.376,3.35166306315988e-120
"U2SURP",3.24897611531127e-124,0.458776006550547,0.374,0.619,7.25203958698628e-120
"C1orf131",6.46642816514729e-124,0.824555172006298,0.165,0.281,1.44337143074253e-119
"WDR1",8.79967497914476e-124,0.321443466495362,0.319,0.526,1.9641754520949e-119
"ZNF217",9.71904352782394e-124,0.394293372923567,0.193,0.32,2.16938770584558e-119
"ARFGAP2",1.31452320926515e-123,0.756981076296795,0.213,0.356,2.93414725540075e-119
"ARFGEF1",2.91704124505669e-123,0.786834770511088,0.19,0.319,6.51112776309105e-119
"CDK13",5.15096449072949e-123,0.816822666430012,0.199,0.331,1.14974678397573e-118
"CCDC130",1.41459479764485e-122,0.830887372448958,0.17,0.287,3.15751704782308e-118
"CHCHD7",2.33329685181318e-122,0.424626372151107,0.201,0.337,5.2081519029322e-118
"PHIP",2.70580874951107e-122,0.609710776733203,0.328,0.535,6.03963570978365e-118
"KAT6B",3.04123609901009e-122,0.793152213766166,0.22,0.365,6.78834309660043e-118
"ETNK1",8.29556365790312e-122,0.775960419152468,0.215,0.358,1.85165276408056e-117
"ZNHIT3",9.96757669943341e-122,0.593789367613861,0.208,0.347,2.22486279508053e-117
"PCGF5",1.27014994589821e-121,0.572534660832369,0.188,0.316,2.83510169423939e-117
"SNRPN",2.05489467578905e-121,0.382609009270652,0.268,0.454,4.58673040582875e-117
"UBLCP1",2.10045976409973e-121,0.68773813755665,0.144,0.25,4.688436239447e-117
"ABHD14A",4.4969851081826e-121,0.620812541868974,0.15,0.259,1.00377204599744e-116
"TAF10",5.49324870180148e-121,0.319079888841514,0.301,0.506,1.22614804272911e-116
"PRKAA1",8.16495084954986e-121,0.75292777936043,0.159,0.27,1.82249867912802e-116
"CEP350",9.61581217545098e-121,0.720978020382884,0.269,0.441,2.14634543568241e-116
"TNIP1",1.09713576032694e-120,0.566901550368795,0.184,0.311,2.44891673062575e-116
"SPRY1",1.11223430361816e-120,0.305059037874359,0.153,0.258,2.4826181891061e-116
"PSMD13",4.22941896514937e-120,0.434981177400599,0.293,0.491,9.4404860721099e-116
"ELOVL5",4.96053265734519e-120,0.531341227215463,0.193,0.326,1.10724049444602e-115
"RPA3",7.93821296162664e-120,0.31111280750071,0.218,0.36,1.77188851516468e-115
"LYPLA2",8.45077776379043e-120,0.459223880640545,0.157,0.266,1.88629810465566e-115
"SRP19",1.46811362748776e-119,0.548661749145572,0.23,0.389,3.27697642791542e-115
"GADD45G",1.93082805038395e-119,0.252047043415762,0.15,0.254,4.30980129126202e-115
"GGA1",2.29506982690181e-119,0.570166458609308,0.229,0.372,5.12282536062753e-115
"EHBP1L1",3.29194823656336e-119,0.615390037252425,0.169,0.283,7.34795765883307e-115
"TMEM170A",9.45427185454814e-119,0.675607851325447,0.178,0.298,2.11028802065369e-114
"ATF6B",1.43594000191655e-118,0.728562110742225,0.246,0.404,3.20516167827793e-114
"TRIM56",4.58475596207587e-118,0.640888757695856,0.306,0.495,1.02336337829495e-113
"GRIPAP1",5.95093876697017e-118,0.749615360091583,0.162,0.273,1.32830904217541e-113
"JOSD1",7.39834671911138e-118,0.829437594191557,0.222,0.367,1.65138497117285e-113
"MLX",3.01315967876234e-117,0.664983790688215,0.164,0.277,6.72567371896541e-113
"DBNL",8.54339746087441e-117,0.472223417742882,0.258,0.422,1.90697174724178e-112
"CDS2",8.84374906686877e-117,0.704021751827943,0.15,0.255,1.97401322921578e-112
"CRBN",1.14958780521703e-116,0.676267293188054,0.246,0.404,2.56599494002492e-112
"NT5C",1.95113478895741e-116,0.627340183070521,0.295,0.487,4.35512796243183e-112
"RNF115",5.54693949357467e-116,0.747482133087574,0.254,0.42,1.2381323643608e-111
"UBE2G1",1.10585581652241e-115,0.60096101513445,0.147,0.252,2.46838076805968e-111
"PCMT1",1.26221183312776e-115,0.457538734495102,0.265,0.44,2.81738303272447e-111
"PPP2R3C",2.13331502825813e-115,0.621451196095505,0.177,0.296,4.76177247457496e-111
"OSBPL8",4.92484326273863e-115,0.551518900210357,0.28,0.454,1.09927426467589e-110
"LSM6",5.45366804001709e-115,0.478487594760018,0.258,0.425,1.21731324321221e-110
"BLOC1S2",5.48527722912459e-115,0.499528632405899,0.194,0.321,1.2243687303129e-110
"ISCU",9.01459384215655e-115,0.261382461503859,0.375,0.613,2.01214749150776e-110
"RBM4",1.96867108484224e-114,0.752321256802395,0.18,0.3,4.39427072847637e-110
"MOB2",2.90116738641609e-114,0.637137436197657,0.149,0.254,6.47569572321937e-110
"RBM26",7.3486825348307e-114,0.773095607657188,0.279,0.455,1.64029942859956e-109
"RILPL2",1.85963689235393e-113,0.485929447197657,0.163,0.274,4.1508955074232e-109
"UBE2N",6.52355954499208e-113,0.346142446193904,0.298,0.496,1.45612372603768e-108
"PPIG",6.65257098246638e-113,0.386708416560179,0.407,0.667,1.48492036899632e-108
"MIB2",5.28284558836357e-112,0.695899773810497,0.149,0.252,1.17918396377863e-107
"MSI2",3.73243508299052e-111,0.595432998602186,0.27,0.438,8.33116834874313e-107
"AP2B1",4.08977950818006e-111,0.643253728625659,0.262,0.429,9.12879684020871e-107
"MBD2",7.39959284407334e-111,0.514453542073438,0.283,0.464,1.65166311872561e-106
"PPM1G",1.84798404150689e-110,0.370318564714206,0.313,0.518,4.12488517904752e-106
"INO80D",1.96228942109732e-109,0.832386008938256,0.162,0.271,4.38002621683133e-105
"FBRS",2.11719278390728e-109,0.729316002092077,0.163,0.272,4.72578601295944e-105
"FUT8",2.17838281742576e-109,0.872380480822907,0.149,0.255,4.86236828677604e-105
"PMF1",3.65122362798926e-109,0.602995389829575,0.228,0.373,8.14989626003483e-105
"SSBP4",2.11560742862997e-108,0.551276615071736,0.294,0.478,4.72224734144496e-104
"RUNX1",3.38793039603592e-108,0.277263676044596,0.186,0.299,7.56219943699177e-104
"POLR2K",3.92666170386088e-108,0.316158961063921,0.323,0.535,8.76470158918787e-104
"UBTF",3.39944972947435e-107,0.693951194468404,0.249,0.403,7.58791174115969e-103
"DNTTIP2",3.72706351272771e-107,0.673903819660953,0.242,0.396,8.31917846675952e-103
"CHD3",3.82283325796407e-107,0.781480293132871,0.268,0.434,8.53294611510159e-103
"MRPS31",6.39705511403758e-107,0.780065685854899,0.194,0.32,1.42788667200433e-102
"TDG",1.45314082439198e-106,0.79135025434332,0.201,0.329,3.24355563412534e-102
"KIAA2026",1.47875911414176e-106,0.833983798631366,0.234,0.378,3.30073821867583e-102
"NUDT1",3.94158602613458e-106,0.323022450529473,0.16,0.263,8.798014168935e-102
"YAF2",7.31109365444746e-106,0.793540385384094,0.175,0.288,1.63190921460922e-101
"STARD3NL",1.45596749675628e-105,0.881600476397279,0.181,0.3,3.24986504950968e-101
"DNM2",2.12635184108669e-105,0.6889269342496,0.201,0.324,4.74622994448961e-101
"ZNF652",2.89953998867313e-105,0.916453934795654,0.198,0.327,6.4720632087173e-101
"EBP",8.16199579669859e-105,0.371974253308369,0.184,0.305,1.82183908178109e-100
"PPP2R5A",1.54369880626547e-104,0.583593509561995,0.158,0.26,3.44569010546515e-100
"BCLAF1",1.84300043114565e-104,0.462909398950679,0.418,0.675,4.1137612623602e-100
"PKN1",1.73692171374125e-103,0.506730269686657,0.255,0.41,3.87698295724184e-99
"TOR1A",1.82708549879139e-103,0.690073302890426,0.159,0.262,4.07823754185225e-99
"MYSM1",2.10323845302859e-103,0.81096521319289,0.166,0.272,4.69463855100512e-99
"FUBP1",8.37136663375422e-103,0.714182655016487,0.257,0.414,1.86857274632028e-98
"FBXW5",1.66903265753488e-102,0.715806140108317,0.258,0.42,3.72544779488361e-98
"CMIP",3.10841741579217e-102,0.621184873514557,0.202,0.326,6.93829851378969e-98
"PHF1",4.25856622164664e-102,0.852630432745691,0.158,0.263,9.50554566333747e-98
"CORO1B",1.08301170623399e-101,0.724648107204755,0.285,0.468,2.41739042948489e-97
"CBL",4.25382210403378e-101,0.628746198774737,0.154,0.254,9.49495631841381e-97
"HERC4",9.34568154687064e-101,0.83567669437047,0.235,0.379,2.086049578077e-96
"USP16",4.08446919214387e-100,0.721316742094262,0.308,0.505,9.11694368378433e-96
"OTUD5",4.19347965814859e-100,0.896928382432149,0.178,0.29,9.36026594495347e-96
"MAP2K2",1.67532162893937e-99,0.375305639116356,0.369,0.608,3.73948540795557e-95
"ATXN2L",1.89104340389688e-99,0.758284852664867,0.223,0.36,4.22099798183822e-95
"PPP1R7",3.3207011166541e-99,0.437118356248681,0.263,0.43,7.41213696248361e-95
"PTPN2",4.66437246439123e-99,0.72725940250668,0.263,0.422,1.04113457777677e-94
"PHF20",5.64777531868358e-99,0.727261096146055,0.253,0.408,1.26063992888336e-94
"ANKRD28",1.35132407827234e-98,0.875837850841548,0.21,0.337,3.0162904751117e-94
"GPATCH8",9.47858749866117e-98,0.891249333808113,0.244,0.39,2.11571551557616e-93
"ZCCHC11",1.72437001321921e-97,0.765294352371763,0.31,0.494,3.84896630650659e-93
"PPHLN1",2.43237052403723e-97,0.719752428795257,0.28,0.455,5.4292942467035e-93
"C19orf24",4.81227908663169e-97,0.439248964446165,0.259,0.422,1.07414881492706e-92
"GATAD2A",6.35326015385756e-97,0.792203332951512,0.182,0.294,1.41811119894255e-92
"COQ10B",8.02938684027089e-97,0.747552679326422,0.202,0.327,1.79223943661687e-92
"CCDC186",9.82616620671731e-97,0.651060868559336,0.243,0.385,2.19329855900137e-92
"SPG11",1.37521775764571e-96,0.993072299594385,0.181,0.292,3.069623556841e-92
"JMJD6",1.77244550807973e-96,0.722814685347656,0.164,0.267,3.95627561858477e-92
"DDX23",2.46835928386511e-96,0.834944437168845,0.185,0.299,5.50962475751532e-92
"TMUB1",6.34610427636885e-96,0.715476131414927,0.17,0.276,1.41651393552829e-91
"ZNF721",1.80052962595371e-95,0.835007561474204,0.18,0.29,4.01896217809127e-91
"PACS1",3.08325343106912e-95,0.796427765793329,0.202,0.326,6.88212998348938e-91
"TRAPPC6A",1.16528796023571e-94,0.542739160020884,0.187,0.304,2.60103925604213e-90
"RBM6",1.58633008865351e-94,0.688608294027066,0.336,0.531,3.54084739088349e-90
"KDM2A",8.90720489441952e-94,0.716411059001932,0.279,0.443,1.98817720448338e-89
"SSNA1",1.03813684632508e-93,0.487242698884396,0.294,0.476,2.3172252546822e-89
"PRKAG2",1.55006771408734e-93,0.659834524766839,0.165,0.267,3.45990614461435e-89
"RECQL",3.22447449465257e-93,0.723027769825878,0.204,0.326,7.197349519514e-89
"XPO6",3.35494066863767e-93,0.76496132139087,0.165,0.266,7.48856306646614e-89
"GGNBP2",1.20439056125625e-91,0.741947750682676,0.291,0.465,2.68832017178006e-87
"ZBTB38",1.42154721017816e-91,0.767272805254552,0.28,0.445,3.17303552783867e-87
"RPF1",2.22311914547652e-91,0.742938654231518,0.162,0.262,4.96222424461814e-87
"IMP3",2.37884018559241e-91,0.56404466612742,0.245,0.393,5.30980917826082e-87
"RHOT2",3.7712721661944e-91,0.937636021479467,0.171,0.273,8.41785660216252e-87
"DNAJB6",1.05942606516016e-90,0.403208110206697,0.39,0.628,2.364744920044e-86
"HIPK1",1.4641805177817e-90,0.825532645334106,0.222,0.352,3.26819733374053e-86
"SPTAN1",2.22527547308146e-90,0.517291692813332,0.337,0.531,4.96703738346513e-86
"SNX6",4.82094272190334e-90,0.270331584894388,0.385,0.613,1.07608262495604e-85
"AATF",1.66079450067955e-89,0.759228463714921,0.188,0.3,3.70705940496681e-85
"NGLY1",4.07993550642e-89,0.92167388125852,0.182,0.289,9.10682404388008e-85
"SDHAF2",4.09467858342182e-89,0.705133427389802,0.192,0.308,9.13973206605585e-85
"MTERF4",1.5543558190606e-88,0.923928832552277,0.188,0.298,3.46947762372516e-84
"ENSA",2.50651500137885e-88,0.409639067525785,0.352,0.567,5.59479213457774e-84
"TRA2A",3.81265111771057e-88,0.670525671705101,0.336,0.533,8.51021855984177e-84
"RTF1",4.44929185519108e-88,0.528965022542879,0.377,0.606,9.93126434997201e-84
"MED10",4.88780493991677e-88,0.619975923156207,0.301,0.484,1.09100694063882e-83
"STX16",8.63705575715806e-88,0.826975659555959,0.258,0.408,1.92787721555525e-83
"COX19",8.51108440260119e-87,0.855610488442631,0.168,0.268,1.89975914950461e-82
"CSGALNACT2",1.05479494457606e-86,0.768002856410716,0.176,0.278,2.35440779578822e-82
"TNFSF12",2.4237603728796e-86,0.52326342413644,0.18,0.289,5.41007552830456e-82
"PARP4",4.8724570661398e-86,0.880747673897999,0.177,0.28,1.08758114173307e-81
"CDK12",1.0799873545783e-85,0.888353267976584,0.252,0.396,2.41063977415422e-81
"CDK11B",1.11954699566873e-85,0.845485956533872,0.179,0.284,2.49894084903216e-81
"NEMF",1.27908806587099e-85,0.758794756913536,0.309,0.492,2.85505247183063e-81
"SPSB3",1.33907518592248e-85,0.839232021091164,0.235,0.372,2.98894972249757e-81
"PHC3",1.91465700147753e-85,0.848496105617625,0.238,0.373,4.273705892998e-81
"FKBP11",3.11696303922734e-85,0.348726948463995,0.219,0.339,6.95737319985935e-81
"RNF4",3.92410916042709e-85,0.85204299985599,0.164,0.261,8.7590040569893e-81
"ASCC3",4.69290760159394e-85,0.96051105277752,0.218,0.345,1.04750390575178e-80
"RTCA",5.07113615447033e-85,0.707757878169863,0.173,0.276,1.13192830103932e-80
"YARS",5.2415004134319e-85,0.890312609963979,0.161,0.259,1.16995530728213e-80
"ZNF207",1.83216749526489e-84,0.599458877365435,0.387,0.619,4.08958106618076e-80
"UBE2I",2.29958944158536e-84,0.252747208897022,0.428,0.682,5.13291359256268e-80
"PIN1",4.08815177101261e-84,0.56659114758498,0.276,0.443,9.12516356807726e-80
"PARP1",5.64765908252061e-84,0.432075501317818,0.311,0.487,1.26061398380943e-79
"CLK4",6.7283143706216e-84,0.899183950278202,0.162,0.258,1.50182705066645e-79
"GYG1",1.83946632976631e-82,0.852275048502739,0.18,0.285,4.10587279467137e-78
"ANP32A",1.17256431718432e-81,0.362741998779249,0.329,0.514,2.61728081238712e-77
"PRDM2",3.83176397591567e-81,0.82641946035738,0.272,0.426,8.55288037064137e-77
"RNF149",4.67825825960402e-81,0.708564600607636,0.253,0.389,1.04423402612621e-76
"IFIT3",8.85423143633565e-81,0.682314971780079,0.191,0.296,1.97635299890448e-76
"MARK2",9.69896770055137e-81,0.770607907156901,0.173,0.272,2.16490658044007e-76
"XPC",4.58121036737671e-79,0.898549250260417,0.188,0.294,1.02257196610215e-74
"EXOSC1",7.30687718974586e-79,0.855441815400049,0.202,0.316,1.63096805752317e-74
"KAT6A",1.46216158903094e-78,0.880165787869346,0.239,0.372,3.26369088287596e-74
"TIPARP",2.47137078424514e-78,0.634670602580825,0.17,0.266,5.51634672751358e-74
"TWF2",3.12241622879691e-78,0.521839112073849,0.261,0.404,6.96954526429759e-74
"AGTRAP",5.06412895141301e-78,0.673472716443753,0.243,0.381,1.1303642232449e-73
"ILF3-AS1",2.09977915159657e-77,0.842682566122043,0.209,0.322,4.68691704427871e-73
"CDC40",2.77046191308692e-77,0.831322532089787,0.241,0.375,6.18394803620132e-73
"YTHDC1",6.46060153210129e-77,0.684937321716111,0.332,0.519,1.44207086798033e-72
"SMAP1",8.49112872035616e-77,0.769395621481292,0.245,0.383,1.8953048416707e-72
"TNIP2",9.36092743604755e-77,0.810730887909234,0.173,0.27,2.08945261300017e-72
"NSD1",1.35626644208818e-76,0.835344824710845,0.295,0.459,3.02732232538503e-72
"RNF168",2.82725277533862e-76,0.889716652297814,0.17,0.266,6.31071091983333e-72
"AC020916.1",4.17911923725926e-76,0.462723626508601,0.232,0.347,9.3282120494864e-72
"MIEN1",9.57943002605216e-76,0.661878091164925,0.233,0.365,2.1382245761151e-71
"NUP50",1.06923249331887e-75,0.903330892065631,0.177,0.274,2.38663384833705e-71
"TMX4",2.4844879286027e-75,0.670503321146176,0.259,0.405,5.54562550543408e-71
"SPCS3",5.7199522961375e-75,0.337938199557557,0.352,0.543,1.27675055202085e-70
"DMTF1",4.87469452130481e-74,0.985261465625626,0.199,0.307,1.08808056410045e-69
"NMT1",1.54552078758506e-73,0.862229561861338,0.258,0.399,3.4497569499686e-69
"TINF2",2.83723289385086e-73,0.838724936856014,0.184,0.284,6.33298754236451e-69
"VASP",2.9184876811452e-73,0.331630647005698,0.278,0.416,6.51435635308419e-69
"INTS6",2.95123434600409e-73,0.748273212250326,0.286,0.434,6.58745018371572e-69
"WDR33",3.55732582700629e-73,0.744514285264456,0.289,0.454,7.94030697846074e-69
"IFIT1",1.46707087447758e-72,0.538765978806896,0.189,0.29,3.2746488989214e-68
"TLK1",1.75477245093623e-72,0.783616123033655,0.246,0.378,3.91682758773477e-68
"UBXN4",3.95320175196091e-72,0.252999317122522,0.469,0.73,8.82394163055195e-68
"CCDC167",6.20989872165323e-72,0.637242892819849,0.197,0.306,1.38611149366022e-67
"TBC1D2B",8.27526640150372e-72,0.976945174753215,0.201,0.312,1.84712221347965e-67
"ERP29",3.66025189487701e-71,0.276285423269168,0.437,0.676,8.17004825455496e-67
"TMEM173",6.36626374702093e-70,0.766199292480699,0.228,0.355,1.42101373097254e-65
"VPS4B",8.51834973857569e-70,0.790456604713334,0.259,0.399,1.90138084514748e-65
"MBD5",1.71597861987532e-69,1.02093848480169,0.172,0.265,3.8302358774237e-65
"RNF126",1.75452396308175e-69,0.880437305470064,0.179,0.276,3.91627293799478e-65
"FNBP4",2.75974515619663e-69,0.737683998475551,0.34,0.523,6.1600271631465e-65
"TAF1D",4.3762834335703e-69,0.367729834765505,0.451,0.689,9.76830225207226e-65
"NCOA3",6.92766557909037e-69,0.866657016810389,0.226,0.344,1.54632423390876e-64
"ZNF655",1.27413433120199e-68,0.902596077920024,0.23,0.351,2.84399524067595e-64
"POLR2B",1.75595885078156e-68,0.892867537026665,0.261,0.402,3.91947575082951e-64
"TMEM259",1.88355803123924e-68,0.93367974661333,0.308,0.477,4.20428988152911e-64
"MSL3",2.79744333783935e-68,1.0215026323223,0.181,0.277,6.2441732743912e-64
"ZNF800",6.19893256345696e-68,0.945415392568783,0.19,0.291,1.38366373748923e-63
"TMEM9B",1.73762001696756e-67,0.711354524953298,0.207,0.316,3.8785416398733e-63
"ZDHHC12",3.64015303970141e-67,0.590523231941637,0.168,0.256,8.12518559991751e-63
"NCK2",5.2047710129625e-67,1.00287002790581,0.204,0.311,1.16175693780336e-62
"DGLUCY",5.95637115129472e-67,1.1108478292783,0.165,0.254,1.32952160468049e-62
"IK",7.60453607956811e-67,0.596676141051032,0.341,0.535,1.6974084983204e-62
"MT1X",9.84166230869557e-67,0.808911062700189,0.311,0.453,2.19675744392394e-62
"TLE4",1.5858440671758e-66,1.02033835563533,0.253,0.388,3.53976254234311e-62
"CREBRF",2.40893873190102e-66,0.675191320177722,0.273,0.412,5.37699214347627e-62
"COX5A",2.55897290415602e-65,0.250306110239928,0.396,0.611,5.71188341936666e-61
"LITAF",4.51178884773497e-65,0.428607345419809,0.314,0.466,1.00707638870292e-60
"CMC2",4.71140307938131e-65,0.659325691674868,0.251,0.387,1.0516322813487e-60
"PPM1B",1.25330576618143e-64,1.03392353188857,0.187,0.284,2.79750380069356e-60
"PAIP2",3.89492707734446e-64,0.41863349228973,0.378,0.599,8.69386672934057e-60
"ZBTB8OS",4.39537326736719e-64,0.750299928464614,0.233,0.359,9.81091267009031e-60
"IDH2",5.79059556169974e-64,0.348728804629608,0.285,0.426,1.292518835327e-59
"KRAS",1.27440173517826e-63,0.842005037359641,0.261,0.398,2.84459211309139e-59
"CASP3",2.1223458777158e-63,0.808403712970618,0.165,0.251,4.73728823364944e-59
"SELENOT",3.72829483454148e-62,0.53771702604319,0.308,0.481,8.32192690018004e-58
"FAM173A",4.21534221089514e-62,0.790811510813234,0.226,0.348,9.40906534893905e-58
"SORL1",5.36035201235867e-62,0.439392020892803,0.189,0.28,1.19648417267858e-57
"OGFR",7.09945331697469e-62,0.850136069401345,0.232,0.35,1.58466897488192e-57
"STOM",7.46749740016625e-62,0.367939418754138,0.293,0.431,1.66682009469111e-57
"PTPN1",7.49309657491643e-62,0.771412822255715,0.251,0.378,1.6725340864871e-57
"CASK",1.12514106665617e-61,0.969022699594843,0.179,0.27,2.51142737488323e-57
"EIF2AK2",1.20801915671319e-61,0.696400344111917,0.391,0.609,2.69641955969951e-57
"KMT2B",2.04968080917764e-61,1.02825714970572,0.201,0.302,4.5750925341654e-57
"ATP2B4",2.35686314313388e-61,0.707287012737892,0.27,0.41,5.26075422178913e-57
"MAPK1",3.19098851358087e-61,0.895449714443967,0.27,0.412,7.12260546116386e-57
"ZNF331",4.62817998175322e-61,0.333447804280588,0.186,0.271,1.03305605372714e-56
"SQOR",6.57141414100961e-61,0.519687932438574,0.172,0.259,1.46680535041476e-56
"GABARAPL1",6.68876553922349e-61,0.819876005586951,0.238,0.357,1.49299935601008e-56
"ESCO1",1.09258134827008e-60,0.943001740126377,0.198,0.298,2.43875082747365e-56
"ARID4A",1.33020790923901e-60,0.872076515863682,0.238,0.358,2.96915707421239e-56
"RPA2",1.93100093422756e-60,0.77409870018031,0.212,0.319,4.31018718528934e-56
"UBR2",4.03115873114283e-60,1.02447294610894,0.209,0.312,8.99794940378392e-56
"CWC25",5.5373419847013e-60,0.993112453669079,0.201,0.302,1.23599010440518e-55
"ZBTB7A",6.72109080140916e-60,0.837432437924332,0.283,0.428,1.50021467778254e-55
"BIRC6",8.49367353287042e-60,0.898985376602459,0.289,0.438,1.89587286927201e-55
"FAM172A",1.05855422848534e-59,1.02755401557226,0.174,0.264,2.36279889340212e-55
"RBCK1",5.63185200851643e-59,0.704722769487267,0.312,0.479,1.25708568682095e-54
"MORC3",3.18880411716044e-58,0.913174171742346,0.211,0.315,7.11772966991381e-54
"ZC3H18",3.79997057855804e-58,0.987218975621665,0.192,0.287,8.48191432839941e-54
"GIT2",6.6411595340067e-58,0.914599325325077,0.184,0.275,1.48237321958564e-53
"CD164",3.82069621253203e-57,0.365198900954818,0.433,0.672,8.52817601599275e-53
"PTPN18",9.72647647722853e-57,0.741585834074687,0.192,0.285,2.17104681448218e-52
"TAF15",3.50152433641626e-56,0.809541023564134,0.27,0.403,7.81575247131473e-52
"DR1",5.423787956315e-56,0.937431206816233,0.225,0.336,1.21064370972907e-51
"ATG12",1.90048536975847e-55,0.901358659991795,0.273,0.411,4.24207339383788e-51
"REEP5",2.33524567234191e-55,0.345471203199826,0.406,0.636,5.21250186523439e-51
"TAF3",4.05679031675601e-55,1.05101219898678,0.172,0.254,9.0551616660311e-51
"CTCF",1.65587925065968e-54,0.875623952861913,0.221,0.325,3.69608807539746e-50
"REX1BD",5.07990153166901e-54,0.543822233040175,0.374,0.581,1.13388482088384e-49
"UHMK1",6.93773096067826e-54,0.78328247545544,0.236,0.35,1.548570927733e-49
"HP1BP3",1.2175222135916e-53,0.414409921402477,0.471,0.711,2.71763133295781e-49
"THRAP3",2.73226787085446e-53,0.540504058395482,0.388,0.604,6.09869511453425e-49
"ZNF292",3.55660348328046e-53,0.832819991504954,0.357,0.541,7.93869463503033e-49
"ARHGDIA",8.75040881733666e-53,0.375636065754422,0.4,0.604,1.95317875211772e-48
"NUDT16L1",1.07543778999152e-52,0.891068342749772,0.193,0.287,2.40048469104006e-48
"PDCD10",1.3533366320427e-52,0.547831530257347,0.29,0.433,3.02078269638252e-48
"PCID2",1.85471020554328e-52,1.02731714098704,0.214,0.317,4.13989864979315e-48
"FBXW7",2.71957684384038e-52,0.970124783440241,0.185,0.272,6.0703674731361e-48
"NCK1",5.81659095064755e-52,0.852653256449647,0.216,0.317,1.29832126609404e-47
"DNAJC15",1.5083744033904e-51,0.293574139401101,0.233,0.34,3.36684250580772e-47
"DDX39B",5.15267659213617e-51,1.01623005297954,0.243,0.357,1.15012894213072e-46
"NARF",9.15193763998459e-51,0.985862345852046,0.197,0.289,2.04280400062096e-46
"SCAMP2",1.01517886288261e-50,0.685072190304988,0.255,0.373,2.26598073984028e-46
"RNASEH2B",1.61119090584777e-50,0.785778062350075,0.21,0.306,3.5963392209428e-46
"CHORDC1",3.627230154331e-50,0.813112743082452,0.3,0.447,8.09634042748223e-46
"HAGH",4.73321318119563e-50,0.942218707841063,0.215,0.317,1.05650051417468e-45
"C12orf65",4.05461039920669e-49,0.960450373855228,0.18,0.263,9.05029587206926e-45
"ZNRF1",5.41065293360019e-48,1.06489628831681,0.183,0.268,1.2077118413089e-43
"GOLGA8A",1.71311040383953e-47,1.18032905922675,0.223,0.326,3.8238337324102e-43
"AMD1",5.26951855915695e-47,0.762432636071239,0.347,0.517,1.17620923758942e-42
"RSBN1",3.86362184395313e-46,0.925507834340096,0.218,0.316,8.62399031788778e-42
"ZNFX1",6.73049289044837e-46,1.06090941349897,0.19,0.275,1.50231331807698e-41
"CHIC2",1.40233927046098e-45,0.978880007554446,0.173,0.252,3.13016148559595e-41
"SRSF11",1.66555408952505e-45,0.47024021452531,0.503,0.755,3.71768328322886e-41
"METTL23",1.68332715864285e-45,0.834000813870802,0.22,0.327,3.75735455080671e-41
"POLR2J3",2.4917952097152e-45,0.538191745638465,0.405,0.599,5.56193608760531e-41
"LASP1",2.57669718596392e-45,0.87278675834014,0.284,0.418,5.75144578879007e-41
"SVIP",5.38978875319743e-45,0.701863716344427,0.233,0.336,1.2030547476012e-40
"WDR82",7.72248038014256e-45,0.881994003526269,0.299,0.444,1.72373484565162e-40
"SFXN1",1.11865052267781e-44,1.07627518724666,0.209,0.303,2.49693983166913e-40
"CSNK1G2",3.81562075719986e-44,1.06787577430535,0.238,0.345,8.51684709214581e-40
"CISD3",1.16282109046049e-42,0.766250427768571,0.209,0.301,2.59553295601686e-38
"BOD1L1",2.06314806274583e-42,0.682073343970175,0.429,0.647,4.60515279085497e-38
"MZT2A",5.67411090136685e-42,0.298850254851751,0.43,0.639,1.26651829429409e-37
"BRD9",5.7130368981592e-42,1.06802123851394,0.259,0.377,1.27520696603811e-37
"TMBIM4",6.50197454268083e-42,0.32836964110219,0.448,0.677,1.45130573767179e-37
"STIM2",8.4193598764355e-42,1.07308752095295,0.206,0.295,1.87928531801917e-37
"UBE2D2",1.32437933177315e-41,0.315102675130761,0.423,0.651,2.95614710645085e-37
"HSPA1B",2.57331095446906e-41,0.789538435976454,0.488,0.691,5.74388738147039e-37
"TMEM160",5.12598435855548e-41,0.625426373140528,0.314,0.466,1.14417096867317e-36
"ANP32E",1.04884230081042e-40,0.622942725745269,0.27,0.386,2.34112089963893e-36
"CALM3",1.5740605759348e-40,0.309296380666921,0.422,0.631,3.51346061154406e-36
"SLC5A3",1.96401956296284e-40,0.862789728748174,0.227,0.321,4.38388806648934e-36
"ABT1",4.35340010174442e-40,0.864622859114826,0.179,0.256,9.71722436710372e-36
"MED15",1.04602399663329e-39,1.16676236210031,0.191,0.271,2.33483016288516e-35
"AKAP9",7.42240765967069e-39,0.529172619815854,0.487,0.721,1.6567556137151e-34
"CAB39",1.48030272860391e-38,0.823966338187392,0.23,0.328,3.30418372051678e-34
"ESYT1",1.49922561784881e-38,1.01708246101212,0.194,0.278,3.34642150160033e-34
"DDX18",5.04012377956158e-38,0.638974220454723,0.397,0.606,1.12500602883594e-33
"PTPRA",8.02374403338837e-38,0.921388405451747,0.317,0.47,1.79097990569262e-33
"PCM1",1.30142933387013e-37,0.798751880671616,0.398,0.593,2.90492041613152e-33
"CCDC66",2.36563848134138e-37,1.08317557942793,0.24,0.344,5.28034165420209e-33
"PNKP",3.09741792457556e-37,1.03479175009848,0.229,0.326,6.91374654944512e-33
"DTX3L",3.10547852564739e-37,0.989187776812066,0.201,0.285,6.93173861709753e-33
"PPP4R3A",4.03087321038516e-37,0.982735239621873,0.28,0.405,8.99731209290073e-33
"CCNH",6.34618436858778e-37,0.971639054014455,0.222,0.314,1.41653181291248e-32
"PPP1R10",3.48421124418991e-36,0.777338088860076,0.376,0.548,7.77710791815629e-32
"HNRNPF",1.09038651447655e-35,0.286010794109788,0.449,0.667,2.43385173896311e-31
"TMCO1",1.7052573962077e-35,0.505748355673778,0.388,0.595,3.8063050340752e-31
"CLDND1",2.4965676382624e-35,1.18914941667489,0.263,0.38,5.5725886253655e-31
"PTP4A2",4.34220669111091e-35,0.350962850184,0.446,0.665,9.69223955522866e-31
"ZNRD1",5.76851590753685e-35,0.850171993609316,0.264,0.383,1.2875904357213e-30
"RBM38",1.25668669686704e-34,0.520597321345296,0.193,0.268,2.80505037607691e-30
"ZNF430",1.83999022372408e-34,1.02432682132062,0.186,0.26,4.10704217837451e-30
"MITD1",3.34119536936997e-34,1.05757252507288,0.223,0.314,7.45788218397072e-30
"ANKRD11",7.7796658573906e-33,0.692217237194451,0.453,0.671,1.73649921602815e-28
"SERPINB1",1.08325659700679e-32,0.394421627434906,0.316,0.445,2.41793705017885e-28
"METRNL",1.65086175567467e-32,0.686186956363132,0.257,0.351,3.68488852484143e-28
"SHISA5",1.65288885858486e-32,0.681942156200699,0.332,0.484,3.68941322124726e-28
"MIER1",2.17250204377486e-32,0.868324520590976,0.315,0.458,4.84924181190986e-28
"COX17",2.28422314469047e-31,0.434310595641178,0.367,0.535,5.0986144812636e-27
"MDM4",3.04454062473044e-31,0.943895802441953,0.351,0.51,6.79571912846081e-27
"FGFR1OP2",3.21674440129438e-31,0.783856923369504,0.351,0.513,7.18009517812918e-27
"ZBTB1",5.88042336292161e-31,1.15619071943359,0.194,0.27,1.31256929883773e-26
"IKBKB",1.69265499347784e-30,1.12051642602958,0.184,0.253,3.77817521094189e-26
"PPP6R2",1.7930059195196e-30,1.18306074883796,0.202,0.279,4.0021685129597e-26
"FRYL",2.24245157484218e-30,0.947765524972071,0.224,0.311,5.00537616020522e-26
"APMAP",4.91034101285971e-30,1.11079331434827,0.259,0.371,1.09603721748042e-25
"BDP1",5.16488876226687e-30,0.996926590107514,0.336,0.482,1.15285482062559e-25
"KDM5A",8.6506354624053e-30,0.867192191098735,0.345,0.508,1.93090834156349e-25
"ST3GAL1",2.45781769351396e-29,0.833002169685287,0.191,0.26,5.4860948736925e-25
"SLTM",2.70757349008613e-29,0.806516080025252,0.369,0.544,6.04357478722124e-25
"RAP1A",3.65406014261665e-29,0.657429541754992,0.335,0.484,8.15622764433462e-25
"DAXX",3.85118373450423e-29,1.08997311965786,0.19,0.262,8.59622721378688e-25
"NIN",3.90795736009771e-29,1.12952540637962,0.197,0.273,8.72295162347411e-25
"PDE4DIP",1.07263308961017e-28,1.03935461571926,0.182,0.25,2.39422431931886e-24
"SIAH2",1.26015571734893e-28,1.14635555423432,0.192,0.265,2.81279357669454e-24
"S100PBP",1.29884763254773e-28,1.34050803612848,0.185,0.255,2.89915780060978e-24
"GYPC",2.23048999984156e-28,0.343060070650161,0.373,0.521,4.97867672864634e-24
"PAK2",2.6649151217605e-28,0.569717535671725,0.375,0.548,5.94835704328161e-24
"COMMD8",3.13185632230584e-28,0.937379746783547,0.204,0.283,6.99061649701887e-24
"PTBP3",7.02696936341454e-28,0.772381024618831,0.282,0.395,1.56848983160776e-23
"FAM111A",9.15820341501125e-28,0.929714781099303,0.218,0.296,2.04420258426466e-23
"DNMT1",1.08008267863712e-27,0.780400561580624,0.268,0.367,2.41085254698593e-23
"EPS15",1.50570677705215e-27,1.06071206692354,0.279,0.394,3.36088809705809e-23
"CCDC91",2.05765994388535e-27,1.11536161780369,0.223,0.309,4.59290276074649e-23
"HIST1H1C",2.87588154727511e-27,0.259692086434459,0.257,0.339,6.41925520167277e-23
"CMTM3",2.91967751699587e-27,0.758220272397537,0.195,0.268,6.51701218568649e-23
"VPS13A",3.01152796565972e-27,1.2651691345561,0.184,0.251,6.72203157214906e-23
"NFATC2IP",7.93101668217257e-27,1.10594951713945,0.279,0.389,1.77028223362774e-22
"MXD4",2.51707851754519e-25,0.821284147764462,0.347,0.5,5.61837095901262e-21
"PCNX1",4.88233970555835e-25,1.22134361998154,0.226,0.31,1.08978704567768e-20
"SUSD3",7.16569404801364e-25,0.646507470313602,0.198,0.266,1.59945456845712e-20
"ORMDL2",8.4152626179055e-25,0.808007235328566,0.225,0.311,1.87837076894269e-20
"OPTN",1.1632234575963e-24,0.653201735691188,0.362,0.517,2.59643107970071e-20
"CABIN1",2.24889732436262e-24,1.21768918705249,0.188,0.257,5.01976371770981e-20
"DDX46",2.71338704800267e-24,0.710738756077762,0.413,0.613,6.05655122984676e-20
"DPP7",2.07593213412819e-23,0.683290276494847,0.334,0.467,4.63368811658752e-19
"NOP10",1.62340371555448e-22,0.260341592198074,0.432,0.626,3.62359943348915e-18
"GON4L",6.13906390916244e-22,1.06652355468527,0.289,0.4,1.37030045516415e-17
"SLC4A7",2.18942387760685e-21,0.869938501823319,0.237,0.315,4.88701303720624e-17
"SIPA1",4.78958910563586e-21,1.01509393531121,0.233,0.316,1.06908418426898e-16
"NMI",1.28565836708606e-20,0.889532752244574,0.254,0.346,2.8697180411728e-16
"MRPS6",2.08150041438763e-20,0.613992312824009,0.326,0.464,4.64611707495463e-16
"RSRC2",2.85159232786202e-20,0.620084632845446,0.44,0.649,6.36503923502081e-16
"TPR",2.91103885087788e-20,0.656941857895156,0.434,0.636,6.49772981904452e-16
"C11orf58",5.40352941394311e-20,0.299929984892413,0.519,0.755,1.20612180048624e-15
"ATRX",5.59977214709549e-20,0.571248958017617,0.509,0.729,1.24992514095318e-15
"SCAF11",5.65540168323351e-20,0.530003843432655,0.492,0.721,1.26234220971455e-15
"SAMHD1",9.57666829071319e-20,0.423913559809732,0.336,0.44,2.13760812917009e-15
"TAP2",3.10178700272186e-19,1.10040088254934,0.214,0.284,6.92349876877545e-15
"MECP2",3.56139780477797e-19,1.10753901538897,0.279,0.384,7.9493960400449e-15
"RBM33",3.57103863985342e-19,1.18025783074677,0.266,0.362,7.97091534801681e-15
"CAST",3.58631884151159e-19,0.513552199055114,0.457,0.658,8.00502228613801e-15
"BHLHE40",7.64904197605007e-19,0.629494548552693,0.266,0.351,1.70734265947414e-14
"HELZ",9.55133701003357e-19,1.1097749496651,0.296,0.41,2.13195393400959e-14
"GBP3",1.9563731688003e-18,1.10543474455001,0.205,0.272,4.36682055007915e-14
"RBM8A",2.2010512443703e-18,0.396434196222218,0.434,0.64,4.91296648255896e-14
"ATXN1",2.43696281205347e-18,1.23588050187098,0.235,0.315,5.43954469278455e-14
"ITGAE",3.33604122793157e-18,1.39453747084693,0.23,0.313,7.44637762486605e-14
"RNF167",5.65106529873167e-18,1.04189935834624,0.24,0.324,1.2613742853299e-13
"IVNS1ABP",6.09028571557536e-18,0.803770834138707,0.311,0.42,1.35941267457358e-13
"JPT1",6.81787274435451e-18,0.329061958402085,0.359,0.495,1.52181737526737e-13
"TLN1",1.11818902981964e-16,0.574806137696733,0.434,0.624,2.49590973346041e-12
"NT5C3A",1.39402578849108e-16,1.21308431889436,0.232,0.309,3.11160496249094e-12
"CASP4",2.22044604925031e-16,1.16762957555368,0.387,0.463,4.95625762653162e-12
"IFI44",2.22044604925031e-16,1.40802756223524,0.331,0.369,4.95625762653162e-12
"PPM1K",2.49998118628033e-16,0.957276252073172,0.292,0.391,5.58020800589633e-12
"DNAJC1",2.55284138826738e-16,0.866384050993464,0.307,0.431,5.69819726275162e-12
"TRIR",4.44089209850063e-16,0.440439018247015,0.567,0.762,9.91251525306325e-12
"DDIT4",4.44089209850063e-16,0.958358213920263,0.349,0.385,9.91251525306325e-12
"PARP10",6.14227620977694e-16,1.26611217274685,0.221,0.294,1.37101747278431e-11
"ORMDL1",6.62463756964443e-16,0.784493874716925,0.379,0.554,1.47868535192033e-11
"SLC20A1",7.7684280811621e-16,0.742533433102676,0.21,0.27,1.73399083199619e-11
"PRMT2",9.3372141840674e-16,0.81174106459606,0.39,0.559,2.08415957802568e-11
"GOLGA8B",3.33066907387547e-15,1.80678717383472,0.279,0.3,7.43438643979744e-11
"STAT1",8.65973959207622e-15,1.10603120394314,0.43,0.518,1.93294047434733e-10
"GSDMD",9.40170364813145e-15,0.940508793854941,0.313,0.434,2.09855427129942e-10
"HERC5",1.91509282645879e-14,1.34004426805159,0.202,0.265,4.27467869793866e-10
"UPF2",2.08211951666346e-14,1.02174160135997,0.348,0.483,4.64749897314451e-10
"RALGDS",2.16148091777961e-14,1.03984738696201,0.235,0.307,4.82464155657588e-10
"YPEL3",4.07639025124633e-14,0.77886189128558,0.356,0.502,9.09891067980693e-10
"ATXN7",8.79761040730655e-14,1.25735601519552,0.249,0.331,1.9637146190149e-09
"NAP1L4",1.56097357262297e-13,1.29821758515719,0.376,0.455,3.48424911145173e-09
"RNPEPL1",1.69197988952874e-13,1.40532000915677,0.287,0.312,3.7766683114171e-09
"DUSP1",1.71418435002124e-13,0.361225640896167,0.652,0.761,3.82623088768241e-09
"CDK2AP2",3.413305884451e-13,0.604052206186357,0.296,0.398,7.61884006468307e-09
"CTAGE5",4.67203139216522e-13,1.26354316802758,0.196,0.254,1.0428441270452e-08
"DNAJB14",5.42959557801295e-13,1.08494159392648,0.31,0.424,1.21194002896827e-08
"C19orf66",7.75157715793284e-13,1.45688320588449,0.337,0.39,1.73022953742219e-08
"CENPC",1.02764074486033e-12,1.21610447468929,0.25,0.331,2.29379690660274e-08
"ZCCHC6",1.54137445753162e-12,1.25884753677472,0.202,0.26,3.44050192665632e-08
"TRA2B",1.85896471922733e-12,0.267874816256272,0.521,0.72,4.14939514978732e-08
"PLEKHA2",2.44482750191074e-12,1.13468102900404,0.21,0.271,5.45709946701496e-08
"MACF1",2.44870790311325e-12,0.921548712238007,0.553,0.715,5.46576091053907e-08
"CHD2",2.70906357744965e-12,0.993390825185615,0.348,0.482,6.04690081122537e-08
"RHOG",3.72879833779066e-12,0.593391367074608,0.283,0.364,8.32305076978254e-08
"TMEM50A",5.1513931385361e-12,0.403778683152005,0.456,0.649,1.14984246245264e-07
"H1FX",9.327381807489e-12,0.62494301662542,0.448,0.624,2.08196489324962e-07
"NFATC3",1.21334053915234e-11,1.60443711087813,0.275,0.299,2.70829741744194e-07
"OGT",1.29831700945715e-11,1.42796975887715,0.374,0.448,2.89797339680931e-07
"NUB1",1.44716636037791e-11,0.9564633972057,0.308,0.416,3.23022003299953e-07
"C9orf16",1.60416871595902e-11,0.33735543576876,0.437,0.619,3.58066499089214e-07
"MYO9B",1.70823721043784e-11,1.02988334975173,0.254,0.326,3.81295627741829e-07
"C19orf25",1.75609761171541e-11,1.25381262146756,0.218,0.282,3.91978547910997e-07
"CWF19L2",1.99603758206278e-11,1.12345824644002,0.277,0.366,4.45535548692233e-07
"TANK",3.14115792283187e-11,1.05578059694038,0.297,0.402,7.01137859955302e-07
"PARP14",5.33141376743605e-11,0.645637448416456,0.396,0.523,1.1900248670294e-06
"SNRPB",2.57035479480011e-10,0.277850791225149,0.476,0.673,5.73728893747334e-06
"RABGAP1L",4.21817469842267e-10,1.47005396051291,0.275,0.302,9.41538774434925e-06
"ITSN2",4.3858372525049e-10,1.06818359586231,0.276,0.358,9.78962733131618e-06
"CHURC1",4.8841164547715e-10,0.589508362999563,0.419,0.605,1.09018363386955e-05
"NECAP1",5.29921680994053e-10,1.28755862694015,0.218,0.278,1.18283818414683e-05
"DAZAP2",6.1296501208119e-10,0.81644487730183,0.461,0.589,1.36819920346642e-05
"HERPUD2",6.18674362391399e-10,1.35806443283009,0.206,0.265,1.38094304429384e-05
"IRF3",1.79671411082438e-09,1.27420721199261,0.346,0.409,4.0104455667711e-05
"MAT2B",2.05986650290536e-09,1.13784303098489,0.249,0.324,4.59782802113505e-05
"SRRM2",2.40716457545533e-09,0.298289021585807,0.63,0.85,5.37303204887383e-05
"NCOR1",2.47111597850846e-09,1.14298236076359,0.437,0.57,5.51577797562874e-05
"GLRX",9.34640088017798e-09,0.568160586404165,0.258,0.326,0.000208621014046453
"ARID1B",1.53228046889325e-08,0.788407171857136,0.451,0.642,0.000342020323461662
"SP140L",2.05258929852903e-08,1.6270811364809,0.239,0.255,0.000458158457324664
"CCDC107",2.63881778650443e-08,1.20627963499901,0.345,0.414,0.000589010518125654
"PILRB",3.23332375768762e-08,1.30228512234628,0.216,0.272,0.000721710195953454
"IFI35",4.66306411263675e-08,1.08399838861894,0.271,0.352,0.00104084254058165
"BAZ1A",4.70177978835472e-08,0.966052940852907,0.306,0.402,0.00104948426655866
"BPTF",5.90003213518403e-08,0.820221316946875,0.459,0.658,0.00131694617289443
"NDUFA3",7.34365259655976e-08,0.510333190320007,0.448,0.65,0.0016391766960781
"BRD2",7.7669624495659e-08,0.604116342042571,0.457,0.641,0.0017336636883676
"PRR13",9.85124313235275e-08,0.83757921919209,0.399,0.502,0.00219889597957246
"IRF9",1.035189707288e-07,1.61418599377411,0.259,0.285,0.00231064694563754
"PARP9",1.27443089041974e-07,1.16706088456846,0.254,0.325,0.00284465719050591
"PBXIP1",1.39267723392376e-07,1.29344247661894,0.262,0.343,0.00310859485384122
"IDI1",1.50740864079113e-07,0.854269082797474,0.279,0.363,0.00336468682710989
"ANXA1",1.62105750156627e-07,0.616915225152236,0.545,0.643,0.00361836244924607
"ZRANB2",2.19980993560044e-07,0.711081317754524,0.47,0.667,0.00491019575725373
"CAP1",2.45958131639412e-07,0.591165600627643,0.489,0.634,0.00549003145632332
"AIP",2.732371604162e-07,0.899327487057375,0.348,0.48,0.00609892665764999
"TERF2IP",2.82871797763207e-07,0.950796260291693,0.433,0.57,0.00631398139787254
"C9orf78",3.25023384428746e-07,1.28051811026028,0.343,0.414,0.00725484696383405
"PRPF4B",3.42421310526688e-07,0.840094024560568,0.443,0.628,0.0076431860722662
"GBP1",3.43487351270412e-07,0.434511041780186,0.334,0.418,0.00766698116770686
"GTF3A",4.72657032846158e-07,0.820436248716638,0.406,0.519,0.0105501776301591
"TAF7",5.03248203305723e-07,0.726353651892501,0.428,0.605,0.011233003145987
"ATP6V0E1",1.18320582753739e-06,0.322825593305557,0.585,0.771,0.0264103372764621
"SS18L2",1.62611651529572e-06,1.06937789904604,0.26,0.337,0.0362965467379157
"LBR",1.88112633341549e-06,1.11587899193924,0.242,0.307,0.0419886208881671
"ATF7IP",2.06385006817911e-06,1.3136331832834,0.342,0.409,0.0460671973718259
"GABPB1",2.57556340203919e-06,1.22563008044192,0.278,0.359,0.0574891506969167
"CD82",2.76131218926974e-06,0.904445704898845,0.246,0.305,0.0616352493766899
"CDC42EP3",4.92323175507886e-06,0.940351129060208,0.21,0.259,0.109891456005115
"ZC3HAV1",7.70890752277431e-06,1.2853172089527,0.335,0.398,0.172070524815845
"SRSF3",1.49466303235644e-05,0.250320475108524,0.589,0.803,0.33362373545228
"WNK1",1.72943269999642e-05,0.858271033963712,0.381,0.523,0.386026672966202
"VPS13C",2.12703250304092e-05,1.18952298336617,0.401,0.503,0.474774925003763
"UBE2D3",2.1712717759603e-05,0.341796815705797,0.541,0.764,0.484649573112099
"TSPYL2",2.44302769106e-05,1.35978594922684,0.263,0.333,0.545308210921503
"ACTR2",2.69039818774353e-05,0.518348192986365,0.509,0.653,0.600523779486232
"IRF2",3.26446494168945e-05,1.11514500630884,0.285,0.369,0.728661219634502
"IQGAP1",5.37219942147171e-05,0.609806853814381,0.517,0.675,1
"REL",6.62387916447243e-05,0.920319167282625,0.346,0.446,1
"CAPZA1",7.13850912739122e-05,0.849463992117066,0.436,0.57,1
"TSTD1",7.29227460545268e-05,0.736717252091905,0.367,0.444,1
"LUC7L3",7.44517239093707e-05,0.57732043642269,0.549,0.757,1
"DNAJB1",0.000158020489769539,1.0339333931665,0.535,0.672,1
"SF3B1",0.000199610782629196,0.606486946405295,0.495,0.707,1
"PPP1R35",0.000281785281926066,1.14870709069622,0.264,0.335,1
"ASXL2",0.000370508825724135,1.39263965427829,0.207,0.252,1
"TPST2",0.000612249546322846,1.18138486847704,0.215,0.262,1
"PNN",0.000616935344985134,0.529947085987097,0.521,0.719,1
"KLF13",0.0006713917770369,1.35582894449423,0.282,0.33,1
"MX1",0.000676874262345084,1.15776227052547,0.369,0.45,1
"ANXA6",0.000680461210862189,0.588633176857292,0.39,0.501,1
"GALM",0.000721766335952001,1.27632801420974,0.24,0.261,1
"ROCK1",0.00073940112372241,0.795604137385378,0.428,0.595,1
"DDX6",0.00079555965070373,1.02162817034525,0.37,0.505,1
"STAT3",0.000833143349764204,0.697526919952744,0.494,0.692,1
"ANAPC16",0.000874138077440292,0.446245181226754,0.479,0.688,1
"SEPT9",0.000955583357677314,0.935909098586416,0.395,0.496,1
"ARRDC3",0.000991570885021031,0.769041213081079,0.327,0.409,1
"C17orf62",0.00100724303053412,1.39370744503837,0.297,0.348,1
"PHLDA1",0.00108480066872147,0.78758523440193,0.269,0.322,1
"DDHD1",0.00200888806889554,1.47812695537198,0.254,0.286,1
"TRIM38",0.00228827701939487,1.03602315741987,0.3,0.377,1
"CREM",0.00232283344497375,1.33894527737773,0.264,0.329,1
"DHRS7",0.00269875020599273,0.919473836389557,0.345,0.46,1
"COMMD7",0.00271144511038216,0.965751501476193,0.319,0.424,1
"GLS",0.00335277603295309,0.900405286672434,0.385,0.511,1
"SENP7",0.00396233335081014,1.42463767966341,0.222,0.272,1
"HERC1",0.00396678981782095,1.40272042261221,0.277,0.348,1
"PHYKPL",0.00492162563335783,1.50110979043106,0.256,0.32,1
"CCSER2",0.00550676082275237,1.42570599431701,0.291,0.343,1
"ARPC4",0.00685694196049135,0.634664674121436,0.392,0.528,1
"KIF2A",0.00846558770539385,1.40195339046486,0.246,0.278,1
"TTC14",0.00933911588650216,1.21014571315912,0.383,0.484,1
"TES",0.0103115903049414,0.994708326740804,0.243,0.295,1
"GBP4",0.0111316389744092,0.920059217759344,0.271,0.305,1
"ACTN4",0.0115315911104878,0.484925069483864,0.512,0.657,1
"OAS1",0.0132340615260629,1.20926909882067,0.211,0.252,1
"YPEL5",0.0141923340727867,1.28312154193681,0.366,0.468,1
"TRAPPC1",0.0183015843169079,0.687007983596756,0.435,0.586,1
"UBE2L6",0.0250319934695708,0.856392244343637,0.329,0.424,1
"TNFRSF14",0.0263189536999104,1.08437760639233,0.281,0.325,1
"SETX",0.0298174300711611,1.27474075019645,0.337,0.434,1
"KMT2A",0.0300528849007617,1.03538742153996,0.444,0.584,1
"RPS6KA3",0.0331016486710287,1.16344064232383,0.267,0.327,1
"ANKRD36C",0.0332907846195454,1.30060469636865,0.26,0.318,1
"TNFSF10",0.0355650201843996,0.367474672139243,0.337,0.379,1
"HMOX2",0.0451050543549023,1.31884844747796,0.266,0.314,1
"CNN2",0.045371165037,0.836612398401413,0.353,0.453,1
"ERICH1",0.049529782124246,1.26155452386891,0.278,0.343,1
"SMG1",0.0513453609536113,1.23014853794605,0.351,0.46,1
"PPP1R12A",0.0532390826922444,0.842180974452809,0.455,0.605,1
"SRRM1",0.0549404936800471,0.546365929540279,0.516,0.727,1
"OFD1",0.0648758889146086,1.17417195242641,0.314,0.4,1
"RBM25",0.0660709103183241,0.637260114012864,0.543,0.742,1
"LPIN1",0.0907435484361578,1.54708938176857,0.264,0.31,1
"XRN1",0.103447413550986,1.38981116031798,0.308,0.374,1
"PET100",0.105740720250458,0.726609580282346,0.413,0.564,1
"SYNE1",0.142600073352185,1.19999526518937,0.33,0.404,1
"DHX36",0.146133233215322,1.00044090461775,0.409,0.562,1
"APRT",0.185473010977048,0.326034341612692,0.494,0.679,1
"LSM8",0.205015996890751,0.679426796118406,0.418,0.568,1
"PSMA5",0.214401612715069,0.635095884041891,0.407,0.559,1
"EHD1",0.234113983319163,1.28262988711255,0.223,0.252,1
"POLR3GL",0.240808938406962,1.15672346455423,0.275,0.339,1
"CCDC12",0.250486686880125,1.1216498265892,0.352,0.451,1
"PLP2",0.251710488891812,0.781352238908369,0.377,0.477,1
"TAOK3",0.263882572135376,0.975441898241688,0.328,0.405,1
"CMC1",0.273887356561297,1.86324268634228,0.298,0.374,1
"TSC22D4",0.287131485978787,1.20029945234211,0.295,0.357,1
"PPP6R1",0.28812260761736,1.38671148618668,0.248,0.288,1
"NSD3",0.311497886720893,0.921597289910853,0.449,0.612,1
"LYAR",0.32164158558843,1.60875247546958,0.235,0.272,1
"MAF",0.335565590841388,1.15917431531947,0.283,0.348,1
"PSMB10",0.390414908041888,1.14633416351117,0.221,0.259,1
"TRADD",0.391850184099616,1.4129194175128,0.229,0.272,1
"NSMCE3",0.392221247496421,1.46054682622243,0.254,0.308,1
"UQCR11",0.392686762719142,0.302597352038714,0.53,0.714,1
"TGOLN2",0.403859018911476,0.930658959178085,0.446,0.606,1
"TNRC6B",0.41764056720318,0.927549954338592,0.442,0.6,1
"DIP2A",0.474049720250759,1.50859569442798,0.266,0.315,1
"BIN1",0.476472078077624,0.972440954455425,0.281,0.345,1
"SF1",0.534825310936391,0.559294248529357,0.559,0.762,1
"SRSF2",0.593681489897519,0.566312150838526,0.526,0.722,1
"TSPAN14",0.660920435497721,1.06579602969797,0.268,0.321,1
"TCIRG1",0.725907483078339,1.16408499987773,0.286,0.337,1
"CCM2",0.738270887018899,1.45232865769321,0.262,0.313,1
"TCF25",0.825308194693078,0.682645733972587,0.522,0.74,1
"BAX",0.894066886462962,0.938938396464436,0.375,0.48,1
"EPC1",0.921714450759008,1.08518769132043,0.378,0.497,1
"PDCD4",0.964249658651513,0.818351531135486,0.44,0.593,1
