"","p_val","avg_log2FC","pct.1","pct.2","p_val_adj"
"VWF",0,7.61847671990253,0.965,0.048,0
"EGFL7",0,6.21747496390211,0.945,0.055,0
"ADGRL4",0,6.93653985845563,0.877,0.012,0
"CDH5",0,7.20502822494048,0.873,0.012,0
"CLEC14A",0,6.89845323411349,0.853,0.014,0
"CD34",0,5.34566652825955,0.918,0.086,0
"PTPRB",0,7.26991279853634,0.842,0.012,0
"EMCN",0,6.87933731227915,0.838,0.009,0
"TM4SF18",0,6.48740765528816,0.842,0.016,0
"CXorf36",0,6.80100207720079,0.833,0.007,0
"CALCRL",0,5.49743461968831,0.887,0.071,0
"ROBO4",0,7.10705496606935,0.827,0.011,0
"ESAM",0,5.74147627857877,0.84,0.028,0
"ECSCR",0,6.19472504087335,0.818,0.009,0
"FLT1",0,6.78005106372273,0.816,0.018,0
"LDB2",0,4.98014493518573,0.875,0.082,0
"CLDN5",0,6.55923704710912,0.806,0.013,0
"ADGRF5",0,5.72497086515476,0.831,0.039,0
"TIE1",0,6.52290684064739,0.792,0.011,0
"RAMP2",0,5.49670047435155,0.85,0.078,0
"PECAM1",0,4.30759371615534,0.864,0.098,0
"MMRN2",0,6.47656631784306,0.789,0.026,0
"NOSTRIN",0,5.91778097923938,0.797,0.036,0
"SHANK3",0,6.74143765442106,0.779,0.018,0
"MYCT1",0,6.80896036040028,0.762,0.004,0
"CD93",0,4.95237147628873,0.818,0.06,0
"SOX18",0,5.21258720639074,0.81,0.053,0
"CYYR1",0,5.92303069310641,0.76,0.024,0
"RBP7",0,5.52369765585407,0.774,0.044,0
"LMO2",0,4.38411360685918,0.81,0.081,0
"ITGA6",0,4.80397040365167,0.899,0.171,0
"A2M",0,4.69495117308438,0.951,0.223,0
"TIMP3",0,3.51324849718311,0.882,0.156,0
"KDR",0,6.76588028737149,0.733,0.01,0
"PCDH17",0,7.4315878887287,0.72,0.008,0
"BCAM",0,2.31519533254002,0.901,0.192,0
"PCAT19",0,5.2705697108491,0.736,0.03,0
"EPAS1",0,4.24411250324468,0.865,0.163,0
"SPARCL1",0,4.1487290252496,0.936,0.246,0
"AFAP1L1",0,5.81040535382412,0.717,0.027,0
"PODXL",0,5.14076627515793,0.771,0.082,0
"PALMD",0,4.37738348087292,0.807,0.12,0
"TM4SF1",0,3.62442968368846,0.935,0.249,0
"AQP1",0,6.09762820048335,0.72,0.035,0
"ELK3",0,3.6225160166492,0.857,0.174,0
"ARHGAP29",0,3.49107025279434,0.841,0.167,0
"RASIP1",0,4.72503371739312,0.73,0.06,0
"EMP1",0,3.51550272216666,0.878,0.211,0
"ERG",0,6.00875644165422,0.68,0.017,0
"GNG11",0,4.04654900573986,0.95,0.288,0
"CRIP2",0,2.88892690481937,0.878,0.219,0
"ICAM2",0,3.32352344136725,0.754,0.102,0
"S1PR1",0,4.13930511820075,0.684,0.034,0
"HSPG2",0,4.22447264365123,0.904,0.259,0
"RAMP3",0,6.39746719320643,0.648,0.006,0
"ADCY4",0,5.73524609579521,0.664,0.023,0
"MGP",0,3.2612425243236,0.917,0.277,0
"ID1",0,3.89692608201566,0.794,0.157,0
"FLI1",0,2.69119899886597,0.735,0.1,0
"PRSS23",0,3.45044977271707,0.895,0.262,0
"CAV1",0,2.63695225119275,0.906,0.281,0
"PLXND1",0,3.27290509690976,0.77,0.147,0
"APLNR",0,7.05182764978895,0.628,0.006,0
"KANK3",0,5.10306573531163,0.635,0.017,0
"TMEM255B",0,4.92735519000328,0.648,0.031,0
"EHD4",0,3.17531656566978,0.836,0.22,0
"CAVIN2",0,4.37804501356606,0.717,0.102,0
"NOTCH4",0,6.02246395158655,0.648,0.033,0
"NFIB",0,3.05983416754824,0.877,0.262,0
"DOCK9",0,3.39301225983133,0.73,0.115,0
"NPDC1",0,3.3885405377619,0.855,0.244,0
"TGM2",0,3.84151452935893,0.71,0.099,0
"PREX2",0,5.27913822314925,0.645,0.035,0
"TGFBR2",0,3.17317869372791,0.877,0.269,0
"ENG",0,3.36423133419974,0.897,0.29,0
"NUAK1",0,4.93607903923106,0.671,0.066,0
"HOXD9",0,5.24926791325414,0.637,0.037,0
"PLK2",0,3.39226681325553,0.713,0.114,0
"SCARF1",0,4.65573160783499,0.63,0.033,0
"DYSF",0,5.41017478877227,0.616,0.02,0
"FAM43A",0,3.45150269651268,0.693,0.098,0
"SLC9A3R2",0,3.87308958127044,0.817,0.225,0
"ARHGEF15",0,7.23961527417462,0.595,0.003,0
"PTPRM",0,3.82368916860903,0.689,0.097,0
"CAVIN1",0,2.67597398756084,0.891,0.303,0
"TEK",0,5.73243523385319,0.607,0.021,0
"MCAM",0,3.42083333555609,0.717,0.131,0
"HEG1",0,3.14491863804817,0.752,0.167,0
"SHE",0,5.76687013119775,0.599,0.015,0
"SOCS2",0,3.61517599116999,0.667,0.084,0
"ADAM15",0,3.55685792412577,0.768,0.188,0
"MGST2",0,2.90594642436201,0.837,0.257,0
"ACVRL1",0,5.15616037230049,0.608,0.028,0
"COL4A1",0,3.69265165675072,0.84,0.262,0
"TSPAN7",0,4.50156490661923,0.637,0.063,0
"CRIM1",0,2.88199503407763,0.813,0.239,0
"MEF2C",0,2.1573775172081,0.858,0.287,0
"C1orf115",0,4.22342752972698,0.649,0.08,0
"TSPAN18",0,4.72190314114652,0.592,0.031,0
"LIMS2",0,3.88793855367297,0.648,0.09,0
"STAB1",0,1.63050105264249,0.65,0.092,0
"TINAGL1",0,3.19403045883189,0.628,0.072,0
"ETS2",0,2.86929071243137,0.766,0.211,0
"KIAA0355",0,2.70560446087446,0.746,0.191,0
"HYAL2",0,3.81043887719515,0.767,0.215,0
"FZD4",0,3.62608455639802,0.671,0.119,0
"PDLIM1",0,2.69009980979866,0.746,0.194,0
"CCM2L",0,5.25858556745941,0.571,0.019,0
"ENTPD1",0,2.12083585066743,0.694,0.143,0
"RNASE1",0,2.03147395173716,0.855,0.306,0
"NES",0,4.32221973382091,0.606,0.058,0
"FGD5",0,4.10311034357803,0.602,0.056,0
"TCF4",0,2.95926062968851,0.937,0.392,0
"LIFR",0,4.33475631243016,0.699,0.155,0
"GIMAP6",0,2.25219178021583,0.639,0.097,0
"PPM1F",0,3.20787204123923,0.65,0.109,0
"IGFBP4",0,1.36793479409781,0.903,0.363,0
"THBD",0,4.2345227203463,0.587,0.047,0
"ITGA1",0,1.64481405729879,0.728,0.19,0
"SPARC",0,1.85014118209764,0.937,0.399,0
"NRP1",0,2.84275260847047,0.77,0.233,0
"SEC14L1",0,2.8535023708283,0.821,0.284,0
"AP1S2",0,2.21874265094202,0.768,0.232,0
"GGT5",0,3.79531824090468,0.623,0.087,0
"RFLNB",0,3.4899201602564,0.635,0.1,0
"SNRK",0,2.40111534870196,0.712,0.178,0
"RAPGEF5",0,3.93117762094029,0.606,0.072,0
"JAG1",0,3.31669104698436,0.696,0.162,0
"CAV2",0,2.45612229300223,0.768,0.235,0
"DUSP6",0,2.0967798529427,0.764,0.231,0
"ITGA5",0,2.56459071917467,0.711,0.178,0
"GIMAP8",0,3.39479892095211,0.574,0.042,0
"TMEM204",0,3.44082679721436,0.613,0.082,0
"ADAMTS9",0,4.31664814730454,0.597,0.066,0
"WWTR1",0,2.76129916797506,0.802,0.273,0
"SASH1",0,3.16754951008987,0.645,0.117,0
"DOCK6",0,4.11499088352747,0.603,0.075,0
"FAM241A",0,3.70061039339453,0.591,0.064,0
"COX7A1",0,2.4095859437238,0.686,0.162,0
"IGFBP7",0,2.93652326552248,0.981,0.458,0
"DLC1",0,3.09441920029208,0.657,0.135,0
"RHOJ",0,4.08703879471792,0.578,0.056,0
"BMPR2",0,2.81471630545625,0.782,0.261,0
"TNS2",0,2.84930635849489,0.683,0.162,0
"ID3",0,2.27452173938327,0.781,0.261,0
"PXN",0,2.60309979880679,0.675,0.155,0
"PDE2A",0,6.09342761031766,0.525,0.007,0
"SEMA6B",0,5.31446832576844,0.535,0.017,0
"TJP1",0,2.54655340730607,0.768,0.251,0
"FAM167B",0,5.45269383853241,0.534,0.018,0
"MALL",0,4.76946386405945,0.548,0.033,0
"MTUS1",0,2.67641477137634,0.751,0.237,0
"NOVA2",0,7.05240778954522,0.518,0.004,0
"F2R",0,2.04415409534417,0.645,0.134,0
"SPTBN1",0,2.8837165480697,0.942,0.432,0
"GRB10",0,4.37686162920019,0.563,0.053,0
"ECE1",0,2.0938879522371,0.773,0.265,0
"PDGFB",0,3.86238913453236,0.562,0.054,0
"COL4A2",0,3.08286062589803,0.81,0.303,0
"VWA1",0,3.68971817762365,0.665,0.158,0
"INSR",0,3.90754312301262,0.748,0.242,0
"PKP4",0,3.01017007008558,0.664,0.159,0
"TMEM88",0,4.79688828152718,0.539,0.035,0
"NRN1",0,3.79823219110303,0.531,0.028,0
"GIMAP7",0,0.929467846655928,0.741,0.239,0
"ADCY1",0,6.51605319135969,0.509,0.008,0
"GIMAP1",0,1.61884617707529,0.636,0.136,0
"SHROOM4",0,5.54273452602056,0.523,0.023,0
"SH2B3",0,2.50944054595904,0.61,0.11,0
"ARHGAP23",0,3.57726215314622,0.595,0.095,0
"DCHS1",0,3.50549056786274,0.576,0.077,0
"EFNB2",0,4.48338830305048,0.58,0.081,0
"LYVE1",0,4.05717980708006,0.515,0.017,0
"S100A16",0,1.81715449945432,0.829,0.333,0
"DGKH",0,2.46633513563987,0.654,0.159,0
"SWAP70",0,2.48409149686952,0.692,0.197,0
"LPAR6",0,1.48346651902791,0.632,0.14,0
"SMTN",0,3.01194011550597,0.636,0.144,0
"FKBP9",0,2.40198455022843,0.733,0.242,0
"CPLX1",0,4.72055287692378,0.526,0.036,0
"EPB41L4A",0,3.77634277098124,0.555,0.065,0
"NPNT",0,4.93525211591025,0.516,0.026,0
"ZEB1",0,2.04888417848574,0.662,0.173,0
"PCDH12",0,5.76146849862985,0.497,0.008,0
"FAM110D",0,6.3118903526488,0.494,0.006,0
"GIMAP4",0,0.797633390011557,0.719,0.231,0
"PRCP",0,3.09639284851372,0.769,0.283,0
"EFNA1",0,2.81293556596405,0.601,0.115,0
"PLCB1",0,2.82008788973327,0.604,0.118,0
"EPHB4",0,3.45230032876297,0.584,0.1,0
"SMAD1",0,3.5749950013869,0.583,0.1,0
"SEMA3F",0,4.00375061992412,0.547,0.065,0
"ITM2A",0,1.80931587302284,0.825,0.343,0
"SELENON",0,2.65006212269941,0.686,0.205,0
"GRASP",0,2.81821235568577,0.587,0.106,0
"PLEKHG1",0,3.68841118476289,0.548,0.069,0
"JCAD",0,3.48599236665705,0.545,0.067,0
"NOTCH1",0,2.36546950339457,0.585,0.108,0
"SNCG",0,1.77343376201698,0.602,0.125,0
"BCL6B",0,6.44393258433501,0.482,0.005,0
"CD59",0,2.89591219158647,0.939,0.462,0
"SSFA2",0,2.49455167495061,0.694,0.218,0
"STOM",0,2.16350871821715,0.84,0.365,0
"HECW2",0,6.11809397560418,0.484,0.01,0
"LAMA4",0,1.91115453896112,0.696,0.222,0
"APP",0,2.41124039755995,0.926,0.453,0
"FAM171A1",0,3.40037168313185,0.586,0.113,0
"TANC1",0,2.95822621952543,0.604,0.132,0
"RBMS2",0,2.8683473072356,0.619,0.147,0
"UTRN",0,1.79035204664181,0.89,0.419,0
"PLPP3",0,2.69191265684138,0.73,0.259,0
"FSCN1",0,2.63768416238771,0.663,0.193,0
"MYO5C",0,4.26952393776501,0.529,0.059,0
"FSTL1",0,1.55522823328917,0.748,0.279,0
"DAB2",0,1.47262608510656,0.748,0.279,0
"IPO11",0,3.36794858293375,0.53,0.063,0
"PRKCH",0,0.954498435832852,0.644,0.178,0
"LUZP1",0,1.89266790306548,0.733,0.267,0
"LAYN",0,2.4089987911663,0.591,0.125,0
"FN1",0,0.986025210223072,0.835,0.37,0
"JUP",0,2.23321135559134,0.635,0.17,0
"VAMP5",0,2.37209088618543,0.826,0.363,0
"CARD8",0,1.49860361749945,0.672,0.21,0
"NPR1",0,2.52024990880619,0.598,0.136,0
"SLCO2A1",0,6.53802950241174,0.475,0.013,0
"EXOC6",0,2.79881891369968,0.617,0.156,0
"TNFAIP8L1",0,3.00128429770843,0.545,0.085,0
"ARL4A",0,2.46056752705536,0.701,0.241,0
"MPDZ",0,2.67781895933063,0.603,0.143,0
"CDC42BPA",0,2.41365924031501,0.665,0.206,0
"MAP1B",0,2.53756112249065,0.631,0.172,0
"HSPA12B",0,4.69234464547846,0.484,0.025,0
"ANGPT2",0,4.75826087341316,0.509,0.053,0
"PLS3",0,2.01374846414709,0.718,0.264,0
"MAGI1",0,3.20871928260226,0.565,0.112,0
"MAP3K11",0,1.89296499301138,0.661,0.209,0
"RASAL2",0,2.79766458409638,0.602,0.15,0
"LRRC8C",0,2.30993428422646,0.546,0.095,0
"GSN",0,2.43785584200476,0.931,0.48,0
"ACKR3",0,3.92590710275815,0.504,0.053,0
"NOS3",0,5.31601268256393,0.468,0.02,0
"IL3RA",0,4.55596101533691,0.463,0.015,0
"DPYSL2",0,1.82637413212747,0.771,0.323,0
"HTRA1",0,0.959486462673102,0.768,0.32,0
"CTGF",0,3.14096111299058,0.683,0.236,0
"ARHGAP31",0,2.90926965329461,0.513,0.067,0
"CASKIN2",0,3.81703711943841,0.524,0.078,0
"HLX",0,4.35993928852037,0.474,0.028,0
"RASGRP3",0,3.11376906477015,0.519,0.074,0
"CCDC50",0,2.07337293185991,0.83,0.385,0
"TNFAIP1",0,2.92080612569731,0.575,0.13,0
"PTPRG",0,2.95216409491209,0.625,0.182,0
"FAM198B",0,1.90266889552059,0.688,0.246,0
"RGS3",0,2.54263540690753,0.59,0.148,0
"ASAP2",0,2.67606253833579,0.562,0.121,0
"LAMB2",0,1.89934217929972,0.745,0.305,0
"UACA",0,2.23410859616424,0.74,0.3,0
"LEPR",0,3.92125171224338,0.53,0.091,0
"NR5A2",0,3.20119332557298,0.465,0.026,0
"TSC22D1",0,2.09629948087691,0.862,0.423,0
"HPCAL1",0,1.91465941504458,0.645,0.207,0
"YES1",0,2.11519240623423,0.654,0.216,0
"PEAR1",0,3.73092305898832,0.488,0.05,0
"ARAP3",0,4.17067608247195,0.47,0.032,0
"ATP11A",0,2.30540011733563,0.606,0.168,0
"JAM2",0,2.81487628474724,0.544,0.107,0
"SEMA6A",0,3.57256413175113,0.506,0.069,0
"NDST1",0,3.42144338376589,0.529,0.093,0
"SLC39A14",0,3.04122233318011,0.578,0.142,0
"THSD7A",0,5.23462532856036,0.467,0.032,0
"PARVB",0,2.44303871321756,0.556,0.121,0
"FLT4",0,6.79670505992516,0.439,0.004,0
"LMCD1",0,2.68913422881406,0.606,0.171,0
"SORBS2",0,2.27457508144927,0.595,0.16,0
"CPNE2",0,2.43942362209253,0.568,0.133,0
"DLL4",0,6.88585148432175,0.438,0.004,0
"SHC1",0,2.23587350525411,0.688,0.255,0
"CNN3",0,1.5727817591441,0.804,0.372,0
"MECOM",0,2.83397662956425,0.525,0.093,0
"FLNB",0,2.01213328333808,0.669,0.238,0
"TCN2",0,3.3949226863914,0.522,0.091,0
"ETS1",0,1.25168289390416,0.77,0.339,0
"AGRN",0,2.20484011430655,0.602,0.171,0
"PON2",0,2.20226649479232,0.689,0.258,0
"PHACTR2",0,1.7763394407265,0.777,0.347,0
"SH2D3C",0,1.93986559852725,0.494,0.064,0
"RAI14",0,2.44542183817171,0.605,0.176,0
"AKT3",0,1.93980074029256,0.588,0.159,0
"PLPP1",0,3.06787160550379,0.56,0.132,0
"TMCC3",0,3.66903553277549,0.481,0.053,0
"FGFR1",0,1.66621256008562,0.713,0.286,0
"TCF7L1",0,2.63009432225511,0.557,0.131,0
"RAPGEF2",0,2.62432036588363,0.554,0.128,0
"PROCR",0,3.03604756270238,0.519,0.093,0
"TSPAN9",0,2.47758704171496,0.58,0.154,0
"ABCG2",0,4.83232295007241,0.455,0.031,0
"AFDN",0,1.99029030919861,0.639,0.215,0
"CD109",0,2.34289917880889,0.524,0.101,0
"LIMCH1",0,2.95182726448818,0.549,0.127,0
"LRRC8A",0,2.30724274631987,0.59,0.169,0
"CD320",0,2.24314996675642,0.7,0.279,0
"PLCB4",0,4.93359087317568,0.457,0.037,0
"LHX6",0,6.73576850633803,0.425,0.005,0
"PIEZO1",0,1.66977486028138,0.613,0.193,0
"FAM69B",0,3.5089449003809,0.496,0.077,0
"ARHGEF12",0,1.73555287594658,0.722,0.303,0
"CLIC4",0,2.28568259121337,0.694,0.275,0
"RGL2",0,1.87303359166209,0.601,0.183,0
"NECTIN2",0,1.80199986110801,0.728,0.31,0
"TFPI",0,3.7515015086408,0.518,0.102,0
"CARD10",0,4.78671808078083,0.443,0.027,0
"MYO1B",0,2.74193298694452,0.565,0.149,0
"HOXD8",0,2.69261526575224,0.542,0.127,0
"TAOK2",0,2.11065430831828,0.559,0.144,0
"EGLN1",0,2.15299520599009,0.626,0.212,0
"RPS6KA2",0,3.12989935007614,0.506,0.092,0
"SOX17",0,2.15424463051329,0.522,0.108,0
"COL15A1",0,2.75211579271714,0.546,0.132,0
"RDX",0,1.43390580121997,0.864,0.45,0
"MCF2L",0,4.66268022576566,0.441,0.028,0
"AHR",0,1.6374273035721,0.621,0.209,0
"PLEKHA1",0,1.80263525738926,0.644,0.232,0
"DGKE",0,2.51638576954919,0.51,0.099,0
"CEP68",0,2.20527685996291,0.585,0.174,0
"ASAP1",0,1.59902896582846,0.739,0.328,0
"TRIOBP",0,1.88725269230035,0.751,0.34,0
"SYNPO",0,2.81425074396353,0.545,0.135,0
"MARCKSL1",0,1.7973903627124,0.868,0.458,0
"CTNND1",0,1.630651519286,0.741,0.331,0
"ARHGAP18",0,1.63520172080701,0.672,0.263,0
"DOCK4",0,2.04662375740332,0.516,0.108,0
"HSD17B12",0,1.97250901836298,0.737,0.329,0
"MAST4",0,1.97148581007937,0.615,0.208,0
"PIK3C2A",0,1.83785183387932,0.681,0.275,0
"CCND1",0,2.56992553876305,0.581,0.175,0
"VASH1",0,2.35981537779952,0.519,0.114,0
"BCAR1",0,2.63780344412095,0.552,0.147,0
"CTTNBP2NL",0,2.19569280685862,0.582,0.177,0
"SEPT10",0,2.13178572310364,0.612,0.208,0
"KALRN",0,3.89690305850978,0.461,0.057,0
"ARL15",0,3.60648686482234,0.467,0.063,0
"MAPK11",0,3.23541082844773,0.437,0.033,0
"PTPN14",0,2.06238662707676,0.607,0.203,0
"NREP",0,2.43316858881544,0.599,0.197,0
"PIK3R3",0,2.69351656568014,0.534,0.133,0
"IL6ST",0,1.41117096539447,0.797,0.396,0
"PPFIBP1",0,1.61028843584081,0.736,0.335,0
"RAB11A",0,2.0289019416473,0.818,0.417,0
"NHSL2",0,3.2393916857877,0.443,0.043,0
"IL33",0,3.32757401932564,0.434,0.034,0
"FXYD5",0,0.757688744415126,0.742,0.342,0
"SERPINA5",0,4.01260588574737,0.451,0.052,0
"NID1",0,1.86929846293502,0.587,0.188,0
"IFI27",0,1.71569843627119,0.94,0.542,0
"GFOD1",0,2.18116553879389,0.494,0.097,0
"GNAQ",0,1.87135194032428,0.723,0.326,0
"GRN",0,1.24679640229136,0.857,0.46,0
"TSPAN12",0,2.3527388099186,0.492,0.097,0
"SOX7",0,6.11382198617538,0.404,0.009,0
"APLN",0,5.87012375855166,0.409,0.014,0
"FYN",0,0.83539342864008,0.738,0.344,0
"C2CD4B",0,4.5664189214584,0.426,0.032,0
"FCGRT",0,1.60011194200719,0.868,0.474,0
"CTTN",0,1.45727645513236,0.723,0.329,0
"HDAC7",0,1.27672990603536,0.728,0.334,0
"SPRY1",0,1.84750329784336,0.599,0.206,0
"ABCB1",0,2.15482330093748,0.441,0.048,0
"AMOTL1",0,2.77195679987203,0.491,0.099,0
"MMP15",0,3.25363343763545,0.462,0.07,0
"FNBP1L",0,2.04868555046049,0.576,0.184,0
"VAT1",0,1.86091699574422,0.618,0.227,0
"FAM129B",0,1.85570508700355,0.594,0.203,0
"SPNS2",0,5.03095069653427,0.407,0.016,0
"SH3BP5",0,1.72031105583085,0.761,0.371,0
"CTNNB1",0,1.69151236835721,0.87,0.48,0
"PINK1",0,2.14573947665022,0.613,0.224,0
"GALNT18",0,3.28877216353981,0.466,0.077,0
"LHFPL6",0,1.24985406871571,0.593,0.204,0
"TMEM184B",0,2.44240591370613,0.541,0.152,0
"CYB5R3",0,1.77616052470643,0.752,0.363,0
"NCKAP1",0,1.5369796565267,0.687,0.299,0
"PIK3C2B",0,3.13645647333766,0.46,0.072,0
"PPP1R13B",0,2.27012666198193,0.51,0.122,0
"NRP2",0,1.6784211184168,0.68,0.293,0
"LAMB1",0,1.40373223021679,0.626,0.239,0
"MRC1",0,2.64677946396179,0.424,0.037,0
"ATP8B1",0,2.91674873239434,0.477,0.09,0
"TMEM44",0,2.73457800389449,0.461,0.075,0
"SPRY4",0,4.2232502886207,0.447,0.061,0
"PDE7B",0,3.23786241281827,0.44,0.054,0
"MGAT4A",0,1.2704581365947,0.557,0.172,0
"OSMR",0,2.26494331316878,0.552,0.167,0
"LMBR1",0,2.21247765016005,0.53,0.145,0
"LYL1",0,1.99000871044886,0.458,0.073,0
"ENAH",0,1.58782371631414,0.697,0.312,0
"MYO6",0,1.97730311624694,0.577,0.193,0
"NQO1",0,2.43765238707648,0.518,0.135,0
"KCNN3",0,4.42189937268493,0.422,0.04,0
"MARCKS",0,1.41638246075288,0.875,0.493,0
"FRMD4A",0,1.84090463007406,0.512,0.13,0
"RIPOR1",0,2.20882369907605,0.533,0.151,0
"PKIG",0,2.06697440488332,0.596,0.214,0
"LAMC1",0,1.28941934358683,0.704,0.322,0
"LIMS1",0,1.81028464081299,0.851,0.47,0
"NEURL1B",0,3.13668467936267,0.481,0.1,0
"TNXB",0,1.55184811054334,0.526,0.145,0
"SCARB1",0,0.844961675844189,0.535,0.154,0
"KIAA1671",0,1.99974878730685,0.497,0.116,0
"KCTD12",0,2.07121560462222,0.695,0.314,0
"FAM107A",0,3.89477895142252,0.428,0.048,0
"GPRC5B",0,2.5424571720452,0.501,0.121,0
"RAB13",0,1.79421304218577,0.784,0.405,0
"SERPINH1",0,1.0317433557001,0.785,0.406,0
"MTMR10",0,3.29198719694022,0.465,0.086,0
"CDC42EP5",0,2.10175702848226,0.553,0.175,0
"CDK2AP1",0,1.80471133867925,0.704,0.326,0
"CLIC2",0,3.15491587671688,0.427,0.05,0
"HHEX",0,2.9010560111101,0.425,0.048,0
"ABCC4",0,3.05604781801729,0.482,0.105,0
"LPCAT2",0,2.25056871382951,0.503,0.126,0
"PITPNC1",0,1.4177810768836,0.524,0.148,0
"SLCO2B1",0,2.43654890267399,0.444,0.069,0
"GPR4",0,5.36370835459207,0.382,0.007,0
"MBNL2",0,1.43397509237168,0.697,0.322,0
"NEDD4",0,2.68373362882818,0.442,0.068,0
"OAF",0,1.76614143947437,0.602,0.229,0
"TSPAN14",0,1.02693466962928,0.66,0.288,0
"FZD6",0,2.5323107424277,0.478,0.106,0
"LAMA5",0,1.60012088197514,0.523,0.151,0
"BCAP29",0,1.73012793897096,0.663,0.292,0
"PHLDB2",0,2.54383415476636,0.445,0.074,0
"PLSCR4",0,2.9444363954257,0.521,0.15,0
"PAM",0,1.50551098845592,0.602,0.231,0
"NFIA",0,1.14194005899031,0.704,0.333,0
"RALB",0,1.8941292189177,0.577,0.207,0
"FNIP2",0,1.80428541495728,0.517,0.147,0
"MAPK3",0,1.73597744402344,0.594,0.224,0
"TMEM173",0,1.17622997333738,0.666,0.297,0
"CTNNAL1",0,1.75310203991871,0.661,0.292,0
"CTHRC1",0,0.520836741172725,0.472,0.103,0
"MAP4K4",0,1.62407190899205,0.712,0.344,0
"CADPS2",0,2.66676856502335,0.475,0.107,0
"ECM1",0,2.52105805706521,0.444,0.077,0
"FRMD4B",0,1.15103449925587,0.594,0.227,0
"MANSC1",0,3.10578452077577,0.448,0.081,0
"NXN",0,1.85103569182109,0.547,0.181,0
"CD151",0,1.22699269853227,0.801,0.436,0
"TSPAN4",0,1.68983418264959,0.654,0.289,0
"HIP1",0,1.61313836807769,0.565,0.2,0
"PEA15",0,1.33508664929212,0.687,0.323,0
"ARHGEF7",0,1.6438321614424,0.558,0.194,0
"HES1",0,1.58577489003671,0.583,0.219,0
"EHD2",0,1.69942256028703,0.574,0.21,0
"ICA1",0,2.36557678054855,0.447,0.084,0
"WT1",0,1.78518938687168,0.519,0.156,0
"RASSF3",0,1.76379829790081,0.495,0.132,0
"RASSF9",0,3.81683653366601,0.425,0.062,0
"ROCK2",0,1.49743925042665,0.704,0.341,0
"PTTG1IP",0,1.34365503901786,0.81,0.448,0
"DNM3",0,4.47450847345151,0.39,0.028,0
"EML1",0,3.18520715394885,0.433,0.071,0
"ADARB1",0,2.05225582534641,0.448,0.086,0
"FEZ2",0,1.55689586813946,0.664,0.303,0
"ATP1B3",0,1.46654173856476,0.777,0.416,0
"PTK2",0,1.38620592115807,0.625,0.264,0
"CDC42BPB",0,1.7583512971324,0.595,0.234,0
"ADGRL2",0,2.16843902130579,0.535,0.175,0
"FCHO2",0,1.67653797745637,0.526,0.166,0
"SYPL1",0,1.38588521083226,0.746,0.386,0
"RBP5",0,5.10173954433203,0.37,0.01,0
"SLC44A2",0,1.32964916038394,0.563,0.203,0
"NAV1",0,2.53987891769324,0.461,0.102,0
"CDA",0,3.88805184011113,0.384,0.025,0
"PLXNA2",0,2.83361347603661,0.455,0.096,0
"VPS13A",0,1.17742628262928,0.573,0.214,0
"KLF7",0,2.0287011859563,0.516,0.158,0
"TTC28",0,2.07458059852802,0.523,0.165,0
"TACC1",0,1.36934551521984,0.815,0.457,0
"SLC35G2",0,3.38272576527209,0.404,0.047,0
"GJA1",0,1.43340178392539,0.599,0.242,0
"ATP11C",0,2.0966015812988,0.5,0.144,0
"LGALS9",0,0.808350030024688,0.592,0.236,0
"ADAM10",0,1.31468914222438,0.698,0.342,0
"INPP1",0,2.117366934124,0.492,0.137,0
"CX3CL1",0,3.28351744977754,0.413,0.058,0
"PTPN12",0,1.30377653584976,0.679,0.325,0
"TSPAN13",0,2.80880919218314,0.439,0.085,0
"EMP2",0,0.972754518469908,0.729,0.375,0
"CTNNA1",0,1.3661852811254,0.766,0.413,0
"SERPINB6",0,1.4178650340863,0.729,0.376,0
"SPTLC2",0,1.38605236487367,0.586,0.233,0
"EVA1B",0,1.44418039604445,0.669,0.317,0
"TLNRD1",0,1.87922112902234,0.528,0.176,0
"EXOC3L1",0,3.02298199711893,0.41,0.058,0
"ITPKB",0,1.6228944409349,0.472,0.121,0
"CASP10",0,1.64993165483024,0.47,0.119,0
"SERINC3",0,1.31599939890948,0.752,0.401,0
"CPT1A",0,1.56319497811673,0.536,0.186,0
"ACKR1",0,7.61765083645435,0.356,0.006,0
"FRYL",0,1.18372784987115,0.617,0.267,0
"MSRB3",0,1.75513196220901,0.504,0.154,0
"PICALM",0,1.2846092483371,0.678,0.329,0
"GFOD2",0,2.25064234481152,0.46,0.111,0
"BACE2",0,1.39037605227894,0.531,0.182,0
"FMNL3",0,1.42498705661519,0.505,0.156,0
"FERMT2",0,1.35963500526185,0.614,0.265,0
"GATA2",0,4.72370418190954,0.361,0.013,0
"ZNF521",0,3.03065713287014,0.416,0.068,0
"FKBP1A",0,2.08020985655355,0.908,0.56,0
"USHBP1",0,5.82992982442788,0.354,0.006,0
"DOCK1",0,1.87998548039121,0.55,0.203,0
"AIF1L",0,2.75662857013516,0.442,0.095,0
"CLEC1A",0,5.42224336872061,0.355,0.008,0
"TESC",0,2.25397655573699,0.428,0.081,0
"MPZL2",0,2.61977886168444,0.45,0.104,0
"ZNF366",0,5.49510451332205,0.35,0.004,0
"CDK17",0,1.62613703932681,0.483,0.137,0
"HDGFL3",0,1.70296908958236,0.565,0.219,0
"TRIM47",0,2.09952527700455,0.486,0.14,0
"A4GALT",0,3.23576482410448,0.409,0.063,0
"FILIP1",0,3.8723335646301,0.386,0.041,0
"PRKAA1",0,1.26774941979596,0.563,0.218,0
"PPIC",0,0.751072955359611,0.635,0.291,0
"QKI",0,1.25332929573902,0.785,0.441,0
"FRY",0,3.30343680034451,0.398,0.054,0
"LRCH1",0,2.03596839147999,0.446,0.102,0
"MXRA7",0,1.10912427057174,0.672,0.328,0
"CFI",0,1.6981629461613,0.545,0.202,0
"SUN1",0,1.40724221771074,0.627,0.284,0
"YBX3",0,1.06576491465092,0.862,0.519,0
"IRAK3",0,2.28884678867708,0.416,0.073,0
"PML",0,1.02499859972249,0.597,0.254,0
"TCIM",0,1.75864211865268,0.475,0.133,0
"METRN",0,1.42312306322465,0.564,0.222,0
"CCDC178",0,4.29667069027573,0.364,0.022,0
"PDLIM5",0,1.15385167023136,0.626,0.285,0
"ELMO1",0,1.11361371974094,0.475,0.134,0
"CORO1C",0,1.33645633039598,0.572,0.231,0
"FDPS",0,1.0898027566272,0.766,0.426,0
"HERC2",0,1.32337100065335,0.649,0.309,0
"LEPROT",0,1.28942239601134,0.813,0.473,0
"GRPEL2",0,2.85987092314131,0.412,0.072,0
"PPP2R5A",0,1.46361312888933,0.551,0.212,0
"PPP1R16B",0,1.74091233973772,0.392,0.053,0
"PRKD2",0,1.10112128428997,0.506,0.168,0
"SH3BP2",0,1.11316346702994,0.543,0.206,0
"RBPMS",0,1.40787457922786,0.562,0.225,0
"ITGA9",0,3.11248107748231,0.4,0.063,0
"BNIP2",0,1.29245129445372,0.64,0.303,0
"RBMS3",0,1.91577058154018,0.5,0.163,0
"MTSS1",0,1.56774038698524,0.431,0.094,0
"TMEM30A",0,1.3484007250758,0.665,0.329,0
"C1orf54",0,2.33967620326734,0.428,0.092,0
"ORAI1",0,1.00378558134762,0.572,0.236,0
"CRNDE",0,2.45982263500577,0.421,0.085,0
"STIM2",0,1.05192526628961,0.586,0.251,0
"SMAD5",0,1.36221294787529,0.659,0.325,0
"AFF1",0,1.34955402235044,0.592,0.258,0
"SELENOP",0,0.290964495458983,0.723,0.389,0
"STXBP1",0,2.33340424436614,0.449,0.116,0
"F8",0,4.08596112835382,0.381,0.049,0
"ADGRA2",0,2.03970653120535,0.442,0.11,0
"CTDSPL",0,2.06875636692068,0.528,0.197,0
"GNA11",0,1.79851462644137,0.518,0.187,0
"BAALC",0,4.84237866875096,0.344,0.013,0
"CAMSAP2",0,1.67491989231286,0.544,0.214,0
"PRKD3",0,1.36427909420124,0.546,0.216,0
"EPHA4",0,2.87964125535088,0.385,0.055,0
"CSGALNACT1",0,2.21034579465286,0.396,0.066,0
"TUBB6",0,1.37568335084566,0.576,0.246,0
"ARHGEF3",0,0.850029955606107,0.543,0.214,0
"PTPRE",0,0.976802635058886,0.535,0.206,0
"ADGRG6",0,4.88711218003837,0.371,0.042,0
"DGAT1",0,1.27292551861721,0.542,0.214,0
"RAPGEF3",0,2.22198934556422,0.432,0.104,0
"YPEL2",0,1.63382861338783,0.502,0.174,0
"CAPN2",0,1.06754947235468,0.749,0.422,0
"CNRIP1",0,1.9734130167899,0.441,0.114,0
"THSD1",0,4.97189222276683,0.336,0.009,0
"RP1",0,4.95358694314305,0.349,0.022,0
"RHOC",0,1.44275174880286,0.797,0.471,0
"THY1",0,1.3641628401337,0.533,0.207,0
"FAT4",0,3.49695103791327,0.374,0.048,0
"SORBS3",0,1.52236585033063,0.516,0.19,0
"CRK",0,1.36174749939032,0.624,0.298,0
"APBB2",0,1.88218192166161,0.483,0.157,0
"DACH1",0,4.4811694942192,0.354,0.028,0
"PNP",0,1.94576168756305,0.507,0.182,0
"PXDN",0,1.62745049404153,0.583,0.258,0
"GIT1",0,1.50710253891555,0.47,0.145,0
"TIMP2",0,0.437995809830121,0.809,0.485,0
"OLFML2A",0,2.63655702793134,0.402,0.078,0
"BEX3",0,0.371742062427026,0.764,0.441,0
"GMFG",0,0.359235855872508,0.643,0.32,0
"EXOC3L2",0,5.10755531989054,0.335,0.012,0
"DYNC1LI2",0,1.1211245135417,0.711,0.388,0
"ARL2",0,1.22858686475833,0.687,0.365,0
"LMNA",0,0.898618209876892,0.849,0.527,0
"LINC01116",0,1.62164880803774,0.488,0.166,0
"NLK",0,2.30204762253545,0.406,0.086,0
"STARD8",0,4.29577031043954,0.335,0.015,0
"CDC42EP1",0,1.88953760308998,0.49,0.17,0
"MAP2",0,3.3248099165767,0.371,0.052,0
"EBF1",0,1.68248117049074,0.443,0.124,0
"UBE2J1",0,1.58190209854612,0.614,0.295,0
"GPIHBP1",0,6.74382980456737,0.321,0.002,0
"HIPK3",0,1.39405399585942,0.604,0.285,0
"IFITM3",0,1.02930944044402,0.957,0.638,0
"STRN4",0,1.65256004924391,0.484,0.165,0
"KLF2",0,0.966859897617671,0.796,0.478,0
"RUNDC3B",0,4.95583258731331,0.329,0.011,0
"ATXN3",0,1.27343108542016,0.615,0.297,0
"TMOD3",0,1.11400685899358,0.729,0.411,0
"EDNRB",0,4.73683244236147,0.346,0.028,0
"GLCE",0,2.40821983731316,0.419,0.101,0
"CDS2",0,1.12554357648865,0.523,0.206,0
"FCN3",0,6.98401157877589,0.319,0.002,0
"IL11RA",0,2.73196462329367,0.386,0.069,0
"TJP2",0,1.79979067241759,0.463,0.147,0
"CITED4",0,1.57306357810199,0.513,0.197,0
"ZBTB46",0,2.72676754350002,0.396,0.08,0
"FGD6",0,2.36358568302229,0.413,0.097,0
"TBC1D4",0,0.883250713479018,0.483,0.167,0
"PCGF2",0,2.04498524631349,0.472,0.156,0
"TNFSF10",0,0.494377850718061,0.667,0.352,0
"DBN1",0,1.51003327834299,0.514,0.199,0
"GOLIM4",0,1.12966656173903,0.6,0.286,0
"BTBD3",0,2.26319053177849,0.443,0.129,0
"APLP2",0,1.13025735132503,0.859,0.545,0
"ADAMTS1",0,1.58572440686353,0.565,0.251,0
"SPTAN1",0,1.14173784391353,0.765,0.452,0
"LIPA",0,1.13092652476717,0.497,0.184,0
"APCDD1",0,3.15534117410444,0.388,0.075,0
"CCDC85B",0,1.68642670177955,0.863,0.55,0
"CPNE8",0,2.26166900683028,0.41,0.097,0
"ELK4",0,0.978127645923105,0.563,0.251,0
"ATP1A1",0,1.02239218691135,0.798,0.487,0
"NFAT5",0,1.06669279894364,0.664,0.353,0
"ITGB5",0,1.29016591441992,0.506,0.195,0
"C5orf24",0,1.06473493395083,0.632,0.321,0
"ITPR3",0,1.48480987856576,0.435,0.124,0
"EPN2",0,1.42076258690891,0.535,0.225,0
"SPAAR",0,5.61391917336606,0.318,0.008,0
"ITGA2",0,2.15976160949642,0.373,0.064,0
"SLC12A2",0,2.04339663907922,0.481,0.172,0
"KITLG",0,3.09627680096369,0.366,0.057,0
"INF2",0,1.29362440678953,0.484,0.175,0
"NOL4L",0,1.42596930489977,0.446,0.137,0
"APOL3",0,1.25841489839955,0.422,0.113,0
"CD46",0,1.06343791014236,0.784,0.476,0
"TMEM150C",0,2.20120172439073,0.401,0.093,0
"RAPH1",0,2.11047389148198,0.418,0.11,0
"IGFBP3",0,3.44438973344581,0.437,0.129,0
"RPS6KA3",0,0.776362750139528,0.602,0.294,0
"NUMB",0,0.941826377374304,0.619,0.311,0
"CSNK1E",0,1.27131820429192,0.602,0.294,0
"RCN1",0,0.822986563935632,0.688,0.38,0
"FOXC1",0,2.3515206391604,0.4,0.093,0
"NEDD9",0,0.978301012052285,0.522,0.215,0
"HEBP1",0,1.25539438184485,0.635,0.328,0
"ZBTB20",0,0.844945992699448,0.799,0.493,0
"CAVIN3",0,1.51862370865667,0.546,0.24,0
"DPP8",0,1.08842561231953,0.526,0.22,0
"EPHA2",0,2.6592153549543,0.381,0.075,0
"STARD4",0,1.8228009424912,0.42,0.114,0
"LOXL2",0,2.20737530448515,0.419,0.113,0
"RBFOX2",0,1.2401218175421,0.59,0.284,0
"CD2AP",0,0.971895356031347,0.565,0.259,0
"RRAGA",0,1.31508666491916,0.657,0.352,0
"RALGAPA2",0,1.87227154016272,0.453,0.148,0
"PKD2",0,1.52813942750625,0.483,0.178,0
"HSPA2",0,2.23952402601891,0.403,0.099,0
"ABCD4",0,1.12640860711782,0.552,0.248,0
"EOGT",0,2.46648240262255,0.38,0.076,0
"RGS12",0,1.6661848735725,0.438,0.134,0
"DLL1",0,3.54747804845423,0.323,0.019,0
"ASPH",0,1.20121439881322,0.645,0.341,0
"NFE2L1",0,1.20172680243832,0.616,0.312,0
"SLC39A8",0,1.7337635371037,0.435,0.132,0
"SERINC1",0,1.05710502171427,0.735,0.432,0
"KBTBD2",0,1.31244341669711,0.477,0.174,0
"ZNF467",0,2.37430575894992,0.389,0.087,0
"IFI44",0,0.300204866584439,0.645,0.343,0
"LEF1",0,1.98573418076036,0.371,0.069,0
"MPRIP",0,1.02436975368404,0.617,0.315,0
"RAP2A",0,1.3129950935826,0.461,0.16,0
"TNFRSF4",0,0.870384041039053,0.374,0.073,0
"NECAP2",0,1.03419826367169,0.636,0.335,0
"CHD7",0,1.45209416832271,0.441,0.141,0
"ARRB1",0,1.83974936286943,0.39,0.09,0
"LATS2",0,1.7320799760739,0.451,0.151,0
"VAMP3",0,1.27791427265619,0.558,0.259,0
"CSRP1",0,0.74260082400675,0.66,0.361,0
"BAZ2B",0,0.98158707721193,0.671,0.372,0
"PALD1",0,2.37519509620509,0.362,0.063,0
"MEF2A",0,0.73277389501889,0.629,0.33,0
"PIM3",0,1.20281067682353,0.6,0.301,0
"HACD3",0,1.04602905533835,0.642,0.344,0
"DUSP3",0,1.80060643679069,0.465,0.167,0
"SLC39A10",0,0.867874991783836,0.591,0.293,0
"NCOA7",0,1.03468102865518,0.617,0.319,0
"SLFN5",0,0.323275415718828,0.707,0.409,0
"MLKL",0,1.15624072586673,0.385,0.088,0
"CRBN",0,0.855558724487498,0.635,0.338,0
"TCEAL9",0,0.414337662365183,0.717,0.42,0
"LCN6",0,5.87050839406499,0.299,0.002,0
"SMAGP",0,2.29796579506111,0.364,0.067,0
"GNS",0,1.05023019017041,0.6,0.303,0
"ODF2L",0,0.621183025596533,0.692,0.395,0
"SNTB2",0,0.969292475919354,0.571,0.274,0
"SULT1C4",0,2.99735628478004,0.339,0.043,0
"FBN1",0,0.693403665152085,0.542,0.246,0
"PEAK1",0,1.66203636086696,0.461,0.165,0
"FAM171B",0,2.62934228447966,0.366,0.07,0
"GCNT2",0,1.94527465992872,0.369,0.073,0
"LRP6",0,1.69933862519404,0.485,0.189,0
"ABI3",0,0.481759246651003,0.426,0.13,0
"MAP1LC3A",0,0.997935985028691,0.571,0.275,0
"CPD",0,1.10074049689571,0.509,0.214,0
"SDCBP",0,0.925684258801137,0.832,0.537,0
"CDC37",0,1.11418195820103,0.819,0.524,0
"C10orf128",0,2.65956140187684,0.329,0.035,0
"KLF3",0,1.03676087565694,0.624,0.33,0
"DPYSL3",0,0.638588063428313,0.587,0.293,0
"GABBR1",0,2.14274009447362,0.41,0.116,0
"MSRA",0,1.69429327802666,0.423,0.129,0
"ZFYVE21",0,1.47038905944061,0.599,0.305,0
"NUDT3",0,1.08069828448198,0.559,0.266,0
"EMID1",0,2.64414343533178,0.381,0.088,0
"ABCG1",0,1.0076804782378,0.401,0.108,0
"PLCG2",0,1.44940024472242,0.375,0.082,0
"FLOT1",0,0.859568801902967,0.688,0.395,0
"REEP3",0,1.29284175009736,0.568,0.275,0
"CAMKK2",0,1.70797018929005,0.455,0.163,0
"PPP1R9B",0,1.18541985251645,0.457,0.165,0
"GNAI1",0,2.36280407362325,0.411,0.119,0
"CD300LG",0,6.34858809960156,0.294,0.002,0
"PROS1",0,1.31565255619104,0.464,0.173,0
"DST",0,0.96321117542633,0.655,0.364,0
"RAPGEF4",0,4.07208983140926,0.319,0.028,0
"ST6GAL1",0,1.06207075355801,0.482,0.191,0
"TRIM2",0,2.08248287307053,0.423,0.132,0
"FLOT2",0,1.1387797056061,0.476,0.185,0
"TNFRSF1A",0,0.861641271679111,0.696,0.405,0
"LTC4S",0,1.99001233162232,0.461,0.171,0
"FES",0,1.57338446339874,0.406,0.116,0
"TTYH3",0,1.03627657770464,0.472,0.182,0
"SOCS3",0,1.42875145661734,0.713,0.423,0
"RIN2",0,1.61714666833945,0.467,0.178,0
"PKN1",0,0.718434117993127,0.635,0.346,0
"EGLN2",0,1.12014439922966,0.554,0.265,0
"VEZT",0,0.982472361256913,0.583,0.294,0
"TGFBR3",0,1.11191522127034,0.535,0.247,0
"TBC1D15",0,1.18201945586761,0.537,0.249,0
"THBS1",0,0.725339574157012,0.519,0.231,0
"CPPED1",0,1.54053738299011,0.444,0.156,0
"CARHSP1",0,1.06956281174683,0.705,0.417,0
"SNAP23",0,1.04972389959635,0.568,0.28,0
"TRIL",0,3.37841795572694,0.332,0.045,0
"ELN",0,3.31699544629002,0.389,0.102,0
"TNFRSF10B",0,1.56885529467966,0.44,0.153,0
"SOS1",0,1.18682267873459,0.56,0.274,0
"NR2F1",0,2.28787484991468,0.432,0.146,0
"PPP3CA",0,0.96489198968802,0.623,0.337,0
"APOLD1",0,2.31566599991415,0.354,0.068,0
"SLC52A3",0,4.63375309327001,0.31,0.024,0
"STK25",0,1.03265487597627,0.568,0.283,0
"DAB2IP",0,2.06504718902987,0.413,0.128,0
"CRYBG3",0,1.82957725550131,0.448,0.164,0
"FTX",0,0.867454975612019,0.663,0.379,0
"PIAS2",0,1.17757533750826,0.489,0.205,0
"OSBPL10",0,2.77729545157324,0.353,0.069,0
"PCMTD1",0,1.13364830086836,0.701,0.417,0
"LYPLA1",0,1.05424608447815,0.581,0.297,0
"LAPTM4B",0,0.448334106137509,0.625,0.341,0
"SVIP",0,0.798133589599796,0.574,0.29,0
"CEP112",0,2.52377012975783,0.355,0.071,0
"LYSMD2",0,0.753202942013035,0.488,0.205,0
"TBCD",0,0.590893433993771,0.494,0.211,0
"RRAS",0,1.05250770599449,0.562,0.279,0
"GBP4",0,0.529183861380685,0.565,0.282,0
"SPINK5",0,5.89263050310604,0.293,0.01,0
"MGMT",0,0.976282121047638,0.698,0.415,0
"CCL14",0,6.49209823620373,0.284,0.001,0
"NUCB1",0,0.844778089916135,0.741,0.458,0
"PDCD6IP",0,0.799630711989793,0.648,0.366,0
"MYO10",0,1.91303152704601,0.426,0.144,0
"REV3L",0,1.34787014967196,0.51,0.228,0
"CMIP",0,0.871861320941874,0.554,0.272,0
"STARD3",0,1.29541397607454,0.448,0.166,0
"KCNC4",0,2.52391703884591,0.362,0.08,0
"ADD1",0,0.843368402467746,0.729,0.447,0
"KIAA0141",0,1.22898148879933,0.477,0.195,0
"PHKB",0,0.878508738185522,0.581,0.299,0
"TAOK1",0,0.848344988212824,0.62,0.338,0
"KLHL5",0,1.51918114078295,0.441,0.16,0
"TMEM245",0,1.03972939691799,0.561,0.28,0
"CDK9",0,1.13383108944963,0.502,0.221,0
"C2CD2",0,1.69165132897283,0.406,0.125,0
"EIF4G3",0,0.878609524143086,0.621,0.34,0
"MSN",0,1.21110686916043,0.821,0.54,0
"TRIO",0,1.29128783763837,0.485,0.205,0
"YIPF3",0,0.957413124963611,0.667,0.387,0
"WWC3",0,1.2229616178933,0.466,0.186,0
"AKR1C3",0,2.02154435634007,0.39,0.11,0
"ACE",0,4.58644998379238,0.318,0.038,0
"CDC42EP4",0,1.55478002867985,0.461,0.181,0
"SRGAP2",0,0.9779861292722,0.474,0.194,0
"MEIS2",0,1.86418499916242,0.474,0.194,0
"SRGAP2C",0,1.1690514168611,0.461,0.182,0
"CLCN3",0,1.1943158614097,0.516,0.237,0
"ZMIZ1",0,0.994814822395186,0.526,0.247,0
"MRPL17",0,1.19974511221861,0.586,0.307,0
"GPRC5C",0,1.5231852910395,0.417,0.138,0
"LAPTM4A",0,0.413740860722923,0.866,0.588,0
"LCORL",0,1.36017649194769,0.431,0.153,0
"VOPP1",0,0.760194609654665,0.549,0.271,0
"PDK4",0,1.32201052714742,0.443,0.165,0
"NACC2",0,2.17214505904785,0.364,0.086,0
"LAMP1",0,0.872493385790009,0.768,0.49,0
"PRTG",0,3.57638789302807,0.312,0.034,0
"MYH10",0,1.17973609268677,0.533,0.255,0
"COL18A1",0,0.436880879508377,0.648,0.37,0
"PHACTR4",0,0.833744628073537,0.598,0.32,0
"SCARB2",0,0.820562382689347,0.709,0.431,0
"CALU",0,0.735409493373682,0.69,0.412,0
"ITGA3",0,1.62182725773825,0.407,0.129,0
"PLEKHG5",0,3.05841716622286,0.329,0.052,0
"PGM5",0,3.67021871351943,0.318,0.041,0
"CD40",0,1.27246200686203,0.449,0.172,0
"GAS2L1",0,2.33901919338769,0.381,0.104,0
"SRGAP1",0,1.26104250424027,0.479,0.202,0
"MARC2",0,2.37980522861135,0.372,0.096,0
"NT5E",0,1.94430358960587,0.379,0.103,0
"NDRG1",0,0.327247217266453,0.633,0.357,0
"KLF9",0,0.776664565208203,0.534,0.258,0
"TM9SF2",0,0.9472950396221,0.645,0.369,0
"MKL2",0,1.88628867518996,0.423,0.147,0
"ANKRD40",0,1.36859163543914,0.434,0.158,0
"PIP5K1C",0,1.49335064863766,0.416,0.14,0
"LIX1L",0,0.943366600728499,0.484,0.209,0
"SLK",0,0.823105741040049,0.621,0.346,0
"FHOD1",0,1.32675964710866,0.442,0.167,0
"SMURF2",0,0.821516957419083,0.496,0.221,0
"KLC1",0,0.869595836929285,0.591,0.316,0
"GNB4",0,1.13433161496026,0.465,0.191,0
"DPY19L1",0,1.82942612660926,0.377,0.103,0
"AIDA",0,0.973945445364808,0.59,0.316,0
"ATL3",0,0.88156786321628,0.599,0.325,0
"OAZ2",0,1.37700550492906,0.593,0.319,0
"GRAP",0,2.73304600071941,0.294,0.02,0
"VEGFC",0,4.01927009865032,0.325,0.052,0
"KIF1C",0,1.33114398117493,0.45,0.177,0
"FKBP10",0,0.763799830106952,0.53,0.257,0
"RAB5C",0,0.86869416148116,0.68,0.408,0
"SRGAP2B",0,1.41097371056197,0.413,0.141,0
"POGZ",0,0.751573260481873,0.62,0.348,0
"APC",0,0.945977931350529,0.484,0.212,0
"TDRP",0,3.23602132796523,0.321,0.049,0
"DYNC1H1",0,0.708531097589905,0.754,0.482,0
"CAPZA2",0,0.868498517730203,0.723,0.451,0
"ITGA8",0,3.65170228457983,0.292,0.02,0
"FAM129A",0,0.800305276532853,0.447,0.176,0
"CFLAR",0,0.619968209990872,0.799,0.528,0
"WWP1",0,1.11671505904787,0.486,0.215,0
"ANXA2",0,0.984574775943161,0.875,0.604,0
"FOXP1",0,1.01933559401078,0.716,0.445,0
"ATOX1",0,0.775998498144166,0.732,0.461,0
"PSMB5",0,0.783591224037011,0.703,0.432,0
"CCPG1",0,0.886025669424746,0.6,0.329,0
"PPP4R1",0,1.07570283042648,0.473,0.202,0
"IFI44L",0,0.444451847463641,0.642,0.372,0
"TPD52L1",0,1.99969541952047,0.387,0.117,0
"RUNX1T1",0,2.2320206687214,0.364,0.094,0
"TLR4",0,1.56886330163224,0.326,0.056,0
"TEAD4",0,2.59604516488349,0.34,0.07,0
"EBPL",0,0.981231221416219,0.632,0.362,0
"TMOD2",0,2.15338940255523,0.33,0.06,0
"MAPK12",0,2.37971207820303,0.33,0.06,0
"GRAMD1A",0,0.778335265152425,0.559,0.29,0
"EDN1",0,3.65010352783166,0.315,0.046,0
"SH3BGRL2",0,3.23227976416121,0.318,0.049,0
"CYFIP1",0,1.01311159042467,0.541,0.272,0
"SSBP4",0,0.805070637057196,0.674,0.405,0
"RBMS1",0,0.726575482747595,0.73,0.461,0
"MYO1C",0,1.06743584102851,0.551,0.283,0
"SLC27A3",0,1.52365396126151,0.425,0.157,0
"RGL1",0,1.77858897265739,0.385,0.117,0
"ESM1",0,6.87105976139942,0.275,0.007,0
"TMEM181",0,1.02682825128534,0.466,0.198,0
"IL13RA1",0,1.19106642778398,0.535,0.267,0
"NAA38",0,1.09999487544734,0.738,0.47,0
"PLCG1",0,1.03682518438573,0.368,0.1,0
"ACTN4",0,1.03147590330055,0.865,0.597,0
"SOX4",0,0.428638159905979,0.686,0.419,0
"SETX",0,0.371364201823496,0.657,0.39,0
"MOB2",0,0.894101830003626,0.474,0.207,0
"NTAN1",0,1.08528024407698,0.525,0.258,0
"EFCAB14",0,1.04220210076579,0.609,0.342,0
"SPCS3",0,0.736232692796991,0.735,0.468,0
"ATG4A",0,2.01752370587392,0.344,0.077,0
"RAB14",0,0.801447780837232,0.688,0.421,0
"TMEM109",0,0.905952788479942,0.559,0.293,0
"ELOVL1",0,1.02408921294809,0.511,0.245,0
"ABL2",0,1.44935801929,0.44,0.174,0
"FBXW7",0,0.82371092433447,0.497,0.231,0
"NBDY",0,0.865902863918019,0.67,0.404,0
"FAM219A",0,2.27655336708786,0.337,0.071,0
"ATP2A2",0,0.899865365954485,0.613,0.347,0
"CDH24",0,3.60165061588556,0.298,0.032,0
"QPCT",0,2.03219111065672,0.347,0.081,0
"COMMD2",0,1.0049756289077,0.567,0.301,0
"EI24",0,0.859377357390316,0.608,0.342,0
"SMAD2",0,0.921427627471771,0.581,0.315,0
"GNB1",0,0.963137096596827,0.778,0.513,0
"SELP",0,6.27155336139062,0.269,0.004,0
"RPN1",0,0.7574581340243,0.667,0.402,0
"RFX3",0,1.950693240927,0.358,0.093,0
"NRARP",0,2.66786418585784,0.304,0.039,0
"RAB6A",0,0.678649554874185,0.644,0.379,0
"ITPRIP",0,1.54238086234376,0.388,0.123,0
"NDUFA8",0,1.10709125269964,0.605,0.34,0
"PKN3",0,3.83587200337755,0.283,0.018,0
"CTBP2",0,0.79983418330611,0.578,0.313,0
"WDFY1",0,0.952056527301088,0.53,0.266,0
"ASL",0,1.28425591426185,0.421,0.157,0
"FAR1",0,0.944035004681149,0.524,0.26,0
"NETO2",0,2.30569515702177,0.342,0.078,0
"SH3GLB1",0,0.855690820789659,0.727,0.463,0
"ABI2",0,0.834194199383302,0.595,0.331,0
"PAFAH1B2",0,0.701945796804656,0.58,0.316,0
"CD200",0,2.0071716429283,0.378,0.115,0
"LY96",0,0.909414586488571,0.418,0.155,0
"ZNF160",0,1.15109211221817,0.46,0.197,0
"HDAC1",0,0.847826486263303,0.581,0.318,0
"CLTC",0,0.76873693570092,0.714,0.451,0
"CAMTA1",0,0.67609822116408,0.678,0.416,0
"YWHAH",0,0.802858875312128,0.687,0.425,0
"CLSTN1",0,0.716244340721185,0.62,0.358,0
"RHOB",0,0.935321118188689,0.739,0.477,0
"HS6ST1",0,1.95454459141193,0.405,0.143,0
"CARD6",0,2.15067241106798,0.328,0.066,0
"ARPC1A",0,0.711462738768512,0.648,0.386,0
"AGPAT5",0,1.48337604861215,0.414,0.152,0
"TNFRSF19",0,3.21782544775994,0.305,0.043,0
"CAPNS1",0,0.951305062783508,0.766,0.504,0
"CYR61",0,0.965428872476435,0.57,0.308,0
"DNAJC15",0,0.534305713066373,0.554,0.293,0
"METTL9",0,0.796319446912836,0.672,0.411,0
"FAM89A",0,2.54117535494041,0.335,0.074,0
"ABHD6",0,3.00675271990441,0.311,0.05,0
"BTNL9",0,3.26789437354692,0.359,0.098,0
"PTPRN2",0,1.23369736374512,0.383,0.122,0
"CFAP20",0,1.32037423869626,0.479,0.218,0
"BLMH",0,1.23569604940545,0.415,0.154,0
"MIB1",0,1.00941055495953,0.504,0.243,0
"MYH9",0,1.02886973203661,0.857,0.596,0
"LIMA1",0,0.914824703042874,0.595,0.334,0
"TAX1BP3",0,1.17250051269253,0.553,0.293,0
"PKN2",0,0.589783902251795,0.655,0.395,0
"AL390728.6",0,1.3137646400219,0.376,0.116,0
"TECPR1",0,1.26404334445625,0.376,0.116,0
"TM2D2",0,1.04971305815757,0.506,0.246,0
"RAB1B",0,0.617113072104589,0.605,0.345,0
"PGM2L1",0,0.808623900221862,0.438,0.178,0
"JMJD1C",0,0.928263202688534,0.758,0.498,0
"KPNA3",0,1.02880684177776,0.479,0.219,0
"KTN1",0,0.899869325769336,0.866,0.606,0
"TCF12",0,0.887094693605572,0.508,0.248,0
"PDE8A",0,1.76051949769626,0.381,0.121,0
"ENPP2",0,5.70114416801416,0.286,0.026,0
"HMCN1",0,2.714043788023,0.298,0.039,0
"TSNAX",0,0.999145815391705,0.54,0.281,0
"ZDHHC14",0,1.87485726342849,0.333,0.074,0
"PLOD3",0,1.25204455620483,0.481,0.222,0
"FAM9C",0,7.60829746509815,0.261,0.002,0
"NNMT",0,0.869858375653424,0.465,0.206,0
"CMKLR1",0,2.5733381035052,0.29,0.031,0
"UPF3A",0,0.745600392489199,0.623,0.364,0
"ACLY",0,1.03338879598762,0.477,0.218,0
"SIGIRR",0,0.316614885125284,0.554,0.296,0
"NCK1",0,0.656310133225383,0.53,0.272,0
"BCAP31",0,0.715487987397445,0.743,0.485,0
"CPXM2",0,1.47274484624182,0.371,0.113,0
"IRF2BP2",0,0.639124438161796,0.694,0.436,0
"MAGED2",0,1.00836616737517,0.703,0.445,0
"DUSP23",0,1.31576843659778,0.55,0.293,0
"ZFYVE16",0,0.762392054809623,0.558,0.301,0
"AP2A2",0,0.734606722852794,0.513,0.256,0
"SREK1",0,0.648678300235097,0.688,0.431,0
"CNOT6L",0,0.360002218923887,0.549,0.293,0
"VGLL4",0,0.67491001489172,0.639,0.383,0
"PCGF3",0,1.17072786919684,0.445,0.189,0
"STOX2",0,2.94511098182962,0.318,0.062,0
"MDFIC",0,0.457219021216198,0.523,0.267,0
"MID1",0,2.30786611623486,0.35,0.094,0
"SAV1",0,1.15327122205564,0.488,0.232,0
"PLLP",0,3.04618743468197,0.31,0.054,0
"PITPNA",0,0.98366093650378,0.501,0.245,0
"KCTD15",0,2.40679670195116,0.34,0.084,0
"PRMT1",0,1.02111603336474,0.73,0.474,0
"MFNG",0,0.872967819621289,0.336,0.08,0
"EPHX1",0,0.646162247775168,0.598,0.342,0
"PFKL",0,0.659677992481401,0.577,0.321,0
"NRIP1",0,0.963700449479983,0.538,0.283,0
"KCTD3",0,1.70474995894304,0.409,0.154,0
"CEP170",0,0.672201652683669,0.513,0.258,0
"EFNB1",0,2.041825704852,0.413,0.158,0
"DENND3",0,0.757715998596042,0.379,0.124,0
"TRIM5",0,1.28672582419817,0.411,0.156,0
"FUT11",0,1.1807004953074,0.378,0.123,0
"HECTD1",0,0.745924515031666,0.646,0.391,0
"TMEM219",0,0.743111290945317,0.726,0.471,0
"RRBP1",0,0.385388418085656,0.759,0.504,0
"SYNE2",0,0.296288600052124,0.814,0.559,0
"CYB5B",0,0.668767154495487,0.558,0.304,0
"GRK5",0,1.2670319340489,0.364,0.11,0
"RB1",0,0.7032737184326,0.476,0.222,0
"WARS",0,0.828644372064539,0.471,0.217,0
"SEPT2",0,0.884559493483207,0.813,0.559,0
"IL17RD",0,2.34658652492814,0.345,0.092,0
"WWC2",0,1.37483098600882,0.435,0.182,0
"CNTNAP3B",0,6.10924317862554,0.259,0.006,0
"IKBIP",0,0.864974039616827,0.503,0.25,0
"SYNJ2BP",0,0.896965218294894,0.478,0.225,0
"SECISBP2L",0,0.966997529845716,0.483,0.23,0
"USP22",0,0.659589038573587,0.629,0.376,0
"DNAJC10",0,0.843658169189742,0.574,0.321,0
"ATN1",0,0.595501215100701,0.596,0.343,0
"NPTN",0,0.975883008743379,0.58,0.327,0
"STX12",0,0.941642066878617,0.527,0.275,0
"TAL1",0,6.34948158893123,0.254,0.002,0
"F11R",0,1.40665120589136,0.415,0.163,0
"ZNF281",0,0.842356062202324,0.454,0.202,0
"RAB11FIP5",0,2.27683365988032,0.333,0.081,0
"TBC1D9",0,1.50362076084938,0.401,0.149,0
"HOOK3",0,0.739987085131061,0.606,0.354,0
"RNF38",0,0.940091902729512,0.422,0.17,0
"STARD9",0,1.39974416825146,0.345,0.093,0
"PPP5C",0,0.959984529475365,0.439,0.187,0
"TNPO1",0,0.823527577412612,0.581,0.329,0
"CCND3",0,0.339778656509174,0.564,0.312,0
"ELF2",0,0.688958728537394,0.551,0.3,0
"PLEC",0,0.370192025582727,0.679,0.428,0
"CHMP3",0,0.798290943974748,0.637,0.386,0
"DYNC1I2",0,0.651421440193135,0.73,0.479,0
"MYOF",0,1.21988309260604,0.465,0.214,0
"ERC1",0,1.01312671350926,0.481,0.23,0
"NEIL1",0,2.01164957890123,0.334,0.083,0
"HDAC5",0,1.03985544816132,0.427,0.176,0
"CDC27",0,1.01844044688958,0.482,0.231,0
"RNF145",0,0.813828906509033,0.56,0.31,0
"SMARCA2",0,0.484949358752208,0.663,0.413,0
"PHC2",0,0.999730390366111,0.512,0.262,0
"RIT1",0,1.10731234267489,0.435,0.185,0
"ZBTB38",0,0.576711480294019,0.629,0.379,0
"NAA10",0,0.712895239192236,0.642,0.392,0
"PTMS",0,0.736073088214037,0.886,0.636,0
"PPP1R12C",0,0.79671892416806,0.442,0.192,0
"RFTN2",0,2.89324158637942,0.29,0.04,0
"PGM2",0,1.39890423547737,0.413,0.163,0
"GXYLT1",0,1.12629775194565,0.418,0.168,0
"IFNGR1",0,0.689014982980258,0.567,0.317,0
"ALDH2",0,0.685262453305926,0.576,0.326,0
"NUCB2",0,0.506884791451984,0.674,0.425,0
"RSU1",0,0.959201742952586,0.544,0.295,0
"SPOP",0,0.858677815479459,0.56,0.311,0
"HBEGF",0,1.09581755851919,0.339,0.09,0
"GPR146",0,3.97788149213147,0.273,0.024,0
"KCNJ2",0,4.60992181052696,0.268,0.019,0
"BMP2K",0,0.643275645864603,0.438,0.189,0
"ANKRD50",0,1.75825464092323,0.375,0.126,0
"CANX",0,0.750291420204272,0.839,0.59,0
"PDCL",0,1.20962983096543,0.426,0.177,0
"DSTN",0,0.267268676636032,0.832,0.583,0
"PIR",0,2.49703767871125,0.346,0.097,0
"RIMKLB",0,1.45530782804716,0.418,0.169,0
"SETD7",0,1.40918533896162,0.399,0.151,0
"EXT1",0,1.15975915205359,0.461,0.213,0
"OAS2",0,0.292661675135784,0.466,0.218,0
"PLEKHO2",0,0.948787614340795,0.398,0.15,0
"MGLL",0,2.04625469839798,0.35,0.102,0
"FCHSD2",0,0.786678386577973,0.442,0.194,0
"HDAC2",0,0.818925804165586,0.584,0.336,0
"PHF14",0,0.534071011393913,0.674,0.427,0
"TBC1D1",0,0.949890387534435,0.456,0.209,0
"RAPGEF1",0,0.612578377784082,0.461,0.214,0
"TMCO3",0,1.17383597304335,0.451,0.204,0
"EVA1C",0,1.68171454168093,0.366,0.119,0
"CXXC5",0,0.327882484459441,0.477,0.23,0
"ZNF280D",0,0.911759229893718,0.543,0.297,0
"BCL2L1",0,0.735191175880696,0.461,0.215,0
"MGAT4B",0,0.628238806847855,0.519,0.273,0
"FOXO1",0,0.702314296157129,0.509,0.263,0
"EXOC5",0,0.92513095639368,0.481,0.235,0
"ST6GALNAC1",0,2.46408780771483,0.313,0.067,0
"ZDHHC3",0,1.13334858360942,0.471,0.225,0
"DENND5A",0,1.22127816296652,0.411,0.165,0
"FAM189A2",0,4.4472007094841,0.265,0.02,0
"CYP46A1",0,3.53051037526186,0.278,0.033,0
"STMN1",0,1.43838562970632,0.648,0.403,0
"SLC20A1",0,0.689561000531133,0.484,0.239,0
"FMNL2",0,1.05639541701471,0.428,0.183,0
"LCA5",0,2.40258423342307,0.325,0.08,0
"NSRP1",0,0.578684899174508,0.597,0.352,0
"B4GALT5",0,0.781250585461907,0.495,0.25,0
"SLC30A1",0,1.35282811776273,0.41,0.165,0
"EPN1",0,0.759607826658186,0.546,0.302,0
"MAP3K3",0,1.07702073801874,0.384,0.14,0
"COMT",0,0.81387487628237,0.713,0.469,0
"ACTR1A",0,0.882198980142567,0.474,0.23,0
"ARHGAP17",0,1.08034644637884,0.412,0.168,0
"PPP1R14A",0,0.874694148927406,0.536,0.293,0
"ARHGAP27",0,0.947675099265836,0.341,0.098,0
"MCFD2",0,0.757194251158363,0.59,0.347,0
"WSB1",0,0.717719477667822,0.868,0.625,0
"SBF2",0,1.12671667821049,0.469,0.226,0
"KLF4",0,0.712051374821529,0.572,0.329,0
"IFNAR1",0,0.807619960144158,0.57,0.327,0
"COBLL1",0,1.99058775543728,0.385,0.143,0
"TDGF1",0,4.0655312744949,0.263,0.021,0
"WASF2",0,0.909019545543276,0.783,0.541,0
"AHNAK",0,0.486685303366558,0.854,0.612,0
"DUT",0,0.589887873472056,0.684,0.443,0
"ARHGEF2",0,0.663283705944794,0.466,0.225,0
"TRAM2",0,1.40745305499637,0.394,0.153,0
"SCRN2",0,1.28315783100541,0.397,0.156,0
"TRIM25",0,0.826077043314828,0.457,0.216,0
"CTNNBIP1",0,1.16051912822667,0.444,0.203,0
"RALA",0,0.683088387961581,0.593,0.352,0
"YWHAG",0,0.706169629462075,0.597,0.356,0
"NORAD",0,0.536526962727513,0.738,0.497,0
"PCMTD2",0,1.08452156151429,0.473,0.232,0
"C14orf119",0,0.77930968810153,0.574,0.333,0
"STARD7",0,0.563872030467984,0.538,0.298,0
"EIF4G1",0,0.423455412748651,0.655,0.415,0
"UBE2Z",0,0.587412982593342,0.56,0.32,0
"MALT1",0,0.847424249414519,0.445,0.205,0
"ATP13A2",0,1.36196989007803,0.355,0.115,0
"IVNS1ABP",0,1.01366212591143,0.613,0.373,0
"NKTR",0,0.728627464030975,0.861,0.621,0
"WDFY3",0,1.36141898533723,0.413,0.173,0
"ITGB1",0,1.22932949603658,0.915,0.675,0
"PGS1",0,1.38512441906718,0.365,0.125,0
"HGSNAT",0,0.810305739615663,0.525,0.286,0
"NCOA4",0,0.74861745816914,0.555,0.316,0
"SRSF4",0,0.564513793672488,0.729,0.49,0
"SEMA4C",0,1.86567657016709,0.346,0.107,0
"POLK",0,0.6024637828765,0.509,0.27,0
"SYNCRIP",0,0.589933379297725,0.708,0.469,0
"G6PC3",0,1.37840111113177,0.411,0.172,0
"GOSR2",0,0.979212708220229,0.48,0.241,0
"PRKAR1A",0,0.584644576720473,0.748,0.509,0
"MAP4",0,0.675728590600007,0.705,0.466,0
"ERBIN",0,0.54008705948322,0.576,0.337,0
"ARL2BP",0,0.791207540925322,0.57,0.331,0
"BCL10",0,0.928751290056906,0.458,0.22,0
"PXDC1",0,1.25560231745622,0.401,0.163,0
"SH3BP4",0,1.77722950480379,0.363,0.125,0
"LAP3",0,0.580229536493048,0.607,0.369,0
"GINM1",0,0.782198537238265,0.587,0.349,0
"SNX9",0,0.778811920057438,0.475,0.237,0
"WDR60",0,0.86000239653838,0.485,0.247,0
"TM9SF3",0,0.729403744340552,0.719,0.481,0
"MAN2C1",0,0.903754010669654,0.437,0.199,0
"G3BP1",0,0.585150827178546,0.683,0.446,0
"FBXO21",0,0.976572045432523,0.543,0.306,0
"NBR1",0,0.771183762930691,0.528,0.291,0
"TMEM37",0,2.41130696783016,0.307,0.07,0
"SNX3",0,1.38061367568183,0.833,0.596,0
"BRI3",0,0.624313128144793,0.828,0.591,0
"UBTD1",0,2.32570420480157,0.318,0.081,0
"SLC7A6",0,0.985802919120458,0.35,0.113,0
"TAF15",0,0.392291507672919,0.586,0.349,0
"TCF15",0,4.1786356059655,0.254,0.017,0
"VASP",0,0.611347622377043,0.596,0.359,0
"GABPA",0,1.28298240797409,0.41,0.173,0
"TGFB1I1",0,0.57646499226765,0.47,0.233,0
"BORCS7",0,0.668378851551825,0.562,0.326,0
"RILPL2",0,0.641965278156926,0.463,0.227,0
"PRPSAP1",0,0.893194771637291,0.449,0.213,0
"RNF11",0,0.948550995690052,0.506,0.27,0
"ATF6",0,0.824033005262739,0.481,0.245,0
"APOD",0,2.62889936153104,0.365,0.129,0
"KIF5B",0,0.71740349904584,0.762,0.526,0
"TRPV2",0,0.62911559390849,0.37,0.134,0
"CCDC68",0,2.24401497484815,0.308,0.072,0
"BSG",0,0.590273855166546,0.806,0.571,0
"ALDH9A1",0,0.749984445579597,0.54,0.305,0
"CCNY",0,0.808558609062866,0.528,0.293,0
"PTBP1",0,0.579638064644182,0.666,0.431,0
"ST8SIA4",0,0.306364012089471,0.387,0.152,0
"STX3",0,1.3722540579602,0.379,0.144,0
"BAG3",0,0.81833506085605,0.448,0.213,0
"CSNK1A1",0,0.859516231083168,0.814,0.579,0
"KIAA1147",0,1.82759616911991,0.37,0.135,0
"IL18BP",0,1.79500551193859,0.301,0.066,0
"CLSTN3",0,0.818473433028361,0.373,0.138,0
"NUDT14",0,0.808535762574198,0.408,0.173,0
"EEF2K",0,1.37367225330016,0.37,0.135,0
"GABARAPL2",0,0.908674925688425,0.76,0.525,0
"CYTH2",0,0.744987812232454,0.5,0.265,0
"CLDND1",0,0.342315391666109,0.566,0.331,0
"MGST3",0,0.743964590028287,0.807,0.573,0
"PLSCR1",0,0.374444897998316,0.665,0.431,0
"PPP2R2A",0,0.736011671156134,0.562,0.328,0
"ATXN2",0,0.654190296546389,0.555,0.321,0
"SGCB",0,1.00268048166821,0.454,0.22,0
"FIS1",0,0.835239285298925,0.788,0.554,0
"CELF1",0,0.470977496684275,0.639,0.405,0
"MYO1E",0,1.29845358692658,0.371,0.137,0
"NR2F2",0,0.324094243253301,0.632,0.398,0
"ARL6IP1",0,0.613549094586909,0.706,0.472,0
"MAPRE2",0,0.547318755784769,0.416,0.182,0
"ANKRD17",0,0.513513056866617,0.575,0.341,0
"RNF13",0,0.648472971517751,0.522,0.289,0
"GFM1",0,0.94039106188028,0.445,0.212,0
"TMX3",0,0.69394756080447,0.463,0.23,0
"CCDC69",0,0.744920693649687,0.422,0.189,0
"JAM3",0,1.41754843052536,0.366,0.133,0
"SLC7A1",0,2.06388626158736,0.346,0.113,0
"TAF1C",0,1.38998082795609,0.348,0.115,0
"YWHAE",0,0.840344160470323,0.86,0.627,0
"TMEM205",0,0.374329353246061,0.607,0.374,0
"SHISA5",0,0.457534860325272,0.655,0.423,0
"PURB",0,0.527672222111085,0.523,0.291,0
"KAZN",0,1.43315932188292,0.4,0.168,0
"FRMD8",0,1.20091840843142,0.375,0.143,0
"ZNF677",0,1.22012153672408,0.391,0.159,0
"UXS1",0,1.19609848803025,0.432,0.2,0
"DNAJB14",0,0.41082729376827,0.607,0.375,0
"ZNHIT1",0,0.668689195099801,0.769,0.537,0
"RABGAP1",0,0.93170347345053,0.484,0.252,0
"TACC2",0,2.26304600375132,0.308,0.076,0
"SPAG9",0,0.523514218699633,0.621,0.389,0
"VAV3",0,0.804777330483069,0.335,0.104,0
"SLC3A2",0,0.717463404600386,0.687,0.456,0
"HIF1A",0,0.290536637095446,0.672,0.441,0
"NFIC",0,0.449134426100184,0.667,0.436,0
"HES4",0,1.65667378685063,0.396,0.165,0
"DNAJB4",0,0.796322823304706,0.464,0.233,0
"NASP",0,0.557856490569731,0.714,0.483,0
"CACHD1",0,2.28695220744115,0.315,0.084,0
"MAP4K5",0,0.750368782587428,0.507,0.276,0
"TTC19",0,0.723952915477475,0.509,0.278,0
"ZNF385D",0,4.0947674101673,0.251,0.021,0
"LXN",0,1.04034297515875,0.378,0.148,0
"CCNL2",0,0.513996441848607,0.574,0.344,0
"SKI",0,0.598467881301389,0.471,0.241,0
"TAGLN2",0,0.860391579063458,0.823,0.593,0
"TPRKB",0,0.890615080825174,0.592,0.362,0
"GNAI2",0,1.09378520545313,0.897,0.667,0
"SYNE1",0,0.440597733817551,0.599,0.369,0
"TCEAL8",0,0.68195665999499,0.607,0.377,0
"TRAM1",0,0.565010078818162,0.706,0.476,0
"NRGN",0,1.80832826549536,0.297,0.067,0
"WASHC4",0,0.512218488663128,0.51,0.28,0
"TRIP11",0,0.515391557074864,0.626,0.396,0
"KIAA1109",0,0.365278332363577,0.565,0.335,0
"CTDSP2",0,0.69563720790106,0.566,0.336,0
"HEXB",0,0.653964709664238,0.522,0.293,0
"MVB12A",0,0.794975237487215,0.529,0.3,0
"SEPT8",0,1.37908847568829,0.387,0.158,0
"PQLC1",0,1.02030854296124,0.433,0.204,0
"ERF",0,1.310837677768,0.392,0.163,0
"AC005261.2",0,0.91288455254621,0.458,0.229,0
"ZNF22",0,0.693221823628495,0.563,0.334,0
"CCDC25",0,0.760010492870447,0.511,0.283,0
"PSIP1",0,0.439743033654273,0.682,0.454,0
"RCN2",0,0.349450859406631,0.65,0.422,0
"TPST2",0,0.558156571931611,0.465,0.237,0
"MACF1",0,0.658963904655491,0.879,0.651,0
"TAP2",0,0.313099887490872,0.479,0.251,0
"ELOVL5",0,0.427488296491376,0.499,0.271,0
"EML3",0,1.04544026458266,0.364,0.136,0
"XAF1",0,0.361676326877618,0.763,0.535,0
"DMWD",0,0.924527558275605,0.415,0.187,0
"BCR",0,1.40997337625149,0.349,0.121,0
"GADD45A",0,0.326778183220905,0.556,0.329,0
"MYO9A",0,0.903773466865598,0.464,0.237,0
"LUC7L",0,0.62883532150794,0.516,0.289,0
"ACTR1B",0,0.838714302968287,0.439,0.212,0
"TRAK2",0,1.0661741495948,0.382,0.155,0
"P2RY1",0,2.44820196327948,0.268,0.041,0
"SFXN3",0,0.976691070046628,0.376,0.149,0
"MIR4435-2HG",0,1.28992533408163,0.429,0.202,0
"GULP1",0,1.70200753959062,0.349,0.122,0
"SHROOM1",0,2.38275658344107,0.312,0.085,0
"MGAT1",0,0.521462791637904,0.619,0.392,0
"PTBP3",0,0.266589875818751,0.575,0.348,0
"LRRC32",0,2.08648722073885,0.294,0.067,0
"SMARCE1",0,0.607822396774937,0.617,0.39,0
"TMEM165",0,0.429343505687105,0.692,0.465,0
"C1orf43",0,0.547046910267433,0.636,0.41,0
"TBKBP1",0,1.99943186018958,0.274,0.048,0
"SSH1",0,0.899673410690652,0.383,0.157,0
"APOL1",0,0.340458105036001,0.445,0.219,0
"ZNF148",0,0.555957825997332,0.586,0.36,0
"PCDH1",0,2.33684346535256,0.3,0.074,0
"ANKS1A",0,1.59202579822173,0.345,0.119,0
"ITPRIPL2",0,0.857134594964796,0.502,0.276,0
"MBTPS1",0,0.45805365384938,0.604,0.378,0
"RBM6",0,0.362722754975495,0.681,0.456,0
"AMOTL2",0,1.41673275972593,0.372,0.147,0
"LMBR1L",0,0.872976276612655,0.381,0.156,0
"TEAD2",0,1.44124492375323,0.366,0.141,0
"ZKSCAN1",0,0.40136225911013,0.607,0.382,0
"EXT2",0,1.16708979230506,0.419,0.194,0
"NARF",0,0.382400900462988,0.474,0.249,0
"ZNF347",0,1.81451363456705,0.306,0.081,0
"PDIA6",0,0.477253095568148,0.801,0.577,0
"IFITM2",0,0.756114405509466,0.916,0.692,0
"EPB41L2",0,0.621833070096837,0.529,0.305,0
"PTPRK",0,1.44681781403551,0.383,0.159,0
"PIP4K2B",0,0.947333607767243,0.385,0.161,0
"TANC2",0,1.17149134059705,0.378,0.154,0
"SH3GL1",0,0.962103059587804,0.449,0.225,0
"ABLIM1",0,0.394944192407864,0.568,0.344,0
"JAG2",0,2.62248120276991,0.283,0.059,0
"MSL1",0,0.554617484295142,0.494,0.27,0
"IPO7",0,0.705330341587453,0.565,0.341,0
"CCDC47",0,0.700645553368817,0.567,0.343,0
"KIF9",0,1.68036215943866,0.338,0.115,0
"MXD4",0,0.428105512767011,0.662,0.439,0
"MTRF1L",0,1.1267927402575,0.405,0.182,0
"ZCCHC2",0,0.381331557885301,0.399,0.176,0
"ZDHHC20",0,0.705115494947797,0.438,0.215,0
"APPL1",0,0.647616295878857,0.594,0.371,0
"SEC61A1",0,0.499904435533196,0.582,0.359,0
"OCIAD1",0,0.59023024814498,0.753,0.53,0
"SYCE1L",0,1.64759017652406,0.308,0.085,0
"XIAP",0,0.351145358306498,0.564,0.341,0
"CNIH1",0,0.606484188900828,0.563,0.34,0
"BHLHE40",0,0.458314525953551,0.535,0.313,0
"CHST1",0,3.04946706739796,0.267,0.045,0
"OS9",0,0.564258521264409,0.66,0.438,0
"ZDHHC17",0,0.912505686060825,0.403,0.181,0
"OTUD4",0,0.763725282773498,0.444,0.222,0
"ZNF608",0,1.98914798655866,0.319,0.097,0
"KIAA0100",0,0.715955730622932,0.448,0.226,0
"PTBP2",0,1.15999593406855,0.359,0.137,0
"OXR1",0,0.738828827982495,0.491,0.269,0
"SLC2A3",0,0.320207823829708,0.625,0.403,0
"MYO1D",0,1.40055283746779,0.347,0.125,0
"DUSP11",0,0.937699897494642,0.459,0.238,0
"TXNDC9",0,0.757712993735455,0.468,0.247,0
"VCL",0,0.437061046412621,0.545,0.324,0
"CCSER2",0,0.385033013432293,0.537,0.316,0
"ETV6",0,0.584437846882346,0.456,0.235,0
"CDIPT",0,0.654033359392437,0.532,0.311,0
"PSMD12",0,0.685551207996376,0.548,0.327,0
"ZSCAN18",0,0.824096676303718,0.466,0.245,0
"RNF144A",0,1.94851620048061,0.307,0.086,0
"FBXW2",0,0.691635130760107,0.437,0.216,0
"LRP5",0,1.67394699930928,0.365,0.144,0
"CSRP2",0,0.848947686031069,0.37,0.149,0
"TROVE2",0,0.644393493631908,0.581,0.36,0
"SOX13",0,2.56347245767245,0.29,0.069,0
"ACSL3",0,0.760447580203717,0.486,0.265,0
"MARCH6",0,0.419357559423202,0.598,0.377,0
"PPP6C",0,0.82007926782838,0.417,0.196,0
"ARF3",0,0.516479729829402,0.571,0.35,0
"KCTD10",0,1.42247743170393,0.36,0.139,0
"PTPN11",0,0.627020879360579,0.47,0.249,0
"AP2B1",0,0.431321312488887,0.584,0.363,0
"SRSF6",0,0.494239288624136,0.596,0.375,0
"UFD1",0,0.580798988791134,0.567,0.346,0
"CERS2",0,0.620563915764836,0.545,0.325,0
"GLTP",0,0.761944043451179,0.466,0.246,0
"DNAJC3",0,0.662728316913121,0.561,0.341,0
"SEC23A",0,0.54944386112585,0.513,0.293,0
"FURIN",0,0.869517595692765,0.402,0.182,0
"RNF144B",0,1.66398548999878,0.31,0.09,0
"PBX2",0,0.79960667711857,0.445,0.225,0
"MTMR6",0,0.946098862556564,0.384,0.164,0
"GNG12",0,1.3467325806742,0.484,0.264,0
"BIRC6",0,0.278415433565242,0.599,0.379,0
"RNF7",0,0.92571760125032,0.752,0.532,0
"GIMAP2",0,0.372622106424532,0.346,0.126,0
"SLC44A1",0,0.837745396782053,0.483,0.263,0
"RBM5",0,0.343738752715759,0.639,0.42,0
"PRRG1",0,2.66163706928571,0.277,0.058,0
"NANS",0,0.794349183642301,0.523,0.304,0
"NUMA1",0,0.428644257708372,0.636,0.417,0
"PRDX3",0,0.502786422234098,0.626,0.407,0
"EEA1",0,0.714566923357844,0.542,0.323,0
"VSIG10",0,1.53914528431116,0.339,0.12,0
"USP12",0,0.838878163638209,0.399,0.18,0
"SLFN12",0,1.20228559065481,0.337,0.118,0
"SERINC5",0,0.645990067447233,0.45,0.231,0
"MRPL33",0,0.677573111986583,0.74,0.521,0
"TRIP12",0,0.348514054787782,0.593,0.374,0
"CRTAP",0,0.573206183970497,0.603,0.384,0
"PDCD6",0,0.487099540951773,0.714,0.495,0
"FBXL7",0,1.9202926561248,0.297,0.078,0
"COL4A3BP",0,0.752170245504494,0.492,0.273,0
"PPP2CB",0,0.325221264449832,0.593,0.374,0
"PBX1",0,0.69349328596786,0.558,0.34,0
"IARS2",0,0.662501154087309,0.502,0.284,0
"DHX15",0,0.629268115084214,0.521,0.303,0
"ABCE1",0,0.626237317513584,0.549,0.331,0
"MAGT1",0,0.626025134411237,0.515,0.297,0
"CHMP5",0,0.546707898021134,0.667,0.449,0
"DUSP5",0,0.57461495342511,0.403,0.185,0
"PDS5B",0,0.477580676927718,0.516,0.298,0
"BAX",0,0.364527315261879,0.653,0.435,0
"KIAA0319L",0,0.599481344242483,0.443,0.225,0
"SLC30A7",0,0.735877280901479,0.439,0.221,0
"URM1",0,0.752322952452158,0.445,0.227,0
"ZNF532",0,1.34412455532736,0.366,0.148,0
"TPM3",0,0.600343053998436,0.84,0.622,0
"ATP6AP1",0,0.523341345296717,0.591,0.373,0
"ATP2B1",0,0.347027194456958,0.589,0.371,0
"ABHD17A",0,0.271169331896714,0.686,0.469,0
"BAG6",0,0.6326027791712,0.504,0.287,0
"BAZ2A",0,0.393269127611435,0.524,0.307,0
"BAG5",0,0.466150712062659,0.467,0.25,0
"SEMA6C",0,2.98826408602134,0.252,0.035,0
"ATP6V1A",0,0.741354182075723,0.442,0.225,0
"ARRDC3",0,0.744699972622177,0.589,0.372,0
"AAED1",0,0.953118400809368,0.418,0.201,0
"KNOP1",0,0.527553038381723,0.494,0.277,0
"SF3B3",0,0.547461750100893,0.497,0.28,0
"KIAA1211L",0,2.61681265427738,0.271,0.055,0
"TEAD1",0,0.863186954346216,0.455,0.239,0
"NEK3",0,2.22446225571546,0.278,0.062,0
"NF1",0,0.63859441566995,0.515,0.299,0
"GJA4",0,4.50729435768107,0.25,0.034,0
"CYB5D2",0,0.605163276425534,0.383,0.167,0
"ZNF436",0,2.13116582712961,0.295,0.079,0
"SMIM30",0,0.733336926247421,0.497,0.281,0
"SUGT1",0,0.530704553548403,0.595,0.379,0
"UBE2G2",0,0.370639512718524,0.608,0.392,0
"RTN4",0,0.410297416071089,0.79,0.575,0
"CCT6A",0,0.475436629400427,0.685,0.47,0
"TNFRSF25",0,0.341782888541136,0.338,0.123,0
"EMC3",0,0.512630286079906,0.558,0.343,0
"AK3",0,0.588025074754069,0.526,0.311,0
"RC3H2",0,0.621185169923855,0.461,0.246,0
"EXOSC6",0,0.509581681424171,0.505,0.29,0
"PITPNB",0,0.552109098126927,0.546,0.331,0
"PPARG",0,1.54639782582146,0.303,0.088,0
"TMEM127",0,0.888135841651306,0.409,0.194,0
"PRRC2B",0,0.404481223989013,0.621,0.406,0
"CHD9",0,0.485215835157174,0.697,0.482,0
"FLII",0,0.52273782368152,0.495,0.28,0
"CALCOCO2",0,0.623646579378121,0.582,0.367,0
"RPN2",0,0.350225140409577,0.724,0.509,0
"GTF2I",0,0.340586064512624,0.8,0.586,0
"PUM1",0,0.438673464748627,0.633,0.419,0
"UGCG",0,0.770902874503661,0.501,0.287,0
"ACSL5",0,0.814478853847153,0.343,0.129,0
"RGCC",0,1.30946480781328,0.465,0.251,0
"DDX42",0,0.522014973322877,0.549,0.335,0
"ANO10",0,1.81351709994681,0.312,0.098,0
"SCRN1",0,1.4224452497253,0.378,0.164,0
"KIDINS220",0,0.457762450010436,0.593,0.379,0
"KDELR2",0,0.30554717260701,0.715,0.501,0
"PSMD10",0,1.11622353210474,0.409,0.195,0
"NHLRC2",0,0.869449686011146,0.417,0.203,0
"TSPO",0,0.56454145606559,0.797,0.584,0
"TBC1D5",0,0.706378305619211,0.468,0.255,0
"FYTTD1",0,0.545838685103534,0.547,0.334,0
"ADAMTS6",0,2.4610386439714,0.262,0.049,0
"WDR13",0,0.680676197876762,0.516,0.303,0
"HMBOX1",0,0.690220572294248,0.396,0.183,0
"ANGPTL2",0,1.56246851313919,0.329,0.116,0
"PACS2",0,0.924802259039031,0.4,0.187,0
"SYNM",0,2.24638672169958,0.259,0.046,0
"APPBP2",0,0.843294365194776,0.45,0.237,0
"SESTD1",0,1.24457058845941,0.362,0.149,0
"MAP4K2",0,1.34496514588103,0.3,0.087,0
"ATF7",0,0.992490954916098,0.43,0.217,0
"FBXL3",0,0.773282951442348,0.443,0.23,0
"PIEZO2",0,3.16207682395019,0.252,0.039,0
"ANXA5",0,0.449362886509423,0.837,0.624,0
"RUFY2",0,0.773050033866467,0.415,0.202,0
"AP2S1",0,0.706525528122603,0.73,0.517,0
"TMBIM4",0,0.571295193447645,0.803,0.591,0
"RAP1B",0,0.629321747949911,0.788,0.576,0
"LAMTOR2",0,0.43220771351808,0.619,0.407,0
"ZBTB18",0,2.22917956584536,0.268,0.056,0
"PAIP1",0,0.612697333137693,0.509,0.297,0
"LRMDA",0,1.40715414558743,0.341,0.129,0
"MINDY2",0,0.363790278521678,0.506,0.294,0
"BRWD1",0,0.535617770564955,0.531,0.319,0
"IPO9",0,0.681984641753484,0.444,0.232,0
"CCNYL1",0,1.68493005528838,0.3,0.088,0
"PEF1",0,0.732303553446595,0.486,0.274,0
"KCTD20",0,0.572268747155822,0.493,0.281,0
"CNKSR3",0,2.54568828139771,0.294,0.082,0
"RPGR",0,1.27115586934619,0.352,0.14,0
"MYDGF",0,0.416614007496809,0.695,0.483,0
"RASGRF2",0,2.17594396161482,0.26,0.049,0
"TTC37",0,0.423227347339375,0.543,0.332,0
"SNED1",0,1.96838246793399,0.298,0.087,0
"PRKAG2",0,0.279355290528547,0.435,0.224,0
"AKIP1",0,1.51747647974666,0.375,0.164,0
"ENDOD1",0,0.866517196738905,0.43,0.219,0
"FXYD6",0,1.10846500181135,0.44,0.229,0
"TMTC1",0,2.20369542748279,0.305,0.094,0
"C20orf194",0,1.12033558080563,0.357,0.146,0
"TIA1",0,0.512571943432256,0.567,0.356,0
"LRP10",0,0.341307829835732,0.61,0.399,0
"PDIA3",0,0.656178820650783,0.867,0.656,0
"PRPF8",0,0.37843142745673,0.616,0.405,0
"ZNF207",0,0.454508797267957,0.743,0.532,0
"RERE",0,0.408042099030431,0.539,0.329,0
"FBLN2",0,4.4203625633311,0.255,0.045,0
"BEX4",0,0.521239451582141,0.549,0.339,0
"H2AFJ",0,0.254647907688999,0.624,0.414,0
"SPATS2",0,0.790300691873599,0.445,0.235,0
"SPTSSA",0,0.693584335615096,0.528,0.318,0
"CSNK2A2",0,0.670990335089676,0.496,0.286,0
"NLRP1",0,0.335784062115604,0.403,0.193,0
"SAMM50",0,0.632087234317134,0.463,0.253,0
"TRIB2",0,0.592994992692087,0.423,0.213,0
"MFSD6",0,1.03080855308031,0.352,0.142,0
"SPPL2A",0,0.278351834812278,0.565,0.355,0
"ITGB4",0,2.25799044312116,0.295,0.085,0
"SELENOW",0,0.814175078061073,0.829,0.619,0
"ERGIC1",0,0.530200231065263,0.556,0.347,0
"DUSP7",0,1.83812563024242,0.277,0.068,0
"GABRE",0,2.1065102674165,0.269,0.06,0
"DCTPP1",0,0.64360220622237,0.464,0.255,0
"SLFN11",0,0.824662811063434,0.367,0.158,0
"RANBP2",0,0.345265123284954,0.581,0.372,0
"MARCH7",0,0.475936235454957,0.575,0.366,0
"LRRFIP2",0,0.675908130837657,0.486,0.277,0
"MPZL1",0,0.874053674989041,0.504,0.296,0
"ANXA4",0,0.962512750852762,0.536,0.328,0
"HSD17B11",0,0.638919214788019,0.497,0.289,0
"TPP1",0,0.250999702384359,0.521,0.313,0
"RCBTB2",0,0.963334191032648,0.339,0.131,0
"DICER1",0,0.546843484620701,0.544,0.336,0
"BLCAP",0,0.772642199540331,0.465,0.257,0
"CLOCK",0,0.796153976303089,0.426,0.218,0
"BZW2",0,0.848703514839068,0.426,0.218,0
"MTMR9",0,0.694521039989451,0.368,0.16,0
"HRAS",0,0.80459686091651,0.434,0.226,0
"TSPAN15",0,1.85625854392179,0.304,0.096,0
"KIF1B",0,0.663979285494918,0.47,0.262,0
"MAN1A2",0,0.456513376776659,0.563,0.355,0
"APH1A",0,0.492455650478012,0.581,0.373,0
"AP2M1",0,0.442409030083028,0.766,0.558,0
"ACAP2",0,0.372084608417148,0.595,0.387,0
"PCNX4",0,0.566300697361658,0.473,0.265,0
"TSPAN5",0,0.564118941964339,0.448,0.241,0
"RELA",0,0.551149568927876,0.489,0.282,0
"B4GAT1",0,1.55827246586506,0.342,0.135,0
"FAM160B1",0,0.753389625025679,0.385,0.178,0
"CFDP1",0,0.451031309840455,0.665,0.458,0
"DCAF7",0,0.403617048471524,0.521,0.314,0
"CPVL",0,1.2324633167146,0.358,0.151,0
"TRAF7",0,0.857106208930123,0.417,0.21,0
"GANAB",0,0.523653313841923,0.565,0.358,0
"DAD1",0,0.756854403123773,0.841,0.634,0
"DPM3",0,0.500618966379194,0.561,0.355,0
"NME3",0,0.353486876376491,0.675,0.469,0
"TSN",0,0.734448803399101,0.466,0.26,0
"RAB5A",0,0.59008253116245,0.51,0.304,0
"NPHP3",0,0.733497726570743,0.38,0.174,0
"YEATS2",0,0.694297641822073,0.397,0.191,0
"ETV1",0,2.04813277175824,0.256,0.05,0
"SBDS",0,0.522899518373313,0.635,0.429,0
"PTAR1",0,0.460854264341261,0.447,0.241,0
"GIT2",0,0.275940971131708,0.442,0.236,0
"NME4",0,0.636884877179498,0.528,0.322,0
"DNASE1L1",0,1.30349507310339,0.297,0.091,0
"ADGRG1",0,0.350593169908908,0.358,0.152,0
"CENPB",0,0.657906357294401,0.435,0.229,0
"SEC62",0,0.827733578173865,0.869,0.663,0
"DAP",0,0.747119229946147,0.481,0.275,0
"ENY2",0,0.552641466795837,0.787,0.582,0
"ACOT7",0,1.45976596448873,0.327,0.122,0
"ITGB1BP1",0,0.569494385955776,0.544,0.339,0
"HBP1",0,0.481291944444225,0.494,0.289,0
"SCML1",0,0.995045520667427,0.381,0.176,0
"CNTLN",0,1.05198678180257,0.384,0.179,0
"FLYWCH2",0,0.682549024074658,0.487,0.282,0
"TMEM101",0,0.835531259099945,0.397,0.192,0
"WBP2",0,0.475921415620832,0.515,0.31,0
"CLPTM1",0,0.637160133215751,0.502,0.297,0
"CNOT8",0,0.650287743143047,0.418,0.213,0
"LPCAT4",0,0.8218599671208,0.348,0.143,0
"TNRC18",0,0.654197496850707,0.473,0.268,0
"TOR1AIP2",0,0.45077956984938,0.552,0.348,0
"PUM2",0,0.386231123198312,0.515,0.311,0
"TTL",0,0.874690258464472,0.337,0.133,0
"PRKAR2A",0,0.579049789614453,0.487,0.283,0
"FNDC3B",0,0.433409148930864,0.616,0.412,0
"WASL",0,0.543330491965659,0.497,0.293,0
"RALGAPA1",0,0.629029593781896,0.488,0.284,0
"KATNBL1",0,0.565868562113304,0.519,0.315,0
"BAIAP2-AS1",0,2.00346568345216,0.268,0.064,0
"RTFDC1",0,0.423863932078087,0.644,0.44,0
"PELO",0,0.880353637150257,0.363,0.159,0
"ZNF462",0,1.54903936389971,0.358,0.154,0
"ST3GAL2",0,0.871919152784373,0.35,0.146,0
"YTHDF2",0,0.527431495919552,0.577,0.373,0
"PABPN1",0,0.270126134618324,0.697,0.493,0
"EWSR1",0,0.271406599037114,0.676,0.473,0
"SDF4",0,0.372449320112968,0.65,0.447,0
"CTDSP1",0,0.26678588317129,0.518,0.315,0
"TMEM140",0,0.674262179330143,0.309,0.106,0
"SECISBP2",0,0.261613665629137,0.52,0.317,0
"TP53I11",0,1.92902648523275,0.343,0.14,0
"FAM126A",0,0.650849783905866,0.352,0.149,0
"RPRD1A",0,0.876975283684035,0.41,0.207,0
"MCRIP1",0,0.349701498629711,0.605,0.402,0
"KDELR1",0,0.374912300537249,0.705,0.502,0
"TEX264",0,0.563958344455487,0.55,0.348,0
"VPS36",0,0.381488016942676,0.557,0.355,0
"NOSIP",0,0.31249233271667,0.547,0.345,0
"RPIA",0,0.811555911222669,0.402,0.2,0
"RYK",0,0.407358300727198,0.516,0.314,0
"MAFK",0,1.34898938614555,0.318,0.116,0
"EXD3",0,1.36335691395413,0.297,0.095,0
"GPCPD1",0,0.576388958055469,0.435,0.233,0
"STT3B",0,0.4795365034825,0.591,0.389,0
"CGGBP1",0,0.391157233531163,0.573,0.371,0
"SRSF10",0,0.336847741833021,0.774,0.573,0
"ATP2B4",0,0.275049329936831,0.555,0.354,0
"SLC39A1",0,0.532247387255549,0.51,0.309,0
"RAB1A",0,0.459826003824581,0.613,0.412,0
"TLK1",0,0.414610569383272,0.526,0.325,0
"IQCA1",0,2.33706314332539,0.274,0.073,0
"PYURF",0,0.522130069782158,0.658,0.457,0
"TNFRSF10A",0,1.25462524724989,0.26,0.059,0
"HK1",0,0.498243620134715,0.449,0.248,0
"KRAS",0,0.326990629432164,0.544,0.343,0
"UBE2Q2",0,0.571015349250911,0.443,0.242,0
"CDC42EP3",0,0.437793817225846,0.435,0.234,0
"TMEM50A",0,0.542294359711035,0.776,0.576,0
"PFDN1",0,0.433712813180713,0.557,0.357,0
"TSPAN6",0,0.81045068412848,0.405,0.205,0
"SNAI2",0,1.11014268106215,0.307,0.107,0
"PDGFD",0,1.53670892781664,0.326,0.126,0
"ANAPC5",0,0.372409062246609,0.624,0.424,0
"MRPL52",0,0.465965378735089,0.645,0.445,0
"TMEM121",0,2.24365745570833,0.263,0.063,0
"TMEM50B",0,0.609118625188586,0.503,0.303,0
"ZBTB16",0,1.17872925970791,0.3,0.1,0
"USP31",0,1.81907914694967,0.293,0.093,0
"LPGAT1",0,0.358573274535793,0.473,0.273,0
"CCZ1",0,0.525244987362874,0.476,0.276,0
"RECQL",0,0.359281763036072,0.477,0.277,0
"BTBD7",0,0.681487423075849,0.471,0.271,0
"S100A10",0,0.700957019496587,0.898,0.699,0
"ZNF638",0,0.266031518297179,0.652,0.453,0
"FAM208A",0,0.381466357179902,0.497,0.298,0
"MKLN1",0,0.557402336214844,0.502,0.303,0
"UBAP2",0,0.4933506817788,0.441,0.242,0
"ARPP19",0,0.418517994528903,0.609,0.41,0
"B3GNT5",0,1.30627511643434,0.287,0.088,0
"FAM84B",0,2.03033791521591,0.292,0.093,0
"IFI16",0,0.51107441351936,0.863,0.664,0
"TMEM14C",0,0.304854347643344,0.7,0.501,0
"PDIA4",0,0.270365555295779,0.604,0.405,0
"MTMR12",0,1.00752388168058,0.343,0.145,0
"SCAMP1",0,0.755707366947133,0.404,0.206,0
"GPBP1L1",0,0.398779073287792,0.493,0.295,0
"RYBP",0,0.589600251203844,0.494,0.296,0
"CCDC14",0,0.461126287421597,0.455,0.257,0
"RAB7A",0,0.419956188994921,0.663,0.465,0
"DDAH2",0,0.32932719660246,0.611,0.413,0
"RECK",0,1.31026969554313,0.307,0.109,0
"ABL1",0,0.979291806374447,0.371,0.173,0
"ANO6",0,0.669775819595073,0.454,0.256,0
"LARP4",0,0.603587415883965,0.439,0.241,0
"YLPM1",0,0.476364454873689,0.457,0.259,0
"WRB",0,1.11166108229059,0.383,0.185,0
"PDE4D",0,0.514572483823204,0.29,0.092,0
"LEMD2",0,0.844453313825755,0.355,0.157,0
"ARHGEF10",0,1.96560407404833,0.285,0.087,0
"SLC43A3",0,0.818504416880859,0.349,0.151,0
"IL4R",0,0.595473716561768,0.36,0.162,0
"CANT1",0,0.963036303199071,0.36,0.162,0
"ZNF106",0,0.31177554785111,0.601,0.403,0
"RHEB",0,0.257504669719052,0.687,0.49,0
"NCSTN",0,0.703223196322345,0.455,0.258,0
"CREB1",0,0.49920282920221,0.49,0.293,0
"TOP2B",0,0.328836160776023,0.54,0.343,0
"HECA",0,0.260599062857876,0.393,0.196,0
"ETNK1",0,0.377039316735978,0.499,0.302,0
"SPRED1",0,0.668006386296238,0.388,0.191,0
"KIFC3",0,1.31307479006107,0.311,0.114,0
"CBL",0,0.463359062716279,0.409,0.212,0
"STX2",0,0.526549778496646,0.362,0.165,0
"EIF3B",0,0.3935036484086,0.591,0.394,0
"ATRX",0,0.490416454206666,0.844,0.647,0
"MOB4",0,0.496353826346259,0.513,0.317,0
"NOD1",0,1.72893641193352,0.255,0.059,0
"RTL8C",0,0.497557608518463,0.538,0.342,0
"HERC4",0,0.306290345273492,0.518,0.322,0
"UNG",0,1.27784209918601,0.315,0.119,0
"SMARCA4",0,0.384824787432431,0.503,0.307,0
"GATAD2A",0,0.451096335586909,0.444,0.248,0
"ZNF524",0,0.683289693198369,0.372,0.176,0
"AGPAT1",0,0.989587673799224,0.43,0.234,0
"NAPRT",0,0.870387711061417,0.358,0.162,0
"SMARCD1",0,0.528132455808122,0.425,0.229,0
"PDPR",0,0.746507191975983,0.355,0.159,0
"CASC3",0,0.530705491625968,0.429,0.233,0
"ZNF358",0,0.739356151184084,0.426,0.23,0
"FBXL5",0,0.507223138900604,0.474,0.278,0
"RAC1",0,0.785007888617971,0.883,0.687,0
"RAB21",0,0.43772585699249,0.552,0.357,0
"VAPA",0,0.307405757453581,0.789,0.594,0
"NUDCD1",0,1.18319053932812,0.34,0.145,0
"NRAS",0,0.827777300324964,0.39,0.195,0
"RMND5A",0,0.78030808479985,0.389,0.194,0
"ACSL4",0,0.484786586936298,0.432,0.237,0
"C9orf3",0,0.357078301425081,0.487,0.292,0
"PARVA",0,0.515484903393021,0.466,0.271,0
"ZMYND11",0,0.585620880109842,0.456,0.261,0
"SEL1L",0,0.327679855254482,0.512,0.317,0
"SLC12A6",0,0.575884732834085,0.31,0.115,0
"ZC3H7A",0,0.397030098875411,0.435,0.24,0
"SNX14",0,0.50280975977034,0.428,0.233,0
"CNIH4",0,0.41017965597249,0.571,0.376,0
"COPS5",0,0.382960474918356,0.566,0.371,0
"FNTA",0,0.389684578226311,0.553,0.359,0
"MAPK1IP1L",0,0.460986064063047,0.545,0.351,0
"GAPVD1",0,0.578238027462938,0.404,0.21,0
"HOMER3",0,1.33496485150095,0.399,0.205,0
"UBR3",0,0.902192133507437,0.381,0.187,0
"AAMDC",0,0.483494614790105,0.487,0.293,0
"RPAIN",0,0.343917882283035,0.528,0.334,0
"ARFGEF2",0,0.896993176589034,0.367,0.173,0
"PPP2R1A",0,0.323156096213076,0.609,0.415,0
"PANK3",0,0.618180618176645,0.425,0.231,0
"TRIAP1",0,0.64290344305816,0.407,0.213,0
"MON1B",0,0.735418514609022,0.347,0.153,0
"CDC34",0,0.675354333252706,0.413,0.219,0
"DHX9",0,0.393790678299792,0.567,0.373,0
"PAK2",0,0.25522741942372,0.674,0.481,0
"RAB11B",0,0.429124951252941,0.541,0.348,0
"ATXN10",0,0.448288079818104,0.545,0.352,0
"TLE1",0,0.853899409003238,0.404,0.211,0
"SLC35E2B",0,0.440804287054001,0.445,0.252,0
"PRPF38A",0,0.470651928801396,0.502,0.309,0
"HADHB",0,0.378763800547605,0.631,0.438,0
"PPM1G",0,0.292588469381149,0.634,0.441,0
"PELI1",0,0.929894786923985,0.329,0.136,0
"WDR1",0,0.393977796228416,0.641,0.448,0
"PURA",0,0.273104161845089,0.613,0.42,0
"KLHDC10",0,0.929097767445448,0.366,0.173,0
"FAM120A",0,0.283603422953359,0.613,0.42,0
"FEZ1",0,1.20792354022295,0.327,0.134,0
"EIF2AK4",0,0.664928765531444,0.476,0.283,0
"ANP32A",0,0.333076652970239,0.637,0.444,0
"COMMD4",0,0.440091766384999,0.506,0.313,0
"CHSY1",0,0.61334098614067,0.452,0.259,0
"UBN1",0,0.402589687501736,0.462,0.269,0
"USP7",0,0.422756064839486,0.51,0.317,0
"EDEM3",0,0.802270775923245,0.414,0.221,0
"GPX8",0,0.831206012099834,0.412,0.219,0
"RASA1",0,0.64875324160947,0.351,0.158,0
"DPY19L4",0,1.1934856070064,0.356,0.163,0
"TRAF4",0,1.12142331935687,0.353,0.16,0
"SURF4",0,0.318400871822155,0.592,0.399,0
"EID1",0,0.696166844873543,0.859,0.666,0
"VCP",0,0.441153745822468,0.683,0.491,0
"SMC6",0,0.463562353624298,0.399,0.207,0
"ME3",0,1.87589407610625,0.279,0.087,0
"SEC22C",0,0.802446232241376,0.384,0.192,0
"USP53",0,0.854642858938652,0.373,0.181,0
"CSNK1G3",0,0.46699028912868,0.428,0.236,0
"TRIM56",0,0.263845328345642,0.615,0.423,0
"SNAPC3",0,0.820813651318471,0.389,0.197,0
"RFK",0,0.845179095073652,0.392,0.2,0
"ACACB",0,2.40281547474939,0.263,0.071,0
"TMX1",0,0.441696773982771,0.474,0.282,0
"EIF2S1",0,0.45731102293238,0.518,0.326,0
"NTHL1",0,0.873264483707094,0.385,0.193,0
"IST1",0,0.256226871680091,0.519,0.327,0
"CHN2",0,1.17669064944833,0.282,0.09,0
"AC005332.9",0,1.15224426385439,0.292,0.1,0
"RAB2A",0,0.341484802912264,0.739,0.547,0
"PSMD1",0,0.449622550326332,0.538,0.347,0
"HSP90B1",0,0.735538553770972,0.891,0.7,0
"SDC3",0,1.02056989484739,0.341,0.15,0
"TFDP1",0,0.817173681427956,0.401,0.21,0
"MICAL3",0,0.869000857931219,0.335,0.144,0
"PJA2",0,0.297281359484625,0.636,0.445,0
"HSD17B4",0,0.626423327480065,0.439,0.248,0
"ACOT9",0,0.680002886580713,0.426,0.235,0
"CALCOCO1",0,0.515794309873369,0.433,0.242,0
"MLEC",0,0.886658812077356,0.642,0.451,0
"IPO5",0,0.682511878060088,0.478,0.287,0
"SPG21",0,0.416038419886626,0.513,0.322,0
"CD276",0,1.61833945525628,0.373,0.182,0
"MKNK2",0,0.398647511954505,0.481,0.29,0
"TIMM13",0,0.329163494833512,0.635,0.444,0
"CLPP",0,0.425098972861756,0.513,0.322,0
"PRKACA",0,0.517671946129589,0.49,0.299,0
"IER3IP1",0,0.437694041264237,0.55,0.36,0
"ADIPOR2",0,0.907617012551657,0.404,0.214,0
"MTF2",0,0.330537682966466,0.49,0.3,0
"VANGL1",0,1.45059869133332,0.301,0.111,0
"MMADHC",0,0.484104861021077,0.531,0.341,0
"UBE2E3",0,0.447182030369295,0.522,0.332,0
"TNS1",0,0.956823905566308,0.429,0.239,0
"DUSP22",0,0.509713287602667,0.374,0.184,0
"RB1CC1",0,0.287628015430418,0.599,0.409,0
"ASS1",0,0.620749331307085,0.374,0.184,0
"FBXO3",0,0.598298288502325,0.381,0.191,0
"C16orf45",0,0.957955961224257,0.319,0.129,0
"YTHDC2",0,0.485089953312919,0.408,0.218,0
"BTN3A3",0,0.49421457862002,0.354,0.164,0
"OSTM1",0,0.659426716922388,0.355,0.165,0
"NUDCD3",0,0.359077126732314,0.424,0.234,0
"UNC5B",0,3.11798946203525,0.288,0.098,0
"MCMBP",0,0.576568544319935,0.42,0.23,0
"DIP2B",0,0.829150158320472,0.35,0.16,0
"FOSL2",0,0.395360362951612,0.578,0.388,0
"NDUFA12",0,0.444920185747398,0.713,0.523,0
"CSDE1",0,0.492026303701287,0.803,0.614,0
"EIF4H",0,0.265083101229844,0.673,0.484,0
"UGGT1",0,0.648425059937783,0.397,0.208,0
"SOS2",0,0.54799662904632,0.394,0.205,0
"DFFA",0,0.520396100413647,0.455,0.266,0
"KIF13A",0,1.28342269153277,0.327,0.138,0
"ZNF800",0,0.308145654034849,0.438,0.249,0
"LUC7L2",0,0.443622381341465,0.491,0.302,0
"TCF7L2",0,0.516962656175286,0.433,0.244,0
"SOX12",0,1.09713288493086,0.326,0.137,0
"CALHM2",0,0.703279600344082,0.346,0.157,0
"ZNF787",0,0.610195094610931,0.413,0.224,0
"TMEM248",0,0.40921662180166,0.571,0.382,0
"NOP10",0,0.504011540763213,0.742,0.553,0
"PSMB2",0,0.330086489910326,0.667,0.479,0
"ELAVL1",0,0.356739567371859,0.538,0.35,0
"FAM214A",0,0.29527211985084,0.398,0.21,0
"ZC3H7B",0,0.569932138489517,0.4,0.212,0
"RTL6",0,1.48277491175596,0.281,0.093,0
"UTP11",0,0.672691606850963,0.443,0.255,0
"SRP72",0,0.463696014482497,0.628,0.44,0
"CCT5",0,0.314870524154425,0.648,0.46,0
"C6orf89",0,0.500828669060688,0.499,0.311,0
"LMBRD1",0,0.519865064373177,0.443,0.255,0
"ESYT2",0,0.384538550325339,0.492,0.304,0
"SPPL3",0,0.522084800339904,0.458,0.27,0
"PIAS1",0,0.426642571516938,0.478,0.29,0
"BFAR",0,0.396427674054089,0.484,0.296,0
"DOK4",0,2.07050772039202,0.262,0.074,0
"UBTF",0,0.259403320552117,0.531,0.343,0
"CSNK2A1",0,0.488692190616224,0.524,0.336,0
"GSK3B",0,0.596126494379691,0.413,0.225,0
"WIZ",0,0.957518947257053,0.344,0.156,0
"PWP1",0,0.544012748717275,0.469,0.281,0
"MRPL42",0,0.378306774807447,0.534,0.347,0
"PSMB8-AS1",0,0.286334371611292,0.336,0.149,0
"PLOD1",0,0.634189889893681,0.45,0.263,0
"XPR1",0,0.903337230200314,0.326,0.139,0
"PCGF5",0,0.576575764873816,0.452,0.265,0
"WDR11",0,0.359754930666031,0.465,0.278,0
"AKAP11",0,0.418772381805985,0.426,0.239,0
"DAAM1",0,0.554743075849251,0.447,0.26,0
"FBXO31",0,1.77590982549771,0.265,0.078,0
"HID1",0,1.94239767223376,0.254,0.067,0
"MAVS",0,0.449385374382038,0.427,0.24,0
"MIDN",0,0.356490516026847,0.644,0.457,0
"ZYG11B",0,0.769303245951289,0.414,0.227,0
"SMG7",0,0.422025299751374,0.41,0.223,0
"SNX13",0,0.708629636737819,0.413,0.226,0
"STRN3",0,0.524938431981164,0.41,0.223,0
"WIPF2",0,0.432086943000327,0.418,0.231,0
"TRIP10",0,1.06689292913065,0.355,0.168,0
"DMAC2",0,0.979553014303436,0.355,0.168,0
"MAP1LC3B",0,0.503424370090581,0.694,0.507,0
"GUK1",0,0.987856819646975,0.884,0.698,0
"SETD5",0,0.272130563307468,0.562,0.376,0
"MRFAP1",0,0.336617162054678,0.752,0.566,0
"EMC4",0,0.426224536686158,0.552,0.366,0
"TMEM242",0,0.635683568956594,0.402,0.216,0
"TMTC3",0,1.19894522653489,0.333,0.147,0
"ZNF326",0,0.465929878697189,0.48,0.294,0
"ILF2",0,0.351984574862317,0.636,0.45,0
"RAB3GAP1",0,0.42806297649479,0.451,0.265,0
"CCNC",0,0.432720920800253,0.445,0.259,0
"MSL3",0,0.305997442101741,0.423,0.237,0
"HNRNPH2",0,0.401242440703935,0.505,0.319,0
"MRRF",0,1.27219092522068,0.312,0.126,0
"PSMC5",0,0.309067705072092,0.647,0.461,0
"MEX3C",0,0.511597322797942,0.371,0.185,0
"ZNF667-AS1",0,1.01554150792159,0.352,0.166,0
"TMEM59",0,0.388617949864494,0.848,0.662,0
"BZW1",0,0.320046413943855,0.723,0.537,0
"LSM2",0,0.406811652159099,0.584,0.398,0
"CAPRIN1",0,0.332284565743904,0.568,0.382,0
"KPNB1",0,0.321642852517635,0.72,0.534,0
"TPM4",0,0.405805410767612,0.839,0.653,0
"NPAS2",0,2.4081964318146,0.25,0.065,0
"TMEM87B",0,0.664637821187614,0.386,0.201,0
"MCM3",0,0.589047017903509,0.379,0.194,0
"KRBOX4",0,1.15538297048518,0.29,0.105,0
"CNOT7",0,0.340164657784502,0.501,0.316,0
"GOLGA7",0,0.398631917191945,0.501,0.316,0
"MYC",0,0.645556070414775,0.46,0.275,0
"SHB",0,2.22976842909895,0.255,0.07,0
"PNPLA2",0,0.631804319921136,0.432,0.247,0
"BEND7",0,1.6517253632791,0.288,0.103,0
"DNM1L",0,0.305613728097104,0.485,0.3,0
"GLYR1",0,0.396940630645585,0.428,0.243,0
"C16orf52",0,0.857775956894145,0.383,0.198,0
"SUZ12",0,0.358399456135105,0.506,0.321,0
"MTM1",0,1.34002682230598,0.283,0.098,0
"STARD13",0,1.51275531863468,0.282,0.097,0
"DCTN5",0,0.459084687725556,0.412,0.227,0
"SCP2",0,0.366532035255435,0.697,0.512,0
"SRSF1",0,0.30985930046379,0.577,0.392,0
"SUMO3",0,0.262600984599637,0.569,0.384,0
"ISCA1",0,0.447231803225297,0.468,0.284,0
"PSMD11",0,0.448890067347929,0.548,0.364,0
"RXRA",0,0.436646902820274,0.398,0.214,0
"MAPKBP1",0,1.31860040200257,0.272,0.088,0
"DHX30",0,0.470970741622195,0.453,0.269,0
"MSX1",0,2.00039178893348,0.264,0.08,0
"PDS5A",0,0.320132140942262,0.516,0.332,0
"CUL5",0,0.315363258117503,0.505,0.321,0
"SMAD9",0,1.65931587364346,0.258,0.074,0
"GMPR2",0,0.427456408923431,0.423,0.239,0
"IQCK",0,1.88022771679595,0.287,0.103,0
"SLC7A5",0,1.45539996063264,0.31,0.126,0
"PVR",0,1.93447636208517,0.269,0.085,0
"EXOC4",0,0.498190896865575,0.417,0.233,0
"ADAM9",0,0.698451069971502,0.418,0.234,0
"GNG5",0,0.424144603337375,0.824,0.64,0
"YIPF4",0,0.275454345670052,0.575,0.391,0
"DCTN2",0,0.48400347154855,0.573,0.389,0
"KMT2E",0,0.309597112195864,0.791,0.608,0
"ZSWIM7",0,0.403359405205499,0.468,0.285,0
"RABAC1",0,0.375566602986405,0.809,0.626,0
"PIK3CA",0,0.611521568701421,0.392,0.209,0
"NUDT9",0,0.741970101241443,0.399,0.216,0
"PHLDB1",0,0.894970706495075,0.394,0.211,0
"VPS13D",0,0.481264552952387,0.374,0.191,0
"WLS",0,0.607605913073744,0.428,0.245,0
"DNAJB11",0,0.48343547134656,0.484,0.301,0
"PTP4A3",0,1.1712096055288,0.309,0.126,0
"TNKS1BP1",0,0.861608108625463,0.369,0.186,0
"CDC42EP2",0,1.38072629041312,0.29,0.107,0
"TNKS2",0,0.351827184922588,0.464,0.281,0
"MUM1",0,0.399398197392053,0.51,0.327,0
"PNPLA6",0,0.666397103988378,0.319,0.136,0
"SAE1",0,0.65253980065545,0.38,0.197,0
"ZDHHC8",0,0.943878337258465,0.312,0.129,0
"C21orf59",0,0.481361209967544,0.483,0.3,0
"MED28",0,0.263662399693623,0.574,0.391,0
"TMEM179B",0,0.341799773845231,0.572,0.389,0
"TM2D1",0,0.357162060824845,0.541,0.359,0
"HADHA",0,0.298292407162536,0.682,0.5,0
"ARID1B",0,0.275119855337363,0.752,0.57,0
"ELOC",0,0.39177740136347,0.664,0.482,0
"CLTA",0,0.497342520744278,0.795,0.613,0
"VPS51",0,0.319023511017577,0.536,0.354,0
"POMP",0,0.793483425617431,0.806,0.624,0
"VAMP4",0,0.658960460827842,0.33,0.148,0
"TRIQK",0,1.25961460241387,0.342,0.16,0
"SLC25A25",0,1.28969986006986,0.324,0.142,0
"PRR5L",0,0.76961636241928,0.278,0.096,0
"BECN1",0,0.505823490056162,0.402,0.22,0
"TMEM39B",0,1.17798657161585,0.304,0.122,0
"TRAK1",0,0.99768859731895,0.313,0.131,0
"MANF",0,0.475129508618415,0.59,0.408,0
"CLN8",0,0.796067809094502,0.317,0.135,0
"MBD5",0,0.387705811411941,0.408,0.226,0
"HIPK2",0,0.464427561570452,0.414,0.232,0
"UBE2K",0,0.305555959466679,0.568,0.386,0
"MTPN",0,0.411956129278419,0.697,0.515,0
"CBX5",0,0.315915026838229,0.568,0.386,0
"EIF2A",0,0.402701882478924,0.546,0.365,0
"MRPL32",0,0.374270231576562,0.559,0.378,0
"DCTN6",0,0.454853050837091,0.463,0.282,0
"LAMTOR1",0,0.293777376198616,0.683,0.502,0
"ALG5",0,0.494800757343887,0.466,0.285,0
"TOMM22",0,0.352962220803905,0.551,0.37,0
"SMIM12",0,0.525449309871015,0.406,0.225,0
"CRACR2B",0,1.27340012797526,0.277,0.096,0
"UCK2",0,1.46485688720642,0.291,0.11,0
"AP1S1",0,0.425994191766907,0.479,0.298,0
"DENND4C",0,0.470764351326013,0.363,0.182,0
"NMRK1",0,0.313204896704706,0.374,0.193,0
"TMEM9B",0,0.298356204526443,0.452,0.271,0
"BTBD10",0,0.934268702227089,0.311,0.13,0
"RBM17",0,0.253059069316336,0.616,0.435,0
"CDK10",0,0.554919788490971,0.371,0.19,0
"VEZF1",0,0.572528715753879,0.437,0.256,0
"TRPC4AP",0,0.347817359294105,0.44,0.259,0
"ARHGDIA",0,0.257891562994491,0.709,0.528,0
"JAK1",0,0.342050372348623,0.755,0.575,0
"ATG9A",0,0.818823578761083,0.332,0.152,0
"WDR36",0,0.85228931697506,0.332,0.152,0
"DIS3",0,0.56589623913568,0.403,0.223,0
"UBE2Q1",0,0.472533713260771,0.49,0.31,0
"DCTN1",0,0.583635944570335,0.451,0.271,0
"SLC25A13",0,0.799768694678985,0.352,0.172,0
"PTEN",0,0.35208193445958,0.595,0.415,0
"TOGARAM1",0,0.710972655841682,0.368,0.188,0
"PPP2R5E",0,0.344140739496865,0.508,0.328,0
"CMTM3",0,0.322715548411935,0.416,0.236,0
"SAP30BP",0,0.430485477955657,0.455,0.275,0
"ZHX3",0,1.52617171763915,0.284,0.104,0
"TPGS1",0,0.403734374618631,0.461,0.281,0
"REV1",0,0.401996704063138,0.414,0.234,0
"C16orf62",0,0.967143429977203,0.346,0.166,0
"PRDX1",0,0.438035213838109,0.854,0.674,0
"AUP1",0,0.286172979416474,0.565,0.385,0
"STRAP",0,0.30785343837539,0.573,0.393,0
"QARS",0,0.398223515379349,0.462,0.283,0
"RUFY3",0,0.53411693726929,0.464,0.285,0
"ATP5B",0,0.251109988591014,0.778,0.599,0
"SPG7",0,0.270299111022966,0.465,0.286,0
"INTS1",0,0.378171535516564,0.396,0.217,0
"TNS3",0,0.561610968380678,0.405,0.226,0
"ATP2C1",0,0.541364009148622,0.418,0.239,0
"C5orf42",0,0.633383326194112,0.375,0.196,0
"MIR222HG",0,1.07454368808961,0.368,0.189,0
"PRAG1",0,1.20375954985161,0.286,0.107,0
"CCDC82",0,0.369933996030128,0.421,0.242,0
"IMP3",0,0.309016173148447,0.515,0.336,0
"NUDT21",0,0.414281923716315,0.488,0.309,0
"AHDC1",0,0.741424575889267,0.35,0.172,0
"CMPK1",0,0.338830976719768,0.585,0.407,0
"CLPTM1L",0,0.331838552764886,0.501,0.323,0
"ECI2",0,0.333576947028391,0.515,0.337,0
"SYNJ2",0,1.3911295947082,0.306,0.128,0
"PRKDC",0,0.378816896144023,0.629,0.451,0
"KIAA0368",0,0.414741769711577,0.423,0.245,0
"PSMD13",0,0.257050415953569,0.595,0.417,0
"RHOBTB1",0,1.57751012497207,0.255,0.077,0
"GHDC",0,1.14015681550884,0.288,0.11,0
"RFXANK",0,0.345193995097417,0.477,0.299,0
"DYRK1A",0,0.31498959300211,0.408,0.23,0
"ARF1",0,0.403212940490617,0.827,0.649,0
"NDUFB10",0,0.410682756359908,0.737,0.559,0
"RNF115",0,0.349299733550954,0.533,0.356,0
"CD81",0,0.733016376706812,0.929,0.752,0
"EIF4G2",0,0.64705845555774,0.866,0.689,0
"PSMB6",0,0.416276875205325,0.672,0.495,0
"QSER1",0,0.643469698266531,0.403,0.226,0
"CHST15",0,1.12367388365147,0.326,0.149,0
"PPM1D",0,1.39053076058491,0.267,0.09,0
"FBXO11",0,0.39981966417832,0.474,0.297,0
"SLC35A5",0,1.16781437671973,0.288,0.111,0
"UBE3C",0,0.292987748550609,0.427,0.25,0
"VMA21",0,0.41260429003378,0.473,0.296,0
"KLHL9",0,0.620746041861341,0.358,0.181,0
"GOLM1",0,0.721234270804751,0.414,0.237,0
"MT1M",0,1.07272939900243,0.258,0.081,0
"EIF3I",0,0.395010399407686,0.711,0.534,0
"PSMA4",0,0.257721088162306,0.709,0.532,0
"GSPT1",0,0.324576298981904,0.577,0.4,0
"ARMCX3",0,0.300850619331539,0.554,0.378,0
"SNRPD1",0,0.29722024234698,0.667,0.491,0
"ZNF24",0,0.25219919018669,0.529,0.353,0
"AP1AR",0,0.91343717033036,0.325,0.149,0
"GAA",0,0.591507597315423,0.406,0.23,0
"SMARCA5",0,0.27097902502776,0.635,0.459,0
"TSG101",0,0.341281420658187,0.494,0.318,0
"FNDC3A",0,0.403591538210529,0.507,0.331,0
"NUTF2",0,0.459458629230639,0.514,0.338,0
"OSBPL1A",0,0.849350585814029,0.438,0.262,0
"PLXNB2",0,0.365032068300786,0.487,0.311,0
"STRN",0,0.516108694925682,0.345,0.169,0
"SRFBP1",0,0.483713258417033,0.41,0.234,0
"TMEM106B",0,0.509981397143825,0.468,0.293,0
"CCNT2",0,0.33399283285548,0.404,0.229,0
"CTSO",0,0.987761921562235,0.339,0.164,0
"SMIM10",0,1.60148906529351,0.274,0.099,0
"TRIM13",0,0.398751768260368,0.399,0.224,0
"SLC41A3",0,0.726182889760923,0.37,0.195,0
"TTC17",0,0.280802412597404,0.495,0.32,0
"TWF1",0,0.383144136095803,0.445,0.27,0
"ACTR10",0,0.434754309317014,0.516,0.341,0
"GALNT1",0,0.4256183490694,0.509,0.334,0
"TOB2",0,0.310522569430371,0.442,0.267,0
"CTBS",0,0.581187837213095,0.409,0.234,0
"MOCS2",0,0.511369228568772,0.407,0.232,0
"UBE2E1",0,0.462697538513595,0.461,0.287,0
"HSPA5",0,0.537588327397988,0.8,0.626,0
"CDYL",0,0.372066949025871,0.392,0.218,0
"AGFG1",0,0.307201780761919,0.45,0.276,0
"DNAJC13",0,0.359863873164405,0.37,0.196,0
"RTL8A",0,0.354458462254961,0.444,0.27,0
"COPB1",0,0.260450313553855,0.589,0.415,0
"SLC35B1",0,0.445709277264909,0.413,0.239,0
"INO80C",0,1.12792081084382,0.295,0.121,0
"DLGAP4",0,0.475136545691747,0.454,0.28,0
"PRPF31",0,0.408102669617133,0.483,0.309,0
"DUSP1",0,0.394179564547022,0.89,0.717,0
"UBQLN1",0,0.314977510702327,0.468,0.295,0
"INTS3",0,0.436736707179742,0.399,0.226,0
"TAF8",0,0.578753463377173,0.321,0.148,0
"TAF1",0,0.475706722154943,0.387,0.214,0
"CASP7",0,0.526231539108051,0.336,0.163,0
"MAPKAPK5-AS1",0,0.654707198683941,0.333,0.16,0
"SOCS4",0,0.503974152995883,0.329,0.156,0
"PES1",0,0.920514892995607,0.332,0.159,0
"C1orf123",0,0.405042376431809,0.491,0.318,0
"GATAD2B",0,0.370811135254789,0.41,0.237,0
"SCAMP3",0,0.484827816424625,0.359,0.186,0
"FAM174A",0,1.04037587452101,0.312,0.139,0
"TRIM27",0,0.442094341379562,0.434,0.261,0
"PDCD2",0,0.270880755563145,0.494,0.321,0
"CREB3L2",0,0.379684560623869,0.489,0.316,0
"FUBP3",0,0.817261405568388,0.359,0.186,0
"MGA",0,0.265029783967911,0.426,0.253,0
"C1QBP",0,0.433321472069078,0.631,0.458,0
"KDSR",0,0.433362902662324,0.471,0.298,0
"ZADH2",0,0.640540014505425,0.372,0.199,0
"GPR108",0,0.41075986327198,0.428,0.255,0
"SYMPK",0,0.315920644982429,0.429,0.256,0
"NOL9",0,0.726906151068776,0.344,0.171,0
"GNB2",0,0.376279644675093,0.712,0.539,0
"HNRNPH1",0,0.391330539333077,0.865,0.693,0
"GNL1",0,0.369198195227243,0.465,0.293,0
"MCTS1",0,0.276986615200407,0.53,0.358,0
"NDUFB6",0,0.274012788006439,0.557,0.385,0
"FJX1",0,1.84538879655589,0.276,0.104,0
"OSBPL8",0,0.342440672430653,0.56,0.388,0
"ARGLU1",0,0.516152989973682,0.874,0.702,0
"ITFG1",0,0.454795399448659,0.461,0.289,0
"LDLR",0,0.258291996573516,0.455,0.283,0
"ZMPSTE24",0,0.656606483067631,0.39,0.218,0
"AHCTF1",0,0.410359737317165,0.401,0.229,0
"CCNG2",0,0.506467346708866,0.394,0.222,0
"NSMCE4A",0,0.436645215396209,0.399,0.227,0
"DEXI",0,0.648594910758974,0.387,0.215,0
"MBD3",0,0.535181334893911,0.402,0.23,0
"ICMT",0,0.90524760102207,0.355,0.183,0
"MAP7D1",0,0.272272919223855,0.445,0.273,0
"ANAPC13",0,0.531358686329282,0.43,0.258,0
"SCOC",0,0.386265072695932,0.485,0.313,0
"TOPORS",0,0.411972055192061,0.443,0.271,0
"BICD2",0,0.70615297736353,0.355,0.183,0
"SSRP1",0,0.357209933560087,0.492,0.32,0
"SPRY2",0,0.725858455316726,0.293,0.121,0
"XRN2",0,0.316925351587429,0.606,0.434,0
"RAD23B",0,0.257864837266605,0.571,0.399,0
"TXNDC12",0,0.342752239394201,0.536,0.365,0
"GAB1",0,1.72208098101442,0.273,0.102,0
"GLO1",0,0.332412976856966,0.539,0.368,0
"RTL8B",0,1.4319485464754,0.274,0.103,0
"ILK",0,0.354262376510958,0.558,0.387,0
"NR1H2",0,0.346377190934258,0.455,0.284,0
"ARHGEF28",0,1.59749807865639,0.268,0.097,0
"SETD3",0,0.467556911387003,0.382,0.211,0
"KIAA2013",0,0.379972779409321,0.439,0.268,0
"AGO3",0,0.362931533878857,0.436,0.265,0
"CCDC149",0,1.78708803499221,0.25,0.079,0
"FAM114A1",0,0.270804043877319,0.476,0.305,0
"SLC30A5",0,0.705178249008548,0.359,0.188,0
"CD99L2",0,1.31158166392546,0.284,0.113,0
"TRIM8",0,0.527058952367778,0.411,0.24,0
"ZNF609",0,0.356042030841405,0.373,0.202,0
"WDR61",0,0.421506485468895,0.448,0.277,0
"BTBD1",0,0.603164965672432,0.37,0.199,0
"HMG20B",0,0.445638499116971,0.447,0.276,0
"MLLT1",0,0.726132073649887,0.365,0.194,0
"RRP7A",0,0.291560585793784,0.446,0.275,0
"LTN1",0,0.343289950231358,0.433,0.262,0
"PNKD",0,0.252299209059907,0.568,0.397,0
"VPS35",0,0.300539750320801,0.576,0.405,0
"POLR2L",0,0.538357386843374,0.794,0.624,0
"TMEM230",0,0.305198461557323,0.657,0.487,0
"MYSM1",0,0.312906968184656,0.399,0.229,0
"MICA",0,0.92811537255219,0.313,0.143,0
"NIPSNAP3A",0,0.759071494391375,0.332,0.162,0
"SMCO4",0,0.566493636501959,0.334,0.164,0
"IPO8",0,0.782590949108261,0.339,0.169,0
"VPS4A",0,0.374459418571855,0.404,0.234,0
"CRELD1",0,0.719793703936628,0.367,0.197,0
"ING3",0,0.659134989253889,0.356,0.186,0
"ZBTB44",0,0.343544307921049,0.479,0.309,0
"AMIGO2",0,0.876031005145249,0.297,0.127,0
"RNF10",0,0.301104595364348,0.497,0.327,0
"BAHD1",0,1.23337087036339,0.253,0.083,0
"SNX1",0,0.345824493745461,0.443,0.273,0
"CHTF8",0,0.696195453547545,0.363,0.193,0
"COX11",0,0.523578035889701,0.423,0.253,0
"TCF3",0,0.5448889768849,0.358,0.188,0
"SF3A1",0,0.323406082202641,0.428,0.258,0
"SFPQ",0,0.31282044678993,0.829,0.659,0
"NCOA1",0,0.372419842630581,0.458,0.289,0
"COPS8",0,0.397332809552679,0.462,0.293,0
"PSMG4",0,0.408928975380342,0.404,0.235,0
"ZCCHC24",0,0.944479892339277,0.342,0.173,0
"SMIM10L1",0,0.376071266182895,0.456,0.287,0
"NAA20",0,0.362305694089215,0.537,0.368,0
"PIKFYVE",0,0.515512801510593,0.34,0.171,0
"MED12",0,0.769296456667858,0.31,0.141,0
"SIAH1",0,0.847786923020684,0.336,0.167,0
"NAPG",0,0.568620217892316,0.394,0.225,0
"ZNF621",0,0.824835327151466,0.3,0.131,0
"QTRT2",0,0.959367587348418,0.3,0.131,0
"SMARCAD1",0,0.571062991758549,0.365,0.196,0
"TMED7",0,0.410107712118951,0.477,0.308,0
"AKAP12",0,1.42241863887952,0.429,0.26,0
"GPAT4",0,0.530128396456867,0.359,0.19,0
"UBE2N",0,0.305311441794388,0.592,0.423,0
"MED31",0,0.591456977945911,0.369,0.2,0
"NT5C3B",0,0.750201672459672,0.364,0.195,0
"EFTUD2",0,0.567609733390589,0.362,0.193,0
"PALM",0,1.64822728538598,0.288,0.119,0
"DPP9",0,0.323471521525872,0.356,0.187,0
"SUMO1",0,0.265177256140803,0.701,0.532,0
"HSBP1",0,0.294292323685857,0.717,0.548,0
"MPLKIP",0,0.371139489973182,0.527,0.359,0
"GOLGA3",0,0.324264541586363,0.459,0.291,0
"MTIF3",0,0.339775591974764,0.518,0.35,0
"TMEM94",0,1.01866850481384,0.271,0.103,0
"MDFI",0,1.33119538006641,0.261,0.093,0
"CUL4A",0,0.478489084701924,0.372,0.204,0
"C17orf67",0,0.774193285830716,0.254,0.086,0
"ADIPOR1",0,0.371223056352095,0.429,0.261,0
"ATG3",0,0.361076353395541,0.481,0.313,0
"ACAT1",0,0.633665621560259,0.432,0.264,0
"CUEDC2",0,0.368399182673996,0.508,0.34,0
"SH3PXD2A",0,0.493731384663882,0.408,0.24,0
"NCBP3",0,0.341945845010154,0.443,0.275,0
"GOLPH3",0,0.449106634866879,0.457,0.29,0
"AGGF1",0,0.374933529987697,0.406,0.239,0
"CDC26",0,0.258604686731827,0.53,0.363,0
"KMT5B",0,0.324830731364498,0.452,0.285,0
"UBL3",0,0.307494607405843,0.455,0.288,0
"ARHGAP5",0,0.294316746092837,0.511,0.344,0
"RILP",0,1.27412034322696,0.27,0.103,0
"CALR",0,0.530397537492052,0.871,0.704,0
"MEF2D",0,0.315580729430618,0.4,0.233,0
"KLHL2",0,1.09210914943021,0.261,0.094,0
"MCPH1",0,0.536230529883374,0.322,0.155,0
"ZDHHC24",0,0.389651023316149,0.374,0.207,0
"MPDU1",0,0.393258132391985,0.383,0.216,0
"NKIRAS2",0,0.785375485897067,0.335,0.168,0
"MPV17",0,0.441333832667899,0.447,0.28,0
"ZHX1",0,0.438686608120789,0.422,0.255,0
"MLLT10",0,0.395078799356645,0.407,0.24,0
"LTBR",0,0.333742933038907,0.472,0.305,0
"ESD",0,0.256568324965991,0.604,0.437,0
"ETFA",0,0.280371734380725,0.5,0.333,0
"SUPT6H",0,0.384482447620068,0.426,0.259,0
"SMAD4",0,0.379332351677761,0.424,0.257,0
"RBFA",0,0.784124960271404,0.35,0.183,0
"SENP6",0,0.253457258982091,0.573,0.406,0
"ATF2",0,0.38573351910967,0.403,0.237,0
"GTF2A2",0,0.289523652079954,0.638,0.472,0
"SEC11A",0,0.281778561626297,0.785,0.619,0
"HNRNPM",0,0.304129967429405,0.74,0.574,0
"RUSC1",0,0.814229460219726,0.317,0.151,0
"SYT11",0,0.569547945566931,0.309,0.143,0
"KLHL20",0,0.651391254480227,0.323,0.157,0
"SEC24B",0,0.702896177105738,0.307,0.141,0
"TSC2",0,0.422619719771113,0.371,0.205,0
"ZNF362",0,1.04130151561301,0.282,0.116,0
"NSL1",0,0.344803837934889,0.413,0.247,0
"HIBCH",0,0.44915750662095,0.422,0.256,0
"REPIN1",0,0.450818441174595,0.41,0.244,0
"FAM208B",0,0.353048870364859,0.425,0.259,0
"ICE2",0,0.388649535285182,0.408,0.242,0
"COPRS",0,0.431865994924493,0.479,0.313,0
"SLC50A1",0,0.437136388116822,0.404,0.239,0
"ROBO1",0,1.64610257412577,0.278,0.113,0
"TMEM65",0,0.55948020125509,0.339,0.174,0
"UBE2R2",0,0.26112084014302,0.552,0.387,0
"UBAC1",0,0.5100062686647,0.406,0.241,0
"TMEM87A",0,0.273813072523093,0.519,0.354,0
"DTD1",0,0.401289716704967,0.402,0.237,0
"POLR2E",0,0.276786177275014,0.545,0.38,0
"MCC",0,0.553898337479837,0.374,0.209,0
"C1GALT1C1",0,0.667170198752267,0.373,0.208,0
"TCTN3",0,0.551215138354522,0.39,0.225,0
"AMFR",0,0.612081600679645,0.377,0.212,0
"EMC8",0,0.561184965437957,0.384,0.219,0
"TIMMDC1",0,0.330754840739302,0.487,0.322,0
"PAPSS1",0,0.385240190334728,0.412,0.247,0
"YIPF5",0,0.252749022136658,0.489,0.324,0
"FAM114A2",0,0.893553138119501,0.295,0.13,0
"HCFC1",0,0.496196752495919,0.366,0.201,0
"MMS19",0,0.893660537335676,0.293,0.128,0
"PHC1",0,0.807489377042741,0.3,0.135,0
"CCT2",0,0.275817163193803,0.614,0.449,0
"SELENOF",0,0.306474905779501,0.688,0.523,0
"NDUFS1",0,0.34996265352045,0.465,0.301,0
"AFAP1",0,1.14512643738464,0.279,0.115,0
"ZFR",0,0.26470547308274,0.516,0.352,0
"SLC26A2",0,0.867668403258331,0.343,0.179,0
"N4BP2L1",0,0.602998280464824,0.336,0.172,0
"PEPD",0,0.373134078185921,0.464,0.3,0
"DPP4",0,0.800258092848872,0.258,0.094,0
"CLASP2",0,0.675993521408994,0.315,0.151,0
"CHIC2",0,0.383546980477993,0.383,0.219,0
"ZSWIM6",0,0.575499908007336,0.323,0.159,0
"PHF10",0,0.426532330859952,0.389,0.225,0
"AQR",0,0.392607197742983,0.374,0.21,0
"DHRS7B",0,0.942078765703022,0.324,0.16,0
"ABHD14B",0,0.295765095463585,0.418,0.254,0
"CDC123",0,0.368591207593974,0.485,0.321,0
"MED13L",0,0.388699222814828,0.482,0.318,0
"EIF3J",0,0.285581520180634,0.622,0.458,0
"ZNF580",0,0.41244320533313,0.422,0.258,0
"YWHAQ",0,0.250414235244317,0.733,0.57,0
"LARS",0,0.295354211912791,0.558,0.395,0
"CLASP1",0,0.417282569783891,0.322,0.159,0
"CRYBG1",0,0.408345428345395,0.262,0.099,0
"MFSD14B",0,0.481624424754644,0.371,0.208,0
"RAB35",0,0.530624954141112,0.312,0.149,0
"IFT43",0,0.649430593606803,0.383,0.22,0
"PIGS",0,0.672205254514685,0.324,0.161,0
"ZNF302",0,0.52352240507388,0.39,0.227,0
"SPATC1L",0,0.997838791373216,0.323,0.16,0
"GPATCH2",0,0.26606726253223,0.444,0.281,0
"PPP3R1",0,0.597932994067758,0.356,0.193,0
"PGAP1",0,0.849298035511941,0.293,0.13,0
"CBR4",0,0.695065080012927,0.349,0.186,0
"TXNDC15",0,0.335199428064589,0.472,0.309,0
"PPFIA1",0,0.515000715373294,0.425,0.262,0
"KMT5A",0,0.384333838879227,0.365,0.202,0
"IFT20",0,0.270502634642397,0.476,0.313,0
"MORF4L1",0,0.444454821410536,0.826,0.663,0
"TIMM10",0,0.295655831075366,0.466,0.304,0
"DAG1",0,0.500346036259598,0.376,0.214,0
"HS3ST1",0,0.539724742935443,0.305,0.143,0
"TULP4",0,0.316312012990422,0.387,0.225,0
"ZDHHC21",0,0.496208097121519,0.369,0.207,0
"LIN7C",0,0.577699839359706,0.386,0.224,0
"DPAGT1",0,0.795720539479056,0.33,0.168,0
"SP1",0,0.44196337574756,0.386,0.224,0
"ISYNA1",0,0.260987741428166,0.393,0.231,0
"LIMK2",0,0.666854450719517,0.319,0.157,0
"ACADM",0,0.408963092066417,0.43,0.268,0
"WFS1",0,1.36564385834323,0.347,0.185,0
"PPIP5K2",0,0.404201100287582,0.42,0.258,0
"DEAF1",0,0.704088348765117,0.345,0.183,0
"ANKRD10",0,0.311786107018971,0.495,0.333,0
"BIVM",0,0.940948988607227,0.272,0.111,0
"NDUFAB1",0,0.288850908782089,0.658,0.497,0
"KXD1",0,0.277049528733996,0.444,0.283,0
"PPA2",0,0.430561930123292,0.386,0.225,0
"RREB1",0,0.364543475887337,0.382,0.221,0
"CHM",0,0.484665925001751,0.369,0.208,0
"ATE1",0,0.65320795647543,0.327,0.166,0
"ING4",0,0.509354880357243,0.376,0.215,0
"TP53",0,0.411762848490646,0.375,0.214,0
"MAFG",0,0.487067797745859,0.391,0.23,0
"SOGA1",0,0.882035717527119,0.317,0.156,0
"GNG7",0,1.18045156145175,0.25,0.089,0
"FOXJ3",0,0.401125181084963,0.364,0.203,0
"SCAP",0,0.505159408623953,0.353,0.192,0
"TBC1D9B",0,0.368940102073735,0.43,0.269,0
"AGAP3",0,0.466009940233517,0.35,0.189,0
"MAGEH1",0,0.31877627190839,0.357,0.196,0
"TMEM223",0,0.276390014111629,0.41,0.249,0
"TSPAN31",0,0.458497998630689,0.413,0.252,0
"CHP1",0,0.389304836426046,0.407,0.246,0
"DDX52",0,0.364411805818864,0.417,0.256,0
"MED1",0,0.49641455824865,0.348,0.187,0
"ISOC2",0,0.380676260049204,0.471,0.31,0
"CHMP2A",0,0.299695227386771,0.701,0.54,0
"SMIM29",0,0.405577869045272,0.336,0.176,0
"UNC45A",0,0.354032146190135,0.403,0.243,0
"KAT7",0,0.354622302683267,0.332,0.172,0
"NIPA2",0,0.47173248282169,0.371,0.211,0
"PER1",0,0.469741046729659,0.377,0.217,0
"PACSIN2",0,0.537489224376943,0.33,0.17,0
"TXNRD1",0,0.369985775819851,0.426,0.266,0
"AC060780.1",0,0.818284826869869,0.3,0.14,0
"ADAMTS5",0,1.37004702789155,0.287,0.127,0
"COMMD1",0,0.32202409568049,0.51,0.351,0
"CMTM8",0,1.03656134655742,0.277,0.118,0
"RHOA",0,0.637409672702296,0.861,0.702,0
"MAPK8",0,0.630577951635165,0.335,0.176,0
"UTP20",0,0.936018490540292,0.28,0.121,0
"CASP2",0,0.411557520712315,0.316,0.157,0
"ETFRF1",0,0.502729888876922,0.389,0.23,0
"PDHB",0,0.264858094135451,0.488,0.329,0
"KPNA1",0,0.527385157866177,0.35,0.191,0
"NUS1",0,0.652818932084215,0.348,0.189,0
"GLRX3",0,0.267931755821487,0.491,0.332,0
"SACS",0,0.627131575232567,0.283,0.124,0
"INO80E",0,0.318868087663441,0.358,0.199,0
"RTCB",0,0.334079354804163,0.471,0.312,0
"NDUFB4",0,0.405666925403561,0.775,0.617,0
"BTN2A1",0,0.351904393010943,0.342,0.184,0
"MTDH",0,0.295834116899464,0.8,0.642,0
"SRSF9",0,0.258066455331351,0.761,0.603,0
"SDF2",0,0.255286339194448,0.51,0.352,0
"INO80D",0,0.316477506604128,0.386,0.228,0
"MRPS27",0,0.614141392544747,0.315,0.157,0
"MAPK14",0,0.326481752036441,0.366,0.208,0
"ENOSF1",0,0.451449729236949,0.366,0.208,0
"ZDHHC13",0,0.800030901041662,0.29,0.132,0
"ARIH1",0,0.266875455241469,0.474,0.316,0
"TMEM170A",0,0.311480803269515,0.409,0.251,0
"KAT2A",0,1.19058876969547,0.283,0.125,0
"HAUS1",0,0.435013284366691,0.354,0.196,0
"NFYC",0,0.316891815432292,0.394,0.237,0
"FER",0,1.01387490578828,0.277,0.12,0
"RBM22",0,0.339072811610644,0.44,0.283,0
"CPSF6",0,0.30488840988207,0.455,0.298,0
"SLC12A4",0,1.17714744417029,0.274,0.117,0
"RANBP1",0,0.317587154868672,0.65,0.493,0
"CBX6",0,0.257680762464491,0.445,0.288,0
"STX6",0,0.38185188752315,0.363,0.206,0
"FAM168B",0,0.597596135560746,0.361,0.204,0
"ANKRD26",0,0.546675855747173,0.363,0.206,0
"RNF6",0,0.542360860558322,0.319,0.162,0
"UROD",0,0.50778855813191,0.421,0.264,0
"MTR",0,0.324064445310702,0.42,0.263,0
"ARL8B",0,0.286540955277195,0.43,0.273,0
"DHX33",0,0.849740233283133,0.289,0.132,0
"HS2ST1",0,0.787122171073815,0.333,0.177,0
"RC3H1",0,0.311783627289815,0.394,0.238,0
"JAGN1",0,0.2904289476452,0.45,0.294,0
"PGGT1B",0,0.463564185939484,0.329,0.173,0
"AR",0,0.614715280150722,0.34,0.184,0
"ZBED3",0,1.17989180712689,0.253,0.097,0
"LYRM4",0,0.484335177587074,0.389,0.233,0
"MED23",0,0.620211522767246,0.317,0.161,0
"FOXK1",0,0.635387461373794,0.318,0.162,0
"CNPY4",0,0.736166641821855,0.297,0.141,0
"BBIP1",0,0.320854035211505,0.383,0.227,0
"XPOT",0,0.432120341924225,0.371,0.215,0
"TP53BP1",0,0.431028458001123,0.379,0.223,0
"TXLNA",0,0.299530297544197,0.423,0.267,0
"SH3D19",0,0.544889622125278,0.353,0.197,0
"COMMD10",0,0.522376752457454,0.358,0.202,0
"GBA2",0,0.828126947902595,0.295,0.139,0
"COA3",0,0.331124465645468,0.498,0.342,0
"CYTH3",0,1.24379357607023,0.258,0.103,0
"NDUFB2",0,0.312337730723894,0.8,0.645,0
"BMS1",0,0.435621483584512,0.394,0.239,0
"ISCU",0,0.26770522110204,0.682,0.527,0
"FAM222B",0,0.827329486073808,0.264,0.109,0
"ABCD3",0,0.754165353798153,0.319,0.164,0
"LGALSL",0,1.64583598556093,0.252,0.097,0
"LHFPL2",0,0.414698049827897,0.326,0.171,0
"RBM18",0,0.549968984811433,0.32,0.165,0
"TTLL5",0,1.1731639089062,0.256,0.101,0
"RNF2",0,1.03882199669149,0.293,0.138,0
"KIF3B",0,0.409572999720685,0.348,0.193,0
"CEBPG",0,0.344459681930334,0.344,0.189,0
"SPRED2",0,1.38549537431756,0.258,0.104,0
"GALNT7",0,0.634649247689645,0.327,0.173,0
"LATS1",0,0.351299144912287,0.334,0.18,0
"MCU",0,1.06012026053845,0.258,0.104,0
"DAPK3",0,0.767804718571966,0.328,0.174,0
"ZNF562",0,0.495035215134916,0.33,0.176,0
"SLC35A3",0,0.336753014844603,0.377,0.223,0
"CNST",0,0.491529317419868,0.3,0.146,0
"FOXN2",0,0.293354872010185,0.298,0.144,0
"SLC39A9",0,0.765414174517058,0.306,0.152,0
"CCDC32",0,0.250157630157725,0.383,0.229,0
"FEM1B",0,0.487144937318649,0.361,0.207,0
"CYB5R1",0,0.681426139751081,0.349,0.195,0
"RNF5",0,0.276131305073337,0.427,0.273,0
"ZNF704",0,0.445266246830153,0.411,0.257,0
"PSMD3",0,0.328126614848596,0.476,0.322,0
"SLC23A2",0,0.805146874764888,0.294,0.14,0
"TCEA2",0,0.360660836125716,0.42,0.266,0
"RNPEP",0,0.293327809118339,0.396,0.243,0
"XRCC5",0,0.270930330128218,0.764,0.611,0
"ZNF518B",0,0.896600314617734,0.265,0.112,0
"UBE4A",0,0.292677528041748,0.4,0.247,0
"C12orf10",0,0.32258749916681,0.458,0.305,0
"OXA1L",0,0.273828091917977,0.458,0.305,0
"RALGAPB",0,0.454651262851288,0.339,0.186,0
"TRNT1",0,0.319082057389462,0.36,0.207,0
"C3orf58",0,0.717220554305696,0.357,0.204,0
"INPP5A",0,1.36445677555601,0.251,0.098,0
"KMT2D",0,0.283805011761949,0.303,0.15,0
"RARA",0,0.584549023880664,0.294,0.141,0
"P3H4",0,0.770494411469894,0.31,0.157,0
"ZNF226",0,0.355083498991747,0.319,0.166,0
"BCL3",0,0.725264880293735,0.313,0.16,0
"P3H1",0,0.539974681902546,0.349,0.196,0
"SORT1",0,0.654887976582759,0.29,0.137,0
"UBP1",0,0.535096136206481,0.352,0.199,0
"YIPF6",0,0.378526289259769,0.427,0.274,0
"BAD",0,0.27702501614415,0.476,0.323,0
"PTGFRN",0,1.15832218653486,0.328,0.176,0
"RUVBL1",0,0.405975736618876,0.392,0.24,0
"HNRNPD",0,0.281761327648765,0.763,0.611,0
"PRRC1",0,0.451962958248957,0.396,0.244,0
"DNAJB12",0,0.413340782248789,0.405,0.253,0
"DYNLRB1",0,0.284705639146675,0.748,0.596,0
"KIAA1191",0,0.280486837345741,0.386,0.234,0
"TUSC1",0,0.768950193314401,0.305,0.153,0
"HMG20A",0,0.60202201281583,0.309,0.157,0
"ATRN",0,0.989875579474178,0.295,0.143,0
"GORASP2",0,0.363805410631846,0.431,0.279,0
"TMEM43",0,0.37680087163901,0.414,0.262,0
"ZNF518A",0,0.29493094213981,0.41,0.258,0
"ANAPC7",0,0.478544966500116,0.355,0.203,0
"ARL6IP6",0,0.376008107519758,0.337,0.186,0
"BRK1",0,0.356418560381347,0.761,0.61,0
"H2AFZ",0,0.260020746694322,0.787,0.636,0
"HARS",0,0.378904424773359,0.391,0.24,0
"CUL4B",0,0.476956939893591,0.34,0.189,0
"SELENOH",0,0.256170409494774,0.739,0.588,0
"PAN3",0,0.382960459977357,0.332,0.181,0
"TUBGCP3",0,0.54505436230722,0.275,0.124,0
"NDEL1",0,0.436791511804207,0.336,0.185,0
"MARCH2",0,0.477447350827387,0.324,0.173,0
"DGCR2",0,0.542064544700641,0.329,0.178,0
"MRPL9",0,0.343404975683017,0.428,0.277,0
"LBH",0,0.779628968064742,0.484,0.333,0
"DYNC1LI1",0,0.253737027838489,0.432,0.281,0
"TOLLIP",0,0.506963358741612,0.352,0.201,0
"KLHL42",0,0.555258863135214,0.348,0.197,0
"COPS2",0,0.255742278278225,0.484,0.333,0
"PCBP2",0,0.374547516809825,0.829,0.678,0
"CPTP",0,0.900528788415383,0.271,0.121,0
"LINC00116",0,0.333040756638958,0.445,0.295,0
"KIAA1143",0,0.276509463237426,0.403,0.253,0
"TUSC2",0,0.32435321063216,0.385,0.235,0
"HACD2",0,0.627211246330394,0.323,0.173,0
"GMDS",0,0.87490034516434,0.281,0.131,0
"NUDT4",0,0.868257230825225,0.444,0.294,0
"FTSJ3",0,0.515580314721136,0.327,0.177,0
"BAIAP2",0,1.00605282445105,0.266,0.116,0
"UBXN6",0,0.334327461853629,0.449,0.299,0
"MIRLET7BHG",0,1.07072583889728,0.268,0.118,0
"LEMD3",0,0.439353049561242,0.31,0.16,0
"EP400",0,0.309239078063432,0.36,0.21,0
"MTMR4",0,0.612612752380447,0.303,0.153,0
"AAMP",0,0.354136604152838,0.475,0.325,0
"TMX2",0,0.418988650842376,0.416,0.266,0
"VPS25",0,0.381893480092286,0.411,0.261,0
"RBM3",0,0.272846310630599,0.73,0.581,0
"HABP4",0,0.708311179188964,0.255,0.106,0
"TMEM218",0,0.667303365128098,0.322,0.173,0
"RTRAF",0,0.254868846979672,0.727,0.578,0
"NAA60",0,0.431607327149389,0.332,0.183,0
"ZNF720",0,0.357516565070349,0.337,0.188,0
"RBM12",0,0.366131337995436,0.387,0.238,0
"GBE1",0,0.694521219742986,0.301,0.152,0
"SLC25A46",0,0.663167468948876,0.305,0.156,0
"CNOT6",0,0.636586448433672,0.311,0.162,0
"DCAF10",0,0.467207886660073,0.361,0.212,0
"MED19",0,0.428160414889174,0.382,0.233,0
"SEPHS1",0,0.613506691509525,0.368,0.219,0
"DTYMK",0,0.387954862652466,0.347,0.198,0
"PTRHD1",0,0.343252953938573,0.459,0.311,0
"TMBIM1",0,0.298272560019801,0.397,0.249,0
"TMEM33",0,0.346915803303417,0.4,0.252,0
"DDX21",0,0.30209906260612,0.632,0.484,0
"NAP1L1",0,0.343881920541049,0.844,0.696,0
"NTN4",0,1.57931252868546,0.256,0.108,0
"MEX3D",0,1.09298110520933,0.264,0.116,0
"NELFB",0,0.437377449347885,0.37,0.222,0
"PANK2",0,0.306849324022243,0.361,0.213,0
"TSSC4",0,0.381825763805477,0.422,0.274,0
"HNRNPUL2",0,0.318253378222393,0.408,0.26,0
"LRRC57",0,0.682591370508841,0.285,0.137,0
"SNRNP40",0,0.296489883290323,0.384,0.237,0
"SERTAD2",0,0.451575865054448,0.325,0.178,0
"GUSB",0,0.284705580036952,0.441,0.294,0
"INSIG1",0,0.34912620254504,0.328,0.181,0
"VPS37A",0,0.547200088443892,0.334,0.187,0
"MRPL50",0,0.254767004682542,0.406,0.259,0
"GPR107",0,0.609491213049114,0.326,0.179,0
"RAI1",0,0.897804578411314,0.268,0.121,0
"NR2C2",0,0.488817294142095,0.296,0.149,0
"FAM160B2",0,0.557520258388726,0.293,0.146,0
"MRPS28",0,0.500246472307434,0.355,0.208,0
"MARF1",0,0.293456259531722,0.362,0.215,0
"GTF3C1",0,0.258466274084666,0.369,0.222,0
"SVBP",0,0.360287775323061,0.407,0.26,0
"PIAS3",0,0.82632090026753,0.268,0.122,0
"CPNE3",0,0.261068453166458,0.503,0.357,0
"ENDOV",0,0.556640992668263,0.328,0.182,0
"DENND6A",0,0.569826365112386,0.307,0.161,0
"BRAF",0,0.646601551891337,0.3,0.154,0
"MRPS2",0,0.488689232204122,0.367,0.221,0
"MTMR2",0,0.602194029549351,0.287,0.141,0
"YIF1B",0,0.627589405655972,0.308,0.162,0
"CSTF2T",0,0.5851577894931,0.285,0.139,0
"KEAP1",0,0.425905410683008,0.348,0.202,0
"AVL9",0,0.30996087793419,0.336,0.191,0
"ABCF2",0,0.460423917320229,0.325,0.18,0
"KANK1",0,1.55915400995183,0.265,0.12,0
"RPS6KB1",0,0.424070797652112,0.339,0.194,0
"KLHDC8B",0,0.711248249603706,0.304,0.159,0
"SNRNP48",0,0.520330402097412,0.311,0.166,0
"HBS1L",0,0.263000637685695,0.35,0.205,0
"API5",0,0.449512734868593,0.378,0.233,0
"TMEM132A",0,1.12618603900244,0.288,0.143,0
"CCNT1",0,0.268090621728022,0.362,0.217,0
"JKAMP",0,0.366630377694293,0.377,0.232,0
"RABEP2",0,0.510877580793284,0.286,0.141,0
"TK2",0,0.56356952390436,0.314,0.169,0
"E2F4",0,0.263109582014836,0.369,0.224,0
"UBE2G1",0,0.301628913288211,0.355,0.21,0
"PTDSS1",0,0.331796468417605,0.348,0.203,0
"STRIP1",0,0.530797183102031,0.278,0.134,0
"UNC50",0,0.275474476569849,0.427,0.283,0
"CEP135",0,0.397723526974962,0.325,0.181,0
"MAML3",0,0.998546847645169,0.252,0.108,0
"MDN1",0,0.287582161713912,0.316,0.172,0
"GPALPP1",0,0.470213823090711,0.327,0.183,0
"MZT1",0,0.306639175574858,0.341,0.197,0
"TTBK2",0,0.4883516427838,0.265,0.121,0
"MARK4",0,0.633528986191387,0.279,0.135,0
"PIGF",0,0.472592019324369,0.36,0.216,0
"ENOPH1",0,0.347006421878331,0.348,0.204,0
"PLPBP",0,0.4037860203451,0.356,0.212,0
"CUTC",0,0.382932949713877,0.285,0.141,0
"NIP7",0,0.531882921280534,0.357,0.213,0
"REXO1",0,0.324895240376337,0.3,0.156,0
"ALDH16A1",0,0.517880884167492,0.297,0.153,0
"TFPT",0,0.444246138007798,0.355,0.211,0
"SLC25A32",0,0.637992913107788,0.283,0.139,0
"C2orf74",0,0.467308303089797,0.323,0.18,0
"B3GNT2",0,0.342702038375201,0.326,0.183,0
"GNA12",0,0.602383660264542,0.325,0.182,0
"SVIL",0,0.294215674538294,0.437,0.294,0
"SLC16A7",0,0.313905654557067,0.258,0.115,0
"GOT2",0,0.513995028784269,0.337,0.194,0
"ALYREF",0,0.366920576134398,0.406,0.263,0
"DIMT1",0,0.689276980384829,0.306,0.163,0
"TPD52",0,1.12688417270435,0.306,0.163,0
"AP5M1",0,0.618866549683606,0.309,0.166,0
"SERBP1",0,0.397903153085939,0.84,0.698,0
"RPL26L1",0,0.261172822345211,0.466,0.324,0
"ARHGEF17",0,1.28029180437892,0.258,0.116,0
"CIAPIN1",0,0.456917964931652,0.32,0.178,0
"TRAPPC2B",0,0.320065017798735,0.339,0.197,0
"UBN2",0,0.655880329340766,0.349,0.207,0
"GALT",0,0.42514275502612,0.292,0.15,0
"TMEM250",0,0.539550863461281,0.287,0.145,0
"CDC16",0,0.335160773642758,0.374,0.232,0
"FBXL20",0,0.323316909443977,0.297,0.155,0
"ZC3H14",0,0.266209784953498,0.411,0.269,0
"BX284668.5",0,0.893895162562151,0.252,0.111,0
"LSG1",0,0.311163472291293,0.34,0.199,0
"STAU2",0,0.349817161516878,0.335,0.194,0
"PTPA",0,0.258294351970183,0.386,0.245,0
"ZNF84",0,0.734399552472104,0.271,0.13,0
"RPS27L",0,0.426496247247953,0.797,0.656,0
"RETREG3",0,0.310005778821201,0.329,0.188,0
"RAB12",0,0.669129117433125,0.265,0.124,0
"ZSCAN30",0,1.1428519534133,0.25,0.109,0
"NPEPL1",0,0.486217120111726,0.316,0.175,0
"POGLUT1",0,0.628784403380398,0.289,0.148,0
"CASD1",0,0.338419828166924,0.31,0.169,0
"SEC16A",0,0.261404342560374,0.357,0.216,0
"FTO",0,0.565692001090671,0.292,0.151,0
"WDR18",0,0.466509297838822,0.348,0.207,0
"NAB1",0,0.343933314135205,0.323,0.183,0
"FAM126B",0,0.264539841132881,0.329,0.189,0
"CNOT9",0,0.386576933891691,0.328,0.188,0
"BDH2",0,0.398567970291344,0.395,0.255,0
"RNF146",0,0.47648901624133,0.342,0.202,0
"VTA1",0,0.266929565486383,0.335,0.195,0
"SNX12",0,0.959459389868054,0.275,0.135,0
"ZDHHC9",0,1.09539668327016,0.278,0.138,0
"BMP1",0,0.458623229889065,0.319,0.179,0
"TMEM57",0,0.493390657636604,0.35,0.21,0
"RASSF8",0,0.738343132328717,0.296,0.156,0
"WTIP",0,0.593056089303361,0.297,0.157,0
"PLEKHA3",0,0.310918566126177,0.429,0.29,0
"SAP30L",0,0.535384042249667,0.317,0.178,0
"FBXL4",0,0.774200506558285,0.264,0.125,0
"ERLIN1",0,0.982763369446425,0.271,0.132,0
"AARS",0,0.417415493186147,0.332,0.193,0
"DEF8",0,0.414653461595923,0.334,0.195,0
"MBTD1",0,0.564673233822094,0.263,0.124,0
"PIK3C3",0,0.401200183872594,0.313,0.174,0
"SGTA",0,0.438194320331906,0.33,0.191,0
"RAB3D",0,0.723442785421801,0.25,0.111,0
"CIC",0,0.460905088192841,0.317,0.178,0
"MEGF8",0,1.015434631078,0.26,0.121,0
"MTHFD2L",0,0.569229669066698,0.303,0.164,0
"ARFIP1",0,0.502691449365079,0.352,0.213,0
"RLIM",0,0.447443768451401,0.36,0.221,0
"JMJD8",0,0.61068991735724,0.344,0.205,0
"SPNS1",0,0.298196434377603,0.366,0.227,0
"DHRS4L2",0,0.344858294975223,0.409,0.27,0
"SLC35F6",0,0.535139615022853,0.324,0.186,0
"IFRD2",0,0.523690543709695,0.334,0.196,0
"ANAPC10",0,0.38484984580984,0.312,0.174,0
"BET1",0,0.380995840202022,0.381,0.243,0
"STK38L",0,0.464099894630372,0.317,0.179,0
"SCYL2",0,0.429713199873941,0.322,0.184,0
"SNX7",0,0.946764416707376,0.282,0.144,0
"DCAF8",0,0.459607257346426,0.355,0.217,0
"IL1R1",0,0.265896860754652,0.359,0.221,0
"UBA3",0,0.276791745710585,0.353,0.215,0
"MOSPD2",0,0.593352634741962,0.282,0.144,0
"TAZ",0,0.456939091930319,0.283,0.145,0
"GATC",0,0.519723711909914,0.287,0.149,0
"CERK",0,0.279515273020513,0.297,0.159,0
"GYPC",0,0.577235310278506,0.603,0.465,0
"RARS",0,0.327518440872429,0.404,0.267,0
"WBP1L",0,0.538015945977372,0.324,0.187,0
"ZCCHC14",0,0.955961354099967,0.266,0.129,0
"GALK1",0,0.430376384522666,0.336,0.199,0
"SNU13",0,0.26953175389711,0.752,0.615,0
"ZFP91",0,0.425885762613878,0.35,0.213,0
"ZMYM4",0,0.334554810799188,0.401,0.265,0
"HTRA2",0,0.391931103971364,0.333,0.197,0
"GTF3C3",0,0.326811195198926,0.308,0.172,0
"SWI5",0,0.377755489827593,0.375,0.239,0
"LZTS2",0,0.467690520918627,0.318,0.182,0
"TDRD3",0,0.304955736269484,0.314,0.178,0
"ABHD13",0,0.448787918971707,0.272,0.136,0
"SDR39U1",0,0.433181628477332,0.315,0.179,0
"CBY1",0,0.577655052203349,0.334,0.198,0
"CCDC28B",0,0.464439427629124,0.283,0.147,0
"ARMC1",0,0.34380914571738,0.369,0.233,0
"RNF141",0,0.678055692137414,0.291,0.155,0
"KIAA1217",0,0.549346295095691,0.296,0.16,0
"NR2C1",0,0.68680867910294,0.29,0.154,0
"ILVBL",0,0.515986353569071,0.344,0.208,0
"HDHD5",0,0.607829429005407,0.287,0.151,0
"TMEM11",0,0.373808797072117,0.343,0.208,0
"TEX261",0,0.611542029565317,0.313,0.178,0
"ITGAV",0,0.266286273192339,0.43,0.295,0
"FAF2",0,0.260311727504491,0.387,0.252,0
"SPRYD7",0,0.54054146304361,0.275,0.14,0
"JDP2",0,0.616997769834245,0.323,0.188,0
"TXNRD2",0,0.818339676235543,0.275,0.14,0
"IFT27",0,0.449193365823217,0.335,0.2,0
"NSUN2",0,0.463338953171225,0.293,0.158,0
"LINC01184",0,0.639288509910693,0.3,0.165,0
"METTL3",0,0.388549397830572,0.289,0.154,0
"RPA1",0,0.269127275534538,0.351,0.216,0
"ZNF43",0,0.51857085819672,0.286,0.151,0
"EXOC2",0,0.49102300042445,0.251,0.117,0
"MPP1",0,0.293891151030052,0.255,0.121,0
"KIF13B",0,0.365806486210122,0.271,0.137,0
"STT3A",0,0.303154778142211,0.397,0.263,0
"MINDY3",0,0.605300484153022,0.26,0.126,0
"DERA",0,0.493748007533773,0.319,0.185,0
"DYNLL1",0,0.564023307272286,0.887,0.753,0
"OSGEP",0,0.302990587921531,0.375,0.241,0
"ZNF598",0,0.500982352676344,0.259,0.125,0
"PSME3",0,0.262028385136998,0.325,0.191,0
"SPPL2B",0,0.300147245618897,0.32,0.186,0
"DDX17",0,0.600394192716334,0.921,0.787,0
"ARMC8",0,0.259904515737959,0.359,0.225,0
"SAMD8",0,0.474710873962886,0.304,0.17,0
"RMDN3",0,0.573593579198186,0.283,0.149,0
"PRR14",0,0.335988374214965,0.293,0.159,0
"RNF138",0,0.338072888798834,0.292,0.158,0
"SLC39A7",0,0.352240698846851,0.414,0.28,0
"SLC35F5",0,0.488248206213634,0.339,0.206,0
"ZNF664",0,0.323095614633581,0.337,0.204,0
"DNAJC16",0,0.593862600983424,0.271,0.138,0
"ACVR1",0,0.95373133186062,0.259,0.126,0
"FKBP7",0,0.306890331048037,0.322,0.189,0
"TMEM115",0,0.695878926179903,0.335,0.202,0
"KIF1BP",0,0.528335588714027,0.314,0.181,0
"MGAT2",0,0.264646393666647,0.336,0.203,0
"ATG2B",0,0.628261981394833,0.26,0.127,0
"TMEM189",0,0.4151741590292,0.319,0.186,0
"COLGALT1",0,0.547305878219952,0.373,0.24,0
"UBE2W",0,0.275669876605507,0.355,0.222,0
"C12orf76",0,0.594779903218987,0.288,0.155,0
"PTPN23",0,0.644503170255048,0.279,0.147,0
"RRM2B",0,0.749638684056156,0.277,0.145,0
"MRAS",0,1.21370964595801,0.259,0.127,0
"METAP1",0,0.275085887194444,0.305,0.173,0
"AIG1",0,0.405067688682493,0.406,0.274,0
"AFMID",0,1.12218386345827,0.25,0.118,0
"ZNF407",0,0.310464434825451,0.257,0.125,0
"NUP54",0,0.282337525707032,0.365,0.233,0
"TPRA1",0,0.578823073098445,0.275,0.144,0
"C9orf85",0,0.376679662763412,0.274,0.143,0
"ARPIN",0,0.665287904096466,0.274,0.143,0
"COX5B",0,0.34207937767023,0.86,0.729,0
"PIGG",0,0.495664235487666,0.271,0.14,0
"NNT",0,0.303521001390589,0.315,0.184,0
"PRAF2",0,0.344204409286464,0.329,0.198,0
"ITM2B",0,0.574280965321577,0.955,0.824,0
"SCO1",0,0.370179487909929,0.332,0.201,0
"TAF13",0,0.52032108392991,0.299,0.168,0
"EFHC1",0,0.75907535156782,0.301,0.17,0
"VAMP7",0,0.515480248591711,0.289,0.158,0
"MED24",0,0.387729876428423,0.284,0.153,0
"ZZZ3",0,0.451810709191343,0.338,0.208,0
"BAP1",0,0.452837678662964,0.273,0.143,0
"SLC35A1",0,0.718123429402631,0.276,0.146,0
"WDR77",0,0.342025332243509,0.314,0.184,0
"GMNN",0,0.893725052252476,0.263,0.133,0
"MAP3K7",0,0.382205344571978,0.313,0.183,0
"ZFAND1",0,0.363894867007658,0.377,0.247,0
"CARNMT1",0,0.565533877661101,0.261,0.131,0
"BMI1",0,0.426143640816341,0.303,0.173,0
"XPNPEP1",0,0.343443238525789,0.326,0.196,0
"MRPL45",0,0.667810083438303,0.309,0.179,0
"NME1",0,0.321247729471939,0.488,0.358,0
"SUMO2",0,0.350743515436201,0.885,0.755,0
"TP53I3",0,0.340952458174112,0.344,0.214,0
"MAML1",0,0.472471318165065,0.287,0.157,0
"C11orf74",0,0.701521869732649,0.296,0.166,0
"ZNF426",0,0.523089644428954,0.294,0.164,0
"ELOA",0,0.358949087345655,0.326,0.197,0
"MSANTD3",0,0.485009433972191,0.269,0.14,0
"VIM",0,0.507110712753862,0.988,0.859,0
"ZNF37A",0,0.315056029493015,0.39,0.261,0
"FRA10AC1",0,0.285861354142142,0.388,0.259,0
"ULK1",0,0.577805207785218,0.26,0.131,0
"UTP14C",0,0.702608756592794,0.259,0.13,0
"LEO1",0,0.260306635616357,0.321,0.192,0
"APH1B",0,0.562601925352262,0.252,0.123,0
"VPS54",0,0.463232589538614,0.285,0.156,0
"USF3",0,0.309077496960652,0.286,0.157,0
"FAM234A",0,0.420676870064293,0.344,0.215,0
"YRDC",0,0.515643976240956,0.278,0.15,0
"RPE",0,0.35714701595303,0.333,0.205,0
"RXRB",0,0.562387587134078,0.277,0.149,0
"ZNF384",0,0.492379926129811,0.28,0.152,0
"UBFD1",0,0.401643722680752,0.338,0.21,0
"SRPRB",0,0.328892469455293,0.386,0.258,0
"RNF217",0,1.05411097039499,0.262,0.134,0
"GALNT11",0,0.288298782623407,0.367,0.239,0
"WASHC2A",0,0.253411970387547,0.313,0.185,0
"RPP30",0,0.295746150332593,0.364,0.236,0
"AKAP1",0,0.668157337130755,0.251,0.123,0
"TCTEX1D2",0,0.516697042194612,0.283,0.155,0
"DHX32",0,0.670077122007659,0.287,0.159,0
"MINK1",0,0.402346841670396,0.297,0.169,0
"TM9SF4",0,0.420157950704416,0.347,0.219,0
"TPRG1L",0,0.64588391797829,0.271,0.144,0
"DHX40",0,0.344114342383446,0.331,0.204,0
"DDI2",0,0.479013052790096,0.3,0.173,0
"BIN3",0,0.533659884940052,0.26,0.133,0
"SGSM2",0,0.364802144946935,0.251,0.124,0
"NAGLU",0,0.598006486034024,0.303,0.176,0
"PLEKHH3",0,0.815370052165912,0.265,0.138,0
"CCDC43",0,0.40613531564791,0.302,0.175,0
"HMGCR",0,0.506840108317119,0.289,0.162,0
"TUBB2A",0,0.768571812268504,0.288,0.161,0
"RMDN1",0,0.332380883679197,0.347,0.22,0
"HDAC8",0,0.555868138084684,0.268,0.142,0
"HYOU1",0,0.276443986664669,0.33,0.204,0
"ZRANB1",0,0.338542546734489,0.332,0.206,0
"GALK2",0,0.462194589477667,0.272,0.146,0
"CTIF",0,0.731308892430743,0.268,0.142,0
"HNRNPK",0,0.342047463845209,0.861,0.735,0
"ERCC6L2",0,0.301510344827651,0.312,0.186,0
"SET",0,0.288974900511475,0.824,0.698,0
"C10orf10",0,1.45987005259754,0.262,0.136,0
"EIF2B2",0,0.368954206750786,0.309,0.183,0
"GSKIP",0,0.454650197028164,0.261,0.135,0
"SREBF2",0,0.281315689036146,0.303,0.177,0
"FBXO28",0,0.481140099532216,0.292,0.166,0
"CDKN2AIPNL",0,0.396985007429691,0.292,0.166,0
"ST6GALNAC4",0,0.544666113875135,0.288,0.162,0
"ZNF264",0,0.377374650097328,0.289,0.163,0
"CLDN11",0,0.404757322775594,0.277,0.152,0
"LTV1",0,0.332907185855332,0.331,0.206,0
"FHL1",0,0.542166788222625,0.273,0.148,0
"DDHD2",0,0.429996736225005,0.276,0.151,0
"CS",0,0.365961238633056,0.336,0.211,0
"SUPT7L",0,0.25366399059072,0.31,0.185,0
"NFIX",0,0.277253722255541,0.423,0.298,0
"MCCC2",0,0.449272517233902,0.289,0.164,0
"ERLIN2",0,0.629891486256203,0.294,0.169,0
"FBXO8",0,0.382135591025443,0.265,0.141,0
"ERCC4",0,0.681411055352931,0.266,0.142,0
"NFU1",0,0.250172788040546,0.368,0.244,0
"VARS",0,0.550107783707536,0.312,0.188,0
"STYX",0,0.368126492109015,0.257,0.133,0
"FAM98B",0,0.276504367533872,0.298,0.174,0
"INTS14",0,0.604680310890499,0.252,0.128,0
"TOMM70",0,0.263835182295051,0.348,0.224,0
"TRAPPC8",0,0.479583052076834,0.283,0.159,0
"C2orf76",0,0.561848475051243,0.268,0.145,0
"SNX18",0,0.376786178125535,0.337,0.214,0
"APOOL",0,0.62640323956096,0.279,0.156,0
"FADS3",0,0.825911758200311,0.281,0.158,0
"SNX19",0,0.453640617599036,0.274,0.151,0
"PSMA6",0,0.263933980850556,0.277,0.154,0
"ZNF444",0,0.507818983752951,0.277,0.154,0
"CRYZL1",0,0.307020415844361,0.333,0.21,0
"DSTYK",0,0.267108757421013,0.313,0.19,0
"KLF11",0,0.596554088284023,0.253,0.13,0
"SLC30A9",0,0.291712775742913,0.322,0.199,0
"TMEM70",0,0.711777423794596,0.402,0.279,0
"RBM12B",0,0.262905500152755,0.316,0.193,0
"FXN",0,0.610568176673255,0.256,0.133,0
"MED21",0,0.263090038987502,0.366,0.243,0
"WSB2",0,0.346719502185666,0.326,0.203,0
"TIMM22",0,0.402556438910012,0.3,0.177,0
"METTL4",0,0.266622215150831,0.252,0.129,0
"YWHAB",0,0.454595506497676,0.866,0.743,0
"FBXO25",0,0.467165830147774,0.288,0.165,0
"ARL13B",0,0.601417125269927,0.281,0.159,0
"TBC1D23",0,0.362299270707949,0.328,0.206,0
"DCUN1D4",0,0.825683797475685,0.265,0.143,0
"CDC42",0,0.39755695120956,0.864,0.742,0
"HNRNPA3",0,0.254345730370619,0.871,0.749,0
"RAD54L2",0,0.356187197553905,0.257,0.135,0
"SNX4",0,0.636252938002864,0.305,0.183,0
"LETM1",0,0.34024652915867,0.301,0.179,0
"SLC35B4",0,0.659707906674224,0.252,0.13,0
"IMPAD1",0,0.263686199139851,0.403,0.281,0
"FAM160A2",0,0.439480739327468,0.252,0.13,0
"AP3M1",0,0.265651001944965,0.294,0.172,0
"MAU2",0,0.3151198704056,0.295,0.173,0
"TM7SF3",0,0.285073760412347,0.353,0.231,0
"CCAR2",0,0.32810812389006,0.259,0.138,0
"HYI",0,0.522238307407524,0.355,0.234,0
"SDCCAG3",0,0.406206031396722,0.288,0.167,0
"EIF2D",0,0.380660210369195,0.324,0.204,0
"GGCX",0,0.388204158149833,0.343,0.223,0
"DGKD",0,0.412038338292456,0.263,0.143,0
"PAPD7",0,0.451105499559971,0.264,0.144,0
"UQCC1",0,0.546093246972726,0.261,0.141,0
"EMC1",0,0.599734608906002,0.306,0.186,0
"FAM20B",0,0.448309663441089,0.296,0.176,0
"UBE3B",0,0.46311119442476,0.259,0.139,0
"SLC39A3",0,0.332872907659736,0.316,0.196,0
"KIRREL1",0,0.776153935286902,0.263,0.144,0
"STK3",0,0.399717263536162,0.342,0.223,0
"PRPF19",0,0.348906233358714,0.329,0.21,0
"ACER3",0,0.44564583724016,0.276,0.157,0
"KDM3A",0,0.366987069660708,0.294,0.175,0
"LANCL1",0,0.669647325949119,0.254,0.135,0
"TP53TG1",0,0.455311343330384,0.304,0.185,0
"PCCA",0,0.56342062803734,0.257,0.138,0
"NYNRIN",0,0.788261502094256,0.25,0.131,0
"PRCC",0,0.276166625840988,0.335,0.217,0
"MLH3",0,0.257769862406351,0.324,0.206,0
"PTPN9",0,0.378036591822393,0.266,0.148,0
"POMGNT1",0,0.486674023347767,0.295,0.177,0
"WDR48",0,0.353425820138114,0.302,0.184,0
"SRD5A3",0,0.641235961707313,0.258,0.14,0
"TAF6",0,0.326209071493107,0.301,0.183,0
"RBM41",0,0.599281369334856,0.252,0.134,0
"IMPACT",0,0.549802170494225,0.302,0.184,0
"CDKN2C",0,0.301843516315694,0.285,0.167,0
"C1orf27",0,0.384419810391695,0.321,0.204,0
"SMYD2",0,0.643099980202522,0.263,0.146,0
"ZBED5",0,0.266325210063276,0.325,0.208,0
"ZNF121",0,0.533583006035707,0.271,0.154,0
"ZNF254",0,0.451529371896317,0.279,0.162,0
"HEATR1",0,0.250752203651274,0.294,0.177,0
"MYL12A",0,0.259276785358359,0.906,0.789,0
"TNPO2",0,0.413312528825719,0.29,0.173,0
"MAP1S",0,0.277190176011481,0.303,0.186,0
"NTPCR",0,0.385039322842147,0.35,0.233,0
"ZNF322",0,0.509058685862367,0.333,0.217,0
"AGPS",0,0.459221696704867,0.312,0.196,0
"NDUFAF4",0,0.383603677641511,0.307,0.191,0
"POLR2M",0,0.435997630827454,0.284,0.168,0
"NBEAL1",0,0.305705096664402,0.399,0.284,0
"CDKN1A",0,0.414443272133355,0.402,0.287,0
"EYA3",0,0.250414237300554,0.258,0.143,0
"SYNC",0,0.34066671125897,0.265,0.15,0
"GPX7",0,0.414586321560331,0.279,0.164,0
"VKORC1L1",0,0.335045666183471,0.335,0.22,0
"FAM122B",0,0.312311954238534,0.281,0.166,0
"XPO7",0,0.326634371031421,0.267,0.152,0
"RRM1",0,0.367430706143289,0.265,0.15,0
"EID2",0,0.374651894452262,0.261,0.146,0
"EDEM2",0,0.371935477088862,0.292,0.177,0
"MRPS30",0,0.253713713750953,0.334,0.22,0
"DIAPH2",0,0.28227930919286,0.32,0.206,0
"ECD",0,0.336019647736727,0.257,0.143,0
"RBM15B",0,0.299362933410096,0.316,0.202,0
"MFN2",0,0.359502148848224,0.268,0.155,0
"MSH2",0,0.408651884548196,0.27,0.157,0
"RSPRY1",0,0.322013661878525,0.323,0.21,0
"ZFP36",0,0.450262627956331,0.805,0.693,0
"AIMP2",0,0.725598251390523,0.259,0.147,0
"ELAC2",0,0.290851815190339,0.271,0.159,0
"MANBAL",0,0.469800002955431,0.33,0.218,0
"RPRD1B",0,0.341186444044162,0.256,0.144,0
"HMGCL",0,0.32826692013788,0.315,0.203,0
"MAP4K3",0,0.458202780963665,0.292,0.18,0
"DTNBP1",0,0.316683822283787,0.284,0.172,0
"PIGK",0,0.55570318539867,0.288,0.177,0
"HCG11",0,0.587364993415022,0.25,0.139,0
"GNPDA2",0,0.455731723336863,0.252,0.142,0
"C12orf49",0,0.334362284048348,0.262,0.152,0
"DNAJC17",0,0.323916327948726,0.267,0.157,0
"EIF3J-AS1",0,0.275643088447304,0.274,0.164,0
"UBE4B",0,0.329125570969865,0.287,0.177,0
"EVI5",0,0.49809587691255,0.313,0.203,0
"CLCC1",0,0.481054325471246,0.285,0.175,0
"GLMP",0,0.396407916339386,0.29,0.18,0
"AGO1",0,0.295633554857997,0.272,0.163,0
"PFN2",0,0.420473358134771,0.339,0.23,0
"ARSD",0,0.313171332640241,0.322,0.213,0
"TMEM199",0,0.296185211824358,0.25,0.141,0
"ALDH1A1",0,0.594312808058219,0.299,0.19,0
"MAPKAPK5",0,0.250395638110767,0.283,0.174,0
"ACOX1",0,0.522617404971299,0.295,0.186,0
"ZNF3",0,0.335243988440459,0.261,0.153,0
"SEC23IP",0,0.259888979732611,0.318,0.21,0
"SUCLA2",0,0.274800953674993,0.329,0.221,0
"KDELC2",0,0.286586884183798,0.29,0.182,0
"SPOPL",0,0.331895624703845,0.255,0.148,0
"ZNF680",0,0.308827916409147,0.267,0.16,0
"MTMR3",0,0.272144812895337,0.262,0.155,0
"FAM92A",0,0.416758078643149,0.291,0.184,0
"TMEM260",0,0.410164727855674,0.261,0.155,0
"TIAM1",0,0.864661892136995,0.257,0.151,0
"HLA-E",0,0.851349773882027,0.961,0.855,0
"TMED1",0,0.294603269661321,0.356,0.25,0
"XIST",0,0.480201337725217,0.93,0.825,0
"NAA25",0,0.290517075671671,0.279,0.174,0
"B3GALT6",0,0.368188636765125,0.271,0.166,0
"MKRN2",0,0.437466706150965,0.259,0.154,0
"UMPS",0,0.400165624642719,0.272,0.167,0
"MORC4",0,0.544497091616243,0.255,0.15,0
"RNF103",0,0.26774638321592,0.284,0.179,0
"SOCS5",0,0.46712890325269,0.261,0.157,0
"COPS7B",0,0.306821051736178,0.271,0.167,0
"DGCR8",0,0.25310106600513,0.255,0.151,0
"GNPNAT1",0,0.42758401318028,0.282,0.179,0
"MYL12B",0,0.598046137977226,0.901,0.798,0
"RHOT1",0,0.454796718141265,0.273,0.171,0
"NF2",0,0.44840054818813,0.254,0.152,0
"UBA5",0,0.264298977628995,0.287,0.185,0
"ACP2",0,0.310767773043732,0.257,0.156,0
"ZNF12",0,0.323827345007508,0.285,0.184,0
"SIPA1L2",0,0.997211788133104,0.259,0.159,0
"INTS8",0,0.402342365879169,0.255,0.155,0
"SRP14",0,0.782618413427222,0.927,0.828,0
"SUMF1",0,0.398791212691942,0.263,0.164,0
"RNF170",0,0.330739678769728,0.287,0.188,0
"LRRC75A",0,0.282494140427638,0.284,0.185,0
"LYPLAL1",0,0.269905980690902,0.27,0.172,0
"MAN1A1",0,0.373117120034237,0.286,0.188,0
"TST",0,0.592393157692405,0.287,0.189,0
"CALM1",0,0.939799769047764,0.936,0.839,0
"JPT2",0,0.309143653243919,0.272,0.175,0
"CEP104",0,0.365545492849376,0.257,0.16,0
"RNF14",0,0.312710593564585,0.251,0.154,0
"SPIDR",0,0.25850911698414,0.26,0.163,0
"CCDC34",0,0.302790108767402,0.255,0.158,0
"GRWD1",0,0.25336826272706,0.256,0.159,0
"ACO1",0,0.279949541970668,0.288,0.191,0
"HSBP1L1",0,0.387449778956747,0.26,0.164,0
"QTRT1",0,0.298324400968422,0.329,0.233,0
"MIR99AHG",0,0.468905124033325,0.32,0.224,0
"FHL3",0,0.341847585977904,0.272,0.177,0
"PDRG1",0,0.294805920624953,0.271,0.177,0
"C6orf203",0,0.417263149195503,0.264,0.17,0
"TRUB2",0,0.255341265531591,0.264,0.17,0
"AVEN",0,0.300785194430208,0.259,0.165,0
"GNAS",0,0.783022352662043,0.958,0.864,0
"CLEC11A",0,0.379086146813441,0.381,0.288,0
"IGF1R",0,0.366954020147742,0.31,0.217,0
"LRRC47",0,0.251014355038079,0.281,0.19,0
"FASTKD2",0,0.268427489794572,0.273,0.183,0
"MRPS17",0,0.296322777683598,0.252,0.162,0
"PPIA",0,0.332702245614279,0.914,0.825,0
"NR1D2",0,0.506615511399301,0.26,0.171,0
"SESN3",0,0.523206974224867,0.362,0.274,0
"B4GALT7",0,0.255772483602834,0.281,0.194,0
"MTHFD1",0,0.257248799836275,0.261,0.174,0
"CES2",0,0.27515228826882,0.251,0.164,0
"ZNF618",0,0.273803136080442,0.282,0.195,0
"NFKBIL1",0,0.264863532724497,0.264,0.182,0
"TXNIP",0,0.712056569204321,0.794,0.713,0
"ZMAT3",0,0.439254316229096,0.268,0.192,0
"HMGB1",0,0.34342874187869,0.949,0.876,0
"HLA-C",0,0.360436756356073,0.964,0.896,0
"HLA-B",0,0.382457324459572,0.978,0.917,0
"MYL6",0,0.270651392426217,0.948,0.888,0
"RPS28",0,0.392512433600514,0.985,0.932,0
"PTMA",0,0.312314541185438,0.981,0.957,0
"TMSB10",0,0.416627712875524,0.986,0.964,0
"TMSB4X",0,0.259081245276,0.995,0.98,0
"FABP5",3.50900385629678e-26,0.613463591061932,0.226,0.336,7.83244750764004e-22
"SERTAD3",6.66133814775094e-16,0.277991015432232,0.293,0.213,1.48687728795949e-11
"CLU",5.92355053896654e-11,0.313009822540328,0.446,0.37,1.32219571580272e-06
"SAT1",3.2347702294544e-10,0.514184549654606,0.857,0.763,7.22033062916516e-06
"FAM213A",2.87596475523344e-08,0.345838073573984,0.281,0.225,0.000641944093015656
