"","p_val","avg_log2FC","pct.1","pct.2","p_val_adj"
"RBP1",0,1.54525539401707,0.766,0.328,0
"KRT19",0,2.65897126189467,0.638,0.201,0
"S100A13",0,2.25129876131358,0.762,0.346,0
"EPCAM",0,3.757781292681,0.479,0.077,0
"MYL9",0,0.54459742860624,0.722,0.329,0
"CLDN3",0,3.91579127695451,0.46,0.076,0
"MAL2",0,3.88028594041819,0.424,0.045,0
"BEX3",0,1.14800533297088,0.735,0.358,0
"CLU",0,2.72011482710737,0.654,0.277,0
"KRT8",0,3.67663043533617,0.516,0.139,0
"EMP2",0,1.41770906240959,0.669,0.294,0
"S100A16",0,1.651318256715,0.632,0.259,0
"KRT7",0,3.90180706715899,0.431,0.061,0
"ELF3",0,4.15763085601713,0.437,0.069,0
"SPINT2",0,2.75923935275106,0.601,0.234,0
"PBX1",0,1.41922720991847,0.622,0.256,0
"NR2F2",0,0.795992454767118,0.679,0.315,0
"MARCKSL1",0,0.611397321722743,0.746,0.382,0
"TCEAL9",0,1.1118558838826,0.701,0.341,0
"MDK",0,1.27941271092028,0.686,0.329,0
"DSP",0,3.68988979693617,0.422,0.066,0
"YBX3",0,0.960252634961484,0.798,0.443,0
"LAPTM4B",0,2.03037181603499,0.618,0.263,0
"CD24",0,3.43279089857516,0.435,0.082,0
"PTPRF",0,2.66909286317381,0.476,0.125,0
"OBSL1",0,1.5378104307189,0.565,0.214,0
"CLDN4",0,3.77522640103818,0.442,0.091,0
"KRT18",0,3.58732670222163,0.54,0.191,0
"EPHX1",0,1.45410869525631,0.613,0.264,0
"CNN3",0,0.831009662123123,0.649,0.302,0
"PPP1R16A",0,2.43606711218234,0.481,0.135,0
"SOX4",0,1.36415708939623,0.684,0.343,0
"PGRMC1",0,1.57013313995972,0.669,0.33,0
"PAWR",0,1.1550594316699,0.602,0.264,0
"CLDN7",0,3.37975608775141,0.399,0.063,0
"DMKN",0,2.27867973965511,0.458,0.123,0
"SELENOP",0,1.25667558570173,0.651,0.318,0
"DDR1",0,3.19219241151784,0.4,0.067,0
"SLPI",0,3.86653442096514,0.45,0.118,0
"TSC22D1",0,0.935180630529421,0.689,0.357,0
"S100A1",0,4.15291233329732,0.377,0.046,0
"RARRES2",0,0.410104869224634,0.628,0.297,0
"TPM1",0,0.386404347382115,0.694,0.363,0
"NUPR1",0,1.17177213284051,0.666,0.336,0
"LMNA",0,0.528543579534465,0.786,0.457,0
"MUC1",0,3.74804544300217,0.437,0.11,0
"EMX2",0,3.29370791812218,0.394,0.067,0
"NR2F6",0,2.35307049870972,0.483,0.156,0
"MEIS1",0,2.87307907311711,0.427,0.101,0
"APP",0,0.496312804979325,0.716,0.39,0
"NCKAP1",0,1.57723257462075,0.557,0.232,0
"DHCR24",0,2.40001601604535,0.459,0.134,0
"IGFBP2",0,1.22593592312259,0.697,0.373,0
"CTTN",0,1.33102774457678,0.587,0.263,0
"KIAA1522",0,2.55065079186729,0.427,0.106,0
"TCEAL4",0,0.568135995887073,0.72,0.399,0
"IFITM3",0,0.760367548325313,0.89,0.571,0
"RAB13",0,1.09031341386959,0.659,0.34,0
"CYB5A",0,1.50531552851162,0.661,0.342,0
"PAX8",0,3.57206269394536,0.362,0.044,0
"ASS1",0,2.73535950371423,0.428,0.111,0
"YAP1",0,1.7436143168859,0.512,0.195,0
"LSR",0,2.58364661657479,0.406,0.092,0
"BNIP3",0,1.90943267251384,0.587,0.273,0
"LGALS3BP",0,0.752728247498316,0.715,0.402,0
"SLC40A1",0,1.95514134664562,0.556,0.244,0
"NFIX",0,1.38568289813086,0.535,0.224,0
"MSLN",0,4.01417720265157,0.357,0.046,0
"DSG2",0,2.47611354811271,0.426,0.115,0
"SDC4",0,2.9300371132912,0.433,0.124,0
"C19orf33",0,3.44559779884509,0.352,0.043,0
"ABHD11",0,2.58132633455697,0.406,0.098,0
"CKB",0,1.76660222331771,0.459,0.151,0
"BCAM",0,2.4533211547043,0.45,0.144,0
"SCNN1A",0,3.67154352717707,0.334,0.028,0
"DSTN",0,0.529565571592689,0.822,0.516,0
"FOLR1",0,4.03535867117881,0.336,0.031,0
"CRABP2",0,2.81328599783317,0.413,0.11,0
"CP",0,4.08548720283558,0.338,0.036,0
"PERP",0,2.42575855733064,0.396,0.094,0
"TSHZ2",0,1.27721889850122,0.512,0.21,0
"CITED4",0,1.81928175094699,0.435,0.133,0
"ZNF704",0,1.39189940302717,0.488,0.186,0
"SERPING1",0,0.827836358949967,0.632,0.33,0
"CXADR",0,3.72003275777854,0.334,0.033,0
"IMPDH2",0,1.09993462801196,0.636,0.335,0
"MAP3K13",0,1.73699527726296,0.574,0.274,0
"SERPINH1",0,0.532495568467713,0.645,0.346,0
"ZNF503",0,2.17763115213396,0.446,0.148,0
"KRTCAP3",0,3.49627011006783,0.326,0.028,0
"PCBD1",0,1.63803875435457,0.589,0.291,0
"CDH1",0,3.55866579683192,0.331,0.034,0
"MYL6B",0,1.50622917566327,0.583,0.287,0
"ITGB8",0,3.47400499950235,0.357,0.062,0
"LCN2",0,3.99666721426877,0.334,0.04,0
"C1orf186",0,3.92412828258716,0.336,0.043,0
"HOOK2",0,1.75791052607824,0.46,0.167,0
"EGR1",0,1.05216048682734,0.768,0.476,0
"C8orf33",0,1.43614174336992,0.538,0.246,0
"CCDC6",0,1.68348685552792,0.518,0.226,0
"PRSS8",0,4.02979731890664,0.314,0.022,0
"SSBP3",0,1.01458472694421,0.581,0.29,0
"NFIA",0,1.01029402214834,0.566,0.275,0
"FKBP4",0,1.40411491023212,0.523,0.233,0
"QPRT",0,2.03122819999185,0.471,0.181,0
"FAM213A",0,1.96176637664362,0.443,0.154,0
"KLK7",0,4.04648808296306,0.322,0.033,0
"TM7SF2",0,2.32219596036204,0.367,0.078,0
"TNNT1",0,3.5836323920154,0.318,0.03,0
"SPINT1",0,3.01844292698328,0.354,0.066,0
"PHGDH",0,1.88850939913458,0.442,0.155,0
"PTK2",0,1.52824765996653,0.493,0.206,0
"FAM210B",0,1.15484596728196,0.551,0.264,0
"PRKCI",0,2.26732540192852,0.464,0.178,0
"PEG10",0,1.55850228003253,0.443,0.157,0
"TM4SF1",0,1.25072467451387,0.491,0.206,0
"GCSH",0,1.31115071348236,0.543,0.258,0
"WFDC2",0,3.86630548050788,0.511,0.226,0
"ATN1",0,1.32244738838136,0.565,0.281,0
"S100A14",0,3.67605340619767,0.314,0.031,0
"ABLIM1",0,0.608960999712726,0.564,0.281,0
"SLC39A4",0,2.2546428979123,0.426,0.144,0
"JUP",0,2.12094182349049,0.4,0.118,0
"LAMA5",0,2.38340331608958,0.377,0.095,0
"MUC16",0,3.97429955915918,0.315,0.033,0
"RAB25",0,3.80508193649005,0.301,0.019,0
"ERBB3",0,3.62011442413689,0.306,0.024,0
"BICD1",0,1.50054262446632,0.489,0.208,0
"PRDX2",0,1.00027305382859,0.796,0.515,0
"AP1M2",0,3.80847279111053,0.301,0.02,0
"FXYD3",0,3.65064381463108,0.309,0.028,0
"ATP1B1",0,1.39986014742292,0.521,0.241,0
"CD9",0,2.05098042195604,0.543,0.263,0
"ESRP1",0,4.04781718275448,0.298,0.019,0
"PPFIBP1",0,0.92149233976722,0.559,0.281,0
"CTBP2",0,1.25285480169302,0.531,0.254,0
"MFGE8",0,1.30045263857322,0.536,0.259,0
"ADIRF",0,0.689076105943615,0.474,0.197,0
"TMEM9",0,1.27053796324977,0.507,0.231,0
"POR",0,1.32915137531246,0.543,0.267,0
"NFIB",0,1.10348638281468,0.494,0.218,0
"TACSTD2",0,3.47403063822784,0.365,0.09,0
"SNHG19",0,1.639796827858,0.44,0.165,0
"ENAH",0,0.979515988605651,0.532,0.258,0
"ALDH7A1",0,1.22574326401345,0.49,0.216,0
"EHF",0,4.40072472139921,0.293,0.019,0
"ST14",0,2.18296664831715,0.353,0.08,0
"PATJ",0,1.59468244080465,0.354,0.083,0
"FHL2",0,0.913925706385976,0.544,0.274,0
"VEGFA",0,1.55261735620263,0.455,0.185,0
"CEBPD",0,0.572832647974341,0.738,0.468,0
"ARPC1A",0,1.05975681513775,0.598,0.329,0
"PTMS",0,0.63974213336195,0.846,0.579,0
"SLC34A2",0,3.60249263668512,0.312,0.045,0
"FLNB",0,1.42848812609973,0.455,0.189,0
"SOX17",0,2.71358043873441,0.324,0.058,0
"H1F0",0,1.71254300600864,0.439,0.173,0
"TSPAN3",0,1.19510587520623,0.602,0.336,0
"RND3",0,1.98140266080635,0.44,0.175,0
"C6orf132",0,3.69224830816721,0.3,0.035,0
"IFI27",0,1.1014885558426,0.757,0.492,0
"SH3YL1",0,1.40774110133916,0.462,0.198,0
"CTNNAL1",0,1.3084324372102,0.504,0.24,0
"GAS6",0,1.06545080234863,0.571,0.307,0
"COL18A1",0,0.336319399583364,0.579,0.315,0
"TATDN1",0,1.17433845396069,0.51,0.247,0
"MLF1",0,1.66423974140219,0.418,0.156,0
"TRIP6",0,1.23619841589852,0.503,0.241,0
"CDK16",0,1.49484022732457,0.445,0.183,0
"KIAA1217",0,2.31996614864323,0.361,0.099,0
"MLF2",0,1.13367438261208,0.643,0.381,0
"AHCY",0,1.53154423580633,0.465,0.203,0
"ISYNA1",0,1.55665440604317,0.433,0.171,0
"EI24",0,1.16214270261919,0.548,0.287,0
"IGF2BP2",0,3.49267602160976,0.311,0.05,0
"ID4",0,1.55413484143884,0.419,0.158,0
"HSPB1",0,1.61417719888665,0.851,0.59,0
"PDZK1IP1",0,3.71870806739446,0.287,0.026,0
"MORF4L2",0,0.560395371725135,0.706,0.445,0
"SELENBP1",0,1.85062992855119,0.392,0.132,0
"REXO2",0,0.821008030669706,0.635,0.375,0
"CHI3L1",0,3.3958365264431,0.305,0.046,0
"MPZL2",0,2.36843338246051,0.312,0.053,0
"CYR61",0,0.935711093384392,0.511,0.253,0
"CYC1",0,1.32682219531861,0.64,0.382,0
"ACSM3",0,1.52104736676424,0.413,0.155,0
"LAMC1",0,0.589810994783342,0.53,0.273,0
"FAM162A",0,0.973870670886278,0.629,0.372,0
"PARD6B",0,3.03585405491248,0.291,0.034,0
"TRIM28",0,0.829745908424488,0.628,0.371,0
"TMEM41A",0,1.59431154497267,0.395,0.139,0
"CRIP2",0,1.59198328913165,0.437,0.181,0
"LTBR",0,1.31233057471208,0.502,0.247,0
"KLK8",0,3.81003011397516,0.274,0.019,0
"EFNA1",0,2.27055116585317,0.325,0.071,0
"HSF1",0,0.941866512800207,0.509,0.255,0
"HDLBP",0,0.843349234247837,0.696,0.442,0
"LTBP3",0,0.834120396912598,0.574,0.32,0
"POLD2",0,1.17145360005103,0.473,0.22,0
"RTL8A",0,1.21865643953594,0.466,0.213,0
"CETN2",0,1.29779133966078,0.495,0.242,0
"KCNK15",0,3.52939510408925,0.293,0.04,0
"FBL",0,0.792293728875076,0.647,0.394,0
"GLO1",0,1.12003759851368,0.564,0.311,0
"NDRG1",0,1.48136706126779,0.556,0.304,0
"CAMTA1",0,1.15013470063438,0.615,0.363,0
"IGFBP5",0,0.888598791772254,0.508,0.256,0
"APLP2",0,0.677943051775673,0.746,0.494,0
"SINHCAF",0,1.37382859524777,0.503,0.251,0
"SMIM14",0,1.08813969933569,0.521,0.27,0
"CFB",0,3.38400776603828,0.305,0.054,0
"STARD10",0,2.05259452900946,0.357,0.106,0
"SLC25A29",0,1.76305786582439,0.358,0.107,0
"NFIC",0,0.728564569218412,0.633,0.382,0
"EPS8L1",0,2.55836874229051,0.302,0.051,0
"ARHGAP5",0,0.884581893884875,0.537,0.287,0
"CYHR1",0,1.20927750653934,0.516,0.266,0
"TJP1",0,1.02610313647274,0.46,0.21,0
"LINC00665",0,1.92285929792233,0.346,0.096,0
"HDGF",0,1.18860346223452,0.59,0.34,0
"TCEA3",0,2.08430308513437,0.343,0.094,0
"ADI1",0,0.860100016450073,0.593,0.344,0
"FAM83H",0,3.29538809511594,0.278,0.03,0
"SMIM22",0,3.89863975045196,0.271,0.023,0
"LAPTM4A",0,0.444730529784559,0.785,0.537,0
"MXI1",0,1.02767511236314,0.451,0.203,0
"C6orf48",0,0.735902912411247,0.694,0.446,0
"POLR2H",0,1.09954974539555,0.549,0.302,0
"TPD52L1",0,2.49013275633788,0.312,0.065,0
"SVIL",0,1.00196191241375,0.485,0.238,0
"AFDN",0,1.31858701250529,0.417,0.17,0
"PHB2",0,0.832424839308568,0.696,0.449,0
"HIST3H2A",0,1.38279804135885,0.38,0.134,0
"ARHGEF12",0,0.915758785261791,0.504,0.258,0
"PARD3",0,1.65286696962086,0.372,0.126,0
"RCN1",0,0.488495509690603,0.576,0.33,0
"PKP3",0,3.63849780244921,0.265,0.02,0
"AC007906.2",0,4.17066898059134,0.27,0.025,0
"AHCYL1",0,0.955439224041559,0.593,0.348,0
"CFAP36",0,1.11270662707719,0.491,0.246,0
"PTGR1",0,1.52226827340744,0.426,0.181,0
"PTOV1",0,0.876007258248409,0.521,0.276,0
"MRPL21",0,1.03469946097982,0.564,0.319,0
"MRPS26",0,0.903680328407796,0.571,0.326,0
"PAICS",0,1.2035873008177,0.45,0.206,0
"ANXA3",0,3.11456037137739,0.294,0.05,0
"CAMLG",0,0.706351768855019,0.636,0.392,0
"PPP1R9A",0,2.22777250791961,0.303,0.059,0
"SCRIB",0,1.61547447275206,0.355,0.111,0
"PLTP",0,0.720777719222612,0.513,0.269,0
"NDUFB9",0,1.22622316769004,0.667,0.424,0
"TSPAN6",0,1.57054641755711,0.394,0.151,0
"MAGEF1",0,1.55923783477705,0.422,0.179,0
"RBBP7",0,0.748704827151537,0.607,0.364,0
"CDKN1C",0,1.41016370993293,0.446,0.203,0
"KDELR1",0,0.669801702452453,0.692,0.449,0
"TUBB",0,0.544941466929398,0.81,0.568,0
"CTNND1",0,0.975860278116392,0.529,0.287,0
"PRDX6",0,0.988010509617431,0.788,0.546,0
"RBM47",0,1.49982208116967,0.356,0.114,0
"DDAH2",0,0.762445611127815,0.602,0.36,0
"BACE2",0,2.2110658615972,0.377,0.135,0
"MTCH1",0,0.715737062334876,0.68,0.439,0
"VWA1",0,1.16396889841998,0.359,0.118,0
"TMEM205",0,1.2632500357466,0.564,0.323,0
"APEX1",0,0.689035345275514,0.654,0.414,0
"KLF5",0,3.18053282500807,0.28,0.04,0
"STXBP6",0,3.13755548826705,0.275,0.035,0
"LRPPRC",0,0.937274195903361,0.5,0.26,0
"C9orf3",0,1.15086943416557,0.479,0.239,0
"AAMDC",0,1.20668262795571,0.48,0.24,0
"VGLL4",0,0.683739065139321,0.573,0.333,0
"SMS",0,0.841268545744516,0.578,0.338,0
"CGN",0,3.84149673019999,0.26,0.021,0
"LAMB3",0,3.64791221840268,0.274,0.035,0
"CHPF",0,0.873483779658576,0.452,0.213,0
"AK4",0,2.34629128916348,0.312,0.073,0
"IFT57",0,0.938139033358642,0.5,0.261,0
"GGCT",0,1.24047502006561,0.508,0.269,0
"UBE2H",0,1.1567918667159,0.586,0.347,0
"ECHDC2",0,0.664939439861338,0.46,0.222,0
"MECOM",0,2.42200279889583,0.289,0.051,0
"TMEM14C",0,0.75008619832067,0.686,0.449,0
"RAB34",0,0.822931745899702,0.532,0.295,0
"WWC1",0,3.14643793639066,0.278,0.041,0
"IGF1R",0,1.33586476868274,0.398,0.161,0
"KLK10",0,3.56600287928884,0.271,0.034,0
"FNBP1L",0,1.58797390401341,0.377,0.14,0
"TLE1",0,1.36556272706555,0.396,0.16,0
"VTCN1",0,3.86163279960632,0.255,0.019,0
"SEZ6L2",0,1.81642860255896,0.346,0.11,0
"RSL1D1",0,0.67818192325062,0.698,0.462,0
"ARHGAP29",0,1.26152570815849,0.37,0.135,0
"FZD3",0,1.72131133473799,0.344,0.109,0
"NPC2",0,0.555736573433729,0.763,0.528,0
"RDX",0,1.2355499053929,0.642,0.408,0
"MYO6",0,1.33385816235833,0.384,0.15,0
"BEX2",0,1.59613491902519,0.331,0.097,0
"HSPD1",0,0.878558454883289,0.813,0.579,0
"C2orf88",0,3.67881906804066,0.273,0.04,0
"UQCC3",0,1.16847393198634,0.462,0.229,0
"PABPC4",0,0.656233665172323,0.635,0.402,0
"MTA3",0,1.09557975492192,0.41,0.177,0
"CTNNA1",0,0.803311858585514,0.602,0.369,0
"NRBP2",0,1.99098560721833,0.353,0.12,0
"POLR2I",0,0.773547987417208,0.638,0.405,0
"DDB1",0,0.844243903562622,0.567,0.334,0
"PHLDA3",0,1.6015412209103,0.378,0.146,0
"SLC44A4",0,3.20113850479023,0.265,0.033,0
"BCAT1",0,2.00115029132895,0.444,0.212,0
"AAMP",0,0.780660528183327,0.504,0.272,0
"TFDP2",0,0.687321686442008,0.51,0.278,0
"PRDX4",0,0.546972009696526,0.628,0.396,0
"PEBP1",0,0.837471759323666,0.825,0.593,0
"PSMB5",0,0.927839226965148,0.616,0.384,0
"TNFRSF12A",0,1.23495386446831,0.413,0.181,0
"MSH6",0,0.945383310858657,0.437,0.206,0
"LYPD1",0,3.91635211560766,0.256,0.025,0
"SORT1",0,2.05389894240733,0.316,0.085,0
"CYSTM1",0,1.27231154360247,0.495,0.264,0
"MEST",0,1.65408489526296,0.331,0.101,0
"MATN2",0,0.918698571824991,0.437,0.207,0
"PRAME",0,3.54737164237226,0.26,0.03,0
"CD55",0,0.472137911457967,0.582,0.352,0
"PTPN14",0,1.44128534812751,0.391,0.162,0
"TNNI3",0,3.60708538414913,0.252,0.023,0
"MFSD3",0,2.05080238888688,0.3,0.071,0
"CD151",0,0.719687396735847,0.622,0.393,0
"ST5",0,1.16078350507038,0.426,0.197,0
"WDR45B",0,1.05076645378429,0.491,0.262,0
"CEBPB",0,0.567625474421055,0.744,0.515,0
"NENF",0,0.623256037589618,0.638,0.41,0
"PPA1",0,1.16013300352335,0.687,0.459,0
"IFT22",0,1.5436859967722,0.39,0.162,0
"ERBB2",0,2.03086255567554,0.327,0.099,0
"DEFB1",0,3.53412934807157,0.267,0.039,0
"WASL",0,0.965868896386404,0.472,0.244,0
"C8orf82",0,1.14383437059779,0.409,0.181,0
"SLC2A1",0,1.88761570529472,0.33,0.103,0
"CDK4",0,0.856503867238297,0.511,0.284,0
"GID8",0,1.07430992636709,0.464,0.237,0
"LRRC41",0,1.18734774837396,0.461,0.234,0
"DAG1",0,1.45507819570113,0.39,0.163,0
"IRF2BPL",0,0.95725730320768,0.454,0.227,0
"PCYOX1",0,0.777892396146996,0.475,0.248,0
"GTF2I",0,0.869225185802016,0.764,0.537,0
"WDR13",0,0.781189097172565,0.481,0.254,0
"GPAA1",0,1.06290430054715,0.499,0.272,0
"PAFAH1B2",0,0.903251198377109,0.496,0.269,0
"GLRX5",0,0.955104663562298,0.609,0.382,0
"RBM38",0,1.00341791186377,0.412,0.185,0
"CD59",0,0.352390088643365,0.65,0.424,0
"IDH1",0,0.947267246981366,0.434,0.208,0
"SHROOM3",0,3.38296262346235,0.258,0.032,0
"HOMER2",0,3.04926914673691,0.264,0.038,0
"PNKD",0,0.791882671233868,0.573,0.347,0
"PLXNB1",0,2.19019046590375,0.31,0.084,0
"ASRGL1",0,3.01049152037799,0.282,0.056,0
"FBXO21",0,0.988273603132844,0.485,0.259,0
"SLC9A3R2",0,0.70542029470459,0.419,0.193,0
"CDC42EP4",0,1.5280738045785,0.361,0.135,0
"YIPF2",0,1.20032630572317,0.423,0.197,0
"TOP1MT",0,1.71687409936852,0.317,0.092,0
"HILPDA",0,2.50148028008691,0.35,0.125,0
"RTN3",0,0.949812518864541,0.594,0.369,0
"CTSF",0,0.729961528427976,0.471,0.246,0
"VCL",0,0.765012643821414,0.501,0.276,0
"OAT",0,0.914119734328074,0.484,0.259,0
"TIMM13",0,0.927376310660121,0.62,0.395,0
"YWHAE",0,0.746617059231064,0.804,0.58,0
"DAPL1",0,3.48792522178916,0.28,0.056,0
"NORAD",0,0.505160564785872,0.674,0.45,0
"ARMC10",0,1.02590307931511,0.444,0.22,0
"DNAJC19",0,0.917318509036648,0.58,0.356,0
"PLA2G12A",0,1.23332972603049,0.425,0.201,0
"CCNG1",0,0.957387897841351,0.488,0.264,0
"ERGIC3",0,0.794076933158937,0.601,0.377,0
"NECTIN2",0,0.838200545105346,0.495,0.271,0
"FXR1",0,0.659469979889468,0.67,0.447,0
"COA4",0,1.00016692975715,0.556,0.333,0
"C19orf48",0,1.0849393725738,0.403,0.18,0
"KIF1B",0,0.884850686663054,0.437,0.214,0
"TMC4",0,3.29954993877246,0.25,0.027,0
"NAXE",0,1.07639364126031,0.477,0.254,0
"FBXO32",0,2.03019723154736,0.353,0.13,0
"HSBP1",0,0.702916719429722,0.722,0.499,0
"EIF4H",0,0.65953116166534,0.658,0.436,0
"SLC25A23",0,1.66502704740362,0.329,0.107,0
"RNF150",0,2.04665646286726,0.316,0.094,0
"GSTM3",0,0.856048231777753,0.473,0.251,0
"EIF4B",0,0.64661671950443,0.77,0.548,0
"NME4",0,0.842077102620414,0.496,0.274,0
"NDUFV1",0,0.812624324582423,0.555,0.334,0
"ECHS1",0,0.996719931100489,0.644,0.423,0
"EBPL",0,0.716433658126811,0.538,0.317,0
"TSEN34",0,0.791581405132721,0.504,0.283,0
"RBFOX2",0,0.829844856562042,0.462,0.241,0
"ERRFI1",0,1.60607111801931,0.366,0.145,0
"ANKRD65",0,2.47277544919082,0.295,0.074,0
"MPZL1",0,0.871273674527917,0.469,0.248,0
"MCFD2",0,0.696457065462923,0.521,0.301,0
"TMEM245",0,0.760465625685217,0.456,0.236,0
"ACTN1",0,0.650093785143715,0.54,0.32,0
"GMPR",0,1.6550523014075,0.364,0.144,0
"NHP2",0,0.839270952029541,0.616,0.396,0
"TKT",0,0.518434750628996,0.681,0.462,0
"MMP7",0,3.63917934098342,0.267,0.048,0
"BTF3L4",0,0.675243142546898,0.591,0.372,0
"PRKCSH",0,0.777347378597442,0.597,0.378,0
"MIF",0,1.06129024842464,0.727,0.508,0
"ARF4",0,0.663260744337722,0.666,0.448,0
"SLC25A4",0,1.4432716991123,0.403,0.185,0
"MTX2",0,1.04219990521174,0.447,0.229,0
"TCEA2",0,0.988635093688394,0.435,0.217,0
"PCDH7",0,2.16413294110402,0.297,0.079,0
"SCOC",0,0.978237545406365,0.483,0.265,0
"F11R",0,1.46285071757801,0.335,0.118,0
"ABI2",0,0.699736465303739,0.504,0.287,0
"BEX4",0,0.810773256345044,0.51,0.293,0
"GRINA",0,0.853806050616175,0.499,0.282,0
"CFL2",0,1.11225316568308,0.442,0.225,0
"RAD23B",0,0.709478544794548,0.568,0.351,0
"TPM4",0,0.698138016458131,0.823,0.606,0
"RERE",0,0.758589093558455,0.499,0.283,0
"MORN2",0,1.34717574130001,0.397,0.181,0
"VEGFB",0,0.813379591339471,0.539,0.323,0
"MSRB2",0,0.830263610723863,0.504,0.288,0
"DSC2",0,2.95901548771903,0.261,0.045,0
"EXOSC4",0,1.38189459101513,0.359,0.143,0
"GPRC5C",0,1.78321018439082,0.311,0.095,0
"ZNF593",0,0.950418978995207,0.475,0.259,0
"TNKS1BP1",0,1.63785654319355,0.355,0.139,0
"PRDX5",0,1.06277494146595,0.808,0.593,0
"CXXC5",0,1.33957450183844,0.401,0.186,0
"TUSC3",0,1.09376929411256,0.403,0.188,0
"APOA1",0,2.24487329205259,0.333,0.118,0
"FARP1",0,1.19119365568944,0.399,0.184,0
"CRYAB",0,2.75954572006611,0.375,0.16,0
"ADAMTS1",0,1.02147428623363,0.425,0.21,0
"AGRN",0,1.46602949575227,0.349,0.134,0
"BANF1",0,0.751797833939442,0.709,0.494,0
"GSTP1",0,1.32668702911118,0.893,0.678,0
"ECI1",0,1.01348056006799,0.486,0.271,0
"GALNT3",0,1.39848205761865,0.276,0.062,0
"MRPL15",0,1.16563903735681,0.457,0.243,0
"MROH1",0,1.34704998727903,0.333,0.119,0
"SLC7A8",0,1.50442569623394,0.322,0.108,0
"HACD3",0,0.652483727143518,0.516,0.302,0
"MRPL4",0,0.685534795014762,0.519,0.305,0
"DFFA",0,0.825708519518462,0.434,0.22,0
"MGAT4B",0,1.09989792511669,0.443,0.229,0
"SH2D4A",0,2.01411992146115,0.3,0.086,0
"PLPP2",0,2.87793386548875,0.25,0.036,0
"SNRPE",0,0.757189823994183,0.711,0.497,0
"HEBP2",0,0.908040710749647,0.587,0.373,0
"MAF1",0,0.758606011386167,0.582,0.368,0
"CCT2",0,0.677726512940996,0.616,0.402,0
"RCN2",0,0.641125132395238,0.591,0.377,0
"TMEM238",0,1.46330089254188,0.35,0.136,0
"FAM136A",0,0.887413778322947,0.458,0.245,0
"EPB41L4A-AS1",0,0.939603035914898,0.522,0.309,0
"ZKSCAN1",0,0.590712640819443,0.55,0.337,0
"RHPN1",0,2.2262967607811,0.256,0.043,0
"GIPC1",0,1.03018437550568,0.454,0.241,0
"ZNF664",0,1.06861169269165,0.369,0.156,0
"AZIN1",0,0.844637524636871,0.484,0.271,0
"MRPL12",0,1.21327026813559,0.469,0.256,0
"ZSCAN18",0,0.899726053955916,0.413,0.2,0
"LINC00969",0,1.03122040891987,0.54,0.328,0
"SND1",0,0.795730943893632,0.519,0.307,0
"UBA1",0,0.833100546194997,0.553,0.341,0
"WT1",0,2.10771997076532,0.329,0.117,0
"BEND7",0,2.36738116445031,0.269,0.057,0
"HSBP1L1",0,1.5194033260658,0.326,0.114,0
"ATL2",0,1.16525308110406,0.354,0.142,0
"TMEM98",0,0.687450551688704,0.443,0.231,0
"COX20",0,0.677807959622252,0.615,0.403,0
"PUF60",0,1.02498535770002,0.603,0.391,0
"SHTN1",0,1.09850087217665,0.352,0.14,0
"LSM4",0,0.892625473025315,0.577,0.365,0
"RHBDD2",0,0.754305846925073,0.384,0.173,0
"RTL8C",0,0.640218491577049,0.507,0.296,0
"JPT2",0,1.25608858652092,0.336,0.125,0
"PDCD5",0,0.787665993736593,0.66,0.449,0
"GNG12",0,0.907810275682365,0.43,0.219,0
"HS6ST1",0,1.61556262425133,0.312,0.101,0
"CACUL1",0,0.726318682740132,0.435,0.224,0
"MTA1",0,0.809156432272767,0.419,0.208,0
"COX7A2L",0,0.599007696523352,0.719,0.508,0
"EIF4G1",0,0.962732274059966,0.582,0.371,0
"FMR1",0,0.605024849398509,0.47,0.259,0
"TUBB4B",0,0.54075968765199,0.689,0.478,0
"SYPL1",0,0.603367946962762,0.557,0.347,0
"LEPROT",0,0.36220426424999,0.644,0.434,0
"CCT4",0,0.487257249763039,0.672,0.462,0
"SHARPIN",0,0.812854322094532,0.463,0.253,0
"KLHL24",0,0.719511730357078,0.444,0.234,0
"RAB5B",0,0.880971884798743,0.424,0.214,0
"VDAC2",0,0.714044903204304,0.711,0.501,0
"TUBA1C",0,0.790038930494938,0.553,0.344,0
"AK2",0,0.923848490153835,0.495,0.286,0
"EBNA1BP2",0,0.986411622454406,0.451,0.242,0
"SCD5",0,1.13790970572173,0.387,0.178,0
"MRPL32",0,0.599162156388076,0.542,0.333,0
"SPIN1",0,0.814029900178674,0.455,0.246,0
"BHLHE41",0,1.81254609410706,0.327,0.118,0
"PON2",0,0.891022995527409,0.432,0.223,0
"ARSD",0,0.989170753628674,0.374,0.165,0
"DKC1",0,0.789446329659869,0.443,0.234,0
"SCYL1",0,0.790106123303514,0.433,0.224,0
"BACE1",0,1.33521125897,0.368,0.159,0
"ACP1",0,0.800139655632697,0.599,0.39,0
"CLNS1A",0,0.651023457894071,0.583,0.374,0
"TCF7L2",0,1.00747243859467,0.408,0.199,0
"PPP2R1A",0,0.677286797362089,0.579,0.37,0
"ATP5O",0,0.70567206880535,0.765,0.556,0
"MAP3K20",0,0.784828773912255,0.449,0.241,0
"RPL7L1",0,0.458762166644368,0.631,0.423,0
"ESR1",0,2.47970132794286,0.264,0.056,0
"PDHA1",0,0.830433761220693,0.467,0.259,0
"PTS",0,1.1383764720859,0.426,0.218,0
"CCT3",0,0.701038713172174,0.703,0.495,0
"SDHC",0,0.69967178934159,0.564,0.356,0
"LARP1",0,0.571509437775412,0.585,0.377,0
"AIFM1",0,1.46019735732067,0.346,0.138,0
"BAD",0,0.853937541848125,0.484,0.276,0
"APH1A",0,0.716972482528246,0.536,0.329,0
"REPIN1",0,0.930396733048269,0.405,0.198,0
"EIF2S3",0,0.497569437818548,0.667,0.46,0
"PRPF6",0,0.67081038187542,0.52,0.313,0
"LRP6",0,1.37399015411673,0.356,0.149,0
"ZC3H14",0,0.70458574812644,0.429,0.222,0
"YWHAQ",0,0.45946840212643,0.732,0.525,0
"CALU",0,0.284119092633994,0.578,0.371,0
"LARS",0,0.450236002146452,0.555,0.349,0
"TFRC",0,0.401496633573702,0.444,0.238,0
"KIAA1191",0,0.913322118382836,0.394,0.188,0
"ARHGEF35",0,2.12561038867452,0.261,0.055,0
"FGFR1",0,0.741734814459814,0.457,0.251,0
"RFXANK",0,0.929335734763119,0.46,0.254,0
"LGR4",0,1.90438094445969,0.3,0.094,0
"C10orf10",0,1.99368935872692,0.295,0.089,0
"SSPN",0,0.829547410842011,0.426,0.22,0
"TTC3",0,0.278147515107049,0.739,0.533,0
"CLTA",0,0.5551989336222,0.773,0.568,0
"TOR1AIP2",0,0.651388760747324,0.51,0.305,0
"BOD1",0,0.902169193286232,0.453,0.248,0
"CCNB1IP1",0,0.859479134113009,0.429,0.224,0
"AFG3L2",0,0.777030891649006,0.43,0.225,0
"STMN1",0,0.259998215509706,0.567,0.362,0
"DPY30",0,0.779920784922074,0.563,0.358,0
"SLC25A39",0,0.822672019806785,0.472,0.267,0
"ALKBH7",0,0.645037149865678,0.596,0.391,0
"YIPF3",0,0.650764226230845,0.551,0.347,0
"EIF3H",0,0.693661939713148,0.792,0.588,0
"OLA1",0,0.891013450549903,0.492,0.288,0
"IP6K2",0,0.489013196187691,0.513,0.309,0
"PFN2",0,1.13316970838701,0.387,0.183,0
"BUD23",0,0.73326797849691,0.536,0.332,0
"FMC1",0,0.848692199152039,0.452,0.248,0
"MAGED1",0,0.810824577016969,0.458,0.254,0
"ADGRG1",0,0.364046570614417,0.313,0.109,0
"PRELID3B",0,1.03744481576981,0.401,0.197,0
"TOMM40",0,0.715093480207559,0.439,0.235,0
"MGST2",0,0.892226643233991,0.433,0.229,0
"TWF1",0,0.791228520316984,0.43,0.226,0
"MCRIP2",0,1.08394508407179,0.375,0.171,0
"TRAP1",0,1.05706318060108,0.374,0.17,0
"ST13",0,0.772354783653302,0.773,0.57,0
"CEBPZOS",0,0.652024301939107,0.454,0.251,0
"GNL3",0,0.6647709916541,0.499,0.296,0
"PTK7",0,0.829594629868496,0.393,0.19,0
"HSD17B12",0,0.634579435609214,0.498,0.295,0
"PDZD8",0,0.939079414999077,0.383,0.18,0
"MT1F",0,1.17110875019709,0.337,0.134,0
"CSE1L",0,0.958357534460158,0.387,0.184,0
"ZNF358",0,1.16388492314223,0.39,0.187,0
"H2AFX",0,0.394411471301155,0.435,0.232,0
"STAU1",0,0.735057902236018,0.572,0.369,0
"ATP1A1",0,0.811225731829505,0.65,0.448,0
"WDR43",0,0.595059156313788,0.448,0.246,0
"PFDN6",0,0.613489107986695,0.489,0.287,0
"MXRA7",0,0.791180757467142,0.493,0.291,0
"PTTG1IP",0,0.556036353417726,0.614,0.412,0
"RAB30-AS1",0,0.834516500353482,0.373,0.171,0
"C11orf1",0,1.19577755119644,0.357,0.155,0
"BRI3",0,0.45192350203923,0.752,0.55,0
"TSTA3",0,1.07748348597012,0.48,0.278,0
"UACA",0,0.444540677085262,0.469,0.267,0
"SLC25A36",0,0.403648964797473,0.539,0.338,0
"PAIP1",0,0.80299781714706,0.456,0.255,0
"MRPL14",0,0.967910086487438,0.537,0.336,0
"PPP2CB",0,0.39527670922477,0.533,0.332,0
"BOP1",0,1.14027786344648,0.34,0.139,0
"ZBTB44",0,0.479516507908604,0.466,0.265,0
"MRPS35",0,0.9136097716533,0.393,0.192,0
"PKP2",0,2.31436149142821,0.268,0.067,0
"CNPY2",0,0.7346533857771,0.616,0.415,0
"PDLIM1",0,1.00469743639068,0.367,0.166,0
"ATRAID",0,0.610902400570688,0.68,0.48,0
"TFG",0,0.625723386637513,0.545,0.345,0
"STOML2",0,0.71256252542764,0.546,0.346,0
"ATF3",0,1.11822462837818,0.513,0.313,0
"MRPL3",0,0.686041497947247,0.502,0.302,0
"NDUFA5",0,0.634352874255437,0.625,0.425,0
"CDC42BPB",0,1.02989618565881,0.398,0.198,0
"VAPB",0,0.817288006242581,0.379,0.179,0
"PLOD2",0,1.03107759313172,0.409,0.209,0
"NDUFC1",0,0.796721939498994,0.706,0.506,0
"SSRP1",0,0.556317999509865,0.476,0.276,0
"PRDX3",0,0.768120448212556,0.566,0.366,0
"WDR60",0,0.707750544554574,0.406,0.207,0
"DUSP23",0,0.794952846710383,0.452,0.253,0
"MALSU1",0,0.72849163772051,0.457,0.258,0
"STK3",0,0.966793155517801,0.376,0.177,0
"RIMKLB",0,1.39834923224388,0.328,0.129,0
"GATA6",0,1.40922603287262,0.335,0.136,0
"BLVRB",0,0.592872736374132,0.503,0.304,0
"C21orf59",0,0.695235537498051,0.456,0.257,0
"SNHG8",0,0.747935748040079,0.723,0.524,0
"EIF3M",0,0.535190188789864,0.711,0.512,0
"NUMA1",0,0.38090617206855,0.575,0.376,0
"TOMM20",0,0.776410604208988,0.766,0.568,0
"ILF2",0,0.676185477682654,0.605,0.407,0
"USP53",0,1.33370992448562,0.337,0.139,0
"CCT6A",0,0.628555939361934,0.627,0.429,0
"MRPS33",0,0.668947918575243,0.514,0.316,0
"METRN",0,1.14241598053891,0.384,0.186,0
"RAB3D",0,1.94215620997725,0.265,0.067,0
"MGST3",0,0.318290198963046,0.73,0.532,0
"CHMP3",0,0.528599763849174,0.543,0.346,0
"KDM1A",0,0.725369490957448,0.4,0.203,0
"CREG1",0,0.41727256556548,0.465,0.268,0
"SUN1",0,0.461724601153359,0.445,0.248,0
"MKRN1",0,0.561614522688945,0.465,0.268,0
"TPD52",0,0.885389514723409,0.316,0.119,0
"DEPTOR",0,1.69692695772311,0.3,0.103,0
"VPS51",0,0.476271772861381,0.509,0.312,0
"SMARCA4",0,0.652266692082984,0.462,0.265,0
"RETREG2",0,0.591885113979698,0.421,0.224,0
"SQLE",0,0.850909773668848,0.408,0.211,0
"HADHB",0,0.481449731948653,0.593,0.396,0
"LRRC42",0,1.35687836644381,0.321,0.125,0
"DNPEP",0,0.555105819527366,0.439,0.243,0
"SMAD5",0,0.518893027737241,0.485,0.289,0
"HSPA9",0,0.519107537044512,0.638,0.442,0
"CUX1",0,0.518384847170301,0.513,0.317,0
"FZD6",0,1.69761581358932,0.268,0.072,0
"TEAD1",0,1.21021917131745,0.394,0.198,0
"CAPN1",0,0.74557108190438,0.48,0.284,0
"CMAS",0,1.42039133306652,0.382,0.186,0
"CCDC124",0,0.686051691622552,0.5,0.304,0
"PPP1R14A",0,0.423982272932763,0.45,0.254,0
"NDUFV3",0,0.651950807397614,0.515,0.319,0
"EPS8L2",0,0.947718631458908,0.293,0.097,0
"MGMT",0,0.622647366950349,0.573,0.377,0
"PLD3",0,0.301065443990828,0.594,0.398,0
"NFE2L2",0,0.268053070495471,0.687,0.492,0
"SMIM26",0,0.538786602880145,0.668,0.473,0
"BCCIP",0,0.799798673281671,0.399,0.204,0
"CSRP1",0,0.468383724118343,0.519,0.324,0
"NT5DC2",0,1.14774079601207,0.373,0.178,0
"MTHFD2L",0,1.27187569172859,0.315,0.12,0
"RASSF7",0,0.774109861748061,0.297,0.102,0
"APOPT1",0,0.90939016126474,0.466,0.271,0
"PRMT1",0,0.487135429179035,0.63,0.435,0
"PDXDC1",0,0.685591750509556,0.427,0.232,0
"SCARB2",0,0.415852082796822,0.588,0.393,0
"SRSF8",0,0.463224500884817,0.469,0.274,0
"PNPLA4",0,1.42257473730846,0.343,0.149,0
"HYI",0,1.03560442091007,0.384,0.19,0
"KHDC4",0,0.527960559171528,0.394,0.2,0
"PEA15",0,0.934117862814662,0.483,0.289,0
"SPAG16",0,0.989953621779845,0.374,0.18,0
"UQCRC1",0,0.673164634860404,0.535,0.341,0
"NIPSNAP2",0,0.670105619067226,0.457,0.263,0
"SMARCD3",0,1.43105170450893,0.328,0.134,0
"EBAG9",0,0.819196560793072,0.394,0.2,0
"PTP4A3",0,1.43029354325394,0.278,0.084,0
"LRP5",0,1.54281438074723,0.298,0.104,0
"ATG101",0,0.670513347474017,0.452,0.258,0
"COPRS",0,0.777210463629041,0.465,0.271,0
"PHB",0,0.63715084195849,0.619,0.425,0
"RNF114",0,0.47405237762191,0.488,0.294,0
"CCDC8",0,1.5818925876187,0.307,0.113,0
"WEE1",0,1.46962943223821,0.353,0.159,0
"EIF3E",0,0.741402315553273,0.847,0.653,0
"FKBP2",0,0.696336925981011,0.715,0.521,0
"EIF3B",0,0.429440429895095,0.546,0.353,0
"TMEM256",0,0.641715550961581,0.56,0.367,0
"VASN",0,1.20839145167529,0.338,0.145,0
"NDUFS1",0,0.575859989673124,0.452,0.259,0
"CMBL",0,1.56485095979777,0.33,0.137,0
"GATAD1",0,0.368697890422693,0.519,0.326,0
"EFEMP2",0,0.257803266168303,0.461,0.268,0
"TNFAIP2",0,2.16610207221379,0.372,0.179,0
"ZBTB10",0,0.807883168242482,0.351,0.158,0
"TOMM34",0,1.61766803876065,0.291,0.098,0
"PLA2G16",0,0.862321699282256,0.578,0.385,0
"MRPS15",0,0.861862249180825,0.545,0.353,0
"PSMD2",0,0.765973131771293,0.544,0.352,0
"SYAP1",0,0.492425532377991,0.556,0.364,0
"GPRC5B",0,1.74108152548979,0.28,0.088,0
"NXN",0,1.35365641757666,0.339,0.147,0
"PAFAH1B3",0,0.810586118667172,0.4,0.208,0
"NDUFB5",0,0.717035236469218,0.608,0.416,0
"MDH2",0,0.789452750458059,0.628,0.436,0
"SLC48A1",0,1.25882114749126,0.33,0.138,0
"LDLR",0,0.863590995664545,0.433,0.241,0
"ATPAF1",0,0.846596617183507,0.362,0.17,0
"CD2AP",0,0.699862501971482,0.415,0.223,0
"SMARCA1",0,0.941848958141458,0.407,0.215,0
"NUCKS1",0,0.554644843827718,0.851,0.659,0
"SQSTM1",0,0.691611544099124,0.727,0.535,0
"EIF1AX",0,0.573097399452824,0.778,0.587,0
"EIF3L",0,0.539012514264806,0.674,0.483,0
"HIST1H2AC",0,0.771496977278844,0.396,0.205,0
"ZHX1",0,0.966726674847608,0.404,0.213,0
"CPSF1",0,0.72424586681737,0.342,0.151,0
"WWTR1",0,0.506613784176406,0.438,0.247,0
"MRPL13",0,0.850916400858611,0.473,0.282,0
"DHCR7",0,1.37528218873893,0.295,0.104,0
"ALDH6A1",0,1.35525573898522,0.323,0.132,0
"LLGL2",0,0.516529613429542,0.303,0.112,0
"ATP9A",0,1.84934306292614,0.258,0.067,0
"DCBLD2",0,1.08160680084003,0.357,0.166,0
"ITGA3",0,1.7358993727018,0.283,0.092,0
"CANX",0,0.680677446096108,0.743,0.552,0
"LGALS3",0,0.687366834797702,0.717,0.526,0
"GADD45GIP1",0,0.703507877746026,0.704,0.513,0
"DARS",0,0.424593563023824,0.549,0.359,0
"NOP58",0,0.339397996394503,0.547,0.357,0
"CEBPZ",0,0.267014246930955,0.519,0.329,0
"CCT7",0,0.522945417724956,0.636,0.446,0
"TRMT10C",0,0.50251771319299,0.461,0.271,0
"FAM114A1",0,0.571481085879316,0.454,0.264,0
"ERGIC1",0,0.68238066473676,0.497,0.307,0
"HMGA1",0,1.18611047995534,0.375,0.185,0
"USP9X",0,0.659776555429899,0.506,0.316,0
"MAGED2",0,0.261967075943158,0.598,0.408,0
"DCAF13",0,0.669223766232077,0.444,0.254,0
"ALDH2",0,0.522555475140287,0.478,0.288,0
"ZNF770",0,0.76177575339593,0.37,0.18,0
"SLC2A4RG",0,0.443443370789678,0.474,0.284,0
"TPD52L2",0,0.861194222701472,0.432,0.242,0
"XPR1",0,1.41108453433181,0.289,0.099,0
"HYOU1",0,1.05823518222458,0.351,0.161,0
"MRFAP1",0,0.449717025289325,0.716,0.526,0
"TMED4",0,0.482582099717973,0.595,0.405,0
"RNASE1",0,0.800776165420434,0.471,0.281,0
"EIF3I",0,0.472938248068673,0.682,0.493,0
"DNAJC30",0,1.03943033325773,0.332,0.143,0
"NPR1",0,1.74202016505242,0.297,0.108,0
"RAB4A",0,0.705668913712246,0.451,0.262,0
"ANXA4",0,0.938289021629499,0.478,0.289,0
"PKP4",0,1.0607037167263,0.321,0.132,0
"RAMP1",0,1.23533108683689,0.314,0.125,0
"LPP",0,0.279468194953483,0.623,0.434,0
"HADH",0,0.912233396560236,0.383,0.194,0
"NONO",0,0.356650120139567,0.648,0.459,0
"EXT1",0,1.04845947591226,0.364,0.175,0
"AGO2",0,0.325597999208839,0.46,0.271,0
"PPP1R14B",0,1.06000467443403,0.639,0.45,0
"MRPS16",0,0.749441523434713,0.512,0.323,0
"MAVS",0,0.552439385374048,0.389,0.2,0
"GPI",0,0.572994611780901,0.472,0.283,0
"SLC44A1",0,0.892567864667002,0.413,0.224,0
"FDPS",0,0.745261778001595,0.581,0.392,0
"SF3B6",0,0.740099307028891,0.733,0.544,0
"AFF4",0,0.389204493285252,0.589,0.4,0
"UQCRFS1",0,0.725755654556798,0.573,0.384,0
"ANK3",0,0.818288485164279,0.277,0.089,0
"C1orf122",0,0.749786461026205,0.529,0.341,0
"TMEM18",0,0.641010578841942,0.442,0.254,0
"LAMB2",0,0.438888577778538,0.464,0.276,0
"HMGB3",0,1.52724611650317,0.307,0.119,0
"TMEM123",0,0.8145230322783,0.625,0.437,0
"MLEC",0,0.519511643630461,0.599,0.411,0
"SIPA1L1",0,0.617589142688325,0.371,0.183,0
"RALBP1",0,0.68046093193664,0.601,0.413,0
"ADNP",0,0.456363070928453,0.455,0.267,0
"ING2",0,0.794796706133292,0.415,0.227,0
"HMGN3",0,0.734383580056305,0.685,0.498,0
"RB1CC1",0,0.269577046646646,0.557,0.37,0
"DVL1",0,1.25509080067655,0.296,0.109,0
"KAZN",0,1.58708546953866,0.317,0.13,0
"DPYSL3",0,0.544560300791888,0.444,0.257,0
"AP1S1",0,0.669092181657298,0.445,0.258,0
"CHCHD7",0,0.430066720205316,0.431,0.244,0
"CHD7",0,0.990669119658099,0.293,0.106,0
"PTGS1",0,1.88395993333581,0.252,0.065,0
"DHX32",0,1.22882798408394,0.304,0.117,0
"CTDSP2",0,0.521198449529651,0.485,0.298,0
"SPTSSA",0,0.784210781591344,0.466,0.279,0
"ZFYVE21",0,0.566637619953435,0.457,0.27,0
"PCMTD2",0,0.609516539374036,0.381,0.194,0
"H6PD",0,0.717199027644502,0.417,0.23,0
"ZCRB1",0,0.628553172455656,0.582,0.395,0
"CARHSP1",0,0.466776612009339,0.569,0.382,0
"TMEM147",0,0.606666897587117,0.581,0.394,0
"FLOT1",0,0.725921008327815,0.546,0.36,0
"C12orf57",0,0.385134027341714,0.761,0.575,0
"MRPL2",0,0.701810746543283,0.4,0.214,0
"SGPL1",0,0.925295107945741,0.335,0.149,0
"MYH10",0,0.69551101336429,0.405,0.219,0
"SLC39A1",0,0.672760341396999,0.456,0.27,0
"CYP1B1",0,2.31237919159777,0.263,0.077,0
"NCBP2",0,0.55948967162207,0.508,0.322,0
"HNRNPA0",0,0.276284558223969,0.631,0.445,0
"TMEM14B",0,0.662830070936783,0.623,0.437,0
"GRHPR",0,0.617445631123592,0.526,0.34,0
"NKAPD1",0,0.698172413192093,0.367,0.181,0
"CISD1",0,0.710752938435789,0.438,0.252,0
"HEBP1",0,0.644051198600283,0.48,0.294,0
"SLIRP",0,0.904770218231244,0.619,0.433,0
"MT1E",0,1.24659096763449,0.527,0.341,0
"DCXR",0,0.560145897821907,0.506,0.32,0
"ISOC2",0,0.749788891442169,0.456,0.27,0
"DDIT3",0,0.820250660586805,0.409,0.223,0
"FIS1",0,0.585100678023054,0.703,0.517,0
"NCBP2-AS2",0,0.837864680290071,0.39,0.205,0
"FGFRL1",0,1.49666614801757,0.271,0.086,0
"MCUR1",0,1.0440707332837,0.397,0.212,0
"OSBPL9",0,0.549686166524842,0.432,0.247,0
"RHOB",0,0.259035261984883,0.626,0.441,0
"MRPS25",0,0.611843374821916,0.426,0.241,0
"HSPA4",0,0.6422711297768,0.485,0.3,0
"BNIP3L",0,0.383873448833057,0.598,0.413,0
"TJP2",0,1.50348409577891,0.298,0.113,0
"CADM1",0,1.25210775670372,0.32,0.135,0
"TBC1D17",0,0.923238731896026,0.307,0.122,0
"ZNF667-AS1",0,1.45059628222931,0.312,0.127,0
"METTL26",0,0.461478982497053,0.576,0.391,0
"SEC63",0,0.37304038043327,0.55,0.366,0
"TXN",0,0.891110633561717,0.811,0.627,0
"ROMO1",0,0.829659703671548,0.654,0.47,0
"LZTS2",0,1.07562061600652,0.325,0.141,0
"MT1G",0,2.13466298678117,0.27,0.086,0
"DPM3",0,0.639033959784036,0.501,0.317,0
"QSOX1",0,0.271140487264358,0.498,0.314,0
"GRSF1",0,0.585383446900346,0.452,0.268,0
"FUNDC2",0,0.603190201505247,0.5,0.316,0
"MRPL11",0,0.731673763221761,0.512,0.328,0
"CCS",0,0.395141547729025,0.497,0.313,0
"PLEKHA5",0,0.696561272526699,0.381,0.197,0
"KNOP1",0,0.479015326175878,0.423,0.239,0
"CDIPT",0,0.527622779690678,0.457,0.273,0
"YES1",0,0.758615718493099,0.371,0.187,0
"DDRGK1",0,0.550918862899369,0.511,0.327,0
"PFDN4",0,0.622904612629629,0.511,0.327,0
"QTRT1",0,0.770626768633466,0.375,0.191,0
"PDXK",0,0.72938471309126,0.507,0.323,0
"SLC44A2",0,0.785885460821093,0.355,0.171,0
"KHDRBS1",0,0.273188009808958,0.69,0.506,0
"NDUFA10",0,0.48909991348539,0.563,0.379,0
"AP2M1",0,0.579716941517292,0.704,0.52,0
"NOP56",0,0.309205924608325,0.576,0.392,0
"MRPL37",0,0.774766132962193,0.39,0.207,0
"STT3A",0,0.749273941272544,0.406,0.223,0
"BAG5",0,0.53420314307052,0.396,0.213,0
"ZNF626",0,0.799007689943559,0.332,0.149,0
"UBE2E3",0,0.622279872905342,0.476,0.293,0
"PPP4R2",0,0.327249243102043,0.523,0.34,0
"FAM13A",0,0.878744812415924,0.356,0.173,0
"STYXL1",0,1.08977138979765,0.3,0.117,0
"FAM3A",0,0.733562151742495,0.363,0.18,0
"GPRC5A",0,1.63836609696398,0.29,0.107,0
"KAT8",0,0.602165958769317,0.368,0.185,0
"RRBP1",0,0.385193936727796,0.651,0.468,0
"PGLS",0,0.473476329693894,0.628,0.445,0
"BTG3",0,0.644305993692297,0.476,0.293,0
"NOLC1",0,0.635951520335549,0.412,0.229,0
"BCL7C",0,0.431493073948018,0.572,0.389,0
"PDIA4",0,0.954947996298857,0.549,0.367,0
"PQBP1",0,0.483770721433496,0.468,0.286,0
"LMAN1",0,0.329508083101731,0.655,0.473,0
"SELENOW",0,0.389861631203271,0.764,0.582,0
"ODC1",0,0.476281477433695,0.48,0.298,0
"YWHAG",0,0.575185834601644,0.502,0.32,0
"POLR2J",0,0.54300523885767,0.631,0.449,0
"FAM3C",0,0.602410652193681,0.507,0.325,0
"DGAT1",0,0.618357067227487,0.363,0.181,0
"STIP1",0,0.461619683745617,0.492,0.31,0
"CSNK2A1",0,0.440457653068039,0.48,0.298,0
"MAT2A",0,0.39660004546327,0.566,0.384,0
"TRIM44",0,0.512633155577783,0.541,0.36,0
"DCAF6",0,0.589781106819401,0.396,0.215,0
"DVL3",0,0.767069934358071,0.398,0.217,0
"FAM91A1",0,0.57381539917,0.396,0.215,0
"SLC50A1",0,0.726817569449455,0.381,0.2,0
"IARS2",0,0.622760172404017,0.428,0.247,0
"LONRF2",0,1.9298579895059,0.255,0.074,0
"FAM200B",0,0.621990830251494,0.455,0.274,0
"HDAC2",0,0.518275634076967,0.481,0.3,0
"TIGD5",0,1.44807628757608,0.26,0.079,0
"MACROD1",0,1.55572946634549,0.288,0.107,0
"DPCD",0,1.43535288851539,0.315,0.134,0
"PWWP2B",0,1.18820101583379,0.256,0.075,0
"ALDH3A2",0,1.19225138163026,0.353,0.172,0
"RBBP8",0,1.36418505541194,0.291,0.11,0
"VAPA",0,0.42902743558872,0.737,0.556,0
"RAB1A",0,0.472547021297953,0.555,0.375,0
"NIFK",0,0.382243434334454,0.528,0.348,0
"TUFM",0,0.555458034188555,0.653,0.473,0
"DOCK7",0,1.02908082318268,0.341,0.161,0
"MRPL24",0,0.738782225649224,0.401,0.221,0
"MTIF2",0,0.924589762672902,0.321,0.141,0
"MRPS18B",0,0.466321901980544,0.459,0.279,0
"TCAF1",0,1.04979293246092,0.453,0.273,0
"CPNE3",0,0.445304107851235,0.497,0.317,0
"CHRAC1",0,0.689987931412598,0.373,0.193,0
"AK3",0,0.499561599136694,0.454,0.274,0
"CDK2AP1",0,0.622852693629684,0.476,0.296,0
"LARP6",0,1.62620781329531,0.29,0.11,0
"RAD23A",0,0.395021909965467,0.607,0.427,0
"PLXNB2",0,0.573823610366532,0.452,0.272,0
"COQ9",0,0.846015808782818,0.351,0.171,0
"ILVBL",0,0.952178925648669,0.348,0.168,0
"CCT8",0,0.506178282798278,0.659,0.48,0
"MRTO4",0,0.698236060539301,0.393,0.214,0
"SMG7",0,0.544196262083542,0.365,0.186,0
"KLF3",0,0.385180312718382,0.476,0.297,0
"G3BP1",0,0.317606949540505,0.59,0.411,0
"FOXO3",0,0.401193222463857,0.451,0.272,0
"PDAP1",0,0.482791600094992,0.611,0.432,0
"PAXIP1-AS1",0,1.11004836613886,0.255,0.076,0
"TRIB1",0,1.14732482296004,0.367,0.188,0
"MYC",0,0.593573879246891,0.416,0.237,0
"NDUFS3",0,0.553539166175094,0.515,0.336,0
"ZNF33B",0,0.681094145640401,0.311,0.132,0
"CFDP1",0,0.258539854305082,0.6,0.421,0
"FASN",0,1.13371629085356,0.301,0.122,0
"SAMD1",0,0.593814536349316,0.422,0.243,0
"UBN2",0,0.60139469094415,0.346,0.167,0
"PRDX1",0,0.465266676230114,0.815,0.636,0
"MRPS21",0,0.486386514873568,0.71,0.531,0
"RBM17",0,0.427052816323105,0.576,0.397,0
"SERPINB6",0,0.449442265466979,0.523,0.345,0
"NDUFB7",0,0.705715674178279,0.743,0.565,0
"ATIC",0,0.608694277668091,0.383,0.205,0
"PNPLA2",0,0.516164671017376,0.388,0.21,0
"SORL1",0,0.285092677827507,0.382,0.204,0
"MARCH5",0,0.603292627242297,0.4,0.222,0
"CLUH",0,1.11767548189618,0.277,0.099,0
"PEG3",0,1.07224929099301,0.406,0.228,0
"NBEAL1",0,0.45208906265597,0.421,0.243,0
"PCNP",0,0.383611705362462,0.589,0.411,0
"MRPL47",0,0.76554081831117,0.487,0.309,0
"ALG3",0,1.09462201923963,0.362,0.184,0
"UGDH",0,0.715958258597985,0.377,0.199,0
"ADH5",0,0.31280276121646,0.61,0.432,0
"PGRMC2",0,0.600990396676864,0.443,0.265,0
"ESYT2",0,0.407394140034603,0.444,0.266,0
"LAGE3",0,0.711526832117996,0.449,0.271,0
"FAM129B",0,1.05981267634657,0.352,0.174,0
"WDR34",0,1.20179831304304,0.3,0.122,0
"CCNY",0,0.619193552401207,0.435,0.257,0
"NR4A1",0,0.401011454424352,0.618,0.44,0
"METAP2",0,0.324542068229952,0.616,0.438,0
"SAMD4B",0,0.416117990260898,0.475,0.297,0
"RAB2A",0,0.531149189316539,0.688,0.51,0
"CSDE1",0,0.391408225616145,0.754,0.577,0
"CSNK2B",0,0.368067139204201,0.648,0.471,0
"NEO1",0,1.4676389031832,0.279,0.102,0
"CHMP4B",0,0.515238957892408,0.459,0.282,0
"SLC52A2",0,0.731310190727149,0.393,0.216,0
"CXCL16",0,0.64902452837915,0.327,0.15,0
"ERI3",0,0.835130935209096,0.38,0.203,0
"ATP5F1",0,0.540798849823998,0.623,0.446,0
"ACBD6",0,0.369984432038503,0.451,0.274,0
"STARD7",0,0.49515198603028,0.44,0.263,0
"SH3BP5",0,0.370705648388053,0.52,0.343,0
"ADGRA3",0,1.76022306247536,0.257,0.08,0
"ETF1",0,0.545806038632569,0.447,0.27,0
"CLINT1",0,0.467017369961362,0.516,0.339,0
"FASTK",0,0.468229305632172,0.444,0.267,0
"PIN4",0,0.535016397456735,0.494,0.317,0
"FAM234A",0,0.902997102281541,0.353,0.176,0
"UBXN6",0,0.58013814075257,0.437,0.26,0
"CMSS1",0,0.89417501877144,0.346,0.169,0
"FUNDC1",0,0.870712047601644,0.344,0.167,0
"C1orf43",0,0.54398334754197,0.55,0.374,0
"STRAP",0,0.588311440024432,0.532,0.356,0
"TMED10",0,0.67673340110092,0.681,0.505,0
"CKS1B",0,0.900530374698142,0.387,0.211,0
"CTDSPL",0,0.893514259894251,0.342,0.166,0
"UBXN7",0,0.409728765306116,0.397,0.221,0
"TBRG4",0,0.609592976452376,0.336,0.16,0
"RBM28",0,0.327153175221562,0.39,0.214,0
"AK1",0,0.763646579181027,0.392,0.216,0
"NIPSNAP1",0,0.742393047749448,0.329,0.153,0
"GADD45A",0,0.421629143621308,0.47,0.294,0
"CNIH4",0,0.601185769902404,0.516,0.34,0
"GREB1",0,0.671857519030972,0.362,0.186,0
"CCT5",0,0.579553847599811,0.599,0.423,0
"ZFR",0,0.323775120097816,0.49,0.314,0
"AIG1",0,0.60635676138854,0.411,0.235,0
"SLC25A37",0,0.331667731847682,0.505,0.329,0
"TMEM141",0,0.879231659768754,0.479,0.303,0
"CHID1",0,0.505435052344322,0.476,0.3,0
"TMEM134",0,0.671545207069019,0.452,0.276,0
"IPO5",0,0.598375873969695,0.426,0.25,0
"WDR73",0,0.340342165873248,0.366,0.19,0
"SEPHS2",0,0.635986798018621,0.422,0.246,0
"LONP2",0,0.3282083890156,0.474,0.298,0
"USP22",0,0.286091730801076,0.518,0.342,0
"MMP24OS",0,0.458990132418623,0.475,0.299,0
"ZNF787",0,0.659501933120244,0.363,0.187,0
"PSMB4",0,0.43332929173177,0.657,0.482,0
"TSTD1",0,0.388527804405192,0.549,0.374,0
"DNALI1",0,1.92703421251691,0.267,0.092,0
"ADAM15",0,0.460028202285997,0.343,0.168,0
"KRCC1",0,0.510175252377712,0.397,0.222,0
"PRKRA",0,0.676999544952883,0.405,0.23,0
"POP7",0,0.717576836660457,0.382,0.207,0
"ZFAND1",0,0.635337655742929,0.383,0.208,0
"RBM7",0,0.637123694161624,0.399,0.224,0
"ECE1",0,0.361171420867216,0.417,0.242,0
"NUDC",0,0.384838955452077,0.63,0.455,0
"FH",0,0.965542867288132,0.367,0.192,0
"DDX1",0,0.462630706735664,0.479,0.304,0
"MPHOSPH10",0,0.354129419362759,0.454,0.279,0
"MRPL19",0,0.586245178657855,0.42,0.245,0
"LRIG1",0,1.29828468666834,0.29,0.115,0
"EEF1E1",0,0.754778542450296,0.417,0.242,0
"PBX2",0,0.566642060776605,0.365,0.19,0
"DNPH1",0,0.67594108927743,0.489,0.314,0
"TIMM8B",0,0.929750328348889,0.609,0.434,0
"PPIF",0,0.400098674017444,0.375,0.2,0
"ARF3",0,0.618457813994062,0.49,0.315,0
"SORD",0,1.86039465608614,0.254,0.079,0
"TMEM219",0,0.521059439435931,0.612,0.437,0
"NQO1",0,1.64156955095993,0.282,0.107,0
"RAB22A",0,0.618025320416819,0.414,0.239,0
"MVB12A",0,0.545249241063925,0.44,0.265,0
"CBR1",0,0.672779207544878,0.425,0.25,0
"SBDS",0,0.374662110407249,0.569,0.394,0
"ZMYM4",0,0.56576153585591,0.401,0.227,0
"WLS",0,0.717779329268787,0.383,0.209,0
"GMPS",0,0.641635506120713,0.39,0.216,0
"MFN1",0,0.671234480635905,0.343,0.169,0
"WRNIP1",0,0.814421716440088,0.318,0.144,0
"MRS2",0,0.745986406733547,0.318,0.144,0
"CHCHD3",0,0.720381423877639,0.4,0.226,0
"LDOC1",0,1.6018416111617,0.273,0.099,0
"C11orf54",0,0.711284970149334,0.32,0.146,0
"EPB41L1",0,1.64340185516656,0.261,0.087,0
"DBP",0,0.59202312827982,0.34,0.166,0
"MED25",0,0.670988742097108,0.328,0.154,0
"STK25",0,0.395952620787048,0.425,0.251,0
"QARS",0,0.632974475581142,0.42,0.246,0
"RYK",0,0.308683702523362,0.452,0.278,0
"RWDD4",0,0.613302163614878,0.43,0.256,0
"PDLIM4",0,1.20971836337121,0.351,0.177,0
"COPS6",0,0.295422785682111,0.622,0.448,0
"TRIM24",0,0.731528322586589,0.357,0.183,0
"LACTB2",0,1.10165989388213,0.295,0.121,0
"DMAC1",0,0.625827729679081,0.49,0.316,0
"DNAJC4",0,0.446106906063932,0.439,0.265,0
"SAV1",0,0.831273051527538,0.373,0.199,0
"DLGAP4",0,0.506130286179922,0.417,0.243,0
"CC2D1A",0,0.635796632223534,0.307,0.133,0
"ZNF83",0,0.435577892271423,0.408,0.234,0
"PPP1CB",0,0.70147622972197,0.684,0.511,0
"NDUFC2",0,0.969291369468771,0.749,0.576,0
"C1orf35",0,0.310774887828296,0.396,0.223,0
"GFPT1",0,0.719639646732979,0.399,0.226,0
"DNAJB2",0,0.518970108221326,0.34,0.167,0
"INTS11",0,0.334302366128389,0.43,0.257,0
"CLSTN1",0,0.361297159392402,0.498,0.325,0
"RHOC",0,0.322335871833092,0.614,0.441,0
"RHEB",0,0.514217035467299,0.628,0.455,0
"ATP6V1C1",0,0.639958661517859,0.361,0.188,0
"NAV2",0,1.77642001771744,0.251,0.078,0
"ARL3",0,0.460683953204704,0.472,0.299,0
"HCFC1R1",0,0.469690410218827,0.476,0.303,0
"UQCRC2",0,0.421831822738312,0.585,0.412,0
"ZNF493",0,0.317861519733534,0.348,0.175,0
"NDUFS2",0,0.384944190993139,0.572,0.399,0
"RAB10",0,0.376618308604033,0.558,0.386,0
"NDUFS4",0,0.379107052204706,0.56,0.388,0
"KHSRP",0,0.417972706672089,0.461,0.289,0
"WDR83OS",0,0.459814337785729,0.748,0.576,0
"SEMA3B",0,1.87412725317501,0.269,0.097,0
"AGAP3",0,0.706955298722897,0.324,0.152,0
"TSPYL5",0,1.67291803251189,0.261,0.089,0
"PPME1",0,0.83279687021459,0.316,0.144,0
"PATZ1",0,1.14518481632862,0.269,0.097,0
"ITGAV",0,0.545284704275353,0.429,0.257,0
"JAGN1",0,0.656093633562016,0.429,0.257,0
"TMEM120A",0,0.654422077898265,0.367,0.195,0
"EMD",0,0.361835920106956,0.487,0.315,0
"GLI4",0,0.724603734653553,0.291,0.119,0
"PARVA",0,0.391286487309895,0.408,0.236,0
"TFAM",0,0.436481338726859,0.429,0.257,0
"IRS2",0,0.536746388399741,0.352,0.18,0
"ERG28",0,0.751438938684986,0.411,0.239,0
"USE1",0,0.369971606692165,0.438,0.266,0
"SRP9",0,0.565309046574776,0.69,0.518,0
"SLC25A3",0,0.577246592119823,0.818,0.646,0
"COA6",0,0.597339744659376,0.46,0.289,0
"CRTAP",0,0.354837927397038,0.52,0.349,0
"HUWE1",0,0.259082427215709,0.545,0.374,0
"IL13RA1",0,0.737465408755289,0.406,0.235,0
"SNCG",0,2.34076435678543,0.273,0.102,0
"GLRX3",0,0.596149709932173,0.467,0.296,0
"PA2G4",0,0.360279962955405,0.664,0.493,0
"SOX12",0,1.29634304284926,0.273,0.102,0
"ZNF428",0,0.361340171699656,0.558,0.387,0
"ZFPL1",0,0.697293211922311,0.331,0.16,0
"PPFIA1",0,0.459441833665004,0.396,0.225,0
"REC8",0,0.711733498004019,0.269,0.098,0
"RCOR1",0,0.781755267870339,0.328,0.157,0
"NOB1",0,0.683906702576825,0.392,0.221,0
"B4GALT5",0,0.590611907702813,0.388,0.217,0
"GNA11",0,1.07812515907813,0.328,0.157,0
"GNL2",0,0.631465229905351,0.357,0.186,0
"TPRKB",0,0.529781971050647,0.499,0.328,0
"ZNF639",0,0.84907063970705,0.307,0.136,0
"ATP13A3",0,0.553172145883866,0.41,0.239,0
"MYO10",0,1.52940401858552,0.284,0.113,0
"EHMT2",0,0.489880273003408,0.348,0.177,0
"SMIM19",0,0.531395899482434,0.472,0.301,0
"PTPMT1",0,0.708032038741111,0.409,0.238,0
"CWC15",0,0.457864520679871,0.613,0.442,0
"TM9SF3",0,0.262856663567774,0.619,0.448,0
"EPN2",0,0.74198794870671,0.366,0.195,0
"TRAF4",0,0.937033829783507,0.296,0.125,0
"NME1",0,0.643809572828709,0.491,0.32,0
"CLPTM1",0,0.397440737217767,0.433,0.262,0
"EPN1",0,0.470034671546368,0.44,0.269,0
"LAMTOR5",0,0.595228585592609,0.712,0.541,0
"GTF2H5",0,0.438147711716738,0.55,0.38,0
"TCEA1",0,0.275104756402187,0.649,0.479,0
"RPRD1A",0,0.633624238772268,0.342,0.172,0
"SMIM7",0,0.31765600161655,0.559,0.389,0
"IFRD2",0,0.850266404404366,0.328,0.158,0
"BRIX1",0,0.48732207327923,0.403,0.233,0
"THAP12",0,0.460945485858084,0.387,0.217,0
"BCL9L",0,0.283370069060639,0.384,0.214,0
"TULP3",0,1.02217722467727,0.316,0.146,0
"MOAP1",0,0.701448275304404,0.316,0.146,0
"OSBPL1A",0,0.653253629431936,0.396,0.226,0
"BLCAP",0,0.388709159149398,0.392,0.222,0
"TARS",0,0.6388450035311,0.416,0.246,0
"VDAC1",0,0.764181550140703,0.638,0.468,0
"CLTB",0,0.335397246536209,0.589,0.419,0
"VKORC1L1",0,0.867355926307412,0.352,0.182,0
"ZNF7",0,0.712469629984537,0.285,0.115,0
"YIF1A",0,0.609597120210315,0.5,0.33,0
"INPPL1",0,0.523195845881601,0.345,0.175,0
"TMED2",0,0.498965563544526,0.618,0.448,0
"RAB6A",0,0.317288260615242,0.516,0.347,0
"TMED3",0,0.477385807511297,0.461,0.292,0
"EIF6",0,0.50907864188533,0.562,0.393,0
"DDT",0,0.598952024146603,0.662,0.493,0
"RPRD2",0,0.349378375293472,0.38,0.211,0
"STEAP1",0,1.34175133439916,0.259,0.09,0
"STEAP2",0,1.50442530905869,0.263,0.094,0
"ZNF37A",0,0.382358959775392,0.393,0.224,0
"TMEM106C",0,0.549190298767451,0.375,0.206,0
"TP53I3",0,1.0306292769849,0.346,0.177,0
"MRPS18A",0,0.854053062523338,0.356,0.187,0
"BUD31",0,0.598100495322077,0.629,0.46,0
"HSD17B10",0,0.532231542623301,0.51,0.341,0
"YIPF6",0,0.448377186972648,0.407,0.238,0
"NDUFAF6",0,1.02017805416257,0.282,0.113,0
"HSDL2",0,0.605258798701482,0.411,0.242,0
"ARL2",0,0.499369154505223,0.505,0.336,0
"KMT5B",0,0.254527287247099,0.418,0.249,0
"KLHDC2",0,0.314762600895876,0.439,0.27,0
"EMC4",0,0.463077318947097,0.5,0.331,0
"CRLS1",0,0.735622716532239,0.354,0.185,0
"PLEKHA4",0,1.28434144369588,0.305,0.136,0
"MRPL51",0,0.768822070876101,0.69,0.521,0
"TMEM183A",0,0.54126211954768,0.403,0.235,0
"MKKS",0,0.683872709319675,0.453,0.285,0
"PREPL",0,0.433085080309308,0.374,0.206,0
"SCD",0,1.42951951074958,0.319,0.151,0
"YTHDF1",0,0.638315903930263,0.33,0.162,0
"ZNF579",0,1.48438191220346,0.263,0.095,0
"YDJC",0,0.502958198266309,0.323,0.155,0
"FAM213B",0,1.1762829140908,0.25,0.082,0
"USP1",0,0.400068572602248,0.408,0.24,0
"KDM5B",0,0.29356260028099,0.412,0.244,0
"MRPL55",0,0.543437256153404,0.474,0.306,0
"NTPCR",0,0.779764569976455,0.363,0.195,0
"SUCLG1",0,0.454208895631537,0.504,0.336,0
"DLG1",0,0.393499853613821,0.424,0.256,0
"MRPL22",0,0.517405892739863,0.474,0.306,0
"ZMYM3",0,0.756545841698644,0.305,0.137,0
"IMPAD1",0,0.606726139703417,0.411,0.243,0
"ZNF511",0,0.463242809410321,0.41,0.242,0
"HDAC7",0,0.427687466633081,0.476,0.308,0
"DCAF11",0,0.345645785097804,0.354,0.186,0
"CRK",0,0.448206190235628,0.437,0.269,0
"NAA20",0,0.505522297326491,0.5,0.332,0
"SOGA1",0,1.24445806217579,0.288,0.12,0
"EPRS",0,0.360519570912871,0.517,0.35,0
"THOC7",0,0.438780411651763,0.55,0.383,0
"CFI",0,0.628242578798609,0.341,0.174,0
"ERH",0,0.608110983327839,0.733,0.566,0
"UBFD1",0,0.740167421685697,0.34,0.173,0
"VPS35",0,0.317322196245623,0.537,0.37,0
"MTX1",0,0.699196436701624,0.38,0.213,0
"CEP70",0,1.28345346869854,0.256,0.089,0
"TMEM192",0,0.723062626642546,0.315,0.148,0
"WDR45",0,0.508495658882825,0.396,0.229,0
"PHLDA2",0,1.38118121650355,0.26,0.093,0
"UBAP2L",0,0.375117000374272,0.416,0.249,0
"PMVK",0,0.505913850618867,0.447,0.28,0
"ACTL6A",0,0.756568364414346,0.367,0.2,0
"MRPL36",0,0.573814858824779,0.472,0.305,0
"GRAMD2B",0,1.0847729469011,0.298,0.131,0
"SLC39A7",0,0.58611952118507,0.41,0.243,0
"GINM1",0,0.44468177460841,0.484,0.317,0
"PITRM1",0,0.78500098858967,0.299,0.132,0
"OXA1L",0,0.331582393976797,0.436,0.269,0
"HDGFL3",0,0.923310759978598,0.358,0.191,0
"NACC1",0,0.843007957812179,0.29,0.123,0
"AKT2",0,0.279346787005253,0.425,0.258,0
"RUVBL2",0,0.731610416059499,0.356,0.189,0
"MRPL40",0,0.483412208133518,0.499,0.332,0
"SDHD",0,0.488646492017495,0.566,0.399,0
"OXR1",0,0.562819214583219,0.402,0.236,0
"TNS1",0,0.681249455004892,0.371,0.205,0
"SH3RF1",0,1.73839652952246,0.261,0.095,0
"TMEM223",0,0.426689606741128,0.38,0.214,0
"DCUN1D5",0,0.74793194598944,0.384,0.218,0
"AASDHPPT",0,0.499990313122067,0.388,0.222,0
"CEP164",0,0.313945523054259,0.377,0.211,0
"DLG5",0,1.09671793392074,0.264,0.098,0
"KIF22",0,0.496617434569515,0.334,0.168,0
"RNF187",0,0.459447464785231,0.471,0.305,0
"ROCK2",0,0.313303128618247,0.48,0.314,0
"HES1",0,1.08749625626351,0.358,0.192,0
"PMPCB",0,0.2987090385194,0.441,0.275,0
"BRCC3",0,0.918491845159091,0.288,0.122,0
"BAG1",0,0.613504845488351,0.485,0.319,0
"GANAB",0,0.386197649094939,0.49,0.324,0
"SSSCA1",0,0.679351797834496,0.409,0.243,0
"NDUFS8",0,0.820098751759,0.623,0.457,0
"UROS",0,0.614649508930207,0.435,0.269,0
"TIMM9",0,0.69511193441925,0.408,0.242,0
"PIGT",0,0.527438496437959,0.504,0.338,0
"OSBPL2",0,0.480158496823432,0.3,0.134,0
"PHACTR4",0,0.377786570863983,0.455,0.29,0
"PPCS",0,0.533333342604392,0.509,0.344,0
"MRPL33",0,0.652661372768078,0.653,0.488,0
"COPB2",0,0.440755568307583,0.53,0.365,0
"RPL26L1",0,0.648441734775334,0.453,0.288,0
"PLS3",0,0.62373575749195,0.406,0.241,0
"TPI1",0,1.0679001439727,0.806,0.641,0
"ATP5B",0,0.708096606890566,0.73,0.565,0
"AKT1",0,0.484964265795539,0.459,0.294,0
"SCCPDH",0,0.793846195598657,0.37,0.205,0
"HIBCH",0,0.36404484542624,0.386,0.221,0
"HIBADH",0,1.03896981366175,0.317,0.152,0
"ZMYND11",0,0.384768182737776,0.392,0.227,0
"CLUAP1",0,0.828391266262632,0.329,0.164,0
"EVA1C",0,1.6611108216708,0.252,0.087,0
"CDC42BPA",0,0.772716506322801,0.348,0.183,0
"BOLA3",0,0.696282067826047,0.434,0.269,0
"RYBP",0,0.418255848783367,0.427,0.262,0
"MAP9",0,0.851139743487146,0.301,0.136,0
"DNAJC2",0,0.314962328940836,0.437,0.272,0
"EFNB1",0,0.997330658161624,0.292,0.127,0
"PLXNA3",0,0.538767933610317,0.285,0.12,0
"IER5L",0,0.428548164209571,0.476,0.311,0
"C12orf10",0,0.454575325419991,0.435,0.27,0
"TECR",0,0.2816623191603,0.582,0.417,0
"CUTA",0,0.409649074763594,0.705,0.54,0
"NAP1L1",0,0.330528583801468,0.825,0.66,0
"COA5",0,0.520221338984391,0.402,0.238,0
"UQCRQ",0,0.880580124227222,0.741,0.577,0
"SEM1",0,0.651281287095473,0.802,0.638,0
"EMC10",0,0.342188334963409,0.53,0.366,0
"TMEM54",0,1.63179376282595,0.264,0.1,0
"TGFBR3",0,0.54718575945399,0.381,0.217,0
"SUCO",0,0.352191203370787,0.387,0.223,0
"PPP1R13B",0,1.18172574024025,0.261,0.097,0
"CRIPT",0,0.363408192748006,0.416,0.252,0
"MFF",0,0.345553748836387,0.486,0.322,0
"P4HTM",0,0.500565027332107,0.346,0.182,0
"GNL1",0,0.348868501940979,0.423,0.259,0
"EGFR",0,1.14578017388408,0.294,0.13,0
"MAGT1",0,0.433362344723159,0.429,0.265,0
"SC5D",0,0.371137162092975,0.3,0.136,0
"IFT43",0,0.707774640123968,0.349,0.185,0
"DUS1L",0,0.334149261654608,0.434,0.27,0
"TM9SF4",0,0.573469566303684,0.347,0.183,0
"RMND5A",0,0.519447500779399,0.324,0.161,0
"PARL",0,0.619889817658421,0.396,0.233,0
"COMTD1",0,0.742072357731031,0.317,0.154,0
"TMEM251",0,1.01853061381818,0.32,0.157,0
"KEAP1",0,0.677941843384231,0.329,0.166,0
"PINK1",0,0.715698213459546,0.362,0.199,0
"ZYG11B",0,0.642996963182581,0.357,0.194,0
"KCMF1",0,0.483172380010121,0.422,0.259,0
"APPL1",0,0.288625719855786,0.502,0.339,0
"NECTIN3",0,0.856335928496996,0.303,0.14,0
"TBL1XR1",0,0.595420896825965,0.575,0.412,0
"BAG6",0,0.425220339815551,0.418,0.255,0
"HTATSF1",0,0.310799722671751,0.428,0.265,0
"PUM3",0,0.338002725891107,0.431,0.268,0
"ZPR1",0,0.666929000532139,0.356,0.193,0
"MEG3",0,0.992435045024182,0.431,0.268,0
"CLEC11A",0,0.254638202117741,0.414,0.251,0
"LIMK2",0,1.05118376462638,0.285,0.122,0
"ATP5C1",0,0.666922844261478,0.708,0.545,0
"P4HB",0,0.66142583905473,0.697,0.534,0
"DDOST",0,0.443497431246438,0.68,0.518,0
"ZC3H15",0,0.379435269992803,0.639,0.477,0
"ECI2",0,0.586669275654395,0.465,0.303,0
"IGBP1",0,0.355400256927161,0.539,0.377,0
"PRPF19",0,0.573845609759369,0.336,0.174,0
"ATL3",0,0.42684968659157,0.457,0.295,0
"EIF4EBP2",0,0.314812750495362,0.46,0.298,0
"NARS",0,0.403569920180074,0.511,0.349,0
"PIGX",0,0.768327069472702,0.316,0.154,0
"TEAD3",0,1.54215516903783,0.253,0.091,0
"BET1",0,0.688290511520292,0.369,0.207,0
"PHF6",0,0.371551252767122,0.391,0.229,0
"ZRANB1",0,0.50864314235761,0.332,0.17,0
"METTL7A",0,0.703625352973746,0.37,0.208,0
"LONP1",0,0.760374470069616,0.332,0.17,0
"SLC25A1",0,0.589909028397145,0.392,0.23,0
"RCC2",0,0.348008350567007,0.437,0.275,0
"AKR7A2",0,0.409291962095266,0.49,0.328,0
"INTS3",0,0.404495130725346,0.354,0.192,0
"FLAD1",0,0.483730713577815,0.3,0.138,0
"GPC1",0,1.12473085585225,0.29,0.128,0
"BCL6",0,0.778008036783534,0.297,0.135,0
"PDCD6",0,0.433565340768131,0.625,0.463,0
"HNRNPAB",0,0.399254992340676,0.608,0.446,0
"MEA1",0,0.570745072697223,0.41,0.248,0
"MTURN",0,0.836900280588523,0.295,0.133,0
"B4GALT1",0,0.583049835160945,0.495,0.333,0
"MTCH2",0,0.584501511868935,0.413,0.251,0
"C1RL",0,0.909750604137352,0.286,0.124,0
"SIVA1",0,0.333373973281738,0.621,0.459,0
"KDSR",0,0.388537361191623,0.426,0.264,0
"TIMM44",0,0.415028581626202,0.355,0.193,0
"ELAVL1",0,0.341523883037586,0.479,0.317,0
"OTUD7B",0,0.815124019288046,0.275,0.114,0
"LTA4H",0,0.279877133275641,0.405,0.244,0
"SPART",0,0.398988487773666,0.453,0.292,0
"PSMC1",0,0.561901961073868,0.546,0.385,0
"C19orf53",0,0.633690462777676,0.774,0.613,0
"PIGP",0,0.634973607629139,0.405,0.244,0
"KIAA2013",0,0.399808078950664,0.395,0.234,0
"RPP38",0,0.533299105509277,0.304,0.143,0
"ATF5",0,0.955157043412082,0.321,0.16,0
"IGSF8",0,0.630120109574626,0.292,0.131,0
"CD46",0,0.310236734037314,0.609,0.448,0
"D2HGDH",0,0.552491184560885,0.29,0.129,0
"ENDOD1",0,0.482896190070921,0.348,0.187,0
"FDX1",0,1.8735740159637,0.472,0.311,0
"GTPBP4",0,0.321698386637974,0.416,0.255,0
"SEPHS1",0,0.748678589516775,0.346,0.185,0
"SFXN4",0,0.973231440146342,0.286,0.125,0
"IRF2BP2",0,0.361942923092083,0.567,0.406,0
"PDIA6",0,0.589794871251799,0.706,0.545,0
"ESD",0,0.313190715154774,0.564,0.403,0
"SSU72",0,0.483340149972393,0.658,0.498,0
"C1orf198",0,1.14335682369492,0.276,0.116,0
"AUP1",0,0.263079735020467,0.512,0.352,0
"NIT2",0,0.474339828128972,0.401,0.241,0
"SSR3",0,0.392871061091528,0.677,0.517,0
"TRIM2",0,1.39867103431158,0.263,0.103,0
"GNB2",0,0.476516102574221,0.666,0.506,0
"NAE1",0,0.402685565186615,0.401,0.241,0
"TEAD2",0,1.34488209313752,0.27,0.11,0
"WDR77",0,0.883505179911771,0.309,0.149,0
"EBP",0,0.621984326066017,0.384,0.224,0
"BRD3",0,0.370653732249389,0.38,0.22,0
"SPON1",0,2.17537718467836,0.312,0.152,0
"SLC11A2",0,0.560257579739133,0.313,0.153,0
"ASNSD1",0,0.452142939993428,0.408,0.248,0
"CHMP2B",0,0.387446953492358,0.441,0.281,0
"THOC3",0,0.956461309930526,0.289,0.129,0
"RIDA",0,1.10485955881201,0.292,0.132,0
"UTP23",0,0.428024135393684,0.363,0.203,0
"NET1",0,0.957538545769072,0.284,0.124,0
"PHYH",0,0.465714957927724,0.357,0.197,0
"RAB18",0,0.330038296806042,0.489,0.329,0
"CKAP4",0,0.346774041438988,0.416,0.256,0
"ATP5G1",0,0.481543945090462,0.625,0.465,0
"TPGS2",0,0.492486909205426,0.423,0.263,0
"RRAS",0,0.534846475595642,0.41,0.25,0
"SLC25A33",0,1.05682325195504,0.272,0.113,0
"CAPN2",0,0.295434131009831,0.554,0.395,0
"LIMCH1",0,1.07822298124849,0.263,0.104,0
"SRI",0,0.4285728499888,0.638,0.479,0
"IMMP2L",0,1.13907311656645,0.269,0.11,0
"ZDHHC9",0,1.3671642018737,0.262,0.103,0
"UBE2R2",0,0.275110482053085,0.513,0.354,0
"IARS",0,0.360414085259963,0.406,0.247,0
"MRPL23",0,0.4469479884077,0.406,0.247,0
"REEP3",0,0.520513229275505,0.406,0.247,0
"ARL1",0,0.375566216660041,0.507,0.348,0
"ATP5A1",0,0.603082105296902,0.677,0.518,0
"ABHD12",0,0.463887559721254,0.343,0.184,0
"SNRPD2",0,0.345688586757093,0.761,0.602,0
"ASAP2",0,1.37168675605641,0.258,0.099,0
"SMIM4",0,0.586506073591418,0.37,0.211,0
"TRPT1",0,0.771619989782759,0.301,0.142,0
"USP28",0,0.27546669129982,0.312,0.153,0
"CARM1",0,0.834674858651715,0.303,0.144,0
"ACBD3",0,0.401979856606128,0.485,0.326,0
"PRMT5",0,1.08057135624164,0.284,0.125,0
"TAX1BP3",0,0.631116442869469,0.422,0.263,0
"TXNL1",0,0.427318229338385,0.59,0.431,0
"SLC35C2",0,0.40361817454227,0.353,0.194,0
"SSB",0,0.318294465841458,0.692,0.533,0
"ENY2",0,0.489510571323454,0.709,0.55,0
"SOD1",0,0.45473691391378,0.827,0.668,0
"AURKAIP1",0,0.697817751148453,0.664,0.506,0
"TIMMDC1",0,0.440703571166694,0.447,0.289,0
"KPNA4",0,0.262995454983912,0.509,0.351,0
"UQCC2",0,0.626689803057563,0.519,0.361,0
"ZNF395",0,1.00615145373471,0.266,0.108,0
"LAMTOR1",0,0.518520489728456,0.628,0.47,0
"FOXRED1",0,0.900246325120262,0.26,0.102,0
"DHTKD1",0,0.755259261398029,0.271,0.113,0
"H2AFJ",0,0.458465687957031,0.541,0.383,0
"SRGAP1",0,0.997290448201347,0.331,0.173,0
"SNRPF",0,0.561481528722569,0.682,0.524,0
"NFATC4",0,1.29008024125599,0.275,0.117,0
"C20orf27",0,0.501126806394716,0.402,0.244,0
"MAFF",0,0.388178338494431,0.404,0.246,0
"KLHDC3",0,0.525791636901918,0.39,0.232,0
"ZNF618",0,0.665248895239077,0.317,0.159,0
"MRPL49",0,0.62299448302503,0.307,0.149,0
"PGM2L1",0,0.941828983259873,0.306,0.148,0
"ACAT1",0,0.607669205469134,0.389,0.231,0
"IVD",0,0.32771720195037,0.368,0.21,0
"RAB40B",0,1.3261329763909,0.257,0.099,0
"TMED1",0,0.67751961888956,0.372,0.214,0
"MPC2",0,0.611055493146613,0.566,0.408,0
"HIPK2",0,0.632831325258824,0.357,0.199,0
"ARCN1",0,0.4521961245136,0.47,0.312,0
"LETMD1",0,0.3848943214999,0.354,0.196,0
"BSG",0,0.453888871215139,0.699,0.541,0
"GALE",0,0.855293204015927,0.265,0.108,0
"TRAF3IP1",0,1.11451844642056,0.262,0.105,0
"ISOC1",0,0.571598514624914,0.329,0.172,0
"LSM5",0,0.467689607458306,0.547,0.39,0
"NAPEPLD",0,1.03443114393748,0.259,0.102,0
"STX3",0,0.907523935252467,0.271,0.114,0
"TRUB1",0,0.984260283675118,0.261,0.104,0
"KARS",0,0.370821479252204,0.457,0.3,0
"RBM42",0,0.315725834717604,0.45,0.293,0
"UBAP2",0,0.321070414229762,0.368,0.211,0
"GOLM1",0,0.589350509817318,0.362,0.205,0
"NYNRIN",0,1.36880763656511,0.254,0.097,0
"MEIS2",0,1.13728489607261,0.323,0.166,0
"NTHL1",0,0.974973501729548,0.318,0.161,0
"DNTTIP1",0,0.682626822650955,0.328,0.171,0
"EGLN1",0,0.603370301413656,0.347,0.19,0
"PLEKHA3",0,0.287953642533887,0.413,0.256,0
"SEC13",0,0.574260023022108,0.438,0.281,0
"ATOX1",0,0.568564138930174,0.59,0.433,0
"TCEAL3",0,0.563096765184696,0.421,0.264,0
"LAMP2",0,0.26215319078506,0.566,0.409,0
"COPS5",0,0.2700705487791,0.496,0.339,0
"HSPA12A",0,1.12297419311116,0.285,0.128,0
"FLYWCH2",0,0.52034132637935,0.408,0.251,0
"NDUFAB1",0,0.639439642443019,0.621,0.464,0
"LCMT1",0,0.602327190298225,0.358,0.201,0
"PKIG",0,0.779290726678304,0.347,0.19,0
"ELOF1",0,0.295166202871234,0.414,0.257,0
"MBOAT7",0,0.52473869683612,0.349,0.192,0
"RANBP1",0,0.324517432137497,0.617,0.46,0
"FAAP20",0,0.26982771102956,0.535,0.379,0
"VPS72",0,0.545569208635918,0.334,0.178,0
"GTF3C2",0,0.661028229461682,0.278,0.122,0
"IL1R1",0,0.68268346411669,0.343,0.187,0
"IMP4",0,0.45407847426122,0.403,0.247,0
"RPL39L",0,1.35118251289057,0.279,0.123,0
"NUDCD2",0,0.52024630341797,0.446,0.29,0
"ZNHIT1",0,0.538593933889662,0.663,0.507,0
"EMC2",0,0.485380625375124,0.401,0.245,0
"FADS3",0,0.822167752838089,0.279,0.123,0
"AGPAT2",0,0.612642280000526,0.369,0.213,0
"CHERP",0,0.281264391860279,0.321,0.165,0
"DDX49",0,0.518854449444016,0.36,0.204,0
"CPE",0,0.888081437045722,0.344,0.188,0
"ATP6AP1",0,0.318411829336644,0.499,0.343,0
"CSNK2A2",0,0.369104003684417,0.411,0.255,0
"MYO1C",0,0.542353645786301,0.41,0.254,0
"DPM1",0,0.57798673776148,0.413,0.257,0
"GART",0,0.304567249968296,0.358,0.202,0
"PSMG1",0,0.696452604239999,0.347,0.191,0
"TRAPPC3",0,0.421419027347352,0.439,0.284,0
"LMO4",0,0.475361556590173,0.546,0.391,0
"RNF5",0,0.445091633183877,0.395,0.24,0
"SNRPC",0,0.461031362827782,0.552,0.397,0
"ZNF3",0,0.63882437876068,0.273,0.118,0
"NAA10",0,0.52175694565517,0.518,0.363,0
"SAC3D1",0,0.938817061479531,0.272,0.117,0
"CSAD",0,0.790174359802142,0.34,0.185,0
"CBX5",0,0.29380177292385,0.509,0.354,0
"CCDC47",0,0.308766759005145,0.468,0.313,0
"PIAS2",0,0.574759931976948,0.333,0.178,0
"MPST",0,0.396211889216151,0.44,0.285,0
"ADIPOR1",0,0.476761586642578,0.384,0.229,0
"LAMTOR3",0,0.564190078690381,0.368,0.213,0
"C5orf42",0,0.528391831707251,0.319,0.164,0
"NFKBIL1",0,0.820030597917267,0.301,0.146,0
"MTUS1",0,0.614571192933095,0.374,0.219,0
"ALDH18A1",0,0.854895153132628,0.299,0.144,0
"CDH3",0,1.12943433702345,0.256,0.101,0
"ZNF397",0,0.365751965161862,0.32,0.165,0
"TUSC2",0,0.594778415184056,0.357,0.202,0
"SIL1",0,0.520167160591715,0.411,0.256,0
"AGPAT1",0,0.587320728097469,0.358,0.203,0
"DDX56",0,0.278940407524036,0.355,0.2,0
"TRIQK",0,1.14201744254442,0.283,0.128,0
"ISCA1",0,0.46175152762842,0.408,0.253,0
"SYNGR2",0,0.308963687416452,0.42,0.265,0
"SNRPD1",0,0.464355347048701,0.614,0.459,0
"ZMYND8",0,0.324906203807233,0.428,0.273,0
"MIR99AHG",0,0.886469131984569,0.344,0.189,0
"DNAJC10",0,0.45517736094453,0.447,0.293,0
"POLR1C",0,0.886627356780181,0.264,0.11,0
"PM20D2",0,0.767228261401651,0.257,0.103,0
"STAR",0,1.87888414878834,0.328,0.174,0
"FAM120A",0,0.321501889763387,0.543,0.389,0
"DOCK1",0,0.873216152431162,0.333,0.179,0
"RAB11A",0,0.290098036847319,0.549,0.395,0
"GPS1",0,0.47928219548642,0.397,0.243,0
"TIMM50",0,0.625263901635035,0.331,0.177,0
"UROD",0,0.579704660245319,0.386,0.232,0
"RNF8",0,0.471188857504056,0.318,0.164,0
"UBE3C",0,0.269017452512558,0.372,0.218,0
"KIAA0368",0,0.411774063948606,0.367,0.213,0
"HNRNPUL2",0,0.412614802728436,0.381,0.227,0
"PFKP",0,0.471461351258025,0.369,0.215,0
"EMG1",0,0.410081377879582,0.369,0.215,0
"SHMT2",0,0.750854357707123,0.358,0.204,0
"MMAB",0,0.943939686190882,0.319,0.165,0
"DCTPP1",0,0.637554243887481,0.379,0.225,0
"DYNLL2",0,0.30953053713023,0.358,0.204,0
"NDUFA7",0,0.548102318397857,0.378,0.224,0
"CAPZA2",0,0.335082997704427,0.577,0.423,0
"BCAP31",0,0.535049481385189,0.611,0.457,0
"CHD4",0,0.305967344606427,0.586,0.432,0
"SMARCD2",0,0.384957261169743,0.349,0.195,0
"TRIP10",0,1.0344175274096,0.291,0.137,0
"TNPO2",0,0.664409341627907,0.293,0.139,0
"FARSA",0,0.437536973141288,0.345,0.191,0
"PPDPF",0,1.08767136978122,0.83,0.676,0
"NDUFB4",0,0.398195881463799,0.738,0.585,0
"RPN1",0,0.589797486260976,0.527,0.374,0
"NELFE",0,0.419696028787832,0.449,0.296,0
"NDUFA8",0,0.511596663290697,0.465,0.312,0
"MRPS2",0,0.675869584445674,0.342,0.189,0
"ARL2BP",0,0.433699843795784,0.455,0.302,0
"MANBAL",0,0.742819910145764,0.337,0.184,0
"MRPS12",0,0.455402391633302,0.453,0.3,0
"SPATC1L",0,1.01619685081464,0.281,0.128,0
"RALGPS2",0,0.813928121366678,0.296,0.143,0
"CYB5R1",0,0.551712634471721,0.316,0.163,0
"KDM3A",0,0.411285478831876,0.294,0.141,0
"ORC4",0,0.340237722705987,0.316,0.163,0
"HLTF",0,0.396416455744435,0.357,0.204,0
"TXLNG",0,0.449146543580867,0.305,0.152,0
"FBXL6",0,0.647229709365247,0.25,0.097,0
"COMMD5",0,0.510737307503454,0.364,0.211,0
"CKAP5",0,0.419986028221826,0.358,0.205,0
"ALG8",0,0.571763480712042,0.303,0.15,0
"IFI27L1",0,0.775505799030165,0.369,0.216,0
"RAE1",0,0.558131327195144,0.301,0.148,0
"ADPRHL2",0,0.581276508372258,0.345,0.192,0
"IRS1",0,1.20802791559762,0.284,0.131,0
"PYURF",0,0.372151586572936,0.579,0.426,0
"P4HA2",0,1.01952923802572,0.292,0.139,0
"RPF2",0,0.721255856321692,0.353,0.2,0
"PTPRK",0,0.894085412163286,0.283,0.13,0
"RAD21",0,0.254761522031139,0.602,0.449,0
"CPSF7",0,0.307954642351738,0.356,0.203,0
"MRPL52",0,0.562085361078901,0.567,0.414,0
"PABPN1",0,0.702571379652968,0.616,0.463,0
"FBXO17",0,1.20484273359865,0.288,0.135,0
"CAMK2N1",0,0.941214092830596,0.326,0.174,0
"DCAF8",0,0.330090427912511,0.336,0.184,0
"GTF2IRD2",0,0.595260850963078,0.278,0.126,0
"SSBP1",0,0.568351082112432,0.721,0.569,0
"TCIM",0,2.21275760974194,0.261,0.109,0
"VPS28",0,0.390487081363941,0.745,0.593,0
"P4HA1",0,0.570983079087854,0.437,0.285,0
"XPOT",0,0.612548233363392,0.335,0.183,0
"YY1",0,0.263432021082196,0.626,0.474,0
"LYRM1",0,0.610095246595282,0.325,0.173,0
"NFE2L1",0,0.31636085109243,0.438,0.286,0
"DNASE2",0,0.345337397939541,0.395,0.243,0
"ACYP2",0,0.478148457288845,0.301,0.149,0
"SRPK1",0,0.258225537141912,0.383,0.231,0
"METTL2B",0,0.469103498893585,0.308,0.156,0
"RNF170",0,0.492206194519784,0.305,0.153,0
"USP5",0,0.66820847642098,0.31,0.158,0
"GDE1",0,0.646957825565369,0.366,0.214,0
"C16orf58",0,0.666736121069727,0.303,0.151,0
"C3",0,0.726767202659702,0.379,0.227,0
"KANK2",0,0.454748146745826,0.38,0.228,0
"ZNF431",0,0.272048183030935,0.385,0.233,0
"RRP1",0,0.632707011726572,0.297,0.145,0
"TARBP1",0,0.368630803015463,0.29,0.138,0
"LRRC58",0,0.303613470133112,0.412,0.26,0
"USO1",0,0.350552702168825,0.481,0.329,0
"TMA16",0,0.331687403006457,0.411,0.259,0
"TBL2",0,0.820751025394295,0.291,0.139,0
"UBE2V2",0,0.354466861405425,0.481,0.329,0
"ERC1",0,0.480500256998042,0.354,0.202,0
"BABAM1",0,0.321275532974999,0.411,0.259,0
"NDUFS5",0,0.762589668296867,0.836,0.684,0
"PEX10",0,1.05301631173582,0.259,0.108,0
"SRM",0,0.369156496590033,0.518,0.367,0
"SDHB",0,0.406295554034947,0.45,0.299,0
"PALMD",0,0.76544654815021,0.262,0.111,0
"SUMO1",0,0.481459738009183,0.652,0.501,0
"NAA50",0,0.263039455384095,0.447,0.296,0
"FAIM",0,0.988287975378743,0.281,0.13,0
"RNF7",0,0.269914803023899,0.654,0.503,0
"EIF2B5",0,0.302579403965453,0.333,0.182,0
"OCIAD1",0,0.254464683565606,0.652,0.501,0
"MRPS30",0,0.27661786321595,0.337,0.186,0
"NDUFA2",0,0.441976264281568,0.67,0.519,0
"BZW2",0,0.6139852235587,0.34,0.189,0
"USP11",0,0.294999426803949,0.392,0.241,0
"C8orf59",0,0.390419747254134,0.684,0.533,0
"TRMT112",0,0.518598827689829,0.795,0.644,0
"MLH3",0,0.393683345480692,0.324,0.173,0
"AHSA1",0,0.271460800473289,0.524,0.373,0
"NUTF2",0,0.358349909729679,0.458,0.307,0
"ZNF217",0,0.550004434121163,0.39,0.239,0
"SNRPA",0,0.329369419571408,0.396,0.245,0
"URB1",0,0.952090168555076,0.263,0.112,0
"AKAP12",0,0.593848660568821,0.379,0.228,0
"SWI5",0,0.678599258756857,0.357,0.206,0
"COQ4",0,0.316222967909108,0.379,0.228,0
"LRP3",0,1.0220553934899,0.312,0.161,0
"FBXO9",0,0.293969058668997,0.413,0.262,0
"ELOC",0,0.442392362636583,0.602,0.451,0
"CKS2",0,0.465465207359496,0.349,0.198,0
"C1QBP",0,0.502075765816285,0.578,0.427,0
"PLPP3",0,0.272781665320933,0.391,0.241,0
"CAMSAP2",0,0.693843042211925,0.34,0.19,0
"METTL5",0,0.39549402479123,0.455,0.305,0
"HIGD1A",0,0.641928781606197,0.401,0.251,0
"RARS",0,0.47258049791643,0.385,0.235,0
"NOP16",0,1.01843037220243,0.275,0.125,0
"RCC1L",0,0.506845069325437,0.334,0.184,0
"SGCE",0,0.650521619285982,0.341,0.191,0
"FDFT1",0,0.372808784992124,0.405,0.255,0
"OSR2",0,1.30216315045456,0.273,0.123,0
"NSMCE2",0,0.399590294840026,0.337,0.187,0
"CCDC34",0,1.36446730497103,0.274,0.124,0
"GPR137",0,0.814928708259046,0.268,0.118,0
"ZNF22",0,0.322859214430567,0.455,0.305,0
"TRAPPC2L",0,0.381795724658615,0.509,0.359,0
"OSER1",0,0.448834032761358,0.338,0.188,0
"FDX2",0,0.815201242045624,0.268,0.118,0
"AHDC1",0,0.834864797344762,0.291,0.141,0
"TMBIM1",0,0.348116380457533,0.367,0.217,0
"BRD8",0,0.357545106076808,0.319,0.169,0
"C6orf106",0,0.513403603435522,0.304,0.154,0
"TMEM14A",0,0.418037865034119,0.357,0.207,0
"FKBP9",0,0.301860763158921,0.375,0.225,0
"CBWD1",0,0.329747338964324,0.363,0.213,0
"FAM120AOS",0,0.364953166349701,0.361,0.211,0
"PTRH1",0,0.937334183213549,0.31,0.16,0
"ESRRA",0,0.357374522598875,0.302,0.152,0
"FURIN",0,0.664091325502318,0.303,0.153,0
"DNAJC5",0,0.484357496871896,0.301,0.151,0
"NDFIP1",0,0.347038307288429,0.605,0.455,0
"ZCCHC17",0,0.289852748858365,0.404,0.255,0
"GOLPH3L",0,0.879181079668475,0.263,0.114,0
"RDH14",0,0.42368167631939,0.342,0.193,0
"PNO1",0,0.656097855735143,0.322,0.173,0
"POLE4",0,0.317838387494842,0.495,0.346,0
"THAP4",0,0.861845925012992,0.281,0.132,0
"UBE2E2",0,0.844620273689738,0.323,0.174,0
"PAK1IP1",0,0.659291647739656,0.321,0.172,0
"UBL4A",0,0.805375131266217,0.271,0.122,0
"VDAC3",0,0.332506506263109,0.534,0.385,0
"NDUFB6",0,0.472327134271483,0.504,0.355,0
"IPO7",0,0.327068439329434,0.461,0.312,0
"MRPL42",0,0.263839478227095,0.466,0.317,0
"SEC11A",0,0.435697761768808,0.737,0.588,0
"GPX4",0,0.463420563540295,0.754,0.605,0
"FAM32A",0,0.296061077798317,0.448,0.299,0
"ZNF146",0,0.412836258663032,0.343,0.194,0
"PIP5K1A",0,0.43525044807146,0.309,0.16,0
"DCUN1D1",0,0.429598063222978,0.355,0.206,0
"TRIM27",0,0.265586001003429,0.379,0.23,0
"DLD",0,0.429436406866149,0.36,0.211,0
"KLHDC10",0,0.74656267375972,0.292,0.143,0
"PSMD4",0,0.253669364530432,0.577,0.428,0
"MSMO1",0,0.812562808370852,0.347,0.198,0
"RBM10",0,0.252864291903046,0.348,0.199,0
"SLC7A2",0,1.11350188780495,0.289,0.14,0
"PSMB7",0,0.348527178394925,0.584,0.435,0
"SNRPA1",0,0.366079106577601,0.43,0.281,0
"SAT2",0,0.43604681567448,0.571,0.422,0
"DESI2",0,0.446370356054361,0.396,0.248,0
"ATP5G3",0,0.75427867802721,0.763,0.615,0
"SEC62",0,0.425429622468072,0.782,0.634,0
"NDUFAF2",0,0.469522249923909,0.406,0.258,0
"HDDC2",0,0.424181648457888,0.444,0.296,0
"ALG2",0,0.542495571934408,0.323,0.175,0
"PCBP2",0,0.336198940413289,0.795,0.647,0
"AMFR",0,0.466433830757051,0.329,0.181,0
"ATMIN",0,0.446267691917441,0.328,0.18,0
"ANAPC11",0,0.513481528986627,0.631,0.483,0
"POLR2F",0,0.267879550769908,0.545,0.397,0
"ELOVL1",0,0.300099992419569,0.366,0.218,0
"GGPS1",0,0.261222154059046,0.363,0.215,0
"SLC26A2",0,0.934368118992817,0.297,0.149,0
"ENDOG",0,0.796054210760575,0.302,0.154,0
"CCND1",0,0.722020787938405,0.302,0.154,0
"RFNG",0,0.472570614276233,0.364,0.216,0
"PTRHD1",0,0.407957234332496,0.427,0.279,0
"UCHL1",0,1.30726384985379,0.283,0.135,0
"GOLPH3",0,0.343194201674382,0.407,0.259,0
"NANS",0,0.513915955045594,0.424,0.276,0
"NUDT21",0,0.301627963833443,0.427,0.279,0
"PIK3R3",0,0.676175265764678,0.26,0.113,0
"DBT",0,0.548778236711153,0.279,0.132,0
"WDR3",0,0.772828728002284,0.257,0.11,0
"PFDN2",0,0.407118212075105,0.647,0.5,0
"KCTD3",0,1.15118720863969,0.275,0.128,0
"DYNC2LI1",0,1.04738280069215,0.272,0.125,0
"BMPR2",0,0.290263207954995,0.393,0.246,0
"RPE",0,0.396245754624759,0.32,0.173,0
"USP46",0,0.870807420329067,0.281,0.134,0
"FAT1",0,0.921910886329728,0.273,0.126,0
"TNS3",0,0.534210372501607,0.343,0.196,0
"SLC25A6",0,0.542504542525576,0.837,0.69,0
"EFR3A",0,0.333527750226578,0.433,0.286,0
"PNMA1",0,0.622429487573794,0.333,0.186,0
"ALDOA",0,1.03808822663626,0.879,0.732,0
"ZFPM1",0,0.314938148044354,0.327,0.18,0
"SERTAD3",0,0.604463702442427,0.326,0.179,0
"POMGNT1",0,0.52731858951569,0.291,0.144,0
"STAMBP",0,0.285221121263042,0.356,0.209,0
"RNF103",0,0.625627531937657,0.293,0.146,0
"LSG1",0,0.300022589469954,0.314,0.167,0
"GRPEL1",0,0.437488433292415,0.366,0.219,0
"SRF",0,0.757914216166371,0.293,0.146,0
"PAK1",0,0.322442001444967,0.317,0.17,0
"ZNF32",0,0.428456566724127,0.368,0.221,0
"MRPL46",0,0.540696025987971,0.299,0.152,0
"ARFGEF2",0,0.476726736966954,0.291,0.144,0
"TIMM17A",0,0.408345150257097,0.408,0.261,0
"PDLIM5",0,0.719676585290834,0.409,0.262,0
"CSNK1A1",0,0.250052677241632,0.698,0.551,0
"PRCC",0,0.389660053676935,0.331,0.185,0
"C1orf27",0,0.424681097912284,0.318,0.172,0
"FARSB",0,0.791986613142791,0.267,0.121,0
"FYTTD1",0,0.32650898352942,0.452,0.306,0
"IL6ST",0,0.439135738466364,0.522,0.376,0
"SIMC1",0,0.910973854917352,0.251,0.105,0
"BPHL",0,1.07024614447187,0.252,0.106,0
"TCEAL8",0,0.362087904772082,0.496,0.35,0
"SLC25A5",0,0.716692283646021,0.686,0.54,0
"DCAF10",0,0.394846556972136,0.327,0.181,0
"PAAF1",0,0.584664700509987,0.281,0.135,0
"COPZ1",0,0.366984413023914,0.548,0.402,0
"CBX1",0,0.427755762431175,0.439,0.293,0
"SUMO3",0,0.344986645209734,0.5,0.354,0
"AGL",0,0.330856553294735,0.296,0.15,0
"MTHFD2",0,0.644094978303202,0.35,0.204,0
"TSN",0,0.397060663023101,0.378,0.232,0
"PTPRG",0,0.728311712815731,0.31,0.164,0
"GNPNAT1",0,0.966572269766728,0.292,0.146,0
"UCKL1",0,0.434586622080146,0.289,0.143,0
"ZNF581",0,0.758704340768551,0.298,0.152,0
"TST",0,0.929803909046059,0.302,0.156,0
"MRPL17",0,0.554400575088221,0.427,0.281,0
"PSENEN",0,0.333593611532155,0.421,0.275,0
"NCL",0,0.43065424347443,0.819,0.673,0
"PSMG2",0,0.261456941656105,0.556,0.411,0
"PEX19",0,0.76985716836639,0.276,0.131,0
"AIDA",0,0.299925228963892,0.436,0.291,0
"MSH2",0,0.603177420465496,0.27,0.125,0
"GORASP2",0,0.366111018081722,0.393,0.248,0
"TMEM237",0,1.22436014785758,0.254,0.109,0
"BRK1",0,0.383847652140317,0.724,0.579,0
"SDHAF3",0,0.590816282215002,0.322,0.177,0
"ATP6V1G1",0,0.472673100121235,0.767,0.622,0
"ANAPC15",0,0.660873309810219,0.326,0.181,0
"TMEM126B",0,0.312323221802568,0.45,0.305,0
"CHCHD1",0,0.411547731471027,0.515,0.37,0
"MYOF",0,0.952592642441849,0.333,0.188,0
"SMIM10L1",0,0.346503958873616,0.402,0.257,0
"SP1",0,0.395027500540035,0.339,0.194,0
"DCN",0,0.276604037886467,0.445,0.3,0
"CNIH1",0,0.403558134091861,0.458,0.313,0
"ITPK1",0,0.534651736442266,0.27,0.125,0
"FAHD1",0,0.775718220886783,0.279,0.134,0
"LSM14B",0,0.699483760233738,0.259,0.114,0
"ASNA1",0,0.328460175211993,0.459,0.314,0
"UBE2M",0,0.379187004364024,0.55,0.405,0
"PFKL",0,0.31561113115487,0.44,0.295,0
"RNASEH1",0,0.634201200267968,0.304,0.159,0
"FASTKD2",0,0.349678642405101,0.295,0.15,0
"ING5",0,0.265222375897579,0.293,0.148,0
"UNC45A",0,0.276969141359714,0.358,0.213,0
"TSR1",0,0.612612935746722,0.307,0.162,0
"TWSG1",0,0.547879792796138,0.354,0.209,0
"XAB2",0,0.427336834450062,0.312,0.167,0
"NDUFAF3",0,0.312956582505457,0.57,0.425,0
"HIST1H1C",0,0.634399726904231,0.419,0.274,0
"ETFRF1",0,0.50724854588606,0.345,0.2,0
"SYNJ2BP",0,0.402758143308747,0.344,0.199,0
"MTG2",0,0.398300277868573,0.283,0.138,0
"TXNDC17",0,0.512035166118121,0.557,0.413,0
"SCP2",0,0.365242408768944,0.627,0.483,0
"C1orf123",0,0.319514805845516,0.433,0.289,0
"SERBP1",0,0.350806141406163,0.811,0.667,0
"EHBP1",0,0.610581438206478,0.328,0.184,0
"SENP2",0,0.372679440883858,0.269,0.125,0
"HGSNAT",0,0.255851850714046,0.403,0.259,0
"TMEM179B",0,0.397653445026587,0.504,0.36,0
"LPCAT3",0,0.607205104573718,0.28,0.136,0
"FERMT2",0,0.403313001368807,0.387,0.243,0
"TTC8",0,1.20196737725519,0.257,0.113,0
"NSFL1C",0,0.311374332218119,0.391,0.247,0
"TGIF2",0,0.679658250719914,0.256,0.112,0
"ATP5J",0,0.596102331435536,0.781,0.637,0
"PEX13",0,0.311081731143928,0.299,0.155,0
"WDR75",0,0.360397676001429,0.291,0.147,0
"ANKRD37",0,1.13657975686582,0.296,0.152,0
"PSMG4",0,0.504184867947244,0.349,0.205,0
"MEPCE",0,0.362583967897557,0.29,0.146,0
"FAM207A",0,0.441213924055546,0.357,0.213,0
"MZT2B",0,0.414612174483548,0.819,0.675,0
"ZMPSTE24",0,0.475961827042098,0.332,0.189,0
"RNF11",0,0.473302528716962,0.387,0.244,0
"LRRFIP2",0,0.327804347876992,0.392,0.249,0
"AMOTL2",0,1.19405419356648,0.263,0.12,0
"NMD3",0,0.538478701633339,0.331,0.188,0
"STK19",0,0.460005200737829,0.317,0.174,0
"UXT",0,0.286535736339339,0.655,0.512,0
"NBDY",0,0.285028152529016,0.522,0.379,0
"HPRT1",0,0.400672855368173,0.391,0.248,0
"IFT74",0,0.968379024521573,0.267,0.124,0
"PSMC3",0,0.316384959232146,0.514,0.371,0
"NNMT",0,0.331849494119146,0.323,0.18,0
"DPAGT1",0,0.660293086484541,0.281,0.138,0
"ZNF248",0,0.874859664774622,0.252,0.109,0
"CS",0,0.430169387868349,0.323,0.18,0
"NDUFB10",0,0.33149827434689,0.673,0.53,0
"SH2B1",0,0.308743319271764,0.268,0.125,0
"ENOSF1",0,0.306289595658961,0.321,0.178,0
"POFUT1",0,0.975398492921581,0.258,0.115,0
"EEF2",0,0.567635295819047,0.881,0.738,0
"BST2",0,0.628410435189302,0.852,0.709,0
"UTP11",0,0.446711771813733,0.369,0.226,0
"SDC2",0,0.484466761788814,0.376,0.233,0
"TGIF1",0,0.284828460935806,0.373,0.23,0
"BTBD2",0,0.639324167853222,0.294,0.151,0
"SIN3B",0,0.39037308742118,0.307,0.164,0
"CTU1",0,0.479389819489939,0.311,0.168,0
"DGCR2",0,0.475912008244391,0.291,0.148,0
"MDH1",0,0.356525742283318,0.574,0.431,0
"RALA",0,0.277775095317514,0.469,0.326,0
"IDH3G",0,0.256428228525932,0.486,0.343,0
"RRP15",0,0.256265525146457,0.338,0.196,0
"GGCX",0,0.4149475629183,0.334,0.192,0
"UBE2E1",0,0.352075010914259,0.4,0.258,0
"TMEM115",0,0.599753284520959,0.314,0.172,0
"RPL22L1",0,0.373009433770883,0.65,0.508,0
"IQCG",0,0.642683672785382,0.326,0.184,0
"TBCA",0,0.332244580680815,0.737,0.595,0
"ICK",0,0.830237540989515,0.264,0.122,0
"TMX2",0,0.310071977891868,0.378,0.236,0
"TSFM",0,0.561538867188959,0.316,0.174,0
"SEH1L",0,0.736843196066119,0.28,0.138,0
"HMG20B",0,0.389283263623614,0.389,0.247,0
"MRPL34",0,0.281343591854843,0.495,0.353,0
"CSTB",0,0.718514334591957,0.764,0.622,0
"APEH",0,0.369224671212814,0.313,0.171,0
"GPX3",0,0.924576393290877,0.29,0.148,0
"RAB9A",0,0.270731120551857,0.375,0.233,0
"PLPP5",0,0.400489222345079,0.376,0.234,0
"SIGMAR1",0,0.566359249471916,0.308,0.166,0
"KIF1BP",0,0.898626783441151,0.293,0.151,0
"STK38L",0,0.607962146385332,0.29,0.148,0
"GOT2",0,0.518963844747081,0.306,0.164,0
"PITPNA",0,0.501888097349917,0.362,0.22,0
"IFT52",0,0.758016318080381,0.303,0.161,0
"PKNOX1",0,0.446096798126682,0.305,0.163,0
"SEC61A1",0,0.250014658983084,0.474,0.332,0
"TIMM10",0,0.439362494806401,0.417,0.275,0
"RTFDC1",0,0.265912641026443,0.554,0.413,0
"MRPL20",0,0.417662684738152,0.657,0.516,0
"LYPLA2",0,0.337460688650608,0.334,0.193,0
"ACSL3",0,0.297023383749164,0.38,0.239,0
"LARP1B",0,0.619029830866995,0.279,0.138,0
"DPY19L4",0,0.736531639480995,0.276,0.135,0
"LMO7",0,1.03663490327264,0.25,0.109,0
"C14orf2",0,0.798500280306081,0.77,0.629,0
"SPG21",0,0.280442097783824,0.435,0.294,0
"ACOT8",0,0.547511612047734,0.264,0.123,0
"FAM20B",0,0.557812077086321,0.286,0.145,0
"CPSF3",0,0.485608145932689,0.286,0.145,0
"GTF3C3",0,0.370252957218227,0.283,0.142,0
"MRPL48",0,0.574551460343447,0.296,0.155,0
"MBIP",0,0.604493211670363,0.308,0.167,0
"SUCLG2",0,0.276938123456526,0.408,0.267,0
"MED19",0,0.35902642189614,0.344,0.203,0
"MRPS7",0,0.362341786752783,0.469,0.328,0
"LTBP4",0,0.279915414326318,0.417,0.276,0
"HSPE1",0,0.783990869514038,0.824,0.683,0
"HSP90B1",0,0.324611338342487,0.813,0.672,0
"RTRAF",0,0.314576678062996,0.689,0.548,0
"PPP4C",0,0.31419000475447,0.548,0.408,0
"UAP1",0,0.407517215932949,0.341,0.201,0
"PIGC",0,0.311740925757349,0.33,0.19,0
"WDR12",0,0.877358592990737,0.255,0.115,0
"SUMF1",0,0.927415171056325,0.273,0.133,0
"THUMPD3",0,0.380620148239856,0.321,0.181,0
"ZNF322",0,0.347602583878543,0.326,0.186,0
"HIKESHI",0,0.452991144628951,0.455,0.315,0
"SUPV3L1",0,0.297713394005003,0.254,0.114,0
"PTGES3",0,0.36454363171735,0.793,0.653,0
"PAPOLA",0,0.325430691919212,0.684,0.544,0
"MRPS34",0,0.310150166252395,0.538,0.398,0
"NDUFAF8",0,0.49729458286416,0.522,0.382,0
"OXLD1",0,0.370181544242833,0.331,0.191,0
"ADRM1",0,0.485153981539152,0.495,0.355,0
"HDGFL2",0,0.320605340412853,0.381,0.241,0
"ZNF444",0,0.551016355083068,0.263,0.123,0
"DRG1",0,0.50132092079869,0.32,0.18,0
"LRRC47",0,0.357632722504135,0.298,0.158,0
"GMCL1",0,0.284306979092705,0.305,0.165,0
"IRAK1",0,0.46235214282667,0.344,0.204,0
"FBXO18",0,0.291309052418329,0.347,0.207,0
"ARFGAP1",0,0.388839106283623,0.295,0.155,0
"CBY1",0,0.781052686713309,0.308,0.168,0
"TRAM1",0,0.354353498571916,0.59,0.45,0
"NDUFA9",0,0.351866720247683,0.421,0.281,0
"CTNNBIP1",0,0.619502641190867,0.317,0.178,0
"MRPL9",0,0.285400015106302,0.387,0.248,0
"GPATCH4",0,0.347405536634365,0.33,0.191,0
"RHOQ",0,0.396330619350339,0.386,0.247,0
"DCTN1",0,0.314435376573691,0.382,0.243,0
"TOMM70",0,0.470062572575913,0.333,0.194,0
"SENP5",0,0.324417305459037,0.325,0.186,0
"NUDT9",0,0.587144898857546,0.327,0.188,0
"SEC61G",0,0.655312305131667,0.736,0.597,0
"MRPS17",0,0.830861972505664,0.269,0.13,0
"PKM",0,0.591097564250698,0.716,0.577,0
"TP53",0,0.573890200517094,0.325,0.186,0
"POLDIP2",0,0.520496762741621,0.34,0.201,0
"USP14",0,0.271252546939009,0.446,0.307,0
"CYTH2",0,0.309708196152421,0.379,0.24,0
"CREB3",0,0.564838335435689,0.348,0.209,0
"LYRM4",0,0.603818035769689,0.343,0.205,0
"MAPK3",0,0.37869847056986,0.343,0.205,0
"PHKG2",0,0.282198054848286,0.281,0.143,0
"RBMXL1",0,0.399286804077316,0.267,0.129,0
"NUP54",0,0.257349756127777,0.341,0.203,0
"DCTD",0,0.462246420415963,0.376,0.238,0
"C5orf15",0,0.36335150654499,0.375,0.237,0
"PSMC2",0,0.270855534138203,0.434,0.296,0
"TM7SF3",0,0.278951218069847,0.339,0.201,0
"NAB2",0,0.989840855754127,0.251,0.113,0
"ATP6V1D",0,0.5949341798569,0.445,0.307,0
"EIF2S1",0,0.538391958816952,0.437,0.299,0
"EIF2S2",0,0.371825200727227,0.674,0.536,0
"MICAL3",0,0.756108216833332,0.255,0.117,0
"RNPEP",0,0.359410806038152,0.352,0.214,0
"C2orf74",0,0.636127180225879,0.289,0.151,0
"SLC30A9",0,0.51456182238329,0.307,0.169,0
"PSMD10",0,0.479114318348941,0.307,0.169,0
"ARL5B",0,0.358684498232975,0.355,0.217,0
"KIF3B",0,0.309053796295415,0.302,0.164,0
"DDA1",0,0.267364757967917,0.361,0.223,0
"PSMB2",0,0.342692823857608,0.589,0.451,0
"AC005261.2",0,0.259795603380371,0.341,0.204,0
"DNAJC11",0,0.464978237082533,0.25,0.113,0
"YBX1",0,0.57904778464173,0.883,0.746,0
"POGK",0,0.431628427970593,0.275,0.138,0
"EIF2D",0,0.529357150360631,0.311,0.174,0
"ACTR1B",0,0.310718150550387,0.324,0.187,0
"COPS8",0,0.441568425310174,0.402,0.265,0
"SMIM20",0,0.479662773174672,0.384,0.247,0
"RRS1",0,0.693688130984804,0.256,0.119,0
"HINT2",0,0.376047007548288,0.396,0.259,0
"TSPAN9",0,0.825598450305074,0.274,0.137,0
"KHNYN",0,0.344576037798768,0.272,0.135,0
"ZNF592",0,0.560455301239965,0.25,0.113,0
"PCGF2",0,0.980652487799552,0.271,0.134,0
"ST6GAL1",0,0.716469115660226,0.305,0.168,0
"NSG1",0,0.733666029526838,0.297,0.16,0
"GJA1",0,0.730856998872982,0.359,0.222,0
"IMMP1L",0,0.406833191159725,0.298,0.161,0
"RAB11FIP2",0,0.31703306631862,0.305,0.168,0
"SMUG1",0,0.623284316898981,0.283,0.146,0
"CINP",0,0.492887256726594,0.345,0.208,0
"ALKBH5",0,0.315954190976818,0.36,0.223,0
"RBPMS",0,0.580584631761217,0.341,0.205,0
"PARK7",0,0.319886009597883,0.797,0.661,0
"MAIP1",0,0.707302264168861,0.252,0.116,0
"QDPR",0,0.484070605208945,0.328,0.192,0
"ZDHHC4",0,0.5471491706526,0.311,0.175,0
"MCM7",0,0.490305177251687,0.275,0.139,0
"NUDCD1",0,0.877541307254772,0.255,0.119,0
"LIN7C",0,0.33201036944075,0.332,0.196,0
"SESN3",0,0.512251526328965,0.379,0.243,0
"EIF2AK4",0,0.326791082125741,0.393,0.257,0
"SULT1A1",0,0.708186046452301,0.255,0.119,0
"ERF",0,0.687394512438789,0.274,0.138,0
"UBE4B",0,0.366727341349252,0.283,0.147,0
"MAP4K3",0,0.654062692750311,0.286,0.15,0
"CYBRD1",0,0.753304512774602,0.348,0.212,0
"RAI14",0,0.786488928382491,0.295,0.159,0
"FAM92A",0,0.970240324787898,0.29,0.154,0
"PACS2",0,0.412964764239639,0.298,0.162,0
"FKBP10",0,0.31241529865857,0.37,0.234,0
"RNASEH2C",0,0.37650576598063,0.563,0.427,0
"HACD2",0,0.667422205639814,0.28,0.145,0
"FAM199X",0,0.326941471838375,0.276,0.141,0
"PDCD11",0,0.416168458950943,0.277,0.142,0
"PLOD1",0,0.559735582752594,0.371,0.236,0
"CHML",0,0.555441153999825,0.275,0.14,0
"CDKN2AIP",0,0.295110578995446,0.307,0.172,0
"NCOA7",0,0.533365048235618,0.432,0.297,0
"DPP3",0,0.722854399676267,0.25,0.115,0
"DYNLL1",0,0.385567127757363,0.859,0.724,0
"TRAF7",0,0.47904013208271,0.32,0.185,0
"DCTN5",0,0.257470341918194,0.335,0.2,0
"EIF5A",0,0.373525991566949,0.66,0.525,0
"COA3",0,0.31438494108212,0.45,0.315,0
"STMN3",0,0.5743048680973,0.258,0.123,0
"NDUFA11",0,0.330314120929913,0.709,0.574,0
"SVBP",0,0.363605986437162,0.367,0.232,0
"KYAT3",0,0.650208056746029,0.286,0.151,0
"YKT6",0,0.477787431360378,0.292,0.157,0
"ELK1",0,0.583662671397229,0.295,0.16,0
"GOLGA5",0,0.525412961763278,0.291,0.156,0
"CHP1",0,0.482826714889505,0.353,0.218,0
"PRKACA",0,0.298203745051494,0.407,0.272,0
"SELENOH",0,0.29781053901943,0.695,0.56,0
"EIF2B4",0,0.287897973200992,0.281,0.147,0
"PDRG1",0,0.551334425680089,0.281,0.147,0
"OCEL1",0,0.413072278414503,0.281,0.147,0
"UQCRH",0,0.880638503314921,0.808,0.674,0
"TAGLN2",0,0.401876190268599,0.703,0.569,0
"PDGFC",0,0.973302994650595,0.254,0.12,0
"DAP",0,0.453465412524355,0.384,0.25,0
"SKP1",0,0.409794524125535,0.846,0.712,0
"HIP1",0,0.334922079281903,0.315,0.181,0
"C7orf49",0,0.738555411624766,0.264,0.13,0
"SLC20A2",0,0.371682003900103,0.261,0.127,0
"RFK",0,0.563729729987988,0.308,0.174,0
"LDHB",0,0.448633943400854,0.726,0.592,0
"ITPRIPL2",0,0.43137239496607,0.386,0.252,0
"CPD",0,0.4412208605839,0.326,0.192,0
"IER3IP1",0,0.419238148133426,0.468,0.334,0
"SCAP",0,0.430752244694372,0.299,0.165,0
"PSMG3",0,0.437244585001149,0.344,0.21,0
"C2orf68",0,0.269909783481259,0.274,0.141,0
"ZNF330",0,0.253018188994031,0.342,0.209,0
"GALNT7",0,0.528470831778527,0.279,0.146,0
"TP53BP2",0,0.5258815594902,0.27,0.137,0
"GALNT2",0,0.366863306542924,0.369,0.236,0
"RIOX2",0,0.708486021253949,0.258,0.125,0
"PPA2",0,0.512524433773256,0.331,0.198,0
"GNPDA1",0,0.360318052886901,0.323,0.19,0
"APOOL",0,0.515211645056097,0.26,0.127,0
"CCDC25",0,0.314501217420284,0.392,0.259,0
"VTI1B",0,0.445363942659673,0.437,0.304,0
"SCAND1",0,0.300338578570644,0.636,0.503,0
"EXOSC5",0,0.707378673299083,0.263,0.13,0
"ITSN1",0,0.595942552846229,0.311,0.178,0
"DSTYK",0,0.327850344931001,0.295,0.162,0
"GEMIN6",0,0.44815582445745,0.285,0.152,0
"GMPR2",0,0.304442688431051,0.346,0.213,0
"CLCC1",0,0.412009428855324,0.278,0.146,0
"CRYBG3",0,0.834586232371496,0.274,0.142,0
"C8orf76",0,0.398760400914152,0.279,0.147,0
"TOMM5",0,0.457284764148102,0.339,0.207,0
"VAMP3",0,0.405200820098696,0.37,0.238,0
"ABCD3",0,0.631608719090259,0.269,0.137,0
"RING1",0,0.334256977564198,0.329,0.197,0
"SMIM30",0,0.399787559547828,0.389,0.257,0
"EIF4EBP1",0,0.540272520429807,0.415,0.283,0
"TMEM68",0,0.481344975944854,0.256,0.124,0
"MRPS11",0,0.300356775596608,0.403,0.271,0
"DHX40",0,0.380247509834038,0.308,0.176,0
"PSMD12",0,0.3348535191041,0.435,0.303,0
"SLC41A3",0,0.533899135595152,0.301,0.169,0
"TRIM8",0,0.344357168660339,0.346,0.214,0
"ENDOV",0,0.382342927840092,0.286,0.154,0
"FOXK2",0,0.434624986564179,0.284,0.152,0
"PTGFRN",0,0.629847176190438,0.28,0.149,0
"SORBS2",0,1.2238997250057,0.276,0.145,0
"PANK3",0,0.277038354785017,0.337,0.206,0
"NPEPL1",0,0.350025900624395,0.278,0.147,0
"JTB",0,0.349822919575718,0.678,0.547,0
"COX5B",0,0.783938202801316,0.832,0.701,0
"COPS7B",0,0.283711919170475,0.269,0.138,0
"RBM15B",0,0.483886962822587,0.304,0.173,0
"PIK3CA",0,0.276844895343537,0.314,0.183,0
"CLOCK",0,0.26935583312977,0.324,0.193,0
"SLC10A3",0,0.681396152279262,0.254,0.123,0
"VBP1",0,0.296961441015993,0.417,0.286,0
"FAM103A1",0,0.306040509908861,0.37,0.239,0
"MRPS23",0,0.405014068132696,0.387,0.256,0
"CENPX",0,0.392457999571103,0.414,0.283,0
"CEP68",0,0.42851046390439,0.289,0.158,0
"CCNC",0,0.379082403716473,0.365,0.234,0
"MID1IP1",0,0.40775919063735,0.292,0.161,0
"CDC37L1",0,0.361786431300084,0.283,0.152,0
"CEBPG",0,0.505473136388706,0.293,0.162,0
"TEX261",0,0.435619706296752,0.281,0.151,0
"RUVBL1",0,0.402476777853988,0.343,0.213,0
"MRPL35",0,0.341467958944719,0.332,0.202,0
"LSM3",0,0.302927227287847,0.602,0.472,0
"MCTS1",0,0.378305038696713,0.462,0.332,0
"QSER1",0,0.382543427679212,0.331,0.201,0
"MRPL16",0,0.262199436902445,0.396,0.266,0
"DAAM1",0,0.261402107257128,0.365,0.235,0
"TSHZ1",0,0.428019225880519,0.325,0.195,0
"ZNF121",0,0.371831378627242,0.256,0.126,0
"TMEM161A",0,0.458464844450534,0.269,0.139,0
"ICMT",0,0.505762415890044,0.288,0.158,0
"LZIC",0,0.284005733850648,0.355,0.225,0
"ABCF2",0,0.446612366362116,0.283,0.153,0
"INF2",0,0.7394503286443,0.285,0.155,0
"SCAF1",0,0.278283448547612,0.292,0.162,0
"NAA38",0,0.250159549351344,0.578,0.448,0
"POLR2K",0,0.308554617776504,0.56,0.431,0
"TYW3",0,0.343313591099882,0.34,0.211,0
"ZFAND3",0,0.323124746548132,0.34,0.211,0
"PTGES2",0,0.334979850046805,0.339,0.21,0
"DHRS1",0,0.275421114610447,0.271,0.142,0
"PGD",0,0.472506773027678,0.303,0.174,0
"RUSC1",0,0.653150261091541,0.254,0.125,0
"ATP5I",0,0.677940174163314,0.823,0.694,0
"HINT3",0,0.585410424721334,0.257,0.128,0
"GARS",0,0.350276899883336,0.375,0.246,0
"VLDLR",0,0.905742238507905,0.25,0.121,0
"FIBP",0,0.258374752091795,0.476,0.347,0
"FADD",0,0.448209016825403,0.26,0.131,0
"FAM168A",0,0.551894630978786,0.264,0.135,0
"ERO1A",0,0.792870246038133,0.376,0.247,0
"SMARCB1",0,0.356440490765815,0.396,0.267,0
"TOMM22",0,0.28242007661924,0.474,0.345,0
"DDX41",0,0.304106283262736,0.283,0.154,0
"SSFA2",0,0.292462546369295,0.333,0.205,0
"ADAM9",0,0.399293945825768,0.337,0.209,0
"BCL10",0,0.484520470995958,0.325,0.197,0
"MPV17",0,0.260482126738696,0.383,0.255,0
"SLC35F5",0,0.464313728294499,0.307,0.179,0
"NDUFB3",0,0.403392439586676,0.613,0.485,0
"COPG1",0,0.321856367740803,0.368,0.24,0
"CCNI",0,0.398493064519094,0.833,0.705,0
"ARF5",0,0.391678787537348,0.506,0.378,0
"LAS1L",0,0.309638961060651,0.265,0.137,0
"SEC61B",0,0.384075768598224,0.792,0.664,0
"GON7",0,0.701620226540542,0.255,0.127,0
"MRPL27",0,0.260867607645643,0.474,0.346,0
"CDC34",0,0.330306411020078,0.322,0.194,0
"NFU1",0,0.328195970013191,0.344,0.216,0
"TM2D2",0,0.3122904199765,0.352,0.224,0
"RNF40",0,0.321686124076535,0.286,0.158,0
"ATP5H",0,0.351756356974593,0.689,0.561,0
"SCML1",0,0.658850497611286,0.28,0.153,0
"BCKDK",0,0.481393775311417,0.332,0.205,0
"CRELD1",0,0.366605321974586,0.299,0.172,0
"DNAJB11",0,0.447268631221141,0.404,0.277,0
"UTP14A",0,0.566744235244971,0.253,0.126,0
"RPS17",0,0.81778587682971,0.906,0.779,0
"ZC3H7B",0,0.27163973726254,0.314,0.187,0
"EXOSC7",0,0.286041326867588,0.344,0.217,0
"VARS",0,0.378044656611469,0.288,0.161,0
"AR",0,1.2022511835208,0.286,0.159,0
"MTHFS",0,0.261739088581107,0.288,0.161,0
"B4GALT2",0,0.942824517172488,0.269,0.143,0
"TBL1X",0,0.499213546896765,0.267,0.141,0
"COPS7A",0,0.385746878804154,0.334,0.208,0
"MFN2",0,0.508150035229783,0.253,0.127,0
"SLC16A1",0,0.650533928806204,0.301,0.175,0
"POLR2D",0,0.388720838090722,0.264,0.138,0
"FAM168B",0,0.312359373938206,0.305,0.179,0
"PSMA2",0,0.335408006847915,0.6,0.474,0
"PDZD11",0,0.302304290491849,0.377,0.251,0
"C15orf61",0,0.424466270427841,0.301,0.175,0
"RPL17",0,0.259140840148989,0.73,0.604,0
"TAF6",0,0.401126007648229,0.282,0.156,0
"SLC4A2",0,0.382305294611562,0.286,0.16,0
"NDN",0,0.688103652672753,0.345,0.219,0
"SAMM50",0,0.329005043358551,0.356,0.23,0
"EFHC1",0,0.700393586023978,0.269,0.144,0
"PGM3",0,0.479638438966963,0.334,0.209,0
"FAM104B",0,0.608352869048144,0.276,0.151,0
"DCAF12",0,0.461510275493093,0.275,0.15,0
"SYVN1",0,0.307689739503904,0.273,0.148,0
"ARF1",0,0.436289934614813,0.749,0.624,0
"NOL10",0,0.470210283496892,0.264,0.139,0
"CALM2",0,0.391660303519123,0.871,0.746,0
"ATG9A",0,0.39722627807422,0.253,0.128,0
"BLVRA",0,0.286776545524466,0.364,0.239,0
"HSPA5",0,0.34675830737538,0.727,0.602,0
"BCAR1",0,0.81725138816102,0.257,0.132,0
"EFEMP1",0,0.373389138918364,0.286,0.161,0
"AC006453.2",0,0.76040666932212,0.285,0.16,0
"BDH2",0,0.366054079308332,0.354,0.229,0
"WWC2",0,0.850250718461011,0.286,0.161,0
"ISCA2",0,0.284984802533273,0.358,0.233,0
"SNHG18",0,0.83790283858029,0.268,0.144,0
"PRRC1",0,0.330805067574601,0.343,0.219,0
"KIF1C",0,0.641110793838818,0.281,0.157,0
"AKT1S1",0,0.396065350903414,0.274,0.15,0
"MTFR1L",0,0.424283864960564,0.298,0.174,0
"VPS54",0,0.284962030420146,0.254,0.13,0
"RNF181",0,0.302640584880602,0.527,0.403,0
"NOA1",0,0.53059426085655,0.264,0.14,0
"MRPS18C",0,0.300082558385176,0.486,0.362,0
"HMGCS1",0,0.342521424722362,0.324,0.2,0
"HSP90AB1",0,0.833665283854844,0.938,0.814,0
"COX6C",0,0.81745992080819,0.87,0.746,0
"NPM3",0,1.01563938016219,0.263,0.139,0
"SEC23IP",0,0.318694840543029,0.307,0.183,0
"C20orf24",0,0.335273197275592,0.486,0.362,0
"WTIP",0,1.088591295174,0.255,0.131,0
"PREB",0,0.350262929397506,0.284,0.16,0
"SLC33A1",0,0.250247343576947,0.291,0.167,0
"CCNQ",0,0.375647364240406,0.282,0.158,0
"NABP2",0,0.4868021285525,0.29,0.166,0
"TOGARAM1",0,0.358397958751451,0.288,0.164,0
"AARS",0,0.516076314122729,0.291,0.167,0
"ACOX1",0,0.481818589009811,0.283,0.159,0
"PTPA",0,0.334990604834855,0.343,0.22,0
"TMEM59",0,0.275528102180304,0.761,0.638,0
"LAMTOR2",0,0.26706996247541,0.508,0.385,0
"UBE2D2",0,0.252315729622051,0.666,0.543,0
"ARHGAP12",0,0.343424947475051,0.254,0.131,0
"RDH11",0,0.638091526667569,0.407,0.284,0
"THRA",0,0.60598571337304,0.284,0.161,0
"NCLN",0,0.445250986975139,0.291,0.168,0
"GSTA4",0,1.6385972263699,0.268,0.146,0
"SCRN1",0,0.862312359784454,0.264,0.142,0
"PRPF4",0,0.344560830464955,0.27,0.148,0
"YARS2",0,0.269935770439292,0.267,0.145,0
"TMEM5",0,0.375404755187169,0.272,0.15,0
"PXMP2",0,0.759654073521428,0.264,0.142,0
"RNF24",0,0.552241110931868,0.268,0.146,0
"ENO1",0,0.847614780021846,0.791,0.669,0
"NRAS",0,0.415108245411634,0.294,0.172,0
"SNRPG",0,0.411993334321983,0.671,0.549,0
"KLHDC8B",0,0.975224409902099,0.256,0.134,0
"CCNG2",0,0.454821240410279,0.321,0.199,0
"ATG13",0,0.359760266876618,0.256,0.134,0
"BAG3",0,0.3017704614304,0.313,0.191,0
"SLCO3A1",0,0.559574660622762,0.312,0.19,0
"NMRAL1",0,0.277199777087182,0.319,0.197,0
"TP53RK",0,0.339149702078207,0.301,0.179,0
"GCDH",0,0.255150879642624,0.257,0.135,0
"CEP89",0,0.501356428422025,0.252,0.13,0
"MAGOHB",0,0.301753512122178,0.344,0.222,0
"GLB1",0,0.362420818245729,0.325,0.204,0
"RPP25L",0,0.369088592721819,0.272,0.151,0
"RPP30",0,0.267110250053737,0.332,0.211,0
"NDRG2",0,0.802532452978072,0.331,0.21,0
"NDUFS6",0,0.515382187028276,0.667,0.546,0
"HIVEP1",0,0.264969458716882,0.261,0.14,0
"SMIM8",0,0.607803719274679,0.258,0.137,0
"COX8A",0,0.404933738330463,0.763,0.642,0
"EMC8",0,0.403638897616783,0.316,0.195,0
"PEMT",0,0.817171913412436,0.25,0.129,0
"NDUFV2",0,0.391808169930467,0.644,0.523,0
"PEPD",0,0.471800809607549,0.397,0.276,0
"CLN5",0,0.265138317723178,0.346,0.225,0
"GUCD1",0,0.409012970033875,0.283,0.162,0
"FAM98A",0,0.431030350318806,0.33,0.21,0
"UMPS",0,0.408847837078062,0.261,0.141,0
"HDDC3",0,0.295156750175081,0.279,0.159,0
"SLC39A6",0,0.369822223729493,0.331,0.211,0
"HMGCL",0,0.325861347820062,0.298,0.178,0
"GXYLT2",0,0.937024000848406,0.251,0.131,0
"ARFIP1",0,0.316579015014415,0.309,0.189,0
"DBN1",0,0.454075025719345,0.301,0.181,0
"CSTF3",0,0.315134888112446,0.302,0.182,0
"CUEDC2",0,0.299419749968887,0.437,0.317,0
"ARFIP2",0,0.417247922225578,0.285,0.165,0
"ECSIT",0,0.457446680946858,0.291,0.171,0
"SSBP2",0,0.494916870570494,0.28,0.161,0
"DERA",0,0.581907354636467,0.28,0.161,0
"EMC9",0,0.43155117858306,0.262,0.143,0
"DHRS3",0,0.846445530109178,0.319,0.2,0
"NPM1",0,0.737293233137982,0.904,0.785,0
"LDHA",0,0.589182345503326,0.763,0.644,0
"SPATA20",0,0.295959373503466,0.293,0.174,0
"NUDT16",0,0.51608041358095,0.288,0.169,0
"PAPSS1",0,0.704953714161276,0.342,0.224,0
"SLC25A13",0,0.265277669397894,0.268,0.15,0
"ZC2HC1A",0,0.594940162745725,0.275,0.157,0
"SIAH1",0,0.600583331762611,0.262,0.144,0
"IMPACT",0,0.55242278271034,0.277,0.159,0
"COPS9",0,0.26952633036102,0.671,0.553,0
"MRPS22",0,0.267358773824961,0.354,0.236,0
"ARMCX2",0,0.920856510277727,0.258,0.14,0
"GAS1",0,0.629631956468595,0.257,0.139,0
"RBMS2",0,0.623386705384555,0.255,0.137,0
"RPP25",0,0.790076258465912,0.258,0.14,0
"FAM210A",0,0.540516502943561,0.255,0.137,0
"WIZ",0,0.473146471248007,0.252,0.134,0
"EEF1AKMT2",0,0.358108154975932,0.285,0.167,0
"TMED9",0,0.316491191839105,0.584,0.466,0
"STK16",0,0.353417738472331,0.264,0.147,0
"YBEY",0,0.340203665067749,0.281,0.164,0
"MED30",0,0.278321435996471,0.303,0.186,0
"ING1",0,0.308677030594861,0.297,0.18,0
"ZNF426",0,0.37115008524445,0.257,0.14,0
"ZNF580",0,0.322867264958486,0.352,0.235,0
"CHCHD10",0,0.62867544070998,0.502,0.385,0
"ZNF275",0,0.519492463462902,0.286,0.169,0
"MLLT1",0,0.391881162750854,0.288,0.171,0
"SLC35F6",0,0.404029734481106,0.278,0.162,0
"IDH3A",0,0.427845440101508,0.27,0.154,0
"NPRL3",0,0.311344967633607,0.277,0.161,0
"CIAPIN1",0,0.445811421687605,0.27,0.154,0
"ANAPC13",0,0.253604154001522,0.351,0.235,0
"GAR1",0,0.351762319703068,0.316,0.2,0
"NDUFB2",0,0.445882699128685,0.738,0.622,0
"PRPS2",0,0.842548294519951,0.289,0.173,0
"ZNF462",0,0.991271134375664,0.25,0.134,0
"SNAPC1",0,0.551643456875649,0.272,0.157,0
"FOPNL",0,0.34462830901089,0.277,0.162,0
"LRRC75A",0,0.876668300064207,0.275,0.16,0
"ATP5J2",0,0.722426252902759,0.739,0.624,0
"POLR2L",0,0.466937073064754,0.717,0.602,0
"COX16",0,0.308036894059319,0.296,0.181,0
"NDUFB1",0,0.514183861812454,0.673,0.558,0
"MLST8",0,0.477893526847251,0.255,0.14,0
"LRRC59",0,0.463010453154816,0.388,0.273,0
"ADGRL2",0,0.604693436392626,0.275,0.161,0
"SLC30A1",0,0.277279112587601,0.261,0.147,0
"SAP30L",0,0.334305161921668,0.269,0.155,0
"ACOT13",0,0.314616965193071,0.322,0.208,0
"TWISTNB",0,0.280668712038279,0.341,0.227,0
"ERLIN2",0,0.497568634402943,0.259,0.145,0
"TKFC",0,0.561349341282325,0.258,0.144,0
"NREP",0,0.416226999909075,0.299,0.185,0
"MUT",0,0.486374454899348,0.25,0.136,0
"DYRK4",0,0.407026173825526,0.292,0.178,0
"FKBP3",0,0.413014943557711,0.481,0.367,0
"ANXA11",0,0.314042440138872,0.545,0.432,0
"NDUFAF4",0,0.469699990759245,0.28,0.167,0
"ZBED1",0,0.3412932724797,0.27,0.157,0
"TRUB2",0,0.429595572871636,0.258,0.145,0
"UCHL3",0,0.519590226275621,0.335,0.222,0
"CENPB",0,0.297011339776194,0.322,0.209,0
"SKIL",0,0.386367207558205,0.476,0.363,0
"JMJD8",0,0.316320184436462,0.295,0.182,0
"CALR",0,0.488683882766256,0.795,0.682,0
"HSPB6",0,1.2237849749274,0.251,0.138,0
"APOL1",0,0.971334059723741,0.313,0.2,0
"EMC1",0,0.2674627313665,0.274,0.162,0
"EXTL2",0,0.886725207119508,0.276,0.164,0
"TAF13",0,0.592106860173519,0.257,0.145,0
"OSMR",0,0.632668566546059,0.267,0.155,0
"TPMT",0,0.389907131785964,0.264,0.152,0
"SLC35B2",0,0.418079529472942,0.265,0.153,0
"NDUFB11",0,0.39672793565851,0.69,0.578,0
"COX7B",0,0.782639576201067,0.721,0.609,0
"NT5C3B",0,0.592344336266843,0.285,0.173,0
"DPH5",0,0.489878051300657,0.256,0.145,0
"GLRX2",0,0.346338235693353,0.267,0.156,0
"GPN1",0,0.294070121398593,0.259,0.148,0
"RIOK1",0,0.321059909548821,0.274,0.163,0
"C11orf74",0,0.958278417713559,0.254,0.143,0
"MTHFD1",0,0.298039820786697,0.26,0.149,0
"CD40",0,0.427075626888437,0.266,0.155,0
"C1orf21",0,0.407877666218196,0.291,0.18,0
"DHRS4L2",0,0.336752421648291,0.359,0.248,0
"MINOS1",0,0.258826152749928,0.684,0.574,0
"CTTNBP2NL",0,0.501195635954867,0.276,0.166,0
"GBA",0,0.278215854408161,0.251,0.141,0
"FAHD2A",0,0.34863335515613,0.268,0.158,0
"ALCAM",0,0.356655845063181,0.255,0.145,0
"LINC01184",0,0.382672489959687,0.252,0.142,0
"MTHFD1L",0,0.617980339705449,0.256,0.146,0
"TCEAL1",0,0.35158238971539,0.34,0.23,0
"INAFM1",0,0.450060421746216,0.278,0.168,0
"ZNF677",0,0.520064796375936,0.251,0.141,0
"TTC28",0,0.755744164692575,0.262,0.152,0
"CDC42EP1",0,0.988109884045116,0.266,0.156,0
"ATP6V0B",0,0.285326235329949,0.612,0.502,0
"PGM1",0,0.481039049051612,0.308,0.198,0
"TMEM126A",0,0.291583775517098,0.361,0.251,0
"RAN",0,0.277588915843008,0.733,0.623,0
"PDIA3",0,0.344475960755902,0.747,0.637,0
"NDUFA13",0,0.375540208121107,0.73,0.62,0
"C6orf203",0,0.413473354156557,0.255,0.146,0
"CD47",0,0.455787880077704,0.59,0.481,0
"PHLDB1",0,0.544332362325222,0.3,0.191,0
"ST3GAL4",0,0.531802655139165,0.302,0.193,0
"IGF2",0,3.02808336471918,0.252,0.144,0
"ATF1",0,0.273299187246047,0.264,0.156,0
"C3orf58",0,0.278798141611497,0.291,0.183,0
"CHCHD2",0,0.531093225284981,0.856,0.748,0
"NDUFA1",0,0.604224016416576,0.761,0.653,0
"USMG5",0,0.735996223268712,0.751,0.643,0
"ATP5G2",0,0.315636232079827,0.844,0.736,0
"ABRAXAS1",0,0.482084664801055,0.27,0.163,0
"THOC6",0,0.253508973405055,0.26,0.153,0
"HSCB",0,0.384326703914376,0.259,0.152,0
"EVI5",0,0.566196742609875,0.287,0.18,0
"ENOPH1",0,0.255030622516456,0.29,0.183,0
"CHTF8",0,0.258646740467962,0.279,0.173,0
"LMCD1",0,0.520410548714377,0.268,0.162,0
"WDFY3",0,0.41137107780459,0.262,0.156,0
"TMEM159",0,0.638017960720306,0.27,0.164,0
"CMTM6",0,0.668963392834576,0.535,0.43,0
"WFS1",0,0.469466235355055,0.27,0.165,0
"SGCB",0,0.377217632897533,0.308,0.203,0
"PGK1",0,0.522442579843734,0.646,0.541,0
"OAF",0,0.278867749291029,0.322,0.218,0
"EIF2B2",0,0.344181098869831,0.266,0.162,0
"JDP2",0,0.499364316216317,0.271,0.167,0
"MRPL45",0,0.522603660344817,0.262,0.158,0
"MRPS28",0,0.272984355441189,0.292,0.188,0
"STX18",0,0.37456517112551,0.277,0.174,0
"PDK4",0,0.762710124202317,0.254,0.151,0
"FXYD6",0,0.652662750606274,0.315,0.212,0
"SPATS2",0,0.289477732278153,0.32,0.217,0
"WRB",0,0.533695043616644,0.27,0.167,0
"TRIO",0,0.411319139717485,0.294,0.191,0
"ELOB",0,0.380214646264297,0.82,0.717,0
"TRIB2",0,0.535770641747743,0.298,0.196,0
"SEPT10",0,0.535357498624821,0.301,0.199,0
"PLIN3",0,0.291128103253347,0.41,0.308,0
"RPL36A",0,0.416203650025621,0.865,0.764,0
"LY6E",0,0.792737358348647,0.785,0.684,0
"COX6A1",0,0.261219427177437,0.763,0.662,0
"DEXI",0,0.257562653680527,0.298,0.197,0
"UQCR10",0,0.291330618255187,0.75,0.649,0
"MTAP",0,0.320982691572331,0.277,0.177,0
"MOCS2",0,0.437096222689465,0.314,0.214,0
"ACO1",0,0.427586476794232,0.269,0.169,0
"APIP",0,0.33242745269442,0.286,0.186,0
"HINT1",0,0.482587350603682,0.808,0.709,0
"ATPIF1",0,0.436664063241827,0.738,0.639,0
"UQCRB",0,0.447044590358472,0.881,0.783,0
"FXYD1",0,0.557011856055465,0.273,0.176,0
"HS2ST1",0,0.555582007723704,0.256,0.159,0
"MT2A",0,0.614474481592549,0.751,0.654,0
"UCP2",0,0.401771933637036,0.398,0.302,0
"SNX4",0,0.29867459604571,0.26,0.164,0
"GSS",0,0.272079256478814,0.258,0.162,0
"RPS26",0,0.649624625261923,0.868,0.772,0
"HOMER3",0,0.443764140673241,0.284,0.188,0
"COX6B1",0,0.446547379520217,0.814,0.718,0
"ATP5L",0,0.480639998411818,0.869,0.774,0
"APRT",0,0.287269944239971,0.687,0.593,0
"EXT2",0,0.3278544380891,0.273,0.179,0
"PSMA7",0,0.407537230329112,0.782,0.689,0
"GLMP",0,0.289246718673194,0.254,0.161,0
"EEF1B2",0,0.362752280231613,0.879,0.786,0
"CCDC71L",0,0.289893481835919,0.26,0.168,0
"RPL7",0,0.78316852835406,0.93,0.839,0
"RAB32",0,0.36278958585285,0.303,0.212,0
"VAT1",0,0.346716535316118,0.312,0.221,0
"RPLP0",0,0.748986723154708,0.944,0.853,0
"FUOM",0,0.342104304661631,0.262,0.172,0
"GUK1",0,0.37659222977609,0.773,0.683,0
"PPIA",0,0.354663144332213,0.895,0.806,0
"COX4I1",0,0.388393003656436,0.864,0.775,0
"RPS5",0,0.647832025731563,0.915,0.827,0
"SH3D19",0,0.457476948823338,0.268,0.182,0
"COPS4",0,0.264432487337859,0.309,0.223,0
"RPL4",0,0.583992179673811,0.895,0.81,0
"RHOBTB3",0,0.526198360378347,0.393,0.309,0
"GNG5",0,0.256494000842675,0.711,0.627,0
"IER2",0,0.361096642882189,0.806,0.723,0
"S100A10",0,0.278419152358043,0.769,0.686,0
"HNRNPA1",0,0.389578125025867,0.883,0.8,0
"MCC",0,0.568469753738573,0.277,0.195,0
"OST4",0,0.29031169704061,0.848,0.766,0
"COX7A2",0,0.323990832784877,0.74,0.658,0
"GTF3C6",0,0.303841707921215,0.51,0.429,0
"PABPC1",0,0.37064279577966,0.887,0.806,0
"RPL5",0,0.720493655628597,0.944,0.865,0
"UBL5",0,0.323264620080729,0.824,0.745,0
"SH3PXD2A",0,0.276537204570438,0.305,0.227,0
"EIF4A2",0,0.274408271328914,0.858,0.78,0
"BTF3",0,0.355650147015663,0.861,0.783,0
"RPL10A",0,0.567829392561678,0.94,0.862,0
"S100A6",0,1.11819336452904,0.934,0.857,0
"C9orf16",0,0.277430898027333,0.615,0.538,0
"RPL31",0,0.54432654808042,0.89,0.814,0
"GNAS",0,0.880969776593355,0.924,0.848,0
"PSD3",0,0.850697308670419,0.257,0.181,0
"NEAT1",0,0.653080979339305,0.854,0.929,0
"EEF1D",0,0.460989766056428,0.903,0.829,0
"RPL22",0,0.729100746007788,0.947,0.873,0
"ACTG1",0,0.306004776533817,0.96,0.886,0
"GAPDH",0,0.923288838655973,0.95,0.877,0
"RPS10",0,0.359591010878975,0.9,0.828,0
"IDH2",0,0.29038695097562,0.432,0.36,0
"COX7C",0,0.263179745553621,0.868,0.797,0
"MYL6",0,0.284934062243869,0.939,0.874,0
"PDGFRA",0,0.273383330688202,0.279,0.215,0
"BNC2",0,0.404817287152632,0.263,0.2,0
"SULF2",0,0.388345816045314,0.323,0.26,0
"JUNB",0,0.325064246072412,0.858,0.795,0
"RACK1",0,0.574594755370584,0.938,0.876,0
"TMBIM6",0,0.336030237157524,0.816,0.754,0
"RPSA",0,0.416249779822692,0.925,0.866,0
"RPL23",0,0.514185721105838,0.907,0.849,0
"RPS13",0,0.398518738174098,0.925,0.868,0
"H3F3A",0,0.489857559437006,0.939,0.882,0
"RPS3A",0,0.539093646157915,0.953,0.896,0
"RPL8",0,1.10291358538555,0.976,0.919,0
"RPS21",0,0.507754026354088,0.924,0.868,0
"NACA",0,0.445867261084213,0.939,0.883,0
"CCNL1",0,0.441735231461549,0.761,0.707,0
"RPL35A",0,0.618255440226482,0.954,0.9,0
"RPS7",0,0.478109928054936,0.956,0.903,0
"RPS20",0,0.521937139657416,0.925,0.873,0
"RPS8",0,0.747596191443105,0.965,0.914,0
"FTH1",0,0.924429139061981,0.979,0.932,0
"RPL15",0,0.529081942547719,0.959,0.913,0
"RPS3",0,0.521334967863013,0.964,0.918,0
"RPL12",0,0.509529229334183,0.955,0.91,0
"RPS25",0,0.389134319350134,0.948,0.903,0
"RPL24",0,0.427215017549972,0.939,0.895,0
"RPL9",0,0.470765391989453,0.946,0.902,0
"RPL18",0,0.48536275726592,0.95,0.907,0
"RPL21",0,0.304032487455382,0.936,0.894,0
"RPL6",0,0.274513442447661,0.938,0.896,0
"RPL3",0,0.529634730992672,0.956,0.914,0
"RPL29",0,0.590393693939768,0.954,0.914,0
"RPL18A",0,0.544615071346577,0.968,0.928,0
"RPS4X",0,0.484970577842773,0.968,0.929,0
"RPS6",0,0.534945638998504,0.958,0.919,0
"RPS11",0,0.467691431116431,0.943,0.904,0
"RPL39",0,0.400367956776969,0.965,0.927,0
"RPL7A",0,0.450341007906912,0.945,0.907,0
"RPS9",0,0.420524912427862,0.951,0.913,0
"RPS27A",0,0.539353667805314,0.973,0.936,0
"RPL37A",0,0.651780653811988,0.97,0.933,0
"RPL14",0,0.33153422625653,0.947,0.91,0
"RPS14",0,0.414092700463035,0.969,0.932,0
"RPS28",0,0.268484070210658,0.962,0.925,0
"RPL38",0,0.336176901189501,0.928,0.892,0
"RPS16",0,0.513509920518765,0.952,0.916,0
"RPS12",0,0.396601223854137,0.965,0.932,0
"RPL36",0,0.472847852806787,0.951,0.918,0
"RPL37",0,0.52834111971982,0.974,0.942,0
"RPL11",0,0.353115518794405,0.963,0.931,0
"RPL30",0,0.359538974255637,0.966,0.934,0
"RPL35",0,0.340213570702273,0.951,0.919,0
"RPL27A",0,0.303407885992654,0.95,0.918,0
"RPL32",0,0.370564412247322,0.965,0.934,0
"RPS24",0,0.372557750761054,0.967,0.937,0
"RPL13A",0,0.50703987952321,0.969,0.94,0
"S100A11",0,0.464013629919228,0.797,0.769,0
"RPS23",0,0.274145326152579,0.952,0.924,0
"RPS2",0,0.474002435408099,0.971,0.945,0
"RPL10",0,0.38190427782246,0.979,0.955,0
"PTMA",0,0.362297238979507,0.975,0.952,0
"RPS18",0,0.571905824452889,0.982,0.959,0
"RPL41",0,0.313115746193935,0.986,0.964,0
"RPL13",0,0.429050716439026,0.986,0.967,0
"EEF1A1",0,0.319084205510934,0.988,0.972,0
"RPLP1",0,0.287150158766714,0.984,0.969,0
"FAM198B",4.66293670342566e-14,0.330139965602289,0.288,0.256,1.04081410157164e-09
