"","p_val","avg_log2FC","pct.1","pct.2","p_val_adj"
"MKI67",0,5.2487239469393,0.874,0.052,0
"NUSAP1",0,5.08436187664406,0.81,0.066,0
"TOP2A",0,5.51923195808902,0.777,0.049,0
"CENPF",0,4.73346613442142,0.802,0.081,0
"ASPM",0,5.76745937233107,0.746,0.047,0
"TYMS",0,4.68531468330644,0.74,0.079,0
"TPX2",0,4.84795407876293,0.702,0.055,0
"KNL1",0,5.58761468377866,0.667,0.03,0
"PCLAF",0,4.22319800115777,0.712,0.075,0
"PRC1",0,4.37887839111486,0.683,0.061,0
"GTSE1",0,5.5334731018867,0.647,0.026,0
"CDK1",0,4.6145606196264,0.662,0.053,0
"ZWINT",0,4.38316341022044,0.665,0.062,0
"TACC3",0,3.4264830959119,0.692,0.091,0
"KIF20B",0,3.20157778409619,0.743,0.149,0
"UBE2C",0,4.79808841533509,0.642,0.051,0
"CENPE",0,4.96762756878475,0.628,0.041,0
"BIRC5",0,4.69825348976399,0.63,0.044,0
"SMC2",0,3.23153551073625,0.753,0.168,0
"MAD2L1",0,3.90460620376225,0.661,0.077,0
"SMC4",0,3.0262919979513,0.885,0.303,0
"EZH2",0,3.45140187435009,0.698,0.118,0
"AURKB",0,5.18707282455634,0.604,0.026,0
"PTTG1",0,3.35243154569403,0.747,0.171,0
"KIF11",0,4.92842349461455,0.612,0.036,0
"LMNB1",0,3.07584899191519,0.681,0.111,0
"CENPK",0,3.10697029654211,0.632,0.068,0
"CLSPN",0,4.81188792001779,0.599,0.037,0
"NCAPG",0,5.12900111104923,0.584,0.025,0
"CENPM",0,3.70029897231535,0.618,0.06,0
"KIFC1",0,5.03793015996499,0.583,0.03,0
"DLGAP5",0,5.6027413527909,0.573,0.024,0
"PHF19",0,2.89952463901207,0.671,0.123,0
"CDKN3",0,4.47971251384926,0.603,0.056,0
"ARHGAP11A",0,3.8858639872704,0.59,0.053,0
"RRM2",0,5.40769906205366,0.564,0.029,0
"TK1",0,3.99597071442673,0.597,0.062,0
"UBE2T",0,3.92967689877973,0.62,0.086,0
"CEP55",0,4.58431727775569,0.564,0.031,0
"FANCI",0,3.88719267887379,0.591,0.058,0
"NDC80",0,3.7336328569091,0.585,0.054,0
"NUF2",0,4.88673735737823,0.559,0.03,0
"ATAD2",0,3.09849273542571,0.675,0.147,0
"FOXM1",0,4.59159707428533,0.565,0.038,0
"HMMR",0,4.96697124776312,0.552,0.029,0
"SGO1",0,4.85434664205193,0.552,0.032,0
"NSD2",0,2.78140369172565,0.684,0.165,0
"ASF1B",0,4.53492714225024,0.556,0.037,0
"SGO2",0,4.03104065819888,0.593,0.078,0
"CENPW",0,2.98680441718161,0.624,0.112,0
"CCNA2",0,4.81637824642217,0.538,0.027,0
"KIF23",0,4.95855462688452,0.545,0.035,0
"NUDT1",0,2.53115123089313,0.722,0.214,0
"BRCA2",0,3.46320887370157,0.577,0.069,0
"CCNB2",0,4.95003779278669,0.543,0.037,0
"SPC25",0,5.59014964812225,0.516,0.018,0
"TMPO",0,2.45606906045998,0.866,0.371,0
"DTYMK",0,2.73040257926282,0.684,0.191,0
"C21orf58",0,4.08022525988229,0.56,0.068,0
"KIF2C",0,4.82754825098503,0.513,0.025,0
"ORC6",0,3.52783356546628,0.552,0.068,0
"RAD51AP1",0,3.87780541597034,0.532,0.049,0
"KIF15",0,5.745161482589,0.499,0.017,0
"HMGB2",0,3.58669041786782,0.951,0.47,0
"FEN1",0,3.6463926213571,0.567,0.087,0
"ARHGAP11B",0,3.56546031392407,0.533,0.055,0
"CKS1B",0,2.92347483184843,0.72,0.243,0
"CKAP2L",0,5.52482689806312,0.494,0.017,0
"CIP2A",0,3.77710816378603,0.525,0.053,0
"STMN1",0,3.2706109448065,0.872,0.401,0
"CKAP2",0,2.81842360520564,0.614,0.143,0
"NCAPD2",0,2.87144458037158,0.588,0.118,0
"CDCA3",0,4.8138916732851,0.494,0.027,0
"BRCA1",0,3.93365685385108,0.513,0.051,0
"H2AFX",0,2.74105094988259,0.733,0.271,0
"FBXO5",0,3.75079115498826,0.533,0.072,0
"BUB1",0,4.44193650888101,0.491,0.03,0
"KIF22",0,2.43954270177268,0.655,0.198,0
"NCAPD3",0,2.81849409490561,0.572,0.115,0
"CKS2",0,2.96264918207649,0.68,0.224,0
"CDC20",0,4.50246495921151,0.49,0.034,0
"DDX39A",0,2.05047512011162,0.724,0.268,0
"HJURP",0,5.45203783372156,0.474,0.018,0
"CENPU",0,3.83459530367507,0.493,0.04,0
"CDCA8",0,4.88884615593267,0.479,0.026,0
"MXD3",0,4.3202547376173,0.497,0.045,0
"SHCBP1",0,4.38667422699667,0.481,0.032,0
"HELLS",0,2.98051250373119,0.569,0.124,0
"PBK",0,4.61923587431427,0.468,0.024,0
"DNAJC9",0,2.47038611543388,0.62,0.177,0
"RACGAP1",0,3.94449621090549,0.491,0.05,0
"BARD1",0,2.4764429814248,0.579,0.138,0
"KPNA2",0,2.94632158592202,0.647,0.208,0
"MCM7",0,2.6225869880897,0.6,0.161,0
"FAM111A",0,1.93212060728729,0.696,0.258,0
"CHEK1",0,3.45891782541303,0.507,0.07,0
"RRM1",0,2.77037133751058,0.58,0.143,0
"PCNA",0,3.05560144942133,0.683,0.247,0
"ATAD5",0,3.51909070260339,0.501,0.065,0
"ESCO2",0,4.91163117844788,0.457,0.023,0
"CDCA5",0,4.37442950524029,0.47,0.036,0
"HIST1H1B",0,4.27648495624019,0.462,0.03,0
"CDCA4",0,2.8325733231811,0.535,0.103,0
"CCNB1",0,4.32718602499769,0.507,0.075,0
"HIST1H1D",0,2.47028761762114,0.573,0.141,0
"BUB1B",0,4.95165537146437,0.455,0.024,0
"CENPN",0,3.37906562117697,0.5,0.07,0
"ANLN",0,4.45925774682233,0.464,0.035,0
"KIF14",0,5.55589317816171,0.446,0.018,0
"CENPA",0,5.0632035154371,0.45,0.022,0
"SKA2",0,2.03148718156825,0.72,0.293,0
"ANP32E",0,2.10263535115847,0.761,0.335,0
"TROAP",0,4.50407273025628,0.455,0.03,0
"CDT1",0,4.17775391433296,0.462,0.038,0
"NCAPG2",0,3.95809929255205,0.47,0.046,0
"DIAPH3",0,4.42692553624577,0.459,0.037,0
"MELK",0,4.38197801659987,0.449,0.029,0
"UBE2S",0,2.85025784160243,0.788,0.369,0
"TTF2",0,2.38335368127609,0.544,0.127,0
"MYBL2",0,4.11370627163687,0.447,0.032,0
"TMEM106C",0,2.41221515520982,0.652,0.238,0
"CENPH",0,3.49684037108202,0.468,0.055,0
"CCDC167",0,1.94880322597953,0.671,0.258,0
"DHFR",0,2.65423961185931,0.552,0.141,0
"MZT1",0,2.09522985997454,0.603,0.192,0
"SPC24",0,4.63606723984712,0.438,0.028,0
"MIS18BP1",0,1.66577547461546,0.762,0.353,0
"NCAPH",0,4.51847480918885,0.429,0.021,0
"KIF4A",0,4.79679805954601,0.429,0.022,0
"MND1",0,4.53036113722593,0.435,0.029,0
"CNTRL",0,1.53522941744327,0.619,0.215,0
"MCM5",0,2.50872245565711,0.544,0.14,0
"DNMT1",0,1.8724732098411,0.726,0.322,0
"AURKA",0,3.85027556965353,0.456,0.053,0
"C12orf75",0,1.6829269916824,0.642,0.24,0
"LIG1",0,2.76749220811996,0.495,0.093,0
"ECT2",0,3.20271649532495,0.48,0.081,0
"TTK",0,4.70925596482977,0.423,0.024,0
"DBF4",0,2.06356398668748,0.546,0.148,0
"RPA3",0,2.01722809597156,0.696,0.301,0
"SAE1",0,2.1233206455229,0.589,0.194,0
"LBR",0,1.50352626591309,0.666,0.274,0
"DEPDC1",0,4.89638513903357,0.411,0.02,0
"HMGB3",0,2.61713520265327,0.546,0.156,0
"VRK1",0,2.01047206268342,0.508,0.119,0
"CDCA2",0,5.35484510176526,0.404,0.016,0
"SPAG5",0,4.66107156242592,0.411,0.023,0
"RNASEH2A",0,2.25991279730424,0.532,0.145,0
"PLK1",0,4.85975699592192,0.41,0.023,0
"SMC1A",0,1.7529937243752,0.729,0.346,0
"MPHOSPH9",0,1.77830811710136,0.534,0.151,0
"UBALD2",0,1.69754842752029,0.71,0.327,0
"MCM3",0,2.33087282094059,0.574,0.192,0
"CYTOR",0,1.3112735822552,0.686,0.305,0
"BUB3",0,1.56023986134698,0.796,0.415,0
"GMNN",0,2.60350719012977,0.509,0.128,0
"PRR11",0,3.94107035357096,0.414,0.035,0
"CDC25B",0,2.00596693814587,0.515,0.136,0
"IKZF3",0,1.24009706479732,0.573,0.194,0
"TCF19",0,3.63089056362725,0.421,0.044,0
"EXOSC8",0,1.46929993807368,0.625,0.249,0
"HIRIP3",0,2.29723657842454,0.498,0.123,0
"GGH",0,2.88168231633166,0.468,0.097,0
"CCDC34",0,2.24907254500846,0.522,0.152,0
"WDR76",0,3.27292259871243,0.421,0.051,0
"MAD2L2",0,1.81344778114689,0.565,0.197,0
"USP1",0,1.78596452013718,0.64,0.273,0
"RFC4",0,2.4157309908343,0.488,0.123,0
"PTPN7",0,1.28779357801542,0.578,0.214,0
"IDH2",0,1.47699789613855,0.732,0.368,0
"LMNB2",0,2.54046556773061,0.489,0.126,0
"MCM4",0,2.91278978668626,0.463,0.103,0
"RPL39L",0,1.8601772909048,0.513,0.153,0
"LRR1",0,2.77707631150291,0.429,0.071,0
"EBP",0,1.39244766613192,0.612,0.255,0
"CRIP1",0,1.41929027259779,0.639,0.283,0
"TEDC1",0,2.72841145498964,0.426,0.07,0
"KNSTRN",0,3.56973494058371,0.42,0.064,0
"FANCA",0,2.46270114399193,0.442,0.087,0
"NCAPH2",0,2.45695124647399,0.481,0.126,0
"PARPBP",0,3.43254006046358,0.397,0.044,0
"PGP",0,1.27488126095533,0.651,0.298,0
"TUBA4A",0,1.50262306927475,0.573,0.221,0
"NUP210",0,1.746970578966,0.499,0.147,0
"CIT",0,4.31536534050427,0.382,0.031,0
"LSP1",0,1.2875687783404,0.646,0.296,0
"CLEC2D",0,1.09552235482823,0.635,0.287,0
"CENPX",0,1.71549723514788,0.653,0.306,0
"CHAF1A",0,2.98270520717686,0.413,0.066,0
"SPDL1",0,2.96849308177322,0.417,0.073,0
"KIF18B",0,5.66785054852304,0.356,0.012,0
"FANCD2",0,3.25162687262459,0.384,0.041,0
"CMC2",0,1.3321783845544,0.675,0.332,0
"CDKN2C",0,2.17689697649009,0.504,0.162,0
"H2AFV",0,2.12173803966743,0.856,0.514,0
"ETS1",0,0.723656968911097,0.69,0.348,0
"EZR",0,1.06200641636975,0.795,0.454,0
"SUZ12",0,1.33057833525841,0.66,0.319,0
"CD2",0,0.890112528610645,0.604,0.263,0
"CENPL",0,2.60134955030904,0.411,0.07,0
"ALYREF",0,1.63357703983682,0.601,0.26,0
"COTL1",0,1.35808857298426,0.776,0.436,0
"LCK",0,1.04893967896373,0.522,0.183,0
"TBC1D10C",0,0.967155543141361,0.531,0.192,0
"CARHSP1",0,1.50165066755747,0.759,0.42,0
"HIST1H1E",0,1.7823344699181,0.505,0.166,0
"CEP152",0,2.76686991743755,0.409,0.07,0
"RAB27A",0,1.29864806199443,0.569,0.23,0
"CORO1A",0,1.57400095073541,0.714,0.375,0
"TAP1",0,1.0801887325142,0.717,0.379,0
"POC1A",0,3.70710340706019,0.374,0.038,0
"GRK2",0,0.969062545921721,0.682,0.347,0
"CCDC18",0,2.7549617996919,0.401,0.066,0
"HIST1H4C",0,3.07416666145933,0.838,0.503,0
"CCNF",0,3.91596932720424,0.366,0.031,0
"ADGRE5",0,0.97857492415311,0.616,0.281,0
"GINS2",0,3.72434611682236,0.377,0.043,0
"ACYP1",0,1.81628225484097,0.494,0.16,0
"TFDP1",0,1.59186957416344,0.542,0.209,0
"JPT1",0,1.88303100964318,0.773,0.44,0
"DCK",0,1.51545536245047,0.494,0.161,0
"CSK",0,1.11214629001691,0.612,0.279,0
"LCP1",0,1.11033582187637,0.681,0.349,0
"SEPT6",0,0.979760175480174,0.661,0.329,0
"CKAP5",0,1.88524183190445,0.567,0.235,0
"UHRF1",0,4.0730379250918,0.362,0.03,0
"TEX30",0,2.23418134843776,0.434,0.103,0
"POLQ",0,5.15570372805963,0.349,0.018,0
"SAC3D1",0,2.36111810472505,0.478,0.147,0
"CBX5",0,1.38313370170654,0.715,0.384,0
"MAZ",0,1.30331356371498,0.767,0.437,0
"RFC3",0,2.6890031105845,0.407,0.077,0
"TOPBP1",0,1.62320073710821,0.491,0.162,0
"SKA3",0,4.15558103593463,0.35,0.023,0
"ITGAE",0,1.31500216673354,0.603,0.276,0
"TRAC",0,1.13217237782905,0.56,0.234,0
"NFATC2IP",0,1.12834292782602,0.669,0.343,0
"KIF18A",0,4.18919578645991,0.354,0.028,0
"RNASEH2B",0,1.28690594180757,0.591,0.265,0
"MGME1",0,1.64680147070308,0.479,0.153,0
"NUP50",0,1.30594954729847,0.557,0.232,0
"NAP1L4",0,0.996468748185102,0.745,0.42,0
"RANGAP1",0,1.76395845815334,0.501,0.176,0
"HIST1H1C",0,1.47366129125763,0.626,0.302,0
"DDB2",0,1.44332702251839,0.495,0.171,0
"CKLF",0,1.18245922753894,0.776,0.453,0
"ACAP1",0,0.380275457819074,0.619,0.296,0
"NASP",0,1.54984872000093,0.806,0.484,0
"RAD21",0,1.59063616304879,0.8,0.479,0
"ACOT7",0,2.17754542450413,0.442,0.122,0
"DIAPH1",0,0.799616614381654,0.655,0.335,0
"SKA1",0,5.29058786817742,0.332,0.012,0
"IL2RG",0,0.823946685767621,0.59,0.27,0
"ZDHHC12",0,1.53094219987981,0.536,0.217,0
"FABP5",0,1.12050385005865,0.642,0.323,0
"SLC9A3R1",0,1.02046879232031,0.558,0.24,0
"NEK2",0,4.562913483399,0.336,0.018,0
"ITGB3BP",0,1.72308587695074,0.476,0.158,0
"ACAT2",0,1.53448099540501,0.485,0.167,0
"TRBC2",0,0.954528299078788,0.548,0.231,0
"STIL",0,3.81964305797045,0.355,0.038,0
"CD3E",0,0.945569940926074,0.519,0.202,0
"CDKN2A",0,1.23527337885731,0.446,0.13,0
"RAC2",0,1.34719361337598,0.649,0.333,0
"PSMD14",0,1.13295883005533,0.636,0.321,0
"FAM111B",0,4.64194541111341,0.333,0.018,0
"MCM10",0,4.49646981472503,0.333,0.018,0
"CTCF",0,1.26954311896013,0.597,0.282,0
"HIST2H2AC",0,1.92323112749977,0.518,0.204,0
"TMEM160",0,1.02618160513837,0.72,0.406,0
"RUNX3",0,0.989255185656797,0.547,0.234,0
"LAT",0,1.06586832624653,0.466,0.153,0
"CENPJ",0,2.63353297697,0.389,0.076,0
"BCL2L12",0,1.89135023403734,0.442,0.129,0
"SPN",0,1.11067900699667,0.46,0.148,0
"PPM1G",0,1.16621191044182,0.752,0.44,0
"YEATS4",0,1.73288880597001,0.453,0.142,0
"ARPC5L",0,1.02627637271541,0.735,0.424,0
"BLM",0,3.03381853744128,0.347,0.036,0
"MCM6",0,2.48699228652965,0.432,0.122,0
"DEPDC1B",0,4.823112832788,0.325,0.015,0
"LSM4",0,1.28499692484893,0.721,0.411,0
"CD247",0,0.720987887759202,0.501,0.192,0
"TIGIT",0,1.15875558118879,0.443,0.134,0
"SMC3",0,1.41427914856976,0.756,0.447,0
"CD96",0,0.874017088332302,0.468,0.16,0
"APOBEC3G",0,1.11481586235027,0.658,0.35,0
"DUT",0,2.20795149363909,0.753,0.445,0
"PKMYT1",0,4.44709936809902,0.329,0.021,0
"DOCK8",0,0.645564452802336,0.566,0.258,0
"MYO1G",0,1.11687454712537,0.456,0.149,0
"MCM2",0,3.17180829148764,0.366,0.059,0
"KIF20A",0,4.80597889569735,0.323,0.016,0
"INCENP",0,3.93498843900439,0.346,0.039,0
"GMFG",0,1.06198296986026,0.632,0.325,0
"YWHAH",0,0.848989182040368,0.735,0.428,0
"SKAP1",0,0.748097902749407,0.478,0.171,0
"CDK2AP2",0,1.03434099122505,0.661,0.355,0
"SEPT1",0,0.988083595830421,0.526,0.22,0
"RASAL3",0,1.07531143126463,0.459,0.153,0
"GPSM2",0,2.45472379987055,0.396,0.091,0
"STK17B",0,0.308597822513786,0.684,0.379,0
"WDR34",0,2.14591620644657,0.464,0.159,0
"PPP1CA",0,1.13421212763711,0.81,0.505,0
"TIMM10",0,1.2324411970415,0.608,0.303,0
"APOLD1",0,2.3196921380228,0.376,0.071,0
"SUN2",0,0.859135451473342,0.608,0.303,0
"RFWD3",0,2.5648488571673,0.393,0.089,0
"ARHGEF1",0,0.720883571989826,0.616,0.312,0
"SAMD9L",0,0.874019478147301,0.636,0.333,0
"ICAM3",0,0.795072695992178,0.575,0.272,0
"LSM5",0,1.44442689667582,0.724,0.422,0
"RAD51",0,4.23197671681106,0.323,0.021,0
"PIF1",0,3.16097839232002,0.356,0.054,0
"SNRPA1",0,1.05124774250607,0.613,0.311,0
"HAUS8",0,2.47447210527942,0.364,0.062,0
"CASP3",0,1.1881601995835,0.514,0.213,0
"KIF2A",0,1.02341835175949,0.56,0.259,0
"PARP1",0,1.08914666310658,0.72,0.419,0
"DSN1",0,2.78942946603212,0.377,0.076,0
"PMF1",0,1.13302924055196,0.616,0.316,0
"DUSP4",0,1.56956279984164,0.429,0.129,0
"PAXX",0,0.822160100778315,0.745,0.445,0
"TUBG1",0,2.06246801182604,0.423,0.123,0
"PSMC3",0,1.22011281798364,0.699,0.399,0
"SNRNP25",0,1.57039501291139,0.521,0.222,0
"SASS6",0,2.03267346706413,0.384,0.085,0
"DTL",0,4.20211619040361,0.322,0.023,0
"DGKZ",0,0.581791844325552,0.601,0.302,0
"CEP57",0,1.09759724301356,0.631,0.332,0
"CEP295",0,1.94076823613888,0.452,0.154,0
"MCM8",0,2.59807304550673,0.356,0.058,0
"RALY",0,1.14985013439697,0.711,0.413,0
"RGS1",0,0.465853207036431,0.646,0.349,0
"TAF15",0,1.0022592219555,0.647,0.35,0
"SLBP",0,1.7877064953037,0.582,0.285,0
"DEF6",0,1.06137564124401,0.454,0.158,0
"NUP107",0,1.17124362809883,0.494,0.198,0
"SLA",0,0.828587795983447,0.5,0.205,0
"KNTC1",0,2.92733992084821,0.351,0.056,0
"SNRNP40",0,1.22143991888877,0.529,0.235,0
"BAZ1B",0,1.09765829077708,0.682,0.388,0
"PLK4",0,4.35798957705419,0.314,0.02,0
"SLF1",0,1.09410109635817,0.431,0.137,0
"NRM",0,2.16051299731604,0.376,0.082,0
"MMS22L",0,2.1180789703978,0.379,0.085,0
"RABL6",0,1.2747384819684,0.609,0.315,0
"SCLT1",0,1.30986377672283,0.465,0.172,0
"CDKN2D",0,1.91043633735657,0.443,0.15,0
"C19orf48",0,1.56337359846336,0.522,0.229,0
"CD52",0,0.537295195079843,0.624,0.331,0
"ARHGDIB",0,1.09617206374602,0.741,0.448,0
"HMGXB4",0,1.21296861561844,0.568,0.275,0
"HCLS1",0,0.608994098743361,0.551,0.259,0
"TUBA1C",0,1.63073562329416,0.681,0.389,0
"OASL",0,1.32924164476891,0.447,0.155,0
"PSIP1",0,1.09110944535363,0.747,0.455,0
"GNG2",0,0.925909703811347,0.469,0.177,0
"LIMD2",0,0.438236893139807,0.619,0.327,0
"CALM3",0,1.60518127478279,0.845,0.553,0
"EMC9",0,1.69712077766343,0.456,0.165,0
"RAD51C",0,1.56865106650421,0.46,0.169,0
"RASSF1",0,1.05019485873674,0.493,0.202,0
"HIST1H2AG",0,2.5700470178527,0.344,0.053,0
"SSNA1",0,0.951869250863615,0.698,0.407,0
"PPIH",0,1.30015840479887,0.5,0.21,0
"POLD3",0,1.80475369533129,0.436,0.146,0
"PTPN22",0,0.756672465667004,0.469,0.179,0
"SP140",0,1.10390603276194,0.414,0.124,0
"CCND3",0,0.920125772860317,0.604,0.314,0
"CDK5RAP2",0,1.43312045319096,0.493,0.203,0
"E2F8",0,4.9027868627796,0.306,0.016,0
"HDGF",0,1.06568706927584,0.685,0.396,0
"H2AFY",0,1.01099224146059,0.785,0.496,0
"IFI27L1",0,1.31602305982299,0.536,0.247,0
"SH3KBP1",0,0.708237695409666,0.605,0.316,0
"WEE1",0,1.24049082500197,0.49,0.201,0
"SSRP1",0,1.25786531855541,0.608,0.319,0
"POLR3K",0,1.34868751385911,0.485,0.196,0
"MTHFD2",0,1.26003443243343,0.521,0.233,0
"FDPS",0,0.848731029559489,0.72,0.432,0
"SRSF10",0,1.13674173205643,0.86,0.573,0
"EMB",0,0.69936080182616,0.495,0.208,0
"PSMB9",0,1.43244953559695,0.811,0.524,0
"PRF1",0,0.823042197856477,0.445,0.158,0
"PPP6R1",0,0.941578435663992,0.554,0.267,0
"HINT2",0,1.21157494669211,0.573,0.286,0
"FAM107B",0,0.660367616956273,0.609,0.322,0
"ABRACL",0,0.859099010725854,0.636,0.35,0
"SAPCD2",0,4.21759194158408,0.309,0.023,0
"CD69",0,0.272894894817701,0.595,0.309,0
"DDX11",0,2.44776796798647,0.362,0.076,0
"NUDT21",0,1.13618408035333,0.595,0.309,0
"ATP2A3",0,1.61638574702162,0.371,0.085,0
"CD38",0,1.55962132966902,0.39,0.105,0
"GSDMD",0,0.83811085300475,0.67,0.385,0
"E2F1",0,3.40806111141656,0.327,0.042,0
"TIMELESS",0,2.78735337065413,0.344,0.059,0
"PCNT",0,1.77090117107895,0.422,0.137,0
"GBP5",0,0.686655576034151,0.502,0.218,0
"ZAP70",0,1.00986247624198,0.389,0.105,0
"HAT1",0,1.24161070806041,0.56,0.276,0
"RECQL",0,0.982482894820865,0.561,0.277,0
"ARHGAP30",0,0.923631943215136,0.484,0.2,0
"PRKCH",0,0.665375899752305,0.474,0.19,0
"RFC2",0,1.82194494444795,0.435,0.152,0
"CBFB",0,1.06948614724761,0.497,0.214,0
"SMCHD1",0,0.800495503455079,0.753,0.47,0
"ZWILCH",0,2.34147866828623,0.35,0.067,0
"COMMD4",0,1.20888468040866,0.596,0.313,0
"CEP78",0,1.26441533361526,0.422,0.14,0
"EPSTI1",0,0.881907704488919,0.608,0.326,0
"EVL",0,0.592737406811047,0.794,0.513,0
"SNRPD1",0,1.32931172071255,0.772,0.491,0
"TRIP13",0,3.14774998535356,0.319,0.039,0
"LAG3",0,1.55855141793491,0.443,0.163,0
"FMNL1",0,0.587072698256844,0.553,0.273,0
"RSRC1",0,0.89327454610441,0.593,0.313,0
"CDCA7",0,2.77085812531529,0.327,0.048,0
"ARHGAP9",0,0.870798228851715,0.439,0.16,0
"SAMD1",0,1.29061911643804,0.56,0.281,0
"ANXA6",0,0.686144061356822,0.735,0.456,0
"C9orf40",0,2.33779435142219,0.347,0.068,0
"PIMREG",0,5.06538604331774,0.293,0.014,0
"MIR4435-2HG",0,1.02624526763632,0.482,0.204,0
"TUBB4B",0,1.93791654519279,0.802,0.524,0
"PIN1",0,0.942859750236975,0.657,0.379,0
"OXCT1",0,1.53109782496771,0.4,0.123,0
"GRK6",0,0.919981224380211,0.456,0.179,0
"IFNG",0,1.46188694344556,0.386,0.109,0
"VDAC3",0,1.13194837968324,0.692,0.415,0
"SYNE2",0,0.823006660156285,0.839,0.562,0
"MANF",0,0.914096238470049,0.684,0.408,0
"HIST1H2BH",0,2.69842721318271,0.32,0.044,0
"PCMT1",0,1.01102373927564,0.649,0.373,0
"CACYBP",0,1.06525333479146,0.742,0.466,0
"WDR1",0,0.87895154755135,0.725,0.449,0
"GBP1",0,0.727084691281579,0.657,0.382,0
"NUP37",0,1.40214686867375,0.444,0.169,0
"RPA1",0,1.21445339424077,0.489,0.214,0
"PPP1R18",0,0.794748906991876,0.58,0.305,0
"CD7",0,0.696946191773207,0.47,0.195,0
"FAM83D",0,4.12697330266157,0.296,0.021,0
"PSMB8",0,1.28567027044237,0.816,0.541,0
"CCDC14",0,1.14078156399304,0.532,0.258,0
"ACAA2",0,0.962889217374795,0.542,0.268,0
"RANBP1",0,1.58706194978245,0.766,0.492,0
"IL2RB",0,0.463627489154642,0.431,0.157,0
"XPO1",0,0.906416266107618,0.71,0.436,0
"CDC45",0,4.71903820598657,0.29,0.016,0
"CYFIP2",0,0.82939063470987,0.439,0.166,0
"CXCR3",0,1.04312351193112,0.375,0.102,0
"MASTL",0,2.62534048367796,0.333,0.06,0
"ENTPD1",0,1.25116539603528,0.431,0.158,0
"RASGRP1",0,0.695271538320033,0.426,0.153,0
"LMF2",0,1.22797766787319,0.528,0.255,0
"NEIL3",0,5.11267331864338,0.284,0.011,0
"NUDT5",0,0.924022614567998,0.603,0.33,0
"PDS5B",0,0.998701205819671,0.573,0.3,0
"GZMB",0,1.5227035886039,0.413,0.14,0
"CYB5B",0,0.808076053469362,0.58,0.307,0
"H1FX",0,1.11746464974316,0.83,0.557,0
"TMEM107",0,1.00457436486959,0.446,0.174,0
"NKG7",0,0.82081026435859,0.507,0.235,0
"DAZAP1",0,1.01940005202366,0.562,0.291,0
"CAPZA1",0,0.727761529185854,0.788,0.517,0
"ACTL6A",0,1.12161547145779,0.506,0.235,0
"CD3G",0,0.929029093080152,0.442,0.171,0
"BRD7",0,0.839579809721702,0.673,0.402,0
"SAMSN1",0,0.75829147277362,0.478,0.207,0
"AIP",0,0.821283692136444,0.699,0.428,0
"PSMD7",0,0.92615684438778,0.694,0.423,0
"FUBP1",0,0.729421074003841,0.624,0.354,0
"CYTIP",0,0.380548000713106,0.512,0.242,0
"TUBB",0,2.18598312840288,0.892,0.622,0
"HSPB11",0,1.1336564468602,0.66,0.391,0
"ARL6IP6",0,1.23233512065286,0.454,0.185,0
"SAP30",0,1.18303525824246,0.477,0.208,0
"CENPQ",0,2.09171832128102,0.341,0.072,0
"RCC2",0,0.865277506906714,0.578,0.309,0
"OAS3",0,0.848038667463764,0.469,0.2,0
"C17orf62",0,0.881984686057305,0.593,0.324,0
"APOBEC3C",0,0.991234851600142,0.588,0.319,0
"ISG15",0,0.779161525459845,0.871,0.603,0
"TAP2",0,1.00659265036801,0.521,0.253,0
"MDFIC",0,0.586122799019753,0.538,0.27,0
"REEP4",0,1.82577656921702,0.37,0.102,0
"UBE2L6",0,0.867370171011265,0.653,0.385,0
"PTPN6",0,0.862196004390152,0.495,0.227,0
"ARHGDIA",0,0.846068429951887,0.796,0.528,0
"HAUS1",0,1.29008973485177,0.463,0.195,0
"WIPF1",0,0.464723202610783,0.591,0.323,0
"PTBP1",0,0.895837925560475,0.701,0.433,0
"HNRNPAB",0,1.1762721591129,0.747,0.48,0
"MAGOHB",0,1.09455254903998,0.513,0.246,0
"PRIM1",0,2.08482328585236,0.334,0.067,0
"SUPT16H",0,1.09512419358265,0.658,0.391,0
"ANP32A",0,0.87912406928464,0.711,0.444,0
"CDC42SE2",0,0.336945285408859,0.626,0.36,0
"LCP2",0,0.581687795351599,0.483,0.217,0
"STIP1",0,0.887326744768492,0.615,0.349,0
"CCL5",0,0.558320328560333,0.623,0.357,0
"DNAJC15",0,0.707792674570083,0.563,0.297,0
"FAM49B",0,0.455144474516739,0.679,0.414,0
"TRNAU1AP",0,1.04591581685069,0.511,0.246,0
"GPSM3",0,0.453985628738714,0.522,0.257,0
"PSTPIP1",0,0.995081777722168,0.41,0.145,0
"S1PR4",0,1.27419060610233,0.364,0.099,0
"RAB8A",0,0.73862915574549,0.655,0.39,0
"HPRT1",0,1.13951406043935,0.541,0.277,0
"ANP32B",0,1.57507420852662,0.859,0.595,0
"BATF",0,1.41569760131872,0.372,0.108,0
"UFD1",0,0.915425788458579,0.612,0.348,0
"IFI35",0,0.975805813496327,0.582,0.318,0
"UBE2N",0,0.829718838125273,0.685,0.422,0
"STAT1",0,0.699579227459772,0.744,0.481,0
"EED",0,1.14697551746984,0.449,0.186,0
"PRPSAP1",0,1.20254956870912,0.479,0.216,0
"ILF3",0,0.860565364101666,0.743,0.48,0
"RRP7A",0,0.961677824769349,0.538,0.275,0
"ITGB1BP1",0,0.766358976914376,0.603,0.34,0
"TUBA1B",0,2.60739685861024,0.944,0.681,0
"PTPRC",0,0.382843015687111,0.676,0.414,0
"TMUB1",0,1.12609311689477,0.495,0.233,0
"ARHGAP45",0,0.844935183391604,0.448,0.186,0
"PLEKHJ1",0,0.805182313878634,0.583,0.321,0
"RHOH",0,0.95086194182624,0.392,0.131,0
"SRPK1",0,0.949758232705345,0.524,0.263,0
"RHNO1",0,1.54720962366584,0.386,0.125,0
"G2E3",0,1.44578212927599,0.417,0.156,0
"MAPRE1",0,0.848099838530142,0.619,0.358,0
"SDF2L1",0,0.976069404598405,0.61,0.349,0
"EWSR1",0,0.713801728319706,0.735,0.474,0
"PPP4C",0,0.693443912948339,0.698,0.437,0
"TNFRSF1B",0,0.663596976777655,0.5,0.24,0
"MIS18A",0,1.68463241803525,0.39,0.13,0
"ILF2",0,0.999979511869837,0.71,0.45,0
"MRPL28",0,0.842218272441256,0.565,0.305,0
"BTG3",0,0.897467502484981,0.592,0.332,0
"GEN1",0,2.73901928343346,0.32,0.061,0
"H2AFZ",0,2.38931222068828,0.894,0.635,0
"HIST1H3B",0,5.19037948506497,0.27,0.011,0
"STK17A",0,0.428513421046573,0.66,0.401,0
"ARF6",0,0.720759356038587,0.768,0.509,0
"TMEM238",0,0.929059719508238,0.442,0.183,0
"CCM2",0,0.622742401680828,0.546,0.288,0
"TRAF3IP3",0,0.401382874494859,0.449,0.191,0
"ARPC4",0,0.699312907818561,0.733,0.475,0
"DEK",0,1.6913651784853,0.878,0.62,0
"POLE",0,2.49845049014106,0.318,0.06,0
"ITGAL",0,0.658850863137257,0.428,0.17,0
"FAM118A",0,0.942053635583546,0.493,0.235,0
"DCP2",0,0.848848512465923,0.567,0.309,0
"PLP2",0,1.14336938957594,0.694,0.436,0
"OSTF1",0,0.649736186552388,0.598,0.34,0
"ARHGAP15",0,0.812230964323423,0.411,0.154,0
"RNF4",0,0.96455633829635,0.479,0.222,0
"EXOSC9",0,1.04211152575672,0.432,0.175,0
"GINS4",0,2.67809959367157,0.306,0.049,0
"POLA2",0,2.25452355214461,0.333,0.076,0
"RBL1",0,1.95725974444857,0.329,0.072,0
"GZMA",0,1.05436979448877,0.467,0.211,0
"SEMA4D",0,0.792229241934002,0.472,0.216,0
"CD3D",0,0.932923765578983,0.458,0.202,0
"ARL6IP1",0,1.9929727143176,0.731,0.475,0
"RBBP7",0,0.908180560335303,0.674,0.419,0
"ARPP19",0,0.83600516127529,0.666,0.411,0
"RPA2",0,0.924005170195774,0.531,0.276,0
"PSRC1",0,3.69508328890681,0.292,0.037,0
"BOLA3",0,0.811161419354468,0.558,0.304,0
"MX1",0,0.948290458814705,0.67,0.416,0
"IFI44",0,0.761366881156302,0.603,0.349,0
"TRAF5",0,0.803689913595988,0.462,0.208,0
"GMPS",0,1.05389236448538,0.507,0.253,0
"LSM8",0,0.679774554410313,0.765,0.511,0
"ANAPC15",0,1.09831229678068,0.465,0.211,0
"NDE1",0,1.23965769433969,0.4,0.146,0
"UCP2",0,0.310917593319618,0.573,0.319,0
"FYB1",0,0.47849559683986,0.551,0.298,0
"DDX46",0,0.758743963564507,0.792,0.539,0
"PRIM2",0,1.37418271709795,0.357,0.104,0
"CBX3",0,1.09128873050976,0.825,0.572,0
"CASP2",0,1.45778544487959,0.409,0.156,0
"KMT5A",0,1.35455135008989,0.455,0.202,0
"COPS3",0,1.08716221994758,0.504,0.251,0
"HLA-DRB1",0,0.480861123671567,0.69,0.437,0
"ISG20",0,0.937228516466127,0.583,0.33,0
"STK24",0,0.78830978674852,0.547,0.295,0
"HIST1H2AH",0,3.64168698301846,0.272,0.02,0
"ESPL1",0,4.48133564725191,0.271,0.019,0
"NAA38",0,0.922334642494829,0.726,0.474,0
"CDC6",0,3.68378716910944,0.282,0.03,0
"CSE1L",0,1.32601712634865,0.481,0.229,0
"TPR",0,0.858029161599797,0.813,0.561,0
"BAX",0,0.735596772989133,0.689,0.438,0
"CD53",0,0.414317012223616,0.545,0.295,0
"FANCL",0,1.69496202595022,0.384,0.134,0
"TNFAIP8",0,0.541512305663185,0.497,0.247,0
"CDC123",0,0.840976489585986,0.571,0.321,0
"EFHD2",0,0.349433786434131,0.675,0.426,0
"VBP1",0,0.927348641772334,0.562,0.313,0
"CCAR1",0,0.753839221859738,0.657,0.408,0
"SIVA1",0,1.33970845644492,0.742,0.493,0
"NFATC3",0,0.547856250053193,0.532,0.284,0
"TYMP",0,0.44059108324393,0.681,0.433,0
"USP18",0,1.25780629215118,0.399,0.151,0
"HNRNPR",0,0.89962951708735,0.805,0.557,0
"FAM129A",0,0.715810744369898,0.429,0.181,0
"WDR54",0,1.02222565692004,0.446,0.198,0
"LSM2",0,0.96537139998922,0.647,0.399,0
"ARPC1B",0,0.863822413555901,0.796,0.548,0
"RNPS1",0,0.641490071603288,0.723,0.475,0
"IKZF1",0,0.276577350518276,0.482,0.234,0
"IDI1",0,0.685826202929302,0.576,0.328,0
"TRABD",0,0.727028098172672,0.558,0.311,0
"COX17",0,0.833238211415283,0.718,0.471,0
"ABCF1",0,0.739620018462816,0.605,0.358,0
"SIT1",0,1.38501771155746,0.329,0.082,0
"CCDC82",0,0.893298700946,0.49,0.243,0
"SNRPA",0,0.865465299701053,0.524,0.277,0
"DR1",0,0.740097388569502,0.538,0.292,0
"DOCK2",0,1.00812901126786,0.388,0.142,0
"CTSW",0,1.0925329262443,0.403,0.157,0
"BTBD6",0,1.00790819341072,0.467,0.221,0
"TOR3A",0,1.08333977339597,0.434,0.188,0
"MICB",0,2.36580922270008,0.298,0.052,0
"GIMAP7",0,0.443781918076705,0.499,0.253,0
"CCND2",0,0.898729724252978,0.527,0.281,0
"HDAC1",0,0.67813989906264,0.569,0.323,0
"SNRPC",0,0.752556612060304,0.675,0.43,0
"DCAF7",0,0.872721563954685,0.561,0.316,0
"MED30",0,0.961347337770154,0.454,0.209,0
"TTF1",0,1.0698721943014,0.46,0.215,0
"RFC5",0,2.09759941834485,0.312,0.067,0
"GGNBP2",0,0.752118145493831,0.645,0.4,0
"HNRNPL",0,0.644870885184603,0.578,0.333,0
"MRPS11",0,0.795768061936436,0.542,0.298,0
"APBB1IP",0,0.540080343531541,0.454,0.21,0
"MPDU1",0,1.02649985644789,0.46,0.216,0
"FERMT3",0,0.64945975584505,0.421,0.177,0
"DNAJC1",0,0.563316545928765,0.626,0.382,0
"COX5A",0,1.00367634288483,0.776,0.532,0
"ADRM1",0,0.73889822247415,0.628,0.384,0
"UBE2A",0,0.753378684217196,0.587,0.343,0
"RNPEPL1",0,0.603212982780843,0.54,0.297,0
"DCLRE1C",0,1.41567057939413,0.391,0.148,0
"PYHIN1",0,0.435403819113115,0.376,0.133,0
"PPP1R7",0,0.664653204187287,0.61,0.367,0
"UQCC2",0,0.817717566897838,0.637,0.394,0
"ELOVL5",0,0.619538909705757,0.517,0.274,0
"RCCD1",0,1.89170063996158,0.358,0.115,0
"PSMD13",0,0.629568570497777,0.66,0.418,0
"CDKN1B",0,0.681744872062153,0.544,0.302,0
"CTSC",0,0.445530055516518,0.742,0.5,0
"RHOF",0,0.735474010966301,0.425,0.183,0
"RTF1",0,0.752695148315211,0.764,0.522,0
"C12orf65",0,0.841968505931991,0.47,0.228,0
"MDH1",0,0.760238845666665,0.703,0.461,0
"LRRFIP1",0,0.666083139521094,0.804,0.563,0
"RNF167",0,0.823801970397175,0.53,0.289,0
"C1orf112",0,3.14024921383096,0.278,0.037,0
"OXNAD1",0,0.438982172325514,0.405,0.164,0
"SH3BP1",0,0.882447120124213,0.399,0.158,0
"SRSF4",0,0.711352051700957,0.735,0.494,0
"TWF2",0,0.579426269069768,0.591,0.35,0
"MSN",0,0.589173006877121,0.786,0.545,0
"ARHGAP4",0,0.623056309383141,0.442,0.201,0
"FANCG",0,2.54604973740937,0.296,0.055,0
"CHTF18",0,2.8892071103159,0.295,0.054,0
"DCXR",0,0.825385197222419,0.602,0.361,0
"PMAIP1",0,0.790940091227699,0.438,0.197,0
"C20orf24",0,0.72686795164833,0.628,0.387,0
"PAFAH1B3",0,1.02643130440527,0.491,0.25,0
"CCT5",0,0.748052907925854,0.702,0.461,0
"RNASEH2C",0,0.916272351650988,0.696,0.455,0
"HNRNPUL1",0,0.58706409518333,0.695,0.454,0
"IMMT",0,0.79292302158914,0.545,0.305,0
"ATP1B3",0,0.538551141661807,0.665,0.425,0
"OAS2",0,0.808502721531188,0.462,0.222,0
"WDHD1",0,2.8501466887986,0.28,0.04,0
"LAP3",0,0.595352443569306,0.612,0.372,0
"FRG1",0,0.791449280623397,0.598,0.358,0
"HLA-F",0,0.530043392169165,0.735,0.495,0
"PHIP",0,0.620206734875793,0.699,0.459,0
"DCTN3",0,1.07797099203083,0.696,0.456,0
"GABPB1",0,0.674574524552766,0.565,0.325,0
"TMX1",0,0.88756315228916,0.522,0.283,0
"TGFB1",0,0.416784366580453,0.539,0.3,0
"HMGA1",0,0.988779156169287,0.466,0.227,0
"SEPHS1",0,1.10898252677107,0.458,0.219,0
"TBCD",0,0.788418198976185,0.456,0.217,0
"TPM3",0,0.865401301854631,0.864,0.625,0
"ORAI1",0,0.630059818179924,0.483,0.244,0
"KPNB1",0,0.80874864447045,0.774,0.535,0
"MBD2",0,0.750358759803015,0.636,0.397,0
"FXYD5",0,0.262535815823938,0.591,0.352,0
"AP2S1",0,0.669808553382724,0.758,0.519,0
"MTF2",0,0.612367888431177,0.54,0.302,0
"PMVK",0,0.805768988669071,0.554,0.316,0
"TTC39C",0,0.724021095077087,0.446,0.208,0
"CARD8",0,0.568343988415961,0.461,0.223,0
"PSMB2",0,0.95899118057032,0.718,0.48,0
"LSM3",0,1.02960345531271,0.736,0.498,0
"NONO",0,0.766145010562681,0.739,0.501,0
"PTBP3",0,0.561610553049727,0.589,0.351,0
"FIBP",0,0.746931326885707,0.612,0.374,0
"PGAM1",0,0.919044366194348,0.766,0.528,0
"AP1M1",0,0.939664031073705,0.437,0.199,0
"VPS29",0,0.795571063554642,0.696,0.458,0
"HMGN2",0,2.17056558840237,0.927,0.69,0
"WAS",0,0.723337207584372,0.4,0.163,0
"ENSA",0,0.60798535830064,0.725,0.488,0
"FASLG",0,1.18682182520925,0.321,0.084,0
"NDUFB3",0,0.76351387961789,0.748,0.511,0
"PSMD1",0,0.857540869017979,0.585,0.348,0
"PAG1",0,0.708887964708657,0.472,0.235,0
"PSMB10",0,0.884770184050664,0.476,0.239,0
"ACTN4",0,0.558289033326949,0.839,0.602,0
"MAGOH",0,0.765881355585988,0.692,0.455,0
"ANKRD36C",0,1.11711647512866,0.528,0.292,0
"CCDC12",0,0.478998054882767,0.648,0.412,0
"CHMP4A",0,0.519074749794921,0.685,0.449,0
"NOP56",0,0.954788990142491,0.669,0.433,0
"ELP6",0,0.981190742858845,0.444,0.208,0
"CFAP20",0,0.861467567845286,0.458,0.222,0
"RBBP8",0,1.65121407020671,0.386,0.15,0
"GINS1",0,3.24786085859677,0.269,0.033,0
"STAG1",0,0.878658476176345,0.509,0.273,0
"CASP8AP2",0,1.15761270823883,0.438,0.202,0
"FYN",0,0.251909487683281,0.59,0.354,0
"PHTF2",0,0.852575983152388,0.428,0.192,0
"POP7",0,1.01702158476519,0.481,0.245,0
"SNW1",0,0.6043278878322,0.636,0.4,0
"SNF8",0,0.64936245922809,0.631,0.395,0
"RNF213",0,0.555525082145319,0.898,0.662,0
"TIPRL",0,0.646052890089793,0.568,0.332,0
"AKT1",0,0.775214279956947,0.565,0.329,0
"ETFB",0,0.755227440553344,0.69,0.454,0
"TCIRG1",0,0.689142409664564,0.548,0.313,0
"TOR1A",0,0.851940723824762,0.456,0.221,0
"ALDH16A1",0,1.33560632931638,0.388,0.153,0
"NOP58",0,0.712355789412243,0.634,0.399,0
"CTLA4",0,1.45639633949231,0.302,0.067,0
"LSM6",0,0.708582830452934,0.597,0.362,0
"AKNA",0,0.369359468873049,0.499,0.264,0
"PPP2R3C",0,0.834110099535387,0.485,0.25,0
"SLFN12L",0,1.12013582387126,0.344,0.109,0
"UBA2",0,0.753546102922358,0.583,0.348,0
"SNRPG",0,1.20425494152261,0.807,0.573,0
"SS18L2",0,0.738053503505713,0.539,0.305,0
"ATXN2L",0,0.609094269285065,0.542,0.308,0
"TXNDC17",0,0.637384227053604,0.677,0.443,0
"NDUFA6",0,0.749941967574364,0.681,0.447,0
"HP1BP3",0,1.03208112222525,0.858,0.624,0
"THRAP3",0,0.796794517345899,0.759,0.525,0
"C1orf35",0,1.00975323207149,0.494,0.26,0
"SP110",0,0.455410855644907,0.611,0.377,0
"RAB1B",0,0.633177623494727,0.584,0.35,0
"WNK1",0,0.537866820213702,0.703,0.469,0
"ABI3",0,0.95694302486471,0.37,0.136,0
"TMC6",0,0.440177988751383,0.483,0.249,0
"LRRC45",0,2.10563234735045,0.308,0.074,0
"MRPS6",0,0.686347319754357,0.644,0.411,0
"BRIP1",0,3.64057099093324,0.254,0.021,0
"DBNL",0,0.639361773668711,0.593,0.36,0
"PGK1",0,0.654332865086468,0.794,0.561,0
"SASH3",0,0.90603668633008,0.351,0.118,0
"IRF7",0,0.878516553259257,0.507,0.274,0
"PSMA4",0,0.848681256993602,0.766,0.533,0
"NLRC5",0,0.88906951413257,0.41,0.177,0
"SH2D2A",0,0.816145043007792,0.341,0.109,0
"NELFE",0,0.71842112655478,0.561,0.329,0
"MRPL52",0,0.645067216368661,0.679,0.447,0
"EXOSC3",0,0.957525989776762,0.437,0.205,0
"MTHFD1",0,1.43580001834105,0.403,0.171,0
"CCDC88C",0,0.62816089948792,0.401,0.169,0
"PHF5A",0,1.00311130974568,0.391,0.159,0
"ANAPC11",0,0.947746605735583,0.746,0.514,0
"ABHD17A",0,0.451164844926923,0.704,0.472,0
"CISD2",0,0.919562655589797,0.525,0.294,0
"PRKDC",0,0.973083651841015,0.683,0.452,0
"SHMT2",0,1.01898384913614,0.468,0.237,0
"RASSF5",0,0.645607727409882,0.385,0.154,0
"ZGRF1",0,3.34076095627172,0.258,0.027,0
"ZNRF1",0,0.955838070053202,0.464,0.233,0
"PARVG",0,0.711783357637485,0.39,0.159,0
"PTPN18",0,0.751979007350871,0.478,0.247,0
"CYB561D2",0,0.866204698336984,0.421,0.19,0
"MRPL27",0,0.741524311365298,0.603,0.372,0
"DCAF15",0,1.26989978147765,0.36,0.129,0
"PPP5C",0,1.03319513722118,0.422,0.191,0
"SLFN5",0,0.471397003034186,0.646,0.416,0
"NDUFS7",0,0.585426287226274,0.669,0.439,0
"PNKP",0,0.63449542250177,0.517,0.287,0
"FAM96A",0,0.964719682075721,0.448,0.218,0
"EIF2AK2",0,0.634001569818291,0.759,0.529,0
"HNRNPD",0,0.946697029337724,0.841,0.611,0
"NNT",0,1.01275486483029,0.413,0.183,0
"BTN3A2",0,0.34979141038606,0.592,0.362,0
"RSBN1L",0,0.407703772743041,0.71,0.48,0
"SH2D1A",0,1.24819689519387,0.306,0.076,0
"MRPS16",0,0.68970913629452,0.595,0.365,0
"BLOC1S1",0,0.884720254790635,0.827,0.597,0
"POP5",0,0.766965317550668,0.488,0.258,0
"SLTM",0,0.528430080158118,0.708,0.478,0
"PSMD8",0,0.766418321721766,0.787,0.557,0
"CGAS",0,1.06493829794219,0.339,0.11,0
"CHST12",0,0.511298847715065,0.539,0.31,0
"RBM17",0,0.747364242955934,0.665,0.436,0
"CENPO",0,3.29241062430691,0.258,0.029,0
"DNA2",0,3.50836978725207,0.254,0.025,0
"TRIM59",0,1.88209237038014,0.293,0.064,0
"PA2G4",0,1.01323933678732,0.759,0.53,0
"ESYT1",0,0.787689302444763,0.473,0.244,0
"PKM",0,0.700097716053212,0.835,0.606,0
"CCL3",0,0.644427052668723,0.493,0.264,0
"GBP4",0,0.736723859892255,0.515,0.287,0
"PAQR4",0,2.95086270652031,0.274,0.046,0
"SLC25A11",0,0.7171422972976,0.554,0.326,0
"GALM",0,0.743211630298741,0.475,0.247,0
"SFXN1",0,0.796728778579496,0.493,0.265,0
"SURF4",0,0.659684608850186,0.629,0.401,0
"PSME2",0,0.902215512559496,0.833,0.605,0
"ARRB2",0,0.458588655207055,0.42,0.192,0
"PET100",0,0.585922164775215,0.735,0.507,0
"PRPF38A",0,0.62915365761175,0.538,0.311,0
"SDHA",0,0.561161153407078,0.551,0.324,0
"PSMC2",0,0.748007369228221,0.552,0.325,0
"TDP1",0,1.37191659840567,0.333,0.106,0
"N4BP1",0,0.646663724255219,0.558,0.331,0
"SF3B3",0,0.783343924901535,0.51,0.283,0
"PSMA5",0,0.82013412155101,0.728,0.501,0
"ACTR3",0,0.723552466480192,0.815,0.588,0
"ITGB7",0,0.982388426293567,0.347,0.12,0
"ASNA1",0,0.580846078546438,0.571,0.344,0
"TRBC1",0,0.907397123830887,0.403,0.177,0
"CNOT1",0,0.635909610816197,0.544,0.318,0
"DOK2",0,0.573837012823444,0.393,0.167,0
"OAS1",0,0.793859810261524,0.458,0.232,0
"SLC20A1",0,0.751062387690822,0.47,0.244,0
"SP100",0,0.577710159004537,0.77,0.544,0
"PARP14",0,0.405660721858613,0.7,0.474,0
"CDC5L",0,0.61442950725427,0.604,0.378,0
"PSMA3",0,0.781085150742561,0.71,0.484,0
"TXNL4A",0,0.630571995631637,0.608,0.382,0
"RBBP4",0,0.769554662068214,0.651,0.426,0
"CENPC",0,0.554815807743339,0.522,0.297,0
"ZNRD1",0,0.65206648505536,0.562,0.337,0
"MRPL13",0,0.689394273339914,0.55,0.325,0
"PSMC1",0,0.572113704148131,0.645,0.42,0
"PDE7A",0,0.48514904217979,0.448,0.223,0
"DSCC1",0,2.83142887818917,0.267,0.042,0
"MITD1",0,0.619681365697394,0.502,0.277,0
"SAMD9",0,0.398826149594102,0.574,0.349,0
"AKAP5",0,1.66947107666108,0.293,0.068,0
"SIRPG",0,1.3797666297435,0.282,0.057,0
"RBM8A",0,0.865947476481486,0.788,0.564,0
"PUF60",0,0.466409105956954,0.663,0.439,0
"RHOG",0,0.452708155637327,0.555,0.331,0
"PHLDA1",0,0.699079268079265,0.522,0.298,0
"DDX60",0,0.984146382004864,0.458,0.234,0
"RECQL4",0,3.23108828433868,0.262,0.038,0
"PSMC3IP",0,2.71292527930377,0.261,0.037,0
"LARP7",0,0.62321555107364,0.626,0.402,0
"CNPY3",0,0.440330807609354,0.593,0.369,0
"MED4",0,0.466299113608294,0.591,0.367,0
"BAZ1A",0,0.421261775975227,0.588,0.364,0
"PSMB3",0,0.848010985456438,0.77,0.546,0
"PREX1",0,0.380156094680469,0.478,0.254,0
"MRPL22",0,0.738441875002972,0.567,0.343,0
"NDUFS6",0,0.705050101276273,0.794,0.571,0
"PDS5A",0,0.553255945964158,0.556,0.333,0
"EMC6",0,0.642185632785178,0.555,0.332,0
"ITGA1",0,0.576176992065407,0.43,0.207,0
"SAMD3",0,0.475870056678131,0.368,0.145,0
"RIF1",0,0.702913747489033,0.618,0.395,0
"PRPF4B",0,0.540825565988553,0.782,0.559,0
"PRRC2A",0,0.96005261509186,0.584,0.361,0
"CD82",0,0.658894768332384,0.502,0.279,0
"NDUFS8",0,0.524044421110561,0.716,0.493,0
"DCPS",0,1.05518318741876,0.407,0.184,0
"AHSA1",0,0.611770332102892,0.628,0.405,0
"RNF187",0,0.66732105765571,0.564,0.341,0
"PARP9",0,0.673903977775165,0.517,0.295,0
"RFC1",0,0.764899545265102,0.635,0.413,0
"BDP1",0,0.561597700892239,0.649,0.427,0
"TCERG1",0,0.70134933843357,0.526,0.304,0
"ANAPC5",0,0.507573220095306,0.648,0.426,0
"CBX1",0,0.758767633381791,0.546,0.324,0
"RNF126",0,0.766122856716261,0.459,0.237,0
"SRRT",0,1.06235260495325,0.448,0.226,0
"SH3GLB2",0,0.925414445776147,0.438,0.216,0
"AURKAIP1",0,0.632344886881235,0.762,0.54,0
"NSL1",0,0.655595078785362,0.47,0.248,0
"ARL4C",0,0.28650676865919,0.608,0.386,0
"ATP6V0E2",0,1.00305111595479,0.359,0.137,0
"TALDO1",0,0.774186781706214,0.708,0.486,0
"MYH9",0,0.581909859180468,0.823,0.601,0
"SUMO3",0,0.565407254594773,0.607,0.385,0
"NUDCD2",0,0.86811564222124,0.545,0.324,0
"GUSB",0,0.904868056216876,0.515,0.294,0
"PPP1R35",0,0.555549222567853,0.526,0.305,0
"SLC2A4RG",0,0.704619532700205,0.547,0.326,0
"SMC6",0,1.04533208935809,0.43,0.209,0
"ERI1",0,1.45984988788521,0.317,0.096,0
"TBC1D10B",0,1.16375802786554,0.39,0.169,0
"SNRPB",0,1.22494968426463,0.822,0.601,0
"GTF3C6",0,0.602896108002645,0.664,0.444,0
"FNBP1",0,0.372530301090861,0.661,0.441,0
"CHD4",0,0.549243521402002,0.685,0.465,0
"CNOT9",0,0.853838575980131,0.408,0.188,0
"SPCS3",0,0.636145604920868,0.693,0.473,0
"IQGAP2",0,0.385932477927276,0.411,0.191,0
"RHEB",0,0.755209360257924,0.713,0.493,0
"POLE3",0,0.799486339259979,0.493,0.273,0
"NEMP1",0,1.98828431770408,0.286,0.066,0
"MAP2K2",0,0.615486971236975,0.741,0.521,0
"MAP4K1",0,1.24033022515661,0.294,0.074,0
"NUCB2",0,0.876295478283083,0.648,0.429,0
"NFYB",0,0.754100669714334,0.455,0.236,0
"EIF2S1",0,0.649415888011269,0.547,0.328,0
"CDC27",0,0.865092381423079,0.455,0.236,0
"USP14",0,0.565301680821309,0.556,0.337,0
"APOBEC3H",0,1.6339049963415,0.266,0.047,0
"UPP1",0,0.604636408128564,0.424,0.205,0
"POP4",0,0.921750260090849,0.442,0.223,0
"SHMT1",0,1.71057120557443,0.301,0.082,0
"POLD1",0,2.29122187418378,0.284,0.065,0
"LINC01871",0,0.891415538165391,0.339,0.121,0
"DHX15",0,0.869214800785517,0.524,0.306,0
"CEP135",0,1.06788154235331,0.399,0.181,0
"EIF4E",0,0.613446181420524,0.534,0.316,0
"HADH",0,1.01054609455144,0.454,0.236,0
"MRPS12",0,0.637585727551652,0.551,0.333,0
"HRAS",0,0.936661174138449,0.447,0.229,0
"ABHD3",0,0.899659727116336,0.369,0.151,0
"ADAR",0,0.432582462495129,0.774,0.556,0
"RRP36",0,0.739897113448269,0.472,0.254,0
"PSMA1",0,0.642296409143061,0.741,0.523,0
"TRAPPC1",0,0.705700761273162,0.747,0.529,0
"PSMD11",0,0.605408131203597,0.584,0.366,0
"NMI",0,0.600685002666323,0.526,0.309,0
"POLR2K",0,0.560284867177046,0.675,0.458,0
"TSTA3",0,0.392020121436957,0.54,0.323,0
"TRAPPC4",0,0.594937520489734,0.551,0.334,0
"MSH2",0,1.2554079323517,0.372,0.155,0
"ILKAP",0,0.71307249394947,0.441,0.224,0
"HAVCR2",0,0.892384702428038,0.364,0.147,0
"KIF21A",0,1.05301778170135,0.383,0.166,0
"RUVBL2",0,0.974141314463486,0.442,0.225,0
"PBRM1",0,0.752247924215142,0.576,0.359,0
"WTAP",0,0.351689633925866,0.595,0.378,0
"SF3B2",0,0.581906690047529,0.726,0.509,0
"NABP2",0,1.15738103553693,0.409,0.192,0
"NCOR1",0,0.480104269297455,0.737,0.52,0
"ASXL1",0,0.765555618769876,0.483,0.266,0
"CEP57L1",0,1.59215074977203,0.326,0.11,0
"DPM2",0,0.811732104933492,0.462,0.246,0
"NUP85",0,1.44651887155201,0.33,0.114,0
"UBE2M",0,0.595450350717556,0.652,0.436,0
"RCSD1",0,0.754226105836899,0.351,0.135,0
"TPRKB",0,0.731940532479944,0.581,0.365,0
"IKBIP",0,0.952632957904725,0.47,0.254,0
"RBM26",0,0.481819917834495,0.606,0.39,0
"HAGH",0,0.530334570903219,0.493,0.277,0
"COPE",0,0.658083362783381,0.822,0.606,0
"PSMD4",0,0.571722453391942,0.675,0.46,0
"PDCD1",0,1.53153298878566,0.267,0.052,0
"PSMB7",0,0.573880225633866,0.682,0.467,0
"NUP62",0,0.696004336740092,0.467,0.252,0
"TRIM28",0,0.60628007526211,0.646,0.431,0
"CEP97",0,1.61982045635193,0.313,0.098,0
"MBNL1",0,0.336758173753781,0.825,0.61,0
"PSMD2",0,0.625007866902036,0.61,0.395,0
"RBPJ",0,0.915183273731227,0.749,0.534,0
"PSMA2",0,0.760562567479523,0.715,0.5,0
"CCL4",0,0.501249549973539,0.594,0.379,0
"KRAS",0,0.637692306425139,0.56,0.346,0
"NMT1",0,0.539736742432244,0.56,0.346,0
"SNRNP200",0,0.598692450818406,0.631,0.417,0
"IRF2",0,0.485891054092251,0.548,0.334,0
"SRP19",0,0.396789503667984,0.543,0.329,0
"FDFT1",0,0.827143889156454,0.501,0.287,0
"RNF19A",0,0.526425001826304,0.623,0.409,0
"GSS",0,1.16563491268476,0.394,0.18,0
"ARHGAP33",0,2.79592842498051,0.263,0.049,0
"ARID1A",0,0.483806986868207,0.612,0.398,0
"RAN",0,1.42154553623776,0.859,0.645,0
"TIPIN",0,1.72721085439339,0.299,0.085,0
"CCP110",0,1.36113077578951,0.354,0.14,0
"FAM192A",0,0.701967827791385,0.481,0.267,0
"COMMD7",0,0.495971469697555,0.597,0.383,0
"SUGP2",0,0.689749001785445,0.563,0.349,0
"CDK11B",0,0.710011033613399,0.456,0.243,0
"TGS1",0,0.609435212925271,0.456,0.243,0
"TOMM5",0,0.800097324344569,0.448,0.235,0
"TESC",0,1.37200945527503,0.302,0.089,0
"SHKBP1",0,0.680107518974503,0.423,0.21,0
"SBF1",0,1.23663978680015,0.356,0.143,0
"HSD17B10",0,0.595879892156199,0.591,0.378,0
"NSD3",0,0.450447581030178,0.765,0.552,0
"FBXW5",0,0.61390535469244,0.573,0.36,0
"POLR2G",0,0.587783395196047,0.591,0.378,0
"SNX5",0,0.565961512289363,0.612,0.399,0
"TAPBP",0,0.279339724248718,0.78,0.568,0
"COMMD8",0,0.637032542648895,0.462,0.25,0
"HTATSF1",0,0.818968899756767,0.513,0.301,0
"GLRX3",0,0.615797826510064,0.545,0.333,0
"ECI1",0,0.635071005964418,0.532,0.32,0
"AATF",0,0.674018777702488,0.468,0.256,0
"PIP4K2A",0,0.355192581775791,0.44,0.228,0
"CABIN1",0,0.720035099022494,0.44,0.228,0
"DKC1",0,0.714239094693247,0.493,0.281,0
"SNRPF",0,0.875871612417498,0.77,0.558,0
"POLR2E",0,0.583449975853354,0.593,0.381,0
"MRPL37",0,0.86959606338696,0.459,0.248,0
"DTX3L",0,0.694786513145127,0.462,0.251,0
"NDUFA9",0,0.684961268165633,0.521,0.31,0
"WBP11",0,0.50109187029141,0.538,0.327,0
"CLPP",0,0.54195885373125,0.536,0.325,0
"TECR",0,0.511331572567048,0.664,0.453,0
"RBM42",0,0.539444359015843,0.538,0.327,0
"NAPA",0,0.574525127069282,0.533,0.322,0
"ARHGEF3",0,0.45700235250587,0.433,0.222,0
"PPP2R3B",0,1.89684423072636,0.302,0.091,0
"LPXN",0,0.638116675436424,0.356,0.145,0
"RNF34",0,0.831373272373675,0.382,0.171,0
"C22orf39",0,0.807051650046755,0.418,0.207,0
"SFI1",0,0.935896313585644,0.353,0.142,0
"SZRD1",0,0.487419182428094,0.564,0.353,0
"DNAJC8",0,0.616176833824042,0.739,0.528,0
"HCFC1",0,0.968695039037991,0.413,0.202,0
"CD6",0,1.10442918652886,0.296,0.085,0
"MRPS7",0,0.575593431279997,0.569,0.358,0
"HCST",0,0.276391434059479,0.572,0.361,0
"XRCC6",0,0.697450121481305,0.741,0.53,0
"SLC25A5",0,0.994668792786297,0.782,0.572,0
"HNRNPF",0,1.06379513090014,0.798,0.588,0
"ODC1",0,0.620895028485711,0.548,0.338,0
"SNRNP27",0,0.6537141098889,0.493,0.283,0
"MBD4",0,0.470754567875284,0.547,0.337,0
"PFKP",0,0.794909918313889,0.459,0.249,0
"PSMG2",0,0.599778413515379,0.652,0.442,0
"RAD23A",0,0.555690512554267,0.677,0.467,0
"RCAN3",0,0.730772380243834,0.374,0.164,0
"TRIM26",0,1.10368939905508,0.373,0.163,0
"NSMCE4A",0,0.873358057953646,0.439,0.229,0
"MZT2A",0,0.923210532787563,0.772,0.562,0
"PPP4R3A",0,0.445624564336711,0.567,0.357,0
"MIF4GD",0,1.00625954178484,0.35,0.14,0
"IER3IP1",0,0.524292358527331,0.572,0.362,0
"ELAVL1",0,0.663951546823245,0.563,0.353,0
"UBE2L3",0,0.665960351370204,0.745,0.535,0
"CAP1",0,0.553607042732081,0.788,0.579,0
"CCT6A",0,0.604523478891545,0.683,0.474,0
"SNRPD3",0,0.79222779737992,0.778,0.569,0
"POLR3GL",0,0.477831456449534,0.521,0.312,0
"SLC3A2",0,0.474463147828118,0.669,0.46,0
"CNN2",0,0.47050616968763,0.622,0.413,0
"C19orf25",0,0.479173456899863,0.464,0.255,0
"DGCR6L",0,0.653665583703312,0.536,0.327,0
"FAM207A",0,0.791211061980828,0.453,0.244,0
"SMIM12",0,0.761693597321945,0.436,0.227,0
"BIN2",0,0.452589199443462,0.373,0.164,0
"SLFN13",0,1.36302095893256,0.306,0.097,0
"ARPC5",0,0.720455263900114,0.829,0.62,0
"VOPP1",0,0.660680886889879,0.486,0.277,0
"NDUFV1",0,0.629256447230121,0.593,0.384,0
"CHCHD1",0,0.471066500807701,0.61,0.401,0
"SELPLG",0,0.539837459608806,0.349,0.14,0
"TADA3",0,0.620951713431902,0.559,0.351,0
"ZBTB8OS",0,0.395086064832724,0.519,0.311,0
"TXNDC9",0,0.597672468919445,0.459,0.251,0
"SPATS2L",0,0.462069829531466,0.641,0.433,0
"G3BP2",0,0.42545881848086,0.641,0.433,0
"SVIP",0,0.611845958594647,0.504,0.296,0
"BCL11B",0,0.465701740280443,0.31,0.102,0
"RANGRF",0,0.943173728534556,0.382,0.174,0
"CSNK1G2",0,0.552980790532728,0.511,0.303,0
"SMARCA4",0,0.616742736000356,0.517,0.309,0
"MYO9B",0,0.489546805790949,0.504,0.296,0
"RAD9A",0,1.08872627847939,0.372,0.164,0
"CDK2",0,2.00065631171694,0.299,0.091,0
"CEP350",0,0.5645996472434,0.585,0.377,0
"PRPF40A",0,0.463101447291256,0.734,0.526,0
"IL32",0,0.55703870526596,0.707,0.499,0
"SRSF2",0,0.829279574713233,0.858,0.65,0
"CRELD2",0,0.711694309721551,0.478,0.27,0
"HNRNPM",0,0.793899098411156,0.783,0.576,0
"EXOSC10",0,0.743279749915819,0.397,0.19,0
"GNAI3",0,0.396287602439581,0.614,0.407,0
"MLH1",0,1.14658287900298,0.343,0.136,0
"UPF2",0,0.467671417928308,0.639,0.432,0
"OSGEP",0,0.634058675322993,0.448,0.241,0
"CEP128",0,2.08545979361582,0.259,0.052,0
"CD320",0,0.757727023366174,0.498,0.291,0
"OTULIN",0,0.646298790576468,0.44,0.233,0
"CEP192",0,1.14491279708281,0.366,0.159,0
"NDC1",0,1.92638229372811,0.285,0.078,0
"RAD18",0,1.79585581803787,0.291,0.084,0
"ERAP2",0,0.662124235182683,0.409,0.202,0
"NR3C1",0,0.52026049865781,0.61,0.403,0
"SDHAF2",0,0.524906535571098,0.47,0.263,0
"USP48",0,0.696435393072173,0.554,0.348,0
"NUCKS1",0,1.19196579392616,0.908,0.702,0
"KCNAB2",0,0.927589747699569,0.328,0.122,0
"PAFAH1B1",0,0.312548111896348,0.64,0.434,0
"SF3A2",0,0.821812178241046,0.389,0.183,0
"PSMB8-AS1",0,0.761125994187532,0.357,0.151,0
"PXMP2",0,1.33104448534604,0.374,0.168,0
"CENPS",0,1.93667918112436,0.282,0.076,0
"NUDC",0,0.608910538413966,0.7,0.494,0
"IWS1",0,0.657580241809457,0.487,0.281,0
"PSMB6",0,0.652494170252118,0.703,0.497,0
"ROCK1",0,0.378438246300063,0.739,0.533,0
"UBE2I",0,0.70896103514378,0.796,0.591,0
"PSD4",0,0.873017720878886,0.341,0.136,0
"PIM1",0,0.264972125620294,0.516,0.311,0
"BRI3BP",0,1.55340252188318,0.32,0.115,0
"MFAP1",0,0.650428846844059,0.458,0.253,0
"ZC3H18",0,0.785876890511141,0.455,0.25,0
"SLC35B1",0,0.717499988999532,0.446,0.241,0
"GPRIN3",0,0.557320252086123,0.376,0.171,0
"XRCC5",0,0.778415134763759,0.817,0.612,0
"HPF1",0,0.774945142872951,0.483,0.278,0
"MRPL11",0,0.636768425629085,0.574,0.369,0
"PPHLN1",0,0.391991973148465,0.595,0.39,0
"XRCC1",0,1.21474158505365,0.344,0.139,0
"PITHD1",0,0.515779819578759,0.496,0.292,0
"ZFAND2B",0,0.688786039111497,0.402,0.198,0
"PCBD2",0,1.26388644898735,0.323,0.119,0
"P2RY10",0,1.2242177798394,0.263,0.059,0
"CPSF6",0,0.554112253255409,0.503,0.299,0
"NIN",0,0.678929987001466,0.446,0.242,0
"CD58",0,0.75843127664066,0.374,0.17,0
"DAXX",0,0.519776569248326,0.436,0.232,0
"HAUS6",0,0.92769375729307,0.346,0.142,0
"FAM104A",0,0.651378959734372,0.41,0.206,0
"EEF1E1",0,0.711234767829687,0.485,0.281,0
"NDUFB6",0,0.623979836306352,0.591,0.387,0
"KIF5B",0,0.635856475539721,0.734,0.53,0
"TXN2",0,0.471111988152827,0.608,0.404,0
"ARAP2",0,0.43517439516603,0.39,0.187,0
"RAD1",0,0.964065872906953,0.384,0.181,0
"LNPEP",0,0.419279945666344,0.544,0.341,0
"TMEM109",0,0.682271553621889,0.502,0.299,0
"TRIM69",0,0.824007258529154,0.405,0.202,0
"CD2BP2",0,0.620197602330132,0.536,0.333,0
"TPGS2",0,0.694360893466744,0.501,0.298,0
"RBCK1",0,0.399010342079126,0.62,0.417,0
"NDUFA7",0,0.668707163655484,0.46,0.257,0
"CBR3",0,1.93663793005232,0.271,0.068,0
"TRAF2",0,1.39474411996685,0.296,0.093,0
"RBM14",0,0.748556820250268,0.407,0.204,0
"SRP9",0,0.678981206286884,0.759,0.556,0
"U2SURP",0,0.4764645771379,0.734,0.531,0
"PDCD10",0,0.447346196476529,0.583,0.38,0
"MRPS18C",0,0.520707521241952,0.591,0.388,0
"NT5C3A",0,0.560312039152837,0.48,0.277,0
"BUD31",0,0.393378414755728,0.7,0.497,0
"KMT2A",0,0.475259586439481,0.734,0.531,0
"IPO9",0,0.936856410077053,0.437,0.235,0
"PYCR2",0,0.773829847968544,0.448,0.246,0
"R3HDM1",0,0.764807992024123,0.398,0.196,0
"MEA1",0,0.688488631648688,0.486,0.284,0
"IMMP1L",0,0.807422926319277,0.392,0.19,0
"PRPS1",0,0.807127790708355,0.37,0.168,0
"ZFP91",0,0.859569161954289,0.415,0.213,0
"LYST",0,0.629171177995523,0.47,0.268,0
"EIF5B",0,0.465808469118876,0.753,0.551,0
"DECR1",0,0.478301963912653,0.571,0.369,0
"PSMC4",0,0.480207805407203,0.605,0.403,0
"PPP2CA",0,0.526476426234054,0.555,0.354,0
"RALA",0,0.315613966065129,0.558,0.357,0
"EIF2S2",0,0.623382721562731,0.766,0.565,0
"PKN1",0,0.420385980343032,0.554,0.353,0
"SF3A3",0,0.509054975999672,0.503,0.302,0
"ISY1",0,0.797297053692066,0.384,0.183,0
"ODF2",0,1.24301872643995,0.323,0.122,0
"GLRX5",0,0.663599780304905,0.635,0.434,0
"MRPL54",0,0.556799724721686,0.632,0.431,0
"BRD4",0,0.413838052502388,0.669,0.468,0
"ST8SIA4",0,0.442438736485821,0.358,0.157,0
"E2F4",0,0.715877865566395,0.425,0.224,0
"PANK2",0,0.77624123657065,0.415,0.214,0
"ILK",0,0.484098105300516,0.589,0.388,0
"CARD16",0,0.252739939442484,0.586,0.385,0
"NDUFV2",0,0.696707972789939,0.749,0.548,0
"PDCD5",0,0.605985427554026,0.698,0.497,0
"GTF3A",0,0.518084924361207,0.676,0.476,0
"POLH",0,2.03423032008969,0.263,0.063,0
"DDX23",0,0.762572411012123,0.455,0.255,0
"LRRC59",0,0.629717097589359,0.497,0.297,0
"PSMC5",0,0.593347901627294,0.663,0.463,0
"EIF4A3",0,0.467721405349023,0.625,0.425,0
"JAK3",0,0.681459766521114,0.395,0.195,0
"FH",0,0.825482191588377,0.431,0.231,0
"MFSD14B",0,0.807963034688598,0.409,0.209,0
"MBD3",0,1.0941447507015,0.431,0.231,0
"WDR82",0,0.416218555521924,0.59,0.39,0
"VDAC1",0,0.538665702406813,0.706,0.506,0
"TLN1",0,0.392373762600221,0.755,0.555,0
"EIF5A",0,0.625563304686466,0.754,0.554,0
"ZNF207",0,0.406266769700056,0.735,0.535,0
"VASP",0,0.355104425715069,0.564,0.364,0
"UBTF",0,0.57264272156797,0.545,0.346,0
"SMAP2",0,0.503708988396231,0.434,0.235,0
"HAUS3",0,1.06453308116205,0.331,0.132,0
"ASF1A",0,0.722562563225372,0.397,0.198,0
"TOX",0,1.32217957367773,0.265,0.066,0
"BRMS1",0,0.671397414935843,0.435,0.236,0
"SUV39H2",0,2.25514403062157,0.258,0.059,0
"KATNBL1",0,0.573245430387117,0.517,0.318,0
"PSMD3",0,0.641624591598123,0.522,0.323,0
"FZR1",0,1.49989907338693,0.327,0.128,0
"UQCRFS1",0,0.555745362038203,0.626,0.427,0
"USP39",0,0.886814527247895,0.349,0.15,0
"FAM122B",0,0.987743016184627,0.365,0.166,0
"GTF3C5",0,0.998595832655021,0.369,0.17,0
"GOT1",0,1.05658352401415,0.347,0.148,0
"UQCRC1",0,0.533194243465813,0.584,0.385,0
"HNRNPH3",0,0.55483397575195,0.735,0.536,0
"DNM2",0,0.505612286033013,0.476,0.277,0
"PNRC2",0,0.572056635605441,0.667,0.469,0
"ZCCHC17",0,0.442628419894825,0.485,0.287,0
"TMEM14A",0,0.7884942923907,0.437,0.239,0
"AHI1",0,1.19240857667266,0.517,0.319,0
"VMA21",0,0.565788050140446,0.496,0.298,0
"CYC1",0,0.477251973642912,0.64,0.442,0
"HNRNPUL2",0,0.720245903118715,0.459,0.261,0
"GZMH",0,0.655294075746863,0.321,0.123,0
"MRPS34",0,0.532772791603082,0.626,0.428,0
"GLOD4",0,0.550682331238987,0.481,0.283,0
"DDA1",0,0.483786233331208,0.45,0.252,0
"TRMU",0,0.992282966388371,0.335,0.137,0
"URM1",0,0.698699046116732,0.429,0.231,0
"BICDL1",0,1.1726969072673,0.288,0.09,0
"KRR1",0,0.364978095637748,0.575,0.377,0
"ATG12",0,0.311595313045533,0.556,0.359,0
"PDAP1",0,0.528781333286064,0.669,0.472,0
"C4orf46",0,2.14654951674422,0.255,0.058,0
"SREK1",0,0.463726222324315,0.633,0.436,0
"RIC8A",0,0.69205995881317,0.446,0.249,0
"EEF1AKMT2",0,0.889203652534465,0.388,0.191,0
"PHF11",0,0.401004047056593,0.487,0.29,0
"LEO1",0,0.738378193779812,0.389,0.192,0
"SEPT9",0,0.262213042783444,0.654,0.457,0
"THOP1",0,1.54538516991771,0.313,0.116,0
"TNIP2",0,0.832257886582284,0.429,0.232,0
"ITK",0,0.55379423600801,0.283,0.086,0
"KATNA1",0,0.917923814717224,0.359,0.162,0
"MCMBP",0,0.873123760008688,0.43,0.233,0
"RER1",0,0.487737484660015,0.704,0.507,0
"MRPL57",0,0.531601436435328,0.694,0.497,0
"IFI27L2",0,0.405802746413218,0.692,0.495,0
"MCRIP1",0,0.59522489563171,0.602,0.405,0
"WAC",0,0.309218719741117,0.681,0.485,0
"EIF3A",0,0.603231136194363,0.793,0.597,0
"RAP1B",0,0.434075582651497,0.776,0.58,0
"RGS19",0,0.394672258220373,0.403,0.207,0
"ELOVL1",0,0.654201297784841,0.446,0.25,0
"DENND1B",0,0.768060094368253,0.379,0.183,0
"LYAR",0,0.386289275026859,0.45,0.254,0
"ATG5",0,0.631187062353565,0.444,0.248,0
"MRPL18",0,0.486548240535898,0.611,0.415,0
"LUC7L2",0,0.438156856533613,0.501,0.305,0
"NUP188",0,0.966162491817098,0.329,0.133,0
"PSMD9",0,0.657771113544782,0.447,0.251,0
"N4BP2",0,0.900901604601988,0.409,0.213,0
"NUP98",0,0.764335006512814,0.41,0.214,0
"STOML2",0,0.571179540531815,0.587,0.391,0
"DERL1",0,0.444911307436331,0.543,0.348,0
"POLR2A",0,0.508757993280581,0.555,0.36,0
"UCHL5",0,0.80970200546146,0.405,0.21,0
"STK10",0,0.376547334556015,0.401,0.206,0
"PPIL1",0,1.02195262805224,0.34,0.145,0
"PIEZO1",0,0.773696865538337,0.4,0.205,0
"EVI2B",0,0.510502924156537,0.399,0.204,0
"PIK3CD",0,0.678665020599153,0.315,0.12,0
"LIN54",0,1.88880237030752,0.265,0.07,0
"BCL7B",0,0.753388566277678,0.433,0.238,0
"TES",0,0.43002567141297,0.467,0.272,0
"RPS6KA3",0,0.547751031271543,0.497,0.302,0
"SPTAN1",0,0.337690397630319,0.655,0.46,0
"PARP2",0,1.42426438198151,0.31,0.115,0
"SMG1",0,0.437163846276131,0.613,0.418,0
"DNAJC7",0,0.375891117027649,0.655,0.46,0
"NDFIP2",0,0.946895906762887,0.409,0.214,0
"IFI16",0,0.78237409189754,0.862,0.667,0
"PCM1",0,0.462297230140411,0.717,0.522,0
"FKBP3",0,0.453330963165903,0.586,0.391,0
"PPIG",0,0.504137243938615,0.768,0.574,0
"MAPK1",0,0.339011959160774,0.553,0.359,0
"FAF1",0,0.894739117948795,0.398,0.204,0
"C1orf131",0,0.628125576589301,0.431,0.237,0
"PSMD6",0,0.5453052321311,0.514,0.32,0
"HERC5",0,0.841387447273739,0.433,0.239,0
"PSMG3",0,0.87014743309971,0.433,0.239,0
"COA1",0,0.53576692664631,0.493,0.299,0
"STAG2",0,0.392571887766276,0.612,0.418,0
"TOR2A",0,0.944412154076738,0.331,0.137,0
"NELFCD",0,0.474546428986189,0.526,0.332,0
"HSH2D",0,1.07697699726713,0.31,0.116,0
"PIH1D1",0,0.583496322433508,0.478,0.284,0
"VRK3",0,0.73818899500319,0.384,0.19,0
"PFKL",0,0.521831780699138,0.52,0.326,0
"HNRNPLL",0,0.861444422339788,0.413,0.219,0
"NELFB",0,0.724172453687875,0.417,0.223,0
"MRPS36",0,0.441757237228622,0.562,0.369,0
"BRIX1",0,0.630304299367948,0.464,0.271,0
"TMEM167A",0,0.315466804883504,0.603,0.41,0
"FIGNL1",0,2.03148708937567,0.265,0.072,0
"UBAP2",0,0.92347141050858,0.438,0.245,0
"NUTF2",0,0.521573632098165,0.533,0.34,0
"NARF",0,0.551974941345973,0.446,0.253,0
"PTPRA",0,0.336026399632649,0.606,0.413,0
"SLA2",0,0.899560186091597,0.26,0.067,0
"DHRS4",0,1.17577863252286,0.347,0.154,0
"CTDSPL2",0,0.667477722216323,0.411,0.218,0
"MRPL51",0,0.834688173021607,0.751,0.558,0
"SRSF1",0,0.322770047360097,0.588,0.395,0
"YWHAQ",0,0.633238387243427,0.764,0.572,0
"TCP1",0,0.525916775782121,0.667,0.475,0
"GHITM",0,0.371782564374073,0.666,0.474,0
"BRD8",0,1.20495710855682,0.394,0.202,0
"GIMAP4",0,0.298329658862609,0.438,0.246,0
"NCKAP1L",0,0.357113790354471,0.368,0.176,0
"NTAN1",0,0.607482959620218,0.456,0.264,0
"VPS25",0,0.700316205620551,0.454,0.262,0
"PRPF31",0,0.483476778504102,0.503,0.311,0
"SRRM1",0,0.579162830135515,0.842,0.65,0
"ORMDL2",0,0.378150121089423,0.469,0.277,0
"PPP1R12A",0,0.419335532898872,0.741,0.549,0
"ACTR2",0,0.268823163805079,0.79,0.599,0
"LASP1",0,0.273776661054506,0.558,0.367,0
"AC084033.3",0,1.21935266715091,0.338,0.147,0
"MPC2",0,0.398981878657029,0.634,0.443,0
"ITGA4",0,0.31907878278422,0.369,0.178,0
"MOB4",0,0.408104773508904,0.511,0.32,0
"MCUB",0,0.655739599375347,0.393,0.202,0
"HUWE1",0,0.566138066812168,0.603,0.412,0
"PLGRKT",0,0.613674224703656,0.438,0.247,0
"NOTCH1",0,1.03174101521885,0.313,0.122,0
"RPP30",0,0.718072732151678,0.427,0.236,0
"UBR7",0,1.281223510418,0.302,0.111,0
"UBN1",0,0.518973409268269,0.463,0.272,0
"SAFB",0,0.5850464328633,0.51,0.319,0
"MIER1",0,0.336566143469818,0.596,0.405,0
"TRAPPC2L",0,0.358897902494118,0.583,0.392,0
"IFI6",0,0.543696182954773,0.763,0.573,0
"PDIA6",0,0.59773365005035,0.771,0.581,0
"UBE2D2",0,0.584099826748625,0.759,0.569,0
"NDUFB11",0,0.668556881870297,0.791,0.601,0
"ELOC",0,0.511457056675443,0.674,0.484,0
"P4HB",0,0.291929318875743,0.76,0.57,0
"RBX1",0,0.771038026201662,0.792,0.602,0
"GMPPB",0,1.08364280652332,0.334,0.144,0
"GPR171",0,0.755689708948885,0.28,0.09,0
"NRDC",0,0.43937312004918,0.606,0.416,0
"TSTD1",0,0.400808326960312,0.603,0.413,0
"COA6",0,0.45766354050184,0.517,0.327,0
"SRA1",0,0.439189025237644,0.503,0.313,0
"PRDM1",0,0.535579802388573,0.382,0.192,0
"AKR1B1",0,0.60126845972247,0.453,0.263,0
"CHMP1A",0,0.542580960827911,0.446,0.256,0
"CISD3",0,0.515830760723042,0.455,0.265,0
"GATA3",0,0.627790083898671,0.284,0.094,0
"FN3KRP",0,1.05583809611527,0.354,0.164,0
"IFI44L",0,0.410195261641985,0.569,0.379,0
"C9orf78",0,0.285464678977776,0.575,0.385,0
"TXNDC12",0,0.445720212029668,0.556,0.367,0
"VCP",0,0.363004768199105,0.683,0.494,0
"MRE11",0,0.585663575388247,0.4,0.211,0
"RBM15",0,1.71194059841653,0.294,0.105,0
"ICOS",0,1.10701038460483,0.252,0.063,0
"DNAJB11",0,0.661155163089621,0.493,0.304,0
"TAF11",0,0.59273632725832,0.467,0.278,0
"KBTBD2",0,0.86187837246076,0.37,0.181,0
"SPATA13",0,0.454844833966126,0.378,0.189,0
"NUBP2",0,0.647162665802298,0.477,0.288,0
"DCTPP1",0,0.95750348361047,0.448,0.259,0
"ZNF714",0,1.11051534544498,0.311,0.122,0
"MRPS15",0,0.45506272234012,0.585,0.396,0
"ATF7IP",0,0.283206006532288,0.57,0.381,0
"CAND1",0,0.442153805702895,0.577,0.388,0
"UPF3A",0,0.471502182394847,0.558,0.37,0
"PRKACB",0,0.300330273297605,0.401,0.213,0
"ICMT",0,1.05383290794286,0.374,0.186,0
"TARDBP",0,0.419561205447523,0.522,0.334,0
"HIPK1",0,0.443214868171387,0.491,0.303,0
"PUM2",0,0.381644227744142,0.502,0.314,0
"NAA50",0,0.568580519863738,0.517,0.329,0
"OCIAD2",0,0.386055530486873,0.509,0.321,0
"FIP1L1",0,0.385014858493021,0.494,0.306,0
"NUP155",0,1.25011624015148,0.31,0.122,0
"HARS",0,0.683547713985416,0.429,0.241,0
"MTCH2",0,0.624209500076844,0.475,0.287,0
"NEDD1",0,1.07778166511061,0.305,0.117,0
"SLC7A5",0,1.00821124948095,0.317,0.129,0
"DPM1",0,0.475940283350317,0.479,0.291,0
"BABAM1",0,0.549684029337296,0.481,0.293,0
"SMPD4",0,1.02125320649864,0.344,0.156,0
"LRBA",0,0.54251744063466,0.409,0.221,0
"KHDRBS1",0,0.57572498942147,0.735,0.547,0
"CGGBP1",0,0.43866726869008,0.562,0.375,0
"XRN1",0,0.382871044301747,0.534,0.347,0
"IQGAP1",0,0.254803188520259,0.804,0.617,0
"NOSIP",0,0.367040351081135,0.536,0.349,0
"TRIOBP",0,0.54002743677476,0.539,0.352,0
"ARHGEF6",0,0.890470650706958,0.343,0.156,0
"RNF166",0,0.429207639294004,0.392,0.205,0
"GIT1",0,0.907821066224407,0.34,0.153,0
"HELZ2",0,0.836769282928255,0.403,0.216,0
"RTCA",0,0.578952540163151,0.423,0.236,0
"NDUFS2",0,0.372047276418812,0.625,0.438,0
"FAM76B",0,0.767225056847369,0.372,0.185,0
"HSPA14",0,1.04530473173567,0.327,0.14,0
"PNP",0,0.707426397061011,0.378,0.191,0
"PSMC6",0,0.343771792242291,0.622,0.435,0
"TP53I13",0,0.577160748110174,0.466,0.279,0
"CDK5RAP3",0,0.549451754889754,0.469,0.282,0
"MRPL12",0,0.717065732764716,0.492,0.305,0
"CCDC57",0,0.871451746135748,0.359,0.172,0
"MRPL14",0,0.438192631503716,0.569,0.382,0
"BANF1",0,0.55315145911664,0.73,0.543,0
"POLR2J",0,0.361572746735129,0.677,0.491,0
"SPPL2A",0,0.318996751404663,0.544,0.358,0
"NUP93",0,0.968374076426799,0.334,0.148,0
"MRPL9",0,0.509575912611864,0.464,0.278,0
"ANKRD44",0,0.300771307203,0.386,0.2,0
"RUVBL1",0,0.589201945486927,0.427,0.241,0
"CTBP1",0,0.48177507752391,0.478,0.292,0
"NUP153",0,0.819809047855269,0.381,0.195,0
"ETV7",0,1.6308486297161,0.27,0.084,0
"PBDC1",0,0.416516169726666,0.506,0.32,0
"MRPL16",0,0.507342501280011,0.48,0.294,0
"ZNF22",0,0.455961453477111,0.524,0.338,0
"YAF2",0,0.554877005841125,0.431,0.245,0
"LLPH",0,0.350285994322535,0.529,0.343,0
"RAB11A",0,0.380053414081547,0.615,0.429,0
"HMOX2",0,0.372336679771743,0.479,0.293,0
"SAP30BP",0,0.367259014903148,0.464,0.278,0
"DESI1",0,0.678076311427161,0.423,0.237,0
"ALOX5AP",0,0.700082369874972,0.412,0.226,0
"GTF2A2",0,0.489173582485336,0.659,0.474,0
"TMC8",0,0.394662124778624,0.333,0.148,0
"ATG3",0,0.491289170531812,0.5,0.315,0
"LSM1",0,0.401775784213538,0.522,0.337,0
"RPS6KB2",0,0.610665207913788,0.435,0.25,0
"ACTR1A",0,0.651996214255809,0.421,0.236,0
"GNPTAB",0,0.266582985310003,0.509,0.324,0
"PPP1CC",0,0.470373758948832,0.64,0.455,0
"INO80E",0,0.82427089383486,0.386,0.201,0
"STXBP2",0,0.678417025826762,0.37,0.185,0
"SNRPE",0,0.664080080655561,0.731,0.546,0
"ID2",0,0.504719630759521,0.728,0.543,0
"CCDC85B",0,0.406904352095499,0.743,0.558,0
"FADD",0,0.813748053312437,0.343,0.159,0
"SNRNP35",0,0.569921442642905,0.405,0.221,0
"MPHOSPH6",0,0.635018066610098,0.39,0.206,0
"DNTTIP2",0,0.29590425765272,0.523,0.339,0
"MED10",0,0.328880756626002,0.601,0.417,0
"RPL26L1",0,0.482643769435999,0.509,0.325,0
"PSPC1",0,0.583823714757316,0.422,0.238,0
"MESD",0,0.437583494113405,0.622,0.438,0
"SIRT7",0,0.364298275501358,0.425,0.241,0
"LPIN2",0,0.422037268845842,0.511,0.327,0
"CIB1",0,0.351388008358888,0.733,0.549,0
"AES",0,0.504922960397929,0.859,0.675,0
"EIF4E2",0,0.388341534697897,0.562,0.379,0
"CYCS",0,0.277581088952484,0.763,0.58,0
"RBM3",0,0.45163057730834,0.765,0.582,0
"RBMX",0,0.537823424670021,0.784,0.601,0
"AP2B1",0,0.432045655723693,0.551,0.368,0
"CPSF3",0,0.860075497043204,0.359,0.176,0
"C1GALT1",0,0.640164215549358,0.381,0.198,0
"BLOC1S2",0,0.44511482610027,0.456,0.273,0
"WBP4",0,0.608186027629097,0.44,0.257,0
"HERC1",0,0.426478593811002,0.502,0.319,0
"GALNT1",0,0.449735266184393,0.519,0.336,0
"RTCB",0,0.514766245591037,0.497,0.314,0
"CNP",0,0.829223181140407,0.413,0.23,0
"TMCO1",0,0.281684641740135,0.704,0.521,0
"LMAN2",0,0.418656295858714,0.712,0.529,0
"SMS",0,0.486324460774539,0.577,0.394,0
"SF3B5",0,0.426302705615486,0.745,0.563,0
"ZC3HAV1",0,0.263128390417581,0.554,0.372,0
"B3GAT3",0,0.505330390495209,0.464,0.282,0
"NME1",0,0.713278080337661,0.541,0.359,0
"APOL6",0,0.428433385106185,0.55,0.368,0
"GMEB1",0,1.14115610890324,0.324,0.142,0
"PPIL3",0,0.761270627401144,0.389,0.207,0
"SAAL1",0,1.3704454023938,0.274,0.092,0
"STIM2",0,0.483385567083633,0.442,0.26,0
"MPC1",0,0.561796954671033,0.506,0.324,0
"SNX10",0,0.49093831607229,0.312,0.13,0
"MRPL17",0,0.534352252148935,0.495,0.313,0
"TIAL1",0,0.279695777950063,0.599,0.417,0
"MRPS31",0,0.493476027739324,0.454,0.272,0
"C16orf87",0,0.842057481782419,0.36,0.178,0
"METTL4",0,1.04188916277405,0.312,0.13,0
"SEC11C",0,0.67981425729965,0.516,0.334,0
"ZNF524",0,0.842891469727424,0.361,0.179,0
"ABT1",0,0.471747234736811,0.407,0.225,0
"SQOR",0,0.723059879838894,0.407,0.225,0
"GSTO1",0,0.373290100305114,0.702,0.52,0
"DCTN2",0,0.39301203096145,0.574,0.392,0
"POLR2H",0,0.333385054052082,0.541,0.36,0
"ITM2A",0,0.646322079030233,0.54,0.359,0
"FAM50A",0,0.432036352921451,0.558,0.377,0
"UBE2V2",0,0.433980121298676,0.544,0.363,0
"CD84",0,0.365161055921626,0.341,0.16,0
"MRPS18A",0,0.515387277178219,0.406,0.225,0
"UHRF2",0,0.567772777421986,0.393,0.212,0
"SLC43A3",0,1.02317033236523,0.335,0.154,0
"PPIE",0,0.530858253883151,0.459,0.278,0
"DGUOK",0,0.297212378040611,0.614,0.433,0
"HTRA2",0,0.803538140956755,0.378,0.197,0
"HLTF",0,0.744190696467294,0.419,0.238,0
"CCDC69",0,0.462109857790861,0.375,0.194,0
"AL031777.3",0,1.12153824661544,0.264,0.083,0
"CHMP5",0,0.424263188438711,0.635,0.454,0
"PPIF",0,0.451275753379625,0.421,0.24,0
"SLF2",0,0.595826749367718,0.45,0.269,0
"SEL1L3",0,0.733132644259338,0.349,0.168,0
"YIF1B",0,0.936400613692217,0.344,0.163,0
"PNN",0,0.414819390167974,0.828,0.647,0
"SNRPB2",0,0.468224412586889,0.705,0.524,0
"C1D",0,0.378309124092526,0.528,0.348,0
"TANK",0,0.435810337211627,0.542,0.362,0
"MCTS1",0,0.482894409753945,0.54,0.36,0
"PSMF1",0,0.316024096313443,0.532,0.352,0
"PITPNC1",0,0.407608854114405,0.338,0.158,0
"CTPS1",0,1.38705410750864,0.302,0.122,0
"COMMD3",0,0.375321184344774,0.511,0.331,0
"VPS26A",0,0.418811142098628,0.496,0.316,0
"ZCRB1",0,0.381671594803585,0.618,0.438,0
"IRF9",0,0.485334400780704,0.451,0.271,0
"MIR155HG",0,1.49768801272761,0.265,0.085,0
"MED7",0,0.980428446009706,0.349,0.169,0
"NDUFA12",0,0.481804706134545,0.706,0.526,0
"MRPL47",0,0.514312174897903,0.528,0.349,0
"SRP54",0,0.285421163026434,0.523,0.344,0
"YY1",0,0.324949243535736,0.687,0.508,0
"ZNF683",0,0.613093459330161,0.271,0.092,0
"ADAM19",0,1.13634998378302,0.271,0.092,0
"BORCS5",0,0.809499278411494,0.326,0.147,0
"MAP7D1",0,0.573394817447873,0.454,0.275,0
"MRPL55",0,0.384909385366419,0.522,0.343,0
"ACP1",0,0.368688731033772,0.618,0.439,0
"TTL",0,1.13799955675459,0.316,0.137,0
"PRPF8",0,0.352303188128158,0.588,0.409,0
"ZNHIT3",0,0.372933778849574,0.474,0.295,0
"IL27RA",0,0.462805509520639,0.31,0.131,0
"CHEK2",0,1.95766402780286,0.253,0.074,0
"RNF168",0,0.635840375833375,0.408,0.229,0
"SMARCD2",0,0.680684021093788,0.408,0.229,0
"SUCLG1",0,0.513380867865182,0.552,0.374,0
"CAB39",0,0.407569389354279,0.468,0.29,0
"MRPL34",0,0.340598887417591,0.562,0.384,0
"CD8A",0,1.01915303813995,0.279,0.101,0
"TCTEX1D2",0,1.11140494110204,0.333,0.155,0
"XPO6",0,0.420179856004061,0.405,0.227,0
"EMC8",0,0.609027778479889,0.399,0.221,0
"LDLRAD4",0,0.564067927946714,0.337,0.159,0
"ADSL",0,0.788495339196613,0.337,0.159,0
"TNFRSF18",0,0.986358181815561,0.29,0.112,0
"ACADM",0,0.518831041491069,0.448,0.27,0
"MRPS14",0,0.528825809991514,0.442,0.264,0
"STK39",0,0.968005110101878,0.296,0.118,0
"SP140L",0,0.338945810734099,0.423,0.245,0
"FKBP5",0,0.482177400266878,0.452,0.274,0
"TSSC4",0,0.535465493659194,0.453,0.275,0
"DDX50",0,0.409100343292963,0.478,0.3,0
"EIF4EBP2",0,0.324173077390849,0.512,0.334,0
"TDG",0,0.346607252695064,0.459,0.281,0
"ETFA",0,0.359308475684532,0.513,0.335,0
"ADD3",0,0.268015458714524,0.581,0.403,0
"TPI1",0,0.727277084150211,0.856,0.678,0
"CIAO1",0,0.519220725874522,0.464,0.287,0
"SEPT11",0,0.338167462188198,0.521,0.344,0
"PFDN1",0,0.259188333313871,0.538,0.361,0
"HNRNPH1",0,0.509969344825742,0.872,0.695,0
"MRPL23",0,0.526108961991378,0.459,0.282,0
"EIPR1",0,1.0166915525756,0.318,0.141,0
"NEDD9",0,0.474381562809304,0.4,0.223,0
"TRIM14",0,0.422799341557593,0.343,0.166,0
"INIP",0,0.67707617732241,0.329,0.152,0
"ORMDL3",0,0.67784001339297,0.343,0.166,0
"GPN3",0,0.620667654239267,0.369,0.192,0
"FAM32A",0,0.37072250990408,0.509,0.332,0
"CXXC1",0,0.993034213123976,0.345,0.168,0
"SFPQ",0,0.608285073401621,0.838,0.661,0
"CCT3",0,0.456899085668079,0.72,0.543,0
"WDR33",0,0.29418354232392,0.571,0.394,0
"ARF5",0,0.300328385732337,0.583,0.406,0
"OSBPL8",0,0.34943115434883,0.567,0.39,0
"FAM96B",0,0.417000887381805,0.709,0.532,0
"ATP5A1",0,0.355097446534241,0.73,0.553,0
"CCT8",0,0.603785089659746,0.697,0.52,0
"CCT7",0,0.430499817049259,0.665,0.489,0
"NKTR",0,0.25061897386684,0.802,0.626,0
"MRPS23",0,0.384112291773499,0.46,0.284,0
"THOC3",0,0.638256162070219,0.341,0.165,0
"TNPO3",0,0.574057218127403,0.401,0.225,0
"UPF3B",0,0.66206719895091,0.399,0.223,0
"GCHFR",0,0.520828652960836,0.331,0.155,0
"ADA",0,1.10949638031846,0.277,0.101,0
"SLC1A4",0,1.50450860934356,0.261,0.085,0
"UBA6",0,0.261977244015564,0.493,0.317,0
"GGCT",0,0.515942959369664,0.501,0.325,0
"RNF26",0,1.60969093138536,0.288,0.112,0
"EXOSC1",0,0.400587449869398,0.449,0.273,0
"PRDX3",0,0.502419617469826,0.588,0.412,0
"COPZ1",0,0.282229028984356,0.61,0.434,0
"EIF2B1",0,0.393077106253898,0.416,0.24,0
"TUBGCP3",0,0.865220783095387,0.301,0.125,0
"CTNNBL1",0,0.457810982851357,0.434,0.258,0
"MOB3A",0,0.540914335777777,0.356,0.18,0
"SAFB2",0,0.333091177086151,0.518,0.342,0
"PMM1",0,0.769540773344575,0.379,0.203,0
"BAK1",0,0.699340978526072,0.347,0.171,0
"BZW1",0,0.323276325503522,0.716,0.54,0
"TCEA1",0,0.268847148454416,0.693,0.517,0
"LDHA",0,0.532582635068374,0.845,0.669,0
"NDUFB10",0,0.402023749210719,0.737,0.561,0
"DRAP1",0,0.612975466819715,0.805,0.63,0
"HIKESHI",0,0.365528360759005,0.521,0.346,0
"ALG5",0,0.580445497555054,0.463,0.288,0
"ROMO1",0,0.348626750812082,0.687,0.512,0
"C19orf24",0,0.34381397869423,0.538,0.363,0
"LSM7",0,0.538168048332047,0.748,0.573,0
"MRPL4",0,0.383562224919556,0.53,0.355,0
"RMDN1",0,0.627743365264668,0.396,0.221,0
"MRPL58",0,0.723035001843563,0.339,0.164,0
"NDUFAF3",0,0.391853398473553,0.632,0.457,0
"FBXW7",0,0.357426992476381,0.413,0.238,0
"TIMM17B",0,0.481444880577155,0.429,0.254,0
"THOC2",0,0.381716586994064,0.622,0.447,0
"NTMT1",0,0.545085331195313,0.436,0.261,0
"DCUN1D5",0,0.532376595331675,0.431,0.256,0
"CLEC2B",0,0.438442208952477,0.635,0.46,0
"ZC3H13",0,0.445815006013705,0.617,0.442,0
"MIEN1",0,0.449654038832468,0.491,0.316,0
"FAM110A",0,0.977761882439957,0.255,0.08,0
"KHSRP",0,0.381409413578066,0.502,0.327,0
"ARMC1",0,0.578605022348918,0.409,0.234,0
"DEGS1",0,0.280878919902389,0.577,0.402,0
"NOP10",0,0.428805117249798,0.731,0.556,0
"DBI",0,0.733480262101732,0.782,0.608,0
"HIGD1A",0,0.320716247219637,0.458,0.284,0
"SYNCRIP",0,0.445691955311753,0.649,0.475,0
"COPS5",0,0.293230381342111,0.548,0.374,0
"CWC15",0,0.367033194260797,0.655,0.481,0
"DHPS",0,0.516027459467781,0.467,0.293,0
"TOMM40",0,0.566848851254036,0.456,0.282,0
"POLR2D",0,0.921128651465568,0.339,0.165,0
"RRP1B",0,0.503958478966659,0.403,0.229,0
"TAF12",0,0.512572239749052,0.439,0.265,0
"FRYL",0,0.370430538624605,0.451,0.277,0
"PPID",0,0.474760505265835,0.435,0.261,0
"SAR1B",0,0.354769403074711,0.501,0.327,0
"FGFR1OP",0,1.09637543237425,0.292,0.118,0
"NUP205",0,1.04607175872705,0.302,0.128,0
"HAUS2",0,1.11108458985049,0.292,0.118,0
"EIF3J",0,0.338405551297623,0.634,0.46,0
"LGALS9",0,0.487459063449877,0.421,0.247,0
"NFATC2",0,0.546081540284044,0.313,0.139,0
"TBCB",0,0.386994017488059,0.64,0.466,0
"NDUFA2",0,0.521238737686142,0.727,0.553,0
"DYNC1LI1",0,0.347141041683991,0.455,0.282,0
"DNAJC21",0,0.457990713234993,0.548,0.375,0
"ATF6B",0,0.30693689211418,0.519,0.346,0
"DENR",0,0.328111687889231,0.543,0.37,0
"NDUFA11",0,0.322723085630915,0.776,0.603,0
"TOE1",0,1.20830582678641,0.264,0.091,0
"NPAT",0,0.567522345896769,0.341,0.168,0
"THOC1",0,0.735669267644851,0.378,0.205,0
"DRG1",0,0.666861975399253,0.384,0.211,0
"HAX1",0,0.378819894691697,0.581,0.408,0
"SSSCA1",0,0.480395728673288,0.453,0.28,0
"NUMA1",0,0.493980905494494,0.595,0.422,0
"RBM23",0,0.329709115297507,0.492,0.319,0
"DERL2",0,0.396089350396936,0.5,0.327,0
"JOSD1",0,0.41273126912318,0.486,0.313,0
"FAM136A",0,0.402492942205492,0.466,0.294,0
"HMGN1",0,0.879792250125718,0.878,0.706,0
"ATAD3A",0,0.998139098030146,0.313,0.141,0
"TBC1D1",0,0.525099687745376,0.387,0.215,0
"E2F3",0,1.08951462362137,0.313,0.141,0
"KCTD9",0,0.842835464684279,0.323,0.151,0
"KPNA3",0,0.494658932245366,0.397,0.225,0
"USB1",0,0.674550913572946,0.341,0.169,0
"DHX8",0,0.726951032582405,0.317,0.145,0
"FBXO6",0,1.04561768442546,0.312,0.14,0
"SELENOT",0,0.300878315270658,0.59,0.418,0
"RAB11FIP1",0,0.439995274545739,0.438,0.266,0
"CD27",0,0.791919486614098,0.282,0.11,0
"RNF219",0,0.991907678634055,0.295,0.123,0
"GFER",0,0.660984736270775,0.356,0.184,0
"LSM14A",0,0.305917314022252,0.581,0.409,0
"ARL6IP4",0,0.473771904522303,0.817,0.645,0
"XAF1",0,0.502486940266991,0.712,0.54,0
"CDC37",0,0.304973394294891,0.703,0.531,0
"DHX9",0,0.409638490223607,0.548,0.377,0
"UBXN4",0,0.369662157251444,0.808,0.637,0
"RSRC2",0,0.326675744298365,0.745,0.574,0
"CALCOCO2",0,0.299542499377058,0.542,0.371,0
"RPF1",0,0.465914050975859,0.394,0.223,0
"LRCH4",0,0.734168665403555,0.388,0.217,0
"RAPGEF1",0,0.536560153502185,0.391,0.22,0
"SF3B4",0,0.432231960879675,0.43,0.259,0
"UHMK1",0,0.258783151521719,0.478,0.307,0
"CHCHD5",0,0.418283242670007,0.472,0.301,0
"MCUR1",0,0.695653216202462,0.425,0.254,0
"IFITM1",0,0.514694597112149,0.591,0.42,0
"COPB1",0,0.276734297423712,0.588,0.417,0
"H2AFJ",0,0.373129346836373,0.589,0.418,0
"SRP68",0,0.623637408456126,0.408,0.237,0
"KEAP1",0,0.752996824196876,0.374,0.203,0
"ZNF738",0,0.986557894312677,0.296,0.125,0
"ATP5B",0,0.477232717755593,0.772,0.602,0
"METAP2",0,0.444270877561118,0.649,0.479,0
"TSR3",0,0.347082099498009,0.462,0.292,0
"TSEN15",0,0.810046847052136,0.323,0.153,0
"ADCY3",0,0.55888592873448,0.376,0.206,0
"CWC27",0,0.457308874805869,0.404,0.234,0
"TSEN54",0,0.468333450158499,0.324,0.154,0
"CHMP6",0,0.860632355823962,0.32,0.15,0
"COX20",0,0.260043536659527,0.622,0.452,0
"GYPC",0,0.298373284964587,0.636,0.466,0
"CHCHD3",0,0.528108821057182,0.435,0.265,0
"TSR2",0,0.510311967649217,0.407,0.237,0
"TMEM126A",0,0.403437512725731,0.444,0.274,0
"CCT2",0,0.468238811538506,0.621,0.451,0
"METTL9",0,0.26159406665577,0.587,0.417,0
"COG4",0,0.853729609877357,0.361,0.191,0
"OGFR",0,0.36009476110599,0.476,0.306,0
"AP3D1",0,0.438296332871594,0.474,0.304,0
"HDGFL2",0,0.492488555777446,0.442,0.272,0
"RPS19BP1",0,0.27703162183619,0.632,0.462,0
"GNB2",0,0.368870006917535,0.712,0.542,0
"TOP1",0,0.472999345842615,0.728,0.558,0
"VAMP5",0,0.336325337603069,0.546,0.377,0
"UBE2K",0,0.256649057807893,0.558,0.389,0
"CLIP1",0,0.37039067056357,0.513,0.344,0
"COA3",0,0.438071186680581,0.513,0.344,0
"REX1BD",0,0.287434056875984,0.676,0.507,0
"NUP160",0,0.630958277479172,0.378,0.209,0
"TNFAIP8L1",0,1.09311822882268,0.268,0.099,0
"TSN",0,0.584468583750674,0.433,0.264,0
"RAP1GDS1",0,0.528367839064785,0.362,0.193,0
"PFDN6",0,0.343206281067699,0.503,0.334,0
"NUBP1",0,0.612599350185175,0.347,0.178,0
"FOPNL",0,0.641761027781703,0.356,0.187,0
"NCBP3",0,0.402248462781384,0.446,0.277,0
"MAP2K3",0,0.367941256148864,0.42,0.251,0
"DUS1L",0,0.507305001084002,0.476,0.307,0
"SMARCC1",0,0.395718715404343,0.522,0.354,0
"CSNK2B",0,0.360681680928112,0.679,0.511,0
"MDH2",0,0.31252941471851,0.648,0.48,0
"RBMX2",0,0.44176248912984,0.405,0.237,0
"IDH3G",0,0.331341069399564,0.542,0.374,0
"TFAM",0,0.437411885623138,0.464,0.296,0
"PHB2",0,0.302550852595352,0.675,0.507,0
"SENP1",0,0.886903835664918,0.272,0.104,0
"SLIRP",0,0.437066503505899,0.644,0.476,0
"NDUFAB1",0,0.440963025434297,0.667,0.499,0
"EXOSC6",0,0.416423992790637,0.462,0.294,0
"ANKRD11",0,0.469683143167021,0.761,0.593,0
"MRPL44",0,0.468003821443636,0.38,0.212,0
"ZDHHC24",0,0.441400763576026,0.378,0.21,0
"TAF3",0,0.429747935365466,0.39,0.222,0
"ZNF101",0,0.749751104206132,0.265,0.097,0
"NFYC",0,0.572431454460205,0.407,0.239,0
"CHTOP",0,0.278736553243518,0.51,0.342,0
"METTL5",0,0.326015282867882,0.506,0.338,0
"CEP44",0,0.763161278734116,0.304,0.136,0
"ASH2L",0,0.710623345658776,0.356,0.188,0
"GPAA1",0,0.648779424016928,0.493,0.325,0
"WAPL",0,0.360558952149769,0.473,0.305,0
"ZNF511",0,0.425956214768415,0.448,0.28,0
"MDM2",0,0.644339842505715,0.44,0.272,0
"EMC7",0,0.305182801267134,0.577,0.409,0
"USP7",0,0.467176246525513,0.489,0.321,0
"MAPRE2",0,0.372962904309001,0.356,0.188,0
"PRELID3B",0,0.423756025451733,0.412,0.244,0
"DOT1L",0,1.68090699107207,0.283,0.115,0
"GUCD1",0,0.672244592888623,0.356,0.188,0
"PCBP1",0,0.456840978791202,0.829,0.661,0
"SUMO1",0,0.388657048855076,0.702,0.534,0
"SETX",0,0.366812887585892,0.565,0.397,0
"SMARCE1",0,0.259543845982831,0.563,0.395,0
"INTS11",0,0.616912160373865,0.463,0.296,0
"PRPF3",0,0.763933531474183,0.343,0.176,0
"GON4L",0,0.360259254516685,0.525,0.358,0
"CEBPZ",0,0.378054221675286,0.54,0.373,0
"TARS",0,0.526144696754139,0.452,0.285,0
"RBM22",0,0.259915828133509,0.452,0.285,0
"HIST1H2BN",0,1.20191196389626,0.272,0.105,0
"NSUN5",0,0.792003552807711,0.343,0.176,0
"NDUFS3",0,0.373521773403347,0.544,0.377,0
"SMARCB1",0,0.507777701955035,0.462,0.295,0
"CDK6",0,0.562749960793557,0.382,0.215,0
"DCAF11",0,0.470747320452288,0.391,0.224,0
"SCAPER",0,0.895281605491881,0.372,0.205,0
"HMCES",0,0.428209886022302,0.353,0.186,0
"EMG1",0,0.479126755359607,0.417,0.25,0
"CDK4",0,0.785285720418015,0.504,0.337,0
"MRPL46",0,0.652576201114982,0.352,0.185,0
"NAE1",0,0.476602875662606,0.444,0.277,0
"PELP1",0,0.657489178280891,0.362,0.195,0
"CWC25",0,0.352355416752055,0.431,0.264,0
"SSBP4",0,0.330124394673389,0.579,0.412,0
"UPF1",0,0.45388414142169,0.421,0.254,0
"ADSS",0,0.444772842552154,0.468,0.302,0
"CCT4",0,0.442692640074534,0.677,0.511,0
"SART1",0,0.588755790206098,0.402,0.236,0
"PHB",0,0.398621212433419,0.635,0.469,0
"RSAD2",0,0.568056852682105,0.322,0.156,0
"PRKRIP1",0,0.43358631291134,0.377,0.211,0
"UBE2J2",0,0.525686397939808,0.435,0.269,0
"STARD7",0,0.33474974574076,0.47,0.304,0
"NBEAL2",0,0.813594462683657,0.294,0.128,0
"SHISA5",0,0.267472012799105,0.594,0.428,0
"PDCL",0,0.547756010595189,0.349,0.183,0
"CHAMP1",0,1.04204374944192,0.298,0.132,0
"CIAPIN1",0,0.668259103226033,0.345,0.179,0
"GOT2",0,0.732038660976647,0.362,0.196,0
"ELP5",0,0.461851295569906,0.407,0.241,0
"PTPN1",0,0.350808144684741,0.497,0.331,0
"PPP6R2",0,0.433110435357889,0.414,0.248,0
"ENO1",0,0.651150344573873,0.861,0.696,0
"SPEN",0,0.628840156161285,0.54,0.375,0
"IAH1",0,0.338287988048617,0.552,0.387,0
"DNPH1",0,0.526526765054839,0.519,0.354,0
"TIMM8B",0,0.26940214202797,0.639,0.474,0
"VPS36",0,0.262952015705398,0.524,0.359,0
"JPT2",0,0.711155469573665,0.339,0.174,0
"THOC6",0,0.845703103092524,0.341,0.176,0
"TPGS1",0,0.392022478247776,0.449,0.284,0
"YARS",0,0.576915405188998,0.386,0.221,0
"CHD1L",0,0.886224712682846,0.306,0.141,0
"GAR1",0,0.540869444516175,0.39,0.225,0
"SKP2",0,1.21726204939557,0.253,0.088,0
"CDKN2AIPNL",0,0.677679558980889,0.332,0.167,0
"NUPL2",0,0.540246719076563,0.394,0.229,0
"FBXO22",0,0.500077889710564,0.397,0.232,0
"GMCL1",0,0.63954571367932,0.361,0.196,0
"INPP4A",0,0.46008910739235,0.35,0.185,0
"SEC22C",0,0.568760986312242,0.361,0.196,0
"DHX30",0,0.588777434134816,0.437,0.272,0
"PAICS",0,0.85280806474112,0.429,0.264,0
"PARP12",0,0.785456705796532,0.347,0.182,0
"COMTD1",0,0.805893848126352,0.356,0.191,0
"PSMD12",0,0.443060249952557,0.497,0.332,0
"CEP250",0,0.788825313703954,0.286,0.121,0
"FBXO7",0,0.314831837016475,0.5,0.335,0
"PFDN2",0,0.298653665436462,0.698,0.533,0
"PTP4A2",0,0.271731412584323,0.75,0.586,0
"S100A4",0,0.444406004769953,0.683,0.519,0
"SNX17",0,0.330260120317373,0.54,0.376,0
"HNRNPA3",0,0.878142909969871,0.913,0.749,0
"CMTM3",0,0.309612311756548,0.403,0.239,0
"ARFRP1",0,0.622385938883939,0.403,0.239,0
"RAB11B",0,0.337008911736157,0.515,0.351,0
"MRPL35",0,0.57586665432562,0.395,0.231,0
"MOV10",0,0.918387721319545,0.351,0.187,0
"PDCL3",0,0.506721204499654,0.418,0.254,0
"TNIP1",0,0.409236977533489,0.428,0.264,0
"HDDC2",0,0.381756444191076,0.493,0.329,0
"RC3H2",0,0.421557359758633,0.415,0.251,0
"UBAC1",0,0.602005138573338,0.407,0.243,0
"SPOCK2",0,0.559887177845498,0.355,0.191,0
"FAS",0,0.885830186083155,0.344,0.18,0
"IST1",0,0.381407577985747,0.495,0.331,0
"PLEKHF1",0,0.553517917781482,0.303,0.139,0
"GPN1",0,0.67343929521895,0.335,0.172,0
"HNRNPA0",0,0.407354305046848,0.651,0.488,0
"CHCHD7",0,0.269568077362512,0.45,0.287,0
"VPS4A",0,0.422856680412784,0.4,0.237,0
"IDH3B",0,0.277786886063097,0.451,0.288,0
"NDUFB7",0,0.308417398876347,0.769,0.606,0
"NDUFA13",0,0.439801581543799,0.806,0.643,0
"SCNM1",0,0.443504544022628,0.37,0.207,0
"RABIF",0,0.701613364378398,0.312,0.149,0
"CASP7",0,0.728775725655968,0.329,0.166,0
"ZDHHC20",0,0.500364217475753,0.383,0.22,0
"UBE2G1",0,0.504073394085409,0.375,0.212,0
"ACLY",0,0.539869019352103,0.387,0.224,0
"MED8",0,0.381888458701794,0.427,0.264,0
"CLDND1",0,0.25703790421792,0.499,0.336,0
"PIGX",0,0.769660537168606,0.353,0.19,0
"MAEA",0,0.412112269874392,0.409,0.246,0
"HK1",0,0.486524283851796,0.415,0.252,0
"ISCA2",0,0.341547576043575,0.423,0.26,0
"MYO19",0,1.07676446630868,0.29,0.127,0
"STX10",0,0.417964491010809,0.431,0.268,0
"BCAS2",0,0.290775262304496,0.517,0.355,0
"POU2F1",0,0.624121913486631,0.343,0.181,0
"CNIH4",0,0.528771400151791,0.542,0.38,0
"MMADHC",0,0.308753726673795,0.506,0.344,0
"ATP5G3",0,0.644961227931766,0.81,0.648,0
"LYPLA1",0,0.390246156513508,0.467,0.305,0
"IARS",0,0.491693498714582,0.445,0.283,0
"SUSD3",0,0.452757633230273,0.401,0.239,0
"SPOUT1",0,1.05148493018721,0.272,0.11,0
"THYN1",0,0.389080487286613,0.46,0.298,0
"MAPK1IP1L",0,0.322278345938253,0.517,0.355,0
"PPCDC",0,1.0240966214733,0.265,0.103,0
"TOMM22",0,0.339017217397065,0.535,0.373,0
"ANXA2R",0,0.819732109448047,0.25,0.088,0
"MARK2",0,0.391909035019133,0.396,0.234,0
"ANKRD49",0,0.490635653867258,0.382,0.22,0
"KLHDC4",0,0.462512563720456,0.322,0.16,0
"ZNF430",0,0.282020152531971,0.392,0.23,0
"POLD2",0,0.700389763940775,0.442,0.28,0
"SCAMP2",0,0.288606165325079,0.491,0.329,0
"KMT2B",0,0.535873597031909,0.425,0.263,0
"SAMM50",0,0.542369746302747,0.419,0.257,0
"ATPIF1",0,0.59482541445668,0.821,0.659,0
"NUP35",0,1.05004617136017,0.267,0.106,0
"LYRM2",0,0.297753477405544,0.448,0.287,0
"PIN4",0,0.329632799204017,0.519,0.358,0
"CREBZF",0,0.418411582359788,0.556,0.395,0
"TPP2",0,0.408079879114844,0.401,0.24,0
"RPN2",0,0.394730945238483,0.675,0.514,0
"EXOG",0,0.569129509105912,0.329,0.168,0
"FAM126A",0,0.705701561180101,0.315,0.154,0
"ANAPC7",0,0.60288008406224,0.366,0.205,0
"SIN3A",0,0.502932418505047,0.387,0.226,0
"MRPL10",0,0.496164028819667,0.378,0.217,0
"PSMG1",0,0.774997072268737,0.387,0.226,0
"PSME3",0,0.554841662255721,0.353,0.192,0
"NT5C",0,0.338839713196119,0.579,0.418,0
"SRSF11",0,0.355758843267674,0.827,0.666,0
"RBM25",0,0.342757892905443,0.831,0.67,0
"TAGLN2",0,0.318913675448341,0.759,0.599,0
"KCMF1",0,0.361648452804208,0.456,0.296,0
"GYG1",0,0.509805400367759,0.405,0.245,0
"ASCC3",0,0.447185541828552,0.458,0.298,0
"SET",0,0.68058293017382,0.859,0.699,0
"ATP5C1",0,0.253176439743075,0.742,0.582,0
"CHD3",0,0.303029575157966,0.534,0.374,0
"RPIA",0,0.482539979280977,0.364,0.204,0
"RASA2",0,0.351989812821112,0.379,0.219,0
"ZCCHC10",0,0.410749399990702,0.386,0.226,0
"GTF2A1",0,0.537244669785934,0.378,0.218,0
"TIMM29",0,0.643651462458146,0.33,0.17,0
"BRD9",0,0.437190008635968,0.493,0.333,0
"RNF5",0,0.378136542221789,0.435,0.275,0
"PDZD11",0,0.444977829888654,0.438,0.278,0
"KAT6A",0,0.270178450569009,0.483,0.323,0
"MAPKAPK2",0,0.400362068767789,0.441,0.282,0
"HNRNPDL",0,0.394466914297399,0.851,0.692,0
"SRSF3",0,0.902496881407804,0.886,0.727,0
"PRKAG1",0,0.336533662842223,0.397,0.238,0
"SUGT1",0,0.297006038443695,0.543,0.384,0
"BPTF",0,0.372753632922475,0.746,0.587,0
"SNRPD2",0,0.431266656043198,0.797,0.638,0
"JOSD2",0,0.334677234578397,0.462,0.303,0
"MAPKAPK3",0,0.608137972237673,0.324,0.165,0
"ATP11B",0,0.3778662427446,0.374,0.215,0
"LRRCC1",0,1.2595089925962,0.251,0.092,0
"FBXW2",0,0.543511414864839,0.38,0.221,0
"STRBP",0,0.505369186638682,0.323,0.164,0
"DPP3",0,0.706890952887583,0.304,0.145,0
"FUT8",0,0.676987047443809,0.374,0.215,0
"CPSF2",0,0.380749946775584,0.376,0.217,0
"NIPA2",0,0.562962380875355,0.372,0.213,0
"FARSA",0,0.417552999050746,0.385,0.226,0
"RPS6KA1",0,0.382744763945691,0.298,0.139,0
"TXLNA",0,0.316781595224505,0.428,0.269,0
"UTP11",0,0.496620977590567,0.417,0.258,0
"SQLE",0,0.478760953793915,0.416,0.257,0
"USP5",0,0.790886946418443,0.351,0.192,0
"GPS1",0,0.372331910651435,0.437,0.278,0
"U2AF2",0,0.342114113046566,0.435,0.276,0
"MYCBP",0,0.912539383434309,0.269,0.111,0
"PSMB4",0,0.254385933363124,0.68,0.522,0
"UBA1",0,0.301670653466467,0.548,0.39,0
"FAM89B",0,0.304004609816717,0.549,0.391,0
"DDX54",0,0.43522572726638,0.394,0.236,0
"UCHL3",0,0.284983773556492,0.405,0.247,0
"PRCC",0,0.538267027442245,0.376,0.218,0
"PRADC1",0,1.01561934349223,0.306,0.148,0
"CHRAC1",0,0.423454611100036,0.392,0.234,0
"API5",0,0.408417963609073,0.392,0.234,0
"NIP7",0,0.420972871430833,0.373,0.215,0
"BLMH",0,0.626490838410163,0.319,0.161,0
"C21orf91",0,0.584569174832777,0.323,0.165,0
"RCC1",0,1.02809293789214,0.283,0.125,0
"SP3",0,0.346534871643859,0.472,0.314,0
"SMARCA5",0,0.293596406832989,0.62,0.462,0
"GARS",0,0.58395175116139,0.432,0.274,0
"PML",0,0.29860357485384,0.422,0.264,0
"EFTUD2",0,0.64553355623988,0.354,0.196,0
"PITPNB",0,0.255388784382783,0.494,0.336,0
"COX8A",0,1.05075814837863,0.827,0.669,0
"EBNA1BP2",0,0.430891613790105,0.448,0.291,0
"ANKRD36",0,0.884158729645275,0.339,0.182,0
"PPP4R2",0,0.26960535146076,0.539,0.382,0
"PRELID1",0,0.517898161659672,0.745,0.588,0
"SELENOH",0,0.403815444954887,0.747,0.59,0
"FAM45A",0,0.60481710508244,0.402,0.245,0
"RTRAF",0,0.378603644862274,0.737,0.58,0
"ERH",0,0.668033722038331,0.761,0.604,0
"STK11",0,0.671421071810939,0.392,0.235,0
"PRKD2",0,0.659922427339418,0.335,0.178,0
"ST3GAL5",0,0.52284705828245,0.313,0.156,0
"ANKRD39",0,0.479784711934228,0.327,0.17,0
"TBCC",0,0.312551498819535,0.389,0.232,0
"NSMCE2",0,0.438488747253394,0.378,0.221,0
"CBL",0,0.353513168718818,0.373,0.216,0
"TRIAP1",0,0.488849368970087,0.374,0.217,0
"CDS2",0,0.471091279997194,0.372,0.215,0
"ID3",0,0.31927290879108,0.436,0.279,0
"PLSCR1",0,0.343359791087398,0.593,0.436,0
"SIGMAR1",0,0.526989092827613,0.355,0.198,0
"TMX2",0,0.402750325430944,0.425,0.268,0
"CHD8",0,0.460714260762516,0.425,0.268,0
"RBBP6",0,0.298108344108305,0.602,0.445,0
"FLOT2",0,0.385987772273048,0.35,0.193,0
"ETHE1",0,0.544684917115449,0.416,0.259,0
"C1orf174",0,0.630035097978174,0.333,0.177,0
"TIMM17A",0,0.411297565976305,0.45,0.294,0
"SCCPDH",0,0.670860483908037,0.399,0.243,0
"PPM1B",0,0.394580506554439,0.403,0.247,0
"NOL7",0,0.353202089181911,0.649,0.493,0
"PPP2R5D",0,0.786536144996935,0.268,0.112,0
"LDHB",0,0.467139885390985,0.778,0.622,0
"METTL23",0,0.263552013013065,0.443,0.287,0
"MRPS26",0,0.362802777317646,0.54,0.384,0
"RFXANK",0,0.323839340970361,0.458,0.302,0
"KIAA0040",0,0.409649028242407,0.322,0.166,0
"BUD13",0,0.996910907881188,0.255,0.099,0
"VPS37B",0,0.532980737038253,0.376,0.22,0
"MRPL39",0,0.742387094532036,0.31,0.154,0
"TOR1AIP1",0,0.306766204504056,0.429,0.273,0
"SRGAP2",0,0.608398357579532,0.357,0.201,0
"CTDSP1",0,0.273600221747846,0.475,0.319,0
"THOC7",0,0.267558403644449,0.577,0.421,0
"ZEB1",0,0.547289866186595,0.345,0.189,0
"MCRS1",0,0.478623668832355,0.349,0.193,0
"TCHP",0,0.579567779637953,0.296,0.14,0
"FAM103A1",0,0.339668563979066,0.424,0.268,0
"SLC25A39",0,0.326432948042184,0.471,0.315,0
"DPP9",0,0.69339058950396,0.346,0.19,0
"SLC25A1",0,0.579370299141342,0.423,0.267,0
"ATP5F1",0,0.289744231233253,0.642,0.487,0
"PHTF1",0,0.9210374887655,0.281,0.126,0
"TEX264",0,0.300994560609797,0.507,0.352,0
"SRI",0,0.327625695690126,0.671,0.516,0
"LAGE3",0,0.413654617726064,0.467,0.312,0
"CAPRIN1",0,0.273147423340215,0.541,0.386,0
"DERA",0,0.684058739351459,0.342,0.187,0
"ATP2A2",0,0.323687241392334,0.509,0.354,0
"NUP58",0,0.379034086607569,0.403,0.248,0
"TUFM",0,0.265789819916428,0.67,0.515,0
"KXD1",0,0.423927914886989,0.44,0.285,0
"LYPLA2",0,0.369595886044133,0.38,0.225,0
"ATPAF1",0,0.53595251255136,0.37,0.215,0
"HOPX",0,0.630804661577286,0.321,0.166,0
"AKIRIN2",0,0.449484395723858,0.381,0.226,0
"UBL4A",0,0.797369637951583,0.31,0.155,0
"VPS13A",0,0.302195658627515,0.379,0.224,0
"TSFM",0,0.474497053462457,0.36,0.205,0
"LZIC",0,0.435677308031861,0.409,0.254,0
"APEH",0,0.530141391555933,0.358,0.203,0
"VTA1",0,0.397502422612279,0.351,0.196,0
"NUP88",0,0.678822627064387,0.289,0.134,0
"CYTH2",0,0.500585830821463,0.426,0.271,0
"HADHA",0,0.273212455321122,0.658,0.504,0
"DPY30",0,0.266522396895831,0.56,0.406,0
"NFU1",0,0.418410814869463,0.399,0.245,0
"MRPS10",0,0.36423514294994,0.45,0.296,0
"EIF4H",0,0.26502391960041,0.642,0.488,0
"TAF6",0,0.642980309547894,0.338,0.184,0
"SMIM10L1",0,0.372659614524039,0.444,0.29,0
"CHFR",0,0.427026382307793,0.328,0.174,0
"PXMP4",0,0.976596638892875,0.267,0.113,0
"PGM2",0,0.560252572532403,0.323,0.169,0
"TAZ",0,0.526817090856911,0.301,0.147,0
"TMEM203",0,0.418399724306107,0.382,0.228,0
"SOCS4",0,0.807359744277844,0.313,0.159,0
"DCTN5",0,0.372075454775699,0.384,0.23,0
"THAP7",0,0.525725376844314,0.358,0.204,0
"RNASEH1",0,0.469259655577814,0.345,0.191,0
"ZDHHC13",0,0.906230443802273,0.288,0.134,0
"CUEDC2",0,0.294187557931025,0.497,0.343,0
"CHTF8",0,0.599345388465227,0.35,0.196,0
"SGTA",0,0.760674295576783,0.347,0.193,0
"USP16",0,0.26501423485932,0.589,0.435,0
"HMGN3",0,0.386759987898569,0.695,0.541,0
"CD164",0,0.254341289089463,0.741,0.588,0
"LFNG",0,0.396837496973776,0.272,0.119,0
"NUDT22",0,0.290116597379228,0.435,0.282,0
"MUS81",0,0.561748358529701,0.337,0.184,0
"ERP29",0,0.376806711189649,0.744,0.591,0
"ZC3H7A",0,0.489267058864539,0.397,0.244,0
"SPATA33",0,1.05783813732372,0.279,0.126,0
"DDT",0,0.368719927932895,0.685,0.532,0
"HSPA13",0,0.856708725020135,0.328,0.175,0
"TAF1B",0,0.667583401814366,0.321,0.168,0
"MRPS9",0,0.405212007434116,0.37,0.217,0
"AP3M2",0,0.689388939367328,0.317,0.164,0
"WDR18",0,0.492944092823981,0.362,0.209,0
"CLPTM1L",0,0.341527786168124,0.479,0.326,0
"TAF9",0,0.366824891087061,0.47,0.317,0
"CDK19",0,0.990716250968571,0.286,0.133,0
"HDAC2",0,0.562059202070021,0.495,0.342,0
"UTP18",0,0.633084698268751,0.35,0.197,0
"PAF1",0,0.607722717628823,0.35,0.197,0
"COPS8",0,0.405094973095284,0.447,0.295,0
"ATG4B",0,0.434932134227111,0.396,0.244,0
"TSPAN5",0,0.384179135344013,0.398,0.246,0
"RNGTT",0,0.599607784824685,0.279,0.127,0
"ZNRF2",0,0.424531477823225,0.334,0.182,0
"ZNF92",0,0.776612655196396,0.274,0.122,0
"SSBP1",0,0.298589622741195,0.755,0.603,0
"POLR2L",0,0.30663341480521,0.779,0.627,0
"MTA2",0,1.23932940552922,0.257,0.105,0
"NUDT8",0,1.33461569552807,0.263,0.111,0
"NDUFB1",0,0.446467938134804,0.735,0.583,0
"POLR2C",0,0.281585323103148,0.439,0.287,0
"S100PBP",0,0.295019861892249,0.379,0.227,0
"ARID5A",0,0.323875332462759,0.361,0.209,0
"HBS1L",0,0.532904299876251,0.359,0.207,0
"MAD1L1",0,0.51771427787567,0.299,0.147,0
"LAS1L",0,0.675132380275333,0.317,0.165,0
"APIP",0,0.560498922023732,0.359,0.207,0
"ZCCHC8",0,0.51965686594117,0.361,0.209,0
"C16orf91",0,0.681157827105306,0.323,0.171,0
"TOP3A",0,1.15532937747304,0.251,0.099,0
"NRAS",0,0.524105770954761,0.351,0.199,0
"GLIPR2",0,0.523127675325226,0.407,0.255,0
"NUDT15",0,0.914882646813811,0.285,0.133,0
"TRPC4AP",0,0.390002093030763,0.415,0.263,0
"EIF6",0,0.273098696037661,0.583,0.431,0
"AKR7A2",0,0.44422474757337,0.516,0.365,0
"CAPZB",0,0.281160509767451,0.773,0.622,0
"VANGL1",0,1.15959927722614,0.265,0.114,0
"QRICH1",0,0.667126248690187,0.339,0.188,0
"COX7B",0,0.292317752915989,0.784,0.633,0
"CLTA",0,0.2746658856363,0.767,0.616,0
"SRSF9",0,0.404754775279547,0.757,0.606,0
"KCTD5",0,0.794415917961752,0.276,0.125,0
"CCDC137",0,0.531475584728521,0.334,0.183,0
"SYTL1",0,0.388838476704287,0.296,0.145,0
"CMTM7",0,0.296777390120134,0.356,0.205,0
"ACTR6",0,0.407843139396397,0.36,0.209,0
"NOL11",0,0.502152200665249,0.376,0.225,0
"AGTRAP",0,0.397080799393821,0.482,0.331,0
"TMEM183A",0,0.388172502826682,0.425,0.274,0
"PARP10",0,0.481883890806517,0.416,0.265,0
"FAR1",0,0.363149533418383,0.418,0.267,0
"TSG101",0,0.273817462650439,0.473,0.322,0
"SMNDC1",0,0.364411857359001,0.419,0.268,0
"ANKLE2",0,0.447840677092165,0.474,0.323,0
"ZNF706",0,0.37775523564523,0.709,0.558,0
"SRGAP2C",0,0.657413200612136,0.339,0.189,0
"ATP5J2",0,0.421817819272697,0.799,0.649,0
"ARFGAP2",0,0.306439407400877,0.454,0.304,0
"KDELC2",0,0.964051158452456,0.333,0.183,0
"DNM1L",0,0.278360229389933,0.453,0.303,0
"CHST11",0,0.437135913575882,0.323,0.173,0
"FAM98B",0,0.474135827204821,0.326,0.176,0
"NSMCE1",0,0.358054044325416,0.444,0.294,0
"CDK12",0,0.271528995285554,0.494,0.344,0
"TCF3",0,0.513417298683748,0.341,0.191,0
"GTPBP8",0,0.545633965569601,0.315,0.165,0
"TNK2",0,0.972009186332829,0.3,0.15,0
"TAF8",0,0.568687813309921,0.301,0.151,0
"STN1",0,0.459405524330273,0.298,0.148,0
"CANT1",0,0.664867819937535,0.316,0.166,0
"CENPB",0,0.566919452742247,0.384,0.234,0
"PPWD1",0,0.357287620720859,0.351,0.201,0
"PRRC2C",0,0.389981490172753,0.89,0.741,0
"GEMIN6",0,0.470951904885004,0.331,0.182,0
"ANKRD28",0,0.568062104021189,0.439,0.29,0
"ACAD9",0,1.11657339534853,0.281,0.132,0
"RNF145",0,0.297478606749825,0.466,0.317,0
"GPANK1",0,0.696059929162931,0.329,0.18,0
"EXOSC2",0,0.856939827906662,0.265,0.116,0
"CARS",0,0.421877436494102,0.325,0.176,0
"PTPN11",0,0.503406946383347,0.403,0.254,0
"CRLF3",0,0.56241969597996,0.274,0.125,0
"YDJC",0,0.490971788203558,0.342,0.193,0
"NOC4L",0,0.700577185376402,0.29,0.141,0
"GON7",0,0.785737725938833,0.304,0.155,0
"BCAS4",0,0.915717839521512,0.25,0.101,0
"IFNAR2",0,0.377931657976887,0.377,0.228,0
"CPSF1",0,0.673438267559983,0.345,0.196,0
"NXT1",0,0.491229565485812,0.415,0.266,0
"GNG5",0,0.683724231122605,0.792,0.644,0
"DAP3",0,0.298986303532851,0.461,0.313,0
"TSNAX",0,0.273562740640654,0.435,0.287,0
"TMEM18",0,0.430446260419654,0.446,0.298,0
"MZT2B",0,0.869804039512073,0.856,0.708,0
"SETD5",0,0.355349705840579,0.528,0.38,0
"FAM208A",0,0.366518062386134,0.451,0.303,0
"AGGF1",0,0.449845275727147,0.39,0.242,0
"GTPBP2",0,0.840770425709641,0.269,0.121,0
"AP1S1",0,0.346784537964989,0.45,0.302,0
"CCNQ",0,0.62298654630351,0.333,0.185,0
"MRPL49",0,0.510689944438696,0.333,0.185,0
"EXOC6",0,0.422040673817514,0.32,0.172,0
"MIS12",0,0.912587076479364,0.255,0.107,0
"FLII",0,0.328040894147863,0.433,0.285,0
"MPST",0,0.361984763099399,0.468,0.32,0
"CMSS1",0,0.625334083155972,0.358,0.21,0
"UMPS",0,0.691257018322879,0.315,0.167,0
"INTS1",0,0.652388382576982,0.368,0.22,0
"R3HCC1",0,0.381557174439368,0.357,0.209,0
"NFKBIB",0,0.482552802965777,0.3,0.152,0
"DGCR8",0,0.920323840228508,0.299,0.151,0
"TBK1",0,0.38546245294784,0.35,0.202,0
"GTF2F2",0,0.308432108660868,0.407,0.259,0
"GALK1",0,0.589910726389519,0.349,0.201,0
"PCYT2",0,0.935460560846261,0.286,0.138,0
"ASPSCR1",0,0.58247824348,0.351,0.203,0
"SLC39A3",0,0.551077536471982,0.345,0.197,0
"EGLN2",0,0.412767107545152,0.421,0.273,0
"MTMR14",0,0.409343238166905,0.323,0.176,0
"KIAA1143",0,0.303741622530123,0.403,0.256,0
"RANBP9",0,0.52600092727428,0.341,0.194,0
"HERPUD2",0,0.266884062306263,0.388,0.241,0
"TMEM209",0,0.81678784649036,0.267,0.12,0
"GTF2E2",0,0.273557941792303,0.382,0.235,0
"STARD3",0,0.482196792091752,0.32,0.173,0
"MED16",0,0.451351657961344,0.382,0.235,0
"ISG20L2",0,0.533510280957908,0.38,0.233,0
"UGGT1",0,0.457178869747174,0.359,0.212,0
"CNOT6",0,0.701738735779732,0.311,0.164,0
"TM7SF3",0,0.417592182199387,0.379,0.232,0
"DDX55",0,0.643149827178403,0.307,0.16,0
"POLDIP2",0,0.365171601594341,0.379,0.232,0
"ABHD12",0,0.46792921829118,0.367,0.22,0
"BORCS8",0,0.669189668990265,0.313,0.166,0
"DSCR3",0,0.707446779328946,0.313,0.166,0
"DESI2",0,0.480184036635762,0.428,0.281,0
"ERG28",0,0.351333464588728,0.426,0.279,0
"MIIP",0,0.603763586215173,0.328,0.182,0
"JTB",0,0.263745525586516,0.723,0.577,0
"AP3B1",0,0.450283078336319,0.394,0.248,0
"MAD2L1BP",0,0.798021138147603,0.273,0.127,0
"PLEKHA2",0,0.3914023226199,0.393,0.247,0
"EHBP1L1",0,0.62030632115711,0.387,0.241,0
"POMP",0,0.448424787426821,0.774,0.628,0
"PRKCB",0,0.28950720429617,0.251,0.105,0
"USP10",0,0.469220830520212,0.396,0.25,0
"UNC13D",0,0.590173810000363,0.272,0.126,0
"DOHH",0,1.08638732918417,0.257,0.111,0
"FAM102B",0,0.860935253578504,0.295,0.149,0
"SACM1L",0,0.483845405151623,0.357,0.211,0
"TBPL1",0,0.468512900806786,0.307,0.161,0
"AKIP1",0,0.6777703001226,0.315,0.169,0
"CUTC",0,0.512060265719961,0.289,0.143,0
"AGFG1",0,0.410790156804807,0.425,0.279,0
"SMARCAD1",0,0.517359245144429,0.345,0.199,0
"GNAI2",0,0.445782211665024,0.819,0.673,0
"LINC00116",0,0.28103613176516,0.442,0.297,0
"ANAPC10",0,0.396981442150049,0.321,0.176,0
"LY6E",0,0.415839509430654,0.851,0.706,0
"ZBTB1",0,0.430317066594268,0.386,0.241,0
"DYNLL2",0,0.355475537036428,0.384,0.239,0
"GAMT",0,0.699405232717749,0.332,0.187,0
"LENG1",0,0.364321734392776,0.343,0.198,0
"CTNNBIP1",0,0.484644715935646,0.354,0.209,0
"PAPD7",0,0.942515117943784,0.29,0.145,0
"TMEM242",0,0.393347705383071,0.365,0.22,0
"C1GALT1C1",0,0.597681174259597,0.356,0.211,0
"MED27",0,0.691486389319756,0.287,0.142,0
"PRPF19",0,0.45178572878498,0.356,0.211,0
"C12orf49",0,0.452587928712213,0.298,0.153,0
"UBL7",0,0.632457968208561,0.296,0.151,0
"TMEM11",0,0.412664243656012,0.355,0.21,0
"KRI1",0,0.609450544307041,0.299,0.154,0
"PEF1",0,0.274843419136314,0.424,0.279,0
"YIPF5",0,0.278558572463662,0.472,0.327,0
"ZDHHC6",0,0.432466236245101,0.347,0.202,0
"METTL26",0,0.260123280446783,0.579,0.434,0
"FAAP20",0,0.355955493840669,0.559,0.415,0
"UQCRQ",0,0.317942256270915,0.759,0.615,0
"TMEM14B",0,0.290631428867168,0.624,0.48,0
"STARD3NL",0,0.282015492649873,0.4,0.256,0
"AP3M1",0,0.357164307784902,0.318,0.174,0
"PCED1B",0,0.511074818413613,0.274,0.13,0
"ZNF830",0,0.655307121387991,0.335,0.191,0
"ARL17A",0,1.16548707126717,0.251,0.107,0
"SNAP29",0,0.293852706842013,0.392,0.248,0
"RBBP5",0,0.654714126466876,0.295,0.151,0
"NUP54",0,0.38870901181012,0.378,0.234,0
"RCC1L",0,0.53671783850673,0.362,0.218,0
"CDK9",0,0.471545620365998,0.373,0.229,0
"RPAP3",0,0.308582097029705,0.362,0.218,0
"TMEM199",0,0.509466953363742,0.286,0.142,0
"ZCCHC9",0,0.349730333213438,0.346,0.202,0
"YTHDF2",0,0.292364232335636,0.52,0.377,0
"USP37",0,0.985373542833947,0.28,0.137,0
"PDE6D",0,0.638266855939973,0.25,0.107,0
"NAA15",0,0.398457478781546,0.402,0.259,0
"CPSF4",0,0.923859520379039,0.272,0.129,0
"MSL3",0,0.275579102809523,0.384,0.241,0
"SLC52A2",0,0.41514581311325,0.4,0.257,0
"PRPF4",0,0.651967940019075,0.318,0.175,0
"SURF2",0,0.332684714109418,0.337,0.194,0
"MTHFS",0,0.407458364815737,0.332,0.189,0
"RHOT2",0,0.31026320874261,0.378,0.235,0
"PPIL2",0,0.483839889572199,0.325,0.182,0
"GART",0,0.450357963773522,0.38,0.237,0
"CETN3",0,0.751638019427626,0.304,0.161,0
"CENPT",0,0.913986884649959,0.295,0.152,0
"FDXR",0,0.487018360633548,0.298,0.155,0
"OLA1",0,0.377430582568303,0.479,0.336,0
"NDUFAF8",0,0.261717930704017,0.556,0.414,0
"SLC25A24",0,0.585656005466041,0.387,0.245,0
"MSH6",0,0.721822233559372,0.403,0.261,0
"RHOA",0,0.702515741655632,0.847,0.705,0
"CCHCR1",0,1.20826369712204,0.253,0.111,0
"BAG6",0,0.31898602397542,0.435,0.293,0
"MRPL48",0,0.438449910834423,0.329,0.187,0
"HSPA8",0,0.848128875545323,0.925,0.783,0
"ANKRD13A",0,0.49927878452721,0.325,0.183,0
"RBM12",0,0.440201661099258,0.382,0.24,0
"EMP3",0,0.254162519374751,0.713,0.571,0
"GLCCI1",0,0.355327421970162,0.292,0.15,0
"PTDSS1",0,0.558298852342421,0.347,0.205,0
"NUDT2",0,0.364200050843509,0.375,0.233,0
"TP53",0,0.388170485296662,0.359,0.217,0
"NPLOC4",0,0.470230965519525,0.374,0.232,0
"AK6",0,0.27901524647479,0.399,0.258,0
"CEP85L",0,0.329849167458587,0.329,0.188,0
"NAA40",0,0.890133228076247,0.251,0.11,0
"GOSR1",0,0.297266796752265,0.438,0.297,0
"DTD1",0,0.276888772303381,0.381,0.24,0
"PPP1R12C",0,0.497246508493289,0.34,0.199,0
"DMAP1",0,0.329384660014861,0.361,0.22,0
"IKBKG",0,0.708887014025585,0.286,0.145,0
"KIAA0586",0,0.669277984064229,0.293,0.152,0
"MVD",0,0.54716572002601,0.296,0.155,0
"ASCC2",0,0.402781599608284,0.347,0.206,0
"DPF2",0,0.263377824297162,0.422,0.281,0
"SERBP1",0,0.570327730304988,0.84,0.7,0
"CNPPD1",0,0.376460464890523,0.337,0.197,0
"ING3",0,0.475435199980101,0.329,0.189,0
"PPP6C",0,0.412633103209514,0.341,0.201,0
"NDUFB8",0,0.370539116114292,0.739,0.599,0
"ERAL1",0,0.727588781469273,0.269,0.129,0
"C17orf75",0,0.913616119942238,0.255,0.115,0
"CCDC43",0,0.491789796666463,0.316,0.176,0
"ARL16",0,0.364389232365661,0.452,0.312,0
"RAE1",0,0.535706071682039,0.323,0.183,0
"PNPT1",0,0.468845234252341,0.366,0.226,0
"CNOT8",0,0.442020305876056,0.357,0.217,0
"RASSF7",0,0.446333131756319,0.288,0.148,0
"CCDC88B",0,0.64050322157445,0.303,0.163,0
"TIMM23",0,0.754698507728438,0.286,0.146,0
"AZI2",0,0.432756710974124,0.417,0.277,0
"SETD2",0,0.301831865152131,0.483,0.343,0
"TNFRSF25",0,0.551776298334892,0.267,0.128,0
"PIGK",0,0.477818283449813,0.317,0.178,0
"HACD4",0,0.371636279665966,0.319,0.18,0
"UQCC3",0,0.345830809919738,0.423,0.284,0
"MAP2K1",0,0.292164404551355,0.333,0.194,0
"LCMT1",0,0.285261655462948,0.376,0.237,0
"ADPRHL2",0,0.402868875596504,0.366,0.227,0
"HERC6",0,0.672192228747076,0.303,0.164,0
"DDX60L",0,0.458843093786934,0.353,0.214,0
"ORC3",0,0.583529963459206,0.295,0.156,0
"C7orf49",0,0.512186568875668,0.299,0.16,0
"RBM10",0,0.465298841545015,0.372,0.233,0
"GBF1",0,0.469526888495776,0.305,0.166,0
"SMARCD1",0,0.315030160357105,0.372,0.233,0
"PI4KA",0,0.608289031623969,0.305,0.166,0
"CERK",0,0.420853769617775,0.3,0.161,0
"VTI1B",0,0.25602713898495,0.473,0.334,0
"RPUSD3",0,0.399435392701238,0.331,0.193,0
"NUDCD3",0,0.435834465864677,0.377,0.239,0
"MRPL15",0,0.266421896273498,0.431,0.293,0
"PWP1",0,0.258767786655116,0.423,0.285,0
"ICE2",0,0.410868210347318,0.384,0.246,0
"DRG2",0,0.301858867299315,0.325,0.187,0
"ZNFX1",0,0.488007357607266,0.381,0.243,0
"DIDO1",0,0.364433710949468,0.401,0.263,0
"ATP5D",0,0.278988608233557,0.812,0.674,0
"PELO",0,0.570932253421563,0.302,0.164,0
"ACP5",0,0.362254609966417,0.296,0.158,0
"ZC3H4",0,0.652573437167795,0.302,0.164,0
"TFPT",0,0.442097062342751,0.352,0.214,0
"PCBP2",0,0.385366513151048,0.819,0.681,0
"HSD17B7",0,0.574798299076142,0.279,0.142,0
"MINOS1",0,0.277765168514083,0.735,0.598,0
"LNPK",0,0.512869910745375,0.327,0.19,0
"KLHDC3",0,0.425283722029709,0.405,0.268,0
"CD99",0,0.321487198729915,0.79,0.653,0
"ZFX",0,0.306932426406968,0.435,0.298,0
"FBXL6",0,0.893375106957628,0.269,0.132,0
"ABCA2",0,0.961718164156642,0.252,0.115,0
"GANAB",0,0.258044759164612,0.5,0.363,0
"PYM1",0,0.459074913225832,0.317,0.18,0
"SLC7A1",0,0.831729795458721,0.256,0.119,0
"EXOC5",0,0.301898869218355,0.378,0.241,0
"CDR2",0,0.688560029097969,0.261,0.124,0
"TIMM22",0,0.443653845792697,0.315,0.178,0
"TACO1",0,0.721983465035645,0.262,0.125,0
"AMZ2",0,0.330283805527249,0.333,0.196,0
"SS18",0,0.304831781483793,0.454,0.317,0
"CEBPG",0,0.487507143695248,0.329,0.192,0
"SMG9",0,0.800127996954433,0.252,0.115,0
"ADK",0,0.577233762637366,0.3,0.163,0
"CS",0,0.4360227967478,0.349,0.212,0
"COQ5",0,0.444577418000123,0.303,0.166,0
"MED24",0,0.672345849467212,0.292,0.155,0
"GCDH",0,0.494471526094368,0.299,0.162,0
"SNX1",0,0.367031774744348,0.414,0.277,0
"SLC1A5",0,0.581359683707202,0.408,0.271,0
"SNAP47",0,0.427732828756177,0.342,0.206,0
"STARD4",0,0.575879449373938,0.259,0.123,0
"BUD23",0,0.258156711469237,0.516,0.38,0
"CSGALNACT2",0,0.3431724063699,0.376,0.24,0
"MARS",0,0.386053605076415,0.337,0.201,0
"NAP1L1",0,0.323731973145824,0.834,0.698,0
"UNG",0,1.40306675528522,0.259,0.123,0
"SFSWAP",0,0.285611967236586,0.442,0.306,0
"PARP4",0,0.319537880885186,0.378,0.242,0
"ASXL2",0,0.322307450593496,0.369,0.233,0
"WARS",0,0.289219580717419,0.36,0.224,0
"NOL8",0,0.277368699725866,0.414,0.278,0
"ITGB1",0,0.277390071987598,0.817,0.681,0
"COPS9",0,0.274513300437825,0.714,0.579,0
"METAP1",0,0.51446857039882,0.31,0.175,0
"MAPK9",0,0.412738837670976,0.31,0.175,0
"GLO1",0,0.365301945419567,0.507,0.372,0
"C8orf76",0,0.396371692866712,0.312,0.177,0
"NCBP1",0,0.613269425832863,0.275,0.14,0
"NDUFC2",0,0.283612640711425,0.751,0.616,0
"TELO2",0,1.24789709609187,0.26,0.125,0
"TMEM97",0,1.40052906184125,0.266,0.131,0
"MEX3C",0,0.398214904683443,0.324,0.189,0
"DMAC2",0,0.459502128875713,0.308,0.173,0
"AGPAT3",0,0.483986313251384,0.321,0.186,0
"UBXN2A",0,0.428074990344618,0.349,0.214,0
"METTL3",0,0.580328990879968,0.291,0.156,0
"MRGBP",0,0.632864186947037,0.286,0.151,0
"BCL7C",0,0.253479552234126,0.567,0.432,0
"PARK7",0,0.629037149684461,0.826,0.692,0
"LRRC40",0,0.724020463750526,0.255,0.121,0
"GNLY",0,0.302124179280338,0.313,0.179,0
"ATIC",0,0.475874571243286,0.38,0.246,0
"COQ2",0,0.730142603300742,0.272,0.138,0
"G6PD",0,0.491513281909713,0.313,0.179,0
"WDR5",0,0.884457657840904,0.263,0.129,0
"CPSF7",0,0.272019553789443,0.372,0.238,0
"FOXRED1",0,0.806612889664772,0.272,0.138,0
"GLTP",0,0.255835353575011,0.386,0.252,0
"TRAF3",0,0.741336976114669,0.272,0.138,0
"ATP5G1",0,0.3580981384589,0.636,0.502,0
"ACO2",0,0.254417964209378,0.395,0.261,0
"SCAF4",0,0.365846787431257,0.312,0.178,0
"YY1AP1",0,0.48324813980448,0.348,0.214,0
"UBA3",0,0.489267279990852,0.351,0.217,0
"JMJD6",0,0.285750297556137,0.362,0.228,0
"MPPE1",0,0.466564542643458,0.303,0.169,0
"RANBP3",0,0.625588351316033,0.289,0.155,0
"POLDIP3",0,0.288348507377655,0.353,0.219,0
"HMG20B",0,0.590064413027869,0.413,0.279,0
"SRGAP3",0,0.54168551190917,0.343,0.21,0
"HDAC3",0,0.410416445226459,0.339,0.206,0
"DHX38",0,0.508830690510447,0.337,0.204,0
"WDFY1",0,0.387512214902081,0.406,0.273,0
"PREP",0,0.795615943385036,0.253,0.12,0
"SYNJ2",0,1.08280528796343,0.265,0.132,0
"EIF3B",0,0.280362513922002,0.532,0.399,0
"TMEM60",0,0.4113187391071,0.323,0.19,0
"PSMD10",0,0.48098047130479,0.334,0.201,0
"SPCS2",0,0.432496244405003,0.765,0.632,0
"PPP2R1B",0,0.457238727481532,0.264,0.131,0
"YLPM1",0,0.358678788398521,0.396,0.263,0
"AAGAB",0,0.718183425155817,0.267,0.134,0
"CORO7",0,0.343101754890953,0.268,0.135,0
"ZCCHC2",0,0.403583238749657,0.315,0.182,0
"ATXN10",0,0.259656843112933,0.49,0.357,0
"SNAPIN",0,0.313525423519919,0.364,0.231,0
"NIT1",0,0.583462925142669,0.302,0.169,0
"MAPK14",0,0.392035047453503,0.344,0.211,0
"TIMM50",0,0.517110073597673,0.346,0.213,0
"GTPBP1",0,0.361275751541922,0.296,0.163,0
"NIT2",0,0.355092812576649,0.411,0.278,0
"LUZP1",0,0.400076368074883,0.415,0.283,0
"CDC73",0,0.271255128611965,0.398,0.266,0
"SIAH2",0,0.431975108427082,0.369,0.237,0
"CDC23",0,0.611417859756249,0.272,0.14,0
"DTNBP1",0,0.278987728474036,0.305,0.173,0
"MAPK13",0,0.881883672060522,0.263,0.131,0
"DDX56",0,0.522179374330665,0.367,0.235,0
"CCAR2",0,0.608316290644244,0.272,0.14,0
"MTDH",0,0.280171616633518,0.777,0.645,0
"SCO1",0,0.353060256059414,0.335,0.203,0
"NR2C2AP",0,0.944276671642241,0.255,0.123,0
"GATAD2A",0,0.265680052699872,0.385,0.253,0
"ABCB8",0,0.69173968013143,0.286,0.154,0
"F8A1",0,0.463887320480337,0.287,0.155,0
"PSME1",0,0.525139649804633,0.819,0.687,0
"WRAP73",0,0.579325847611312,0.28,0.149,0
"WSB2",0,0.296567604250504,0.336,0.205,0
"GUK1",0,0.259382681446824,0.833,0.702,0
"NAB1",0,0.673824682114736,0.317,0.186,0
"CUL3",0,0.256748548591372,0.475,0.344,0
"C3orf38",0,0.346655978082489,0.313,0.182,0
"YEATS2",0,0.568028619797058,0.327,0.196,0
"RGS14",0,0.302869742304585,0.267,0.136,0
"LRRC14",0,0.72436355325835,0.269,0.138,0
"RPS6KB1",0,0.465124675656644,0.327,0.196,0
"YRDC",0,0.635871724499878,0.283,0.152,0
"ANAPC1",0,0.552083022842395,0.272,0.142,0
"DNTTIP1",0,0.429443470811439,0.337,0.207,0
"ERVK3-1",0,0.433995195172552,0.271,0.141,0
"SH3BGRL3",0,0.575713470057184,0.884,0.754,0
"SRSF7",0,0.395262314543389,0.925,0.795,0
"ARPC2",0,0.923886983478609,0.915,0.785,0
"SNX14",0,0.277857018631869,0.368,0.238,0
"MANEA",0,0.700640055431511,0.258,0.128,0
"PSMB1",0,0.424834814869383,0.767,0.637,0
"DLD",0,0.375671740686942,0.375,0.245,0
"APAF1",0,0.73857516999748,0.253,0.123,0
"ATP6V0A2",0,0.615638994432311,0.256,0.126,0
"NEDD8",0,0.287745193231189,0.778,0.648,0
"EIF2B2",0,0.353917050750675,0.315,0.185,0
"NAA60",0,0.393465554417413,0.316,0.186,0
"THAP11",0,0.325857900712031,0.327,0.197,0
"APOL3",0,0.313382571481813,0.253,0.123,0
"TSPAN17",0,0.788729742156228,0.282,0.152,0
"AP1G2",0,0.667676678907351,0.284,0.154,0
"BECN1",0,0.324116608714408,0.354,0.224,0
"REXO1",0,0.731782738944406,0.288,0.158,0
"ZMAT5",0,0.449274530873815,0.297,0.167,0
"TMEM70",0,0.266351573255452,0.411,0.281,0
"SYT11",0,0.461795337335627,0.276,0.147,0
"C2orf69",0,0.65540180470289,0.271,0.142,0
"FAM13B",0,0.430488952579166,0.335,0.206,0
"ELMO1",0,0.285958212100478,0.274,0.145,0
"GBP2",0,0.338044584054995,0.485,0.356,0
"SLC4A1AP",0,0.443214036833873,0.331,0.202,0
"GNL1",0,0.283697438551019,0.426,0.297,0
"INTS10",0,0.344482694418644,0.385,0.256,0
"ACAT1",0,0.428415311079961,0.397,0.268,0
"SART3",0,0.62683320216396,0.307,0.178,0
"INO80C",0,0.758749872497242,0.254,0.125,0
"VPS16",0,0.621180072406843,0.305,0.176,0
"PDRG1",0,0.287006894898884,0.306,0.177,0
"MED15",0,0.266552348990808,0.37,0.241,0
"UQCR10",0,0.340935701249477,0.8,0.671,0
"OGDH",0,0.302337488501207,0.347,0.218,0
"CDC34",0,0.322667787512322,0.352,0.223,0
"TTC9C",0,0.358134543265999,0.341,0.213,0
"CUL2",0,0.312404373521778,0.342,0.214,0
"TMEM222",0,0.491627541063414,0.314,0.186,0
"CAMK1",0,0.736736123736579,0.307,0.179,0
"DNAJC2",0,0.261845937827619,0.438,0.31,0
"CARD19",0,0.307530397359423,0.367,0.239,0
"TMEM19",0,0.73066148769639,0.253,0.125,0
"PFN1",0,1.19951672138331,0.903,0.775,0
"TYK2",0,0.561562185147345,0.3,0.172,0
"CALR",0,0.328406568323268,0.835,0.707,0
"GNPAT",0,0.377089582009555,0.357,0.229,0
"CNOT11",0,0.383446714551772,0.292,0.164,0
"PHRF1",0,0.651259900641255,0.282,0.154,0
"PATL1",0,0.347864957621032,0.295,0.167,0
"ZNF688",0,0.565031135415677,0.284,0.156,0
"PTGES3",0,0.616069561895925,0.813,0.685,0
"SRGAP2B",0,0.469514743283808,0.276,0.149,0
"VPS72",0,0.340057228381385,0.341,0.214,0
"STIM1",0,0.446239869817222,0.274,0.147,0
"RIN3",0,0.771225763896991,0.269,0.142,0
"POGZ",0,0.269634593826571,0.483,0.356,0
"AGPS",0,0.522023625014785,0.324,0.197,0
"SEPT7",0,0.461071386016569,0.854,0.727,0
"ZNF143",0,0.531216448227404,0.253,0.126,0
"IGHA1",0,0.467058784457575,0.255,0.128,0
"TMEM189",0,0.436354789101789,0.315,0.188,0
"VKORC1L1",0,0.528613709721843,0.349,0.222,0
"RNF138",0,0.459182769408238,0.288,0.161,0
"MTOR",0,0.547351760701308,0.267,0.141,0
"ZNF672",0,0.599270543512482,0.267,0.141,0
"TMEM250",0,0.439488535495669,0.274,0.148,0
"TRAFD1",0,0.470904623682529,0.278,0.152,0
"MTX1",0,0.334939649134915,0.378,0.252,0
"MRPS25",0,0.296036677634389,0.411,0.285,0
"OXSR1",0,0.293530240659183,0.313,0.187,0
"CHMP7",0,0.25538556370395,0.265,0.139,0
"PTPA",0,0.347324308959716,0.374,0.248,0
"PITPNM1",0,0.591524830251383,0.251,0.125,0
"LCOR",0,0.308132182941779,0.403,0.277,0
"ARL3",0,0.365215920024206,0.465,0.339,0
"AAAS",0,0.436017036743053,0.265,0.139,0
"KNOP1",0,0.293007157540408,0.408,0.282,0
"FOXK2",0,0.429324094225989,0.308,0.182,0
"PSMA7",0,0.763328927152576,0.835,0.709,0
"DNAJC17",0,0.495472504188876,0.284,0.158,0
"GLA",0,0.343323475783269,0.273,0.148,0
"SMIM27",0,0.361598344043678,0.275,0.15,0
"INTS13",0,0.723455526948767,0.272,0.147,0
"GLRX2",0,0.409668354189693,0.306,0.181,0
"VRK2",0,0.58546959220801,0.258,0.133,0
"RETREG2",0,0.390878832367091,0.396,0.271,0
"SLC35A4",0,0.720007509848828,0.312,0.187,0
"REV3L",0,0.336467064501759,0.361,0.236,0
"ATG16L2",0,0.578689292479557,0.253,0.128,0
"SACS",0,0.628805840447264,0.252,0.127,0
"TRPV2",0,0.356015414222856,0.265,0.14,0
"YWHAB",0,0.466531994345845,0.87,0.745,0
"PRR14",0,0.85950843876022,0.286,0.161,0
"CRKL",0,0.335449452645087,0.283,0.158,0
"F2R",0,0.312917370768294,0.276,0.152,0
"MRM2",0,0.59513031425713,0.276,0.152,0
"METTL13",0,0.711699395775498,0.26,0.136,0
"COPS4",0,0.281017019084014,0.365,0.241,0
"TBC1D7",0,0.564589549387074,0.258,0.134,0
"ITPR3",0,1.14374278311003,0.257,0.133,0
"STAU2",0,0.347835919387021,0.321,0.197,0
"KAT5",0,0.455061818376818,0.319,0.195,0
"TBC1D15",0,0.318600436785142,0.382,0.258,0
"CARS2",0,0.396736728498517,0.376,0.252,0
"SEPHS2",0,0.252363325195961,0.412,0.288,0
"EVI2A",0,0.288201295618795,0.261,0.137,0
"COPRS",0,0.383752352077294,0.441,0.317,0
"STAT5A",0,0.493505933338798,0.264,0.14,0
"TRIR",0,0.491211825282377,0.817,0.693,0
"PPP1R8",0,0.397739607971022,0.288,0.164,0
"OPA1",0,0.349303631214336,0.354,0.23,0
"MED14",0,0.510317595176615,0.29,0.166,0
"FBL",0,0.2791752057148,0.579,0.455,0
"DUSP12",0,0.377129870926537,0.277,0.154,0
"ANKRD36B",0,0.839779775609646,0.271,0.148,0
"ACTR1B",0,0.327980416393267,0.341,0.218,0
"EIF2B5",0,0.376157391126466,0.34,0.217,0
"SRBD1",0,0.633052433866389,0.26,0.137,0
"COX7A2",0,0.519139321317478,0.799,0.676,0
"AIFM1",0,0.470203373733859,0.31,0.187,0
"PHF6",0,0.406265883222452,0.39,0.267,0
"METTL17",0,0.318836097397557,0.325,0.202,0
"IDH3A",0,0.482321587750055,0.303,0.18,0
"LRIF1",0,0.567252530572352,0.287,0.164,0
"NACC1",0,0.460382700894015,0.285,0.162,0
"TMEM237",0,0.80907089744769,0.264,0.142,0
"CCDC28A",0,0.439199329353003,0.274,0.152,0
"EP400",0,0.374256345561707,0.335,0.213,0
"COX16",0,0.287125101136834,0.329,0.207,0
"TRIM11",0,0.60877788437915,0.255,0.133,0
"PPM1M",0,0.296484499979101,0.258,0.136,0
"CCNC",0,0.258846909959299,0.386,0.264,0
"CUL1",0,0.301030368609392,0.378,0.256,0
"DGKH",0,0.439340055012069,0.298,0.176,0
"HNRNPC",0,0.373954356869464,0.851,0.729,0
"RPS6KA5",0,0.554723206678114,0.256,0.134,0
"GSKIP",0,0.517069363593648,0.259,0.137,0
"AARS",0,0.483100169579363,0.317,0.195,0
"MED1",0,0.603526328628809,0.312,0.19,0
"GTF2F1",0,0.353081681799075,0.432,0.31,0
"GTF3C1",0,0.269374235539142,0.347,0.225,0
"IMP4",0,0.264583874922606,0.405,0.284,0
"HPS3",0,0.447406708816713,0.28,0.159,0
"LTV1",0,0.411566703718169,0.329,0.208,0
"AIMP2",0,0.413513955374107,0.269,0.148,0
"PLAA",0,0.616771955213922,0.264,0.143,0
"SUPT7L",0,0.479409400900523,0.308,0.187,0
"PTCD3",0,0.285368868732593,0.408,0.287,0
"LSG1",0,0.347174060908172,0.322,0.201,0
"CBLL1",0,0.514817901102711,0.261,0.14,0
"ZDHHC5",0,0.34728714533726,0.356,0.235,0
"HACD3",0,0.405353142114366,0.474,0.353,0
"PHKG2",0,0.321727715601685,0.296,0.175,0
"TMEM101",0,0.252777806196535,0.318,0.197,0
"CNOT3",0,0.303330760854687,0.309,0.188,0
"EMSY",0,0.556940009758199,0.284,0.163,0
"COASY",0,0.607868681050451,0.291,0.17,0
"PPP2R5A",0,0.256769211656702,0.343,0.223,0
"BRAT1",0,0.648474657470976,0.275,0.155,0
"CSTF3",0,0.292712456082441,0.329,0.209,0
"ZBTB25",0,0.310538691860117,0.268,0.148,0
"ELAC2",0,0.48897029593471,0.28,0.16,0
"CEP89",0,0.691701427561553,0.278,0.158,0
"CEP63",0,0.261069753507058,0.313,0.193,0
"SEM1",0,0.351935730310935,0.796,0.676,0
"NOM1",0,0.413031402235976,0.312,0.192,0
"COX6A1",0,0.465161127390033,0.804,0.684,0
"MPRIP",0,0.266891695925075,0.444,0.324,0
"IFT27",0,0.279359096201655,0.322,0.202,0
"L3MBTL2",0,0.648303242841606,0.252,0.132,0
"RBM18",0,0.320137385206015,0.289,0.169,0
"RFT1",0,0.532804560646252,0.262,0.143,0
"ISOC1",0,0.394111678231815,0.328,0.209,0
"CDYL",0,0.414724339614415,0.341,0.222,0
"SDHAF3",0,0.267966607572549,0.329,0.21,0
"RAB35",0,0.42291290327227,0.271,0.152,0
"ILVBL",0,0.599219630682778,0.329,0.21,0
"ECI2",0,0.250802084241124,0.46,0.341,0
"LYRM4",0,0.313349910619535,0.356,0.237,0
"MLLT3",0,0.29878906877008,0.258,0.139,0
"ARL2",0,0.256553611123794,0.494,0.375,0
"MED21",0,0.293507317682634,0.364,0.245,0
"LRRC57",0,0.510523099968023,0.259,0.14,0
"KAT7",0,0.270975800590648,0.294,0.175,0
"XAB2",0,0.403456647583524,0.319,0.2,0
"DYRK1A",0,0.476765376557357,0.354,0.235,0
"SLC27A3",0,0.54219546048691,0.284,0.165,0
"BLOC1S5",0,0.467865698961194,0.269,0.151,0
"MGAT2",0,0.385122201953311,0.323,0.205,0
"LPCAT4",0,0.515016264541111,0.267,0.149,0
"PRR14L",0,0.529894729776933,0.338,0.22,0
"SUCO",0,0.293784974333762,0.379,0.261,0
"NCL",0,0.398238550722943,0.825,0.707,0
"NGLY1",0,0.289168834960319,0.368,0.25,0
"UBE3C",0,0.322183827485869,0.372,0.254,0
"BCOR",0,0.485028536191616,0.256,0.138,0
"CDK16",0,0.333033371195394,0.364,0.246,0
"ELP4",0,0.415271737755949,0.25,0.132,0
"TMEM258",0,0.391757247173117,0.787,0.669,0
"CLK3",0,0.354353815661712,0.318,0.2,0
"GBA",0,0.602162687226151,0.284,0.166,0
"CCDC28B",0,0.714179465569991,0.266,0.149,0
"INPP1",0,0.482124827990347,0.265,0.148,0
"XPOT",0,0.301822823008357,0.335,0.218,0
"SMG6",0,0.557399359268425,0.331,0.214,0
"PPP4R1",0,0.387203318446748,0.327,0.21,0
"TRMT2A",0,0.59087465406012,0.262,0.145,0
"TMEM173",0,0.375138649330266,0.426,0.309,0
"SAP30L",0,0.387629321288573,0.298,0.181,0
"HNRNPK",0,0.421208867690297,0.854,0.737,0
"NSF",0,0.485729505206932,0.299,0.182,0
"PARVB",0,0.467764833837649,0.253,0.136,0
"ATP5J",0,0.363990603113081,0.787,0.67,0
"THAP5",0,0.336275853365111,0.326,0.21,0
"HDAC6",0,0.632534641014613,0.26,0.144,0
"GAPVD1",0,0.320644035445125,0.331,0.215,0
"COQ7",0,0.311285105721685,0.333,0.217,0
"ACOT8",0,0.282893813249012,0.272,0.156,0
"CCDC117",0,0.50973904206935,0.271,0.155,0
"KYAT3",0,0.271225916557066,0.298,0.182,0
"HGS",0,0.287331633616526,0.371,0.255,0
"SCAF1",0,0.421227632249619,0.308,0.192,0
"C1QBP",0,0.289150091715835,0.578,0.462,0
"SON",0,0.265796129211002,0.933,0.818,0
"FOXN2",0,0.447962039614968,0.262,0.147,0
"OGG1",0,0.326277271865646,0.257,0.142,0
"CNOT10",0,0.449142961878111,0.263,0.148,0
"JADE2",0,0.389361613177089,0.276,0.161,0
"HDAC8",0,0.422771120142763,0.259,0.144,0
"DGAT1",0,0.320107702044666,0.339,0.224,0
"SFMBT2",0,0.405634135943133,0.261,0.146,0
"LONP1",0,0.445372746585854,0.323,0.208,0
"KHDC4",0,0.350302557048751,0.361,0.246,0
"HIST1H2AC",0,0.467728430218709,0.366,0.251,0
"PGM2L1",0,0.290256331703333,0.3,0.185,0
"RPS27L",0,0.284591800410473,0.774,0.659,0
"CIC",0,0.547471229165721,0.296,0.181,0
"PIP4P1",0,0.261667451313732,0.284,0.169,0
"IL10RB",0,0.2572015504038,0.397,0.283,0
"PMPCA",0,0.299485766902802,0.341,0.227,0
"KANSL2",0,0.463092258135882,0.265,0.151,0
"SUB1",0,0.835604173369351,0.863,0.749,0
"DDX41",0,0.305489521403521,0.298,0.184,0
"RNF8",0,0.296725961250684,0.314,0.2,0
"ZCCHC3",0,0.537555834460901,0.296,0.182,0
"MTMR6",0,0.375796831942653,0.284,0.17,0
"IPO5",0,0.458624245035165,0.405,0.292,0
"MRPS27",0,0.37708814722411,0.274,0.161,0
"WDR55",0,0.271479779626905,0.278,0.165,0
"SAYSD1",0,0.372588502554782,0.27,0.157,0
"VPS26B",0,0.284882184631397,0.318,0.205,0
"PIGS",0,0.323029823683789,0.278,0.165,0
"NF2",0,0.58417026101997,0.266,0.153,0
"KDM1A",0,0.434201307921298,0.363,0.25,0
"KDM3B",0,0.336731464249584,0.297,0.184,0
"RIPK1",0,0.521703454214527,0.251,0.138,0
"MAP7D3",0,0.337330119603893,0.294,0.181,0
"RNF20",0,0.285342942107478,0.292,0.179,0
"CRNKL1",0,0.250178305611085,0.31,0.197,0
"UCKL1",0,0.456104786407921,0.29,0.177,0
"RRP1",0,0.372743075808716,0.293,0.18,0
"THUMPD3",0,0.345330459801481,0.325,0.213,0
"NPRL2",0,0.316620165862096,0.256,0.144,0
"RNF113A",0,0.408321807037857,0.276,0.164,0
"AGPAT5",0,0.432330421472895,0.272,0.16,0
"TESK1",0,0.669393595044619,0.269,0.157,0
"CCNT1",0,0.261616285837961,0.332,0.22,0
"CSF1",0,0.446331421619034,0.308,0.196,0
"B4GALT3",0,0.274658169831041,0.296,0.184,0
"HSPD1",0,0.312600162857607,0.748,0.636,0
"GAK",0,0.259490911357566,0.388,0.276,0
"HINT1",0,0.666298655774933,0.843,0.731,0
"NDUFB2",0,0.335243169598277,0.761,0.649,0
"GABPA",0,0.268407435502423,0.291,0.179,0
"POLR2M",0,0.312372086987609,0.282,0.17,0
"HCCS",0,0.33598101897684,0.256,0.145,0
"NIPSNAP3A",0,0.477240091696864,0.277,0.166,0
"MAP3K11",0,0.398713795375795,0.336,0.225,0
"ZNF384",0,0.661061123202082,0.266,0.155,0
"ANKRD9",0,0.685276627679232,0.255,0.144,0
"LRRC47",0,0.311495957624536,0.302,0.191,0
"SLC4A2",0,0.618661066409259,0.3,0.189,0
"IFIT3",0,0.356373801063568,0.368,0.257,0
"DLST",0,0.462648356213762,0.29,0.179,0
"FUS",0,0.266430763624236,0.907,0.796,0
"ANKFY1",0,0.392097339573711,0.314,0.203,0
"PPDPF",0,0.324692744494846,0.823,0.712,0
"SLC16A1",0,0.512093024902764,0.314,0.204,0
"RUSC1",0,0.613209912268913,0.265,0.155,0
"GPATCH4",0,0.402409984111353,0.333,0.223,0
"KANSL3",0,0.526796126981508,0.263,0.153,0
"TRNT1",0,0.303797668429022,0.321,0.211,0
"SNRNP48",0,0.399269094732481,0.279,0.169,0
"CSTF2T",0,0.447695767319214,0.252,0.142,0
"MLST8",0,0.434182162625193,0.276,0.166,0
"OGFOD1",0,0.325395195857649,0.264,0.154,0
"TRMT6",0,0.313034720667386,0.258,0.148,0
"PILRB",0,0.266048928848145,0.36,0.25,0
"CREB3",0,0.256464952223155,0.352,0.242,0
"TMEM8A",0,0.288835979383474,0.298,0.188,0
"TNPO2",0,0.506838522296209,0.285,0.175,0
"LTN1",0,0.26050411893745,0.376,0.266,0
"PGD",0,0.441589591579531,0.313,0.204,0
"PREB",0,0.335308803856577,0.298,0.189,0
"REV1",0,0.304182167509828,0.347,0.238,0
"FAM193A",0,0.345581543794465,0.291,0.182,0
"SDAD1",0,0.271698206603608,0.344,0.235,0
"WRNIP1",0,0.369410239964518,0.294,0.185,0
"TRRAP",0,0.492765386445653,0.282,0.173,0
"YARS2",0,0.407906007716233,0.282,0.173,0
"BAG5",0,0.367420245239494,0.366,0.257,0
"HDDC3",0,0.269354640938681,0.296,0.187,0
"FARSB",0,0.501438792646987,0.263,0.155,0
"AGA",0,0.395097351499371,0.256,0.148,0
"ASL",0,0.512405154368331,0.273,0.165,0
"BRCC3",0,0.483371974604809,0.269,0.161,0
"ELOA",0,0.361298079603595,0.308,0.2,0
"WDR77",0,0.313075700910891,0.295,0.187,0
"STK16",0,0.280279217946044,0.282,0.174,0
"RIOK1",0,0.378997786577623,0.296,0.188,0
"MAP3K7",0,0.362810360106976,0.294,0.186,0
"TRPM7",0,0.461130244400666,0.346,0.238,0
"MAPK3",0,0.373366315636333,0.345,0.237,0
"CDK10",0,0.477441970598546,0.302,0.194,0
"RP9",0,0.414107264241015,0.267,0.16,0
"EIF2B3",0,0.260275369261318,0.282,0.175,0
"MEPCE",0,0.370791244778638,0.287,0.18,0
"IFIT5",0,0.515129640928941,0.28,0.174,0
"PHGDH",0,0.890677775509976,0.331,0.225,0
"TOMM70",0,0.291823115130581,0.332,0.226,0
"CASP6",0,0.299293723257276,0.257,0.151,0
"KLHL7",0,0.422834613298419,0.253,0.147,0
"DIS3L",0,0.530955734486038,0.257,0.151,0
"UBA5",0,0.545415912572168,0.292,0.186,0
"TMEM218",0,0.393925457578477,0.283,0.177,0
"SNUPN",0,0.297423989689604,0.302,0.196,0
"NCLN",0,0.382310869117042,0.302,0.196,0
"CCDC93",0,0.381686281575335,0.277,0.172,0
"AHCTF1",0,0.332492869897947,0.338,0.233,0
"CLASP1",0,0.298766194868199,0.268,0.163,0
"MFSD6",0,0.521306075034992,0.253,0.148,0
"GMPPA",0,0.457340854518748,0.269,0.164,0
"BAP1",0,0.510960950448422,0.251,0.146,0
"TAOK2",0,0.45592230348472,0.263,0.158,0
"COQ9",0,0.261360413057328,0.319,0.214,0
"MAP2K7",0,0.372336495815512,0.31,0.205,0
"CLIC1",0,0.725971352224535,0.856,0.751,0
"SGMS1",0,0.256215743999923,0.294,0.189,0
"ERAP1",0,0.574227512301484,0.255,0.151,0
"APTX",0,0.265447625885819,0.261,0.157,0
"REXO4",0,0.393012307123725,0.308,0.204,0
"AKAP8",0,0.313668771369902,0.267,0.163,0
"FAHD2A",0,0.375325092617135,0.287,0.183,0
"ING5",0,0.374090719985475,0.286,0.182,0
"FAM104B",0,0.265731714487793,0.284,0.18,0
"SLC25A28",0,0.480873802658795,0.293,0.189,0
"USP4",0,0.274345072711895,0.308,0.205,0
"TAPBPL",0,0.442148860108263,0.268,0.165,0
"TERF2",0,0.265282414072256,0.271,0.168,0
"DDX19B",0,0.324801601200693,0.262,0.159,0
"UBP1",0,0.354317942670886,0.306,0.203,0
"BOP1",0,0.365853038490515,0.29,0.187,0
"ZNF75A",0,0.389041436341525,0.288,0.185,0
"RBFA",0,0.262456239841396,0.29,0.187,0
"SREBF2",0,0.384591581187242,0.282,0.179,0
"SEC23B",0,0.250282452199659,0.281,0.179,0
"MSH3",0,0.335621579073495,0.265,0.163,0
"PAK1IP1",0,0.271344917210006,0.309,0.207,0
"NDUFAF6",0,0.566772815981361,0.255,0.153,0
"NDRG3",0,0.348289348281434,0.258,0.156,0
"KIF1BP",0,0.373963875149516,0.286,0.184,0
"MBD6",0,0.438632620704037,0.289,0.187,0
"FTSJ3",0,0.358778593482093,0.282,0.18,0
"SOD1",0,0.324326770465981,0.807,0.706,0
"TMEM214",0,0.303291394884726,0.316,0.215,0
"TRAK2",0,0.465523046435445,0.262,0.161,0
"TRIM13",0,0.266586003094965,0.329,0.228,0
"SLFN11",0,0.456308492824988,0.265,0.164,0
"CLASRP",0,0.299332226584402,0.265,0.164,0
"SMTN",0,0.895674841419096,0.263,0.162,0
"GTF2H1",0,0.313998717611775,0.288,0.187,0
"ALG8",0,0.482163185901391,0.287,0.186,0
"MBIP",0,0.344494216852708,0.301,0.2,0
"STRN",0,0.399597532540245,0.274,0.174,0
"ARMT1",0,0.255150636101123,0.272,0.172,0
"RUFY1",0,0.316323635672431,0.325,0.225,0
"GSR",0,0.439580048030386,0.306,0.206,0
"MON1B",0,0.278596932657983,0.259,0.159,0
"FASN",0,0.40620603202796,0.265,0.165,0
"PDE12",0,0.326858999586379,0.276,0.177,0
"MBD1",0,0.29783016311566,0.273,0.174,0
"OSBPL3",0,0.3688472888084,0.266,0.167,0
"ITPK1",0,0.337406784311537,0.258,0.159,0
"PHF12",0,0.26085119373071,0.253,0.154,0
"IFRD2",0,0.354359240799329,0.298,0.199,0
"ARPC3",0,0.447636046656541,0.847,0.748,0
"UBB",0,0.675968881680291,0.901,0.802,0
"CHERP",0,0.413002391262487,0.301,0.202,0
"ERI3",0,0.251411430148323,0.343,0.245,0
"LPCAT1",0,0.31027204601774,0.27,0.172,0
"CC2D1A",0,0.390748587802108,0.272,0.174,0
"SPRY1",0,0.530423224350605,0.318,0.22,0
"HYOU1",0,0.37543019597603,0.304,0.206,0
"LPCAT3",0,0.288250864040988,0.268,0.17,0
"DHRS7B",0,0.442814110932625,0.262,0.164,0
"FAM210A",0,0.284639443012499,0.262,0.164,0
"ZNF43",0,0.422888966795896,0.252,0.154,0
"KPNA1",0,0.399450212942048,0.293,0.195,0
"LRRC42",0,0.36250622668747,0.269,0.172,0
"WDR75",0,0.386220620576823,0.278,0.181,0
"PAN3",0,0.25291723971788,0.281,0.184,0
"TBC1D4",0,0.282490576985115,0.274,0.177,0
"CALM2",0,0.725817193071216,0.872,0.775,0
"DPAGT1",0,0.455220280462225,0.268,0.172,0
"FHOD1",0,0.357911950277522,0.272,0.176,0
"COX15",0,0.30035842342999,0.251,0.155,0
"STX2",0,0.424730257699224,0.267,0.171,0
"ZBTB43",0,0.279412648317054,0.296,0.2,0
"NADSYN1",0,0.335409174197424,0.271,0.176,0
"BTN3A3",0,0.273949486395626,0.265,0.17,0
"MAPKAPK5-AS1",0,0.295991517605983,0.259,0.164,0
"C18orf25",0,0.320241346338471,0.257,0.162,0
"YBX1",0,0.43877248020235,0.873,0.778,0
"ZMYM5",0,0.268861886549151,0.286,0.191,0
"ABCF2",0,0.251960445811781,0.277,0.183,0
"ZZEF1",0,0.257012381717529,0.278,0.184,0
"IL4R",0,0.431889833304941,0.262,0.168,0
"GRWD1",0,0.26060505236697,0.255,0.161,0
"PES1",0,0.492901428944405,0.258,0.164,0
"HMGB1",0,1.79337515699499,0.97,0.876,0
"UIMC1",0,0.276184043907474,0.276,0.183,0
"SLC25A46",0,0.29499696291812,0.253,0.16,0
"CERS6",0,0.259185413069261,0.282,0.189,0
"RCOR1",0,0.391101250450754,0.29,0.197,0
"GTF3C3",0,0.281326992557047,0.267,0.175,0
"NOP14",0,0.364273881178007,0.278,0.186,0
"NOL10",0,0.26491619637769,0.261,0.169,0
"THAP4",0,0.279378978334735,0.259,0.167,0
"SUMO2",0,0.656049645868157,0.85,0.758,0
"MRPS17",0,0.279572257584792,0.254,0.163,0
"HNRNPA1",0,0.320767993765683,0.908,0.819,0
"PKP4",0,0.265268714358398,0.267,0.178,0
"CHCHD2",0,0.679939339400348,0.862,0.773,0
"SFXN4",0,0.386897716713654,0.252,0.164,0
"PPIA",0,0.733960101311426,0.912,0.826,0
"TMBIM6",0,0.287166826072642,0.848,0.767,0
"HLA-E",0,0.316492906666642,0.935,0.857,0
"CFL1",0,0.890675719332197,0.921,0.844,0
"MYL12A",0,0.483093804137568,0.869,0.792,0
"NDUFA4",0,0.261965408289774,0.81,0.735,0
"HNRNPA2B1",0,0.774090453025764,0.966,0.894,0
"DYNLL1",0,0.321157054344901,0.829,0.757,0
"OAZ1",0,0.405212650041057,0.902,0.836,0
"GAPDH",0,0.763279009327404,0.954,0.894,0
"UBL5",0,0.255099477826713,0.822,0.764,0
"ATP5L",0,0.470179400420847,0.85,0.796,0
"MYL12B",0,0.296781150905507,0.854,0.801,0
"HLA-C",0,0.673112819598392,0.95,0.898,0
"CALM1",0,0.592210456538742,0.892,0.842,0
"HLA-B",0,0.482737345112305,0.964,0.918,0
"MYL6",0,0.294223932570647,0.932,0.889,0
"TMA7",0,0.257969583210528,0.864,0.832,0
"HLA-A",0,0.588456618878837,0.97,0.941,0
"ACTG1",0,0.575603437971469,0.932,0.904,0
"PTMA",0,0.897608690960502,0.983,0.957,0
"H3F3A",0,0.437035678330219,0.921,0.896,0
"ATP5E",0,0.344019797455522,0.899,0.875,0
"ACTB",0,0.817274290931885,0.963,0.949,0
"B2M",0,0.284231795779346,0.994,0.983,0
"TMSB4X",0,0.421858030880299,0.983,0.98,0
"ZNF292",2.22044604925031e-16,0.28875243123772,0.613,0.475,4.95625762653162e-12
"GOLIM4",2.22044604925031e-16,0.269305171314577,0.403,0.296,4.95625762653162e-12
"TBRG4",2.22044604925031e-16,0.26408897838824,0.296,0.202,4.95625762653162e-12
"OGFOD3",2.22044604925031e-16,0.252372932699045,0.298,0.206,4.95625762653162e-12
"MRTO4",4.44089209850063e-16,0.313852173982812,0.354,0.257,9.91251525306325e-12
"CCNG2",4.44089209850063e-16,0.255451125793605,0.322,0.227,9.91251525306325e-12
"ENDOD1",4.44089209850063e-16,0.258408719822067,0.321,0.226,9.91251525306325e-12
"HECTD4",4.44089209850063e-16,0.323094940952426,0.254,0.167,9.91251525306325e-12
"GSK3B",6.66133814775094e-16,0.267156532988435,0.327,0.23,1.48687728795949e-11
"GNL2",6.66133814775094e-16,0.349960524016812,0.321,0.226,1.48687728795949e-11
"ORAI2",1.33226762955019e-15,0.253415554431366,0.31,0.217,2.97375457591897e-11
"LATS1",1.33226762955019e-15,0.299511594246598,0.274,0.184,2.97375457591897e-11
"ENDOG",1.33226762955019e-15,0.350811252836173,0.274,0.189,2.97375457591897e-11
"EDRF1",1.33226762955019e-15,0.292612287307944,0.257,0.173,2.97375457591897e-11
"NPIPB5",1.33226762955019e-15,0.472487146461103,0.254,0.172,2.97375457591897e-11
"MAP4K4",1.55431223447522e-15,0.278478701092075,0.468,0.356,3.46938033857214e-11
"ANKRD26",1.99840144432528e-15,0.251476872616017,0.304,0.21,4.46063186387846e-11
"WDFY2",2.88657986402541e-15,0.320501062009799,0.263,0.178,6.44313491449111e-11
"RCOR3",3.10862446895044e-15,0.345590767491943,0.325,0.23,6.93876067714427e-11
"TRAPPC11",3.5527136788005e-15,0.294735387888387,0.256,0.173,7.9300122024506e-11
"ARGLU1",6.88338275267597e-15,0.265798904881786,0.851,0.705,1.5364398642248e-10
"ISOC2",7.32747196252603e-15,0.28892839282865,0.416,0.314,1.63556501675544e-10
"CDC16",7.99360577730113e-15,0.279677688429063,0.333,0.235,1.78425274555138e-10
"MAU2",2.39808173319034e-14,0.254765871880964,0.258,0.176,5.35275823665415e-10
"LARP1B",2.66453525910038e-14,0.350343481973685,0.252,0.171,5.94750915183795e-10
"GNPNAT1",3.08642000845794e-14,0.316352803061476,0.263,0.181,6.88919810087896e-10
"CUL4A",4.75175454539567e-14,0.251612561885965,0.298,0.209,1.06063913207777e-09
"SPPL2B",4.9960036108132e-14,0.372577362319822,0.271,0.189,1.11515796596962e-09
"RBM6",5.55111512312578e-14,0.250638809440478,0.597,0.462,1.23906440663291e-09
"STT3A",1.65201186064223e-13,0.348187045814905,0.354,0.267,3.68745567413953e-09
"SPATS2",4.07229805432507e-13,0.304092145436545,0.329,0.241,9.089776487059e-09
"PDCD11",4.97601959636995e-13,0.250704270252391,0.253,0.174,1.11069733410574e-08
"UBE2F",8.68327632019827e-12,0.257416420615805,0.357,0.27,1.93819410743146e-07
"ITM2C",1.3520740083095e-11,0.418154043683753,0.417,0.342,3.01796439394764e-07
"PIP5K1A",2.36493047367503e-11,0.314719001233659,0.27,0.196,5.27876131029004e-07
"DAPK3",2.69113620277039e-11,0.307720351066589,0.251,0.178,6.0068851182038e-07
"GPAT4",8.81610340286443e-11,0.272176643568334,0.269,0.195,1.96784244055337e-06
"MACF1",8.95010732193668e-11,0.250736468658304,0.79,0.657,1.99775345532949e-06
"CCDC88A",9.27897758629115e-11,0.625096378845392,0.35,0.274,2.07116058703605e-06
"HSP90B1",9.32935950714864e-11,0.383931986453107,0.798,0.705,2.08240633559065e-06
"NT5DC2",7.48033412989457e-10,0.387415244374021,0.292,0.226,1.66968538113377e-05
"AKAP11",1.1401659616439e-09,0.342540990267827,0.32,0.245,2.54496444298535e-05
"PPME1",1.26560228963513e-09,0.278572182121458,0.252,0.186,2.82495087069456e-05
"SRM",3.93810783982929e-09,0.26102141982373,0.481,0.403,8.79025050928295e-05
"PTMS",9.84988202112902e-09,0.330058034673791,0.706,0.645,0.000219859216593621
"TUBB6",0.985065521197001,0.440023645546354,0.249,0.261,1
